Client ID,Client Code,Client Name,Owner Name,State,City,Address,Email,Phone,Pin Code,latitude,longitude
19557,BKS03137,JYOTHI BOOK STALL,,Andhra Pradesh,Anantapur,"NEAR HEAD POST OFFICE, NEW TOWN, ANANTAPUR--515001 (ANDHRA PRADESH )",,,,,
15150,BKS02875,JYOTHI BOOK DEPOT,mr ravi kumar,Andhra Pradesh,Anantapur,"SUBHASH ROAD , NEAR HEAD POST OFFICE",,9849274962,515001,,
14934,BKS02660,S.L.V BOOK DISTRIBUTORS,,Andhra Pradesh,Anantapur,"NEAR SAPTHAGIRI CIRCLE, BESIDE OF LALITHA KALA PARISATH",,,515001,,
14936,BKS02662,SREE VIDYA BOOK STALL,,Andhra Pradesh,Anantapur,"OPP. K.S.R. GOVT. GIRLS COLLEGE, SHOP NO-16, M.P.L. COMPLEX",,,515001,,
14938,BKS02664,SRI VANI BOOK STORES,MR SREE DHAR,Andhra Pradesh,Anantapur,"B-71, BESIDE SANTHI THEATRE, NEAR TOWER CHOWK SUBHASH",,,515001,,
14930,BKS02656,BALAJI BOOK STALL & DISTRIBUTORS,,Andhra Pradesh,Anantapur,"13-2-445, NEAR POST OFFICE , R.C NAGAR, NEW TOWN, ANANTAPUR--515001 ( ANDHRA PRADESH )",,,,,
14932,BKS02658,JYOTHI BOOK STALL,,Andhra Pradesh,Anantapur,"8/100, SUBHASH ROAD, NEAR HEAD POST OFFICE, NEW TOWN, ANANTAPUR--515001 ( ANDHRA PRADESH )",,,,,
14933,BKS02659,PADMA BOOK STALL,,Andhra Pradesh,Anantapur,"GEETHA MANSION, NEAR CLOCK TOWER",,,515001,,
14931,BKS02657,HARSHA BOOK SHOP,MR SREENATH B.V,Andhra Pradesh,Anantapur,"SHOP NO-64, RAGHUVEERA TOWERS,SUBHASH ROAD",,9848030080,515001,,
14929,BKS02655,ANU BOOK CENTRE,,Andhra Pradesh,Anantapur,"NEAR S.R.S. LODGE OPP. OLD SATYAM CITY, SCANING CENTER",,,515001,,
14937,BKS02663,SREE BOOK STALL,MR SREENIVAS,Andhra Pradesh,Anantapur,NEAR TOWER CLOCK,,,515001,,
14935,BKS02661,SARADA BOOK STORES,,Andhra Pradesh,Anantapur,SUBHASH ROAD,,,515001,,
14939,BKS02665,RAMMURTHY NAIDU DISTRIBUTORS,MR RAMMURTHY NAIDU,Andhra Pradesh,Dharmavaram,"H.NO-29-348, MARUTHI, NAGAR, DHARMAVARAM",,,515671,,
14940,BKS02666,GANESH BOOK SELLER,,Andhra Pradesh,Guntakal,RAILWAY STATION ROAD,,8522228099,515801,,
14941,BKS02667,LINGA MOORTHI BOOK STALL,MR LINGA MOORTHY,Andhra Pradesh,Guntakal,MAIN ROAD,,8552228099,515801,,
14942,BKS02668,VENKATESHWARA BOOK DEPOT,,Andhra Pradesh,Hindupur,"16-6-4, NUT BAZAR, HINDUPUR",,,515201,,
14943,BKS02669,K.C. BALATHIMMAIAH BOOK STALL,,Andhra Pradesh,Tadpatri (Tadipatri),"C.B ROAD, TADAPATRI -515419, DISTT. ANANTAPUR, ANDHARA PRADESH",,,,,
14945,BKS02671,PADMASRI & COMPANY,,Andhra Pradesh,Chittoor,"CHURCH ROAD, CHITTOOR",,,517001,,
14946,BKS02672,PRAGATHI BOOK CENTRE,,Andhra Pradesh,Chittoor,"18-764 , CHURCH STREET, CHITTOOR",,226326,517001,,
14947,BKS02673,NEW SARASWATHI BOOK CENTRE,MR. MANJUNATH,Andhra Pradesh,Kuppam,"NETAJI ROAD, OLDPET, KUPPAM",,,517425,,
14948,BKS02674,M.D. BOOKS & STATIONERY EMPORIUM,,Andhra Pradesh,Madanapalle,"77/18, APPA RAO STREET, MADANAPALLE",,,517325,,
14949,BKS02675,NEW VIDYARTHI BOOK LINKS,,Andhra Pradesh,Madanapalle,"XI/322, NEHRU BAZAR , MADANAPALLE",,8571223477,517325,,
14950,BKS02676,PANDU GENERAL SOTRES,,Andhra Pradesh,Madanapalle,"18, MMC ROOMS, CTM ROAD",,,517325,,
14951,BKS02677,RAMAKRISHNA BOOK DEPOT,,Andhra Pradesh,Madanapalle,"VIII/184-185, SHASTRY STREET ,",,8571228256,517325,,
14952,BKS02678,SRI RAGHAVENDRA BOOK CENTRE,,Andhra Pradesh,Madanapalle,"KADIRI ROAD,MADANAPALLE",,,517325,,
14953,BKS02679,STUDENTS EMPORIUM,,Andhra Pradesh,Madanapalle,"MADANAPALLE, CHITTOOR",,8571262137,517325,,
14954,BKS02680,STUDENTS BOOK TRADERS,,Andhra Pradesh,Madanapalle,"N0.-15, MUINCIPAL ROOMS , C.T.M. ROAD",,,517325,,
14957,BKS02683,ADITYA BOOK CENTRE,MR. S.V. RAO,Andhra Pradesh,Tirupati,"101/5, PRAKASHAM ROAD, TIRUPATI",,8772228653,517501,,
14958,BKS02684,S V BOOK LINKS,MR. P.V. NARAYANA,Andhra Pradesh,Tirupati,"TIRUPATI, CHITTOOR",,9966238567,517001,,
14959,BKS02685,S.V.B. BOOK LINKS,MR. NARASIMHA RAO,Andhra Pradesh,Tirupati,"PRAKASAM ROAD, TIRUPATI",,,517501,,
14960,BKS02686,S.V. BOOK CENTER,MR. NARAYANA,Andhra Pradesh,Tirupati,"PRAKASAM ROAD, TIRUPATI",,,517501,,
14961,BKS02687,SRI VENKATESHWARA BOOK DEPOT,MR. P. MADHUSUDHAN RAO,Andhra Pradesh,Tirupati,"OPP. S.N. HIGH SCHOOL, PRAKASHAM ROAD",,8772240044,517502,,
14962,BKS02688,SRI BOOKS DISTRIBUTORS,MR JANARDHNA,Andhra Pradesh,Tirupati,"1-5-565, 1ST STREET , BESIDE STATE BANK OF MYSORE, BALAJI COLONY, TIRUPATI",,,517502,,
14963,BKS02689,YOGA PRABHA PUBLICATIONS,MR. G. SUDHKAR,Andhra Pradesh,Tirupati,"PRAKASHAM ROAD, TIRUPATI,",,8772227346,517501,,
19565,BKS03145,"S.V. BOOK LINKS,",,Andhra Pradesh,Tirupati,"PRAKASHAM ROAD, TIRUPATI-517507, DISTT. CHITOOR",,,,,
14964,BKS02690,BALAJI BOOK STALL,MR MADHU,Andhra Pradesh,Badvel,MYDUKUR ROAD,,,516227,,
14965,BKS02691,VENKATESWARA BOOK STALL,MR VENKATESWARLU,Andhra Pradesh,Badvel,MYDUKUR ROAD,,,516227,,
14970,BKS02696,SRI KRISHNA BOOK CENTRE,MR N. KRISHNA,Andhra Pradesh,Jammalamadugu,18/26-2 TADIPATRI ROAD,,9440094073,516434,,
16202,BKS02922,Udaya Book Links,,Andhra Pradesh,Kadapa (Cuddapah),"Door No 5/275, Brahmin Street,, Opp. Raghavendra Swamy Temple Cuddapah-516002 (Andhra Pradesh )",,,,,
16201,BKS02921,M/S Sri Hari Traders,Mr. Hari Prasad Gontla,Andhra Pradesh,Proddatur,"Gandhi Road, Proddatur",,9848018193,516360,,
14971,BKS02697,SRI HARI TRADERS,,Andhra Pradesh,Proddatur,"6-844, GANDHI ROAD, PRODDATUR - 516360, DISTT. CUDDAPH, ANDHRA PRADESH",,,,,
14972,BKS02698,SREE GANESH BOOK HOUSE,MR R. ANJANEYA GUPTA,Andhra Pradesh,Proddatur,"12-119, LIGHT PALEM CENTRE",,8564343951,516360,,
14973,BKS02699,SOWDHARIYA BOOK CENTRE,MR. ARCHARULU,Andhra Pradesh,Amalapuram,"NEAR Z. P. SCHOOL, AMALAPURAM",,,533201,,
14974,BKS02700,SRI RAVI BOOK CENTRE,,Andhra Pradesh,Amalapuram,HIGH SCHOOL ROAD,,,533201,,
14975,BKS02701,SRI RAJESHWARI BOOK STALL,"MR.SURI BABU, & MR. K. C. SURYAKUMAR",Andhra Pradesh,Amalapuram,OPP. ZP BOYS HIGH SCHOOL,,8816231897,533201,,
14976,BKS02702,SRI LAXMI SRINIWASA GENERAL STORES,MR. SATYA BABU,Andhra Pradesh,Amalapuram,"OPP. I.O.B , AMALAPURAM",,8856238192,533201,,
14977,BKS02703,VISHALANDHRA GENERAL STORES,MR. VENU GOPAL,Andhra Pradesh,Amalapuram,"OPP. S.B.I., K.AGRAHARAM",,,533201,,
14979,BKS02705,BALAJI BOOK CENTRE,,Andhra Pradesh,Kakinada,"COLLEGE ROAD, KAKINADA",,,533001,,
14980,BKS02706,HIMANSU BOOK TRADERS,,Andhra Pradesh,Kakinada,SUNDER PLAZA,,,533001,,
14981,BKS02707,PRAKASH BOOK DEPOT,,Andhra Pradesh,Kakinada,"SUNDER PLAZA , MASJID JUNCTION",,88562673668,533001,,
14982,BKS02708,SRI VENKATESHWARA BOOKS CENTRE,,Andhra Pradesh,Kakinada,"SURYARAOPETA, MAIN ROAD",,,533001,,
14983,BKS02709,SUDHITA BOOK CENTRE,MR. KIRAN,Andhra Pradesh,Kakinada,"D.NO. 54-5-1, SIVALAYAM STREET, JAGANNAICKPUR, COLLEGE ROAD",,88565590290,533002,,
14984,BKS02710,TAPASWI BOOK POINT,MR. RAVI KUMAR,Andhra Pradesh,Kakinada,"GANGARAJU NAGAR, ROAD NO-4,",,,533001,,
14985,BKS02711,AYYAPPA BOOK SHOP,MR. A. RAJESH,Andhra Pradesh,Pithapuram,"NEAR VEGATABLE MARKET MARKET , SANY ASIRALLU TEMPLE, MAIN ROAD",,,533450,,
14986,BKS02712,SRI NUVASA BOOK STATIONARY,,Andhra Pradesh,Pithapuram,"CHRGE CENTER, PITHAPURAM",,8669255055,533450,,
14987,BKS02713,ANDHRA BOOK STALL,,Andhra Pradesh,Rajahmundry,"MAIN ROAD, RAJAHMUNDRY",,,533101,,
14988,BKS02714,ANDHARA BOOKS & SATIONARY,MR. SUBBA RAO,Andhra Pradesh,Rajahmundry,MAIN ROAD RAJAHMUNDRY,,,533101,,
14989,BKS02715,VISHALANDHRA GENERAL STORES,,Andhra Pradesh,Rajahmundry,"DEVI CHOWK, RAJHAMUNDRY",,8669471504,533104,,
14990,BKS02716,SRIMANIKANTA BOOK CENTRE,,Andhra Pradesh,Rajahmundry,"MAIN ROAD, RAJAHMUNDRY",,86692462507,533101,,
14991,BKS02717,MANIKANT BOOK SHOP,MR. RAMAKRISHNA,Andhra Pradesh,Rajahmundry,"MAIN ROAD, RAJAHMUNDRY",,,533101,,
14992,BKS02718,VASISTA BOOK CENTER,MR. J.N.K. SRINIVASU,Andhra Pradesh,Rajahmundry,"46-21-1, OPP. GODAVARI GRAMIN BANK",,8832436448,533201,,
14995,BKS02721,APSARA BOOK STALL,,Andhra Pradesh,Bapatla,"RADHAM BAZAR, BAPATLA, GUNTUR",,,522002,,
14996,BKS02722,HANUMAN BOOK CENTRE,,Andhra Pradesh,Chilakaluripet,"MAIN ROAD, CHILAKALURIPET",,,522616,,
14997,BKS02723,CAMEL BOOK DEPOT,MR. BALA SUBRAMANYAM,Andhra Pradesh,Guntur,"65/66,MANI ROAD, PENDLA COMPLEX , NEAR LALAPET POLICE STATION, GUNTUR",,8632320166,522003,,
14998,BKS02724,"VIJAY , HARSHA BOOK DEPOT",MR VIJAY KUMAR,Andhra Pradesh,Guntur,"ARUNDAL, PET 1ST LANE, GUNTUR",,9703222257,522002,,
14999,BKS02725,LAXMI SRINIVASA BOOK AGENCY,MR. HANUMA KUMAR,Andhra Pradesh,Guntur,"J.P. ROAD PIDUGURALA, GUNTUR",,,522001,,
15000,BKS02726,SAKETH BOOKS & STATIONERY,MR. G.V. HANUMANTH RAO,Andhra Pradesh,Guntur,SHOP NO--17 MUNICIPAL COMPLEX REPALLE,,9866280680,522265,,
15001,BKS02727,SRI BALAJI BOOK HOUSE,MR. RAMANA,Andhra Pradesh,Guntur,"4/2, ANUDAI PET, GUNTUR",,,522002,,
15002,BKS02728,SREE VENKATRAMA BOOK DEPOT,MR. P. NARAYANA MURTHY,Andhra Pradesh,Guntur,"39, MAIN ROAD, GUNTUR",,8632472208,522003,,
15003,BKS02729,SUNNY BOOK DEPOT,,Andhra Pradesh,Guntur,"D.NO. 22-1-60, MAIN ROAD, LALAPET, GUNTUR",,8632322352,522003,,
15004,BKS02730,VAISAVI BOOK CENTRE,,Andhra Pradesh,Guntur,"J.K.C. COLLEGE ROAD, GUNTUR",,,522003,,
15005,BKS02731,VINAYAKA BOOK DEPOT,,Andhra Pradesh,Guntur,"SC COMPLEX , SHOP NO. 13,RDO OFFICE, STATION ROAD, GUNTUR",,,522001,,
15010,BKS02736,SRI HARSHA BOOK DEPOT,,Andhra Pradesh,Guntur,"3-6-1, RAJA RAJESWARIPURAM SWAMI THETRE BACKSIDE, NEAR R.T.O. OFFICE , OLD PATTABHIPURAM, GUNTUR--522006, ( ANDHRA PRADESH )",,,,,
15006,BKS02732,ANUPAMA BOOK STALL,MR. SUDHAKAR REDDY,Andhra Pradesh,Mangalagiri,"ATMAKUR VILLAGA, MANGALAGIR MANDAL",,,522003,,
15007,BKS02733,SRINIVASA VARIETY FANCIES,,Andhra Pradesh,Narasaraopet,"STATION ROAD, NARSARAOPET",,,522601,,
15008,BKS02734,SRINIVASA BOOKS AND STATIONARY,,Andhra Pradesh,Narasaraopet,"TOWN CHURCH ROAD, NARASARAO PET, NARASARAOPET",,9849500867,522004,,
15009,BKS02735,VAMSEEI BOOK & STATIONERY,MR. HANUMANTHA RAO,Andhra Pradesh,Narasaraopet,"OPP. MRO OFFICE, NARSAOPETA",,8647229449,522601,,
19564,BKS03144,SRI LAKSHMI BOOKS AGENCY,,Andhra Pradesh,Piduguralla,"JANPADU ROAD, PIDUGURALLA -511413, DISTT. GUNTUR, (ANDHARA PRADESH )",,,,,
15011,BKS02737,BEST BOOK CENTRE,,Andhra Pradesh,Ponnur,"S.P.P. ROAD, PONNUR",,,522124,,
15012,BKS02738,JAYCE BOOK LINK,MR. VENKAT REDDY,Andhra Pradesh,Tenali,"22-11-54, BOSE ROAD, TENALI",,8644227495,522201,,
15015,BKS02741,SRI RADHA KRISHNA BOOK CENTRE,,Andhra Pradesh,Gudivada,MAIN ROAD,,,521301,,
15016,BKS02742,VANAMALA ENTERPRISES,MR SRINIVASA RAO,Andhra Pradesh,Gudivada,C/O K.K.R. GOTHAM CONCEPT SCHOOL SHANTHI NAGAR BYE PASS ROAD,,,521301,,
15020,BKS02746,MINERVA BOOK STALL,,Andhra Pradesh,Machilipatnam,MARKET ROAD,,,521001,,
15021,BKS02747,BALAJI BOOK STALL,,Andhra Pradesh,Nuzvid,NEAR CHINA GANDHI BOMMA LANE,,,521201,,
15023,BKS02749,VIJAYA SAI BOOK CENTRE,MR D.V.S. PRASAD,Andhra Pradesh,Vijayawada,NEAR SONO VISION. ELURU ROAD,,86666275554,520002,,
15024,BKS02750,ACME SCHOOL NEEDS,,Andhra Pradesh,Vijayawada,"11-19-15, POOLABHAVI STREET",,,520001,,
15025,BKS02751,ACME SCHOOL NEEDS,MR KOTASHWAR RAO,Andhra Pradesh,Vijayawada,"41-1-141, SANKAR RAO STREET BESIDE SBIKRISHNA LANKA",,8662521905,520013,,
15026,BKS02752,ASHOK BOOK CENTRE,MR D. ASHOK KUMAR,Andhra Pradesh,Vijayawada,OPP. MARIS STELLA COLLEGE,,2476966,520008,,
15027,BKS02753,CITY BOOK LINKS,,Andhra Pradesh,Vijayawada,"OPP. SONOVISION , MUSEUM ROAD, CORNER ELURU ROAD",,433226,520002,,
15028,BKS02754,EXCEL BOOK& STATIONERY,,Andhra Pradesh,Vijayawada,"40-5-19, ODD SISSHARATH ART & SCIENCE COLLEGE, BESIDE NAVATA TRANSPORT MUGHLRAJPURAM",,8666581242,520010,,
15029,BKS02755,NATRAJ BINDING WORKS,,Andhra Pradesh,Vijayawada,"11-25-99, MAIN BAZAR",,421567,520001,,
15030,BKS02756,NAVAJEEVAN BOOK LINKS,,Andhra Pradesh,Vijayawada,MUSEUM ROAD,,,520002,,
15031,BKS02757,SAHITHY NAVAJEEVAN BOOK LINKS,,Andhra Pradesh,Vijayawada,MUSEUM ROAD,,434118,520002,,
15032,BKS02758,SABOO ENTREPRISES,MR SABBIR AHMED,Andhra Pradesh,Vijayawada,KASTURI APPT. SHOP. NO-4 BRINDAVAN COLONY,,,520010,,
15033,BKS02759,SRINIVASA PAPER STATIONERY MART,,Andhra Pradesh,Vijayawada,"40-5-19/18, SRI VENKATESHWARA NILAYAM MOGALARAJAPURAM",,866472229,520010,,
15034,BKS02760,SRI VENKATESHWARA BOOK DEPOT,,Andhra Pradesh,Vijayawada,"KOTHA PETA, KANDULAVARI STREET",,,520001,,
15035,BKS02761,SREE VIDYA BOOK DEPOT,MR VENKATESWARA RAO,Andhra Pradesh,Vijayawada,"28-1-1, FIRST FLOOR, GOVERNOR PET",,,,,
15036,BKS02762,SRI VYSHNAVI BOOKS & STATIONERY,MR DILEEP,Andhra Pradesh,Vijayawada,"40-5-19/17A, NEAR PB SIDHARTHA ARTS COLLEGE MOGHALRAJPURA",,8666556567,520010,,
15037,BKS02763,STUDENT BOOK DEPOT,MR RAJAN,Andhra Pradesh,Vijayawada,"BESIDE NIRMALA HIGH SCHOOL, PATMATA",,,520010,,
15038,BKS02764,S.V.R.K. BOOKS,,Andhra Pradesh,Vijayawada,"33-26-148/1, BACK SIDE OF SUNRISE HOSPITAL CHALAMALAVARI STREET KASTURBAIPET, VIJAYAWADA--520010, DISTT. KRISHNA ( ANDHRA PRADESH )",,,,,
15039,BKS02765,THE STUDENTS BOOK POINT,,Andhra Pradesh,Vijayawada,"NIRMALA HIGH SCHOOL, ADMINISTRATIVE BLOCK, PATAMATA",,470595,520010,,
15040,BKS02766,SRI VIKAS BOOK CENTRE,,Andhra Pradesh,Vijayawada,"D.NO. 20-23, MAHENDRA NAGAR GOLAPUDI, VIJAYAWADA-521225, DISTT. KRISHNA (ANDHRA PRADESH )",,,,,
15041,BKS02767,VIKAS BOOK STALL,MR PRASAD RAO,Andhra Pradesh,Vijayawada,ONE TOWN,,,,,
15042,BKS02768,VKML BOOKS CENTER (W) - VIJAYAWADA,,Andhra Pradesh,Vijayawada,"30-16-17/1, SEETHARAMPURAM, BEHIND UNION BANK,VIJAYAWADA - 520002",,,,,
15043,BKS02769,V.R. ENTREPRISES,,Andhra Pradesh,Vijayawada,"D.NO-27-18-63, IST FLOOR, OPP. ANDHRA RATNA BHAWAN CONGRESS OFFICE ROAD, GOVERNORPET",,,520002,,
21936,BKS03309,V.K.M.L,MR SRAVAN,Andhra Pradesh,Vijayawada,"30-14-7, ELURU ROAD, KOTHA VANTEENA, HANUMAN TEMPLE OPP LANE, DURGA AGRAHARAM",,9966639957,520002,,
15045,BKS02771,GURU ANUGRAHA BOOK SELLERS,MR HANUMANTH RAO,Andhra Pradesh,Adoni,"GOWLIPET, BOYAGERI",,,518302,,
15046,BKS02772,VIKRAM BOOK CENTRE,,Andhra Pradesh,Adoni,"SHOP NO. 03, MAIN ROAD",,,,,
15151,BKS02876,SRI SHIRIDI SAI BOOK DEPOT,mr seshu,Andhra Pradesh,Kurnool (incl. Kallur),NEAR OLD BUS STAND,,9848220610,518002,,
15058,BKS02784,BHAGVAN BOOK STORES,,Andhra Pradesh,Nandyal,BYRMAL STREET,,,518501,,
15059,BKS02785,LAKSHMI BOOK STORE,,Andhra Pradesh,Nandyal,BYRMAL STREET,,,518501,,
15060,BKS02786,MADHU TRADERS BOOK & STATIONERS,MR MADHU KIRAN,Andhra Pradesh,Nandyal,BYRMAL STREET,,8514221779,518501,,
15061,BKS02787,P.V AGENCY,MR SREENIVAS,Andhra Pradesh,Nandyal,SANJEEV NAGAR,,9573555480,518501,,
15062,BKS02788,SRI KRISHNA TRADERS,MR B. SRINATH,Andhra Pradesh,Nandyal,"H.NO 2/138A, N.K ROAD, KALPANA CENTRE",,243589,518501,,
15063,BKS02789,PADHAMA BOOK STALL,MR HARI,Andhra Pradesh,Yemmiganur,YEMMIGANUR,,,518360,,
15064,BKS02790,S.V. BOOK LINKS,"MR. CHINA, MR. NARSHIMA RAO",Andhra Pradesh,Gudur,"D.NO17-1-337, OPP. MAYURI RESTAURENT TRUNK, GUDUR",,9866106761,524001,,
15065,BKS02791,ARUNA BOOK STALL,MR. SUBBA RAO,Andhra Pradesh,Nellore,"17/304, TRUNK ROAD, NELLORE",,2324406,524001,,
15066,BKS02792,CHANDANA BOOK HOUSE,MR. CHANDRA SHEKAR,Andhra Pradesh,Nellore,"23/ 1259, AKKANAVARI STREET , RYTU MARKET, FATHEKHANPET",,,524001,,
15067,BKS02793,NEW ANIL BOOK CENTRE,,Andhra Pradesh,Nellore,"SRI SARASWATHI NILAYAM , IST FLOOR, AMARJEEVI PINAKINI SUPER MARKET , TRUNK ROAD",,,524001,,
15068,BKS02794,NEW VENKATARAMA & CO.,MR. SATYANARAYANA,Andhra Pradesh,Nellore,"TRUNK ROAD, NELLORE",,,524001,,
15069,BKS02795,SREE RAMA STUDENTS EMPORIUM,MR.Y. RAJSEKHAR YADALA,Andhra Pradesh,Nellore,"TRUNK ROAD, NELLORE",,8612324706,524001,,
15070,BKS02796,SRI SAI RAGHAVENDRA,,Andhra Pradesh,Nellore,"SAI RAGHAVENDRA COMPLEX, IST FLOOR, 17/386, DANDUVARI STREET",,861301241,524001,,
15071,BKS02797,SRI VENKATARAMANA BOOK DEPOT,MR. SATYANARAYANA,Andhra Pradesh,Nellore,"TRUNK ROAD, NELLORE",,,524001,,
15072,BKS02798,S.V.S. BOOKS CENTRE,MR. B. KIRAN KUMAR,Andhra Pradesh,Nellore,"16/1059, BESIDE RELIANCE WEB WORLD, TRUNK ROAD,",,8612346818,524001,,
15073,BKS02799,KALYANA VENKATESWARA BOOK STALL,MRS. NIRMALA,Andhra Pradesh,Venkatagiri,BOPPAPURAM VENKATAGIRI,,,524001,,
15074,BKS02800,SRI LAKSHMI BOOKS STORES,MR AMAR CHAND,Andhra Pradesh,Chirala,DURBAR ROAD,,230586,523155,,
15076,BKS02802,PADMAVATHI BOOK DEPOT,,Andhra Pradesh,Ongole,OPP. KAPU KALYANAMANDAPAM,,,523001,,
15077,BKS02803,RAJA RAJESHWARI BOOK HOUSE,MR M. HARI,Andhra Pradesh,Ongole,"CHIMAKURTHY EYE HOSPITAL ROAD, KURNOOL ROAD",,234274,523002,,
15078,BKS02804,VENKATESHWAR BOOK CENTRE,,Andhra Pradesh,Ongole,"BESIDE SRI BALA VENKATESHWARA MEDICAL STORE, ANJAH ROAD",,,523002,,
15079,BKS02805,IPPILI CHITTIBABU STUDENT`S EMPORIUM,,Andhra Pradesh,Srikakulam,"POLICE SHOPPING COMPLEX NO--1, PETROMAX, SRIKAKULAM (ANDHRA PRADESH )",,,,,
15080,BKS02806,SRI SRINIVASA STUDENT EMPORIUM,MR. SREEDHAR,Andhra Pradesh,Srikakulam,"NEAR S.V.TALKIES, K.T. ROAD, PLASA",,,532221,,
15094,BKS02820,J.B.D EDUCATIONAL P.V.T L.T.D,,Andhra Pradesh,Visakhapatnam[Vishakhapatnam],"30-05-01, 2ND FLOOR, DABAGARDENS, VISAKHAPATNAM-530020 (ANDHRA PRADESH )",,,,,
15085,BKS02811,DEEPTHI BOOK DISTRIBUTORS,,Andhra Pradesh,Visakhapatnam[Vishakhapatnam],"24-105-6/2, CHINNAGANTYADA, KANITHI ROAD, VISHAKHAPATNAM-530026",,,,,
15086,BKS02812,DEEPTHI BOOK DEPOT,,Andhra Pradesh,Visakhapatnam[Vishakhapatnam],"OPP. S.F.S. SCHOOL, KANTHI ROAD, GAJUWAKA, VISAKHAPATNAM -(ANDHRA PRADESH )",,,,,
15102,BKS02828,P.V. AGENCIES,,Andhra Pradesh,Visakhapatnam[Vishakhapatnam],"48-7-29,F-2, ANJANA MANSIONS RAMA TALKIES,OLD VEG. MAGKET ROAD, SRINAGAR, VISAKHAPATNAM--530016 (ANDHRA PRADESH )",,,,,
15089,BKS02815,GUPTA BROTHERS BOOKS (W),,Andhra Pradesh,Visakhapatnam[Vishakhapatnam],"47-13-10, IST FLOOR, DWARAKANAGAR, VISAKHAPATNAM-530016 (ANDHRA PRADESH )",,,,,
15170,BKS02893,HIMAMSU BOOK DEPOT.,,Andhra Pradesh,Visakhapatnam[Vishakhapatnam],"RAMRAJU TOWERS, REDNAM GARDENS, OLD JAIL ROAD, VISAKHAPATNAM (ANDHRA PRADESH )",,,,,
15171,BKS02894,VKML BOOKS,,Andhra Pradesh,Visakhapatnam[Vishakhapatnam],"LIG-67, H.B.COLONY, VISHAKHAPATNAM--530022 (ANDHRA PRADESH )",,,,,
16194,BKS03190,REPEAT,,Andhra Pradesh,Visakhapatnam[Vishakhapatnam],VSP,,,,,
15128,BKS02854,J.C. BOOK DEPOT,,Andhra Pradesh,Bhimavaram,"TALUQ OFFICE ROAD, BHIMAVARAM",,,534203,,
15129,BKS02855,K.C. BOOK DEPOT,,Andhra Pradesh,Bhimavaram,"MAIN ROAD, BHIMAVARAM",,,534201,,
15130,BKS02856,SRI RAJESHWARI BOOK DEPOT,,Andhra Pradesh,Bhimavaram,"OPP. TALUQ OFFICE, BHIVARAM",,,534203,,
15131,BKS02857,LAKSHMI NIVASA BOOK HOUSE,,Andhra Pradesh,Eluru,"3A-12-26, NUNNAVARI STREET, NR. HEAD P.O. ELURU.",,,534001,,
15132,BKS02858,P.N.R. BOOK POINT ( LAKSHMI NEVASA BOOK HOUSE),MR. CHANDRASHEKHAR,Andhra Pradesh,Eluru,"NO. 3-A-12-26, NUNNAVARI STREET, NEAR GPO, ONE TOWN, MAIN BAZAR",,8812232775,534001,,
15133,BKS02859,SRI LAKSHMI GANAPATHI BOOKS STORES,MR. M. VVS MURTHY,Andhra Pradesh,Kovvur,"MAIN ROAD, KOVVUR",,,534001,,
21958,BKS03330,Murthy General Stores,Mr Bhanu,Andhra Pradesh,Palacole (Palakollu),Palakollu,,9959223411,534260,,
21983,BKS03353,Sinha Books,0,Bihar,Arrah,Aanand Nagar East Of Nahar Near Sapna Cinema Ara Bhojpur,,0,0,,
21992,BKS03361,Vidyarthi Pustak Bhandar,0,Bihar,Arrah,Dharman Chouwk Near Jain Dharmshala Ara,,0,0,,
21973,BKS03344,Matri Chhaya Books,0,Bihar,Buxar,Ambedkar Chowk In Building of S B I A T M Station Road Buxar 803101,,0,,,
24386,BKS03734,Mangla Enterprises,0,Bihar,Buxar,Near M.V.College Hose Of Heritage School Charitravan Buxar 802101,,0,,,
24321,BKS03669,Rose Book Center,0,Bihar,Darbhanga,Gm Road kathalbari Darbhanga 846004,,0,,,
24323,BKS03671,Rachna Book,0,Bihar,Darbhanga,Main Bazar,,0,,,
24322,BKS03670,Aman Book,0,Bihar,Jehanabad,jehanabad bajar,,0,,,
20848,BKS03223,Central Book House,0,Bihar,Katihar,Bata chowk-katihar,,0,,,
23007,BKS03365,Pustak Sadan,0,Bihar,Bihar Sharif,Pul Par Bihar Sharif Nalanda,,0,0,,
23011,BKS03369,Pustak Sadan,0,Bihar,Bihar Sharif,Pul Par Bihar Sharif,,0,,,
21978,BKS03349,Gyan Ganga Ltd.,0,Bihar,Dariapur,Om Bihar Complex Kadamkuan Patna 800003,,0,0,,
21990,BKS03359,Gyan Sansar,0,Bihar,Fatwah (Fatuha),Near Toll Plaza Opposite S L Misser Petrol Pump Dhawalpura Bypass Police Station Patna 800007,,0,,,
23140,BKS03490,Mr Ritesh Sinha 9065298197,0,Bihar,Khagaul,Road No 1 Maurya Vihar Khagaul Patna 801105,,0,0,,
21976,BKS03347,Binit Books,0,Bihar,Khusrupur,Post Office Road Near Government Hospital Khusrupur.,,0,0,,
21977,BKS03348,Sanjay Pustak Bhandar,0,Bihar,Patna,A G Colony Near S B I Branch Patna 800023,,0,0,,
21979,BKS03350,Allen Books Earlier know about,0,Bihar,Patna,Bhagwat Nagar Kumbhrar,,0,0,,
21991,BKS03360,Saraswati Pustak Bhandar,0,Bihar,Patna,D N Market In Building of Bank Of India Jagdeo Path Patna 800014,,0,0,,
23010,BKS03368,Gyan Ganga Ltd.,0,Bihar,Patna,Gyan Ganga Trade Centre Chaman Chack Opposite Bhadurpur Police Station Patna 80027,,0,,,
21993,BKS03362,Aman Boiks,0,Bihar,Patna,Dhanuki More Near Panchsheel High School Kumhrar Patna 800026,,0,0,,
21987,BKS03357,Dayanand Kumar,0,Bihar,Patna,Dhanuki More Kumhrar Patna 800026,,0,,,
15142,BKS02868,SHAYAM PUSTAK BHANDAR,MR. SANJAY KUMAR,Bihar,Patna,"BAILEY ROAD , PATNA",,9334023585,800014,,
16210,BKS02930,Verma Press P&D,Mr Verma,Bihar,Patna,Anugrah seva Sadan lane khazanchi road,,0,0,,
21968,BKS03339,Yuvraj Book Centre,0,Bihar,Phulwari Sharif,Rastriya Ganj Near Railway Crossing Phulwarisharif,,0,0,,
24324,BKS03672,New Book Point,0,Bihar,Samastipur,samstipur main road,,0,,,
19681,BKS03176,Durga enterprise,0,Bihar,Bettiah,ladduram ka gola,,0,0,,
17265,BKS02985,Manchanda mixedbag SCO2 sec 19,0,Chandigarh,Chandigarh,SCO 2 sec 19,,,,,
1086,BKS01075,GAURAV BOOK SHOP,Mr Gaurav,Chandigarh,Chandigarh,SEC 11,,,160036,,
1080,BKS01072,S C PAUL,sidharth paul,Chandigarh,Chandigarh,"3167, SECTOR 46C",,9872223453,160047,,
14422,BKS02147,VIVEK BOOK DEPOT,MR VIVEK TUTEJA,Chhattisgarh,Bilaspur,"GOVT.SCHOOL COMPLEX, DAYALBAGH",,7752412899,495001,,
14417,BKS02142,RAMESH BOOK DEPOT,MR RAMESH AGGARWAL,Chhattisgarh,Bilaspur,"HIGH COURT ROAD, NEAR SHIV TALKIES COMPLEX",,7752236191,495001,,
14418,BKS02143,RAJ BOOK CEMTRE,MR RAJ CHABRA,Chhattisgarh,Bilaspur,"BUDWARI BAZAR,",,775235088,495001,,
14420,BKS02145,SHAILESH BOOK DEPOT,,Chhattisgarh,Bilaspur,"MADHYA NAGARI CHOWK, MASANGANJ",,,495001,,
14406,BKS02131,ADARSH PUSTAKALAYA,MR MANISH GUPTA,Chhattisgarh,Bilaspur,"TARABHAR , NAKA",,,495001,,
14408,BKS02133,ARURNA STATIONARY,,Chhattisgarh,Bilaspur,"NEW SARKANDA, SEEPAT ROAD",,,495001,,
14410,BKS02135,BALAJI PUSTAKALAYA,MR MANISH GUPTA,Chhattisgarh,Bilaspur,"TARABHAR , NAKA CHOWK",,7752220110,495001,,
14413,BKS02138,GOVIND PUSTAK BHANDAR,,Chhattisgarh,Bilaspur,"MAIN GATE, BUDWARI BAZAR",,,495001,,
14415,BKS02140,MAHAMAYA BOOK CENTRE,,Chhattisgarh,Bilaspur,"NTPC, UJJAWAL NAGAR SEEPAT",,,,,
14416,BKS02141,PUSTAK BHAWAN,MR RAJKUMAR AGGARWAL,Chhattisgarh,Bilaspur,OPP. LAXMI TALKIES,,7752413597,495001,,
14414,BKS02139,LAKSHMI BOOK DEPOT,,Chhattisgarh,Bilaspur,BHARTIYA NAGAR CHOWK,,7752426605,495001,,
14411,BKS02136,BHARATI PUSTAK SADAN,,Chhattisgarh,Bilaspur,"A-3, KASHI COMPLEX, OPP. ROTARY BHAWAN NEAR C.M.D COLLEGE",,7752513860,495001,,
14412,BKS02137,ELLORA BOOK DEPOT,MR ANOL CHAUHAN,Chhattisgarh,Bilaspur,"NEAR GANGA SHREE TALKIES, HIGH COURT ROAD",,775264184,495001,,
14409,BKS02134,ARORA BOOK HOUSE,MR ARVIND GROVER,Chhattisgarh,Bilaspur,LINK ROAD,,7752227041,495001,,
14407,BKS02132,AMIT BOOK DEPOT,MR AMIT ARORA,Chhattisgarh,Bilaspur,"BUDWARI BAZAR, NEAR RLY STATION",,,495001,,
14421,BKS02146,SREE BOOK DEPOT,MR PIYUSH GUPTA,Chhattisgarh,Bilaspur,"BIHARI TALKIES, NEAR HIGH COURT",,7752220920,495001,,
14419,BKS02144,RAJESH BOOK DEPOT,MR RAJESH MISHRA,Chhattisgarh,Bilaspur,"HARDEVALAL, MANDIR MARG, GOLE BAZAR",,775232389,495001,,
14424,BKS02149,NAVEEN STUDIO,MR NAVEEN GUPTA,Chhattisgarh,Kota,NEAR KOTA BUS STAND,,9300320107,,,
14425,BKS02150,DEEPAK STATIONERY & BOOK DEPOT,MR YOGESH,Chhattisgarh,Dhamtari,"OPP. STATE BANK OF INDIA, BASTAR ROAD",,30727,493773,,
14426,BKS02151,DEV BOOK DEPOT,MR NARENDRA DEV,Chhattisgarh,Dhamtari,STATION ROAD,,7722235693,493773,,
14427,BKS02152,R.K BOOK HOUSE,MR SUSHANT,Chhattisgarh,Dhamtari,SADAR BAZAR,,7722241627,493773,,
14428,BKS02153,PIYUSH BOOK DEPOT,MR MAYUR RATHORE,Chhattisgarh,Dhamtari,"MATH MANDIR CHOWK, SADAR BAZAR",,7722230664,493773,,
14453,BKS02178,BHAGWATI BHAWANI BOOK DEPOT,,Chhattisgarh,Durg,"HATRI BAZAR, KILLA MANDIR ROAD, DURG -491001 (CHHATTISGARH )",,,,,
14454,BKS02179,BHATIA BOOK CENTRE,MR. BHATIA,Chhattisgarh,Durg,"NEAR JAWAHAR CHOWK, DURG",,,491001,,
14455,BKS02180,BHAVANI BOOK DEPOT,MR. RAVI,Chhattisgarh,Durg,"HATRI BAZAR,DURG",,,491001,,
14456,BKS02181,MEHRA ENTERPRISES,MR. R.S.MEHRA,Chhattisgarh,Durg,"OM PARISAR, SHANKER NAGAR",,7882332643,491001,,
14457,BKS02182,MEHRA BOOK HOUSE (MEHRA ENTERPRISES),MR. R.S. MEHRA,Chhattisgarh,Durg,"OM PARISAR,DURG",,9893342020,491001,,
14458,BKS02183,ABHA BOOK DEPOT,,Chhattisgarh,Kumhari,"NEAR RAILWAY STATION , KUMHARI",,,490042,,
14459,BKS02184,ANIL BOOK & STATIONARY,,Chhattisgarh,Kumhari,"STATION ROAD, KUMHARI",,9827184103,490042,,
14464,BKS02189,NANDA BOOK DEPOT,MR RAJENDRA GUPTA,Chhattisgarh,Champa,,,,,,
14465,BKS02190,RAKESH GENERAL STORE,MR RAKESH,Chhattisgarh,Champa,,,,495671,,
14468,BKS02193,AJAY STORES,MR. AJAY,Chhattisgarh,Korba,"NEAR RAILWAY CROSSING , KORBA",,7780225205,495678,,
14469,BKS02194,GYAN MANDIR,MR. UMESH KUMAR AGGARWAL,Chhattisgarh,Korba,"POWER HOUSE ROAD, KORBA",,778023328,495677,,
14470,BKS02195,KAMNA STATIONERY,MR. SURESH AGARWAL,Chhattisgarh,Korba,"MISSION ROAD, KORBA",,778022098,495677,,
14471,BKS02196,KITAB GHAR,,Chhattisgarh,Korba,"17, MAHANADI COMPLEX, NIHARIKA ROAD,",,7780224328,495677,,
14472,BKS02197,KORBA STORE,MR. SUNIL AGRAWAL,Chhattisgarh,Korba,"3, KRISHNA VIHAR SHOPING CENTRE NTPC, JAMNIPALI, KORBA",,7759231161,495450,,
14473,BKS02198,LAXMI STORES,,Chhattisgarh,Korba,"MAIN ROAD, KORBA",,778021192,495677,,
14474,BKS02199,MAHALAXMI STATIONARY & BOOK CENTRE,MR. AJIT KUMAR MANDAL,Chhattisgarh,Korba,"HOTEL PARK COMPLEX, SHOP NO. 2, JAMNIPALI, KORBA",,,495450,,
14475,BKS02200,MONIKA PUSTAKALAYA,,Chhattisgarh,Korba,"DEEN DAYAL MARKET, MAIN ROAD",,7759225205,495678,,
14476,BKS02201,OM STORES,,Chhattisgarh,Korba,"KOSABADI, KORBA",,,495677,,
14477,BKS02202,PRIYANKA BOOK AGENCY,,Chhattisgarh,Korba,"AGRASEN MARG, KORBA",,778023821,495677,,
14478,BKS02203,RADHIKA BOOK CENTRE,MR. K. L. SONI,Chhattisgarh,Korba,"9-COMMERCIAL COMPLEX, TRANSPORT NAGAR,KORBA",,775923930,495679,,
14479,BKS02204,SHANKER BOOK DEPOT,MR. AJAY AGARWAL & MR.ARBIND AGARWAL,Chhattisgarh,Korba,"MAIN ROAD, NEAR OLD BUS STAND , KORBA",,,495677,,
14480,BKS02205,SHIV PUSTAK BHAWAN,,Chhattisgarh,Korba,"M.G. ROAD, KORBA",,778022007,495677,,
14481,BKS02206,SONI BOOK DEPOT,MR. N. L. SONI,Chhattisgarh,Korba,"KOSABADI, KORBA",,778022830,495677,,
14482,BKS02207,SRI JAYANTI STATIONERS,,Chhattisgarh,Korba,"NEAR GOVT. HR. SEC. SCHOOL , MISSION CHOWK, KORBA",,,495677,,
14483,BKS02208,SURBHI UPBHOKTA SEWA- KENDRA,MR. HAMENT JAIN,Chhattisgarh,Korba,"HOTEL COMPLEX, JAMNI-PALI, N.T.P.C.",,778032270,495677,,
14484,BKS02209,VIJAY BOOK DEPOT,MR. DEVENDRA AGARWAL,Chhattisgarh,Korba,"MAIN ROAD, KORBA",,,495677,,
14485,BKS02210,KUMAR BOOK DEPOT,,Chhattisgarh,Kharsia,,,,496661,,
14491,BKS02216,KUMAR BOOK DEPOT,,Chhattisgarh,Kharsia,"KHARSIA, RAJGARH",,,496661,,
14492,BKS02217,AJAY BOOK CENTRE,MR. AJAY AGGARWAL,Chhattisgarh,Raigarh,"BEHIND POLICE STATION, DANIPARA, RAIGARH",,7762222216,496001,,
14493,BKS02218,NEW BOOK DEPOT,,Chhattisgarh,Raigarh,"SHYAM TALKIES ROAD,",,,496001,,
14494,BKS02219,SINDHU BOOK DEPOT,,Chhattisgarh,Raigarh,"SHYAM TALKIES ROAD, RAIGARH",,7762224763,496001,,
14495,BKS02220,VIJAY BOOK DEPOT,MR. VINOD AGARWAL,Chhattisgarh,Raigarh,"SHYAM TALKIES ROAD, RAIGARH",,7762225869,496001,,
14496,BKS02221,VIKAS BOOK DEPOT,MR.BRAJAL PUNJABI,Chhattisgarh,Raigarh,"NEW SHADAK, RAIGARH",,,496001,,
14486,BKS02211,AJAY BOOK CENTRE,MR AJAY AGGARWAL,Chhattisgarh,Raigarh,BEHIND POLICE STATION DANIPARA,,7762222216,,,
14487,BKS02212,NEW BOOK DEPOT,,Chhattisgarh,Raigarh,SHYAM TALKIES ROAD,,,496001,,
14488,BKS02213,SINDHU BOOK DEPOT,MR HARISH PUNJABI,Chhattisgarh,Raigarh,SHYAM TALKIES ROAD,,7762224763,496001,,
14489,BKS02214,VIJAY BOOK DEPOT,MR VINOD AGGARWAL,Chhattisgarh,Raigarh,SHYAM TALKIES ROAD,,7762225869,496001,,
14490,BKS02215,VIKAS BOOK DEPOT,MR BRAJAL PUNJABI,Chhattisgarh,Raigarh,"NEW SHADAK , RAIGARH",,,496001,,
14497,BKS02222,STUDENT BOOK DEPOT,MR. DURGESH KUMAR,Chhattisgarh,Baloda Bazar,"NEW BUS STAND, BALODA BAZAR, RAIPUR",,,493332,,
14498,BKS02223,SUNIL BOOK DEPOT,"MR. ANIL, MR. MANISH",Chhattisgarh,Baloda Bazar,"GOLE BAZAR, BALODA BAZAR",,7727222822,493332,,
14499,BKS02224,PRATAP GENERAL STORES,,Chhattisgarh,Baloda Bazar,"BALORA BAZAR, RAIPUR,",,,493332,,
14500,BKS02225,MAHAVIR PUSTAK BHANDAR,MR. PANKAJ JAIN & MR. PRAFUL JAIN,Chhattisgarh,Bhatapara,"AZAD CHOWK, BHATAPARA, RAIPUR",,,493332,,
14501,BKS02226,STUDENTS BOOK DEPOT,MR. CHINTU SHRIVASTAV,Chhattisgarh,Bhatapara,"SADAR BAZAR, BHATAPARA",,7726222118,493118,,
14502,BKS02227,GURDEV STORES,MR. PREM CHANDANANI,Chhattisgarh,Bhatapara,"SADAR BAZAR, BHATAPARA",,7726220811,493118,,
14503,BKS02228,SONI VIDYA MANDIR,,Chhattisgarh,Bhatapara,"OPP. GOVT. HOSPITAL , BHATAPARA",,7726220681,493118,,
14218,BKS01943,GEETANJALI BOOK DEPOT,MR. P.D. AGGARWAL,Chhattisgarh,Raipur,"OPP. DISHA-ON-LINE, SHANKER NAGAR,",,7712610438,492001,,
14219,BKS01944,HANSA BOOK CENTRE,MR. SATISH AGGARWAL,Chhattisgarh,Raipur,"KANKALI HOSPITAL CHOWK, RAIPUR",,7712228043,492001,,
14220,BKS01945,ISHA BOOK DEPOT,MR. AMIT SRIVASTAVA,Chhattisgarh,Raipur,"SHIV MANDIR ROAD, SARFARAZ BHAWAN, RAIPUR",,9826120814,492001,,
14221,BKS01946,ISPCK BOOK SHOP,MRS. S. CHAUDHARY,Chhattisgarh,Raipur,"OPP. RAJ BHAWAN GATE NO. 1, RAIPUR",,,492001,,
14222,BKS01947,KASIMUDDIN & SONS BOOK DEPOT,MR. MOINUDDIN,Chhattisgarh,Raipur,"GOLE BAZAR, RAIPUR",,7712229212,492001,,
14223,BKS01948,K.D.M. BOOKS & STATIONERS,MR. RAMESH AGRAWAL,Chhattisgarh,Raipur,"7, GURUKUL COMPLEX, NEAR KALI BADI SCHOOL",,7712653082,492001,,
14224,BKS01949,KONARK BOOK DEPOT,MR. GANGA PRASAD AGGARWAL,Chhattisgarh,Raipur,"OPP. HOLY CROSS GIRL`S HR. SEC. SCHOOL,",,7712429543,492001,,
14225,BKS01950,KRISHNA FANCY & BOOK STALL,MR. KRISHNA NATH,Chhattisgarh,Raipur,"MAIN ROAD, MANA CAMP, RAIPUR",,7712664308,492001,,
14226,BKS01951,KRISHNANI STATIONERY AND BOOK DEPOT,MR. RAJESH KRISHNANI,Chhattisgarh,Raipur,"NEAR HOLY CROSS SCHOOL , RAIPUR",,7715050574,492001,,
14227,BKS01952,MAHESHWARI STATIONERY & BOOK DEPOT,MR. GOVIND MAHESHWARI,Chhattisgarh,Raipur,"OPP. BHARAT MATA SCHOOL, RAIPUR",,7712670356,492001,,
14228,BKS01953,MAA KARNI DRESSES,MR ASHISH,Chhattisgarh,Raipur,OPP. BHARAT MATA HR.SEC. SCHOOL TATIBANDH,,8871761462,492001,,
14229,BKS01954,MILLENNIUM BOOK POINT,MR. SHEKHAR,Chhattisgarh,Raipur,"C/O CITY BOOKING AGENCY , 6-MODERN COMPLEX, NEAR FOOD ZONE, BEHIND SHIVALAYA",,,492001,,
14230,BKS01955,NEW DIKSHIT BOOK DEPOT,,Chhattisgarh,Raipur,"NEAR MAHAVIR GOUSHALA , K.K.ROAD, MOUDHAPARA , RAIPUR",,,492001,,
14231,BKS01956,RASTRIYA VIDYALAYA BOOK DEPOT,,Chhattisgarh,Raipur,"OPP. MANTRALAYA, RAIPUR,",,,492001,,
14232,BKS01957,SAHU STATIONARY & BOOK DEPOT,MR. RAJENDRA SAHU,Chhattisgarh,Raipur,"PANDRI, RAIPUR",,,492001,,
14233,BKS01958,SAI ENTERPRISES,,Chhattisgarh,Raipur,"TAGORE NAGAR, RAIPUR",,,492001,,
14234,BKS01959,SATYAM BOOK DEPOT,MR. SATYENDRA DAUDIYA,Chhattisgarh,Raipur,"NEAR KRISHNA ADLAB , SAMTA COLONY, RAIPUR",,9826465888,492001,,
14235,BKS01960,SHIVAM PUBLICATION,MR. AJAY DANI,Chhattisgarh,Raipur,"MALVIYA ROAD, BEHIND POLICE STATION, GOLE BAZAR",,7712233862,492001,,
14236,BKS01961,SHREE BOOK DEPOT,MR. P.K. GUPTA,Chhattisgarh,Raipur,"OPP. AMBA DEVI MANDIR, SATTI BAZAR, RAIPUR",,77125037342,492001,,
14237,BKS01962,SHAH BOOK DEPOT,MR. ABBAS SHAH,Chhattisgarh,Raipur,"SATTI BAZAR, RAIPUR",,,492001,,
14238,BKS01963,SHRI AMBE TRADERS,MR. DHUIRENDRA GUPTA,Chhattisgarh,Raipur,"BESIDE GOPI HOUSE, RAIPUR",,9827144411,492001,,
14239,BKS01964,VISHAL BOOK DEPOT,MR. DEEPAK BALESHWAR,Chhattisgarh,Raipur,"SAI BHAWAN, SATTI BAZAR,",,,492001,,
14505,BKS02230,NEW DIXIT BOOK DEPOT,MR. RAKESH DIXIT,Chhattisgarh,Raipur,"DIXIT BHAWAN, NEAR DURGA COLLEGE , K. K. ROAD, MAUDHAPARA",,7712528593,492009,,
14506,BKS02231,SAHU STATIONERY & BOOK DEPOT,MR. RAJENDRA SAHU,Chhattisgarh,Raipur,"JIWAN BIMA MARG, PANDRI TARAI, RAIPUR",,7715057514,492004,,
14507,BKS02232,AGGARWAL TRADERS & PUBLISHERS,MR. SANTOSH AGARWAL,Chhattisgarh,Raipur,"SATTI BAZAR, RAIPUR",,771234677,492001,,
14508,BKS02233,AJANTHA BOOK DEPOT,,Chhattisgarh,Raipur,"SADAR BAZAR, RAIPUR",,7712225800,492001,,
14509,BKS02234,AJAY BOOK DEPOT,MR. AJAY SHUKLA,Chhattisgarh,Raipur,"SATTI BAZAR, RAIPUR",,7712533065,492001,,
14510,BKS02235,AJAY PRAKASHAN,MR. AJAY,Chhattisgarh,Raipur,"DANIPARA, PURANI BASTI , NEAR SARASWATI CHOWK, RAIPUR",,7712272470,492001,,
14511,BKS02236,AKASH BOOK DEPOT,,Chhattisgarh,Raipur,"SADAR BAZAR, RAIPUR",,7712233006,492001,,
14512,BKS02237,ANAND STATIONERY & PRINTERS,MR. ANAND AGARWAL,Chhattisgarh,Raipur,"R.I.F BUILDING FAFADIH, RAIPUR",,7712522018,492001,,
14513,BKS02238,B. D. M. STATIONERY,MR. S. SHARMA,Chhattisgarh,Raipur,"KOTA, RAIPUR",,,492001,,
14514,BKS02239,BANI BOOK DEPOT,MR. BABUL SHAH,Chhattisgarh,Raipur,"MANA CAMP, RAIPUR",,7712418363,492001,,
14515,BKS02240,CENTRAL BOOK HOUSE,MR. SANDEEP CHAWLA,Chhattisgarh,Raipur,"SADAR BAZAR, RAIPUR",,7712234150,492001,,
14516,BKS02241,CHILDREN BOOK HOUSE,,Chhattisgarh,Raipur,"SADAR BAZAR, RAIPUR",,,492001,,
14517,BKS02242,CHHATTISHGARH PATHIYA PUSTAK NIGAM,MR. BHIM SEN AGARWAL,Chhattisgarh,Raipur,"B-2/13, F-TYPE QTRS, OPP. J.D. DAGA SCHOOL",,,492001,,
14518,BKS02243,CITY BOOKING AGENCY,MR. SHABBIR,Chhattisgarh,Raipur,"6-MODERN COMPLEX, NEAR FOOD ZONE, BEHIND SHIVALAYA,",,7712546215,492001,,
24223,BKS03571,MA KARNI DRESSES,MR.ASHISH RUIA,Chhattisgarh,Raipur,"OPP.BHARAT MATA SCHOOL,TATIBANDH,RAIPUR",,7000250922,492001,,
24356,BKS03704,SHRI RAM STORES,MR.ANN DEV VERMA,Chhattisgarh,Raipur,"SATTI BAZAR,RAIPUR",,9827164290,492001,,
14240,BKS01965,SAGAR BOOK DEPOT,MR. SUSHIL BOTHRA,Chhattisgarh,Rajim,"SADAR BAZAR, NAWAPARA, RAJIM",,,493881,,
14241,BKS01966,AJAY PUSTAK MAHAL,MR. RAJIV TIWARI,Chhattisgarh,Rajnandgaon,"JUNI HATRI, RAJNANDGAON",,7744401835,941441,,
14242,BKS01967,PANDEY BOOK DEPOT,MR. AJAY PANDEY,Chhattisgarh,Rajnandgaon,"GOLE BAZAR, RAJNANDGAON",,7744225599,941441,,
14243,BKS01968,POPULAR BOOKS & STATIONERY,MR. SUSHEEL JAIN,Chhattisgarh,Rajnandgaon,"NEAR JAI STAMBH ROAD, RAJNANDGAON",,7744225175,491441,,
14244,BKS01969,SANJAY BOOK DEPOT,MR. SANJAY KULWAR,Chhattisgarh,Rajnandgaon,"FRUIT MARKET, RAJNANDGAON",,7744224354,491441,,
14245,BKS01970,ASHA BOOK DEPOT,MR ASHOK AGGARWAL,Chhattisgarh,Ambikapur,"GURDI BAZAR, AMBIKA BAZAR",,777422756,497001,,
14246,BKS01971,BOOK PALACE,MR A.A. KHAN,Chhattisgarh,Ambikapur,MAHAMAYA ROAD,,,,,
14247,BKS01972,KITAB GHAR,MR SHAHSI KANT SINGH,Chhattisgarh,Ambikapur,"SHOP NO-11, STADIUM MARKET",,7774222593,497001,,
14248,BKS01973,M.P. DEPARTMENTAL STORE,MR RAKESH GUPTA,Chhattisgarh,Ambikapur,"12, STATION MARKET",,777423864,497001,,
14249,BKS01974,RANA BROTHERS,MR PUSHPENDRA RANA,Chhattisgarh,Ambikapur,"SADAR ROAD,",,,497001,,
14251,BKS01976,NIDHI SHREE PUSTAK BHANDAR & PHOTOCOPIER,,Chhattisgarh,Surajpur,"MAIN ROAD, BISHRAMPUR, DIST. SURAJPUR",,,,,
18294,BKS03015,KIRAN BOOK STORE,,Dadra and Nagar Haveli,Silvassa (incl. Amli),"ZANDA CHOWK , SILVASSA",,,,,
24182,BKS03530,GOEL BOOK DEPOT,VIKAS KUMAR GOEL,Delhi,Chilla Saroda Bangar,"138,PATPAR GANJ VILLAGE ROAD",,9711823492,110091,,
24180,BKS03528,MAHALAXMI BOOK DEPOT,MR.SUNIL/MR.SUSHIL,Delhi,Chilla Saroda Khadar,B 19 ACHARYA NIKETA MAYUR VIHAR 1,,7042089958,110091,,
24181,BKS03529,KAMLESH BOOK,MR.SHARMA,Delhi,Chilla Saroda Khadar,"SHOP NUMBER 7/8 SHIV MANDIR MARKET ,MAIN ROAD PATPAR GANJ",,9654777600,110091,,
24196,BKS03544,Jyoti Book Depot,0,Delhi,Kondli,"Shop No:C-1/161, Opposite Bharti Public School, Main Road, Pragati Marg, Pocket C 1, New Kondli, K",,0,0,,
24331,BKS03679,Uttarakhand Book Depot,0,Delhi,Kondli,D- 1/308 New Kondly Delhi 110096,,0,0,,
24187,BKS03535,Sachdeva Book Depot,,Delhi,Shakar Pur Baramad,"Gandhi Nagar Main Rd, near police station, Gandhi Nagar, Seelampur, Shahdara, Delhi, 110031",,,,,
24183,BKS03531,A.V BOOK SELLER,MR.VIJAY SINGH,Delhi,Shakar Pur Baramad,"B-1A GALI NUMBER 2 , CHANDER VIHAR ,I.P EXTN,DELHI 110092",,9013184083,110092,,
24348,BKS03696,R&R Book Depot,,Delhi,Delhi Cantonment,"SHOP NOR-20, DDA MARKET BER SARAI, OPP, Old JNU Campus, New Delhi, Delhi 110016",,,,,
24209,BKS03557,PRAKASH BOOK STORE,Mr. Raman,Delhi,Burari,behind deep market Ashok vihar,,0,,,
24210,BKS03558,Prakash Book Store,Mr.Prakash,Delhi,Burari,Shalimar Bagh,,0,,,
24282,BKS03630,Balaji Stationery,0,Delhi,Burari,A-46 Main Road Nathu pura,,0,,,
24281,BKS03629,Gupta Stationary House,0,Delhi,Jharoda Majra Burari,Main Road Burari,,0,,,
24297,BKS03645,New Stationery House,,Delhi,Mukand Pur,"Shora Kothi,Clock Tower, GT Rd, Kharia Mohalla, Sabzi Mandi Old, New Delhi, Delhi 110007",,,,,
24289,BKS03637,Agarwal Books,0,Delhi,Mukand Pur,rohini Sec -7,,0,0,,
24290,BKS03638,Guru Kripa Stationary,0,Delhi,Mukand Pur,Behind Sachdeva School Rohini Market sec -13,,0,0,,
24291,BKS03639,Gupta Book Dtp,0,Delhi,Mukand Pur,Avanthika Chowk Rohini,,0,0,,
24292,BKS03640,Gupta Book Dtp,0,Delhi,Mukand Pur,Avanthika Chowk Rohini,,0,,,
24264,BKS03612,Agarwal Books,0,Delhi,Mukand Pur,kamla nagar,,0,,,
24238,BKS03586,Laxmi Books & Stationers,0,Delhi,Mukand Pur,sec-24 Rohini Behind Delhi Public School,,0,,,
23015,BKS03373,Guglani Brother's,0,Delhi,Mukand Pur,GTB Nagar Camp,,0,0,,
24287,BKS03635,Shiv shakti book Store,0,Delhi,Ali Pur,men road Alipur,,0,0,,
24288,BKS03636,Amba General Store,0,Delhi,Ali Pur,shop no -631.SSN College allpur,,0,0,,
24185,BKS03533,P K Books,0,Delhi,Bakhtawar Pur,Main çhowk Bakhtawar pur,,0,0,,
24207,BKS03555,MONU Book DEPOT,0,Delhi,Bankner,Lam PUR Rood Bankner,,0,,,
24206,BKS03554,UMESH BOOKS STATIONARY,0,Delhi,Bawana,B P PETROL PUMP K OPP.,,0,,,
24245,BKS03593,Shanti Book Depot,0,Delhi,Bawana,main chowk Bawana,,0,,,
24280,BKS03628,Jevan Book Depot,0,Delhi,Bawana,neyr S B I Bank khandhawala,,0,,,
24252,BKS03600,AKASH BOOK DEPOT,0,Delhi,Begum Pur,MAN MARKET BEGAM PUR,,0,,,
24254,BKS03602,SATIJA BOOK DEPOT,0,Delhi,Begum Pur,SHOP NO-4-.21St Century Plaza Rohini sc 8,,0,,,
24244,BKS03592,Banky Bihari Book Store,0,Delhi,Begum Pur,bhudh Bajar Rajeev Nagar,,0,,,
24194,BKS03542,Jan Stationary and Gift Store,0,Delhi,Begum Pur,Jan Stationary and Gift Store A-14 Budh Vihar,,0,0,,
24208,BKS03556,Ravi Book,0,Delhi,Begum Pur,MAIN ROOD BUDH VIHAR,,0,,,
24186,BKS03534,Amit Books,0,Delhi,Begum Pur,farnichar Market Rani bag,,0,0,,
24246,BKS03594,Jevan Book Depot,0,Delhi,Kanjhawala,main Gavra modh SBI bank kanjhawala,,0,,,
24253,BKS03601,VICHITRA STATIONARY,0,Delhi,Kirari Suleman Nagar,SHOP NO-1&2-NITHARI,,0,,,
24255,BKS03603,KHURANA BROS BOOK SELLER,0,Delhi,Pooth Kalan,d-8.jeevan Market Mangolpuri,,0,,,
24336,BKS03684,Rohini Book Santer,0,Delhi,Pooth Kalan,B-379.sec-1 Avantika,,0,0,,
24337,BKS03685,MALIK Book Depot,0,Delhi,Pooth Khurd,Plot no-170 -Pocket E-19 sector-3 Rohini,,0,0,,
24338,BKS03686,CHAND Book Depot,0,Delhi,Pooth Khurd,B-780.Avantika sector-1 Rohini,,0,0,,
24195,BKS03543,Raj Book Depot,0,Delhi,Pooth Khurd,G-15 Best Mega Mall Rohini sc 24,,0,0,,
24283,BKS03631,Rana Book Depot,0,Delhi,Qutab Garh,Main Bas stand,,0,,,
24193,BKS03541,Agarwal Book,0,Delhi,Sahibabad Daulat Pur,Rohini sc 18,,0,0,,
24296,BKS03644,Swami Book Depot,,Delhi,Sultan Pur Majra,"13, Ring Rd, Naraina Village, Naraina, New Delhi, Delhi 110028",,,,,
24361,BKS03709,Shri shayam Stationery,0,Delhi,Sultan Pur Majra,D-25 Sanjey market Mangolpuri -83,,0,0,,
24354,BKS03702,Jawahar Book Centre,,Delhi,Neb Sarai,"Shop number 14-15(DDA Market), 62/1, opposite Old JNU Campus Road, near RK Puram Metro Station, Ber Sarai, New Delhi, Delhi 110016",,,,,
24319,BKS03667,ruchika book depot,0,Delhi,Hastsal,d block Hari nagar,,0,0,,
24263,BKS03611,Raj book agency,0,Delhi,Hastsal,sec 4 dwarka,,0,,,
24227,BKS03575,Swastik Books and Stationers,0,Delhi,Hastsal,Janakpuri A5 block,,0,,,
24228,BKS03576,Radhey Book Depot,0,Delhi,Hastsal,Tilak Nagar old market,,0,,,
18306,BKS03026,global art,0,Delhi,Hastsal,Uttam Nagar,,,0,,
24229,BKS03577,Lamba Book Depot,0,Delhi,Mundka,Old Market Tilak Nagar,,0,,,
24320,BKS03668,Angel Book Depot vikaspuri,0,Delhi,Mundka,d block vikaspuri,,0,,,
24362,BKS03710,chawla book depot,0,Delhi,Mundka,nangal raya delhi,,0,0,,
24358,BKS03706,KHARBANDA book store,0,Delhi,Nangloi Jat,D-34.Panjabi basti Nangloi -41,,0,0,,
24359,BKS03707,Jain Book Depot,0,Delhi,Nangloi Jat,y-24.Bhagat Sing mkt. Nangloi -41,,0,0,,
24360,BKS03708,Dep Book Depot,0,Delhi,Nangloi Jat,Dukan no -5. Near Post office Nangloi -41,,0,0,,
24335,BKS03683,Garg uniparm and book s,0,Delhi,Nangloi Jat,men road Nangloi,,0,0,,
24230,BKS03578,Tilak Book Depot,0,Delhi,Nangloi Jat,Old Market Tilak Nagar,,0,,,
24231,BKS03579,Tilak Book Depot,0,Delhi,Nangloi Jat,Old Market Tilak Nagar,,0,,,
24256,BKS03604,KHARBANDA ENTERPRISES,0,Delhi,Nangloi Jat,y-8-9-10.Janta Market Nangloi,,0,,,
451,BKS00443,TUSHAR BOOK DEPOT.,,Gujarat,Ahmadabad Cantonment,"36-37, CAPITAL COMMERCIAL CENTER, NEAR NEHRU BRIDGE OPP. L.I. C BUILDING, ASHRAM ROAD,",,,,,
454,BKS00446,UPPAL BROTHERS,,Gujarat,Ahmadabad (Ahmedabad),"B/17, ABHINANDAN COMPLEX OPP. SUJATA FLAT SHAHIBAGH, AHMEDABAD--380004 (GUJARAT )",,,,,
456,BKS00448,WONDER BOOKS AND STATIONERY,,Gujarat,Ahmadabad (Ahmedabad),"3,SHREEJI PALACE,PALIYADNAGAR CHAR RASTA,NEAR NAVRANG HIGH SCHOOL,NARANPURA, AHMEDABAD (GUJARAT )",,,,,
437,BKS00429,ST. XAVIERS AGENCIES,,Gujarat,Ahmadabad (Ahmedabad),"G-4, BHASKAR FLAT NEAR SWAMINARYAN, MUSUEAM, NEAR A.E.C. CHAR RASTA, NARANPURA, AHMEDABAD--380013 (GUJRAT )",,,,,
16200,BKS02920,HARIOM STATIONARY SHOP,,Gujarat,Ahmadabad (Ahmedabad),"NO. 10/11, ADARSH LIFE STYLE, NR. VEDANT INT. SCHOOL, OPP. DEVASYA SCHOOL, NIKOL, AHMEDABAD",,,,,
24179,BKS03527,KISHORE BOOK STORE- SHAHIBAUG,,Gujarat,Ahmadabad (Ahmedabad),"RAJASHAN HOSPITAL ROAD, SHAHIBAUG, AHMEDABAD",,,,,
24318,BKS03666,TUSHAR BOOK DEPOT,,Gujarat,Ahmadabad (Ahmedabad),"ASHRAM ROAD, AHMEDABAD",,,,,
24326,BKS03674,EDU. WORLD BOOK STORE,,Gujarat,Ahmadabad (Ahmedabad),"PRAHLAD NAGAR, AHMEDABAD- 360001",,,,,
24388,BKS03736,PATEL BOOK AGENCY,,Gujarat,Ahmadabad (Ahmedabad),"GANDHI ROAD, AHMEDABAD, GUJARAT",,,,,
24402,BKS03750,JAY AMBE BOOK STORE,,Gujarat,Ahmadabad (Ahmedabad),"KHOKHRA, AHMEDABAD, GUJARAT",,,,,
18308,BKS03028,CHADRAMAULI STATIONERS,,Gujarat,Ahmadabad (Ahmedabad),"DRIVE IN ROAD, AHMEDABAD",,,,,
18309,BKS03029,SASCO GLOBAL SHIPPING IN PVT. LTD.,,Gujarat,Ahmadabad (Ahmedabad),"B-412, SUMEL BUSINESS PARK , IV NEAR KALUPUR BRIDGE , AMDUPURA, NARODA ROAD, AHMEDABAD-380018",,,,,
18336,BKS03055,ABHYAS BOOKS,,Gujarat,Ahmadabad (Ahmedabad),"SATELLITE, AHMEDABAD",,,,,
19370,BKS03088,MANGALDEEN AGENCY.,,Gujarat,Ahmadabad (Ahmedabad),"MANINAGAR, AHMEDABAD",,,,,
19397,BKS03115,MAHAJAN BOOK DEPOT.,,Gujarat,Ahmadabad (Ahmedabad),"SATELLITE, AHMEDABAD",,,,,
24163,BKS03512,NEW PARIKH GENERAL STORE,,Gujarat,Ahmadabad (Ahmedabad),"MANINAGAR , AHMEDABAD",,,,,
23149,BKS03499,MADHU BOOK AGENCY,,Gujarat,Ahmadabad (Ahmedabad),"2,3, HARISH CHAMBER , BELOW LITTLE STAR SCHOOL, KANKARIA, AHMEDABAD",,,,,
23132,BKS03483,HARIOM STATIONERS,,Gujarat,Ahmadabad (Ahmedabad),"VPO- NIKOL, AHMEDABAD-382350",,,,,
21934,BKS03307,CHANDRA MAULI STATIONERS,,Gujarat,Ahmadabad (Ahmedabad),"DRIVE INN ROAD, AHMEDABAD, GUJARAT",,,,,
20868,BKS03242,VIDHYARTHI BOOK DEPOT,,Gujarat,Ahmadabad (Ahmedabad),"GANDHI ROAD, AHMEDABAD--380001 (GUJARAT )",,,,,
20871,BKS03245,M/S RASHMI STATIONERS,,Gujarat,Ahmadabad (Ahmedabad),"BHUYANG DEV CROSS ROAD, AHMEDABAD-- 380061 (GUJARAT )",,,,,
19573,BKS03152,EDUCATION EMPORIUM,,Gujarat,Amreli,"AMRELI, GUJARAT",,,,,
18319,BKS03038,PATEL BOOK STORE,,Gujarat,Amreli,"STATION ROAD, COLLEGE CHOWK, GONDAL, AMRELI",,,,,
23017,BKS03375,AJAY BOOK STALL -VALLABH VIDYANAGAR,,Gujarat,Vallabh Vidyanagar(Vallabh Vidhyanagar),"KRISHNA KUNJ, NR. CROSS ROAD, MOTA BAZAR, VALLABH VIDYANAGAR, ANAND",,,,,
21984,BKS03354,GANESH TRADING CO.,,Gujarat,Palanpur,"PALANPUR, banskantha",,,,,
23125,BKS03477,SIDDHI VINYAK BOOK STORE,,Gujarat,Bhavnagar,"NR. HEAD POST OFFICE, HIGH COURT ROAD, NAWA PARA, BHAVNAGAR-364001",,,,,
21985,BKS03355,NATIONAL STORES,,Gujarat,Dohad (Ward No. 13),"M.G. ROAD, DAHOD,",,,,,
20884,BKS03257,STUDENT STATIONERS,,Gujarat,Gandhinagar,"GH6 PUJYA MOTA CIRCLES, ROAD NUMBER-6, SECTOR--29, GANDHINAGAR--382024 (GUJARAT )",,,,,
23156,BKS03505,NUPUR BOOK STATIONERIES,,Gujarat,Jamnagar,"AALAP AVENUE BULDING PARK COLONY, ROAD PARK COLONY, JAMNAGAR-361008",,,,,
24169,BKS03518,VIDHYARTHI BOOK STORE,,Gujarat,Jamnagar,"MODERN MARKET, NR. AMBER CINEMA, JAMNAGAR",,,,,
19380,BKS03098,VIDHYARTHI BOOK DEPOT.,,Gujarat,Jamnagar,"4, MODERN MARKET, NR. AMBAR CINEMA, JAMNAGAR",,,,,
18318,BKS03037,GAYATRI STATIONERY,,Gujarat,Kodinar,"NEAR NALENDA PARTHAMIK SHALA CHATJAPA, KODINAR, JUNAGARH",,,,,
18312,BKS03032,GAYTRI STATIONERY,,Gujarat,Kodinar,"NEAR NARENDRA PRATHMIK SHALA , CHATAJAPA, KODINAR",,,,,
19694,BKS00032,PAREKH AGENCIES,,Gujarat,Una,"ATMADEEP , 7, JANATA SOCIETY, OPP. ANANDRATIKA, UNA-362560, DISTT. JUNAGARH",,,,,
18310,BKS03030,GO2-THE STATIONERY MALL,,Gujarat,Porbandar,"OPP. SATYANARAYAN TEMPLE, DEVDARSHAN APARTMENT STREET, BARSANA COMPLEX, Porbandar, Gujarat 360575",,,,,
24198,BKS03546,BHUVANESHWARI BOOK STORE,,Gujarat,Gondal,"COLLEGE CHOWK, GONDAL-360311",,,,,
23018,BKS03376,JAI VARDHMAN BOOK STORE,,Gujarat,Jetpur Navagadh,"Near Kanya School,Jetpur station road,Jetpur​, rajkot-360370,",,,,,
23008,BKS03366,AAVKAR GENERAL STORE,,Gujarat,Morvi (Morbi),"PATEL KANYA CHHATRALAY ROAD, OPP. SARDAR BAUG, MORBI",,,,,
20875,BKS03249,VIJAY BOOK STORES,,Gujarat,Rajkot,"SHYAM NAGAR , NANAMAUWA MAIN ROAD, RAJKOT --360004 (GUJARAT )",,,,,
21905,BKS03278,VIJAY GENERAL STORE,,Gujarat,Rajkot,"NANA MAVA MAIN ROAD, RAJKOT, GUJARAT",,,,,
24171,BKS03520,DEV KRIUPA STATIONARY,,Gujarat,Rajkot,"B/H VIRANI SCHOOL, NR. BHAKTI NAGAR, STATION ROAD, RAJKOT",,,,,
18334,BKS03053,PRAMUKH ENTERPRISE,,Gujarat,Rajkot,"KALAMAND ROAD, RAJKOT-360005, GUJARAT",,,,,
18335,BKS03054,PARAGON PRINTERS,,Gujarat,Rajkot,"RAVI TOWER, BELOW, PNB, KALAWAD ROAD, RAJKOT-360005",,,,,
19818,BKS03193,NEMINATH ENTERPRISES,,Gujarat,Rajkot,"9, PANCHNATH PLOT, BEHIND PANCHNATH TEMPLE, RAJKOT-360001, GUJARAT",,,,,
19819,BKS03194,PARIMAL BOOK AGENCY,,Gujarat,Rajkot,"DR. YAGNIK ROAD, RAJKOT-360001, GUJARAT",,,,,
19820,BKS03195,VARIA BOOK AGENCY,,Gujarat,Rajkot,"GANDHI GRAM MAIN ROAD, OPP. NEMINATH SOCIETY, 150 FT. RING ROAD, RAJKOT-360005",,,,,
19821,BKS03196,GUJRAT BOOKS STORE,,Gujarat,Rajkot,"BAIJNATAN MADI MAIN ROAD, JAMNAGAR ROAD, RAJKOT-600001",,,,,
20865,BKS03239,DHAIRYA TRADING,,Gujarat,Rajkot,"KODHARIYA MAIN ROAD, RAJKOT ( GUJARAT )",,,,,
20866,BKS03240,PARIMAL PRAKASHAN,,Gujarat,Rajkot,"YAGHNIK ROAD, RAJKOT --360001(GUJARAT )",,,,,
20867,BKS03241,EKTA PRAKASHAN,,Gujarat,Rajkot,"UNIVERSITY ROAD, RAJKOT---360007 (GUJARAT )",,,,,
19400,BKS03117,STUDENT BOOK STORES,,Gujarat,Rajkot,"AKSHAR MARG, KALAWAD ROAD ,RAJKOT--360005, (GUJARAT )",,,,,
19394,BKS03112,ROYAL STATIONERS,,Gujarat,Rajkot,"SHOP NO. 14, SAGAR APARTMENT, RAJKOT-360005, GUJARAT",,,,,
19561,BKS03141,GUJARAT BOOK STORE,,Gujarat,Rajkot,"RAJKOT, GUJARAT",,,,,
24375,BKS03723,SHIV DISTRIBUTORS,,Gujarat,Rajkot,"MAIN BAZAR, JAMKHAMBHALIYA, RAJKOT- 361305",,,,,
19379,BKS03097,GOKUL STATIONERY,,Gujarat,Wankaner,"CHAWADI CHOWK, NEAR HANUMAN MANDIR ROAD, WAKANER, RAJKOT",,,,,
20858,BKS03232,SHOPPING POINT- SURAT,,Gujarat,Surat,"RUPALI NAGAR, BHATAR ROAD, SURAT",,,,,
20859,BKS03233,VIDYARTHI STORE -SURAT,,Gujarat,Surat,"SHOP NO. 28-29, P.O. BHATA, ADAJAN, SURAT, GUJ",,,,,
20860,BKS03234,SARASWATI BOOK HOUSE-SURAT,,Gujarat,Surat,"G.I.D.C. PONDESHARA, SURAT",,,,,
18320,BKS03039,JAGDISH BOOK POINT,,Gujarat,Surat,"OPP. BALAJI BHAKTI MANDIR, SURAT",,,,,
19371,BKS03089,CLASSIC BOOK SELLER & STATIONARY,,Gujarat,Surat,"20, MANMANDIR APART, SURAT",,,,,
20880,BKS03253,BULSAR BOOK STORE,,Gujarat,Surat,"1,2, SANTA APTT. ATWA GATE SURAT, GUJARAT-395001",,,,,
20881,BKS03254,KAZI BOOKS & STATIONERS,,Gujarat,Surat,"NEAR BUS STAND, PALANPUR , PARIA MASJID COMPOUND, RONDER ROAD, SURAT",,,,,
20882,BKS03255,MAHAKALI BOOK STORE,,Gujarat,Surat,"OPP. GITANJALI, VARACHCHA ROAD, SURAT-395001",,,,,
21986,BKS03356,THE POPULAR BOOK CENTRE-SURAT,,Gujarat,Surat,"JOLLY PLAZA, ATHUR GATE, SURAT-395001",,,,,
18313,BKS03033,NAVKAR BOOK AGENCY,,Gujarat,Surendranagar Dudhrej(Dudhrej),"TANKI CHOWK, SURENDRA NAGAR",,,,,
23065,BKS03420,JOY BOOKS,,Gujarat,Gorva,"No. 472,Om Housing Flat,Black # 21,Gorva,Arunachal Road,Vadodar-390016",,,,,
23066,BKS03421,KHODIYAR BOOK AGENCY,,Gujarat,Vadodara,"Opp. Jubliee Baugh,Near Bindoo Bookstall,Vadodara-390001",,,,,
23067,BKS03422,THE ALLIES STORES,,Gujarat,Vadodara,"Opp. Jubliee Baugh,Near Bindoo Bookstall,Vadodara-390001",,,,,
23068,BKS03423,JYOTHI ELECTRONICS,,Gujarat,Vadodara,"No.304,Apple Wood,Park Wood Society,OppJalanand Townshio,Refinary Gorva Road,Vadodar-391345",,,,,
23069,BKS03424,MITTAL SALES CORPORATION,,Gujarat,Vadodara,"S/1 Nandavan Shopping Centre Opp.Motinagar No.2,Opp.Gurudwara Temple,Sussen-Tarsali Road,Vadodara-390009",,,,,
23070,BKS03425,SAGAR BOOK SUPPLIERS,,Gujarat,Vadodara,"101/102,SUKHDHAM COMPLEX,MIRA DATAR'S TEKRA,NAVA BAZAR,VADODARA-390001",,,,,
23071,BKS03426,NILESH BOOK CENTRE,,Gujarat,Vadodara,"SB-2,GALAV CHAMBERS,DAIRY DEN CIRCLE,SAYAJIGUNJ,VADODARA-390020",,,,,
23072,BKS03427,SACHIN BOOK DEPOT & STATIONERY MART,,Gujarat,Vadodara,"Shop No.8/9 Sharad Nagar Shopping Centre,Tarsali,Vadodara-390009",,,,,
23059,BKS03415,UMAKANT BOOKSELLERS & STATIONERS,,Gujarat,Vadodara,"SB-5,IVORYTERRACE,OPP.OFFICERS FLAT,RCDUTT ROAD,ALKAPURI,VADODARA-390006",,,,,
23060,BKS03416,DIPESH BOOK SHOP,,Gujarat,Vadodara,"B/26 & 37,MAHUBHAI TOWER,NEAR PAYAL COMPLEX,OPP.M.S.UNIVERSITY,SAYAJIGUNJ,VADODARA",,,,,
23061,BKS03417,ACHARYA BOOK DEPOT,,Gujarat,Vadodara,"OPP.MAHATMA GANDHI GRUH,JUBLIEE GARDEN",,,,,
23062,BKS03418,JOSHI BROTHERS,,Gujarat,Vadodara,"GROUND FLOOR,KRISHNA KRUPA,MIRA DATTAR TEHRO,NAVA BAZAR,BAJWADA,MANDVI",,,,,
23085,BKS03439,V. K. Traders,Mr. Kanu Patel,Gujarat,Vadodara,"G-21,Atmiya Complex,Maneja crossing, Makerpura",,7802043155,390013,,
23089,BKS03443,Shreeji Book Depot,Mr. Mahesh Agarwal,Gujarat,Vadodara,4/8 Sevashram society Near Atmajoyti Ashram Elora park,,982464935,390023,,
21906,BKS03279,"ALLICE BOOK STORE, VADODARA",,Gujarat,Vadodara,"VADODARA-390023, GUJARAT",,,,,
19569,BKS03148,Tulsi Book shop,0,Haryana,Ambala,"Manav chowk, jalvera road-134003",,0,0,,
19570,BKS03149,Print Master,0,Haryana,Ambala Cantonment,"D-21,Durga chand, Sudagar bazaar, sardar bazaar, Ambala Cantt",,0,0,,
19571,BKS03150,Print Master,0,Haryana,Ambala Cantonment,"sodagar Bazar, Ambala Cantt",,0,0,,
21947,BKS03320,mahesh &company,0,Haryana,Bhiwani,Dinod gate opp vaish sr sec school,,0,0,,
1094,BKS01082,SAI BOOK CENTRE,Mr vikash Bansal,Haryana,Charkhi Dadri,"OLD DELHI ROAD , MAIN BAZAR",,9355940709,127306,,
23019,BKS03377,BOOK CARE CENTRE,MR. VIPIN SHARMA,Haryana,Gurgaon,SHREE RAM COLONY GURUGRAM,,9873621670,122102,,
21954,BKS03326,Neha traders,0,Haryana,Jhajjar,chuchkwash road model town,,0,0,,
21932,BKS03305,Ahuja pustak bhandar,0,Haryana,Jind,sh12 Patiyala road jind,,0,,,
1091,BKS01079,MALHOTRA BOOK SHOP,Mr Malhotra,Haryana,Panchkula (Urban Estate),SECTOR-15,,9316100026,134115,,
15145,BKS02870,GOYAL STATIONERS AND BOOK SELLERS,Mr.Arvind Goyal,Haryana,Panipat,"SALAR GANJ GATE,DEVI MANDIR ROAD",,9812064112,132103,,
15146,BKS02871,GOYAL STATIONERS AND BOOK SELLERS,Mr.Arvind Goyal,Haryana,Panipat,"SALAR GANJ GATE,DEVI MANDIR ROAD",,9812064112,132103,,
19555,BKS03135,Mittal Books Deepu,Mr. Veerbhan Mittal,Haryana,Samalkha,Near sabji mandi,,9416742082,132101,,
19838,BKS03212,Nirmal book distibutor,0,Haryana,Rohtak,opp vishwkarma high school,,0,,,
19356,BKS03075,B k Enterprises,0,Haryana,Rohtak,1633/21 opp kirpal nagar saini school road,,0,,,
24250,BKS03598,swami kitab ghar,0,Haryana,Rohtak,kaccha beri road rohtak,,0,,,
24251,BKS03599,Brij lal & sons,0,Haryana,Rohtak,Railway road rohtak,,0,,,
24265,BKS03613,Tinku book depot,0,Haryana,Rohtak,D park Rohtak,,0,0,,
1087,BKS01076,APNA SATIOONERS ROHTAK,sajjan deswal,Haryana,Rohtak,SHILA BYE PASS,,,124001,,
1096,BKS01084,BASANT BOOKS,Mr. Ashish,Haryana,Rohtak,KEWAL GANJ,,97299035810,124001,,
19675,BKS03170,Haryana Books Deepu,Mr.Parveen,Haryana,Ganaur,Near Railway Station,,9896263401,131104,,
19551,BKS03131,Batra Book Deepu,mr.sumit batra,Haryana,Sonipat,Geeta Bhawan Chowk Sonipat,,9215840041,131001,,
1088,BKS01077,DEEPAK PUSTAK BHANDAR,MR DEEPAK AND MR PAWAN,Haryana,Yamunanagar,MODEL TOWN OPPOSITE CHIMNEY RESTAURANT,,,135001,,
19680,BKS03175,Anjum Enterprise Mandi,0,Himachal Pradesh,Sundarnagar,Mandi,,0,0,,
23142,BKS03492,Goyal Book Depot,0,Jammu and Kashmir,Akhnoor,Main Bazar Akhnoor Opposite HDFC Bank Akhnoor,,0,181201,,
24257,BKS03605,prabu kripa bookseller,0,Jammu and Kashmir,Chanor,chinore jammu,,0,,,
24278,BKS03626,Sanjay pen and stationery sto,0,Jammu and Kashmir,Jammu,rehari colony jammu,,0,,,
23143,BKS03493,sunny books center,0,Jammu and Kashmir,Jammu,shastri nagar jammu,,0,0,,
23028,BKS03385,D.D ENTERPRISES,0,Jammu and Kashmir,Muthi,"SHANTI COMPLEX,OPP LIONS GYM POLOURA JAMMU",,0,,,
23144,BKS03494,vipan book depo,0,Jammu and Kashmir,Satwari,satwari can't jammu,,0,0,,
18328,BKS03047,moin book shop,0,Jammu and Kashmir,Badami Bagh,sonwar,,0,0,,
18326,BKS03045,wani brother's,0,Jammu and Kashmir,Srinagar,gojwara Srinagar,,0,0,,
18327,BKS03046,ILM book shop,0,Jammu and Kashmir,Srinagar,safa kadal,,0,0,,
18307,BKS03027,M G Enterprises,,Jammu and Kashmir,Srinagar,shampora nowhatta...,,,190001,,
19395,BKS03113,book mark,0,Jammu and Kashmir,Srinagar,zanina kadal Srinagar,,0,,,
1082,BKS01074,BOOK MARK,Mudsur posh,Jammu and Kashmir,Srinagar,ZAINA KADAL,,,190002,,
21975,BKS03346,sahitya mandir,0,Jharkhand,Dhanbad,railway cinema road dhanbad,,0,,,
23121,BKS03474,Utkal Book Agency,0,Jharkhand,Jamshedpur,"107, Sakchi Bazar Jamshedpur-831001 Jharkhand",,0,0,,
20845,BKS03220,children book,0,Jharkhand,Giridih,alkapuri,,0,,,
20851,BKS03226,children book line,0,Jharkhand,Sahibganj(Sahebganj),habibpur road-Sahibganj-816109,,0,0,,
24284,BKS03632,Vivek Bharti,0,Jharkhand,Chaibasa,opp main post office Jhinkpani road Chaibasa,,0,,,
21895,BKS03269,Sri Nanjundeshwara Buy and Save,Mrs. Girish,Karnataka,Dod Ballapur (Doddaballapura),"Near Vasavi Kalyana Mantapa, Doddaballapura",,9844299717,562103,,
21898,BKS03271,M/S VKML BOOKS,MR. RAMJI POOSARLA,Karnataka,Bangalore [Bangalore],"NO-583, WOC ROAD, 2ND STAGE,11TH CROSS, NAGAPURA MAIN ROAD, MAHALAKSHMIPURAM",,8884844441,560086,,
21899,BKS03272,Priya Books,Mr.Bijju,Karnataka,Bangalore [Bangalore],"Akshayanagara West, Akshaya Gardens, Akshayanagar, Bengaluru, Karnataka 560076",,9986066921,560076,,
20885,BKS03258,SUMAN BOOKS & STATIONERY,MR. BABU LAL,Karnataka,Bangalore [Bangalore],"NO - 143, SANJAYNAGAR MAIN ROAD, ASHWATH NAGAR",,9341244701,560094,,
20873,BKS03247,Avinash Paper & Stationery,Mr. Avinash,Karnataka,Bangalore [Bangalore],"No#5, 5th main road, Ganganagar, Bangalore",,9742131346,560032,,
20869,BKS03243,JESARK ENTERPRISES PVT. LIMITED,,Karnataka,Bangalore [Bangalore],"65, JIGANI MAIN ROAD, BANNERGHATTA CIRCLE, BANGALORE-560083",,,,,
21930,BKS03303,AURA INFOMDEDIA,MR. RAJA,Karnataka,Bangalore [Bangalore],"NO - 434, 5th MAIN, 2ND BLOCK, HBR LAYOUT, KALYAN NAGAR,",,8043709274,560043,,
21939,BKS03312,M/S VYABHAVA BOOK AGENCIES,MR. DEVRAJ,Karnataka,Bangalore [Bangalore],"NO - 11, 16TH CROSS, LAKKASANDRA",,9845017824,560030,,
21940,BKS03313,DEEKSHA ENTERPRISES,MR. UMESH,Karnataka,Bangalore [Bangalore],"NO - 101, 4TH MAIN, 7TH CROSS, CHAMRAJPET",,9845423979,560018,,
21943,BKS03316,ST. MARYS BOOK HOUSE- ULSOOR,,Karnataka,Bangalore [Bangalore],"ULSOOR, INDRANAGAR, BANGALORE",,,,,
21946,BKS03319,CBM IMPEX,Mr.Suresh,Karnataka,Bangalore [Bangalore],"#45 KK Complex Shankarmutt Main Road, Basavanagudi, Bengaluru, Karnataka 560004",,9343088815,560004,,
21912,BKS03285,SRI SAI RAM BOOK HOUSE.,,Karnataka,Bangalore [Bangalore],"NO - 35/2,AVENUE ROAD, BALLAPURPET, NAGARATH PATE, BANGALORE-560002",,,,,
21913,BKS03286,M/S SRI SAI RAM BOOK HOUSE,MR. SUBRAMANYA,Karnataka,Bangalore [Bangalore],"NO - 35/2,AVENUE ROAD, OPP. KAMAT HOTEL",,9449212946,560002,,
21908,BKS03281,M/S SRI RAGHVENDRA STORES,MR. MADAN,Karnataka,Bangalore [Bangalore],"No. - 388, 19TH H MAINI, 10TH CROSS, 1ST N BLOCK, RAJAJINAGAR",,9448241364,560010,,
21909,BKS03282,Srinivas Store,Mr.Srinivas,Karnataka,Bangalore [Bangalore],"9th Cross Road, Chamrajpet bangalore - 560018",,8026741376,560018,,
23020,BKS03378,SRI LAKSHMI BOOKS & STATIONERS,MR. BASAVARAJ,Karnataka,Bangalore [Bangalore],"No-13, Sri Lakshmi Nivasa, 3rd Cross, Kudalsangamanagar, Sunkadekatte, Magadi Road,",,9972405065,560091,,
21955,BKS03327,M/S SAGAR AGENCY,MR. VIJAY,Karnataka,Bangalore [Bangalore],"NO. - 996, 10TH A CROSS, SBM COLONY, BANASHANAKRI 1ST STAGE",,9845278639,560050,,
21959,BKS03331,M/S V G P ENTERPRISES,MR. GURU PRASAD,Karnataka,Bangalore [Bangalore],"SHOP NO. - 68, CHUNCHANGHATTA, KONANAKUNTE, BANGALORE",,9448046798,560062,,
21960,BKS03332,M/S PRIME EDVENTURES PVT. LTD,MR. S K KHUSHDIL,Karnataka,Bangalore [Bangalore],"16 & 17, 'C' CROSS, 43RD CROSS, IDEAL HOMES TOWNSHIP, 2ND STAGE, RAJARAJESHWARINAGAR,",,9886040415,560098,,
21970,BKS03341,R. A. N. STORES,MR. MURALI KRISHNA,Karnataka,Bangalore [Bangalore],"No-1811, 12th Main, 34th Cross, BANASHANKARI 2ND STAGE",,9964384409,560070,,
23053,BKS03410,MUKHYAPRANNA ENTERPRISES,,Karnataka,Bangalore [Bangalore],"FLAT NO: 105, IST FLOOR, MANJITO NORTHLITE APARTMENTS, ANANTHAPURA MAIN ROAD, YELAHANKA, BANGALORE-560064",,,,,
23044,BKS03401,WISDOM ENTERPRISE,,Karnataka,Bangalore [Bangalore],"NAGVARA MAIN ROAD, BANGALORE",,,,,
23045,BKS03402,ST. MARYS BOOK HOUSE,,Karnataka,Bangalore [Bangalore],"Cambridge Layout, 42, Shirdi Sai Baba Mandir Rd, Someshvarapura Layout, Jogupalya, Bengaluru, Karnataka 560008",,,,,
23046,BKS03403,PAWAN BOOK CENTER- R.T. NAGAR,,Karnataka,Bangalore [Bangalore],"R.T. NAGAR, BANGALORE",,,,,
23042,BKS03399,CHANDU ENTERPRISES,,Karnataka,Bangalore [Bangalore],"#341, 4TH MAIN ROAD, 6TH CROSS, 2ND PHASE, W.O.C. RD, MANJUNATHNAGAR, BANGALORE",,,,,
20842,BKS03217,THE TANWAR STORES,MR. DHARMENDRA,Karnataka,Bangalore [Bangalore],"No -1, 1st Floor, Above HDFC Bank, Gangamma Circle,",,8028386266,560013,,
19693,BKS03177,Sri Sai Ram Book Store,Mr. Ram,Karnataka,Bangalore [Bangalore],"No 35/2, Avenue Road, Bangalore Opposite Kamat Hotel Building",,9152332542,560002,,
19718,BKS03180,Sharan Entp,Mr Ramesh,Karnataka,Bangalore [Bangalore],Banasawdi Bangalore,,9343333011,560043,,
19720,BKS03182,SRI SAI RAM BOOK HOUSE,Mr.Ram,Karnataka,Bangalore [Bangalore],"Avenue Rd, Ballapurpet, Nagarathpete, Bengaluru, Karnataka 560053",,9738881088,560053,,
19677,BKS03172,M/S SCHOOL BOOK WORLD,MR. PRABHU D N,Karnataka,Bangalore [Bangalore],"No-72,73, 2nd Main Road, 7th Cross, Raja Layout, Nagadevanahalli, Gnanabharti post, Bangalore - 560056",,9980912993,560040,,
19678,BKS03173,M/S SUNSHINE ENTERPRISES,MR. GIRISH M P,Karnataka,Bangalore [Bangalore],"No-128, 7th Cross, 17th Main Road, Freedom Fighter Colony, Laggere,",,9980031304,560058,,
19679,BKS03174,The Tanwer Stores,,Karnataka,Bangalore [Bangalore],"1st Floor, Gangamma Circle, Kalattur Layout, Jalahalli, Bangalore-560013",,,,,
19594,BKS03154,M/S SRI DURGA BOOK AGENCIES,MR. M K MURTHY,Karnataka,Bangalore [Bangalore],"No - 26, VEERAPILLAI STREET, 2ND PARALLAL TO COMMERCIAL STREET, SHIVAJINAGAR",,9448058677,560001,,
19595,BKS03155,M/S SRI DURGA BOOK STALL,MR. RAJU M K,Karnataka,Bangalore [Bangalore],"no - 41, STEPHEN'S SQAUARE, OPP. RUSSEL MARKET,",,9916666821,560051,,
19610,BKS03156,M/S SUBHAS ENTERPRISES,MR. A R NAGESH,Karnataka,Bangalore [Bangalore],"No- 2/3, 6th Cross, Next to Girias Showroom, Old Guddahalli, Mysore Road",,9886448148,560026,,
19611,BKS03157,M/S S V L ENTERPRISES,MR. T S SANTOSH,Karnataka,Bangalore [Bangalore],"No- 12/1, Mathikere main Road, LIC Building, G M N Complex, Gokula 1st Stage,",,7026638555,560054,,
19612,BKS03158,M/S PRIDE ENTERPRISES,MR. RIZVI,Karnataka,Bangalore [Bangalore],"No-903, 2nd Cross, 11th Block, Halu Narsimhaiah Badvane, Near Vinayaka Park, Papareddypalya, Nagarbhavi 2nd Stage",,9886269786,560072,,
19732,BKS03185,VISHWAS BOOK & STATIONARY,MR. VASUDEV,Karnataka,Bangalore [Bangalore],"No - 225, THIMMAIAH ROAD, 13TH MAIN, 1ST BLOCK, 3RD STAGE, WEST OF CHORD ROAD, BASAVESHWARANAGAR",,9343494944,560010,,
19401,BKS03118,VGP ENTERPRISES,,Karnataka,Bangalore [Bangalore],"KONANAKUNTE CROSS, BANGALORE-560062",,,,,
19369,BKS03087,M/S CAMBRIDGE BOOK HOUSE,,Karnataka,Bangalore [Bangalore],"ULSOOR, BANGALORE",,,,,
19560,BKS03140,H & C STORE - JAYANAGAR,,Karnataka,Bangalore [Bangalore],"4THE BLOCK, JAYANAGAR, BANGALORE-560011, KARNATAKA",,,,,
19614,BKS03160,M/S KEDAMBADI BOOK DEPOT,MR. PRADEEP K K,Karnataka,Bangalore [Bangalore],"No-133, 14th Block, Nagarbhavi 2nd Stage",,9845017821,560072,,
19615,BKS03161,M/S SREEKRISH BOOK DISTRIBUTORS,MR. S RAGHURAMAN,Karnataka,Bangalore [Bangalore],"No - 549, 9th Main, 2nd Block, Near Srinivasa Kalyan Mantap, Rajajinagar",,9342529207,560010,,
19616,BKS03162,M/S KVS AGENCY,MR. VISHAL SHARMA,Karnataka,Bangalore [Bangalore],"No -118, 5th A Cross, 4th Main, Vidyagiri Layout, Nagarbhavi",,9945048164,560072,,
19617,BKS03163,M/S S S K ENTERPRISES,MR. B N KRISHNAMURTHY,Karnataka,Bangalore [Bangalore],"No -19, 12th Cross, 9th Main, Swiming Pool Extension, Near Palace Guttahalli Circle, Malleshwaram",,9448475239,560003,,
19618,BKS03164,M/S HEMA BOOK WORLD,MR. SUNIL JAIN,Karnataka,Bangalore [Bangalore],"No-12/1, R V Road Cross, V V Puram, Near Lal Bagh West Gate",,9945731121,560004,,
19619,BKS03165,HEMA BOOK STORES,,Karnataka,Bangalore [Bangalore],"Main BEML, Road-21, 80 Feet Road, Indiranagar, Bengaluru-560075",,,,,
19620,BKS03166,M/S C B M IMPEX,MR. SURESH BHANSALI,Karnataka,Bangalore [Bangalore],"No - 45, K. K. Complex, Shankarmutt Main Road, Basavangudi",,9343088815,560004,,
19621,BKS03167,M/S KNOWLEDGE PUBLISHERS & DISTRIBUTORS,MR. B N SUNIL,Karnataka,Bangalore [Bangalore],"No-58, 4th Cross, SSI Area, 5th Block, Rajajinagar",,9448071434,560010,,
19622,BKS03168,SUBHAS PUBLISHING HOUSE-BANGALORE,,Karnataka,Bangalore [Bangalore],"No -21, New Timber Yard Layout, Off Mysore Road",,,,,
19623,BKS03169,M/S V R BOOKSELLERS,MR. MADAN,Karnataka,Bangalore [Bangalore],"RADHA BUILDING, MALLESHWARAM CIRLCLE",,9845358441,560003,,
19358,BKS03076,KNOWLEDGE PUBLISHERS& DISTRIBUTORS,,Karnataka,Bangalore [Bangalore],"RAJAJINAGAR INDUSTRIAL AREA , BANGALORE",,,,,
19359,BKS03077,SRI VENKATESHWARA BOOK STALL,,Karnataka,Bangalore [Bangalore],"NO-2940 /B, MKK ROAD, 2ND STAGE, RAJAJI NAGAR, BANGALORE",,,,,
19362,BKS03080,M/S SATISH AGENCIES,,Karnataka,Bangalore [Bangalore],"MAHALAKSHMI LAYOUT , BANGALORE",,,,,
24220,BKS03568,M/s Vaiku Inc.,0,Karnataka,Bangalore [Bangalore],"No-77, 11th Cross, Income Tax Layout, Byderhalli, Magadi Road, Bangalore -560092",,0,0,,
472,BKS00464,DONALD ENTERPRISES,,Karnataka,Bangalore [Bangalore],"NO-72 10TH CROSS 1ST MAIN BHARTI LAYOUT BALAJI NAGAR DRC POST, BANGALORE",,,,,
473,BKS00465,DURGA BOOK AGENCIES,,Karnataka,Bangalore [Bangalore],"NO- 26 VEERAPILLAI STREET, SHIVAJINAGR, BANGALORE-560001",,,,,
542,BKS00534,SRINIVASA STORES,,Karnataka,Bangalore [Bangalore],"3RD MAIN ROAD, 9TH CROSS, CHAMRAJPET, BANGALORE-560018",,,,,
529,BKS00521,SHWETHA AGENCIES,,Karnataka,Bangalore [Bangalore],"#400/7, OOLIGA COMPLEX, NEAR 8TH CROSS, SAMPIGE ROAD, MALLESWARM, BANGALORE",,,,,
547,BKS00539,UTILITY INC.,,Karnataka,Bangalore [Bangalore],"NO- 31/1 EAST PARK ROAD 18TH CROSS MALLESHWARAM, BANGALORE",,,,,
544,BKS00536,SUBHAS PUBLISHING HOUSE PVT. LTD.,,Karnataka,Bangalore [Bangalore],"NEW TIMBERYARD LAYOUT, TELECOM COLONY, SRINAGAR, AZADNAGAR, BANGALURU-560018",,,,,
496,BKS00488,M/S NAVSAHITYA BOOK STALL & STATIONERY,,Karnataka,Belgaum,"SAMADEVI ROAD, BELGAUM-590006 (KARNATAKA )",,,,,
19364,BKS03082,M/S PRASAD ENTERPRISES,,Karnataka,Belgaum,"PRASAD ARCADE 3RD FLOOR, M.P. ROAD, SHAHPUR, BELGAUM",,,,,
20872,BKS03246,P.B.D. EDUCATION WORLD,,Karnataka,Belgaum,"PRASAD ARCADE, 3RD FLOOR, M.P. ROAD, SHAHPUR-590003, BELGAVI",,,,,
19723,BKS03184,PRATHAM BOOK DISTRIBUTORS,MR. MADHU REDDY,Karnataka,Bellary,"No -4, Vishal Nagar, Sri Sai Baba Temple road, Bellary",,9845933522,583101,,
19613,BKS03159,M/S NEW HEMA BOOK CENTRE,MR. P PRASAD,Karnataka,Bellary,"Opp Old KSRTC Bus Stand, Mayura Hotel Complex, Double Road, Bellary",,9945862948,583101,,
19676,BKS03171,M/S TECHNO BOOK CENTRE,MR. T SURESH BABU,Karnataka,Bellary,"No - 162, Bangalore Road",,9448070489,583101,,
20853,BKS03228,M/S SHIVA AGENCIES,MR. HARISH,Karnataka,Sandur,"TORANGALLU R S, HOSPET-BELLARY MAIN ROAD, SANDUR TQ,",,9916062424,583123,,
19827,BKS03202,COLOUR CODE TRADERS,,Karnataka,Mangalore,"OPP. PVS, KALKUNJE, MANGALORE-575003, D. KANNAD",,,,,
19753,BKS03189,SITA BOOK HOUSE,,Karnataka,Mangalore,"MANGALORE, DISTT. DAKSHIN KANNADA-575002",,,,,
19365,BKS03083,M/S SINDHU BOOKS,,Karnataka,Davanagere (Davangere),"OPP. OLD APOORVA HOTEL, BEERALINGESHWARA, MAIDANA P.B ROAD, DAVANGERE",,,,,
19361,BKS03079,M/S LAXMI AGENCIES,,Karnataka,Davanagere (Davangere),"GURU BAAVAN BUILDING COMPLEX, BESIDE HALLI MANE HOTEL P.J EXTN. DAVANGERE",,,,,
19363,BKS03081,SHREE BALAJI &SHREE SIDDESHWAR,,Karnataka,HUBLI,"ROAD LINES, TIMMASAGAR ONI , HUBLI DIST DHARWAD",,,,,
19366,BKS03084,M/S AJAY AGENCIES,,Karnataka,HUBLI,"NO-41, C, CENTRAL EXCISE COLONY, GOKUL ROAD, HUBLI, DIST DHARWAD",,,,,
19367,BKS03085,M/S VINAYAK ASSIOCIATES,,Karnataka,HUBLI,"SHIVANAND EXTN. , NAVANAGAR, HUBLI DIST DHARWAD",,,,,
20886,BKS03259,A.M.KARDI & SON,,Karnataka,HUBLI,"STATION ROAD, HUBLI-580020, DHARWAD",,,,,
21988,BKS03358,R.S. AGENCIES,,Karnataka,HUBLI,"NO. 143 R.M. LOHIA NAGAR, GOKUL ROAD, HUBLI",,,,,
24329,BKS03677,SAPNA BOOK HOUSE- HUBLI,,Karnataka,HUBLI,"HUBLI,",,,,,
23133,BKS03484,M/s S L V Books Distributors,0,Karnataka,Bethamangala,"Nayanahalli, Guttahalli Post, Bethamangala, KGF Taluk",,0,,,
24160,BKS03509,UNICORN ENTERPRISES,0,Karnataka,Belvata,"266, 1st floor, 5th Main, 8th Cross, Vijayanagar 1st stage, MYSORE",,0,,,
19375,BKS03093,SUMEDHA SUPPLIERS,,Karnataka,Mysore,"J.P. NAGAR, MYSORE",,,,,
19531,BKS03126,SRINIVASA BOOKS AGENCY,,Karnataka,Mysore,"2951,Temple Road,VV Mohalla, Mysore",,,,,
563,BKS00555,SUKRUTHI BOOK AGENCIES,,Karnataka,Mysore,"JAYA NAGAR ,MYSORE",,,,,
23138,BKS03488,M/ Nishanth Agencies,0,Karnataka,Shimoga,"Sanjeevani Nilaya, Durgigudi, 3rd Cross, Park Extension, Shivamogga",,0,,,
23051,BKS03408,"PRESIDENCY BOOK WORLD, TUMKUR",,Karnataka,Tumkur,"R.T. NAGAR, TUMKUR",,,,,
19721,BKS03183,Palasandra Promoters,Shanta Raju,Karnataka,Tumkur,"Jayadeva Complex, Bengaluru - Honnavar Rd, Ward No. 18, Tumkur, Tumakuru,",,9448214377,572101,,
16248,BKS02966,ROSE ENTERPRISES DISTRIBUTORS OF SCHOOL BOOKS & STATIONARY,,Kerala,Angamaly,"MOOKKANNOOR, ANGAMALY",,,,,
24374,BKS03722,OLIVE BOOKS DISTRIBUTORS,,Kerala,Kalady,"KALADY, ERNAKULAM, KERALA",,,,,
19398,BKS03116,PUPIL FOUNDATION,Mr.MURALI,Kerala,Kochi [Cochin],"SAROVAR FIRST FLOOR, KARSHAKAROAD, Br.MAVOORAF, ERNAKULAM",,9388488757,682016,,
23096,BKS03450,H & C STORES -KOCHI,,Kerala,Kochi [Cochin],"KOCHI, ERNAKULAM, KERALA",,,,,
571,BKS00563,ACADEMIC BOOK HOUSE,,Kerala,Kochi [Cochin],CHITTOOR ROAD ERNAKULAM KOCHI,,,,,
19830,BKS03205,ADITHYA BOOK HOUSE,,Kerala,Perumbavoor,"PERUMBAVOOR, DISTT. ERNAKULAM",,,,,
18322,BKS03041,CENTRAL BOOK DEPOT.,,Kerala,Thrippunithura,"NEAR BUS STAND, TRIPUNITHURA, ERNAKULAM",,,,,
16262,BKS02979,H & C BOOK SELLER,,Kerala,Kannur,RASHEEDA BUILDING BANK J.N,,,,,
19393,BKS03111,A & B DISTRIBUTORS,,Kerala,Kannur,KANNUR,,,,,
23043,BKS03400,UNITED BOOKS HOUSE- TALAP,,Kerala,Kannur,"VPO- TALAP, KANNUR",,,,,
23128,BKS03480,JUMBO BOOKS,0,Kerala,Kannur,"FORT ROAD, KANNUR",,0,,,
23153,BKS03502,ARSHIYA ENTERPRISE LS,0,Kerala,Pariyaram (Pilathara),MR. BIJU LUKOSE,,0,,,
19733,BKS03186,SUVIDYA BOOK HOUSE,Mr. MANOJ,Kerala,Madhur,"BHAGAVATHY NAGAR Jn:, ULIYATHADUKKA, CHOWKI ROAD,",,9447727212,671124,,
592,BKS00584,VEB DISTRIBUTORS,,Kerala,Kollam,"NANTHIRICKAL, KUNDARA - ANCHALUMMOODU ROAD, VELLIMON",,,,,
16260,BKS02978,H & C STORES,,Kerala,Kottayam,"HOSPITAL JUNCTION, PALA , KOTTAYAM",,,,,
19368,BKS03086,PRIYA BOOK CENTRE,,Kerala,Kottayam,"RAJESWARY COMPLEX, CHANGANACHERRY, KOTTYAM",,,,,
23097,BKS03451,BOOK CENTRE - KOTTAYAM,,Kerala,Kottayam,"COLLEGE ROAD, BAKER JUNCTION, KOTTAYAM-686001",,,,,
21961,BKS03333,PRIYA BOOKS.,,Kerala,Kottayam,"KOTTYAM, KERALA",,,,,
19822,BKS03197,THIROORANGADI BOOKS,,Kerala,Kozhikode [Calicut],"JAFAR KHAN COLONY ROAD, KOZHICODE, KERALA",,,,,
19823,BKS03198,TBS BOOK STALL (CALICUT),,Kerala,Kozhikode [Calicut],"MUTHALAKKULAM, PALAYAM, KOZHICODE, KERALA",,,,,
19841,BKS03215,FREEDOM BOOKS,,Kerala,Kozhikode [Calicut],"BALUSSERY, DISTT. KOZHIKODE",,,,,
596,BKS00588,H & C STORES - CALICUT,,Kerala,Kozhikode [Calicut],"GALLERIA TRADE CENTRE OPP.NEW BUS STAND MAVOOR ROAD, CALICUT",,,,,
590,BKS00582,BOOK MART (KOZHIKKOD),,Kerala,Kozhikode [Calicut],"THANKAM COMPLEX, ASHRAMAM ROAD,CHINNAKKADA, KOZHIKODE",,,,,
21974,BKS03345,TIME SOLUTIONS & DISTRIBUTORS,,Kerala,Chalakudy,"NEAR CARMEL ACADEMY, CHALAKUDY, THRISSUR, KERALA",,,,,
18275,BKS02996,PISCES AGENCIS,,Kerala,Kodungallur,"SRINGAPURAM , KODUNGALLUR, THRISSUR",,,,,
17269,BKS02989,GIFTHALIYA BOOK SUPPLIERS,,Kerala,Thrissur,NELLIKUNNU--THRISSUR,,,,,
18324,BKS03043,H & C WHOLE SALE DIVISION,,Kerala,Thrissur,"IKKANDA WARIYAR ROAD, THRISSUR-680001",,,,,
23041,BKS03398,TIMES SOLUTIONS & DISTRIBUTOR,,Kerala,Thrissur,"XX1/463, MALIYEKKAL BULDG.RLY STATION RD, CHALAKUDY, THRISSUR, KERLA",,,,,
14077,BKS01806,MAA MARKETING,Mr.Vinay Mishra,Madhya Pradesh,Anuppur,NEAR BUS STAND ANUPPUR MADHYA PRADESH,,7566710459,484224,,
14078,BKS01807,VIKASH BOOKS & STATIONERS,,Madhya Pradesh,Anuppur,TAXI STAND BHALUMADA ROAD KOTMA ANUPPUR--484336,,,,,
24383,BKS03731,ASHOK BOOK CENTER,MR.ASHOK JAI OWNER,Madhya Pradesh,Ashoknagar,"GANDHI CHAWK ,ASHOK NAGAR",,9926254590,473338,,
24384,BKS03732,TAPASYA STATIONARY STORE,MR.DIVYANK MUDGAL,Madhya Pradesh,Ashoknagar,"Rajeshwari road , shivpuri (M.P)",,8871797776,473551,,
21929,BKS03302,MUNNA STORE,,Madhya Pradesh,Balaghat,"CHIRTRAGUPT NAGAR, BALAGHAT--481001",,,,,
14147,BKS01876,GUPTA BOOK STORES,Mr.Prince Gupta,Madhya Pradesh,Sendhwa,NEAR OLD BUS STAND SENDHWA,,9826384548,451666,,
14082,BKS01811,ASHTHA BOOK STORE,Mr.Dilip Deshmukh,Madhya Pradesh,Betul,"BESIDE GAYATRI MANDIR, TAPTI PARKRIMA MARG, MULTAI BETUL",dilipdes002@rediffmail.com,9993045475,460660,,
14083,BKS01812,SAI SHRADDHA COLLECTION,Mr.Nilesh Wadurker/ Mr.Ajay Wadurker,Madhya Pradesh,Betul,NEAR BUS STAND PRABHAT PATAN BETUL,nileshwadurker786@gmail.com,9424436012,460665,,
14084,BKS01813,KHANDELWAL GENERAL STORE,Mr.Saransh Khandelwal,Madhya Pradesh,Betul,MAIN MARKET BETUL GANJ,Khandelwal_kgs@yahoo.co.in,7141231042,460001,,
24397,BKS03745,BALWADI PUSAK BHANDAR,MR.AMIT JAIN,Madhya Pradesh,Bhind,BYAPAR MONDAL DHARMSHALA NEAR AGRASEN CHAWK BHIND M.P,,9826263335,477001,,
24398,BKS03746,DEEPAK & COMPANY,MR.D.K.JAIN,Madhya Pradesh,Bhind,"BHAGWATI PALACE PUSTAK BAZAR , BHIND",,9826880050,477001,,
24353,BKS03701,SUMAN ENTERPRISES,MR. JEETU BHAI,Madhya Pradesh,Bhopal,"SHOP NO. 160, SANT HIRDARAM NAGAR MARKET, ALLAHABAD BANK ROAD, BAIRAGARH",,9827319411,462030,,
24347,BKS03695,ABHISHEK BOOK DEPOT,MR. AMAN JAIN,Madhya Pradesh,Bhopal,"53- C, INDRAPURI, BHEL",,9826222728,462022,,
24344,BKS03692,BHARAT BOOK DEPOT,MR. AFTAB KHAN,Madhya Pradesh,Bhopal,"SHOP NO. B- 5, PRAGATI PARISHAR, DEPOT CHOURAHA, JAWAHAR CHOWK",,9329867715,462003,,
21969,BKS03340,MS. DEEPIKA C/O BHOPAL BRANCH LAND LORD,,Madhya Pradesh,Bhopal,BHOPAL GBP BRANCH,,,,,
23021,BKS03379,LEO BOOKS,MR. VANRAJ PAUL,Madhya Pradesh,Bhopal,"SHOP NO. 9-10, NANAK COMPLEX, GOVIND GARDEN, RAISEN ROAD",,9826088242,462021,,
23024,BKS03382,HAIDRY STATIONERY & BOOK STORE,MOHD MUST ALI,Madhya Pradesh,Bhopal,"SHOP NO. 13, JAHANGIRABAD CHOURAHA , JAIL ROAD,",,9993776692,462008,,
23035,BKS03392,PRADEEP BOOKS & STATIONERY,,Madhya Pradesh,Bhopal,"SHIV MANDIR, GOL CHAKRA, BAIRAGARH, BHOPAL - 462 026",,,,,
23056,BKS03412,RAGINI BOOKS & STATIONERS,MR. JAGPRAVESH GUPTA,Madhya Pradesh,Bhopal,"HATHAI KHEDA ROAD, ANAND NAGAR, BHOPAL",,9425370377,462021,,
14192,BKS01921,MAHESH TRADERS,Mr.Prakash Gandhi,Madhya Pradesh,Bhopal,"187, JINSI CHOURAHA OPP INDANE GAS AGENCY BHOPAL",,9425019965,462008,,
14193,BKS01922,SHIKSHA BOOK DEPOT,,Madhya Pradesh,Bhopal,M-117/ A BAGHMUGALIYA NEAR RYAN SCHOOL BHOPAL,,9893075428,462043,,
14194,BKS01923,RAJESH STATIONERY & GENERAL STORES,Mr.Pankaj Khatwani,Madhya Pradesh,Bhopal,68-69 BUS STOP NO. 10 ARERA COLONY BHOPAL,rajeshstationery1985@gmail.com,9229571150,462016,,
14195,BKS01924,GOYAL STATIONERY,Mr.Pawan Agarwal,Madhya Pradesh,Bhopal,"SHOP NO. 9 R.S.S. MARKET, 5 NO. BUS STOP SHIVAJI NAGAR BHOPAL",,9893801586,462016,,
14196,BKS01925,JAIN STATIONERY & BOOK CENTRE,Mr. Sanjeev Jain,Madhya Pradesh,Bhopal,"72-C VIJAY MARKET BARKHERA, B.H.E.L TOWNSHIP BHOPAL",jainbhel72c@gmail.com,7552673663,462021,,
14197,BKS01926,CHILDREN BOOK CENTRE,Mr.Shroti,Madhya Pradesh,Bhopal,"26, CHRUCH ROAD JEHANGIRABAD BHOPAL",childrenbookcentre@gmail.com,7552578172,462008,,
14198,BKS01927,GARG BOOK DEPOT,Mr.Vivek Garg,Madhya Pradesh,Bhopal,DAYANAND CHOWK JUMERATI BHOPAL,vivekgarg976@gmail.com,7552673645,462001,,
14199,BKS01928,GYANDEEP TRADERS,Mr.Pradip Gupta,Madhya Pradesh,Bhopal,"C/O MAMTA PRINTERS- B/26 RAISEN ROAD, NEW ASHOKA GARDEN BHOPAL",,9425005887,462023,,
14200,BKS01929,VASAN BOOK CENTRE,Mr. Mahesh Mamtani,Madhya Pradesh,Bhopal,"SHOP NO. 10-11, 2ND STOP TULSI NAGAR BHOPAL",,7554286306,462026,,
14201,BKS01930,HANSA BOOK & STATIONERY CENTRE,Mr.Manoj Sahu,Madhya Pradesh,Bhopal,"11, MARWARI ROAD OPP. UNANI SAFAKHANA ROAD BHOPAL",,9827093360,462001,,
14202,BKS01931,KITAB GHAR,Mr.Bilal,Madhya Pradesh,Bhopal,"46, YAZDANI BUILDING NEAR BHAWANI MANDIR PEERGATE BHOPAL",,7552673675,462001,,
14203,BKS01932,PRATEEK PRAKASHAN,,Madhya Pradesh,Bhopal,"SHOP NO.16,6 NO. BUS STOP SHIVAJI MARG BHOPAL",prateekprakashan@gmail.com,7556522554,462011,,
14204,BKS01933,OCEAN PUBLISHERS,,Madhya Pradesh,Bhopal,22 A FLAT NO 8 HIMANSHU APARTMENT NEAR TVS SHOWROOM INDRAPURI BHOPAL,ocean.publishers@gmail.com,9893196184,462021,,
14205,BKS01934,MAHENDRA BOOK DEPOT,,Madhya Pradesh,Bhopal,"37, GANDHI MARKET PIPLANI BHEL BHOPAL",mahendrabookdepot@gmail.com,9827360453,462022,,
14206,BKS01935,LYALL BOOK DEPOT,,Madhya Pradesh,Bhopal,"80, MALVIYA NAGAR, NEW MARKET BHOPAL",munish@manjuindia.com,7554055830,462003,,
14207,BKS01936,SANGEETA TRADERS,Mr.Raju Sharma,Madhya Pradesh,Bhopal,13 A NEW ASHOKA GARDEN BHOPAL,ankitunderscope@gmail.com,7552673662,462001,,
14208,BKS01937,SURESH STATIONERY,,Madhya Pradesh,Bhopal,158-159 SANT HIRDARAM MARKET BEHIND SABZI MANDI NEAR ALLAHABAD BANK BAIRAGARH BHOPAL ( M.P. ),,,,,
14209,BKS01938,SHANKAR BOOK DEPOT,Mr.Virendra Tewari,Madhya Pradesh,Bhopal,"SHOP NO. UG-72, MINAL SHOPPING MALL J.K.ROAD BHOPAL",shankar.book.vt@gmail.com,9826740195,462023,,
14210,BKS01939,KRISHNA STATIONERY & GIFT ITEMS,,Madhya Pradesh,Bhopal,"SHOP NO 6, SHOPING CENTRE KOTRA SULTANABAD BHOPAL",,9926405850,462043,,
14211,BKS01940,NEW SNEH BOOK CENTRE,Mr.Sandip,Madhya Pradesh,Bhopal,225 ZONE 1 M.P. NAGAR BHOPAL,snehbookcentre@gmail.com,9826528001,462001,,
14212,BKS01941,PRIYANK BOOK & STATIONERY CENTRE,,Madhya Pradesh,Bhopal,"2,MARWARI ROAD, BHOPAL",priyankbhopal@gmail.com,7552673600,462001,,
14189,BKS01918,AHUJA BOOKS & DUSTRIBUTORS,,Madhya Pradesh,Bhopal,"Z-16, OPP CHITTOD COMPLEX, GROUND FLOOR ZONE 1 BHOPAL",ahujabooks@gmail.com,9826072580,462011,,
14190,BKS01919,RAJ BOOKS & STATIONARY COMPANY,Mr.Ashok,Madhya Pradesh,Bhopal,"BEHIND HANUMAN MANDIR PUSTAK BAZAR 6, NEW MARKET T.T. NAGAR BHOPAL",anupagg0000@yahoo.com,7552762403,462003,,
14079,BKS01808,PUSTAK BHAVAN,Mr.Zaheer Khan,Madhya Pradesh,Burhanpur,"NEAR JAI STAMBH, SHANWARA ROAD KHANKA WARD BURHANPUR",pustakbhavan@gmail.com,7325256275,450331,,
14080,BKS01809,SAIFEE BOOK DEPOT,Mr. Qutubuddin Saifee,Madhya Pradesh,Burhanpur,"53-56, HUTAIB GANDHI CHOWK BURHANPUR",saifeebookdepot@gmail.com,9425343372,450331,,
14081,BKS01810,SARASWATI BOOK DEPOT,Mr. Dilip Mishra,Madhya Pradesh,Burhanpur,"NEAR POST OFFICE, LAL BAGH BURHANPUR",dilip_mishraji21@yahoo.com,9584005714,450331,,
14085,BKS01814,JOSHI BOOK DEPOT,Mr.Dhananjay Joshi,Madhya Pradesh,Chhindwara,SHARDA MARKET BETUL ROAD PANDURNA,,9669387217,480334,,
14086,BKS01815,GUPTA STORES,Mr.Sanjay Gupta,Madhya Pradesh,Chhindwara,GOAL GANJ CHINDWARA,,7162242470,480001,,
14087,BKS01816,PAWAR BOOK DEPOT,Mr.Arun Kaushik,Madhya Pradesh,Chhindwara,INFRONT OF SAMTA COLLEGE NAGPUR ROAD PANDURNA,,9300919178,480334,,
14088,BKS01817,AASTHA BOOK DEPOT & STATIONARY,Mr.Devendra Kumar,Madhya Pradesh,Chhindwara,"SANICHARA BZAR,GANJ SCHOOL COMPLEX CHINDWARA",aasthabookcwa@gmail.com,7162235289,480001,,
14089,BKS01818,SHUBHAM STATIONERS,Mr.Sanjay Kaushal,Madhya Pradesh,Chhindwara,GOAL GANJ CHINDWARA,sanjayprinter001@gmail.com,7162244078,480001,,
23099,BKS03453,HANUMAN STATIONERS,Mr. Pradeep Karade,Madhya Pradesh,Chhindwara,"13. Gayatri Market, Fawwara Chowk",,9826658007,480001,,
16233,BKS02951,KHANDELWAL STATIONERS,MR. ANOOP KHANDELWAL,Madhya Pradesh,Dongar,"NEAR BANK OF MAHARASTRA BRANCH, PARASIA",,9826174964,480441,,
16234,BKS02952,SARVOTTAM BOOK STORES,MR. SUNIL PATORIA,Madhya Pradesh,Dongar,"CHHINDWARA - MAIN ROAD,",,8770024022,480441,,
14146,BKS01875,SADHANA STATIONERY & BOOK HOUSE,Mr.Kamlesh Asti,Madhya Pradesh,Damoh,"HOSPITAL CHOWK, RED CROSS COMPLEX SHOP NO. 8 DAMOH",,9630631263,470661,,
14090,BKS01819,VIDHYA SRI BOOK STATIONARY,Mr.Aayush Singhal,Madhya Pradesh,Dewas,"75, JAY PRAKASH MARG, TIN BATI DEWAS",vidhyashreestationerydewas@gmail.com,9425494106,455001,,
14091,BKS01820,SANGHVI STORES,,Madhya Pradesh,Dewas,"OLD BUSSTAND, DEWAS",,9425494093,455001,,
14092,BKS01821,NEW SARASWATI SADAN,,Madhya Pradesh,Guna,LAXMI GANJ GUNA,,9039397950,473001,,
14093,BKS01822,SARVOTTAM SAHITYA SADAN,,Madhya Pradesh,Guna,KOTWALI ROAD GUNA,,7542252557,473001,,
24380,BKS03728,PREM AGENCY ( PRABHA SAHIYA SADAN),MR.PURUSHOTTAM KUMAR JHA,Madhya Pradesh,Guna,"INFRONT OF INDIRA PARK , SONI COLONY , GUNA",,9039098551,473001,,
24381,BKS03729,SARVOTTAM SAHITYA SADAN,MR.PRAMOD JAIN,Madhya Pradesh,Guna,"KOTWALI ROAD , LAXIMI GANJ , GUNA MADHYA PRADESH",,7542252570,473001,,
24382,BKS03730,SARVOTTAM SAHITYA SADAN,MR.PRAMOD JAIN,Madhya Pradesh,Guna,"KOTWALI ROAD , LAXIMI GANJ , GUNA MADHYA PRADESH",,7542252570,473001,,
24379,BKS03727,VIDYA SAHITYA SADAN,RAJKUMAR JAIN,Madhya Pradesh,Raghogarh,"GAIL COMPLEX , GAIL TOWNSHIP ,VIJAYPUR RAGHOGARH GUNA",,9425723108,473112,,
24334,BKS03682,AGARWAL BOOK DEPOT,MR.NEERAJ AGARWAL,Madhya Pradesh,Gwalior,"NEAR COOKS RESTORENT ,PATANKAR BAZAR, LASHKAR GWALIOR 474001",,9425116210,474001,,
24339,BKS03687,JAIN BROTHERS,MR.SANJAY JAIN,Madhya Pradesh,Gwalior,"B/06,GORAI COMPLEX,BEHIND PITAMBRA SWEETS ,RAM MANDIR,PHALKA BAZAR,GWALIOR 474001",,9479915472,474001,,
24330,BKS03678,SHRI SADHNA PUSTAK MANDIR,MR.PRAVIN GARG,Madhya Pradesh,Gwalior,"RAM MANDIR , OPPOSITE SAMOSE WALA PATENKAR BAZAR NEAR CHAURAHA LASHKAR GWALIOR 474001",,8770159099,474001,,
24325,BKS03673,VEERU PUSTAK & STATIONARY,AMIT,Madhya Pradesh,Gwalior,"Hotel Adityaz, Adityapuram, Gwalior - 474006",,7067985835,474006,,
24314,BKS03662,BACHPAN BOOKS GALLARY,MR.PRADEEP KUMAR,Madhya Pradesh,Gwalior,"A-1/1, Vayu Nagar, Bhind Road, Chauhan Complex, Opp Baratiya State Bank, Gwalior, Madhya Pradesh 474020",,7999404801,474020,,
24315,BKS03663,SAGAR BOOK BOOKS & STATIONERY,MR.PREM SAGAR GUPTA,Madhya Pradesh,Gwalior,"ewmaharaja Complex, Deen dayal nagar , Gwalior HO, Gwalior - 474001.",,9329186904,474020,,
24249,BKS03597,KITAB GHAR,MITUL AGARWAL,Madhya Pradesh,Gwalior,"Patankar Bazaar, near Bridge, Patankar Bazar, Khurjewala Mohalla, Daulat Ganj, Gwalior, Madhya Pradesh 474001",,8982645989,474001,,
24272,BKS03620,MODERN STORE,MR.RUPESH KUMAR,Madhya Pradesh,Gwalior,"opposite KRG college , kampoo tiraha, lashkar Gwalior Madhya Pradesh -474001",,6264204596,474001,,
24273,BKS03621,SATISH PUSTAK MANDIR,MR.KAMAL GOYAL,Madhya Pradesh,Gwalior,"KRISHNA MALL, OPPOSITE ROYAL HOSPITAL, (ROXY TALKIES) KAMPOO ROAD , LASHKAR GWALIOR -474001",,9826225295,474001,,
24274,BKS03622,NEW PRAKASH STORE,MR.RATAN BHAWNANI,Madhya Pradesh,Gwalior,"opp-shatabdi travels , near shri Hanuman mandir , kampoo road , lashkar Gwalior -474001",,9617692608,474001,,
24258,BKS03606,VIHAAN BOOKS STORE,MR.KISHAN SINGH JADAUN,Madhya Pradesh,Gwalior,"53/10,Riverview colony ,morar Gwalior (M.P) 474006",,9111177711,474006,,
24259,BKS03607,BANSAL BOOK DEPOT,RAMESH BANSAL,Madhya Pradesh,Gwalior,"opp-police station,mall road ,morar Gwalior -474006",,9425700511,474006,,
24260,BKS03608,AGARWAL BOOK HOUSE,DEEPAK AGARWAL,Madhya Pradesh,Gwalior,"NEAR MORAR POLICE STATION , MORAR GWALIOR",,9753279175,474006,,
24239,BKS03587,SHREE BALAJI BOOK DEPOT,MR.RAJU LODHI,Madhya Pradesh,Gwalior,"VICTORIA MARKET ,CHAUPATI KE PASS , PHOOL BAGH GWALIOR",,8889944750,474002,,
24240,BKS03588,SARASWATI STORES,PRABHAT SUKLA,Madhya Pradesh,Gwalior,"VICTORIA MARKET ,PHOOL BAGH ,NEAR CHAUPATI GWALIOR",,9669586555,474002,,
24241,BKS03589,BALAJI STORES,MR.SUNIL CHAWDA,Madhya Pradesh,Gwalior,"NEW VICTORIA MARKET ,PHOOL BAGH GWALIOR",,9826475477,474002,,
23116,BKS03469,IRA BOOK DEPOT,VIKASH GUPTA,Madhya Pradesh,Gwalior,"GALI N-1,LALITPUR COLONY NEAR ANTHAM HOTEL ,BEHIND SANATAN DHARAM MANDIR LASHKAR GWALIOR 474009",,9300002080,474009,,
14094,BKS01823,JONY BROTHERS MARKETTING,,Madhya Pradesh,Gwalior,M.H. CHORAH INFRONT OF MARIMATA KA MANDIR MORAR GWALIOR --474006 (MADHYA PRADESH,,,,,
14095,BKS01824,SHRI KRISHNA BOOK DEPOT,,Madhya Pradesh,Gwalior,"PATANKAR BAZAR, LASHKAR GWALIOR--474001 (MADHYA PRADESH",,,,,
14096,BKS01825,POONAM BROTHERS,,Madhya Pradesh,Gwalior,"JAIN COLONY,PHALKE SAHEB KA BADA, PHALKA BAZAR, LASHKAR GWALIOR--474001 (MADHYA PRADESH )",,,,,
14097,BKS01826,ADARSH STATIONARY STORE,,Madhya Pradesh,Gwalior,"OPP. DARPAN MINI STADIUM, DARPAN COLONY,THATIPUR GWALIOR--474011 (MADHYA PRADESH",,,,,
14098,BKS01827,AGGARWAL BOOK DEPOT,,Madhya Pradesh,Gwalior,NEAR COOKS RESTAURANT PATANKAR BAZAR GWALIOR--474001 (MADHYA PRADESH,,,,,
14099,BKS01828,JAIN TRADERS,,Madhya Pradesh,Gwalior,ARYA NAGAR NEAR HDFC BANK MORAR GWALIOR--474006 (MADHYA PRADESH,,,,,
14100,BKS01829,SHANTI PRAKASHAN,,Madhya Pradesh,Gwalior,"SADAR BAZAR, MORAR GWALIOR--474006 (MADHYA PRADESH",,,,,
14101,BKS01830,GAMBHIR PUSTAK BHANDAR,,Madhya Pradesh,Gwalior,"NAYA SANTAR,MORAR GWALIOR-474006 (MADHYA PRADESH )",,,,,
14102,BKS01831,NEW BHARTIYA PRAKASHAN,,Madhya Pradesh,Gwalior,"NEAR GAS GODOWN,PHALKE SAHEB KA BADA PHALKA BAZAR LASHKAR,GWALIOR-474001 (MADHYA PRADESH )",,,,,
16236,BKS02954,O S R SUPPLIERS,MR. SOURABH NAMDEV,Madhya Pradesh,Hoshangabad,"NEAR FOUZDAR PETROL PUMP, BESIDE DR. SHIVAM GAUR DENTAL CLINIC, RASULIYA",,9074477505,461001,,
14112,BKS01841,ANAND STATIONERS,Mr.Anand Darda,Madhya Pradesh,Itarsi,MG ROAD AZAD CHOWK ITARSI HOSHANGABAD,riteshdarda1981@gmail.com,7572235263,461111,,
14113,BKS01842,SWASTIK BOOK DEPOT,Mr.Gaurav Jain,Madhya Pradesh,Itarsi,NEAR HDFC BANK THIRD LINE ITARSI,,7827205693,461111,,
14114,BKS01843,LOVELY BOOKS DEPOT,Mr. Anil Jugani,Madhya Pradesh,Itarsi,HARDA ROAD S.P.M GATE HOSANGABAD,,7827303065,461001,,
14115,BKS01844,VIDYARTHI BHANDAR,,Madhya Pradesh,Itarsi,"MANGALWARA BAZAR,PIPARIYA HOSHANGABAD",mayurpanjwani9@gmail.com,7576222080,461775,,
14116,BKS01845,JAGRATI BOOK DEPOT,,Madhya Pradesh,Itarsi,"23, ITWARA BAZAR, OPP DISTRICT HOSPITAL HOSHANGABAD",jagratibookdipo@gmail.com,9300710128,451001,,
14117,BKS01846,ANKIT ENTERPRISE,,Madhya Pradesh,Itarsi,"JAYPRAKASH NAGAR, SHOP NO. 01 NAGPUR ROAD, OLD ITARSI",ankitenterprisesitarsi@gmail.com,9826012418,461111,,
14118,BKS01847,MAHADEV STATIONERY & BOOK DEPOT,Mr. Akhilesh Jagde,Madhya Pradesh,Itarsi,GANDHI PARK HOSHANGABAD,,9407505853,461001,,
14119,BKS01848,MANISH BOOK DEPOT,Mr.Manish Gupta,Madhya Pradesh,Itarsi,"GUPTA MARKET, MAIN ROAD, HOSHANGABAD",manishbookdepot@gmail.com,7574254496,461001,,
14180,BKS01909,SHREE INDORE BOOK DEPOT,,Madhya Pradesh,Indore,"504, M.G.ROAD OPP. KOTHARI MARKET INDORE--452010",,,,,
14181,BKS01910,TRIVENI BOOKS & STATIONARY,,Madhya Pradesh,Indore,SHOP NO. 28-29 IKDC BUILDING 2/2 OLD PALASIA INDORE-452010,,,,,
14182,BKS01911,SUSHIL PRAKSHAN,,Madhya Pradesh,Indore,"212, KHAJURI BAZAR INDORE--452010",,,,,
14183,BKS01912,M.B. PUBLISHERS & DISTRIBUTORS,,Madhya Pradesh,Indore,G-1 GANESH PLAZA KHAJURI BAZAR INDORE--452010,,,,,
14184,BKS01913,BHAIYA STORES,,Madhya Pradesh,Indore,"166, KHAJURI BAZAR INDORE-452010",,,,,
14185,BKS01914,BHAIYA INDUSTRIES,,Madhya Pradesh,Indore,"269, JAWAHAR MARG, OPP CITY NUSRING HOME, INDORE--452010",,,,,
14186,BKS01915,AKSHAR SANSAR PUBLISHERS & DISTRIBUTORS,,Madhya Pradesh,Indore,"35, KUNWAR MANDLI KHAJURI BAZAR, INDORE--452010",,,,,
14187,BKS01916,AGARWAL BOOK STORE,,Madhya Pradesh,Indore,"1496, PATTI BAZAR MHOW INDORE",agarwalbookmhow@rediffmail.com,9826604082,453441,,
14188,BKS01917,MAHESH BOOK DEPOT,,Madhya Pradesh,Indore,"15/2 ALAPURA JUNI INDORE PANGISPAGA TIRATHBAI SCHOOL, PALSIKAR ROAD, INDORE 452010",,,,,
14191,BKS01920,AMIT BOOK CENTER,,Madhya Pradesh,Indore,"S-4,5,6 SHOP NEAR TEEN PULIA CHAURAHA GIRLS COLLEGE, INDORE--452010",,,,,
21926,BKS03299,SARASWATI BOOK DEPOT,,Madhya Pradesh,Indore,SOUTH RAJMOHLLA NEAR HDFC BANK INDORE--452010,,,,,
21911,BKS03284,MADAAN STATIONERY,,Madhya Pradesh,Indore,LIG SQUARE--INDORE--452010,,,,,
21914,BKS03287,AKRITI PUBLING HOUSE,,Madhya Pradesh,Indore,"KUNWAR MANDI , KHAJURI BAZAR--INDORE 452010",,,,,
21915,BKS03288,ARUN PRAKASHAN,,Madhya Pradesh,Indore,"KUNWAR MANDI, KHAJURI BAZAR-INDORE--452010",,,,,
21917,BKS03290,NARMADA BOOK POINT,,Madhya Pradesh,Indore,"SLICE NO-4, VIJAY NAGAR, INDORE-452010",,,,,
21918,BKS03291,SWATI PUBLICATION,,Madhya Pradesh,Indore,"PALHAR NAGAR, INDORE--452010",,,,,
21919,BKS03292,NAGAR BOOKS & STATIONERS,,Madhya Pradesh,Indore,"KHAJURI BAZAR, NEAR BADA GALI, INDORE--452010",,,,,
21920,BKS03293,MURJANI STORE,,Madhya Pradesh,Indore,"NEAR GURUDWARA, 19, PRINCE YASHWANT ROAD, NIHALPURA, KOYLA BAKHAL, -INDORE--452010",,,,,
23022,BKS03380,M/s Anand Stationers & Book Centre,Mr. Om Prakash Adhlakha,Madhya Pradesh,Jabalpur,"Rabra Complex, Near Indian Bank, Katanga Tiraha, Narmada Road, Jabalpur",,9425154784,482001,,
14168,BKS01897,KITAB GHAR,,Madhya Pradesh,Jabalpur,"24, PRINCE STREET GALGALA JABALPUR--482001",,,,,
14169,BKS01898,JAIPUR BOOK DEPOT & STATIONARY,,Madhya Pradesh,Jabalpur,"NEARJ.R.C GATE NARMADA ROAD, JABALPUR",santoshagarwal1010@gmail.com,9426425854,482008,,
14170,BKS01899,FAMINA STATIONERS,,Madhya Pradesh,Jabalpur,636 SADAR GURUDWARA BUILDING JABALPUR,happy_makkar@live.com,9981098290,482001,,
14171,BKS01900,AKASH BOOK DISTRIBUTOR,,Madhya Pradesh,Jabalpur,"75/10 PRICE STREET MASJID GALI, GALGALA JABALPUR--482002",,,,,
14172,BKS01901,ANAND BOOKS & STATIONERS,,Madhya Pradesh,Jabalpur,"41, NEAR ANGARH MAHAVEER MNADIR GORAKHOUR POICE STATION ROAD JABALPUR--243601",,,,,
14173,BKS01902,CHILDREN BOOK HOUSE,,Madhya Pradesh,Jabalpur,"10, DESHBANDHU COMPLEX NAUDRA BRIDGE JABALPUR--482002",,,,,
14174,BKS01903,SACHIN GENERAL AND STORES,Mr. Sachin Jain,Madhya Pradesh,Jabalpur,"BESIDE BADKUL HOTEL, PINANHARI KI MADHIYA, JABALPUR",,9827265455,482002,,
14175,BKS01904,NERBUDA BOOK DEPOT,Mr. Shrikant Indurkhya,Madhya Pradesh,Jabalpur,"1105, KOTWALI WARD ANDHERDEO JABALPUR",,9827776646,482001,,
14176,BKS01905,SANGAM GENERAL STORES,Mr.Sanjeev Gupta,Madhya Pradesh,Jabalpur,MAIN ROAD GORAKHPUR JABALPUR,,9425389293,482001,,
14177,BKS01906,RAVI STATIONERS,,Madhya Pradesh,Jabalpur,SADAR GURUDWARA SADAR BAZAR JABALPUR--482001,,,,,
14178,BKS01907,PEEKAY BOOKS & STATIONERS,,Madhya Pradesh,Jabalpur,"MOTI BUILDING , SADAR BAZAR JABALPUR-482001",,,,,
14179,BKS01908,NEW RADHIKA BOOK PALACE,,Madhya Pradesh,Jabalpur,"SHOP NO. 3, D.N.JAIN MARKET NEAR MALVIYA CHOWK JABALPUR--482001",,,,,
14124,BKS01853,KATARIA BOOK STORES,Mr. Naman Kataria/Mr.SurendraKatariya,Madhya Pradesh,Meghnagar,"SADAR BAZAR, STATION ROAD, MEGHNAGAR JHABUA",,9425487806,457779,,
14123,BKS01852,OM SHREE SAI TARDERS,Mr.Sanjay Bhatewara,Madhya Pradesh,Thandla,KHAWASA TH. THANDLA,sanjaybhatewra@gmail.com,9589882798,457772,,
14125,BKS01854,SHREE MAHAVIR AGENCY,Mr.Punnet/ Mr. Nitesh,Madhya Pradesh,Murwara ,"OPP. POLICE STATION ,RAGHUNATHGANJ,KATNI",mahicyber@rediffmail.com,9425363412,483501,,
14126,BKS01855,LAXMI GENERAL STAIONERY,,Madhya Pradesh,Murwara ,MAIN MARKET NEW KATNI,mangesh.kalway@gmail.com,9329662947,483501,,
14127,BKS01856,LAXMI BOOK DEPOT,,Madhya Pradesh,Khandwa,"KUNDAN COMPLEX, OPP GIRLS SCHOOL BURHANPUR",,9039550391,450339,,
14128,BKS01857,SARASWATI BOOK DEPOT,,Madhya Pradesh,Khandwa,NEAR TEEN PULIYA STATION ROAD KHANDWA,,9425006912,450001,,
14129,BKS01858,AJAY STATIONERY MART,Mr.Ajay Rathi,Madhya Pradesh,Khandwa,"4, GANJA GODOWN MARKET INIDRA COMPLEX PHOOL BAZAR KHANDWA",shubhjainshubh04@gmail.com,9425516500,450001,,
21921,BKS03294,PRITIBHA STORE,,Madhya Pradesh,Barwaha,"MANDLESHWAR, BADWAHA , KHARGONE--451115",,,,,
21928,BKS03301,ADINATH BOOK CENTER,,Madhya Pradesh,Khargone,"RADHAVALLAV MARKET, KHARGONE-45",,,,,
21923,BKS03296,SANGHVI STORE,,Madhya Pradesh,Khargone,"HOSPITAL ROAD, KHARGONE-45",,,,,
21924,BKS03297,GAURAV BOOKS AND STATIONERS,,Madhya Pradesh,Khargone,"3-B, GUMASTA NAGAR, NEAR AISECT, OPP. ADITYA HOSPITAL INDORE -452009",,,,,
21925,BKS03298,JAIN PUSTAK BHANDAR,,Madhya Pradesh,Khargone,"POST OFFICE CHAURAHA, KHARGONE--45",,,,,
14132,BKS01861,JBS DISTRIBUTORS,Mr. Mayank Jain,Madhya Pradesh,Khargone,"A- 101, RADHA VALLABH MARKET KHARGONE",wiseskj@gmail.com,9425087064,451001,,
14130,BKS01859,SCHOOL COLLEGE BOOK DEPOT,,Madhya Pradesh,Mandsaur,"NAYAPURA ROAD, MANDSAUR",,7422221004,458002,,
14131,BKS01860,NAHATA BROTHERS,Mr.Pravin Nahta,Madhya Pradesh,Mandsaur,SHOP NO. 1ROGI KALYAN COMPLEX SUCHITRA TALKIES B.P.L CHOWRAHA,sourabhnahata17396@gmail.com,9926032078,458001,,
23151,BKS03501,BHAIYA PRAKASHAN,MR.BRAJ KISHORE AGARWAL,Madhya Pradesh,Morena,"VIPRA TOWER , NEAR RATHI HOSPITAL ,MORENA -476001",,9425127595,476001,,
14121,BKS01850,REWASHREE BOOK & STATIONARY,Rajneesh Kourav,Madhya Pradesh,Gadarwara,"HOSPITAL ROAD, GARDARWARA",rajneeshkourav19@gmail.com,9407057583,487551,,
14122,BKS01851,BANSAL GENERAL STORE,,Madhya Pradesh,Gadarwara,JHANDA CHOWK GADARWARA,,7791254325,487551,,
14120,BKS01849,ACHARYA GENERAL STORES,Mr. Narendra Acharya,Madhya Pradesh,Gadarwara,SARAFA BAZAR GADARWARA,jayant.kumar42@gmail.com,7791254356,487551,,
14133,BKS01862,ARIHANT BOOK AGENCY,,Madhya Pradesh,Neemuch,"522, HUDCO COLONY NEEMUCH--458441",,,,,
14134,BKS01863,GANVESH ENTERPRISES,,Madhya Pradesh,Neemuch,"22, VIVEK PATH, NEAR CLOCK TOWER NEEMUCH",ganvesh@hotmail.com,7423220569,458441,,
14135,BKS01864,SAKLECHA STATIONERY MART,,Madhya Pradesh,Neemuch,"11, JAJOO MARKET NEEMUCH--458441",,,,,
21922,BKS03295,RAMESH BOOK WORLD OR RAJ BOOK WORLD,,Madhya Pradesh,Neemuch,"BOOK MARKET, NEEMUCH-458441",,,,,
14136,BKS01865,VISHWA BHARTI BOOKS & STATIONERS,,Madhya Pradesh,Raisen,"MAIN MARKET, DURGA CHOWK MANDIDEEP DISTT. RAISEN--462046",,,,,
14137,BKS01866,RATHI GENERAL STORE,Mr.Jai Prakash Rathi,Madhya Pradesh,Raisen,MAIN MARKET OLD BUS STAND NEAR ALKA TALKIES RATHI COMPLEX BAREILLY RAISEN,amit.mishra071978@gmail.com,7486230471,464668,,
14138,BKS01867,CHANDAK BOOK DEPOT,Mr.Punnet Chandak,Madhya Pradesh,Raisen,J.J. ROAD BARAILY RAISEN,,9993423003,464668,,
21916,BKS03289,ARIHANT BOOKS,,Madhya Pradesh,Jaora,"PIPLODA ROAD, NEAR COURT, JAORA, RATLAM-457226",,,,,
21927,BKS03300,PANKAJ BOOK CENTRE,,Madhya Pradesh,Jaora,"PIPLODA ROAD, PIPLI BAZAR, JAORA RATLAM--457226",,,,,
14158,BKS01887,TRISHA ENTERPRISES,,Madhya Pradesh,Ratlam,"07, STADIUM MARKET LOKENDRA BHAWAN ROAD RATLAM",,9300821799,457001,,
14159,BKS01888,ARVINDRAJ EDUCATIONAL SUPPLY CENTRE,,Madhya Pradesh,Ratlam,"2,NAVAKARAPPARTMENT, DR. RAJENDRA PRASAD MARG SHIVPURI COMPAUND RATLAM--457001",,,,,
14160,BKS01889,ACADEMIC POINT,Mr.Prakash Jain,Madhya Pradesh,Ratlam,"1,KOTHARIVAS RATLAM",ankita_pipada@rediffmail.com,7879744581,457001,,
14161,BKS01890,SADGURU PUSTAKL BHANDAR,Mr.Bal Kishan,Madhya Pradesh,Ratlam,"9, RAM MANDIR SAJJAN MILL ROAD, RATLAM",,9827506669,457001,,
14162,BKS01891,RATAN PAPER PRINTERS,Mr.Praveen Chopra,Madhya Pradesh,Ratlam,"2,NAVAKARAPPARTMENT, DR. RAJENDRA PRASAD MARG SHIVPURI COMPAUND RATLAM",aesc.rtm@gmail.com,9827718399,457001,,
14163,BKS01892,AGARWAL BROTHERS,,Madhya Pradesh,Ratlam,"19, KOTHARI MARKET, 2 SQUARE BATTI RATLAM-457001",,,,,
14140,BKS01869,GOYAL BOOKS & STATIONER'S,Mr.Ravi/Mayank Goyal,Madhya Pradesh,Rewa,"GOYAL MARKET, AMAHIYA ROAD REWA",goyalmayank59@yahoo.com,9407343810,462001,,
14141,BKS01870,VIDYA BHAWAN,,Madhya Pradesh,Rewa,OPP. P.K.SCHOOL CIVIL LINES REWA,,9424315399,486001,,
14142,BKS01871,AGRASEN BOOK DEPOT,Mr.Kamlesh Agarwal,Madhya Pradesh,Rewa,"VIKARAM BRIDGE ROAD,REWA",abdrewa1998@gmail.com,7662404019,486001,,
14143,BKS01872,DEEPAK BOOK & STATIONERY CENTRE,Mr. Sanjay Jain,Madhya Pradesh,Sagar,"5, CIVIL LINES SAGAR",deepakgroupsgr@gmail.com,7582227304,470002,,
14144,BKS01873,SHREE BALAJI STATIONERY,,Madhya Pradesh,Sagar,BANGLAI KALI TIGADA M.L.B ROAD GOPAL GANJ SAGAR,shreebalajistationary.2012@rediffmail.com,7582404530,470001,,
14145,BKS01874,SHARADA BOOK DEPOT,Mr.Alok Goswami,Madhya Pradesh,Sagar,"4, AJAY PREM SHOPPING CENTRE CIVIL LINES SAGAR",shardabooks09@gmail.com,9407590770,470001,,
14103,BKS01832,SINGH SANTA DEPOT,,Madhya Pradesh,Satna,"OPP. SAREE GHAR, BIHARI CHOWK SANTA",singhbookdepot123@gmail.com,7671200981,485001,,
14104,BKS01833,GYAN STATIONERS & SPORTS,Mr.Gyan Chand Khatwani,Madhya Pradesh,Satna,KANVAR NAGAR SATNA,aaakaa22@gmail.com,7672403926,485005,,
14105,BKS01834,SARANGI DEVI & COMPANY,,Madhya Pradesh,Satna,"SHUBHAM TOWER, J.R. BIRLA ROAD SATNA",sarangidevi@yahoo.com,7672404814,485005,,
14106,BKS01835,SANJAY STATIONERS,,Madhya Pradesh,Satna,SUDARSHAN COMPLEX OLD POWER HOUSE CHOWK SATNA,sanjaysts333@gmail.com,9424907904,485001,,
14107,BKS01836,ABHAY BOOKS & STATIONERS,Mr.Bhanu Jain,Madhya Pradesh,Satna,"BESIDE GAYATRI MANDIR KRISHNA NAGAR, SATNA",abhaybook1982@gmail.com,9425842277,485001,,
14108,BKS01837,ADARSH STATIONERY MART,Mr. Satyendra Jain,Madhya Pradesh,Satna,"22 PALIKA BAZAR, STATION ROAD, SATNA",adarshstationery@yahoo.com,7672401414,485001,,
15161,BKS02885,ADARSH STATIONARY,Mr. Adarsh Jain,Madhya Pradesh,Satna,"22, PALIKA BAZAAR, STATION RD. SATNA",,919993791566,485001,,
23111,BKS03464,ADITYA BOOK STORES,MRS. ALKA SINGH,Madhya Pradesh,Satna,"C/ O MR. SHIV PRASAD SINGH SOMVANSHI, SOMVANSHI SADAN, NEAR DR. REKHA TRIPATHI CLINIC, CIVIL LINES SATNA",,8120695788,485001,,
19352,BKS03071,Scholars home College,Mr. Rajiv Soin,Madhya Pradesh,Satna,"Bharhut Nagar- Bank Colony Rd. Behind Bus Stand, Bharhut Nagar",,8358008888,485001,,
19353,BKS03072,Aditya Book Stores,Ms. Garima Singh,Madhya Pradesh,Satna,"Behind BSNL Office, Beside Vaishali Enclave Main Gate, Umri",,9922904958,485001,,
19354,BKS03073,Abhay Books & Stationers,Mr. Bhanu Jain,Madhya Pradesh,Satna,"Beside Gayatri Traders, Krishna Nagar, Satna",,9425842277,485001,,
23023,BKS03381,M/S Dhaval Books & Stationery,Mr. Prakash Jain,Madhya Pradesh,Sehore,"Opp. Mankameshwari Mandir, Sehore",,9826088242,466001,,
23031,BKS03388,JAIN BOOK STALL- SEHORE,,Madhya Pradesh,Sehore,"VPO- SEHORE, MP",,,,,
14109,BKS01838,MOHTA PUSTAK SADAN,Mr. Hirdesh Mohta,Madhya Pradesh,Sehore,POWER HOUSE CHAURAHA SEHORE,,8435939524,466001,,
14110,BKS01839,MAA NARMADA STATIONARY,Mr.Ajay Tewari,Madhya Pradesh,Sehore,"NARMADA ROAD, SHAHGANJ",vinaytewari82@gmail.com,9098552585,466554,,
14111,BKS01840,SHREE NATH ENTERPRISES,Mr.Pankaj Rawat,Madhya Pradesh,Sehore,"FRONT OF NJG BANK BHOPAL NAKA, SEHORE",,9893335288,466001,,
14153,BKS01882,NEW VIRAT PUSTAK BHANDAR,,Madhya Pradesh,Shahdol,"NEAR JAIN MAINDIR MAIN ROAD, SHAHDOL--284001 (MADHYA PRADESH )",,,,,
23117,BKS03470,SANNMATI PRAKASHAN,MR.KARTIK JAIN,Madhya Pradesh,Shivpuri,"COLLECTOR KOTHI ROAD, SHREE RAM COLONY NEAR PARTH ACADEMY SHIVPURI",,79999383768,473551,,
24293,BKS03641,Bharti Pustak Sadan,MR.RAJENDRA VERMA,Madhya Pradesh,Shivpuri,"Hospital Chouraha, Court Rd, Shivpuri, Madhya Pradesh 473551",,9630172589,473551,,
14154,BKS01883,PANKAJ TRADERS,Mr.Pankaj Khare,Madhya Pradesh,Sidhi,HOSPITAL CHOWK SIDHI,kharepan@gmail.com,9685872436,486661,,
14155,BKS01884,STUDENT POINT,Mr.Jayant Dev,Madhya Pradesh,Singrauli,SHANKAR MARKET POST- JAYANT SINGRAULI,jayantdev2@gmail.com,9425556930,486890,,
14157,BKS01886,ANJALI STATIONERY,Mr.Abhay Rai,Madhya Pradesh,Singrauli,NAVJEEVAN VIHAR VINDHYANAGAR SINGRAULI,abhayrai211@gmail.com,9425858797,486885,,
14139,BKS01868,SHREEDHAR BOOK STALL & SUPPLIERS,Mr.Babu Bhaiya,Madhya Pradesh,Tikamgarh,"FRIENDS COLONY, NEAR PUSHPA ENG. MED. SCHOOL TIKAMGARH",sunilnambiartkg@rediffmail.com,9425145903,472001,,
14164,BKS01893,SHREE GYAN GANGA BOOKS & STATIONERS,,Madhya Pradesh,Ujjain,"49/1, KAMLA NEHRU MARG, FREEGANJ UJJAIN--456001",,,,,
14165,BKS01894,SUGHANDHI BOOK CENTRE,Mr.Jitendra,Madhya Pradesh,Ujjain,71/7 ANMOL MOGH SADAN NEAR WATER TANK GUDRI CHOURAHA UJJAIN,sugandhibookcentre@gmail.com,9406618184,456006,,
14166,BKS01895,MP PUBLISHERS & SUPPLIERS,,Madhya Pradesh,Ujjain,"47, KAMLA NEHRU MARG FREEGANJ, UJJAIN--456001",,,,,
14167,BKS01896,PARAG BOOK DEPOT,,Madhya Pradesh,Ujjain,"60, VARRUCHI MARG GURUDWARA CHOURAHA NEAR PSC ACADEMY FREEGANJ, UJJIAN-456001",,,,,
24385,BKS03733,M.P BOOKS AND STATIONERS,MR.ANKKIT BAHETI,Madhya Pradesh,Ujjain,"47,Kamla Nehru Marg ,freeganj ujjain.M.P -456010",,9826099912,456010,,
18282,BKS03003,RUDRA TRADERS,PADAMNAVE PARASHAR,Madhya Pradesh,Vidisha,"SHOP NO. 17, BALLABH MARKET, BAL VIHAR",,8319314415,464001,,
14148,BKS01877,BHAIYA SAHITYA SADAN,,Madhya Pradesh,Vidisha,GANDHI CHOWK NEEMTAL VIDISHA,,9425149836,464001,,
14149,BKS01878,BANSAL TRADING COMPANY,Mr.Bansal,Madhya Pradesh,Vidisha,MAIN ROAD,btcvidisha@gmail.com,7592232419,464001,,
14150,BKS01879,RUDRA TRADERS,,Madhya Pradesh,Vidisha,"SHOP NO. 17, VALLABH MARKET BAL VIHAR VIDISHA",,9926185080,464001,,
14151,BKS01880,SHYAM BOOK DEPOT,Mr.Mahendra Kumar Gupta,Madhya Pradesh,Vidisha,KANHIYA HAZARI KA BADA VIDISHA,,7592234027,464221,,
14152,BKS01881,JAIN GENERAL STORES,Mr.Sanjay Kumar Jain,Madhya Pradesh,Vidisha,RAMDWARA VIDISHA,jainstoresvidisha@gmail.com,9589718600,464001,,
19824,BKS03199,AKOLA BOOK DEPOT,,Maharashtra,Akola,"AKOLA, MAHRASTRA",,,,,
19825,BKS03200,MAA LAXMI BOOK DEPOT,,Maharashtra,Akola,"NEAR VITHAL MANDIR, OLD CITY, AKOLA, MAH.",,,,,
18283,BKS03004,LAXMI BOOK DEPOT.,,Maharashtra,Murtijapur (Murtajapur),MURTIJAPUR -AKOLA,,,,,
18284,BKS03005,BALAJI AGARWAL BOOK DEPOT,,Maharashtra,Murtijapur (Murtajapur),"MURTIJAPUR, AKOLA",,,,,
18287,BKS03008,VINAYAK STATIONERS.,,Maharashtra,Aurangabad,AURANGABAD,,,,,
18288,BKS03009,DIVYA STATIONERS,,Maharashtra,Aurangabad,"KAMAGAS CHOWK, AURANGABAD",,,,,
18289,BKS03010,SADR`S JAT BOOK CENTRE,,Maharashtra,Aurangabad,"AUSAUYPURA, AURANGABAD",,,,,
18276,BKS02997,MY BOOK PALACE,,Maharashtra,Aurangabad,"SATARA PADASAD, AURANGABAD (MH)",,,,,
18277,BKS02998,PHONIEX BOOKS DISTRIBUTOR,,Maharashtra,Aurangabad,"CIDIO NO. 6, AURANGABAD",,,,,
18278,BKS02999,LOKSEVA GENERAL STORE,,Maharashtra,Aurangabad,"BAJRANG CHOWK, AURANGABAD",,,,,
18279,BKS03000,TAJ BOOK CENTRE,,Maharashtra,Aurangabad,"JUNA BAZAR, AURANGABAD",,,,,
19828,BKS03203,SARASWATI BOOK CENTRE-AURANGABAD,,Maharashtra,Aurangabad,"AURANGABAD PUSTA, AURANGABAD, MAHRASTRA",,,,,
19829,BKS03204,AADITI BOOK CENTRE,,Maharashtra,Aurangabad,"AURANGPURA, AURANGABAD, MAHRASTRA",,,,,
19383,BKS03101,AAZZT BOOK CNETRE,MRS. SACHIN,Maharashtra,Aurangabad,AURANGABAD,,,,,
23123,BKS03476,NEW ARIHANT STATIONERS & BOOK CENTRE,,Maharashtra,Aurangabad,"MIG-27, AVISHKAR COLONY, AURANGABNAD-431003",,,,,
24174,BKS03522,IDEAL AGENCIES,,Maharashtra,Aurangabad,"46-P, GUT # 105, BEED BYASS, SARATA PARISAR, AURANGABAD-431002",,,,,
21963,BKS03335,"ARTI BOOK SELLER , AURANGABAD",,Maharashtra,Aurangabad,"AURANGA BAD, MAHRASTRA",,,,,
20887,BKS03260,SRI SARASWATI BOOK CNETRE,,Maharashtra,Aurangabad,AURANGABAD (MAHARASHTRA ),,,,,
20892,BKS03264,HIRA BOOKS &STATIONERY,,Maharashtra,Aurangabad,"BAJAJ NAGAR COLONY, AURANGABAD (MAHARASHTRA )",,,,,
19382,BKS03100,SRI BALAJI BOOK CENTRE,,Maharashtra,Waluj Bk.,"WALUJ, AURANGABAD",,,,,
19826,BKS03201,HARSH BOOK DEPOT,,Maharashtra,Buldana (Buldhana),"MALKAPUR, DISTT. BULDHANA",,,,,
19385,BKS03103,DEBOSHRI SAHA,,Maharashtra,Chandrapur,CHANDRAPUR,,,,,
18280,BKS03001,ANIL BOOK DEPOT,,Maharashtra,Bhusawal,"BHUSAWAL, DIST JALGAON",,,,,
18281,BKS03002,RAMINDU BOOK DEPOT,,Maharashtra,Jalgaon,JALGAON,,,,,
18285,BKS03006,BALAJI BOOKS & STATIONERY,,Maharashtra,Jalgaon,JALGAON,,,,,
18291,BKS03012,SAIPRASAD BOOK DEPOT,,Maharashtra,Jalgaon,JALGAON,,,,,
18286,BKS03007,SAMASTH BOOK CNETRE,,Maharashtra,Jalna,JALANA,,,,,
19381,BKS03099,ANIL PAPER MART,,Maharashtra,Jalna,"JALNA , MAH.",,,,,
23109,BKS03462,Krushna Book Centre,Mr. Chandanshive B B,Maharashtra,Latur,"Near Post Office, Main Road, Udgir",,0,,,
23100,BKS03454,Mauli Books & Stationers,Mr Sachin Suryavanshi,Maharashtra,Latur,"Astvinayak Road, Latur",,0,,,
23120,BKS03473,Krashna pustakalaya,0,Maharashtra,Udgir,"Shop no 21&29,Nagar parishad Complex, Udgir",,0,,,
23119,BKS03472,LIGHT HOUSE LEARNING PVT. LTED.,,Maharashtra,Greater Mumbai[Bombay],"Windsor, 801, 8th Floor, Off, Manipada Rd, Kalina, Santacruz East, Mumbai, Maharashtra 400098",,,,,
24184,BKS03532,Winner Book Centre,,Maharashtra,Greater Mumbai[Bombay],"Opp.Bhartiya Vidya Bhuvan, Chowpatty, Mumbai",,,,,
23092,BKS03446,STUDENTS BOOKS,,Maharashtra,Greater Mumbai[Bombay],"MUMBAI,",,,,,
23093,BKS03447,VIDYARTHY BOOK STOR- MUMBAI,,Maharashtra,Greater Mumbai[Bombay],MUMBAI,,,,,
23094,BKS03448,DHANLAL BOOKS - MUMBAI,,Maharashtra,Greater Mumbai[Bombay],"MUMBAI,",,,,,
19563,BKS03143,MAZAGAON BOOK DEPOT,,Maharashtra,Greater Mumbai[Bombay],"SHOP NO-1, OFF BALWANTSINGH, MAZAGAON, MUMBAI -- 400010 (MAHARASHTRA )",,,,,
19355,BKS03074,BOOK SHOPPIE (VASAI),,Maharashtra,Greater Mumbai[Bombay],"VASAI, MUMBAI",,,,,
24341,BKS03689,Popular Books Store,,Maharashtra,Greater Mumbai[Bombay],"Venus Paradise, Shop No. 6&7&8, opp. Sbi Bank, Kurar Village, Malad East, Mumbai- 400097",,,,,
24342,BKS03690,Shivam books And Stationery Shop,,Maharashtra,Greater Mumbai[Bombay],"Shop No.17, Ambika Towers AMBIKA TOWERS, opposite Jijamata Road, Asmita Mogra CHS, Hanjer Nagar, Aghadi Nagar, Andheri East, Mumbai, 400093",,,,,
18292,BKS03013,MAHARASHTRA PUSTKALAYA,,Maharashtra,Nagpur,"MAHAL, NAGPUR",,,,,
18296,BKS03017,VIDHARBHA BOOKS & STATIONERS,,Maharashtra,Nagpur,"C/O SCHOOL OF SCHOLARS, NARENDRA NAGAR, NAGPUR",,,,,
19386,BKS03104,VIBAHAV PUSTKALAYA,,Maharashtra,Nagpur,"LAXMI NAGR SQUIRE, NAGPUR (MAH.)",,,,,
19387,BKS03105,NAVNEET BOOK DEPOT,MR. ASHISH,Maharashtra,Nagpur,"AZAD CHOWK, SADAR, NAGPUR (MAH.)",,8421429742,,,
19384,BKS03102,MAHARASHTRA PUSTKALAYA MAHAL,,Maharashtra,Nagpur,NAGPUR,,,,,
23076,BKS03431,Chawahan Book Depot,Vijay Chauhan,Maharashtra,Nagpur,"golcha Marg, near Karachi General Store, Sadar, Nagpur",,9422815133,440001,,
23078,BKS03433,Vidya Book House,Krishana khedekar,Maharashtra,Nagpur,"65A bandhu nagar, Zingabai Takali Nagpur",,9326279119,440030,,
23079,BKS03434,Novelty Book Depot,Aanand Chopda,Maharashtra,Nagpur,"Golcha Marg Near Karachi Store Sadar, Nagpur",,9657690220,440001,,
23080,BKS03435,Vidarbha Books And Stationers,Mr. Varun Dhondwe,Maharashtra,Nagpur,"Dharmpeth, Nagpur",,9371019021,440010,,
23081,BKS03436,Manshree book's distributor,0,Maharashtra,Nagpur,"Behind Ramna Maroti Nagar,Nagour",,0,,,
24177,BKS03525,PUSHAPAM GARMENT,,Maharashtra,Nagpur,NAGPUR,,,,,
23114,BKS03467,"Mahesh Paper Mart, Nagpur",Manish Neb.,Maharashtra,Nagpur,"Gandhi Putla Square, Itwari, Nagpur, Maharashtra 440002",,0,,,
21935,BKS03308,PRATHMESH ENTERPRISES,,Maharashtra,Nagpur,"KDC CHOWK, JAI DURGA HOUSING SOCIETY NO. 6, SOMALWADA, NAGPUR-441108",,,,,
21962,BKS03334,MINOR POCKET BOOKS PVT. LTD.,,Maharashtra,Nagpur,"104, GHARKUL, BAJIPRABHU NAGAR, POST OFFICE, UNIVERSITY CAMPUS, NAGPUR-440033",,,,,
632,BKS00624,WESTERN BOOK DEPOT,,Maharashtra,Nagpur,"J. N. MARG, MAIN ROAD, SADAR, NAGPUR",,,,,
23115,BKS03468,Arun Book Depot,Arun Chaudhari,Maharashtra,Wadi,Wadi,,0,,,
23077,BKS03432,Ashiwad Agencies,Mr. Rahul Jaiswal,Maharashtra,Wadi,"khadgaon Raod, wadi, Nagpur",,9766688110,440023,,
18311,BKS03031,SUBODH BOOK DEPOT,,Maharashtra,Wadi,"WADI, NAGPUR",,,,,
23110,BKS03463,Maheshwari Gen & Gift Centre,Mr Sunil Karwa,Maharashtra,Nanded,"Opp Phule Market, ITI Road, Nanded",,0,,,
23106,BKS03459,Shri Sankalp Gen & Book Centre,Mr Balaji Kechkar,Maharashtra,Nanded,"Bhagyanagar Corner, Nanded",,0,,,
23107,BKS03460,Himalaya Book Centre,Mr Adnan,Maharashtra,Nanded,"Opp Multipurpose High School, Vazirabad, Nanded",,0,,,
23108,BKS03461,India Book Agencies,0,Maharashtra,Nanded,"Opp Multipurpose School, Vazirabad, Nanded",,0,,,
23009,BKS03367,VIJAY BOOK CENTRE- NANDED,,Maharashtra,Nanded,NANDED- 431807,,,,,
19372,BKS03090,POOJA GENERAL STORES,MR.KAPIL BANSAL,Maharashtra,Dehu Road,DEHU ROAD PUNE,,9834354047,412101,,
19373,BKS03091,RAJESH TRENDING,,Maharashtra,Pimpri Chinchwad,"ABC CHOWK, PIMPRI CHINCHWAD, PUNE",,,,,
19562,BKS03142,CHOISE ENTERPRISES- PUNE,,Maharashtra,Pune Cantonment (Pune Camp),"RASTA PETH, CAMP AREA, PUNE,",,,,,
20855,BKS03230,OM VARIETY & BOOK DEPOT,,Maharashtra,Pune Cantonment (Pune Camp),GHORPADI GAON PUNE CANTT AREA PUNE--411001 (MAHARASHTRA ),,,,,
19556,BKS03136,GURUNANAK BOOK STORE - PUNE,,Maharashtra,Pune (Poona) [Poona],"DAPODI, PUNE",,,,,
19572,BKS03151,GOEL MINI MARKET,,Maharashtra,Pune (Poona) [Poona],"NCL SHOPPING CENTRE, PANSHAN ROAD, PUNE-411008",,,,,
19376,BKS03094,PRABHADEEP BOOK STORE,,Maharashtra,Pune (Poona) [Poona],"SHOP NO. 22, SHIVRANJAN TOWER COMPLEX, SOMESHWAR WADI, PUNE",,,,,
19377,BKS03095,CHOICE BOOK STALL - PUNE CAMP,,Maharashtra,Pune (Poona) [Poona],"SHOP NO. 2, KUMAR CASTLE , BASEMENT , CONVENT STREET",,,,,
19378,BKS03096,DEEPAK GENERAL STORE,,Maharashtra,Pune (Poona) [Poona],"SHOP NO. 23, GOLE MARKET, NDA, KHADAKWASLA, PUNE",,,,,
19392,BKS03110,Vyankatesh Trading,Prasad,Maharashtra,Pune (Poona) [Poona],"Shri Swami Sanidhya Building, Savkash Nagar, Gautam Buddha Society, Lane no.6, Kakade Vasti, Kondhwa , Pune",,9764441252,411048,,
19396,BKS03114,VISHVAKARMA PUBLISHING HOUSE,,Maharashtra,Pune (Poona) [Poona],"MARKET YARD ROAD, SUNEJA CENTRE, PUNE",,,,,
19547,BKS03127,KIRTI BOOK AGENCY.,,Maharashtra,Pune (Poona) [Poona],"AUNDH GAON, AUND, PUNE",,,,,
18333,BKS03052,PRAVIN BOOK SALES,,Maharashtra,Pune (Poona) [Poona],"OPP. SWARNAYUG SAHAKARI BANK, BHAJI MARKET",,,,,
21994,BKS03363,NEW RADHIKA ENTERPRISES-PUNE,,Maharashtra,Pune (Poona) [Poona],"VISHRANTWADI, PUNE",,,,,
21995,BKS03364,MADHUSHILA BOOK STORE-PUNE,,Maharashtra,Pune (Poona) [Poona],"BHEKRAI NAGAR, HADAPSAR, PUNE",,,,,
23016,BKS03374,VYENKTESH TRADING COM,,Maharashtra,Pune (Poona) [Poona],"KONDWA BUDRUK, PUNE",,,,,
21956,BKS03328,ROOT SQUARE STATIONERS & UNIFORMS,,Maharashtra,Pune (Poona) [Poona],"7TH FLOOR SUYOG CENTER MARKET YARD, GULTEKDI, PUNE",,,,,
20893,BKS03265,GEETA STATIONERS,,Maharashtra,Pune (Poona) [Poona],"72/5, NEETA CORNER, NEAR P.M.T. BUS STOP, ELPHINSTON ROAD, KHADKI BAZAR, KHADKI-411003, PUNE",,,,,
23091,BKS03445,ROOTT SQUARE STATIONERY & UNIFORMS LLP,Mr.Vishal Soni,Maharashtra,Pune (Poona) [Poona],"Suyog Center, 7th Floor, Gultekadi - Marketyard Road, Giridhar Bhavan Chowk, Pune",,,411037,,
23052,BKS03409,VARDHAMAN BOOKS,,Maharashtra,Pune (Poona) [Poona],"ABC CHOWK, PRABHAT THETAR, PUNE",,,,,
23048,BKS03405,NEW RADHIKA DEPARTMENTAL STORE,Mr.Ashish,Maharashtra,Pune (Poona) [Poona],"Shop no. 118, Premlok Plaza, Madhuban Society, Vishrantwadi",,9011909025,411015,,
23049,BKS03406,Vidyashree Booksellers & Stationers,Mr.Prashant,Maharashtra,Pune (Poona) [Poona],"Sr.No.572/C, City Sr.No.1953, Light House, Shop No.5 & 6, Bibvewadi",,9890822259,411037,,
23150,BKS03500,SUYOG STATIONERS AND BOOK SELLERS,,Maharashtra,Pune (Poona) [Poona],"SHOP NO. 06, BHRUV DARSHAN, B/H P.C. POLYTECHNIC, NIGDI , PUNE-411044",,,,,
24178,BKS03526,Kirti book Agency -Pune,,Maharashtra,Pune (Poona) [Poona],"BBC Tower, Shop No. A-1, Below Bank of India,Near City International School, Aundhgaon",,,,,
24352,BKS03700,BALI & SONS,,Maharashtra,Pune (Poona) [Poona],"SHOP NO. 1, SHUBHAM APARTMENT, NEAR SAPRAS POLICE CHOKY (E) , ALANDI ROAD, KHADKI, PUNE",,,,,
637,BKS00629,GURUNANAK GENERAL STORE,,Maharashtra,Pune (Poona) [Poona],"NEHRU CHOWK,NR RAILWAY PHATAK, DAPODI, PUNE-411012",,,,,
639,BKS00631,NATRAJ BOOK DEPOT- PUNE,,Maharashtra,Pune (Poona) [Poona],"149, BUDHWAR PETH, OPP. JOGESHWARI MANDIR, APPA BALWANT CHOWK",,,,,
640,BKS00632,NAVDEEP TRADERS,,Maharashtra,Pune (Poona) [Poona],"SHREE LAXMI. S.NO.2, YERWADA, PUNE",,,,,
646,BKS00638,VIDYASHREE,,Maharashtra,Pune (Poona) [Poona],"LIGHT HOUSE COMPLEX, SHOP NO.5,6, BIBVEWADI-KONDHWA ROAD, BIBVEWADI",,,,,
648,BKS00640,WISDOM STORE,,Maharashtra,Pune (Poona) [Poona],"SHOP NO.2, SARASWATI BHAVAN, ADJACENT TO BANK OF BARODA, NEAR MORE VIDYALAYA SUBWAY, PAUD ROAD",,,,,
642,BKS00634,DEEPAK STORE (BOOK STORE),,Maharashtra,Pune (Poona) [Poona],"NDA GATE SHIVNE , PUNE",,,,,
23141,BKS03491,AKSHARVEL BOOKS & STATIONERY,,Maharashtra,Wadagaon (Vadgaon),"Shop No.1,Gangat Patil Empire,Navale Bridge Road,NR.Kalyani Restaurant,Vadgaon,Budruk,Pune-411041",,,,,
23136,BKS03487,SHIVSHAKTI BOOK CENTRE,,Maharashtra,Wagholi,"WAGHESHWAR TEMPLE, WAGHOLI-412207, PUNE",,,,,
650,BKS00642,SHREE GANESH BOOK DEPOT,,Maharashtra,Barshi,"MINATAI THAKARE VYAPARI SANKUL AZAD CHAUK , SOLAPUR,",,,,,
24173,BKS03521,Ganesh Book Depot- Vashi,,Maharashtra,Navi Mumbai,"Devdarshan Apartment, Jagatguru Aadi Shankracharya Marg, Nerul East, Sector 11, Nerul - 400706",,,,,
20850,BKS03225,M/S SHIKSHAN BOOKS & STATIONERY PVT. LTD.,,Maharashtra,Thane,"PODAR EDN GALI NO-MD/101, MAYSRI WEI. BRIDGE GUPTA WARE COMP. DAPODA VILLAGE, BHIWANDI, THANE-401107 (MAHARASHTRA )",,,,,
20847,BKS03222,M/S LAXMI ENTERPRISES,,Maharashtra,Thane,"MEERA ROAD, THANE -400606 (MAHARASHTRA )",,,,,
23113,BKS03466,"Chintamani Book Depot,",Mr. Gopal Joshi,Maharashtra,Hinganghat,"Dr. Rubi chauk, Hinganghat",,0,,,
23082,BKS03437,Alphonsa Books agencies,Narayan Ban,Maharashtra,Wardha,"civil line Jail raod, Wardha",,0,,,
23101,BKS03455,"Unique Traders, wardha",Mr. Mohammad Saifee,Maharashtra,Wardha,"near sai. mandir, wardha.",,0,,,
19374,BKS03092,SARASWATI BOOK DEPOT.,,Maharashtra,Washim,WASIM (MAH.),,,,,
23146,BKS03496,POPULAR BOOK DEPOT - YAVATMAL,,Maharashtra,Yavatmal,"PUSAD, YAVATMAL, MAHARASTRA",,,,,
23147,BKS03497,G.N. BOOKS & DISTRIBUTOR-YAVATMAL,,Maharashtra,Yavatmal,"DHAMANGAON ROAD, WANJARI TALL, NR. DURGA OIL INDUSTRIES, YAVATMAL",,,,,
24377,BKS03725,Christian Literature Centre,MR ROCKSON,Manipur,Kangpokpi,SENAPTI,,8119910063,795106,,
24234,BKS03582,BOOKS AND BOOKS,0,Punjab,Amritsar,HALL BAZAR,,0,,,
24235,BKS03583,PARAKASH BOOK DEPO,0,Punjab,Amritsar,HALL BAZAR,,0,,,
24236,BKS03584,SUNDER BOOK DEPO,0,Punjab,Amritsar,HALL BAZAR,,0,,,
24237,BKS03585,KASTURI LAL AND SONS,0,Punjab,Amritsar,HALL BAZAR,,0,,,
16208,BKS02928,Dhawan distributer,Mr Dhawan,Punjab,Faridkot,near bus stand,,0,151203,,
1092,BKS01080,HARJIT BOOK DEPOT,Mr Aman,Punjab,Sirhind Fatehgarh Sahib,NR M C OFFICE,,9216723010,140406,,
1093,BKS01081,HARJIT BOOK DEPOT,Mr harjit,Punjab,Sirhind Fatehgarh Sahib,FATEHGARH SAHIB,,,140406,,
14213,BKS01942,APSARA ENTERPRISES,MR RASHIM,Punjab,Batala,BATALA,,,143505,,
19833,BKS03208,Ajay Handa,0,Punjab,Hoshiarpur,Ajay Handa vakila bazar,,0,0,,
20849,BKS03224,Jain Book Depot,0,Punjab,Jalandhar [Jullundur],near Dav college,,0,,,
16252,BKS02970,Kumar Book Depot,harish kumar,Punjab,Kapurthala,The Mall,,0,,,
16204,BKS02924,Sunil Book Shop,Mr.Harish Puri (Proprietor),Punjab,Kapurthala,"The mall, Kapurthala",,0,144601,,
23073,BKS03428,Amrik Enterprises,0,Punjab,Phagwara,"Green Estate, Onkar Nagar, Phagwara",,0,,,
19837,BKS03211,Sourav Publication (R),0,Punjab,Jagraon,"Anarkali Bazar,",,0,142026,,
21944,BKS03317,Narula Book Store,0,Punjab,Ludhiana,Model Town,,0,0,,
16203,BKS02923,Satish kumar,Mr Satish Kumar,Punjab,Muktsar (Sri Muktsar Sahib),kotakpura road,,0,152026,,
21972,BKS03343,Khanna Book Depot,0,Punjab,Nabha,"Near Panchmukhi Mandir, Bank Street Nabha",,0,,,
19840,BKS03214,Jindal Book Depot,0,Punjab,Sangrur,"Dhuri Gate, Phirni Road, Near Bus Stand, Sangrur",,0,,,
16223,BKS02942,Naruka book depot,Mr. jitender Singh Naruka,Rajasthan,Jaipur,purani basthi nari ka naka,,0,0,,
16224,BKS02943,Naruka book depot,Mr. jitender Singh Naruka,Rajasthan,Jaipur,purani basthi nari ka naka,,0,0,,
16225,BKS02944,Naruka book depot,Mr. jitender Singh Naruka,Rajasthan,Jaipur,purani basthi nari ka naka,,0,0,,
18321,BKS03040,Vinay enterprises,Mr. Ajay Goyal,Rajasthan,Jaipur,90 Lal chowk housing board Shastri Nagar Jaipur,,9413677917,302016,,
16188,BKS02911,NAGAR ASSOCIATE,Mr. RN Nagar,Rajasthan,Jaipur,"756, PANO KA DARIBA, PANO KA DARIBASHUBASH CHOWK",,,302002,,
16218,BKS02937,Naruka Book Depot,Mr Jitender,Rajasthan,Jaipur,purani basthi chandpol,,0,,,
16219,BKS02938,S. N. Prakashan,0,Rajasthan,Jaipur,chandpol,,0,0,,
1089,BKS01078,BUBNA SALES CORPORATION,mr. susheel kumar bubna,Rajasthan,Jaipur,"RISHIRAJ PLAZA, HAWA SADAK, SHARMA COLONY, BAIS GODAM, JAIPUR, RAJASTHAN 302006, INDIA",,9314501839,302006,,
18316,BKS03036,PRIYA ENTERPRISES.,,Tamil Nadu,Chennai [Madras],"NO. 7, KVK NAGAR, SELAIYUR, CHNNAI-600073",,,,,
18273,BKS02994,ORCHID BOOKS PVT LTD,,Tamil Nadu,Chennai [Madras],"45-A, KIMARASAMY NAGAR, MTH ROAD, CHENNAI",,,,,
16226,BKS02945,P.C.M BOOK SHOP,,Tamil Nadu,Chennai [Madras],"SOUTH USMAN ROAD, T. NAGAR CHENNAI",,,,,
16227,BKS02946,VIJAYA STORE,,Tamil Nadu,Chennai [Madras],"SOLAIPPAN STREET , MYLAPORE, CHENNAI",,,,,
16229,BKS02947,CSB & SONS,,Tamil Nadu,Chennai [Madras],"ROYAPETTAIH HIGH ROAD, ROYAPETTAIH, CHENNAI",,,,,
16230,BKS02948,CENTRAL BOOK DISTRIBUTORS,,Tamil Nadu,Chennai [Madras],"VISHWANATHANKOIL, STREET , ST. THOMAS MOUNT",,,,,
16231,BKS02949,EDGE BOOKS,,Tamil Nadu,Chennai [Madras],"NO-7, MUTHUNAICKEN STREET, CHENNAI",,,,,
16232,BKS02950,SIVA BOOK CENTRE,,Tamil Nadu,Chennai [Madras],"NO-6, VARADHARAJAN NAGAR, 3RD STREET , PONNIAMMANMEDU , KOLATHUR, CHENNAI",,,,,
18297,BKS03018,ODYSSEY BOOK HOUSE,,Tamil Nadu,Chennai [Madras],"ADYAR, CHENNAI",,,,,
21965,BKS03336,LUCKY BOOKS & STATIONARY,,Tamil Nadu,Chennai [Madras],"NO. 62 & 63, KUTCHERY ROAD, MYLAPORE, CHENNAI-600004",,,,,
23098,BKS03452,ROYAL BOOK CENTRE NO. 1,,Tamil Nadu,Chennai [Madras],"COLLEGE ROAD, NANGANALLUR, CHENNAI-600061",,,,,
23083,BKS03438,Vijaya Stores,0,Tamil Nadu,Chennai [Madras],"24/1, South Mada Street, Mylapore Chennai",,0,,,
23058,BKS03414,K2A LEARNING ZONE,,Tamil Nadu,Chennai [Madras],"3A MOUNT BATTEN STREET,OGGIYAM THORAIPAKKAM,CHENNAI,TAMIL NADU-600097",,,,,
23118,BKS03471,RAVI BOOK HOUSE,Mr KUMAR - MD,Tamil Nadu,Chennai [Madras],"Shop No - 10 A & 11, No - 4 SOUTH MADA STREET, MYLAPORE, CHENNAI - 600004",,0,,,
24328,BKS03676,C.L.S BOOK SHOP,0,Tamil Nadu,Chennai [Madras],"68, Evening Bazar Road, Park Town",,0,,,
23145,BKS03495,SHIRDI BOOK DISTRIBUTORS,,Tamil Nadu,Coimbatore,"NO. 14, INDIRA NAGAR, SUNGAM BYE PASS ROAD, COIMBATORE-641045",,,,,
23032,BKS03389,Kasthuri News Agency,,Tamil Nadu,Coimbatore,"Shop No.20A, State Bank Road, Huzur Road South, Opp. commissionar Office, Opp. Collector Office, Gopalapuram, Coimbatore, Tamil Nadu 641018",,,,,
23033,BKS03390,AMMAN BOOK HOUSE,,Tamil Nadu,Coimbatore,"R.S. PURAM , COIMBATORE, TAMIL NADU",,,,,
23034,BKS03391,CHELLAM AGENCIES,,Tamil Nadu,Coimbatore,"VADAVALLI, COIMBATORE, TAMILNADU",,,,,
16238,BKS02956,KALAIMANGAL STORES,,Tamil Nadu,Coimbatore,"NO. 81, DHALI ROAD, UDUMELPET -642126",,,,,
657,BKS00649,CBSE BOOK SHOP-COIMBATORE,,Tamil Nadu,Coimbatore,"131,A, BIG BAZAAR STREET, COIMBATORE, TN",,,,,
17273,BKS02992,INDIA BOOK HOUSE,,Tamil Nadu,Cuddalore,"NO-1/2, BHARATHI ROAD, CUDDALORE",,,,,
17272,BKS02991,SELVAM BOOK CENTRE,,Tamil Nadu,Erode,"11-C, GANDHIJI ROAD, ERODE-638001",,,,,
23025,BKS03383,AMIRTHALINGAM BOOK HOUSE,,Tamil Nadu,Surampatti,"NO. 2, JEGANATHAPURAM COLONY, Ist, STREET, SURAMPATTI, ERODE-638009 , TN",,,,,
16259,BKS02977,LEN BOOKS,,Tamil Nadu,Kolapakkam,"KALAPAKKAM, KANCHEEPURAM -603102",,,,,
17270,BKS02990,M/S ARUNA BOOK STALL,,Tamil Nadu,Nagercoil,"KOTTAR, , NAGERCOIL",,,,,
16263,BKS02980,UTHAIYAM BOOK WORLD,,Tamil Nadu,Vilangudi,"DINDIGUL ROAD, VILANGUDI, MADURAI",,,,,
20861,BKS03235,DHANALAKSHMI BOOK HOUSE,Mr.Annadurai,Tamil Nadu,Thanjavur,"NEW BUS STAND NEAR, THANJAVUR",,9842936532,613005,,
20862,BKS03236,SUNRISE BOOK HOUSE,Mr.Bala,Tamil Nadu,Tiruchirappalli,"N.KOTTAPATTU, TRICHY",,8248585945,620004,,
20863,BKS03237,Maria Enterprises,Mr.Jaishankar,Tamil Nadu,Tiruchirappalli,"Subramaniyapuram, Trichy",,4312331245,620020,,
20864,BKS03238,SCHOOL NEEDS ENTERPRISES,Mr.Manikandan,Tamil Nadu,Tiruchirappalli,"WORAIYUR, TRICHY",,9443816791,620003,,
16247,BKS02965,TRICHY BOOK HOUSE,,Tamil Nadu,Tiruchirappalli,"DEVAR COLONY , IST CROSS",,,,,
16251,BKS02969,ANJANEYA BOOK HOUSE,,Tamil Nadu,Tiruchirappalli,"WORAIYUR, PALAYAM BAZAR",,,,,
24373,BKS03721,BANYAN TREE BOOK HOUSE,,Tamil Nadu,Tiruchirappalli,"20 HIGHWAY COLONY, SUBRAMANIYAPURAM, TRICHY-620020 , T.N.",,,,,
797,BKS00789,PADMA BOOK STALL,,Tamil Nadu,Tirunelveli,RAILWAY STATION ROAD,,,,,
23157,BKS03506,Pearl Printers & Publishers,0,Tamil Nadu,Madavaram (Madhavaram),"Survey No: 1326/2A2, G.N.T. Road Madhavaram, Chennai - 600 060.",,0,,,
23112,BKS03465,HARIPRIYA BOOK DISTRIBUTORS,,Tamil Nadu,Vellore,"18/11, VALLALAR STREET, JOTHINAGAR, ARAKKONAM, VELLORE-631003",,,,,
19550,BKS03130,KALAIVANI BOOK CENTRE-VELLORE,,Tamil Nadu,Vellore,"VELLORE, TN",,,,,
16237,BKS02955,BOOK PARK,,Tamil Nadu,Viluppuram,"171,R.K.S. COMPLEX, NEHRUJI, VILLUPURAM-605602",,,,,
796,BKS00788,ROYAL AGENCY,,Tamil Nadu,Virudhunagar,"MUTHUPARASURAMANPATTI, WATER TANK ROAD, ALLAMPATTI , VIRUDHUNAGAR--626001 (TAMIL NADU )",,,,,
14580,BKS02306,SRI NALANDA BOOK CENTRE,MR D. TIRUPATHI RAO,Telangana,Adilabad,VINAYAK CHOWK,,,504001,,
14581,BKS02307,VENKATESHWARA BOOK DISTRIBUTORS,MR VISHWANATH,Telangana,Adilabad,"VINAYAK CHOWK , OLD BUS STAND",,,504001,,
14582,BKS02308,VISWESWARA BOOK SELLERS,MR VISHWANATH,Telangana,Adilabad,"OPP. HANUMAN TEMPLE, ASHOK ROAD",,,504001,,
14590,BKS02316,SRI NALANDA BOOK CENTRE,MR D. TIRUPATHI RAO,Telangana,Adilabad,VINAYAK CHOWK,,,504001,,
14591,BKS02317,VENKATESHWARA BOOK DISTRIBUTORS,MR VISHWANATH,Telangana,Adilabad,"VINAYAK CHOWK , OLD BUS STAND",,,504001,,
14592,BKS02318,VISWESWARA BOOK SELLERS,MR VISHWANATH,Telangana,Adilabad,"OPP. HANUMAN TEMPLE, ASHOK ROAD",,,504001,,
14588,BKS02314,SARASWATI BOOK DEPOT,MR RAMESH,Telangana,Nirmal,"NEAR SBI, NEAR OLD BUS STAND",,,504106,,
14589,BKS02315,VIDYARTHI BOOK DEPOT,MR P. SRINIVAS,Telangana,Nirmal,NARAYAN REDDY MARKET OPP. BUS STAND,,,,,
14598,BKS02324,SARASWATI BOOK DEPOT,MR RAMESH,Telangana,Nirmal,"NEAR SBI, NEAR OLD BUS STAND",,,504106,,
14599,BKS02325,VIDYARTHI BOOK DEPOT,MR P. SRINIVAS,Telangana,Nirmal,NARAYAN REDDY MARKET OPP. BUS STAND,,,,,
24363,BKS03711,SHRADDHA BOOKS & STATIONARY,MR. RAMESH,Telangana,Secunderabad,"GROUND FLOOR, H.NO. 9-1-87, ST. JOHN'S ROAD, BESIDE SANGEETH THEATER, SECUNDERABAD",,9849451558,500003,,
14781,BKS02507,SRI GANESH BOOK DEPOT,MR GANESH,Telangana,Jagtial,SHIVA VEEDHI,,2226445,505327,,
14782,BKS02508,SREE RAMANA BOOK DEPOT,MR HARISH KUMAR,Telangana,Jagtial,OLD BUS STAND ROAD,,2222035,505327,,
14783,BKS02509,BRILANT BOOK STALL,MOHD. SHAKEEL,Telangana,Karimnagar,ASHOK NAGAR,,,505002,,
14784,BKS02510,LAXMI NARASHIMA BOOK STORES,MR ANUKUR RAO,Telangana,Karimnagar,"NEAR PARAMITHA HIGH SCHOOL, MANKAMMATHOTA",,,505001,,
14785,BKS02511,MANI KANTA BOOK SELLER,MR CHANDRA SHEKHEKAR,Telangana,Karimnagar,SHIVANI COMPLEX MARKET ROAD,,8782278189,,,
14786,BKS02512,MATHRUSRI BOOK SELLERS,MR RAMESH,Telangana,Karimnagar,"BESIDE GEETA BHAVAN HOTEL , MANKAMMA THOTA",,,505001,,
14787,BKS02513,MOHANA KRISHNA BOOK SELLERS,MR PRASAD,Telangana,Karimnagar,"NEAR 2-TOWN POLICE STATION, MANAKAMMATHOTA ROAD",,2235151,505002,,
14788,BKS02514,NEW THIRUMALA SHRI BOOK SELLERS,MR B. RAJALINGAM,Telangana,Karimnagar,MANAKAMMATHOTA BESIDE VYSYA BANK,,,505002,,
14789,BKS02515,NEW HIMABINDU BOOK SELLERS,MR B. SATYANARAYANA,Telangana,Karimnagar,OPP.7 HILLS CVRN ROAD,,2262037,505002,,
14790,BKS02516,SRI RAJA RAJESHWARI BOOK DEPOT,MR N. RAM MANOHAR,Telangana,Karimnagar,"FIRST FLOOR, MARKET ROAD",,2249360,505001,,
14791,BKS02517,SATYA BOOK DEPOT,,Telangana,Karimnagar,KAMDHENU COMPLEX,,230302,505001,,
14792,BKS02518,VANI BOOK STALL,MR V. VAMAN RAO,Telangana,Karimnagar,OPP.7 HILLS CVRN ROAD,,,,,
14793,BKS02519,VIDYARTHI BOOK BANK,MR SANTOSH,Telangana,Karimnagar,"D.NO-7-1-72, MANKAMMATHOTA",,8782245595,505001,,
14794,BKS02520,VIKAS BOOK SELLER,MR B. NAGABUSHANAM,Telangana,Karimnagar,JAGTIYAL ROAD,,8782257598,505001,,
16215,BKS02934,Vidyarthi Book Bank,Mr. Satyanarayana,Telangana,Karimnagar,"Manakammathota, Karimnagar",,9848113295,505001,,
19567,BKS03146,SRI RAJARAJESHWARA BOOK DISTRIBUTORS,,Telangana,Karimnagar,"MARKET ROAD, KARIMNAGAR, TELANGANA",,,,,
19568,BKS03147,AB,,Telangana,Karimnagar,AA,,,,,
19834,BKS03209,SRI VIDYARTHI BOOK BANK,,Telangana,Karimnagar,"MANAKAMMATHOTA, KARIMNAGAR--505001 (TELANGANA)",,,,,
14795,BKS02521,SRI SRINIVASA BOOK SELLERS,MR GANGADHAR,Telangana,Koratla,"MAIN ROAD, KORUTALA",,8725254200,505326,,
21942,BKS03315,VAMSIKRISHNA BOOK SELLER,MR PRAKASH,Telangana,Sircilla,"TEMPLE ROAD, SIRICILLA",,9849845862,505301,,
21941,BKS03314,MAYURI BOOK SELLER,MR NAGARAJU,Telangana,Vemulawada R,"TEMPLE ROAD, VEMULAVADA",,9440155222,505302,,
21938,BKS03311,HANUMAN BOOK CENTRE,MR CHANDRASHEKHAR,Telangana,Khammam,"11-4-19, OPP FISH MARKET, WYRA ROAD",,9849374292,506001,,
23075,BKS03430,M/s Hanuman book centre,Mr Chandrasekhar,Telangana,Khammam,"11-4-19, opp: Fish market, Wyra Road, Khammam",,9849374292,506001,,
18330,BKS03049,Hanuman Book Centre,,Telangana,Khammam,"Wyara Road, Khmmam (TELANGANA )",,,,,
24394,BKS03742,TIRUMALA BOOK STALL,MR GANESH,Telangana,Khammam,"D.N0 - 9- 3- 31, RAILWAY STATION ROAD, NEAR ANAND VIHAR HOTEL, HYDERABAD",,9885085650,507001,,
14802,BKS02528,HANUMAN BOOK STALL,,Telangana,Khammam,"NEAR SHARDHA COLLEGE, LORKHY NURSHING HOUSE",,,507001,,
14803,BKS02529,HANUMAN BOOK CENTRE,K. CHANDRA SHEKHAR,Telangana,Khammam,"OPP. FISH MARKET , WYRA ROAD, KHAMMAM",,8702230522,507001,,
14804,BKS02530,KARMURI BOOKS & GENERAL STORE,MR. K.V. NAGESHWARA RAO,Telangana,Khammam,"NEAR AYYAPPASWAMY TEMPLE, SRINIVASA NAGAR",,8742233693,507003,,
14805,BKS02531,NAVATHA NEW & SECOND HAND BOOK STALL,,Telangana,Khammam,"NEAR BABY MOON HIGH SCHOOL, CHURCH ROAD",,,507001,,
14806,BKS02532,RAGHU BOOK STALL,,Telangana,Khammam,"GANDHI CHOWK, KHAMMAM,",,,507001,,
14807,BKS02533,SRI SARASWATHI BOOK LINK,MR. KARUNAKAR,Telangana,Khammam,"VIAYAKAKSHMI TOWERS, KAMAN BAZAR",,,507001,,
14808,BKS02534,SRINIVASA BOOK STALL,MR. B.RAJESHWAR RAO,Telangana,Khammam,"SHOP NO. 9 -2 -220, NEAR BUS STAND, WYRA ROAD",,8742223613,507001,,
14809,BKS02535,THIRUMALA BOOK DEPOT,MR. V. HARI BABU,Telangana,Khammam,"SHIVAJI HOTEL COMPLEX , NEAR RAILWAY STATION ROAD",,,507001,,
14810,BKS02536,CHILDREN BOOK BANK,MR. A. B. SASTRY,Telangana,Khammam,"LAKSHMI DEVI PALLI, KOTTAGUDEM",,4742244310,507117,,
14811,BKS02537,NAVODAYA BOOK HOUSE,MR. NEEL GIRI RAO,Telangana,Khammam,"NEAR POLICE STATION , M.G.ROAD , MAIN ROAD",,8742242204,507101,,
23057,BKS03413,Deepika book store,Mr Nagraju,Telangana,Achampet,"Near Bus Stand, Achampet",,9059066876,509375,,
23047,BKS03404,Sri Raghvendra Books & Gifts,,Telangana,Mahbubnagar (Mahabubnagar),"Near Avanti Hotel, Mahbubnagar",,,,,
23063,BKS03419,M/s Sai Nagarjuna stationery,Mr Raghunath Reddy,Telangana,Hyderabad,"S R Nagar , Hyd",,9618055543,500038,,
24165,BKS03514,BOOK SLECTION CENTRE,MR HEMANT PAREKH,Telangana,Hyderabad,"D.NO-3-5-121/E/1/2 , K D HOUSE, BESIDE SHALIMAR FUNCTION HALL, RAMKOTE, HYD",,9848212406,500001,,
23126,BKS03478,Murli krishna stationery & xerox,M/s Vedasree,Telangana,Hyderabad,"D.No-2-22-154/a, Shubodaya Colony, Kukatpally, Hyd",,9849842496,500072,,
21937,BKS03310,SRI BALAJI BOOK CENTRE,MR JANARDHAN,Telangana,Hyderabad,SAROORNAGAR,,9849876265,500035,,
18331,BKS03050,SREE VIDYA BOOKS PVT. LTD.,,Telangana,Hyderabad,"4-7-104, BESIDE SANTOSHIMATA TEMPLE, ESAMIA BAZAR, HYDERABAD--500027 (TELANGANA )",,,,,
18329,BKS03048,Knowledge Book Distributors,Mr. Ashwani Nevatia,Telangana,Hyderabad,"Shalimar Theatre , Ramkote",,9848053909,500001,,
18293,BKS03014,akshar school solutions,mrs rajani,Telangana,Hyderabad,"8-23,plot no 23,first floor,allwyn colony miyapur",,9741187529,500049,,
24349,BKS03697,NISHANT ACADEMY,MR KAMLAKAR CHILKA,Telangana,Hyderabad,"OPP: CANARA BANK, NALLAKUNTA, HYD",,9885482083,500044,,
24350,BKS03698,SPS IIT & MEDICAL ACADEMY,MR TENDRA SEKHAR,Telangana,Hyderabad,"ABOVE SBI, SHIVAM ROAD, HYDERABAD",,9885696966,500044,,
24343,BKS03691,RAMESH INSTITUTE OF MATH & SCIENCE,MR RAMESH,Telangana,Hyderabad,"FLAT NO- 206, 2ND FLOOR, RAGHVENDRA COMPLEX , HABSIGUDA X ROAD, HABSIGUDA, HYD",,9866060215,500007,,
24340,BKS03688,"NAGARJUNA BOOKS, STATIONERY & GIFTS",MR DURGA RAO,Telangana,Hyderabad,"23-8, OPP: SRINIVAS THEATRE, ASHOK NAGAR , R C PURAM, HYD",,9848491502,502032,,
24333,BKS03681,SREE HANU SUBRAMAYAM BOOK CENTRE,MRS BHAGYA LAXMI,Telangana,Hyderabad,"PLOT NO- 26/149, FRIENDS COMPLEX, OPP: RELIANCE TRENDS, BALAPUR X ROAD, HYD",,9394028223,500097,,
14696,BKS02422,SAI CENTRAL BOOK STORES,,Telangana,Hyderabad,"PLOT NO-325, ECIL KAPRA ROAD,HYDERABAD --500062 (TELANGANA )",,,,,
15167,BKS02891,JYOTHI BOOK CENTRE,,Telangana,Hyderabad,"STREET NO.14,HIMAYATNAGAR ROAD,NEAR NARAYANAGUDA FLY OVER,HYDERABAD-500029",,,,,
15147,BKS02872,SRI SAI CENTRAL BOOK DEPOT,mr srinivas,Telangana,Hyderabad,"NEAR SAKET , KAPRA",,9247827291,500062,,
16173,BKS02897,VISHAL BOOK DISTRIBUTOR,Mr. K Nagraj,Telangana,Hyderabad,"STREET NO.3, CHIKKADPALLY,",,9246333166,500020,,
16174,BKS02898,BELL BOOK COMPANY,Mr. M Narendra Rao,Telangana,Hyderabad,"KANCHANJUNGA COMPLEX, KING KOTHI ROAD",,9440806633,500001,,
16175,BKS02899,CENTRAL PUBLISHERS,Mr. M Ravindra Rao,Telangana,Hyderabad,ABIDS,,4066756501,500001,,
16176,BKS02900,CENTRAL BOOK SHOP,Mr. M Sudheer Rao,Telangana,Hyderabad,"BAIRAMALGUDA,SAGAR ROAD, CHAMPAPET",,7331153981,500074,,
14823,BKS02549,SRI KRISHNA BOOK DEPOT,,Telangana,Siddipet,"MAIN ROAD, SIDDIPET",,,502103,,
14821,BKS02547,KRISHNA BOOK DEPOT,MR.KASHINATHAM,Telangana,Siddipet,"MEDAK ROAD , SIDDIPET",,845724100,502103,,
14822,BKS02548,NAGENDRA BOOK DEPOT,MR. BALRAJ,Telangana,Siddipet,"MEDAK ROAD , SIDDIPET",,8457222858,502103,,
24395,BKS03743,LALITA BOOK DEPOT,MR KOTESHWAR RAO,Telangana,Siddipet,"D.NO- 07-1,65, SUBASH ROAD, AZAMPURA, SIDDIPET",,8886470151,502103,,
19835,BKS03210,V.D. BOOK LINKS,,Telangana,Siddipet,"D.NO-19,-44-12, ROAD NO-04, ADARSH NAGAR, TELCOM NAGAR, SIDDIPET--502103 (TELANGANA)",,,,,
14829,BKS02555,NAVODAYA BOOK STALL,,Telangana,Kodad,"BESIDE RTC BUS STAND, KODAD",,9948108333,508206,,
14835,BKS02561,U.LIKE BOOK SHOP,,Telangana,Kodad,"KODAD, NALGONDA",,,508206,,
14832,BKS02558,SRI KRISHNA STATIONERY,,Telangana,Nakrekal,"MOOSI ROAD, NAKREKAL",,9246856865,508001,,
14833,BKS02559,TEJA BOOK CENTRE,,Telangana,Nalgonda,"D.V.K. ROAD, NALGONDA",,,508001,,
14834,BKS02560,TRINETHRA BOOK DEPOT & STATIONERY,,Telangana,Nalgonda,MAIN ROAD MELLACHERVU,,9949782725,508246,,
14830,BKS02556,NEELIMA BOOK LINKS,,Telangana,Nalgonda,"S.L.N. SWAMY COMPLEX , RAMAGIRI",,8682222848,508001,,
14831,BKS02557,RAKESH BOOK CENTRE,,Telangana,Nalgonda,"SHIVAJI NAGAR, NALGONDA",,,508001,,
14828,BKS02554,MONIKA BOOK STALL,,Telangana,Nalgonda,"SHIVAJI NAGAR, NALGONDA",,8689222183,508001,,
14825,BKS02551,DEEPAK BOOK SHOP,,Telangana,Nalgonda,"SHIVAJI NAGAR, NALGONDA",,9885061188,,,
14827,BKS02553,KAKATIYA BOOK CENTRE,,Telangana,Suryapet,"EDGE ROAD, SURYAPET",,,508213,,
14839,BKS02565,MADHAVI BOOK DEPOT,CH. RAVINDER REDDY,Telangana,Bodhan,"BODHAN, NIZAMABAD",,8467272245,503185,,
14840,BKS02566,NEELIMA BOOK DISTRIBUTORS,,Telangana,Nizamabad,"GANDHI CHOWK, JAWAHAR ROAD,KASABAGLLI, MAIN BAZAR, NIZAMABAD (TELANGANA )",,,,,
14841,BKS02567,SAI SRI VINAYAKA BOOK DISTRIBUTORS,MR. PRADEEP,Telangana,Nizamabad,"VILL. & MDL . KAMMARAPALLI, NIZAMABAD",,,503308,,
14842,BKS02568,SIDHARTHA BOOK DEPOT,MR. CHIRANJEEVI,Telangana,Nizamabad,"JAWAHAR ROAD, NIZAMABAD,",,,503001,,
14843,BKS02569,S.R. MALLARAH SON BOOKSELLERS,,Telangana,Nizamabad,"OPP. N.H.G.H. SCHOOL , SUBHASH NAGAR",,,503001,,
14844,BKS02570,SRI VANI BOOK DISTRIBUTORS,,Telangana,Nizamabad,"AZAM ROAD , NEAR MASJID, NIZAMABAD",,,503002,,
14845,BKS02571,SRI SAI RAM BOOK CENTRE,MR. BHASKAR,Telangana,Nizamabad,"SUBHASH NAGAR, NIZAMABAD",,,503002,,
14846,BKS02572,SRI RAM BOOK DEPOT,,Telangana,Nizamabad,"KANTESHWAR, NIZAMABAD",,,503002,,
14898,BKS02624,AMINA BOOK CENTRE,,Telangana,Tandur,SHANTH MANUEL COMPLEX,,274584,501141,,
14899,BKS02625,MINAR BOOK CENTRE,,Telangana,Tandur,SAIPUR X ROAD,,,,,
14911,BKS02637,SHANTHI BOOK STALL,MR. M.S.M. REDDY,Telangana,Narsampet,"NEAR JAYSHRI TALKIES, MAIN ROAD, NARSAMPET, WARANGAL",,,506132,,
14912,BKS02638,VAMSHI BOOK CENTRE,,Telangana,Narsampet,"OPP. TALUKA OFFICE, STATION ROAD, NARSAMPET, WARANGAL",,,506132,,
14914,BKS02640,CHILDREN BOOK BANK,,Telangana,Warangal,"NEAR SRINIVASA I.T.I., H.NO. 5-165, LAKSHMIDEVIPALLE, WARANGAL",,,506005,,
14915,BKS02641,DEEPTHI BOOK HOUSE,,Telangana,Warangal,"FATIMA NAGAR, KAZIPET, WARANGAL (TELANGANA)",,,,,
14916,BKS02642,JAI BHAGWAN BOOKSELLER STATIONERS,,Telangana,Warangal,"8-10-22, J.P.N. ROAD, WARANGAL, WARANGAL",,,506002,,
14917,BKS02643,LAKSHMI BOOK AND GEN. STORE,,Telangana,Warangal,"KAKALAPURAM A.P. RANES, WARANGAL",,,506002,,
14918,BKS02644,NEELIMA BOOK BANK,,Telangana,Warangal,"VEERANJANEYA COMPLEX, S.V.N. ROAD",,2562439,506002,,
14920,BKS02646,P.V . BOOK LINK,,Telangana,Warangal,"NEAR RADHIKA THEATRE, WARANGAL",,,506002,,
14921,BKS02647,P.V. AGENCIES,"MR. HANUMANTHA RAO, MR. GAJENDRA, MR. PURNA",Telangana,Warangal,"8-10-79, BANDELLI SHETTY STREET, GIRIMA JI PET, WARANGAL",,8702427452,506002,,
14927,BKS02653,UMA BOOK STALL & GEN. STORE,,Telangana,Warangal,"11-23-1527, DESHIPET ROAD, WARANGAL--506002 (TELANGANA )",,,,,
14928,BKS02654,VISHNU BOOK DEPOT,MR. ASHOK KUMAR,Telangana,Warangal,"14-2-167, MANDI BAZAR, WARANGAL, WARANGAL",,2426307,503012,,
14923,BKS02649,SRI RAJA RAJESHWARI BOOK SHOP,,Telangana,Warangal,"H.NO. 3-7-68, TAILOR STREET, KUMARPALLY ROAD, WARANGAL",,,506002,,
14924,BKS02650,SRI VENKATESHWARA BOOK DEPOT,MR. M.M.S. REDDY,Telangana,Warangal,"HUNTER ROAD, NEAR WARANGAL PUBLIC SCHOOL , WARANGAL",,,506001,,
16177,BKS02901,VISHNU BOOK STALL,Mr. Ashok,Telangana,Warangal,JN ROAD,,9848023381,506002,,
16178,BKS02902,NEELIMA BOOK LINKS,,Telangana,Warangal,"SVN ROAD, BATTALA BAZAR, WARANGAL--506002 (TELANGANA )",,,,,
16179,BKS02903,PV BOOK LINKS,,Telangana,Warangal,"RADHIKA THEATRE LANE, GIRMAJIPET, WARANGAL-506002 (TELANGANA )",,,,,
16180,BKS02904,UMA BOOK STALL,Mr. Bhaskar Reddy,Telangana,Warangal,"DESHAIPET ROAD, WARANGAL",,9849798277,506006,,
16181,BKS02905,UMA BOOK STALL,Mr. Bhaskar Reddy,Telangana,Warangal,"DESHAIPET ROAD, WARANGAL",,9849798277,506006,,
16212,BKS02931,Thirumala Book Centre,Mr. Dayanandam,Telangana,Warangal,"Fathima Nagar , Kazipet",,9849003723,506004,,
23054,BKS03411,Uma book stall & general store,Mr Vijay Bhaskar Reddy,Telangana,Warangal,"11-23-1528, Deshaiapet Road,",,9849798277,506006,,
20843,BKS03218,M/S MAA VAISHNO BOOK AGENCY,,Uttar Pradesh,Agra,"AMAR NAGAR TEELA, SHAHDARA, AGRA-282006 (UTTAR PRADESH )",,,,,
19558,BKS03138,PREM SAGAR & SONS,,Uttar Pradesh,Agra,"SAGAR COMPLEX, AWAGARH-207301, AGRA, UTTAR PRADESH",,,,,
13098,BKS01188,ANAND BOOK DISTRIBUTORS,,Uttar Pradesh,Agra,"12/51, SUI KATRA ,HOSPITAL ROAD",,5622269880,282003,,
13099,BKS01189,ASHISH BOOK DEPOT,,Uttar Pradesh,Agra,"KANCHAN MARKET, HOSPITAL ROAD",,,,,
13100,BKS01190,ASHOK BOOK DEPOT,,Uttar Pradesh,Agra,HOSPITAL ROAD,,,282003,,
13101,BKS01191,BANSAL BOOK DEPOT,,Uttar Pradesh,Agra,"5,ATMA MARKET, NAULAKHA",,2225004,282001,,
13102,BKS01192,CHILDREN BOOK AGENCY,,Uttar Pradesh,Agra,GENERAL GANJ,,,,,
13103,BKS01193,DEEP PUSTAK SADAN,,Uttar Pradesh,Agra,C/O RADHA BALLAB PUBLIC SCHOOL AMAN VIHAR DAYALBAGH,,98378850111,,,
13104,BKS01194,DEEP BOOKS & STATIONERS,,Uttar Pradesh,Agra,"V.I.P ROAD, NEAR GURUDWARA",,3940876,,,
13105,BKS01195,GOPAL PUSTAK BHANDAR,,Uttar Pradesh,Agra,"854/4, CROSSING SULTANPURA STATION ROAD, AGRA CANTT.",,2227634,,,
13106,BKS01196,GOVIND BOOK SHOPS,,Uttar Pradesh,Agra,"M.N. COMPLEX OPP. ST. JOHN COLLEGE, BEHIND HANUMAN MANDIR",,562354577,282002,,
13107,BKS01197,KESHAV GENERAL STORE,,Uttar Pradesh,Agra,"13/22, CHAURAHA DHAKARAN NAI KI MANDI",,2363572,282002,,
13108,BKS01198,KHANUJA BOOK SHOPPE,,Uttar Pradesh,Agra,"61/1-2, GWALIOR ROAD, NAULAKHA, AGRA CANTT.",,363461,282010,,
13109,BKS01199,LYALL BOOK DEPOT,,Uttar Pradesh,Agra,"DHAKRAN CROSSING , SUSHILA COMPLEX, MAHATMA GANDHI ROAD",,,282010,,
13110,BKS01200,MAHESHWARI BOOK AGENCY,,Uttar Pradesh,Agra,"NEAR U.P. AWAS VIKAS OFFICE, KAMLA NAGAR",,2181776,282005,,
13111,BKS01201,MAHESHWARI BOOK DEPOT,,Uttar Pradesh,Agra,HOSPITAL ROAD,,,282003,,
13112,BKS01202,MAHESHWARI BOOK SHOPPE,,Uttar Pradesh,Agra,"14/10, EMPORIUM BLOCK, SANJAY PALACE, AGRA",,,,,
13113,BKS01203,MANAV BOOK DISTRIBUTORS,,Uttar Pradesh,Agra,"SITA RAM PLAZA, RAJA MANDI, AGRA",,,,,
13114,BKS01204,NEW BOOK DEPOT,,Uttar Pradesh,Agra,RAJA MANDI,,,,,
13115,BKS01205,NEW RATHI BOOK AGENCY,MR GOKESH RATHI,Uttar Pradesh,Agra,"51, RAM MOHAN VIHAR , DAYAL BAGH",,5626540680,282005,,
13116,BKS01206,P.K. ENTERPRISES,,Uttar Pradesh,Agra,"BLOCK NO-77, OPP. ST. PATRICK SCHOOL, SANJAY PLACE",,2853506,282002,,
13117,BKS01207,PUNPUN JEE KI DUKAN,,Uttar Pradesh,Agra,"CHANDAN CHOWK , KAMLA NAGAR",,5626546226,,,
13118,BKS01208,R.K. PAINTER,,Uttar Pradesh,Agra,SHAJADI MANDI,,,,,
13119,BKS01209,RAKESH TRADERS,,Uttar Pradesh,Agra,"OPP. POLICE CHOWKI, PT. MOTILAL NEHRU ROAD",,2858478,282004,,
13120,BKS01210,RATHI BOOK AGENCY,,Uttar Pradesh,Agra,"51, RAM MOHAN VIHAR , DAYAL BAGH, AGRA",,,,,
13121,BKS01211,S.S. EDUCATIONS PVT. LTD.,,Uttar Pradesh,Agra,"10-F, BLOCK33, SANJAY PALACE",,221751,282002,,
13122,BKS01212,SARASWATI BOOK DEPOT,,Uttar Pradesh,Agra,"NAULAKHA , SADAR BAZAR, AGRA CANTT.",,2225585,282001,,
13123,BKS01213,SHAKTI BOOK AGENCY,,Uttar Pradesh,Agra,"RAJPUR CHUNGI , MILITARY ROAD,",namanpublishing@yahoo.com,5622481926,282001,,
13124,BKS01214,SHAKTI PUSTAK SADAN,,Uttar Pradesh,Agra,"8/20, OPP. ST. PATRICK`S SCHOOL, SANJAY PALACE",,334101,,,
13125,BKS01215,SHARD BOOK DEOOT,,Uttar Pradesh,Agra,"207/5A, NORTH VIJAY NAGAR COLONY OPP. ABHINANDAN MARRIAGE COMPLEX",,5622852478,282004,,
13126,BKS01216,SHARDA BOOK AGENCY,,Uttar Pradesh,Agra,OLD VIJAY NAGAR,,,282002,,
13127,BKS01217,SHASHI BOOK DEPOT,,Uttar Pradesh,Agra,"27/203, BUNDE KATRA, GWALIOR ROAD",,,282001,,
13128,BKS01218,SHIVA BOOK DISTRIBUTORS,,Uttar Pradesh,Agra,"UG-3, ANNA COMPLEX , OPP. SETH PADAM CHAND INSTITUTE",,5622602728,,,
13129,BKS01219,SHREE DEVI PUSTAK BHANDAR,,Uttar Pradesh,Agra,"22/9, EMPORIUM COMPLEX, SANJAY PALACE, AGRA --282002( UTTAR PRADESH )",,,,,
13130,BKS01220,SHRI LAXMI STATIONERS & BOOK SELLERS,,Uttar Pradesh,Agra,"E-499, KAMLA NAGAR",,,282005,,
13131,BKS01221,SPARSH BOOK DISTRIBUTORS,,Uttar Pradesh,Agra,"96, SARLA BAGH, DAYAL BAGH",,5626540680,282005,,
13132,BKS01222,SRI GAYATRI TRADERS,,Uttar Pradesh,Agra,"VESHNO COMPLEX MILITRY ROAD, RAJPUR CHUNGI",,9319997583,,,
13133,BKS01223,SUPER STATIONERY CENTRE,,Uttar Pradesh,Agra,"3, ALIKA SHOPPING CENTRE COMPLEX , OPP. KOTHI MEENA BAZAR, SAKET COLONY ROAD NEW SHAHGANJ",,,282010,,
13134,BKS01224,SUPER STATIONERY MART,,Uttar Pradesh,Agra,"SHAHGANJ MARKET , NEAR RUI KI MANDI CHAURAHA",,2212234,,,
13135,BKS01225,SWASTIC BOOK DEPOT,,Uttar Pradesh,Agra,AGRA,,9760018973,,,
13136,BKS01226,UNIVERSAL BOOKSELLERS,,Uttar Pradesh,Agra,"B-939, GOLE MARKET, OPP. MAHANAGAR BOYS SCHOOL, MAHANAGAR",,387023,,,
13137,BKS01227,VENUS BOOK COTTEGE,,Uttar Pradesh,Agra,"1/193A, BAG FARZANA, BEHIND NAVAL KISHORE NURSHING HOME,",,2520065,282002,,
13138,BKS01228,VENUS STATIONERS & BOOKS SELLERS,,Uttar Pradesh,Agra,"31/37, RAWAT PURA",,2520065,282002,,
13139,BKS01229,VISHNU BOOK DEPOT,,Uttar Pradesh,Agra,"CHATTA BAZAR , INSIDE ACHARYA MARKET, DELHI GATE ROAD",,5652401096,282002,,
13480,BKS01570,KRISTON PUBLICTION - AGRA,,Uttar Pradesh,Agra,AGRA,,,,,
13140,BKS01230,A.R. BOOK DISTRIBUTORS,,Uttar Pradesh,Aligarh,"J-78,-A, JANAK PURI RAMGHAT ROAD",,,,,
13141,BKS01231,ADITYA BOOK AGENCY,,Uttar Pradesh,Aligarh,"H. NO-1/567, VISHNUPURI EXT. NEW SURENDRA NAGAR",,,202001,,
13142,BKS01232,AGGARWAL BOOK DEPOT,,Uttar Pradesh,Aligarh,ALIGARH,,,,,
13143,BKS01233,ALFA BOOK DEPOT,,Uttar Pradesh,Aligarh,SARAI HAKEEM,,5712510087,202001,,
13144,BKS01234,ALIGARH BROTHERS,,Uttar Pradesh,Aligarh,"OPP. SURYA HOTEL, DAUJI MANDIR CAMPUS ACHAL ROAD, ALIGARH-202001",,,,,
13145,BKS01235,ANWAR BOOK DISTRIBUTORS,,Uttar Pradesh,Aligarh,"4/485, NEAR POLICE CHOWKI AMU MARKET, 4/9, RAILWAY CROSSING BHAMOLA, ALIGARH--202002 ( UTTAR PRADESH )",,,,,
13146,BKS01236,C.L. AGARWAL & SONS,,Uttar Pradesh,Aligarh,BARA BAZAR,,5712524032,202001,,
13147,BKS01237,CITY BOOK CORNER,,Uttar Pradesh,Aligarh,"MASUDA ROAD, NEAR POST OFFICE",,,,,
13148,BKS01238,DURGA BOOK AGENCY,,Uttar Pradesh,Aligarh,K.P. SINGH MARKET RAMGHAT ROAD QUARSI,,99270187220,202001,,
13149,BKS01239,EDUCATIONAL BOOK CENTRE,,Uttar Pradesh,Aligarh,"3/54, BHARTI NAGAR, MARRIS ROAD",,5712414656,202001,,
13150,BKS01240,GYANPUSHP CHILD CARE PVT. LTD.,,Uttar Pradesh,Aligarh,THREE DOTS COMPLEX RAM GHAT ROAD,,,202001,,
13151,BKS01241,INDIAN BOOK DEPOT,,Uttar Pradesh,Aligarh,"SHOP NO 7-10, ABAD MARKET, DODHAPUR",,2705845,,,
13152,BKS01242,MANISH BOOK DISTRIBUTORS,,Uttar Pradesh,Aligarh,"R.K.PURAM, SASNI GATE, AGRA ROAD, KALYANPUR RD., ALIGARH",,,,,
13153,BKS01243,RAJIV BOOK CENTRE,,Uttar Pradesh,Aligarh,"19/319, MAHENDRA NAGAR",,,202001,,
13154,BKS01244,RANA PRATAP BOOKSELLER,,Uttar Pradesh,Aligarh,"1/IP , ICE FACTORY COLONY, SURENDER NAGAR",,9410060991,,,
13155,BKS01245,S.J.D. BOOK DISTRIBUTORS,,Uttar Pradesh,Aligarh,"ACHAL, INSIDE NARSINGH JEE KA MANDIR",,,,,
13156,BKS01246,SRISHTI ENTERPRISES,,Uttar Pradesh,Aligarh,"322, BANK COLONY SURENDRA NAGAR",,571392700,,,
13157,BKS01247,M/S VIDYARTHI PUSTAK SADAN,,Uttar Pradesh,Aligarh,"BOOK MARKET, ACHAL ROAD, ALIGARH--202001 (UTTAR PRADESH )",,,,,
13158,BKS01248,VIKAS BOOK AGENCY,,Uttar Pradesh,Aligarh,"KALYAN PURAN GATE SREE NARSINGH JEE KA MANDIR ACHAL ROAD, ALIGARH",,,,,
13159,BKS01249,M/S ZAKIR BOOK DEPOT,,Uttar Pradesh,Aligarh,"DODHPUR ROAD, CIVIL LINES ALIGARH--202001 (UTTAR PRADESH )",,,,,
19554,BKS03134,ANWER BOOK DEPOT,,Uttar Pradesh,Aligarh,"SHAMASHAD MARKET, ALIGARH",,,,,
18274,BKS02995,M/S PUSTAK MAHAL,,Uttar Pradesh,Allahabad,"SHOP NO623F/91, JAWAHARLAL NEHRU ROAD, SOBATIYABAGH , PRAYAGRAJ,211006",,,,,
16264,BKS02981,BOOKS CORNER BOOK SELLERS,,Uttar Pradesh,Allahabad,"SOUTH MALAKA, PRAYAGRAJ",,,,,
18272,BKS02993,BOOKS CORNER,,Uttar Pradesh,Allahabad,"HOUSE NO-784B, 231, SOUTH MALAKA , NEAR NAWAB KI RASOI, RAMBAGH, PRAYAGRAJ, ALLAHABAD",,,,,
17264,BKS02984,BHARGAVA BOOK DEPOT,,Uttar Pradesh,Allahabad,"KUTCHERY ROAD- NEAR STATE BANK MAIN BRANCH, PRAYAGRAJ",,,,,
24396,BKS03744,M/S INDIAN BOOK PALACE,MR. SUFIAN,Uttar Pradesh,Allahabad,"229-C/28, HARWARA, DHOOMANGANJ 211011",,8299460142,211012,,
24285,BKS03633,Friend's Book Depot,Mr. Dilip Kumar Pramanik,Uttar Pradesh,Allahabad,"17/13-A Univesity Road, Prayagraj",,9451743891,211001,,
24286,BKS03634,Friends Book Center,Mr. Paritosh Pramanik,Uttar Pradesh,Allahabad,"13/17 Univesity Road, Prayagraj",,9453527691,211002,,
13160,BKS01250,AAKAR ENTERPRISES,,Uttar Pradesh,Allahabad,"171, CHOWK, ALLAHABAD",,9651806233,211003,,
13161,BKS01251,ABC BOOK SHOP,,Uttar Pradesh,Allahabad,"OPP. PALACE CINEMA HALL, UNIVERSAL COMPOUND, CIVIL LINES",,,,,
13162,BKS01252,ABHINAV PUSTAK KENDRA,,Uttar Pradesh,Allahabad,"12-A, UNIVERSITY ROAD",,7800271602,,,
13163,BKS01253,AKRITI BOOK CENTRE,,Uttar Pradesh,Allahabad,"20, M.G. ROAD, ADJACENT OF S.B.I. CIVIL LINES",,420936,,,
13164,BKS01254,ALLAHABAD BOOK CENTRE,,Uttar Pradesh,Allahabad,"20,M.G. ROAD, ( OPP. PALACE CINEMA ) CIVIL LINES",,2420936,211001,,
13165,BKS01255,ANAND PUSTAK SADAN,,Uttar Pradesh,Allahabad,"BHAWATPUR ROAD, JHALWA, ALLAHABAD--211001 (UTTAR PRADESH )",,,,,
13166,BKS01256,BHIM SEN GUPTA,,Uttar Pradesh,Allahabad,25OLD KATRA,,607973,211002,,
13167,BKS01257,BISHANLAL BHARGAVA & SONS,,Uttar Pradesh,Allahabad,"ISHAN ANNEXE, 1131, KATRA",,9415309665,211002,,
13168,BKS01258,BISHOP JOHNSON SCHOOL BOOK SHOP,,Uttar Pradesh,Allahabad,"9/23, M.G. MARG CIVIL LINES",,2612483,211001,,
13169,BKS01259,BOOK BANK,,Uttar Pradesh,Allahabad,"52, MAK TOWER S.P. MARG , CIVIL LINES OPP. HOTEL YATRIK",,532624155,,,
13170,BKS01260,M/S BOOK HOUSE,,Uttar Pradesh,Allahabad,"GROUND FLOOR, TULSIANI PLAZA C/O MR WAQUAR HUSAIN , 81, RAJPUR, PRAYAGRAJ",,,,,
13171,BKS01261,BOOK WALA,,Uttar Pradesh,Allahabad,"46, CHAH CHAND ZERO ROAD, MEERPUR GOLE CHAURAHA, NERA ISLAMIA INTER COLLEGE",,5323202827,211003,,
13172,BKS01262,CHILDREN BOOK CENTRE,,Uttar Pradesh,Allahabad,"6/10, A/1, KUTCHERY ROAD, OPP. POLICE LINE MAIN GATE",,9235849900,211002,,
13173,BKS01263,CONVENT BOOK CENTRE,,Uttar Pradesh,Allahabad,"6/10,-A, KUTCHERY ROAD, OPP. POLICE LINE ,",,601192,211002,,
13174,BKS01264,CRYSTAL BOOK CENTRE,,Uttar Pradesh,Allahabad,"6/10,-A/1, KUTCHERY ROAD,",,2266192,211001,,
13175,BKS01265,DAVIS PRINTERS & BOOK DEPOT,,Uttar Pradesh,Allahabad,"C/O BISHOP JOHNSON SCHOOL& COLLEGE 9/23, M.G MARG , CIVIL LINES",,9335100821,211001,,
13177,BKS01267,DREMLAND AGENCY,,Uttar Pradesh,Allahabad,"520, FOUNTAIN CROSSING MUMFORDGANJ",,642563,,,
13178,BKS01268,FRIENDS BOOK DEPOT,,Uttar Pradesh,Allahabad,"13, UNIVERSITY ROAD",,5322461221,211002,,
13179,BKS01269,GRACE BOOK SELLER DESIGNERS & PUBLISHERA,,Uttar Pradesh,Allahabad,"25, M.G. MARG CIVIL LINES",,9956068786,211001,,
13180,BKS01270,GYANASHRAYA PUSTAK KENDRA,,Uttar Pradesh,Allahabad,"2, STANLEY ROAD, TELIARGANJ",,,211004,,
13181,BKS01271,HARSHIT NATIONAL MARKETING CO.,,Uttar Pradesh,Allahabad,"148, /132, SWAMI VIVEKANAND MARG",,400145,211003,,
13182,BKS01272,INTERNATIONAL BOOK COMPANY,,Uttar Pradesh,Allahabad,"20, M.G. ROAD,CIVIL LINES",,604636,211001,,
13205,BKS01295,SANGAM BOOK SELLER,,Uttar Pradesh,Allahabad,"65, KHULDABAD",,9335737475,,,
13206,BKS01296,SCHOLARS SOLOUTIONS,,Uttar Pradesh,Allahabad,"NEAR J.K. PALACE HOTEL, CIVIL LINES",,,211001,,
13207,BKS01297,SHARDA PUSTAK BHANDAR,,Uttar Pradesh,Allahabad,"179-A, ATTAR SUIYA",,2659191,,,
13208,BKS01298,SHARMA BROTHERS,,Uttar Pradesh,Allahabad,"60, CHAHCHAND ZIRO ROAD",,53272400162,211001,,
13209,BKS01299,SHIV PUSTAK BHAVAN,,Uttar Pradesh,Allahabad,"52, KHUCDABAD",,9415253428,,,
13210,BKS01300,STATIONARY & BOOK POINT,,Uttar Pradesh,Allahabad,"52, JAWAHAR LAL NEHRU ROAD, TAGORE TOWN",,,,,
13211,BKS01301,SUMAN STATIONERS,,Uttar Pradesh,Allahabad,"62, FAKIRAGANJ, KATRA",,,211002,,
13212,BKS01302,T.N. BHARGAVA & SONS,,Uttar Pradesh,Allahabad,"S.N CITY PULSE, BHARGAVA COMPOUND COMPLEX, OPP. COFFEE SHOP, CIVIL LINES, ALLHABAD--211001 (UTTAR PRADESH )",,,,,
13213,BKS01303,T.N. BHARGAVA & SONS,,Uttar Pradesh,Allahabad,"2-A BELI ROAD, OPP. VIJAY BANK NEW KATRA",,,,,
13214,BKS01304,TRIPATHI BOOK STALL,,Uttar Pradesh,Allahabad,"C/O JAGAT TARAN GOLDEN JUBLEE SCHOOL, 32GEORGE TOWN",,9838942201,211002,,
13215,BKS01305,TUCK BOOK SHOP,,Uttar Pradesh,Allahabad,"C/O NEW CANTT. ARMY SCHOOL & COLLEGE, RAJIV GANDHI MARG NEW CANTT.",,,,,
13216,BKS01306,UNIVERSAL BOOK DEPOT,,Uttar Pradesh,Allahabad,"20, MAHATAMA GANDHI MARG , CIVIL LINES",,5322623580,211201,,
13196,BKS01286,NAROTAM DAS & SONS,,Uttar Pradesh,Allahabad,"56, KHULDABAD",,9235773411,,,
13197,BKS01287,NAVNEET PRAKASHAN MANDIR,,Uttar Pradesh,Allahabad,"SURYA COMPANY, 33-D, M.G. MARG CIVIL LINES",,9935856397,,,
13198,BKS01288,NEW BHARGAVA BOOK HOUSE,,Uttar Pradesh,Allahabad,"427-A, NEW MUMFORDGANJ( DR. NIGAM CROSSING )",,610747,211002,,
13199,BKS01289,NEW BHARGAVA BOOK SELLERS,,Uttar Pradesh,Allahabad,"VINAYAK SQUARE, GROUND FLOOR, SARDAR PATEL MARG, ALLAHABAD-211003",,,,,
13200,BKS01290,POTHIWALA,,Uttar Pradesh,Allahabad,"70-B, SOHBATIYA , BAGH",,503963,,,
13201,BKS01291,PUSTAK KENDRA,,Uttar Pradesh,Allahabad,"27, DHOOMAN GANJ, G.T. ROAD",,632221,211001,,
13202,BKS01292,PUSTAK MAHAL ENTERPRISES,,Uttar Pradesh,Allahabad,"SAUBATIABAGH, NEAR RAILWAY OVER BRIDGE",,9838581465,,,
13203,BKS01293,RAM & SHAYAM BOOK COMPANY,,Uttar Pradesh,Allahabad,"SHOP NO-1, 20, MAHATMA GANDHI MARG",,623683,211001,,
13187,BKS01277,KANHIYA PUSTAK BHAWAN,,Uttar Pradesh,Allahabad,"617,/727/ OLD KATRA ( KHALI STHAN )",,,211002,,
13188,BKS01278,KESARWANI PUSTAK BHANDAR,,Uttar Pradesh,Allahabad,"NETRAM CHAURAHA , KATRA",,,,,
13189,BKS01279,KITAB WALA,,Uttar Pradesh,Allahabad,"24, PATTHER GALI( LEADER ROAD)",,532650893,211003,,
13190,BKS01280,MADHURI VARIETY STORES,,Uttar Pradesh,Allahabad,"7-B, AZAD MARKET, TELIYAGANJ",,5323299684,211001,,
13191,BKS01281,MAHESH BHARGAVA,,Uttar Pradesh,Allahabad,"6/10A/1, KUTCHERY ROAD, OPP. POLICE LINES, ALLAHABAD--211002",,,,,
13192,BKS01282,MEHROTRA BOOK AGENCY,,Uttar Pradesh,Allahabad,"SHASHIPURAM COLONY NEW KATRA 14/18, MAHAJANI TOLA, ZERO ROAD, NEAR RUPBANI CINEMA, PRAYAGRAJ",,,,,
13193,BKS01283,METRO BOOKS& STATIONERY,,Uttar Pradesh,Allahabad,B.H.S. CIVIL LINES,,2409241,,,
13194,BKS01284,MOONLIGHT AGENCY,,Uttar Pradesh,Allahabad,"ZERO ROAD, NEAR OLD MOSQUE,",,,,,
13185,BKS01275,JAMUNA BOOK AGENCY,,Uttar Pradesh,Allahabad,KATGHAR CROSSING,,,,,
13218,BKS01308,VARDHAN ENTERPRISES,,Uttar Pradesh,Allahabad,BALRAMPUR HOUSING SCHME,,9450618420,211001,,
13219,BKS01309,VIDYARTHI MITRAM,,Uttar Pradesh,Allahabad,"212A, 29/61, M.G. MARG, CIVIL LINES, ALLAHABAD (UTTAR PRADESH )",,,,,
13220,BKS01310,VIDYARTHI PUSTAK KENDRA,,Uttar Pradesh,Allahabad,"NEAR RAMA DEVI BALIKA, INTER COLLEGE, ATARSUIYA",,652035,,,
13221,BKS01311,BOOK HOUSE,MR WAQUAR HUSSAIN,Uttar Pradesh,Allahabad,"81, RAJAPUR, ALLAHABAD",,,,,
13222,BKS01312,YADAV WORLD CENTER,,Uttar Pradesh,Mau Aima,MAU AIMA,,9936096621,212507,,
18325,BKS03044,YADAV BOOK DEPOT,,Uttar Pradesh,Mau Aima,"MAUAIMA, ALLAHABAD",,,,,
23086,BKS03440,SHARAD BOOK DEPOT,Mr. Sharad Mishra,Uttar Pradesh,Akbarpur,"Gandhi nagar, Akbarpur",,9984725350,224122,,
23087,BKS03441,VIDYARTHI BOOK DEPOT,MR. MANOJ VERMA,Uttar Pradesh,Akbarpur,"GANDHI NAGAR, AKBARPUR, DISTRICT AMBEDKAR NAGAR- 224122",,7753888130,224122,,
23088,BKS03442,SURYA BOOK DEPOT,MR. D. VERMA,Uttar Pradesh,Akbarpur,"GANDHI NAGAR, AKBARPUR, DISTRICT AMBEDKAR NAGAR- 224122",,05271-244314,224122,,
13953,BKS01628,SHARAD BOOK DEPOT,,Uttar Pradesh,Akbarpur,NEAR ST. PETER`S SCHOOL,,,224149,,
13954,BKS01629,SHUBHAM BOOK DEPOT,,Uttar Pradesh,Jalalpur,"NEAR RAM JANKI TEMPLE , MALIPUR ROAD",,9919575368,224149,,
13956,BKS01631,VIDYARTHI PUSTAK KENDRA,,Uttar Pradesh,Tanda,OPP. N.T.P.C. TOWNSHIP,,9935744026,224238,,
14560,BKS02286,ABDHESH BOOK DEPOT,MR. ASHOK TANDAN,Uttar Pradesh,Amroha,"CHAURAHA HINDU COLLEGE, AMORHA",,,244221,,
14561,BKS02287,AMIT BOOKSELLERS,,Uttar Pradesh,Amroha,"CHAURAHA MANDI CHOBE , AMROHA",,,244221,,
14562,BKS02288,BASHISHTA BOOK DEPOT,MR. VIJAY,Uttar Pradesh,Amroha,"AVAS-VIKAS, AMROHA, J.P. NAGAR",,,244221,,
14563,BKS02289,PRAGATI COPY HOUSE,MR. ASHOK TANDAN,Uttar Pradesh,Amroha,RADHA KRISHNA PUBLIC SCHOOL CAMPUS,,,244221,,
14564,BKS02290,TYAGI BOOK DEPOT,MR. AVNISH TYAGI,Uttar Pradesh,Amroha,"MANDI CHOB, AMROHA",,,244221,,
14565,BKS02291,VASHISHT BOOK DEPOT,MR. VIJAY VASHISHT,Uttar Pradesh,Amroha,"AVAS-VIKAS, AMROHA, J.P. NAGAR",,,244221,,
19575,BKS00021,GOEL BOOK MART,,Uttar Pradesh,Amroha,"JOYA ROAD, AMROHA-244221, J.P. NAGAR",,,,,
13957,BKS01632,BALAJI PUSTAK BHANDAR,,Uttar Pradesh,Auraiya,"NEAR BHARTIYA VIDHYALAYA, DIBIYAPUR ROAD",,8859296518,206122,,
13958,BKS01633,FIVE STAR BOOK DEPOT,,Uttar Pradesh,Dibiyapur,"PHAPHUND ROAD , DIBIAPUR,",,,206244,,
13959,BKS01634,ASHOK BOOK COMPANY,,Uttar Pradesh,Azamgarh,"COLLEGE ROAD, PAHARPUR,",,,276001,,
13960,BKS01635,BALAJI BOOK AGENCY,,Uttar Pradesh,Azamgarh,"KUMARI TOLA, AZAMGARH",,9918950932,276001,,
13961,BKS01636,CHILDREN BOOK HOUSE,,Uttar Pradesh,Azamgarh,NEAR RAILWAY STATION,,5462243373,276001,,
13962,BKS01637,COMPETITION PUBLICATION BUREAU,,Uttar Pradesh,Azamgarh,"DEGREE COLLEGE ROAD, PAHARPUR,",,,276001,,
14012,BKS01638,EDUCATIONAL HOUSE,,Uttar Pradesh,Azamgarh,"PURANI KOTWALI, AZAMGARH",,,276001,,
14013,BKS01639,LAXMI BOOK DEPOT,,Uttar Pradesh,Azamgarh,"SIDHARI, NAYAPUL, AZAMGARH",,9415260246,276001,,
14014,BKS01640,PRAMOD BOOK SELLER,,Uttar Pradesh,Azamgarh,PAHARPUR (TIRAHA),,546226537772,276001,,
14015,BKS01641,VISHWA VIDYALAYA PUSTAK KENDRA,,Uttar Pradesh,Azamgarh,PAHARPUR,,,276001,,
16217,BKS02936,Children Book House,Mr Rajendra Yadav,Uttar Pradesh,Azamgarh,"Near Railway Station, Azamgarh",,,276001,,
18304,BKS03025,SANMATI STATIONERY,,Uttar Pradesh,Baraut,KHATRI GARHI.,,,,,
14021,BKS01647,SHYAM & BROTHERS,,Uttar Pradesh,Bahraich,"CHOWK BAZAR,",,5252232262,271801,,
14022,BKS01648,STATIONERY POINT,,Uttar Pradesh,Bahraich,OPP. STEELGANJ TALAB CHOWK BAZAR,,5252233059,271801,,
14018,BKS01644,PUSTAK NIKETAN,,Uttar Pradesh,Bahraich,"KATCHERY ROAD,",,,271801,,
14019,BKS01645,RASTOGI STATIONERIES,,Uttar Pradesh,Bahraich,"AGARWAL MARKET, DOCTOR`S LANE",,9839484683,271801,,
14023,BKS01649,STUDENT BOOK DEPOT,,Uttar Pradesh,Nanpara,MAIN BAZAR,,5252232617,271801,,
14016,BKS01642,AGARWAL PUSTAK NIKETAN,,Uttar Pradesh,Nanpara,MAIN BAZAR,,233915,271801,,
14017,BKS01643,JANPRIYA BOOK AGENCIES,,Uttar Pradesh,Nanpara,"NANPARA, BAHRAICH",,,271801,,
15157,BKS02881,NEW SHARDA PUSTAK BHANDAR,,Uttar Pradesh,Ballia,"CHAUK, OKDENGANJ ROAD, MEENA BAZAR",,,,,
14024,BKS01650,RASTOGI PUSTAK BHAWAN,,Uttar Pradesh,Balrampur,"PURANA CHOWK, BALRAMPUR",,9415760757,271201,,
14025,BKS01651,SHYAM KISHORE TIWARI,,Uttar Pradesh,Balrampur,"CHOWK BAZAR, BALRAMPUR",,,271201,,
14026,BKS01652,UNIVERSAL BOOK CENTRE,MR. SANJAY RASTOGI,Uttar Pradesh,Balrampur,"OPP. MEMORIAL HOSPITAL, BALRAMPUR",,9415036134,271201,,
21901,BKS03274,UNIVERSAL BOOK SELLER -BALRAMPUR,,Uttar Pradesh,Balrampur,"BALRAMPUR, U.P. , PH : 9415056634",,,,,
13711,BKS01101,AZAD BOOK DEPOT,,Uttar Pradesh,Banda,ZILA PARISHAD MARKET,,9044886731,210001,,
13712,BKS01102,FANCY BOOK DEPOT,,Uttar Pradesh,Banda,"OPP. PRAKASH TALKIES, CHOWK BAZAR",,27917,,,
13713,BKS01103,JAISWAL KITAB GHAR,,Uttar Pradesh,Banda,CHOWK BAZAR,,,,,
13714,BKS01104,JAPEE BOOK CENTRE,,Uttar Pradesh,Banda,"A-38, AWAS VIKAS",,,210001,,
13715,BKS01105,KEN TRADERS,,Uttar Pradesh,Banda,BALKHANDI NAKA,,,,,
13716,BKS01106,KUMAR BOOK DEPOT,,Uttar Pradesh,Banda,CHOWK BAZAR,,5192224407,210001,,
13725,BKS01115,SONU PUSTAK BHANDAR,,Uttar Pradesh,Fatehpur,"BLOCK CHAURAHA , KOTWALI ROAD",,,225305,,
13726,BKS01116,SUPER BOOK DEPOT,,Uttar Pradesh,Fatehpur,DEWA ROAD,,9415775748,225305,,
13719,BKS01109,DILIP STATIONERS,,Uttar Pradesh,Haidergarh,MAIN MARKET,,955244245385,227301,,
13717,BKS01107,AGARWAL PUSTAK KENDRA,,Uttar Pradesh,Haidergarh,SULTANPUR ROAD,,5244246026,227301,,
16198,BKS02919,NAVEEN BOOK SELLER,Mr. Krishna Gopal Agarwal,Uttar Pradesh,Aonla,"NEAR-GHANTA GHAR, GANJ STREET, AONLA, DISTT.-BAREILLY",,9412604749,243301,,
16187,BKS02910,NAVEEN BOOK SELLERS,MR. KRISHNA GOPAL AGARWAL,Uttar Pradesh,Aonla,"GANJ STREET, AONLA, DISTT.-BAREILLY",,9412604749,243301,,
13240,BKS01330,NAVEEN BOOK SELLER,MR. KRISHNA GOPAL AGARWAL,Uttar Pradesh,Aonla,"NEAR-GHANTA GHAR, BAZAR GANJ, AONLA, DISTT.-BAREILLY",,8869010607,243301,,
13232,BKS01322,DELHI BOOK AGENCY,MR. KOMIL PRASAD,Uttar Pradesh,Baheri,"32, SUPER MARKET, POST OFFICE ROAD, BAHERI, DISTT.-BAREILLY",,9412513679,243201,,
13235,BKS01325,GAZI BOOK DEPOT & SPORTS CENTRE,MR IJAZ AHMED,Uttar Pradesh,Baheri,"SUPER MARKET, BAHERI, DISTT.-BAREILLY",,9084078821,243201,,
16197,BKS02918,GURU KIRPA BOOK DEPOT,Mr. Omkar Singh,Uttar Pradesh,Baheri,"21, GURUDWARA MARKET BAHERI, DISTT.-BAREILLY",,9411471435,243201,,
16195,BKS02916,MUKTA STATIONERS,Mr. Umesh Kumar Agarwal,Uttar Pradesh,Bareilly,"36, Islamia Market, Bareilly",36mukta@gmail.com,9359105200,243003,,
16196,BKS02917,SAHITYA NIKETAN,Mr. Manish Mehrotra,Uttar Pradesh,Bareilly,"15, Subhash Market, Opposite-Kotwali, Bareilly",sahityaniketanbareilly@rediffmail.com,9457988801,243003,,
16222,BKS02941,PASHUPATI BOOK AGENCY,Mr. Alok Agarwal,Uttar Pradesh,Bareilly,"Jai Durga Complex, Sheel Chauraha, Rajendra Nagar, Bareilly",pashupati.book.agency@gmail.com,8909328332,243122,,
16213,BKS02932,BANSAL BOOK DEPOT,MR. DEVESH BANSAL,Uttar Pradesh,Bareilly,"TEHSIL ROAD, PURANPUR DISTT.-PILIBHIT(U.P.)",bansalbook@rediffmail.com,9897026069,243001,,
16214,BKS02933,A.R. ASSOCIATES,Mr. Rishi Shinghal,Uttar Pradesh,Bareilly,"49-A, New Shakti Nagar, Nainital Road & 61, Civil Lines, Bareilly",rishi.shinghal22@rediffmail.com,9359117396,243001,,
16206,BKS02926,Mohan Competition Book House,Mr A.K. Saxena,Uttar Pradesh,Bareilly,"Shop No. 4, B.I. Bazar Bareilly Cantt., Bareilly",aksaxenamcbh@gmail.com,9634245888,243002,,
16171,BKS02895,ARIHANT BOOK AGENCY.,MR. SANDEEP JAIN,Uttar Pradesh,Bareilly,"OPP.-HDFC BANK DURGA CHOWK, BUDAUN ROAD, SUBHASH NAGAR BAREILLY(U.P.)",sandeep108jain108@gmail.com,8445406676,,,
16172,BKS02896,GURU NANAK BOOKS & STATIONERS,Mr. Pankaj,Uttar Pradesh,Bareilly,"BEHIND CELEBRATION LAWN, PILIBHIT BYPASS ROAD, BAREILLY",gurunanakbooks008@gmail.com,9837766811,,,
13237,BKS01327,MODERN BOOK STALL(M.B.S. BOOKS PVT. LTD.),,Uttar Pradesh,Bareilly,"4, PUNJABI MARKET, OPP. KOTWALI, BAREILLY--243003 (UTTAR PRADESH )",,,,,
13238,BKS01328,MOHAN COMPETETION BOOK HOUSE,MR. A.K. SAXENA,Uttar Pradesh,Bareilly,"SHOP NO. 4, B.I. BAZAR, BAREILLY CANTT., BAREILLY",aksaxenamcbh@gmail.com,9634245888,243002,,
13239,BKS01329,M/S MUKTA STATIONERS,,Uttar Pradesh,Bareilly,"36, ISLAMIA MARKET, BAREILLY--243003 (UTTAR PRADESH )",,,,,
13233,BKS01323,DINESH BOOK DEPOT,MR. DINESH KUMAR SAHU,Uttar Pradesh,Bareilly,"784, SADAR BAZAR, BAREILLY CANTT., BAREILLY",mechat2shubham007@gmail.com,9319073164,243002,,
13223,BKS01313,DEV STATIONERS,MR. DEV VRATH SHARMA,Uttar Pradesh,Bareilly,"Station Road,Near-Vishal Talikes,Pilibhit(U.P.)-262001",dev_stationers@rediffmail.com,9837373636,243001,,
13241,BKS01331,PASHUPATI BOOK AGENCY,MR. ALOK AGARWAL,Uttar Pradesh,Bareilly,"JAI DURGA COMPLEX, SHEEL CHAURAHA, RAJENDRA NAGAR, BAREILLY",pashupati.book.agency@gmail.com,8909328332,243122,,
13242,BKS01332,PUSTAK BHANDAR,Mr. Atif Sayeed,Uttar Pradesh,Bareilly,"SAILANI MARKET, SHAHMATGANJ, BAREILLY--243001 (UTTAR PRADESH )",pustakbhandar1980.as@gmail.com,9897333567,,,
13243,BKS01333,PUSTAK BHAWAN,MR. SUDHIR GOEL,Uttar Pradesh,Bareilly,"9, SUBHASH MARKET, OPP.-KOTWALI, BAREILLY",harshgoel36@gmail.com,9897384446,243003,,
13244,BKS01334,S.N. ENTERPRISES,MR. NITIN AGARWAL,Uttar Pradesh,Bareilly,"C--486, K.K.HOSPITAL ROAD, RAJENDRA NAGAR, BAREILLY",,9412345022,243122,,
13245,BKS01335,SAHITYA NIKETAN,MR. MANISH MEHROTRA,Uttar Pradesh,Bareilly,"15, SUBHASH MARKET, BAREILLY",sahityaniketanbareilly@rediffmail.com,9457988801,243001,,
13246,BKS01336,SAHITYA SADAN,MR. ANURAG AGGARWAL,Uttar Pradesh,Bareilly,"MACNAIR ROAD, NEAR-TRIVATI NATH TEMPLE, OPP. S.B.I., BAREILLY",sahityasadanbly@gmail.com,9412655516,243005,,
13247,BKS01337,SHANTI BOOK HOUSE,MR. PAWAN ARORA,Uttar Pradesh,Bareilly,"NEAR SBI, DEEN DAYAL PURAM, BAREILLY",shantibookhouse@gmail.com,9259515561,243005,,
13248,BKS01338,STUDENTS PLANET,MR. BHUPENDRA SINGH PATEL,Uttar Pradesh,Bareilly,"C/O JINGLE BELLS PUBLIC SCHOOL, OPP-FUN CITY, PILIBHIT BYPASS ROAD, BAREILLY",,9358090878,243122,,
13249,BKS01339,UNIVERSAL BOOK HOUSE,MR. AMIT TANDON,Uttar Pradesh,Bareilly,"19, CITY PALACE, D. D. PURAM, BAREILLY",,5812300696,243005,,
13225,BKS01315,AMAR BOOK DEPOT,,Uttar Pradesh,Bareilly,"NAINITAL ROAD, KOHARAPEER, BAREILLY",,,243001,,
13226,BKS01316,Anandi Traders,Mr. Manoj Tamta,Uttar Pradesh,Bareilly,"Ginwal Complex,Unchapul Kaladhungi Road Haldwani-263139",manojtamta09@gmail.com,9536865844,243002,,
13227,BKS01317,ASHOKA BOOK HOUSE,MR. ANIL NARULA,Uttar Pradesh,Bareilly,"83, GANDER BUILDING, B.I. BAZAR, BAREILLY CANTT., BAREILLY",,9359110416,243002,,
13228,BKS01318,BAHUGUNA STATIONERY & COMPETITION POINT,MR. MADAN KUMAR BAHUGUNA,Uttar Pradesh,Bareilly,"MINI BYEPASS ROAD, KARAMCHARI NAGAR(ADJACENT TO G.K. CITY MONTESSORI SCHOOL), BAREILLY",,8535005050,243122,,
13229,BKS01319,BUNTY STATIONERS & BOOK SELLERS,MR. MANOJ SHINGHAL,Uttar Pradesh,Bareilly,"RAJENDRA NAGAR, BAREILLY",,9412048717,231322,,
13230,BKS01320,CHILDREN BOOK STALL,MR. GURU NARAIN MEHROTRA,Uttar Pradesh,Bareilly,"163, PUNJABI MARKET, OPP.-KOTWALI, BAREILLY",cbs.bly.81@gmail.com,5812574092,243002,,
13231,BKS01321,DEEPAK BOOK DEPOT,MR. SATISH,Uttar Pradesh,Bareilly,"MACNAIR ROAD, NEAR-KOTWALI PREM NAGAR, BAREILLY",,5813294795,243005,,
16245,BKS02963,SHANTI BOOK HOUSE,,Uttar Pradesh,Bareilly,"Near-SBI, Deen Dayal Puram (D.D. Puram), Bareilly-243005 (UTTAR PRADESH )",,,,,
20857,BKS03231,M/S SIDDHI BOOKS,,Uttar Pradesh,Bareilly,"18-C, GANDHI NAGAR, BAREILLY (UTTAR PRADESH )",,,,,
24279,BKS03627,Competition Book Centre,Mr. Sanjay Sharma,Uttar Pradesh,Bareilly,"Jai Durga Complex, Near Sheel Hospital Chauraha Rajendra Nagar Bareilly- 243122,",,99917233119,243122,,
24269,BKS03617,Madhu Book Depot,Mr. Sunny Jaiswal,Uttar Pradesh,Bareilly,"Bareilly College Road, Bareilly College Gate, Bareilly-243001",,9286379195,243001,,
24270,BKS03618,Competition Book House,Mr. K.K. Narang,Uttar Pradesh,Bareilly,"6-7, Allen Club Market,Opp.-Nagar Mahapalika, Bareilly-243001",,9149068151,243001,,
24271,BKS03619,Goel Book Depot & New Goel Book Depot,Mr. Mohit Goel,Uttar Pradesh,Bareilly,"Bareilly College Road, Opp.- Bareilly College Gate, Bareilly-243001",,9760396746,243001,,
24311,BKS03659,Vidyarthi Kendra,Mr. Sandip Chowdhary,Uttar Pradesh,Bareilly,"4A, Stadium Rd, Shahdana Colony, Model Town, Bareilly",,9634091870,243005,,
24387,BKS03735,The London Book Depot,Mr. Sumit Arora,Uttar Pradesh,Bareilly Cantonment,"B.I. Bazar, Bareilly Cantt., Bareilly",,9719961733,243001,,
16209,BKS02929,AGARWAL STORES,Mr. Deepak Agarwal,Uttar Pradesh,Faridpur,"SARRAFA BAZAR, FARIDPUR, DISTT.-BAREILLY",,9412302641,243503,,
16239,BKS02957,Shri Saraswati Pustak Bhandar,Mr. Kapil Gupta,Uttar Pradesh,Mohenpur,"Mohanpur Road, Nakatia, Bareilly",,9758108978,243123,,
13250,BKS01340,VIDYARTHI BOOK DEPOT,,Uttar Pradesh,Nawabganj,"MAIN MARKET, NAWABGANJ---243406, DISTT.-BAREILLY (UTTAR PRADESH )",,,,,
13234,BKS01324,DINESH BOOK DEPOT,,Uttar Pradesh,Nawabganj,"NEAR J.P.N. INTER COLLEGE, MAIN ROAD",,5825221650,243406,,
14521,BKS02247,ARHIANT BOOK DEPOT,,Uttar Pradesh,Bijnor,"CIVIL LINES, NEEL KAMAL CINEMA ROAD, BIJNOR",,,246746,,
14522,BKS02248,B.S. AGARWAL & SONS,,Uttar Pradesh,Bijnor,"SCHOOL ROAD, BIJNOR",,,,,
14523,BKS02249,RASTOGI BOOK DEPOT,,Uttar Pradesh,Bijnor,BIJNOUR,,,246761,,
14524,BKS02250,TIKARAM JAIN BOOK AGENCY,MR. TIKARAM JAIN,Uttar Pradesh,Bijnor,"BEHING MAIN POST OFFICE GATE , LOHIYAN STREET DHAMPUR,",,,246761,,
14525,BKS02251,VARDHMAN BOOK AGENCY,MR. RAJESH KUMAR,Uttar Pradesh,Bijnor,"SHAMBHA BAZAR, NEAR TEHSIL COMPOUND, BIJNOR",,,246761,,
14526,BKS02252,VIDYARTHI SAHITYA BHAWAN,MR. B.S.KHANNA,Uttar Pradesh,Bijnor,"CIVIL LINES,BIJNOR",,,246761,,
14527,BKS02253,RAM KUMAR MAHAVIR PRASAD,MR. V. P. AGARWAL,Uttar Pradesh,Dhampur,"MAIN BAZAR, KALAN, DHAMPUR",,1344221064,246761,,
14528,BKS02254,ADARSH BHANDAR,,Uttar Pradesh,Najibabad,"CHOWK BAZAR, NAJIBABAD",,1344220150,246763,,
14529,BKS02255,BROTHERS BOOK DEPOT,MR. VIVEK AGARWAL,Uttar Pradesh,Najibabad,"CHOWK BAZAR, NAJIBABAD",,134120452,246763,,
14530,BKS02256,AGARWAL BOOK DEPOT,MR. KSHITIJ AGARWAL,Uttar Pradesh,Seohara,"SOMWAR KA BAZAR, SEOHARA",,1344252236,246746,,
14531,BKS02257,CHHAWADA PUSTAK BHANDAR,,Uttar Pradesh,Seohara,"SHIVAJI MARKET, NEAR SHIVAJI MURTI",,1344250768,246746,,
14520,BKS02246,AGARWAL BOOK DEPOT,MR. ALOK AGARWAL,Uttar Pradesh,Seohara,"SOMWAR KA BAZAR, SEOHARA",,,246746,,
14034,BKS01660,VAISHNAV BOOK DEPOT,,Uttar Pradesh,Bisauli,"BISAULI, DISTT.-BUDAUN",,,243601,,
19559,BKS03139,CHITRA BOOK DEPOT,,Uttar Pradesh,Bisauli,"BUDH BAZAR ROAD, BISAULI-243720, DISTT. BUDAUN, UTTAR PRADESH",,,,,
23037,BKS03394,VIDYA BHARTI BOOK DEPOT-BUDAUN,,Uttar Pradesh,Budaun,"NAI SARAI POLICE CHOWKI ROAD, RAZI CHOWK, BUDAUN, U.P.",,,,,
14035,BKS01661,VIVEK PUSTAK MANDIR,MR. VIVEK RASTOGI,Uttar Pradesh,Budaun,"TICKETGANJ, BUDAUN",vrastogi912@gmail.com,9411009479,243601,,
14027,BKS01653,BALAJI BOOK HOUSE,,Uttar Pradesh,Budaun,"C/O SHANTI PRESS, JOGIPURA,",,,243601,,
14033,BKS01659,PYARE LAL INDRESH CHANDRA,MR. RAJEEV,Uttar Pradesh,Budaun,"BARA BAZAR, BUDAUN",,,243601,,
14029,BKS01655,JOHNSON BOOK EMPROIUM,,Uttar Pradesh,Budaun,NEAR DR. SANTOKH SINGH HOSPITAL,,,243601,,
14030,BKS01656,MODERN EMPORIUM BOOK SELLER & STATIONERS,,Uttar Pradesh,Budaun,"CIVIL LINES, NEAR DR.SANTHOK SINGH",,9412501987,243601,,
16192,BKS02914,SHREE JI TRADERS,Mr. Manoj Rastogi,Uttar Pradesh,Budaun,"Near-Ramlia Ground, Railway Road, Budaun",,9870861505,243601,,
15162,BKS02886,VIVEK PUSTAK MANDIR.,,Uttar Pradesh,Budaun,"TICKETGANJ,BUDAUN-243601",,,,,
14031,BKS01657,PATHAK BOOK DEPOT,,Uttar Pradesh,Dataganj,"DATAGANJ, DISTT.-BUDAUN",,,243601,,
14028,BKS01654,BALAJI BOOK STORE,,Uttar Pradesh,Dataganj,"DATAGANJ, BUDAUN",,,243601,,
14032,BKS01658,PAWAN BOOK DEPOT,MR. PAWAN VARSHNEYA,Uttar Pradesh,Wazirganj,"BARA BAZAR, WAZIRGANJ, DISTT.-BUDAUN",pawanbookdepotwaz@gmail.com,9319221076,243601,,
16193,BKS02915,Pawan Book Depot,Mr Pawan Varshneya,Uttar Pradesh,Wazirganj,"Bara Bazar, Wazirganj, Distt.-Budaun",pawanbookdepotwaz@gmail.com,9319221076,243726,,
14036,BKS01662,ASHOK PUSTAK BHANDAR,Mr. Ashok Kumar Keshari,Uttar Pradesh,Chandauli,"G.T. ROAD, CHANDAULI",,9918560125,232116,,
24371,BKS03719,children book agency,0,Uttar Pradesh,Deoria,Raghav Nagar,,0,0,,
24372,BKS03720,Swadhyay Mandal,0,Uttar Pradesh,Deoria,"Jalkal complex dukan no- 3,4, new colony deoria",,0,0,,
24368,BKS03716,KANODIA BOOK DEPOT,0,Uttar Pradesh,Deoria,ANSARI ROAD,,0,0,,
14532,BKS02258,BHARTIYA PUSTAK BHANDAR,MR GURU BACHAN KUHALI,Uttar Pradesh,Etah,GANDHI MARKET,,238320,207001,,
14533,BKS02259,RINKU TRADERS,,Uttar Pradesh,Etah,NETAJI SUBHASH MARG,,,207001,,
14534,BKS02260,SUDEEP PUSTAK BHANDAR,,Uttar Pradesh,Etah,"NEAR ARUNA NAGAR GUEST HOUSE, RLY ROAD",,9412490513,207001,,
14535,BKS02261,SUNIL PUSHTAK BHANDAR,,Uttar Pradesh,Etah,"NEAR ARUNA NAGAR GUEST HOUSE, RLY ROAD",,,207001,,
14536,BKS02262,VIJAY PUSTAK BHANDAR,,Uttar Pradesh,Etah,GHANTA GHAR MARG,,5688233034,207001,,
14537,BKS02263,BANSAL BOOK STORES,,Uttar Pradesh,Etah,"BILRAM GATE, NEAR HANUMAN TEMPLE, BARAHDWARI",,5744244806,207123,,
23030,BKS03387,ANGEL BOOK DEPOT- JELESAR,,Uttar Pradesh,Jalesar,"D-6, INFRONT OF CHURCH, MANDI, JALESAR, DIST. ETAH-207302 (U.P.)",,,,,
14039,BKS01665,DAYAL STATIONERS,,Uttar Pradesh,Etawah,"189, DREAM LAND COLONY, OPP. HEAD POST OFFICE",,,206001,,
14040,BKS01666,GOPI STATIONERS,,Uttar Pradesh,Etawah,"NEW CITY (NAYA SHAHAR),",,5688256529,206001,,
14041,BKS01667,KAMAKHYA BOOK CORPORATION,,Uttar Pradesh,Etawah,"360, ALKAPURI, KANPUR ROAD",,,206001,,
14042,BKS01668,LUCKY STATIONERS,,Uttar Pradesh,Etawah,"NR. RAM GANJ CHAURAHA, OPP. GARG MEDICAL STORE, NEW CITY",,5688259277,206001,,
14043,BKS01669,NITIN BOOK CENTER,MR. N. TIWARI,Uttar Pradesh,Etawah,"NEAR NAURANGABAD, GILAHARI KA PUL",,9411941815,206001,,
14044,BKS01670,PALIWAL STATIONERS,,Uttar Pradesh,Etawah,NEAR HEAD POST OFFICE,,9410800111,206001,,
14045,BKS01671,SARASWATI PUSTAK BHANDAR,,Uttar Pradesh,Etawah,"NEVIL ROAD,",,9412446274,206001,,
14046,BKS01672,SAXENA BOOK & STATIONERY STORE,,Uttar Pradesh,Etawah,IDGAH CHAURAHA,,9412466634,206001,,
13733,BKS01123,SARKAR COMPANY,,Uttar Pradesh,Faizabad,CHOWK,,240010,224001,,
13734,BKS01124,SHARDA BOOK DEPOT,,Uttar Pradesh,Faizabad,ALLAHABAD-FAIZABAD ROAD,,9839341132,,,
13735,BKS01125,SRI RAM STATIONERS,,Uttar Pradesh,Faizabad,HOTEL ALKA RAJ BUILDING REKABGANJ,,5278223439,224001,,
13736,BKS01126,TANDON BOOK DEPOT,,Uttar Pradesh,Faizabad,REKABGANJ,,5278220980,224001,,
13727,BKS01117,AVADH STATIONERS,,Uttar Pradesh,Faizabad,REKABGANJ,,,224001,,
13728,BKS01118,BOOK WORLD,,Uttar Pradesh,Faizabad,"BHEEKHAPUR ROAD, NEAR SHASHI GAS GODAM",,8574927475,224001,,
13729,BKS01119,DEEPAK BOOK DEPOT,,Uttar Pradesh,Faizabad,"2/3/11, KANDHARI BAZAR, NEAR BABY ICE CANDY ,HANUMAN GARHI",,,224001,,
13730,BKS01120,GHANSHYAM DAS & SONS,,Uttar Pradesh,Faizabad,CHOWK,,222813,224001,,
13731,BKS01121,OUDH STATIONERY MART,,Uttar Pradesh,Faizabad,REKABGANJ,,5278222811,224001,,
21907,BKS03280,GOPAL DAS & SONS,,Uttar Pradesh,Faizabad,"KAKRAHI BAZAR, FAIZABAD (U.P.) PH. 9444088666",,,,,
13732,BKS01122,RAM SARAN BOOK DEPOT,,Uttar Pradesh,Rudauli,NEAR BUS STAND P.O. RUDAULI,,,,,
16183,BKS02906,ANURAG BOOK AGENCIES,,Uttar Pradesh,Farrukhabad,"5/8, FIRST FLOOR, NEHRU ROAD, CHOWK BAZAR, FARRUKHABAD -225676 (UTTAR PRADESH )",,,,,
16184,BKS02907,SHABNAM BOOK STORE,,Uttar Pradesh,Farrukhabad,"NAI BASTI, KAIMGANJ",,,,,
16189,BKS02912,SHABNAM BOOK STORE,MOHD. TAHIR,Uttar Pradesh,Kaimganj,NAI BASTI,,,209502,,
14544,BKS02270,NARAYAN TRADERS,MR RAM NARAYAN GUPTA,Uttar Pradesh,Fatehpur,"NEAR SAGAR PLACE , PAC ROAD, RADHA NAGAR",,,,,
14545,BKS02271,GUPTA FORM & BOOK SELLER,MR J.N GUPTA,Uttar Pradesh,Fatehpur,BINDKI,,,212635,,
14546,BKS02272,PARTH ENTERPRISES,MR PRABHAKAR DWIVEDI,Uttar Pradesh,Fatehpur,"68, CIVIL LINES",,,,,
14547,BKS02273,TANDON BOOK DEPOT.,,Uttar Pradesh,Fatehpur,"RAM BAZAR, CHOWK",,,,,
14047,BKS01673,AGARWAL BOOK STORE,,Uttar Pradesh,Firozabad,"STATION ROAD, FIROZABAD",,5612249203,283203,,
14048,BKS01674,CHOUDHARY BOOK CENTRE,,Uttar Pradesh,Firozabad,"STATION ROAD, TUNDLE CHAURAHA, OPP. BIRISINGH INTER COLLEGE",,,283203,,
14050,BKS01676,STUDENT BOOK CENTRE,,Uttar Pradesh,Firozabad,"STATION ROAD, FIROZABAD",,,283203,,
14061,BKS01678,ROYAL AGENCIES,,Uttar Pradesh,Firozabad,"24, ISLAMNAGAR, FIROZABAD",,,283203,,
14062,BKS01679,SACHCHA BACHCHA STATIONARY MART & BOOK CENTRE,,Uttar Pradesh,Firozabad,"1, SUBHASH MARKET, NEAR BUS STAND",,561247437,283203,,
14071,BKS01684,STUDENTS FRIENDS BOOK STORE,,Uttar Pradesh,Firozabad,"S.N. ROAD, FIROZABAD",,9837082396,283203,,
14072,BKS01685,UNIVERSAL BOOK AGENCY,,Uttar Pradesh,Firozabad,"BEHIND GURUDWARA, ISLAM GANJ",,9837082346,283203,,
14065,BKS01682,SHARMA BOOK CENTRE,,Uttar Pradesh,Firozabad,"4, KAMLA MARKET",,9719450269,283203,,
14070,BKS01683,STUDENT BOOK CENTRE,,Uttar Pradesh,Shikohabad,"NARAYAN TIRAHA, STATION ROAD",,942162542,205135,,
14063,BKS01680,SATISH BOOK DEPOT,,Uttar Pradesh,Shikohabad,"KATRA BAZAR, SHIKOHABAD",,9412162542,283203,,
14064,BKS01681,SHARDA PUSTAK BHANDAR,,Uttar Pradesh,Shikohabad,"STATION ROAD, AHUJA COMPOUND",,9412167775,205135,,
14051,BKS01677,MAA BHAGWATI BOOK SHOP,,Uttar Pradesh,Shikohabad,OPP & NEAR GYANDEEP SCHOOL,,,283203,,
14049,BKS01675,GOYAL BOOK DEPOT,,Uttar Pradesh,Shikohabad,PAKKA TALAB,,9719166046,283203,,
24295,BKS03643,Prakash book depot,Mr prakash,Uttar Pradesh,Dadri,railway road - Dadri,,9871026453,201311,,
24316,BKS03664,Pankaj books n uniform,Mr pankaj,Uttar Pradesh,Dankaur,Dankoue raoad Gr noida,,9548287687,203207,,
24211,BKS03559,Abhishek Book Depot,Mr pankaj,Uttar Pradesh,Noida,Sector 61- Noida,,9654546644,201301,,
21910,BKS03283,REPAED,,Uttar Pradesh,Noida,REPEAD,,,,,
24191,BKS03539,Arora Book house,Mr arora,Uttar Pradesh,Noida,sector 18 Noida,,9816239870,201301,,
24192,BKS03540,Sonu Book depot,Mr Sonu,Uttar Pradesh,Noida,sector 22 Noida,,8588024646,201301,,
16253,BKS02971,Shikha Enterprises,Mr. Pawan Teotia,Uttar Pradesh,Babugarh,"56/18, Shastri Nagar, Ghaziabad",,9910878401,201012,,
16255,BKS02973,Vidya Student Corner,Mr. Prashant Sharma,Uttar Pradesh,Babugarh,"3A-127/01, Nehru Nagar",,9910878401,201001,,
16256,BKS02974,DEV Book Agency,Mr. Shashank Gautam,Uttar Pradesh,Banthla,"N-13, Pratap Vihar",,,201003,,
16257,BKS02975,NMN Arts,Mithilesh Kumar Singh,Uttar Pradesh,Banthla,"Plot No: 839, Sector-5, Vaishali",,,201010,,
16254,BKS02972,Teotia Book House,Mr. S. P Singh Teotia,Uttar Pradesh,Banthla,"Shastri Nagar, In front of Uttam School of Girls",,,201001,,
18295,BKS03016,NAVYUG BOOK DEPOT,,Uttar Pradesh,Ghaziabad,"12, INSIDE DELHI GATE-GHAZIABAD-201301 (UTTAR PRDESH )",,,,,
20841,BKS03216,M/S KINGDOM OF BOOKS,,Uttar Pradesh,Ghaziabad,"SHOP NO : E-1, JAIN MANDIR MARKET, NEAR CHAUDHARY BHAWAN , KAVI NAGAR-201002, GHAZIABAD (UTTAR PRADESH )",,,,,
23074,BKS03429,SHRI KRISHNA ENTERPRISES,,Uttar Pradesh,Ghaziabad,"A-109, LOHIA NAGAR, GHAZIABAD, UP",,,,,
21931,BKS03304,SACHDEVA BOOK SELLERS & STATIONERS,MR. PRADEEP SACHDEVVA,Uttar Pradesh,Ghaziabad,"G-49, HARSHA CITY MALL, SHAKTI KHAND-2, NEAR-JKG INTERNATIONAL SCHOOL, INDIRAPURAM, GHAZIABAD",,9013300451,201014,,
21945,BKS03318,M/S PRAKASH STATIONERS,,Uttar Pradesh,Ghaziabad,"SHOP NO:16, SECTOR-15, SBC PLAZA, VASUNDHRA, GHAZIABAD (UTTAR PRADESH )",,,,,
21896,BKS03270,KAMAL PRAKASHAN,MR. RAKESH GARG,Uttar Pradesh,Ghaziabad,"153, PAKKI MORI, DASNA GATE, GHAZIABAD",,9811353490,201001,,
21981,BKS03352,Sachdeva Book Depot.,0,Uttar Pradesh,Ghaziabad,Indirapuram,,0,,,
21957,BKS03329,ARVA BOOK DEPOT,MR. ANKUR JAIN,Uttar Pradesh,Ghaziabad,"C/O- VANASTHALI PUBLIC SCHOOL, 1/240, SECTOR-3, VASUNDHRA",,,201012,,
21951,BKS03323,JSM NAVYUG BOOK DEPOT,MR. JATIN,Uttar Pradesh,Ghaziabad,"12, INSIDE DELHI GATE, GHAZIABAD",,9711121315,201001,,
21952,BKS03324,SAHNI BOOK DEPOT,MR. DIPANSHU SAHNI,Uttar Pradesh,Ghaziabad,"215, SATYAM ENCLAVE, NEAR-IME COLLEGE, SAHIBABAD, GHAZIABAD",,9990605679,201005,,
21953,BKS03325,SAHNI BOOK DEPOT,MR. DIPANSHU SAHNI,Uttar Pradesh,Ghaziabad,"215, SATYAM ENCLAVE, NEAR-IME COLLEGE, SAHIBABAD, GHAZIABAD",,9990605679,201005,,
14074,BKS01687,AMEYA BOOKS & STATIONERS,,Uttar Pradesh,Ghaziabad,"SHAKTI KHAND -III, INDRAPURAM",,8826931088,201003,,
14076,BKS01686,AR BOOK DISTRIBUTORSA TO Z SCHOOL SOLUTIONS BOOK SELLER,,Uttar Pradesh,Ghaziabad,"HOUSE NO 142, SECTOR 14 RAJNAGAR",,2832470,201001,,
13619,BKS01710,KAMAL PRAKASHAN,,Uttar Pradesh,Ghaziabad,"153, PAKKI MORI",,2830051,201001,,
13634,BKS01725,RK STATIONERY & DEPARTMENTAL STORES,,Uttar Pradesh,Ghaziabad,"21, NEW SHOPPING COMPLEX, N.T.P.C., VIDYUTNAGAR",,2671695,201001,,
13630,BKS01721,R.K.STATIONERS,,Uttar Pradesh,Ghaziabad,"E-224, SECTOR-23, SANJAY NAGAR,",,981044087,201001,,
13631,BKS01722,RACHNA BOOK STORE,,Uttar Pradesh,Ghaziabad,"53, SIHANI GATE, GZB",,,201001,,
13632,BKS01723,RAMA BOOK DEPOT,,Uttar Pradesh,Ghaziabad,"53, SIHANI GATE, GZB",,,201001,,
13636,BKS01727,SHIPRA BOOKSELLERS,,Uttar Pradesh,Ghaziabad,"11/18, RAJ NAGAR, C-10, SECTOR MARKET,",,,201001,,
13637,BKS01728,SHIVA BOOKSELLERS & STATIONERS,,Uttar Pradesh,Ghaziabad,"200/3, NEW GANDHI NAGAR, NEAR HARI MANDIR, GZB",,9213968591,201001,,
13638,BKS01729,SOLID AND SOUL BOOK SHOP,,Uttar Pradesh,Ghaziabad,"INGRAM INSTITUTE HAPUR ROAD,GZB",soundn_soulindia@ yahoo.com,,201001,,
13639,BKS01730,SONU BOOK CENTRE,,Uttar Pradesh,Ghaziabad,"E-297, SECTOR-23, RAJ NAGAR, NR. POLICE CHOWKI, GZB",,,,,
13640,BKS01731,ST. PETERS EDUCATIONAL BOOK HOUSE,,Uttar Pradesh,Ghaziabad,"C-133, LOHIA NAGAR, LOHIZ NAGAR",,,201001,,
13641,BKS01732,STUDENT BOOK CORNER,,Uttar Pradesh,Ghaziabad,NEHRU NAGAR,,,201001,,
13642,BKS01733,SURAJ STATIONERY MART,,Uttar Pradesh,Ghaziabad,"C/O D.A.V.SCHOOL, CHANDER NAGAR, GZB",,,201001,,
13643,BKS01734,TEOTIA BOOK HOUSE,,Uttar Pradesh,Ghaziabad,"SH-A-311, TRIPPALE STORY, SHASTRI NAGAR, OPP. UTTARM GIRLS SCHOOL, GHAZIABAD -201001 (UTTAR PRADESH )",,,,,
13644,BKS01735,V.K. ENTERPRISES,,Uttar Pradesh,Ghaziabad,"SHOP NO.1, BLOCK A, KAVI NAGAR, GZB",,,201001,,
13645,BKS01736,VASISHTA STATIONERS,,Uttar Pradesh,Ghaziabad,"VIDUT NAGAR , K-2,,DHAULANA, GZB",,9845656605,201001,,
13646,BKS01737,VIDHYA BOOK DEPOT,,Uttar Pradesh,Ghaziabad,SHASTRI NAGAR,,,201001,,
13647,BKS01738,VIDYA STUDENTS CORNER,,Uttar Pradesh,Ghaziabad,"H.O. III-A-127/1, NEHRU NAGAR, NR. NASIRPUR RAILWAY CROSSING, ASHOK NAGAR",,9810246309,201002,,
13626,BKS01717,M/S SACRED BOOK MART,,Uttar Pradesh,Ghaziabad,"9, NEW GANDHI NAGAR, GHAZIABAD--201002 (UTTAR PRADESH )",,,,,
13627,BKS01718,PRASHANT BOOK STORE,,Uttar Pradesh,Ghaziabad,"BAGHBATYARI, G.T. ROAD,",,,201001,,
13623,BKS01714,MAYUR PRINTER ENTERPRISES,,Uttar Pradesh,Ghaziabad,"DAYAL PALACE , INSIDE DASNA GATE BAZAR",,2757060,201001,,
13599,BKS01690,BOOK HOUSE,,Uttar Pradesh,Ghaziabad,"I I-C, NEHRU NAGAR, SAINI MARKET,GBZ",,,201001,,
13614,BKS01705,HARISH BOOK DEPOT,,Uttar Pradesh,Ghaziabad,"RAILWAY ROAD, BAZARIA, GZB",,2833294,201001,,
13615,BKS01706,M/S I.D. ENTERPRISES,,Uttar Pradesh,Ghaziabad,"AZ2, BLOCK-A, SECTOR-18, KAVI NAGAR, GHAZIABAD --- 201001(UTTAR PRADESH )",,,,,
13616,BKS01707,JAGDAMBA BOOK DEPOT,,Uttar Pradesh,Ghaziabad,"OPP. SUSHILA COLLEGE, GZB",,,201001,,
13611,BKS01702,GOYAL BOOKS DEPOT,,Uttar Pradesh,Ghaziabad,"OPP. M. M. DEGRA COLLEGE , RAJENDER NAGAR",,,201001,,
13606,BKS01697,DEV BOOK AGENCY,,Uttar Pradesh,Ghaziabad,"N-13, PRATAP VIHAR, VIJAY NAGAR",,895400900,201001,,
13607,BKS01698,DURGA SCHOOL UNIFORM,,Uttar Pradesh,Ghaziabad,"SECTOR 13 SHOPPING COMPLEX, OPP. MAHARAJA AGRASAIN P. SCHOOL",,,201001,,
13608,BKS01699,GARGA BROTHERS & CO.,,Uttar Pradesh,Ghaziabad,"153, PAKKI MORI, NR. CHOPLA, GHAZIABAD",,9811072606,201001,,
13597,BKS01688,ANU TRADERS,,Uttar Pradesh,Ghaziabad,"C/O SHING DALES SCHOOL BLOCK, GHAZIABAD",,,201010,,
13604,BKS01695,CHITRANSH STATIONERS,,Uttar Pradesh,Ghaziabad,"BLOCK-B, SECTOR-23, OPP. HANUMAN MANDIR, GZB",,1202786475,201002,,
13601,BKS01692,CAMBRIDGE BOOK DEPOT,,Uttar Pradesh,Ghaziabad,"123, NEW GANDHI NAGAR, NEAR HARI MANDIR,",,1208713828,201001,,
13602,BKS01693,CAPITAL BOOK DEPOT,,Uttar Pradesh,Ghaziabad,"C/O VIDYA BHARTI PUBLIC SCHOOL, SURYA NAGAR, GZB",,,201001,,
13603,BKS01694,CHADHA BOOK SUPPLIER,,Uttar Pradesh,Hapur,"CITY PLAZA, RAILWAY ROAD, HAPUR",,,,,
13605,BKS01696,DELHI BOOK & UNIFORM STORE,,Uttar Pradesh,Hapur,"C/O DELHI PUBLIC SCHOOL, PREET VIHAR",,9313789696,,,
13598,BKS01689,ARIHANT BOOK DEPOT,,Uttar Pradesh,Hapur,"GARH ROAD, HAPUR",,,,,
13618,BKS01709,JINDAL BOOK STORES,,Uttar Pradesh,Hapur,"MATA MOHALLA, HAPUR",,314541,245101,,
13613,BKS01704,HAPUR KITAB GHAR,,Uttar Pradesh,Hapur,"KRISHNA GALI, GARH ROAD, HAPUR",,120305268,245001,,
13625,BKS01716,MITTAL BOOK DEPOT,,Uttar Pradesh,Hapur,"RAILWAY ROAD,",,120311233,245101,,
13617,BKS01708,JAIN BOOK DEPOT,,Uttar Pradesh,Modinagar,"GOVINDPURI, DELHI ROAD, MODI NAGAR",,,,,
20870,BKS03244,JAIN BOOK AGENCY,MR. AJAY JAIN,Uttar Pradesh,Modinagar,"Near- Dayawati Modi Academy, Fafrana Road, Dayapuri, Modinagar",,9897116305,201204,,
20854,BKS03229,BALAJI BOOKS & STATIONERS,R. P. AGARWAL,Uttar Pradesh,Muradnagar,"OPP- BUS STAND, MEERUT-DELHI ROAD, MURADNAGAR",,9536894040,201206,,
15156,BKS02880,SHIVAM TRADERS,,Uttar Pradesh,Ghazipur,"SAKLENABAD, GHAZIPUR",,,,,
14548,BKS02274,AGARWAL & SONS,MR SHRAVAN AGARWAL,Uttar Pradesh,Gonda,NEAR SUBZI MANDI,,5262227506,271001,,
14549,BKS02275,AWADHESH STATIONERS & BOOK SELLERS,MR AWADESH SHUKLA,Uttar Pradesh,Gonda,"NEAR RAJENDRA LAHIRI SCHOOL , LUCKNOW ROAD",,,271001,,
14550,BKS02276,EDUCATIONAL EMPORIUM,MR R.M SRIVASTAVA,Uttar Pradesh,Gonda,"L.B.S. CROSSING , CIVIL LINES",,,271001,,
14551,BKS02277,N.B BOOKS,MR TARUN BHATIA,Uttar Pradesh,Gonda,"415,1 MALVIYA NAGAR, NEAR I.T.I. CHAURAHA CIVIL LINES",,,271001,,
14552,BKS02278,RAMA BOOK DEPOT,MR MANOJ KUMAR SINGH,Uttar Pradesh,Gonda,NEAR GUDDU MAL CHAURAHA,,,,,
14553,BKS02279,SUBHASH STORES,MR SATISH RAJ PAL,Uttar Pradesh,Gonda,CHOWK,,,,,
14554,BKS02280,TARANG PUSTAK KENDRA,MR ANAND MISHRA,Uttar Pradesh,Gonda,MALVIYA NAGAR,,,,,
21900,BKS03273,JOHN B.B. & COMPANY,,Uttar Pradesh,Gonda,"GONDA, U.P. PH : 7860598765",,,,,
14555,BKS02281,GOSWAMI STATIONERS,MR NITIN GOSWAMI,Uttar Pradesh,Mankapur,"SHOP NO-10/52, I.T.I. TOWN SHIP COMPLEX, I.T.I",,,,,
14556,BKS02282,ITI ADHIKARI KALYANKARI SAMITI DUKAN,MR KAPIL DEV PRASAD,Uttar Pradesh,Mankapur,MAIN SHOPPING COMPLEX,,,,,
14557,BKS02283,KAPILDEV STATIONERS,MR KAPIL DEAV,Uttar Pradesh,Mankapur,IIT CAMPUS,,,,,
24369,BKS03717,Vidyarthi kendra,0,Uttar Pradesh,Gorakhpur,M.P Building Golghar,,0,0,,
24370,BKS03718,ATUL PUSTAK,0,Uttar Pradesh,Gorakhpur,ASHURAN,,0,0,,
24364,BKS03712,FRIENDS AND COMPANY,0,Uttar Pradesh,Gorakhpur,BUXIPUR,,0,0,,
24365,BKS03713,RAJKAMAL BOOK DEPOT.,0,Uttar Pradesh,Gorakhpur,BUXIPUR,,0,0,,
24366,BKS03714,CENTRAL BOOK HOUSE,0,Uttar Pradesh,Gorakhpur,BUXIPUR,,0,0,,
24367,BKS03715,EVERGREEN BOOK PLACE,0,Uttar Pradesh,Gorakhpur,BUXIPUR,,0,0,,
24376,BKS03724,Friends book agency,0,Uttar Pradesh,Gorakhpur,ghasikatra,,0,0,,
24399,BKS03747,AKHILESH PUSTAK,0,Uttar Pradesh,Gorakhpur,SUMER SAGAR,,0,0,,
14558,BKS02284,ADHUNIK BOOK DEPOT,,Uttar Pradesh,Hamirpur,HAMIRPUR (U.P.),,,210301,,
14559,BKS02285,MAHARAJA STATIONARY,,Uttar Pradesh,Hamirpur,"GAUSHALA, RAMERI, HAMIRPUR",,,210301,,
18314,BKS03034,SANWARIYA SETH KISHORI LAL & SONS,,Uttar Pradesh,Rath,RATH,,,,,
21902,BKS03275,UNIVERSAL TRADERS-HARDOI,,Uttar Pradesh,Hardoi,"HARDOI, UP PH : 9956914085",,,,,
21903,BKS03276,"ANKUR BOOKS, SANDILA",,Uttar Pradesh,Sandila,"SANDILA, DISTT. HARDOI, UP, PH : 9696463097, ankursn05@gmail.com",,,,,
13649,BKS01740,ASHOK STATIONERY MART,,Uttar Pradesh,Hathras,"CIRCULAR ROAD, HATHRAS",,5722230748,204101,,
13650,BKS01741,KAMAL PEN STORE,,Uttar Pradesh,Hathras,"SASNI GATE, HATHRAS",,5722233678,204101,,
23039,BKS03396,SANJAY BOOK DEPOT- ORAI,,Uttar Pradesh,Orai,"VPO. ORAI, JALON",,,,,
23104,BKS03457,NEW PRAKASH BOOK DEPOT.,,Uttar Pradesh,Orai,"OPP. DAYANAND VEDIC DEGREE COLLEGE, ORAI, JALAUN-285001",,,,,
23105,BKS03458,NEW SHANTI BOOKS STORE,,Uttar Pradesh,Orai,"ORAI, JALAUN-285001",,,,,
14566,BKS02292,ADARSH PUSTKALAYA,MR. ROHIT PATHAK,Uttar Pradesh,Jaunpur,"37, KASERI BAZAR, JAUNPUR",,9415234258,222001,,
14567,BKS02293,HARSH PUSTAKALAYA,,Uttar Pradesh,Jaunpur,JAUNPUR,,,222001,,
14568,BKS02294,MAA DURGA PUSTAKALYA,MR. S.P. SINGH,Uttar Pradesh,Jaunpur,"SIDDIQUEPUR, JAUNPUR",,,222001,,
14569,BKS02295,PURVANCHAL BOOK AGENCY,MR. A.K. RAJ,Uttar Pradesh,Jaunpur,"149, HUSAINA RAO, JAUNPUR",,9415891707,222002,,
14570,BKS02296,PUSTAK KUTEER,MR. R.K. DWIVEDI,Uttar Pradesh,Jaunpur,"NEAR T.D. COLLEGE, JAUNPUR",,54262388,222001,,
14571,BKS02297,SUDHAKAR PAPER MART,MR. SUDHAKAR MAURYA,Uttar Pradesh,Jaunpur,NAWAB YUSUF ROAD,,,222001,,
15164,BKS02888,SHRI KRISHNA BOOK CENTRE,,Uttar Pradesh,Jaunpur,"SHASTRI NAGAR, KALI KUTTI, JAUNPUR--222001 (UTTAR PRADESH )",,,,,
19402,BKS03119,M/S OM BOOK DEPOT,,Uttar Pradesh,Babina,"NEAR MASJID, MAIN ROAD, BABINA CANTT, DIST. JHANSI",,,,,
19403,BKS03120,RAMA BOOK STORE,,Uttar Pradesh,Jhansi,"SIPRI BAZAR, JHANSI--284003 (UTTAR PRADESH )",,,,,
19404,BKS03121,BHANU BOOK DEPOT,,Uttar Pradesh,Jhansi,"SIPRI BAZAR, JHANSI--284003 (UTTAR PRADESH )",,,,,
19405,BKS03122,VIDHYA MANDIR,,Uttar Pradesh,Jhansi,"MANIK CHOWK, JHANSI--284001 (UTTAR PRADESH )",,,,,
19406,BKS03123,VARIETY BOOK HOUSE,,Uttar Pradesh,Jhansi,"SADAR BAZAR, JHANSI--2840001( UTTAR PRADESH )",,,,,
19407,BKS03124,NEW AMAR BOOK DEPOT,,Uttar Pradesh,Jhansi,"SIPRI BAZAR, JHANSI-284003",,,,,
23130,BKS03481,M/S. OM PUSTAK BHANDAR,Mr. Shashank Bhramchari,Uttar Pradesh,Jhansi,"NEAR RAILWAY BOOKING OFFICE, MANIK CHOWK,",,,284002,,
16185,BKS02908,M/S SINGH BOOK STORE,MR.KISHAN KUMAR SINGH,Uttar Pradesh,Jhansi,"MAIN,ROAD TILAK NAGAR BHEL, JHANSI",,9956128040,284129,,
15166,BKS02890,UNIVERSAL SCHOOL MART,MR. Gupta,Uttar Pradesh,Kannauj,Kannauj,,,,,
24159,BKS03508,FUTURE POINT,MR. JAYENDRA PRATAP SINGH,Uttar Pradesh,Kannauj,"Dak Bunglow road, Kannauj",,9616515263,209725,,
23090,BKS03444,GUPTA SALES,MR. CHANDAN GUPTA,Uttar Pradesh,Kannauj,"G T. Road, Kannauj",,9369989755,209725,,
24170,BKS03519,SHYAM DATAR BOOK DISTRIBUTOR,,Uttar Pradesh,Kanpur,"33-B, B.M. MARKET, PARAMPURWA, JUHI, KANPUR-208027",,,,,
24176,BKS03524,SHYAM DATAR BOOKS DISTRIBUTORS,Mr. ANKIT GUPTA,Uttar Pradesh,Kanpur,"33 B.M. MARKET, NEAR POPULAR DHARMKATA, PARAMPURWA",,7317530303,208004,,
13390,BKS01480,ADHUNIK BOOK STALL& STATIONERS,,Uttar Pradesh,Kanpur,"110/81,80, FEET ROAD, R.K. NAGAR",,512210205,208012,,
13391,BKS01481,AIPECCS SUPPLY CENTRE,,Uttar Pradesh,Kanpur,"SHOP NO12, HAL SHOPPING , HAL TOWNSHIP, G.T. ROAD CENTRE",,2128992,208007,,
13392,BKS01482,ANKUR BOOK CENTER,,Uttar Pradesh,Kanpur,"3/173, VISHNUPURI NAWABGANJ",,,208002,,
13393,BKS01483,ANSHU BOOK STALL,,Uttar Pradesh,Kanpur,BHABHANAGAR GATE SANIGWARA ROAD,,,208201,,
13394,BKS01484,ANUPAM BOOK STALL,,Uttar Pradesh,Kanpur,POLICE CHOWKI CHAURAHA SHASTRI NAGAR,,,,,
13395,BKS01485,ASHOK BOOK DEPOT,,Uttar Pradesh,Kanpur,"287, KAZI KHERA, LAL BANGLA",ashok.ag278@gmail.com,9935720881,208007,,
13396,BKS01486,AZIT TRADERS,,Uttar Pradesh,Kanpur,"117/N170, KAKADEO",,,,,
13397,BKS01487,BOOK CORNER,Mr. Praveen Jain,Uttar Pradesh,Kanpur,"C/O VIRENDRA SWAROOP SCHOOL,15/54, VIRENDRA SMRITI COMPLEX, CIVIL LINES",acc.bookcorner@gmail.com,5122306864,,,
13398,BKS01488,BOOK HOUSE,,Uttar Pradesh,Kanpur,"C/O VIRENDRA SAMITI 15/54, VIRENDRA SMRITI COMPLEX,",,,,,
13399,BKS01489,BOOK POINT,,Uttar Pradesh,Kanpur,"VIRENDRA SONRITI COMPLEX 15/54-B, CIVIL LINES",,2306864,7,,
13400,BKS01490,BOOK STOP,,Uttar Pradesh,Kanpur,"SETH ANADRAM JAIPURIYA SCHOOL, 70, CANTT.",,2382450,208004,,
13401,BKS01491,BOOK BANK & STATIONERS,,Uttar Pradesh,Kanpur,"189, MANGLA VIHAR-II, BYE PASS ROAD, RAMADEVI",bookbank2003@gmail.com,2734284,208007,,
13402,BKS01492,COLLEGE BOOK DEPOT,Subhash Chandra Mishra,Uttar Pradesh,Kanpur,"40/73, HOSPITAL ROAD, PARADE",,9415133013,208001,,
13403,BKS01493,CURRENT BOOK DEPOT,,Uttar Pradesh,Kanpur,"18/53, OPP. POOLBAGH, THE MALL",,2367521,208001,,
13404,BKS01494,DHAWAN BOOK EMPORIUM,,Uttar Pradesh,Kanpur,"UPPER GROUND , A/26, SOM DUTT PLAZA, NAVEEN MARKET",,512360031,208001,,
13405,BKS01495,DURGA PUSTAK BHANDAR,,Uttar Pradesh,Kanpur,NAVEEN MARKET,,,,,
13406,BKS01496,FAIRDEAL BOOK SELLERS & STATIONERS,,Uttar Pradesh,Kanpur,"124,-C/56, GOVIND NAGAR",fairdeal_books4@sif.com,2652683,208006,,
13407,BKS01497,FUTURE POINT BOOK SELLER,,Uttar Pradesh,Kanpur,"MR HARI DUBEY 128/23,D, BLOCK KIDWAI NAGAR",,9956132302,208004,,
13408,BKS01498,GANESHI LAL BOOK SELLERS,,Uttar Pradesh,Kanpur,"11/58, GWALTOLI",,,208001,,
13409,BKS01499,GARIMA BOOK STALL,,Uttar Pradesh,Kanpur,NEAR JUGAL DEVI SCHOOL DEEN DAYAL NAGAR,,2589527,208002,,
13410,BKS01500,GAYATRI BOOK STALL,,Uttar Pradesh,Kanpur,"G-22,( NEAR P.C.O. ) CITY CENTRE MALL ROAD",,,,,
13411,BKS01501,GLOBAL BOOK AGENCY,,Uttar Pradesh,Kanpur,"83, GANDHI GRAM",,9889416370,208007,,
13412,BKS01502,GUPTA BOOK DISTRIBUTING CO.,,Uttar Pradesh,Kanpur,"43/87, CHOWK SARAFA , GENERALGANJ",,9839086859,208001,,
13413,BKS01503,GUPTA BOOK DISTRIBUTORS,,Uttar Pradesh,Kanpur,"83-A/48, JUHI KANPUR",,5122607580,208014,,
13414,BKS01504,GUPTA BOO PALACE,,Uttar Pradesh,Kanpur,"CLYDE HOUSE, SHOP NO--4, BASEMENT, 128 THE MALL( OPP. HEER PALACE )",,,208001,,
13415,BKS01505,JAIN BOOK DISTRIBUTORS,,Uttar Pradesh,Kanpur,"8/227,A-1, ARYA NAGAR ( OPP. UCO BANK )",,292293,208002,,
13416,BKS01506,JAIN BOOK DISTRIBUTORS,,Uttar Pradesh,Kanpur,"112/368,-B-SWAROOP NAGAR",jainbrotherskanpur@gmail.com,93350888306,208002,,
13417,BKS01507,JANTA BOOK CENTRE,,Uttar Pradesh,Kanpur,"128/543/62, K BLOCK KIDWAI NAGAR",,2672418,,,
13418,BKS01508,KAILASH PUBLICATION & DISTRIBUTION,,Uttar Pradesh,Kanpur,"G.T. ROAD KRISHNA NAGAR, OPP. JUGAL",,9794717714,,,
13419,BKS01509,KAPOOR BOOK STALL,,Uttar Pradesh,Kanpur,"118/454, KAUSHALPURI",,252100,208012,,
13420,BKS01510,KRISHNA BOOK AGENCY,,Uttar Pradesh,Kanpur,"124/44D, BLOCK NIRANKARI BHAWAN",,,,,
13421,BKS01511,LAMBA BOOK STALL,,Uttar Pradesh,Kanpur,"119/554, GUMTI NO--5,",ibssajal2000@gmail.com,5122219584,208012,,
13422,BKS01512,LAND MARK BOOK SELLER,,Uttar Pradesh,Kanpur,"SITE NO-7, KAIDWAI NAGAR",,,208011,,
13423,BKS01513,MAATRITVA ENTERPRISES,,Uttar Pradesh,Kanpur,"H.NO-62/170, HARBANS MOHAAL",m_agencies@rediffmail.com,9839101853,208001,,
13424,BKS01514,MADAN STATIONERS,,Uttar Pradesh,Kanpur,"106/253, GANDHI NAGAR",,9235881344,,,
13425,BKS01515,MAKHAN LAL RAM RICHPAL AGENCIES,,Uttar Pradesh,Kanpur,"33/22, CHOWK",,,,,
13426,BKS01516,MEGHNA ENTERPRISES,,Uttar Pradesh,Kanpur,"113/237A, FAL MANDI PARADE",,,208001,,
13427,BKS01517,MISHRA BOOK STALL,,Uttar Pradesh,Kanpur,"39, OM PRAKASH",,,208007,,
13428,BKS01518,NARAYAN PUSTAK BHAWAN,,Uttar Pradesh,Kanpur,"207, Y-BLOCK, KIDWAI NAGAR",,9415052690,208011,,
13429,BKS01519,NOOTAN BOOK AGENCY,,Uttar Pradesh,Kanpur,"40/22, NARAYANI DHARAMSHALA PARADE",,364952,,,
13430,BKS01520,ORANGE AGENCY,,Uttar Pradesh,Kanpur,"A-7,117/130, SARVODYA NAGAR",,5122219988,208005,,
13431,BKS01521,OSHO BOOKS,,Uttar Pradesh,Kanpur,117/N/56-B-RANIGANJ,,,,,
13432,BKS01522,PANDEY BOOK SELLER& DISTRIBUTIORS,,Uttar Pradesh,Kanpur,"548,/58, K, BLOCK , KIDWAI NAGAR, KANPUR",,,,,
13433,BKS01523,POOJA BOOK STALL,,Uttar Pradesh,Kanpur,"25/4, THE MALL",,2316810,208011,,
13434,BKS01524,POPULAR BOOK DEPOT,,Uttar Pradesh,Kanpur,"MOTI JHEEL CROSSING , ASHOK NAGAR",,512542984,208012,,
13435,BKS01525,PROGRESSIVE BOOK CENTRE,,Uttar Pradesh,Kanpur,"77, INDUSTRIAL ESTATE, VIJAY NAGAR",,512220725,208012,,
13436,BKS01526,R.L. BOOK AGENCY,,Uttar Pradesh,Kanpur,"65/125, JHANDAWALA CHAURAHA, MOTI MAHAL",,9839037266,208001,,
13437,BKS01527,RAJ BOOK DISTRIBUTORS,,Uttar Pradesh,Kanpur,"117/N/70, KAKADEV ( OPP. DEOKI PALACE )",,2501197,208025,,
13438,BKS01528,RAJESH BOOK AGENCY,,Uttar Pradesh,Kanpur,"C/O G.P. DWIVEDI 17, SHIV KATRA NEAR WATER TANK, HARJINDER NAGAR",,5122734284,208007,,
13439,BKS01529,RAJU LALA BOOK SELLER,,Uttar Pradesh,Kanpur,"20-A, SHANTI NAGAR CANTT.",,,208004,,
13440,BKS01530,RANNU BOOK CENTRE,,Uttar Pradesh,Kanpur,"11/3, GOVIND NAGAR",,2653525,208006,,
13441,BKS01531,RASTRIYA SAHITYA SANSTHAN,,Uttar Pradesh,Kanpur,"9/48, BENEJHABAR , NEAR BNSD SHIKSHA NIKETAN",,,208002,,
13442,BKS01532,RIYA BOOK STALL,,Uttar Pradesh,Kanpur,MIG PANKI,,2261588,208020,,
13443,BKS01533,ROHIT TRADERS& BOOK WORLD,,Uttar Pradesh,Kanpur,"SHOP NO,23-24, NEWS PAPER MARKET, OPP.-1PLATFORM RAILWAY STATION RAIL BAZAR",,9506033137,208001,,
13444,BKS01534,S.B. TRADERS,,Uttar Pradesh,Kanpur,"BIRHANA ROAD, OPP. BANK OF BARODA, KALA BHAWAN",,,,,
13445,BKS01535,S.G. MARKETING,,Uttar Pradesh,Kanpur,"118/192, KAUSHALPURI , OPP. SANATAN DHARAM MANDIR, GUMTI NO-5, KANPUR-208004 (UTTAR PRADESH )",,,,,
13446,BKS01536,S.G.M. BOOKS,,Uttar Pradesh,Kanpur,"GANESH MEDICAL STORE CHAURAHA , KIDWAI NAGAR",,,,,
13447,BKS01537,S.S. BOOK STALL,,Uttar Pradesh,Kanpur,"117/P/1/30/ , SHIVPURI CHAPERA BAZAR",,,208024,,
13448,BKS01538,SAHITYA BHAWAN,,Uttar Pradesh,Kanpur,"40/22, PRADE",,5122304437,,,
13449,BKS01539,SARDAR BOOK STALL,,Uttar Pradesh,Kanpur,"7,CANTT. MARKET",,313362,208204,,
13450,BKS01540,SATTYA BOOK DISTRIBUTORS,,Uttar Pradesh,Kanpur,"126/13/41, GOVIND NAGAR",,9044625686,208006,,
13451,BKS01541,SETHI BOOK STALL,,Uttar Pradesh,Kanpur,"95, MAIN ROAD, HARJINDER NAGAR, LAL BANGLA",,403418,208007,,
13452,BKS01542,SHIV NATH BHARGAWA SHINING PAPER MART,,Uttar Pradesh,Kanpur,GENERAL GANJ,,,,,
13453,BKS01543,SHUKLA BOOK DEPOT,,Uttar Pradesh,Kanpur,GWALTOLI,,9454178664,208002,,
13454,BKS01544,SINGH BOOK STALL,,Uttar Pradesh,Kanpur,"FLAT NO 23A, 1ST FLOOR-6, NAVEEN MARKET",singhpubliinghouse@yahoo.com,317679,208001,,
13455,BKS01545,SOORAJ PUSTAK BHANDAR,,Uttar Pradesh,Kanpur,ARMAPUR MARKET,,,,,
13456,BKS01546,STAMP & BOOKS CORNER,,Uttar Pradesh,Kanpur,"SHOP NO-210-11&223, NAVEEN MARKET",,319777,208001,,
13457,BKS01547,SUNITA SALES CORPORATION,,Uttar Pradesh,Kanpur,"133/220, O BLOCK NEAR BHARGAVA HOSPITAL KIDWAI NAGAR",,979388777,208011,,
13458,BKS01548,TARUN BOOK DEPOT,,Uttar Pradesh,Kanpur,I.I.T. SHOPPING COMPLEX,,5122590939,208016,,
13459,BKS01549,THE BOOK SHOP,,Uttar Pradesh,Kanpur,"47/55, GENERAL GANJ",,318419,208001,,
13460,BKS01550,THE BOOK SHOP AGENCIES,,Uttar Pradesh,Kanpur,"L.G.B-6, GUMTI PLAZA GUMTI NO--5, 118/90A, KAUSHALPURI",thebookshopknp@gmail.com,2550999,,,
13461,BKS01551,TIRUPATI STATIONERS,,Uttar Pradesh,Kanpur,"RAMDAS KA HATA, GLASS BAZAR, NEAR SHIVALA",agarwallove.11@gmail.com,7860020066,208001,,
13462,BKS01552,TRIPATHI BOOK CENTRE,,Uttar Pradesh,Kanpur,"K-39-A, BAJRANG CHAURAHA YASHODA NAGAR",,,208011,,
13463,BKS01553,U.S. TRADERS,,Uttar Pradesh,Kanpur,"SHOP NO--12, H.A.L. TOWNSHIP",,9890254154,,,
13464,BKS01554,UNIVERSAL BOOK STALL,,Uttar Pradesh,Kanpur,"GUMTI NO-5, 129, REGAL BUILDING , OPP. HEER PALACE, THE MALL",ubsknp@wl..vsnl.net,219602,208003,,
13465,BKS01555,VANDANA EMPORIUM,,Uttar Pradesh,Kanpur,"128/9, G-BLOCK CROSSING KIDWAI NAGAR",,,208011,,
13466,BKS01556,VANSH TRADING COMPANY,,Uttar Pradesh,Kanpur,"117/N/581, AXIX BUILDING KAKADEO, 10/22, NARAYANI DHARAMSHALA , PARAD",,5122531358,208090,,
13467,BKS01557,VEDANSH BOOK SELLER,,Uttar Pradesh,Kanpur,CIVIL LINES,,,208001,,
13468,BKS01558,VIDYARTHI PUSTAK BHANDAR,,Uttar Pradesh,Kanpur,"9SMIG, B-BLOCK PANKI ( NEAR MIG POLICE CHOWKI )",,9454178664,208020,,
13469,BKS01559,VIJAY PUSTAK BHANDAR,,Uttar Pradesh,Kanpur,"128/10/D, KIDWAI NAGAR",,5122612497,,,
13470,BKS01560,VIKAS PUSTAK BHANDAR,,Uttar Pradesh,Kanpur,"32-33, GOVIND , NAGAR, JOGESHWAR HOSPITAL MARKET",,5122650766,208001,,
13471,BKS01561,WENDY SERVICES,,Uttar Pradesh,Kanpur,"FLAT NO-A-3, A-4, HIRSE APPT., 3/104, VISHNUPURI",,,208002,,
15153,BKS02877,HALAN BOOK DEPOT,MR. DEEPAK HALAN,Uttar Pradesh,Gola Gokaran Nath,"GOLA GOKHARNATH,LAKHIMPUR KHERI",,9415559568,,,
15154,BKS02878,MAHENDRA PUSTAK BHANDAR,,Uttar Pradesh,Lakhimpur,"MAIN ROAD, LAKHIMPUR KHERI--262701, (UTTAR PRADESH )",,,,,
15155,BKS02879,UNIVERSAL BOOK CENTRE,,Uttar Pradesh,Lakhimpur,"TEHSEEL MARKET, MAIN ROAD,LAKHIMPUR--262701 (UTTAR PRADESH )",,,,,
19816,BKS03191,Jagdish Book Agency,,Uttar Pradesh,Lakhimpur,"Main Road, Lakhimpur, Pin-262701",,,,,
19817,BKS03192,JAGDISH BOOK AGENCY,,Uttar Pradesh,Lakhimpur,"MAIN ROAD, LAKHIMPUR--262701 (UTTAR PRADESH )",,,,,
23014,BKS03372,SCHOLARS' POINT,Mr. Rajesh Agarwal,Uttar Pradesh,Bakshi Ka Talab,"Near Sewa Hospital, Sitapur road",,7905902212,226201,,
23029,BKS03386,UNIVERSAL BOOK AGENCY,MR. ASHU SHUKLA,Uttar Pradesh,Lucknow,"Sector-H, Near Raj & Raj Restaurant, Ashiyana",,9336573562,226012,,
23158,BKS03507,M/S. CHNADRA BOOK DEPOT,MR. RAJESH ARORA,Uttar Pradesh,Lucknow,"TALKATORA ROAD, ALAMBAGH, LUCKNOW",,9336266281,226005,,
23131,BKS03482,M/S SARKAAR STATIONERS,Mr GUDDU KHAN,Uttar Pradesh,Lucknow,"SHOP NO 1, ELDECO KUSUM PLAZA, NISHATGANJ,LUCKNOW 06",,9389324099,226006,,
23135,BKS03486,R S BOOK CENTER,RENU SRIVASTAVA,Uttar Pradesh,Lucknow,"H.NO 147,6TH LANE,NISHATGANJ,LUCKNOW .",,9235663794,226006,,
23038,BKS03395,Cambridge Books & Stationers,Mr. Nitin Jain,Uttar Pradesh,Lucknow,"UGF 01, AAROHI ARCADE,SECTOR-16, MUNSHIPULIYA",,9415026785,226016,,
23036,BKS03393,SAHU BOOK DEPOT,,Uttar Pradesh,Lucknow,"CHILLALANANA BAGH NO. 3, KANPUR ROAD, LUCKNOW-226012",,,,,
19839,BKS03213,M/S NEW STUDENT BOOK SHOP,,Uttar Pradesh,Lucknow,"C-1583, SHOP NO-5, SHRI BALAJI MANDIR ROAD, RAJAJIPURAM, LUCKNOW--226017 (UTTAR PRADESH )",,,,,
20846,BKS03221,M/S DEV BOOKS & STATIONERS,,Uttar Pradesh,Lucknow,"SHOP NO-2 , TRIVENI NAGAR 2ND, LUCKNOW--226020 (UTTAR PRADESH )",,,,,
19548,BKS03128,SAANVI TRADING COMPANY,,Uttar Pradesh,Lucknow,"MD-1/27, L.D.A. COLONY, KANPUR ROAD, LUCKNOW-226012",,,,,
19552,BKS03132,HERAMB BOOK DEPOT.,,Uttar Pradesh,Lucknow,"OPP. J.K. MARRIAGE HALL, RAJAJIPURAM, LUCKNOW--226003 (UTTAR PRADESH )",,,,,
19553,BKS03133,UNI BOOKS,,Uttar Pradesh,Lucknow,"289/7, MOTI NAGAR, LUCKNOW-226004 (UTTAR PRADESH )",,,,,
19360,BKS03078,NEW AGARWAL BOOK DEPOT,,Uttar Pradesh,Lucknow,"SHOP NO-6, BANGLA BAZAR JAIL ROAD, LUCKNOW--226002 (UTTAR PRADESH",,,,,
19345,BKS03065,KALA PUSTAK KENDRA & STATIONERY CENTRE,MR. V. GUPTA,Uttar Pradesh,Lucknow,"NEAR MATIYARI CHAURAHA, CHINHAT",,,226028,,
16243,BKS02961,MAX ENTERPRISES,,Uttar Pradesh,Lucknow,"E-BLOCK, RAJAJIPURAM, LUCKNOW-226017 (UTTAR PRADESH )",,,,,
16249,BKS02967,R.S.BOOK CENTRE,,Uttar Pradesh,Lucknow,"LANE NO.5,NISHANT GANJ LUCNOW",,,,,
16250,BKS02968,R.S.BOOK CENTER,,Uttar Pradesh,Lucknow,"LANE NO:5,NISHAT GANJ,LUCKNOW",,,,,
18290,BKS03011,POOJA PUTAK VATIKA,,Uttar Pradesh,Lucknow,"ABHISHEKH PURAN COLONY,JANKIPURAM",,,,,
24357,BKS03705,PRINCE UNIVERSAL BOOK SHOP,MR. AMIT GUPTA (PRINCE),Uttar Pradesh,Lucknow,"Sector Q chauraha, Aliganj, Lucknow- 226024",,9335040951,226024,,
24261,BKS03609,VISHAL BOOK HOUSE,Mr. Siddiqui,Uttar Pradesh,Lucknow,"G-50-52 Karamat Market, Nishatganj",,7084045595,226006,,
24247,BKS03595,Books & Books,M. Javed,Uttar Pradesh,Lucknow,"5, Tej Point Nawal Kishore Road, Hazratganj",,5224005415,226001,,
24248,BKS03596,Books & Books,M. Javed,Uttar Pradesh,Lucknow,"5, Tej Point Nawal Kishore Road, Hazratganj",,5224005415,226001,,
15148,BKS02873,VIKAS BOOK HOUSE,,Uttar Pradesh,Lucknow,"NEAR WALI MASJID, PURANA QILA, LUCKNOW",,,,,
15149,BKS02874,HERAMB BOOK DEPOT,,Uttar Pradesh,Lucknow,"C - BLOCK, FAKKAR BABA KA MANDIR, OPP. ST. JOSEPH SCHOOL,RAJAJI PURAM",,,,,
15158,BKS02882,VISHAL PRAKASHAN-KAISERBAGH,,Uttar Pradesh,Lucknow,"173/5 , B.N VERMA ROAD KAISER BAGH, LUCKNOW",,,,,
15159,BKS02883,VISHAL PRAKASHAN (duplicate),,Uttar Pradesh,Lucknow,"173/5 , B.N VERMA ROAD KAISER BAGH LUCKNOW",,,,,
15160,BKS02884,VISHAL PRAKASHAN. (duplicate),,Uttar Pradesh,Lucknow,"173/5 , B.N VERMA ROAD KAISER BAGH LUCKNOW",,,,,
13251,BKS01341,A A R ENTERPRISES,,Uttar Pradesh,Lucknow,C--232 RAJAJIPURAM,,,,,
13252,BKS01342,AGARWAL STATIONERS,,Uttar Pradesh,Lucknow,"MEENA MARKET, INDIRA NAGAR",,,,,
13253,BKS01343,AHSAN BOOK DEPOT,,Uttar Pradesh,Lucknow,"OPP. MASJID KHWAS, MOULVIGANJ",,9830923299,,,
13254,BKS01344,AISHWARYA COLLECTION AND UNIFORMAS,,Uttar Pradesh,Lucknow,"T.P. NAGAR, KANPUR ROAD",,5224065983,226012,,
13255,BKS01345,AKSHITA DISTRIBUTORS,SANJAY SINGH,Uttar Pradesh,Lucknow,"918-A, MANAS NAGAR, KANPUR ROAD",,9452007097,,,
13256,BKS01346,ALOK PUSTAK BHANDAR,,Uttar Pradesh,Lucknow,"GOLA BAZAR CANTT. NEAR SANSKRIT PATHSHALA, SADAR BAZAR",,9415178570,226002,,
13257,BKS01347,ANAND BOOK DEPOT,,Uttar Pradesh,Lucknow,"23/2, LALKHEM CHAND MARKET, SADAR BARI BAZAR, NR. CATT. HOSPITAL",,2480300,226002,,
13258,BKS01348,ANUPAM BOOK DEPOT,,Uttar Pradesh,Lucknow,"SECTOR- G, L.D.A. COLONY, KANPUR ROAD",,,,,
13259,BKS01349,APNA KITAB GHAR,,Uttar Pradesh,Lucknow,"PICNIC SPOT ROAD, KHURRAM NAGAR",,,,,
13260,BKS01350,APRAJITA MARKETING,MR. SANJEEV SINGH,Uttar Pradesh,Lucknow,"177/23, 1ST FLOOR, GHANI MARKET,GWYNNE ROAD, AMINABAD",,9839017523,226018,,
13261,BKS01351,ARORA BOOK CENTRE,,Uttar Pradesh,Lucknow,"BOOK MARKET, AMINABAD",,212618,226018,,
13262,BKS01352,ARORA BOOK DEPOT,,Uttar Pradesh,Lucknow,"SUBJI MANDI, CHARBAGH",,2451645,,,
13263,BKS01353,ARORA`S BOOK AGENCIES,,Uttar Pradesh,Lucknow,"172/179, BAZAR JHAULAL, GWYNNE ROAD, AMINABAD",,4046778,,,
13264,BKS01354,ARVIND PUSTAK BHANDAR,,Uttar Pradesh,Lucknow,THAKURGANJ,,2249829,,,
13265,BKS01355,ARVIND STATIONERS,,Uttar Pradesh,Lucknow,"NEAR DEVKI NURSING HOME, GALLA MANDI, SITAPUR ROAD",,9415196891,,,
13266,BKS01356,ASHOK BOOK DEPOT,,Uttar Pradesh,Lucknow,"GEETAPALLI, ALAMBAGH, LUCKNOW -226005",,,,,
13267,BKS01357,AZAD BOOK DEPOT.,,Uttar Pradesh,Lucknow,"S-6/52-53, AZAD MARKET, FAIZABAD ROAD, LUCKNOW",,,,,
13268,BKS01358,AZAD BOOK DISTRIBUTORS- AMINABAD,,Uttar Pradesh,Lucknow,"56, GAURA HOUSE, GWYNE ROAD, AMINABAD, LUCKNOW",,,,,
13269,BKS01359,BABLOO BOOK DEPOT,,Uttar Pradesh,Lucknow,"C/0 LUCKNOW PUBLIC SCHOOL, SECTOR-D, L.D.A. COLONY, KANPUR ROAD",,,,,
13270,BKS01360,BALAJI BOOK HOUSE,,Uttar Pradesh,Lucknow,"17 NEW GOLE MARKET, NEAR DR. NIRANJAN CLINIC, MAHANAGAR",,9415001126,,,
13271,BKS01361,BHARAT BOOK DEPOT,,Uttar Pradesh,Lucknow,"MAWAIYA CROSSING, CHARBAGH",,9415018789,,,
13272,BKS01362,BOOK LAND STORE,,Uttar Pradesh,Lucknow,"SAI TOWER, NEAR SARDAR PATEL DENTAL COLLEGE, RAE BARELI ROAD, LUCKNOW--226025 (UTTAR PRADESH )",,,,,
13273,BKS01363,BOOK POINT,,Uttar Pradesh,Lucknow,"C/O DABBLE COLLEGE, SEC - 15, INDIRA NAGAR",,2358430,,,
13274,BKS01364,BOOK SADAN -GOMTI NAGAR,,Uttar Pradesh,Lucknow,"3/545, VIVEK KHAND, OPP. VIDHAYAK PURAM, GOMTI NAGAR, LUCKNOW",,,,,
13275,BKS01365,BOOK STOP (SETH ANANT RAM JAIPURIA SCHOOL),,Uttar Pradesh,Lucknow,"C/o JAIPURIA SCHOOL, VINEET KHAND, GOMTI NAGAR",,2391660,226010,,
13276,BKS01366,BRITISH BOOK DEPOT,,Uttar Pradesh,Lucknow,"84, HAZRATGANJ",,,226001,,
13277,BKS01367,CHACHA BOOK STORE,,Uttar Pradesh,Lucknow,"121-SADAR BAZAR, GWYNNE ROAD MOHESHIM MIYA KA HATA",,5222480077,226002,,
13278,BKS01368,CHACHA ENTERPRISES,,Uttar Pradesh,Lucknow,"56, GAURA HOUSE, GWYNNI ROAD, AMINABAD-226018",,,,,
13279,BKS01369,CHARAN BOOK DEPOT,,Uttar Pradesh,Lucknow,"OPP. ALLAHABAD BANK TALKATOLA ROAD, ALAMBAGH",,993504064,,,
13280,BKS01370,CHAUHAN BOOK DEPOT,,Uttar Pradesh,Lucknow,"INDRALOK COLONY, KANPUR ROAD, LUCKNOW",,,,,
13281,BKS01371,CHHAYA BOOK DEPOT,,Uttar Pradesh,Lucknow,"D-BLOCK, MUNSIPALA, INDIRA NAGAR, LUCKNOW",,,226016,,
13282,BKS01372,CHOPRA BOOK STORE,,Uttar Pradesh,Lucknow,"SHOP NO.5, OPP. NIRANKARI SATSANG BHAWAN, SINGAR NAGAR, ALAMBAGH, LUCKNOW--226005 (UTTAR PRADESH )",,,,,
13283,BKS01373,CHOUDHARY BOOK DEPOT,,Uttar Pradesh,Lucknow,BARA CHANDGANJ,,,,,
13284,BKS01374,CITY STATIONERS,,Uttar Pradesh,Lucknow,"109/5, MODEL HOUSE",,5222614559,,,
13285,BKS01375,D. STATIONERS & UNIFORM CENTRE,,Uttar Pradesh,Lucknow,"L.G 11, CROSS ROAD PLAZA, BADSHAHGANJ CHAURAHA",,,,,
13286,BKS01376,DEEPAK STATIONERS,,Uttar Pradesh,Lucknow,"ASHIRWAD PLAZA, RAM RAM BANK CROSSING, ALIGANJ",,9453197873,,,
13287,BKS01377,DHAWAN STATIONERS & BOOKSELLERS,,Uttar Pradesh,Lucknow,"SHOP NO. 3, KALI CHARAN MARKET, (OPP. HAPPY HOURS SCHOOL) SARAI MALI KHAN CHOWK",,5222253048,226003,,
13288,BKS01378,DIKHSA BOOK DEPOT,MR. VIJAY PAL,Uttar Pradesh,Lucknow,"RAM GARH COLONY, KANPUR ROAD",,9936703891,,,
13289,BKS01379,DILIP BOOK DEPOT,,Uttar Pradesh,Lucknow,"MALIYA PALLI, AISHBAGH, NEAR KALI MANDIR",,,,,
13290,BKS01380,DIXIT BOOK DEPOT,,Uttar Pradesh,Lucknow,"BANTHARA BAZAR, KANPUR ROAD",,,,,
13291,BKS01381,EDUCATIONAL ENTERPRISES,,Uttar Pradesh,Lucknow,"PURAN NAGAR, KANPUR ROAD ALAMBAGH",,2453535,,,
13292,BKS01382,FRIENDS BOOK HOUSE,,Uttar Pradesh,Lucknow,"BOOK MARKET, AMINABAD",,,,,
13293,BKS01383,GLIMPSE BOOK DEPOT,,Uttar Pradesh,Lucknow,"C/O ROHIT SHAH HUF, KALYANGIRI MARKET, THAKURGANJ",,,226003,,
13294,BKS01384,GOSWAMI STATIONERS,,Uttar Pradesh,Lucknow,"NEAR R.L.B. SCHOOLM, SECTOR-8, INDIRA NAGAR",,,226016,,
13295,BKS01385,GUPTA BOOK DEPOT,,Uttar Pradesh,Lucknow,"MUNNELAL DHARAMSHAL ROAD, CHARBAGH, RAJAJIPURAM",,5222637035,,,
13296,BKS01386,GUPTA BOOK DISTRIBUTORS,,Uttar Pradesh,Lucknow,"177/38, FURQAN COMPLEX, GWYNNE ROAD, AMINABAD",,2627915,226018,,
13297,BKS01387,GUPTA BOOK DEPOT,MR. ARVIND GUPTA,Uttar Pradesh,Lucknow,"UTTRATIA BAZAR, RAE BARELI ROAD",,9415795619,226002,,
13298,BKS01388,HANUMAN BOOK DEPOT,MR. PRAVESH GUPTA,Uttar Pradesh,Lucknow,TELIBAGH,,9415911784,226002,,
13299,BKS01389,HARIOM BOOK SELLER,,Uttar Pradesh,Lucknow,DALIGANJ,,,,,
13300,BKS01390,HASAN BOOK DEPOT,,Uttar Pradesh,Lucknow,"SHOP NO.1, OPP. SHIA P.G. COLLEGE, VICTORIA STREET",,2242262,,,
13301,BKS01391,J.B. BOOK AGENCY,MR. SANJAY KUMAR,Uttar Pradesh,Lucknow,"280/242-A, BLUNT SQUARE, MAWAIYA, CHARBAGH",jbbookagency@gmail.com,9415018789,,,
13302,BKS01392,JAIN BOOK DEPOT,MR. D K JAIN,Uttar Pradesh,Lucknow,"NAKA HINDOLA, CHARBAGH",,522223106,,,
13303,BKS01393,JAITELY BOOK & STATIONARY MART,,Uttar Pradesh,Lucknow,"SHOP NO-28, ANAND NAGAR, JAIL ROAD, LUCKNOW",,,,,
13364,BKS01454,UNIVERSAL BOOK CENTRE,,Uttar Pradesh,Lucknow,"M-14 B, GOLE MARKET, MAHANAGAR",,2387180,,,
13365,BKS01455,UNIVERSAL BOOK DEPOT,,Uttar Pradesh,Lucknow,NEAR MAHANAGAR NURSING HOME MAHANAGAR,,,,,
13366,BKS01456,UNIVERSAL BOOK DISTRIBUTING COMPANY,MR. H.C. LAL,Uttar Pradesh,Lucknow,"POST BOX NO. 211, A-1 ARIF CHAMBERS-1, KAPOORTHALA COMMERCIAL COMPLEX, ALIGANJ",ubdco@sancharnet.in,2226020,,,
13367,BKS01457,UNIVERSAL BOOK PALACE,,Uttar Pradesh,Lucknow,"L-47/D, LDA COLONY (OPP. CMS DEGREE COLLEGE GATE) SECTOR-D, KANPUR ROAD",,3819508,,,
13368,BKS01458,UNIVERSAL BOOK SELLERS,,Uttar Pradesh,Lucknow,"1/10 VIVEK KHAND ,LOHIA PATH GOMTINAGAR",,2391994,226010,,
13369,BKS01459,UNIVERSAL BOOKS- INDIRANAGAR,,Uttar Pradesh,Lucknow,"M-14/15, AMRAPALI MARKET, SECTOR- 22, INDIRA NAGAR, LUCKNOW",,,,,
13370,BKS01460,UNIVERSAL BOOKS,,Uttar Pradesh,Lucknow,"VIVEK KHAND-2, GOMTI NAGAR",,,,,
13371,BKS01461,UNIVERSAL BOOKSELLER,,Uttar Pradesh,Lucknow,"B-934-A, MANDIR MARG, MAHANAGAR",,2387023,,,
13372,BKS01462,UNIVERSAL BOOKSELLERS -HAZRATGANJ,,Uttar Pradesh,Lucknow,"82, HAZRATGANJ, POST BOX - 20, LUCKNOW",,,,,
13373,BKS01463,UNIVERSAL BOOKSELLERS,,Uttar Pradesh,Lucknow,"B-939, GOLE MARKET, OPP. MAHANAGAR BOYS SCHOOL,",,,,,
13374,BKS01464,UNIVERSAL BOOKSELLERS,,Uttar Pradesh,Lucknow,"BHOOTNATH MARKET, SHIVANI MARKET, INDIRA NAGAR",,,226016,,
13375,BKS01465,UNIVERSITY BOOK AGENCY,MR. ANKUR SRIVASTAVA,Uttar Pradesh,Lucknow,"C-2168, RAJAJIPURAM",,9793748888,,,
13376,BKS01466,URMILA BOOK SELLERS,,Uttar Pradesh,Lucknow,"121, SADAR BAZAR",,,,,
13377,BKS01467,VERMA BOOK DEOPT,,Uttar Pradesh,Lucknow,MURDEN KHEDA RAJAJIPURAM,,2411451,,,
13378,BKS01468,VIDYARTHI KENDRA,,Uttar Pradesh,Lucknow,"177/69, GWYNE ROAD, PUL JHAU LAL, AMINABAD, LUCKNOW",,,,,
13379,BKS01469,VINAYAK`S BOOKSELLER,,Uttar Pradesh,Lucknow,"36, CANTT. ROADADJ. TO LUCKNOW PUBLISHING HOUSE",,2211552,,,
13380,BKS01470,VIPIN BOOKMART,,Uttar Pradesh,Lucknow,"SINGHAL MARKET, DALIGANJ CROSSING SITAPUR ROAD",,,,,
13381,BKS01471,VIPUL BOOK DEPOT,,Uttar Pradesh,Lucknow,"SHOP NO. 21, S.K.D. PLAZA (UNDER DENA BANK) E-BLOCK, RAJAJI PURAM",,522412117,,,
13382,BKS01472,VISHAL BOOK DEPOT,MR. ALI,Uttar Pradesh,Lucknow,"OPP. H.A.L. MAIN GATE, INDIRA NAGAR",,,,,
13383,BKS01473,VISHAL BOOK DEPOT & STATIONERS,,Uttar Pradesh,Lucknow,"2/12, L.D.A. COMPLEX OPP. ADHERSHILA COMPLEX SECTOR- 6, ALIGANJ",,,,,
13384,BKS01474,VISHAL PRAKASHAN,MR. VISHAL MEHORATRA,Uttar Pradesh,Lucknow,"102/37, HEWETT ROAD",,9598175133,,,
13385,BKS01475,VISHWA BOOK STORE,,Uttar Pradesh,Lucknow,"07, GURUDWARA MARKET, NISHATGANJ, LUCKNOW-226006",,,,,
13386,BKS01476,VISION PUBLICATIONS,,Uttar Pradesh,Lucknow,HEWEET ROAD,,,226003,,
13387,BKS01477,VYAPAR SADAN,MR. PRADEEP AGARWAL,Uttar Pradesh,Lucknow,"173/45, B.N.VERMA ROAD, NEAR UNION BANK OF INDIA",,9415001085,,,
13388,BKS01478,WASI BOOK DEPOT,,Uttar Pradesh,Lucknow,MUFTIGANJ,,9335018735,226003,,
13389,BKS01479,ZEESHAN BOOK STORE,,Uttar Pradesh,Lucknow,TELI BAGH BAZAR,,441072,,,
13305,BKS01395,KHATRI BOOK DEPOT,,Uttar Pradesh,Lucknow,"C-BLOCK, RAJAJIPURAM",,,,,
13306,BKS01396,KHURANA BOOK AGENCY,,Uttar Pradesh,Lucknow,"IT COLONY MARKET , AISHBAGH, LUCKNOW-226004 (UTTAR PRADESH )",,,,,
13307,BKS01397,KINGSON KITABWALA,,Uttar Pradesh,Lucknow,"DEENDAYAL NAGAR, KHADRA SITAPUR ROAD",,,,,
13308,BKS01398,KRISHNA BOOKS & STATIONERS,MR. V. SRIVASTAVA,Uttar Pradesh,Lucknow,ALIGANJ,,,,,
13309,BKS01399,KUMAR BOOK DEPOT,,Uttar Pradesh,Lucknow,"7, CHANDAR NAGAR MARKET, ALAMBAGH",,2453888,,,
13310,BKS01400,KUMAR BOOK HOUSE,,Uttar Pradesh,Lucknow,"ALIGANJ SHOPPING CENTRE, KURSI ROAD, ALIGANJ",,338544,,,
13311,BKS01401,LAXMI BOOK DEPOT,,Uttar Pradesh,Lucknow,"36-B, VIJAY NAGAR,KANPUR ROAD",,9415518075,226012,,
13312,BKS01402,MAA SHARDA BOOK AGENCY,MR. AMIT AWASTHI,Uttar Pradesh,Lucknow,"SHARDA SADAN, CAMPWELL ROAD, BALAGANJ",,8382846170,226003,,
13313,BKS01403,MAA SHEETLA BOOK DEPOT,,Uttar Pradesh,Lucknow,"NEAR KOTHARI BANDHU PARK, LDA CHAURHA, RAJAJI PURAM-226017",,,,,
13314,BKS01404,MADHU BOOK STORES,,Uttar Pradesh,Lucknow,BABUGANJ,,,,,
13315,BKS01405,MANGROVE BOOKS,MR. SAMARJEET SINGH,Uttar Pradesh,Lucknow,"4/140, VIBHAV KHAND, GOMTI NAGAR",mangrovebooks@gmail.com,8858780758,226010,,
13316,BKS01406,MINOO DINSHAW & CO.,MR. H.C. LAL,Uttar Pradesh,Lucknow,"57, HAZRATGANJ, OPP. SAHU CINEMA",,5222624253,226001,,
13317,BKS01407,MODERN BOOK CENTRE,,Uttar Pradesh,Lucknow,"MANAS COMPLEX, ALIGANJ",,9839010708,,,
13318,BKS01408,N. KHATRI BOOK DEPOT,,Uttar Pradesh,Lucknow,"S-740, E BLOCK, RAJAJIPURAM",,258308,226017,,
13319,BKS01409,NATIONAL BOOK SELLERS,,Uttar Pradesh,Lucknow,"BOOK MARKET, AMINABAD",,9839021823,,,
13320,BKS01410,NATIONAL ENTERPRISES,,Uttar Pradesh,Lucknow,"PURAN NAGAR, KANPUR ROAD ALAMBAGH",,535,,,
13321,BKS01411,NAVYUG BOOK AGENCIES,,Uttar Pradesh,Lucknow,"KARIM MARKET, KUTCHERI ROAD, AMINABAD",,,,,
13322,BKS01412,NAVYUG PUSTAK BHANDAR,,Uttar Pradesh,Lucknow,AMINUDDOWLA PARK,,,,,
13323,BKS01413,NAVYUG UNIVERSAL BOOK HOUSE,,Uttar Pradesh,Lucknow,RAJENDRA NAGAR GATE NAVYUG KANYA MAHAVIDYALAYA,,228379,226004,,
13324,BKS01414,NEW KUMAR BOOK CENTRE,,Uttar Pradesh,Lucknow,"SHIVAJI MARKET, C BLOCK INDIRANAGAR",,,226016,,
13325,BKS01415,NEW LAKHAN BROTHERS,,Uttar Pradesh,Lucknow,"60 FEET ROAD, NR. MULAYAM TIRAHA JANKIPURAM EXTENSION",,9415002073,,,
13326,BKS01416,OM BOOK DEOPT,,Uttar Pradesh,Lucknow,"BANTHARA BAZAR, KANPUR ROAD",,,,,
13327,BKS01417,PANKAJ STATIONERS,MR. PANKAJ,Uttar Pradesh,Lucknow,"BEHIND TRAFFIC POLICE OFFICE, SADAR BAZAR, CANTT",,5222481284,,,
13328,BKS01418,POOJA BOOK DEPOT,,Uttar Pradesh,Lucknow,"30, PATEL NAGAR, ALAMBAGH",,,,,
13329,BKS01419,PUBLIC BOOK DEPOT,,Uttar Pradesh,Lucknow,"S-6/17, AZAD MARKET, IN FRONT OF H.A.L. MAIN GATE, FAIZABAD ROAD, LUCKNOW (UTTAR PRADESH )",,,,,
13330,BKS01420,PUNJABI BOOK DEPOT,MR. VICKY KHURANA,Uttar Pradesh,Lucknow,"T.T.I. MARKET, AISHBAGH",,9936820976,,,
13331,BKS01421,PUSTAK BHAWAN,,Uttar Pradesh,Lucknow,"BAZAR JHAULAL, GWAYNNE ROAD,AMINABAD,",,5222288649,226018,,
13332,BKS01422,RADHA BOKS DISTRIBUTORS,,Uttar Pradesh,Lucknow,"A-70-72, KARAMAT COMPLEX, NISHANTGANJ",,,,,
13333,BKS01423,RAMA BOOK DEPOT,MR. MEHORATRA,Uttar Pradesh,Lucknow,"BOOK MARKET, AMINABAD",,5222624836,,,
13334,BKS01424,RAMCHANDRA PUSTAK BHANDAR,,Uttar Pradesh,Lucknow,THAKURGANJ,,,226003,,
13335,BKS01425,S Y ENTERPRISES,,Uttar Pradesh,Lucknow,"C/O TOWN HALL PUBLIC SCHOOL , RAMAPURAM , 268/39 NEW TILAK NAGAR",,522261610,226004,,
13336,BKS01426,SAPNA BOOK STORES,,Uttar Pradesh,Lucknow,"C/O. LUCKNOW PUBLIC SCHOOL, A-BLOCK, RAJAJI PURAM",,,,,
13337,BKS01427,SAPRA EDUCATIONAL,,Uttar Pradesh,Lucknow,"3/494, HIND NAGAR SHOP NO. 10 RAM BAZAR, KANPUR ROAD",,,,,
13338,BKS01428,SARASWATI STATIONERS,,Uttar Pradesh,Lucknow,OPP. JANTA GIRLS SCHOOL ARJUN NAGAR ALAMBAGH,,436066,,,
13339,BKS01429,SATGURU BOOK AGENCY,,Uttar Pradesh,Lucknow,C/O. ARORA BOOK DEOPT CHARBAGH,,,226004,,
13340,BKS01430,SAUBHAGYA BOOK AGENCY,MR. GUNJAN GUPTA,Uttar Pradesh,Lucknow,"250, VIJAY NAGAR, KRISHNA NAGAR",,7518110111,,,
13341,BKS01431,SCHOLAR SHOPPEE,MR. SAURABH ARORA,Uttar Pradesh,Lucknow,"BHOOTNATH MARKET, INDIRA NAGAR,",,5222348471,226016,,
13342,BKS01432,SCHOLAR BOOK DISTRIBUTORS,,Uttar Pradesh,Lucknow,"56, GAURA HOUSE (BASEMENT) GWYNE ROAD, AMINABAD, LUCKNOW",,,,,
13343,BKS01433,SHARMA BOOK DEPOT,,Uttar Pradesh,Lucknow,"C BLOCK, NEAR MEENA BAKERY, RAJAJIPURAM",,,,,
13344,BKS01434,SHARMA STATIONERS & GENERAL STORE,MR. UMESH SHARMA,Uttar Pradesh,Lucknow,"SHRI NAGAR, ALAMBAGH",,9415423995,,,
13345,BKS01435,ASHIRWAD BOOK CENTER,,Uttar Pradesh,Lucknow,"M-50, INDRALOK COLONY, KRISHNA NAGAR, LUCKNOW -226012",,,,,
13346,BKS01436,SHEKHAR BOOK DEPOT,,Uttar Pradesh,Lucknow,GOODS SHED ROAD NEAR AISH BAGH RAILAWAY STATION,,,,,
13347,BKS01437,SHERWOOD BOOKS & STATIONERS,,Uttar Pradesh,Lucknow,SECTOR- 25 INDIRA NAGAR,,321317,226016,,
13348,BKS01438,SHIVAM BOOKSELLERS,,Uttar Pradesh,Lucknow,"DEENDAYAL NAGAR, KHADRA",,,,,
13349,BKS01439,SHREE KRISHNA BOOK HOUSE,,Uttar Pradesh,Lucknow,"SHOP NO. S-1-1431, KARAN PLAZA, SECTOR-1, AASHIANA CHAURAHA, LDA COLONY KANPUR ROAD",,,,,
13350,BKS01440,SHUBAM TRADERS,,Uttar Pradesh,Lucknow,"JAIL ROAD, BANGLA BAZAR, NEAR S.B.I. COLONY",,,,,
13351,BKS01441,SHUKLA EDUCATIONAL EMPORIUM,,Uttar Pradesh,Lucknow,"RAMNAGAR, KANPUR ROAD, ALAMBAGH",,983906498,,,
13352,BKS01442,SIDHANT BOOK CENTER,,Uttar Pradesh,Lucknow,"L..D.A. COMPLEX, SHOP NO. 31, VINAY KHAND, GOMTI NAGAR",,9415789078,226010,,
13353,BKS01443,SINGH BOOK AGENCIES,,Uttar Pradesh,Lucknow,"C/O AVADH COLLEGIATE SCHOOL RAMGARH COLONY, KRISHNA NAGAR KANPUR ROAD",,23111025,,,
13354,BKS01444,STUDENTS BOOK DEPOT,,Uttar Pradesh,Lucknow,"NEAR SHIA P.G.COLLEGE, SITAPUR ROAD",,,,,
13355,BKS01445,SURENDER BOOK DEPOT,,Uttar Pradesh,Lucknow,DR. PANNA LAL ROAD DALIGANJ,,327504,,,
13356,BKS01446,SURYANSH ENTERPRISE,,Uttar Pradesh,Lucknow,"FT-1, A.B.C. COMPLEX ROAD, KAISER BAGH",,5222621033,226018,,
13357,BKS01447,SWATI ENTERPRISES,MR. S.B. SINGH,Uttar Pradesh,Lucknow,"SHOP NO. 1, CHURCH ROAD, OPP. MANAS COMPLEX, ALIGANJ",,522320825,,,
13358,BKS01448,SWEETY BOOK STALL,,Uttar Pradesh,Lucknow,"SHOP NO. 151 INDIRA MARKET OPP. MAHILA COLLEGE, AMINABAD",,213153,,,
13359,BKS01449,TIME EDUCATIONAL BOOKS,,Uttar Pradesh,Lucknow,"MIG-7, SHEKARPURA COLONY, ALIGNJ, LUCKNOW,",,,,,
13360,BKS01450,TIWARI BOOK DEPOT,,Uttar Pradesh,Lucknow,"SECTOR- E, RAJAJIPURAM, PURANA TAXI STAND",,,,,
13361,BKS01451,TRIVENI BOOKSELLER AND SUPPLIERS,,Uttar Pradesh,Lucknow,"DEENDAYAL NAGAR KHAARA, SITAPUR ROAD",,2367858,,,
13362,BKS01452,UNITED BOOKS DISTRIBUTING COMPANY,,Uttar Pradesh,Lucknow,"SECTOR - C, GOLE CHAURAHA, RAJAJIPURAM-226017",,,,,
13652,BKS01743,PANKAJ BOOK CENTRE,,Uttar Pradesh,Mainpuri,"PUNJABI COLONY GATE , STATION ROAD",,9411061007,205001,,
13653,BKS01744,RANJANA BOOK CENTRE,,Uttar Pradesh,Mainpuri,"NEAR PUNJABI COLONY, STATION ROAD",,9412575101,205001,,
13654,BKS01745,SHARMA BOOK CENTRE,,Uttar Pradesh,Mainpuri,"INFRONT OF PUNJABI COLONY , STATION ROAD",,9319923090,205001,,
13655,BKS01746,OM PUSTAK MANDIR,,Uttar Pradesh,Mainpuri,"OPP. GAUTAM BUDH INTER COLLEGE , AGRA ROAD,",,9259357837,205001,,
13487,BKS01577,SASTA PUSTAK BHANDAR,,Uttar Pradesh,Kosi Kalan,"PURANI BAZAR, SABJI MANDI CHOURAHA",,33250,,,
13490,BKS01580,SHRI RAM PUSTAK BHANDAR,,Uttar Pradesh,Kosi Kalan,"DR. DURGA DAS WALI GALI, BADA DARWAJA",,7417609170,281403,,
13491,BKS01581,SHREE KAILA DEVI PUSTAK BHANDAR,,Uttar Pradesh,Mathura,"4/21, SHOPPING CENTRE, MATHURA REFINERY",,,281001,,
13492,BKS01582,SUBHKAMNA BOOK CENTRE,,Uttar Pradesh,Mathura,"CHATTA BAZAR,",,,,,
13493,BKS01583,UNIVERSAL BOOK DEPOT,,Uttar Pradesh,Mathura,"ARYA SAMAJ ROAD, HOLI GATE",,,281001,,
13477,BKS01567,BRIJ PUSTAK BHANDAR,,Uttar Pradesh,Mathura,"OPP. SBI LAXMI NAGAR, YAMUNA PAAR",,5653202020,,,
13478,BKS01568,CHANDRA STATIONERS & BOOK DEPOT,,Uttar Pradesh,Mathura,"SHOP NO1, BIHARI KUNG MAHOLI ROAD",,9219720321,,,
13479,BKS01569,CHILDRENS BOOK AGENCY( PAWAN PUSTAK BHANDAR ),,Uttar Pradesh,Mathura,GENERALGANJ,,,281001,,
13484,BKS01574,R.K. STATIONERS,,Uttar Pradesh,Mathura,RAKESH MEDICAL NEAR CYNDICATE BANK CHAURAHA,,,,,
13485,BKS01575,RATHI PUSTAK BHANDAR,,Uttar Pradesh,Mathura,DHOLI PIYAU,,9319859069,,,
13486,BKS01576,SAPRA TRADERS BOOK DEPOT,,Uttar Pradesh,Mathura,"65-C, SABJI MANDI CHOWK, KRISHNA NAGAR",,9410076716,,,
13488,BKS01578,SHARMA STATIONERY & GENERAL STORE,,Uttar Pradesh,Mathura,"SHRI JI MARKET , TOWNSHIP GATE",,,,,
13489,BKS01579,SHREEJEE BOOK CENTRE,,Uttar Pradesh,Mathura,"NEAR VIPIN NURSING HOME , KRISHNA NAGAR",,2401078,281001,,
13495,BKS01585,VINCENT BOOKS& STATIONERY SUPPLIERS,,Uttar Pradesh,Mathura,"C-216, CHANDRA PURI COLONY MATHURA",,5652401719,281001,,
13496,BKS01586,VISHAL PEN PALACE,,Uttar Pradesh,Mathura,"27-28, KRISHNA NAGAR",,420447421536,281002,,
13497,BKS01587,VISHNU BOOK DEPOT,,Uttar Pradesh,Mathura,"INSIDE ACHARYA MARKET, CHATTA BAZAR HOLI GATE",,5652401096,281101,,
13481,BKS01571,MATHURA BOOK DEPOT,,Uttar Pradesh,Mathura,"CHATTA BAZAR, HOLI GATE",,,,,
13482,BKS01572,MODI BOOK DEPOT,,Uttar Pradesh,Mathura,"MOTI BAZAR, AGAINST DAUJI MANDIR , BALDEV",,9897032027,281301,,
13472,BKS01562,AGARWAL PUSTAK BHANDAR,,Uttar Pradesh,Mathura,"CHATTA BAZAR, HOLI GATE",,5652500574,281101,,
13473,BKS01563,AGGARWAL BOOK CENTRE ( SHREEJEE ),,Uttar Pradesh,Mathura,"16-D, KRISHNA NAGAR, K.R COLLEGE ROAD, BHAINS BAHORA",,2404377,281001,,
13474,BKS01564,ANSHUL BOOK DEPOT,,Uttar Pradesh,Mathura,"STREET NO-1, GALI NO1, MAHOLI ROAD",,5652461168,,,
13475,BKS01565,BANKEY BIHARI BOOKS SHOPPE,,Uttar Pradesh,Mathura,MAHOLI ROAD,,,281001,,
24166,BKS03515,KRISHNA BOOK AGENCY - DHAULIPYAU,,Uttar Pradesh,Mathura,"DHAULIPYAU,",,,,,
13483,BKS01573,NANDAN PUSTAK BHANDAR,,Uttar Pradesh,Raya,"KATRA BAZAR, RAYA",,7500374233,,,
13913,BKS01588,YES BOOK DEPOT,,Uttar Pradesh,Raya,"OPP. MOHANLAL PARAMOD KUMAR JEWELLERS, KATRA BAZAR",,7500374233,,,
13494,BKS01584,VASUDEV BOOK DEPOT,,Uttar Pradesh,Vrindavan,"GORE DAUJI ROAD, PARIKRAMA MARG, ATTALA CHUNGI",,,,,
13476,BKS01566,VASUDEV BOOK DEPOT,MR PIYUS KUMAR,Uttar Pradesh,Vrindavan,VRINDAVAN,piyushkumar443@gmail.com,8410003715,,,
15163,BKS02887,AGRAWAL PUSTAK BHANDAR,MR. RAJENDRA AGRAWAL,Uttar Pradesh,Amila,"BALLIAPURA,NEAR DAV COLLEGE,MAU-275101",,9667273191,,,
21971,BKS03342,DEV BOOK AGENCY,MR.SHASHANK SHARMA,Uttar Pradesh,Meerut,MEERUT,,8954500900,250001,,
18298,BKS03019,IDEAL BOOK DEPOT,,Uttar Pradesh,Meerut,"195,SADAR BAZAR ,NEAR JOLLY SHOPPING CENTRE , SADAR BAZAR, MEERUT--250001 (UTTAR PRADESH )",,,,,
18299,BKS03020,BHAGWAN BOOK STORES,,Uttar Pradesh,Meerut,"133, SADAR CHOWK BAZAR, MEERUT CANTT , MEERUT, -250001 (UTTAR PRADESH )",,,,,
18300,BKS03021,RAJ BOOK DEPOT.,,Uttar Pradesh,Meerut,"P.L. SHARMA ROAD, MEERUT-250001 (UTTAR PRADESH )",,,,,
18301,BKS03022,MADHU ENTERPRISES,,Uttar Pradesh,Meerut,P.L.SHARMA ROAD,,,,,
18302,BKS03023,NITIN BROTHERS,,Uttar Pradesh,Meerut,"RAILWAY ROAD,",,,,,
18303,BKS03024,BHOMIA PUBLICATIONS,,Uttar Pradesh,Meerut,"42-C,KALINDI COLONY GALI NO.4 TRANSPORT NAGAR",,,,,
19549,BKS03129,BHAGWAN BOOK PALACE,,Uttar Pradesh,Meerut,"358-359, SADAR SARRAFA BAZAR, MEERUT CANTT, MEERUT-250001, (UTTAR PRADESH )",,,,,
15169,BKS02892,VISHWAMBHAR STATIONERY AND BOOK DEPOT,,Uttar Pradesh,Mirzapur,"NEAR K.B.DEGREE COLLEGE,MUSAFFARGANJ,MIRZAPUR-231001",,,,,
19348,BKS03068,NEW RASTOGI BOOK DEPOT,,Uttar Pradesh,Chandausi,"OPPOSITE S.M. COLLEGE MARKET, STATION ROAD, CHANDAUSI-244412",,,,,
19349,BKS03069,MAHAJAN BOOK DEPOT..,,Uttar Pradesh,Chandausi,"OPPOSITE S.M.COLLEGE, STATION ROAD, CHANDAUSI-244412",,,,,
19337,BKS03057,KHANDELWAL BOOK DEPOT,MR.RITESH GUPTA,Uttar Pradesh,Moradabad,MISTON GUNJ,,9837046664,244001,,
19339,BKS03059,HIMALYA BOOK HOUSE,MR.KARAN ARORA,Uttar Pradesh,Moradabad,OPPOSITE RAILWAY STATION,,9997355000,244001,,
19340,BKS03060,SHYAM BOOK HOUSE,MR.ANKUR AGARWAL,Uttar Pradesh,Moradabad,TOWN HALL NEAR J.R.INTER COLLEGE,,9358810342,244001,,
19341,BKS03061,ASIA BOOK HOUSE,MR ASHOK KINGGAR,Uttar Pradesh,Moradabad,TOWN HALL,,9897937774,244001,,
19342,BKS03062,HINDUSTAN BOOK HOUSE,,Uttar Pradesh,Moradabad,"PRINCE ROAD, OPP. H.S.B. INTER COLLEGE, EIDGAH, MORADABAD--244001 (UTTAR PRADESH )",,,,,
19343,BKS03063,M/S INDIAN BOOK HOUSE,,Uttar Pradesh,Moradabad,"BEHIND OLD ROAD WAYS STATION ROAD, MORADABAD-244001 (UTTAR PRADESH )",,,,,
19344,BKS03064,DRESS ZONE,MRS.POONAM,Uttar Pradesh,Moradabad,KANTH ROAD NEAR AKBAR FORT,,8118183336,244001,,
16244,BKS02962,GUPTA ENTREPRISE,,Uttar Pradesh,Moradabad,"BUDH BAZAR NEAR SBI BANK ATM,MORADABAD-244001",,,,,
16240,BKS02958,RAMESH BOOK DEPOT,,Uttar Pradesh,Moradabad,"BEHIND BUS STAND, RAMPUR ROAD, MORADABAD--244001 (UTTAR PRADESH )",,,,,
16241,BKS02959,UNIVERSAL BOOK HOUSE.,,Uttar Pradesh,Moradabad,"OPPOSITE TEHSEEL TOWN HALL,MORADABAD",,,,,
16242,BKS02960,ASIA BOOK HOUSE,,Uttar Pradesh,Moradabad,"TOWN HALL,MORDABAD",,,,,
13690,BKS01781,BANSAL STATIONERY MART,,Uttar Pradesh,Pilibhit,"OPP.TEHSIL, J.P. ROAD, PILIBHIT -262001",,,,,
13691,BKS01782,DEV STATIONERS,MR. DEV VARTH,Uttar Pradesh,Pilibhit,STATION ROAD,,5882255764,262122,,
13692,BKS01783,VISHAL BOOK DEPOT,,Uttar Pradesh,Pilibhit,NEAR PUBLIC SCHOOL INTER COLLEGE BANDA ROAD,,9412481638,262122,,
13688,BKS01779,AGRWAL BOOK SELLERS,DINESH,Uttar Pradesh,Puranpur,"TASHIL ROAD, PURANPUR",,,262122,,
13689,BKS01780,BANSAL BOOK DEPOT,MR. RAVI BANSAL,Uttar Pradesh,Puranpur,"TASHIL ROAD, PURANPUR",,5882262531,262122,,
13693,BKS01784,BOOK POINT,MR. SUNIL JAISWAL,Uttar Pradesh,Kunda,OPP. T.P. INTER COLLEGE ATTA NAGAR,,,230204,,
13694,BKS01785,KESHARWANI PUSTAK BHANDAR,MR. BIPIN KESHARWANI,Uttar Pradesh,Kunda,"OPP. T.P. INTER COLLEGE, ATTA NAGAR",,,230204,,
13696,BKS01787,AGARWAL BOOK DEPOT,MR. SHIVAM,Uttar Pradesh,Pratapgarh,"NEAR ROADWAYS BUS STAND, PRATAPGARH",,,230204,,
13781,BKS01788,BASANT BOOK DEPOT,,Uttar Pradesh,Pratapgarh,"MARKET NEAR GURUDWARA, RAILWAY ROAD, PRATAPGARH",,,230001,,
13782,BKS01789,DUTTA TRADERS,,Uttar Pradesh,Pratapgarh,"C/O ST. FRANCIS CONVENT SCHOOL, PRATAPGARH ROAD",,,230001,,
13783,BKS01790,DURGA BOOK DEPOT,,Uttar Pradesh,Pratapgarh,"THATHERI BAZAR CHOWK, PRATAPGARH",,,230001,,
13784,BKS01791,GYAN BHARTI BOOK DEPOT,,Uttar Pradesh,Pratapgarh,"SHOP NO. 16 , ZILA PANCHYAT MARKET, OPP. GOVT. INTER COLLEGE",,9415229063,230001,,
13785,BKS01792,PRAKASH SAHITYA NIKETAN,,Uttar Pradesh,Pratapgarh,"CHOWK , PRATAPGARH",,,230001,,
13786,BKS01793,SANJEEV BOOK DEPOT,MR. SANJEEV,Uttar Pradesh,Pratapgarh,"SHOP NO. 18, ZILA PANCHAYAT MARKET, OPP. GIC , PRATAPGARH",,5342221205,230001,,
13787,BKS01794,SHARDA PUSTAK DEPOT,MR. M.C. GUPA,Uttar Pradesh,Pratapgarh,"ALLD-FAIZABAD ROAD, PRATAPGARH",,,230001,,
13788,BKS01795,SHIVANSH PRINTERS & TRADERS,MR DINESH CHANDRA AGRAHARI,Uttar Pradesh,Pratapgarh,"575, ALLAHABAD FAIZABAD ROAD, NIRMAL PALACE, CHAURAHA, VIVEK NAGAR",,,230001,,
13789,BKS01796,UNIVERSAL SCHOOL CORNER,MR. B.K. SHARMA,Uttar Pradesh,Pratapgarh,"NEAR ANGEL INTER COLLEGE SHIVJI PURAM , KATRA ROAD, PRATAPGARH",,8737930349,230001,,
16265,BKS02982,PRAKASH BOOK CENTRE,MR PRASHANT AGRAHARI,Uttar Pradesh,Pratapgarh,"BESIDE ARYA SAMAJ MANDIR,CHOWK PRATAPGARH",,7007440332,230001,,
16266,BKS02983,M/S SARLA BOOK CENTRE,MR DILIP KUMAR PANDEY,Uttar Pradesh,Pratapgarh,"LALGANJ AJHARA, KALAKANKAR ROAD, PRATAPGARH",,8299366900,230001,,
20877,BKS03251,M/S ARIHANT TRADERS,,Uttar Pradesh,Pratapgarh,"OPP. PT. MUNISHWAR DUTT P.G COLLEGE, ALLAHABAD--FAIZABAD ROAD, PRATAPGARH --230001 (UTTAR PRADESH )",,,,,
20879,BKS03252,M/S GYAN BHARTI,,Uttar Pradesh,Pratapgarh,"503, CHA , BHANGWA CHUNGI KUTCHERY ROAD, BALIPUR, PRATAPGARH--230001 (UTTAR PRADESH )",,,,,
23127,BKS03479,M/S. SAI BOOK DEPOT,MR. SURESH VERMA,Uttar Pradesh,Bachhrawan,"NEAR RAILWAY CROSSING, BACHHRAWAN",,9956129140,229201,,
13790,BKS01797,AMAN BOOK DEPOT,,Uttar Pradesh,Bachhrawan,"OPP. BUS STAND, RAE BAREILLY ROAD,",,,229201,,
13701,BKS01091,SURESH BOOK DEPOT,,Uttar Pradesh,Bachhrawan,"NEAR RAILWAY CROSSING , LALGANJ ROAD",,,229201,,
13703,BKS01093,ZEBA BOOK DEPOT,,Uttar Pradesh,Jais,"JAIS BAZAR, RAEBAREILI",,,229201,,
13793,BKS01800,CHAYA BOOK DEPOT,,Uttar Pradesh,Jais,"SULTANPUR ROAD, RAE BAREILI",,,229201,,
13700,BKS01090,SHIV PUSTAK KENDRA,,Uttar Pradesh,Lalganj (Raebareli),"BUS STAND CHAURAHA, LALGANJ",,,229201,,
13702,BKS01092,VIDYATHI BOOK DEPOT- RAEBARELI,,Uttar Pradesh,Rae Bareli,"CLOCK TOWER, STATION ROAD, RAE BARELI-229001",,,,,
13792,BKS01799,CHACHA BOOK DEPOT- RAE BARELI,,Uttar Pradesh,Rae Bareli,"NEAR CO-OPERATIVE. BANK, BELIGANJ ROAD, RAE BARELI-229001",,,,,
24403,BKS03751,"M/s. Gulab Book Depot,",Mr. Alok Rastogi,Uttar Pradesh,Salon,"Main Road, Salon",,9415664947,229127,,
13794,BKS01801,GYAN BOOK DEPOT,,Uttar Pradesh,Unchahar,"NTPC COMPOUND , UNCHAHAR",,,229401,,
13795,BKS01802,GYAN BOOK DEPOT,,Uttar Pradesh,Unchahar,"SHOP. NO.5, SHOPPING COMPLEX, N.T.P.C. COLONY, UNCHAHAR",,535290788,229401,,
13697,BKS01087,NIGAM STATIONERS,,Uttar Pradesh,Unchahar,"SHOP NO.8, SHOPPERS COMPLEX, N.T.P.C., UNCHAHAR",,,229401,,
13699,BKS01089,RAJESH BOOK DEPOT,,Uttar Pradesh,Unchahar,"NEAR BUS STAND, UNCHAHAR",,,229401,,
13708,BKS01098,RAJ AGENCIES (BOOK SELLERS),,Uttar Pradesh,Bilaspur,"MANDI ROAD, BILASPUR",,,244921,,
13709,BKS01099,RAJ PUSTAK MANDIR,,Uttar Pradesh,Bilaspur,"HOP NO-6, ZILA PARISHAD MARKET, BILASPUR",,59622412221,244921,,
19346,BKS03066,RAJ AGENCIES,MR.AVREESH,Uttar Pradesh,Bilaspur,MANDI ROAD NEAR POST OFFICE,,9412150750,244921,,
19338,BKS03058,BHARTI PUSTAK BHANDAR,MR.NITIN BHARTI,Uttar Pradesh,Rampur,MISTON GUNJ,,9412513911,244901,,
19336,BKS03056,SHYAM BOOK HOUSE,MR.AKASH AHUJA,Uttar Pradesh,Rampur,MISTON GUNJ,,99997955600,244901,,
19574,BKS03153,J. HARMONY ENTERPRISES,,Uttar Pradesh,Rampur,"RAGHAV COMPLEX SHAUKAT ALI ROAD, RAMPUR-244901, UTTAR PRADESH",,,,,
13710,BKS01100,SHYAM PUSTAK BHANDAR,,Uttar Pradesh,Rampur,"MESTONGANJ, RAMPUR",,5952324671,244901,,
13704,BKS01094,BHARTI PUSTAK SADAN,,Uttar Pradesh,Rampur,"MISTON GANJ, RAMPUR",,9412513911,244901,,
13705,BKS01095,KHANDELWAL BOOK DEPOT,,Uttar Pradesh,Rampur,"MISTON GANJ, RAMPUR",,5952324636,244901,,
13706,BKS01096,MATTA BOOK DEPOT,,Uttar Pradesh,Rampur,"STATION ROAD , CIVIL LINES",,,244901,,
13707,BKS01097,MODERN BOOK STALL,,Uttar Pradesh,Rampur,"4, PUNJABI KOTWALI, RAMPUR",,,244901,,
19389,BKS03107,M/S PREM BOOK DEPOT,,Uttar Pradesh,Chhutmalpur,"CHHUTMALPUR, DIST SAHARANPUR",,,,,
19388,BKS03106,SANDEEP PUSTAK BHANDHAR,,Uttar Pradesh,Deoband,"DEOBAND, DIST SAHARANPUR",,,,,
24299,BKS03647,GOYAL BOOKS,,Uttar Pradesh,Nanauta,"COLLEGE ROAD, NANAUTA-247452, SAHARANPUR, UP",,,,,
24327,BKS03675,SHRI ANANT BOOK DEPOT.,,Uttar Pradesh,Saharanpur,"MATIYA MAHAL, SAHARANPUR",,,,,
19390,BKS03108,M/S POOJA BOOK DEPOT,,Uttar Pradesh,Saharanpur,"COURT ROAD, SAHARANPUR",,,,,
19391,BKS03109,M/S SONI BOOK DEPOT,,Uttar Pradesh,Saharanpur,"CHANDER NAGAR, SAHARANPUR",,,,,
21949,BKS03322,ABHINAV ENTERPRISES-SHAHRANPUR,,Uttar Pradesh,Saharanpur,"SHAHRANPUR, U.P.",,,,,
13737,BKS01127,AGGARWAL BOOK DEPOT & SONS,,Uttar Pradesh,Shahjahanpur,"NEAR S.P. COLLEGE ROAD, SADAR BAZAR, SHAHJAHANPUR--242001 (UTTAR PRADESH )",,,,,
13738,BKS01128,ARCHIT BOOK DEPOT,MR. ARCHIT AGARWAL,Uttar Pradesh,Shahjahanpur,NEAR S.P. COLLEGE SADAR BAZAR,,9415035604,242001,,
13739,BKS01129,BADRI PRASAD MURLIDHAR BOOK SELLER,,Uttar Pradesh,Shahjahanpur,BAHADARGANJ,,9415162221,242001,,
13740,BKS01130,KITAB GHAR,,Uttar Pradesh,Shahjahanpur,NEAR KOTWALI CHOWK,,945017814,,,
13741,BKS01131,MAHENDRU PUSTAK BHANDAR,MR. SANTOSH MAHENDRU,Uttar Pradesh,Shahjahanpur,DOUBLE STORY,,9984858500,,,
13742,BKS01132,NEW SACHIN TRADERS,MR. SACHIN BATHAM,Uttar Pradesh,Shahjahanpur,KHIRNI BAGH,,9935894118,242001,,
13743,BKS01133,POOJA BOOK DEPOT,,Uttar Pradesh,Shahjahanpur,OPP. CIVIL COURT,,,,,
13744,BKS01134,R.K TRADERS CHILDRENS BOOK & STATIONERS SUPPLIER,,Uttar Pradesh,Shahjahanpur,BAHADARGANJ,,,244226,,
13745,BKS01135,RAM PUSTAK SADAN,MR. ATUL GUPTA,Uttar Pradesh,Shahjahanpur,"OPP. G.I.C. COLLEGE, NEAR RAM LILA CHAURAHA KHIRNI BHAG",,9415558615,222757,,
13746,BKS01136,SACHIN TRADERS,MR. SACHIN BATHAM,Uttar Pradesh,Shahjahanpur,KHIRNI BAGH,,9935894118,,,
16220,BKS02939,NEW RASTOGI BOOKSELLER,,Uttar Pradesh,Shahjahanpur,SHAHJAHANPUR,,,,,
13752,BKS01142,GAURAV BOOK DEPOT,,Uttar Pradesh,Hargaon,MAIN ROAD,,,261121,,
13749,BKS01139,AWASTHI PUSTAK BHANDAR,,Uttar Pradesh,Sidhauli,MAIN G.T ROAD,,,,,
13767,BKS01157,VIDYA BOOK DEPOT,,Uttar Pradesh,Sidhauli,NEAR BUS STAND,,,,,
13768,BKS01158,YADAV PUSTAK BHANDAR,,Uttar Pradesh,Sidhauli,NEAR BISWAAN CHAURAHA,,,,,
13747,BKS01137,ADARSH PUSTAK BHANDAR,,Uttar Pradesh,Sidhauli,BUS STAND,,,,,
13763,BKS01153,TRIPATHI PUSTAK BHANDAR,,Uttar Pradesh,Sidhauli,"NERA BUS STAND, SITAPUR ROAD",,,,,
13748,BKS01138,M/S AGARWAL BOOK DEPOT,,Uttar Pradesh,Sitapur,"GHANTA GHAR, SITAPUR-261001",,,,,
13750,BKS01140,BANSAL BOOK DEPOT,,Uttar Pradesh,Sitapur,EYE HOSPITAL ROAD,,247074,261001,,
13765,BKS01155,UNIVERSAL BOOK DEPOT,,Uttar Pradesh,Sitapur,"CIVIL LINES, NEAR DIOS",,9415433770,261001,,
13753,BKS01143,JWALA PUSTAK BHANDAR,,Uttar Pradesh,Sitapur,SUBZI MANDI CHAURAHA,,5862244614,261001,,
13754,BKS01144,KISHORE BOOK HOUSE,,Uttar Pradesh,Sitapur,"25, MUNCIPAL MARKET",,,261001,,
13755,BKS01145,M.M. TRADERS,,Uttar Pradesh,Sitapur,ARYA NAGAR,,9918097404,261001,,
13756,BKS01146,MANOJ PUSTAK BHAWAN,,Uttar Pradesh,Sitapur,LAL BAGH,,512271683,261001,,
13757,BKS01147,MOON TRADING COMPANY,,Uttar Pradesh,Sitapur,"62, STATION ROAD",,,,,
13758,BKS01148,NEW JWALA TRADING COMPANY,,Uttar Pradesh,Sitapur,SUBZI MANDI CHAURAHA,,9450792101,261001,,
13759,BKS01149,PURI PUSTAK BHANDAR,,Uttar Pradesh,Sitapur,"19, NEW MARKET, EYE HOSPITAL ROAD",,,261001,,
13760,BKS01150,PUSTAK SADAN,,Uttar Pradesh,Sitapur,GHANTA GHAR,,42970,261001,,
13761,BKS01151,M/S RAVI STATIONERS,,Uttar Pradesh,Sitapur,"TOMPSON GANJ, ARYA NAGAR, SITAPUR-261001",,,,,
13762,BKS01152,SUPER BOOK DEPOT,,Uttar Pradesh,Sitapur,"C/O REGENCY PUBLIC SCHOOL, 64 STATION ROAD",,,261001,,
17266,BKS02986,AGRAWAL BOOK DEPOT,MR. ARUN AGARWAL,Uttar Pradesh,Sitapur,NEAR GHANTA GHAR,,780095537,261001,,
17267,BKS02987,RAVI STATIONERS,MR. SANJAY SRIVASTAVA,Uttar Pradesh,Sitapur,"ARYA NAGAR, NEAR LALU SETH DHARAMSHALA",,9335378100,261001,,
17268,BKS02988,M. M. TRADERS,MR. MANISH MITTAL,Uttar Pradesh,Sitapur,ARYA NAGAR,,9918097404,261001,,
13775,BKS01165,RAVINDER BOOK DEPOT,,Uttar Pradesh,Anpara,"CINEMA ROAD, ANPARA BAZAR, P.O ANPARA",,5446272404,231225,,
13769,BKS01159,ALOK BOOKS & STATIONERY CENTRE,,Uttar Pradesh,Obra,"REST HOUSE ROAD, V.I.P ROAD",,5445262552,231219,,
13770,BKS01160,BHARAT BOOK DEPOT,,Uttar Pradesh,Renukoot,15-G MAIN ROAD,,5446252435,231217,,
13771,BKS01161,GOEL BROTHERS,,Uttar Pradesh,Renukoot,"17, VIDYUT VIHAR, SHOPPING CENTREP.O. SHAKTI NAGAR",,3251,231222,,
13772,BKS01162,KRISHNA BOOK DEPOT,,Uttar Pradesh,Renukoot,MAIN ROAD,,,231217,,
13773,BKS01163,OM STATIONERS,,Uttar Pradesh,Renukoot,"MAIN ROAD, NEAR HIMALAYA INTERMEDIATE COLLEGE",,9839876493,231217,,
13774,BKS01164,RAMA BOOK DEPOT,,Uttar Pradesh,Renukoot,MAIN ROAD,,,,,
13776,BKS01166,R.P.BOOK DEPOT,,Uttar Pradesh,Renukoot,MAIN ROAD,,,231217,,
13778,BKS01168,SANGEETA PUSTAK BHANDAR,,Uttar Pradesh,Renukoot,MAIN ROAD,,,,,
16216,BKS02935,Om Stationers,Mr Sarvesh Kumar Singh,Uttar Pradesh,Renukoot,"Shailendra Complex, in front of Hindalco Intermediate College, Renukoot",,7905657432,231217,,
16221,BKS02940,Shriyansh Stationery,Mr. P. K. Jain,Uttar Pradesh,Sonbhadra ,"Civil Lines Road, Robertsganj",,9415629365,231216,,
13800,BKS01174,BEBI STATIONERS,,Uttar Pradesh,Amethi,KORWA,,9415877662,227412,,
13801,BKS01175,BHARAT BOOKS& GENERAL STORES,,Uttar Pradesh,Musafirkhana,SULTANPUR ROAD,,,,,
13806,BKS01180,MAHENDRA BOOK DEPOT,,Uttar Pradesh,Musafirkhana,MUSAFIRKHANA,,,,,
21904,BKS03277,"MAHENDRA BOOK DEPOT., JAGDISHPUR",,Uttar Pradesh,Sultanpur,"JAGDISHPUR, DISTT. SULTANPUR, UP, PH: 9839215444",,,,,
14574,BKS02300,BOOKS AND BOOKS,MR. ANISH AWASTHI,Uttar Pradesh,Unnao,"10/236, ANAND NAGAR, SHUKLA GANJ",,,208001,,
14575,BKS02301,PRIYANSHU BOOKS,MR RAHUL,Uttar Pradesh,Unnao,"SHOP NO--429, PITAMBER NAGAR NEAR, RAIBAREILLY RAILWAY CROSSING, UNNAO",,9935009863,208001,,
14576,BKS02302,SHREE BALAJI BOOK DEPOT,MR. M. GUPTA,Uttar Pradesh,Unnao,"RAJDHANI MARG. SHUKLA GANJ , UNNAO",,,208001,,
14577,BKS02303,S.N. GUPTA BOOK DEPOT,MR. S.N. GUPTA,Uttar Pradesh,Unnao,"BARA CHOURAHA, HOSPITAL ROAD, UNNAO",,2820454,208001,,
14578,BKS02304,TRIMOHAN BOOK AGENCY,,Uttar Pradesh,Unnao,"SAIFIPUR , UNNAO",,,241503,,
14579,BKS02305,UNIVERSAL BOOK DEPOT,MR. MUNINDRA VERMA,Uttar Pradesh,Unnao,"702, A.B. NAGAR, CHHOTA CHAURAHA",,2820695,208001,,
23012,BKS03370,S Kumar Enterprises,Mr. Sandeep Kumar Chaubey,Uttar Pradesh,Maheshpur,Madauli Bhullanpur Varanasi,,8299153919,221108,,
15165,BKS02889,RADHIKA GYAN BHANDAR,,Uttar Pradesh,Varanasi [Benares],"B 36/44 B-11 TULSINAGAR,SUKULSUPURA,SARAINANDAN,VARANASI-221005",,,,,
16186,BKS02909,ANIL PUSTAK MANDIR.,,Uttar Pradesh,Varanasi [Benares],"WASLYGANJ,NEAR ARYA KANYA DEGREE COLLEGE,VARANASI",,,,,
13930,BKS01605,JAI STATIONERS,,Uttar Pradesh,Varanasi [Benares],"BHUNESHER NAGAR COLONY , ORDERLY BAZAR, VARANASI--221001 (UTTAR PRADESH )",,,,,
14260,BKS01985,ALMORA KITAB GHAR,MR. JAIMITRA SINGH BISHT,Uttarakhand,Almora,"MALL ROAD, ALMORA",,5962230342,263601,,
14261,BKS01986,DAVID BOOK SHOP,MR. DAVID,Uttarakhand,Almora,"C/O BEER SHEBA SCHOOL, BHAWANI DUTT PARISAR",,,263601,,
14262,BKS01987,RAOMAL PRASADI LAL BOOKSELLER,MR. RAO MAL PRASADI LAL,Uttarakhand,Almora,"BORA BHAWAN, NEAR DISTT. HOSPITAL, ALMORA",,,263601,,
14263,BKS01988,SHREE ALMORA BOOK DEPOT,MR. MANISH AGRAWAL,Uttarakhand,Almora,"MALL ROAD, ALMORA",,5962230148,263601,,
13236,BKS01326,ALMORA BOOK DEPOT,,Uttarakhand,Almora,"MALL ROAD, ALMORA --263601 (UTTRAKHAND)",,,,,
14264,BKS01989,STUDENT BOOK DEPOT,,Uttarakhand,Ranikhet,"SADAR BAZAR, RANIKHET",,,263645,,
24400,BKS03748,Student's Book Depot,Mr. Sanjay Sharma,Uttarakhand,Ranikhet,"Sadar Bazar, Ranikhet(Distt.-Almora)-263645",,9412434900,263645,,
24401,BKS03749,Student's Book Depot,Mr. Sanjay Sharma,Uttarakhand,Ranikhet,"Sadar Bazar, Ranikhet(Distt.-Almora)-263645",,9412434900,263645,,
14272,BKS01997,AGARWAL BOOK DISTRBUTORS,,Uttarakhand,Dehradun,"118, GARHI",,,248003,,
14273,BKS01998,AGARWAL BOOK HOUSE,,Uttarakhand,Dehradun,"311, GARHI CANTT.CLEMENT TOWN",,9897123115,248003,,
14275,BKS02000,AGGARWAL BOOK HOUSE,,Uttarakhand,Dehradun,"F-75, MEEDO PLAZA RAJPUR ROAD",,2740440,,,
14276,BKS02001,AMITA ARORA BOOK SELLER,,Uttarakhand,Dehradun,PREM NAGAR,,,248001,,
14277,BKS02002,ARMY BOOK DEPOT,,Uttarakhand,Dehradun,"459, GARHI , DEHRADUN CANTT.",,26683,248003,,
14278,BKS02003,ARORA BOOK DEPOT,MR.SUNDERLAL ARORA,Uttarakhand,Dehradun,P.O. HERBERTPUR,,9027233989,248142,,
14279,BKS02004,ARORA BOOK HOUSE,,Uttarakhand,Dehradun,"MOHIT NAGAR, G.M.S. ROAD",,,248001,,
14280,BKS02005,ASIAN BOOK DEPOT,,Uttarakhand,Dehradun,"6, CROSS ROAD, DALANWALA, SBI MAIN BRANCH, DEHRADUN-248001 (UTTRAKHAND )",,,,,
14281,BKS02006,ATTAR SINGH & SONS,,Uttarakhand,Dehradun,"SHOP NO-12&13, PREM NAGAR",,2773523,248001,,
14282,BKS02007,BANSAL BROTHERS,,Uttarakhand,Dehradun,"DISPENSARY ROAD,",,654615,248001,,
14283,BKS02008,BHARAT BOOK DEPOT,,Uttarakhand,Dehradun,"45, NASHVILLA ROAD",,1352625644,248001,,
14284,BKS02009,BHARAT INTERPRISES,,Uttarakhand,Dehradun,"RAJENDRA NAGAR, KAULAGARH",,,,,
14285,BKS02010,BISHNU GUPTA PUSTAK BHANDAR,,Uttarakhand,Dehradun,"PANDITWARI, P.O PREM NAGAR",,773594,,,
14286,BKS02011,BOOK MAN AGENCY,,Uttarakhand,Dehradun,"BABA MARKET, NEAR DURGA MANDIR, P.O. BANJARAWALA",,,,,
14288,BKS02013,BROTHERS PUSTAK BHANDAR,,Uttarakhand,Dehradun,"56, DESPENSARY ROAD, K.C COMPLEX, DEHRADUN -248001 (UTTRAKHAND )",,,,,
14289,BKS02014,C.J ENTERPRISES,,Uttarakhand,Dehradun,"35, CURZON ROAD, DALANWALA",,9897171127,248001,,
14290,BKS02015,DEHRADUN BOOK DISTRIBUTORS,,Uttarakhand,Dehradun,"5-A, RAJA ROAD, DEHRADUN-248001 (UTTRAKHAND)",,,,,
14291,BKS02016,DIAMAND BOOK DEPOT,,Uttarakhand,Dehradun,"BHANIYAWALA , P.O. BHANJWALA , RISHIKESH ROAD",,,,,
14292,BKS02017,DOON VALLY BOOK CENTRE,,Uttarakhand,Dehradun,"178/1, PATEL NAGAR, SAHARANPUR ROAD",,1352721470,248001,,
14293,BKS02018,DYNAMIC BOOK DEPOT,,Uttarakhand,Dehradun,"RISHIKESH ROAD, BHANIYAWALA",,,,,
14294,BKS02019,DYNAMIC BOOK NEWS AGENCY,,Uttarakhand,Dehradun,"MAIN MARKET, BHANIYAWALA",,1352412358,248001,,
14304,BKS02029,JINDAL BOOK STORE,,Uttarakhand,Dehradun,"SAHSHTRADHARA , CROSSING RAJPUR ROAD",,2788464,248001,,
14305,BKS02030,JUGAL KISHORE & CO.,,Uttarakhand,Dehradun,"23-C, RAJPUR ROAD",,23632,248001,,
14306,BKS02031,LAXMI BOOK SELLER,,Uttarakhand,Dehradun,"WING NO-2, BK4/2, PREM NAGAR",,,,,
14307,BKS02032,LINK ENTERPRISES,,Uttarakhand,Dehradun,"103, ONKAR ROAD, BEHIND G.P.O",,,,,
14308,BKS02033,MITTAL BOOK DEPOT,,Uttarakhand,Dehradun,VIKAS NAGAR,,,,,
14309,BKS02034,MOMIN BOOK SELLERS,,Uttarakhand,Dehradun,"6.POST OFFICE ROAD, CLEMENT TOWN",,2644850,,,
14310,BKS02035,NATIONAL BOOK HOUSE,,Uttarakhand,Dehradun,"DESPENSARY ROAD, NEAR GANDHI INTER COLLEGE, DEHRADUN-248001 (UTTRAKHAND )",,,,,
14311,BKS02036,NEW LAKSHMI BOOK DEPOT,,Uttarakhand,Dehradun,"MOTI BAZAR, OPP. KOTWALI",,1352655639,248001,,
14312,BKS02037,NEW NATIONAL BOOK HOUSE,,Uttarakhand,Dehradun,SAHARAN PUR ROAD,,,248001,,
14313,BKS02038,NEW SARASWATI BOOK DEPOT,,Uttarakhand,Dehradun,"1, KAULAGARH ROAD",,135750661,,,
14314,BKS02039,OMKAR BOOK WORLD,,Uttarakhand,Dehradun,"SHOP NO-49, SHAGUN PLAZA, SHYAMPUR",,9837324068,249204,,
14315,BKS02040,POOJA BOOK HOUSE,,Uttarakhand,Dehradun,"84, NESHVILLA ROAD",,2714222,,,
14316,BKS02041,R.N. BOOK DISTRIBUTORS,,Uttarakhand,Dehradun,"57/21, RAJPUR ROAD,",,659804,248001,,
14317,BKS02042,RAKESH BOOK DEPOT,,Uttarakhand,Dehradun,"192, LUCKY BAGH",,9837071625,248001,,
14318,BKS02043,RAM SARAN DASS CHANDA KIRAN BOOK DEPOT,,Uttarakhand,Dehradun,SHIVAJI MARKET,,1352632785,248179,,
14321,BKS02046,SAHITYA WORLD,,Uttarakhand,Dehradun,KARGI CHOWK,sahityaworld@gmail.com,9219590882,248001,,
14322,BKS02047,SANIK BOOK DEPOT,,Uttarakhand,Dehradun,"POST OFFICE ROAD, CLEMENT TOWN",,2640389,248002,,
14296,BKS02021,GOYAL BOOK STORE,,Uttarakhand,Dehradun,"SAHASTRADHARA , CROSSING , RAJPUR ROAD",,,,,
14297,BKS02022,GUPTA AGENCY,,Uttarakhand,Dehradun,CLEMENT TOWN,,,,,
14298,BKS02023,GURU BOOK DEPOT,,Uttarakhand,Dehradun,"VILL.&POST RANJHAWALA, RAJPUR",,94124132118,248008,,
14299,BKS02024,GYANENDRA BROTHERS,,Uttarakhand,Dehradun,"DAKRA BAZAR , CANTT.",,1352751492,248003,,
14300,BKS02025,INDER BOOK AGENCY,,Uttarakhand,Dehradun,"82, MOTI BAZAR, NAHARWALI GALI",,653637,248001,,
14301,BKS02026,INDIAN NEWS AGENCY,,Uttarakhand,Dehradun,"28, TAGORE VILLA CHAKRATA ROAD",,652280,248001,,
14328,BKS02053,SHIKHA TRADERS,,Uttarakhand,Dehradun,"175/11, ONKAR ROAD, BEHIND G.P.O",,135653439,248001,,
14329,BKS02054,SIDDHARTH TRADERS,,Uttarakhand,Dehradun,"23-C, RAJPUR ROAD,",,652031,248001,,
14330,BKS02055,STUDENT'S EDUCATIONAL WORLD,,Uttarakhand,Dehradun,"SHOP NO: 9,NAGAR NIGAM COMPLEX,COURT ROAD",,,,,
14331,BKS02056,SUNDERLAL BOOK SELLERS,,Uttarakhand,Dehradun,"WARD NO-6, ADARSH BIHAR, HARBERTPUR",,,248142,,
14332,BKS02057,SUNIL& COMPANY,,Uttarakhand,Dehradun,"2, DHAMAWALA BAZAR",,28220,248001,,
14333,BKS02058,THE ENGLISH BOOK DEPOT,,Uttarakhand,Dehradun,"15, RAJPUR ROAD",,135658730,248001,,
14334,BKS02059,THE UNIVERSAL KNOWLEDGE STORE,,Uttarakhand,Dehradun,"USHA COMPLEX , BALLUPUR CHOWK",,,,,
14335,BKS02060,UNIVERSAL BOOK HOUSE,MRS. CHANDRA PRAKASH,Uttarakhand,Dehradun,"39-A, RAJPUR ROAD",,9870684137,,,
14336,BKS02061,VARSHA BOOK DEPOT,,Uttarakhand,Dehradun,"39B, MATA MANDIR ROAD, DHARAMPUR",,,248001,,
14337,BKS02062,VIDYARTHI PUSTAK BHANDAR,,Uttarakhand,Dehradun,"CHOWK BAZAR, VIKAS NAGAR",,3250038,248198,,
14324,BKS02049,SALUJA BOOK HOUSE,,Uttarakhand,Dehradun,"39/A, RAJPURA ROAD",,655549,248001,,
14325,BKS02050,SANGAM BOOK AGENCY,,Uttarakhand,Dehradun,"115/1, MOTI BAZAR, OLD SUBZI MANDI, DEHRADUN-248001 (UTTRAKHAND)",,,,,
14326,BKS02051,SARASWATI BOOK AGENCY,MR.AMIT SEHGAL,Uttarakhand,Dehradun,"2, DHAMAWALA, MOHALLA, NEAR RAJESH SAREE SANSAR",,9897368003,,,
14339,BKS02064,VIKRAM BOOK STORE,,Uttarakhand,Dehradun,"65/23, RAJPUR ROAD",,,248001,,
14338,BKS02063,VIJAY BOOK DEPOT,,Uttarakhand,Rishikesh(Municipal Board),GHAT ROAD,,1352431226,249201,,
14302,BKS02027,JAI DURGA PUSTAK BHANDAR,,Uttarakhand,Rishikesh(Municipal Board),"OPP. KOTHARI MARKET NEAR GGIC, DEHRADUN ROAD",,,249201,,
14323,BKS02048,SAKLANI NEWS AGENCY,,Uttarakhand,Rishikesh(Municipal Board),"KAILASH GATE, MUNI KE RETI",,9412917026,249201,,
14319,BKS02044,RASTOGI BOOK DEPOT,,Uttarakhand,Rishikesh(Municipal Board),"OPP. POLICE STATION, DEHRADUN ROAD",,1352432076,249201,,
14287,BKS02012,BOOK WORLD,,Uttarakhand,Rishikesh(Municipal Board),"DAYA NIWAS, HEERALAL MARG GGIC",,1352432076,249201,,
14295,BKS02020,GARG BOOK CENTRE,,Uttarakhand,Rishikesh(Census Town),"10/78, IDPL , VEERBHADRA",,,,,
14320,BKS02045,RASTOGI BROTHERS,,Uttarakhand,Rishikesh(Census Town),"DEHRADUN ROAD,",,1352434466,249201,,
14274,BKS01999,AGARWAL PICTORIALS,,Uttarakhand,Rishikesh(Census Town),"GEETA NAGAR, HARIDWAR ROAD",,,249202,,
14303,BKS02028,JASSAL BOOK DEPOT,,Uttarakhand,Rishikesh(Census Town),KESHETRA ROAD,,1352432191,249201,,
14327,BKS02052,SEMWAL BOOK DEPOT,,Uttarakhand,Rishikesh(Census Town),"DEHRADUN ROAD,",,1352433992,249201,,
14348,BKS02073,POORAN SONS,,Uttarakhand,Haldwani,"MUKHANI,HALDWANI--263139, DISTT.-NAINITAL(UTTRAKHAND)",,,,,
14354,BKS02079,CONSUL BOOK DEPOT,,Uttarakhand,Nainital,"BARA BAZAR, MALLITAL, NAINITAL--263002 (UTTRAKHAND)",,,,,
14355,BKS02080,GOLU STATIONERY & SPORTS,MR. JOSHI,Uttarakhand,Nainital,"GHORAKHAL, NAINITAL(UTTRAKHAND)",,,263001,,
14356,BKS02081,HIMALAYA BOOK SERVICE,Mr. Dev Consul,Uttarakhand,Nainital,"SUMITRA SADAN, MALLITAL, NAINITAL(UTTRAKHAND)",consulbookdepot@gmail.com,5942235164,263001,,
14357,BKS02082,MODERN BOOK & GENERAL STORE,MRS. NEELAM KUMAR,Uttarakhand,Nainital,"THE MALL, MALL ROAD, NAINITAL(UTTRAKHAND)",modernnainital@gmail.com,9837119859,263001,,
14358,BKS02083,NAYANA BOOK SELLERS,,Uttarakhand,Nainital,"16, BARA BAZAR, MALLITAL, NAINITAL--263002 (UTTRAKHAND)",,,,,
14359,BKS02084,PRAMOD KUMAR BOOKSELLER,MR. PRAMOD GOEL,Uttarakhand,Nainital,"KARKHANA BAZAR, HALDWANI, DISTT.-NAINITAL(UTTRAKHAND)",,,263001,,
14360,BKS02085,SAH PUSTAK BHANDAR,,Uttarakhand,Nainital,"SHOP NO.199-200, TALLITAL BAZAR, TALLITAL, NAINITAL--263002 (UTTRAKHAND)",,,,,
14361,BKS02086,SHYAM STATIONERS,,Uttarakhand,Nainital,"550, BARA BAZAR, MALLITAL, NAINITAL(UTTRAKHAND)",,,263001,,
14363,BKS02088,LAXMI STATIONERY & SPORTS,MR. BASANT JAIN,Uttarakhand,Ramnagar,"TEHSIL CHOWK, RAMNAGAR, DISTT.-NAINITAL(UTTRAKHAND)",laxmisports6@gmail.com,8126142701,244715,,
14364,BKS02089,RAJEEV PUSTAK BHAVAN,MR. B.M. GUPTA,Uttarakhand,Ramnagar,"OPP. STATE BANK OF INDIA, RAMNAGAR, DISTT.-NAINITAL(UTTRAKHAND)",,9927064758,244715,,
14374,BKS02099,DAVID BOOK SHOP,,Uttarakhand,Pithoragarh,"C/O NEW BEERSHEBA PUBLIC SCHOOL, PITHORAGARH",,,262501,,
14375,BKS02100,PRAN PUSTAK BHANDAR,,Uttarakhand,Pithoragarh,"DHARANSHALA LINE, PITHORAGARH",,,262501,,
14376,BKS02101,RAJ BOOK CENTRE,,Uttarakhand,Pithoragarh,"HOTEL PLAZA COMPLEX , DHARCHULA,",,,262501,,
14377,BKS02102,UNIVERSAL BOOK SELLERS,,Uttarakhand,Pithoragarh,"CANTT. ROAD , (NEAR BIN BLICK) BIN, PITHORAGARH",,5964226702,262501,,
14378,BKS02103,VIDYA BHAWAN BOOKS SELLERS & STATIONERS,,Uttarakhand,Pithoragarh,"GANDHI CHOWK, PITHORAGARH",,5964225482,262501,,
14379,BKS02104,MAJOR BOOK DEPOT,,Uttarakhand,Chamba,CHAMBA,,,,,
19347,BKS03067,SUPER GENERAL STORE,MR.AMIT GOEL,Uttarakhand,Bajpur (Bazpur),OPPOSITE ST.MONTESARI SCHOOL,,8475012717,262401,,
14386,BKS02111,ARORA STATIONERS,MR SATISH ARORA,Uttarakhand,Gadarpur,"MAIN BAZAR, KASHIPUR ROAD",,,263152,,
14387,BKS02112,GURUNANAK PUSTAK BHANDAR,,Uttarakhand,Gadarpur,GADARPUR,,,263152,,
14388,BKS02113,MEGHA STATIONERS,MR AVDHESH KUMAR,Uttarakhand,Gadarpur,"NEAR RED ROSE SCHOOL, GULARBHOJ ROAD",,9837321159,,,
14389,BKS02114,BHARAT BOOK DEPOT,MR MANOJ,Uttarakhand,Kashipur,"NEAR CHAMUNDA MANDIR OPP. GUEST HOUSE ,GIRITAL",,,244713,,
14390,BKS02115,MEHROTRA BOOK CORNER,MR GAGAN MEHROTRA,Uttarakhand,Kashipur,RATAN CINEMA ROAD,,5947274485,244173,,
14391,BKS02116,NEELAM BOOK DEPOT,MR MUKESH AGARWAL,Uttarakhand,Kashipur,"MAIN BAZAR, RATAN CINEMA ROAD, GHAS MANDI",,5947277363,244713,,
14392,BKS02117,VANDANA BOOKS &STATIONERS CENTRE,MR NIRANJAN ARORA,Uttarakhand,Kashipur,"INFRONT OF G.G.I.C., JAIL ROAD",,275517,244713,,
14393,BKS02118,LAXMI TRADERS,MR. LAXMI DUTT SAKTA,Uttarakhand,Khatima,"GORAL CHAUR ROAD, CHAMPAWAT,( Uttarakhand). Pin: 262523",,7579107047,,,
14394,BKS02119,SHRI RAM JI BOOK DEPOT,MR CHANDAN SINGH,Uttarakhand,Khatima,"KANJA BAG ROAD, NEAR SHIV TEMPLE",,,262308,,
16246,BKS02964,ARORA BOOK DEPOT,Mr. Navneet Arora,Uttarakhand,Khatima,"Main Chauraha, Sanjay Market, Khatima, Distt.-Udham Singh Nagar(Uttrakhand)",,9837470897,242308,,
24391,BKS03739,Vinod Pustak Bhandar,Mr. Nitin Futela,Uttarakhand,Kichha,"Main Market, Kichha( Distt. Udham Singh Nagar), Uttrakhand",,9917430000,263148,,
24392,BKS03740,Santosh Pustak Bhandar,Mr. R.S. Arora,Uttarakhand,Kichha,"Main Market, Kichha( Distt.- Udham Singh Nagar) Uttrakhand",,7500063000,263148,,
24393,BKS03741,Sindhi Pustak Bhandar,Mr. Ashok Kumar,Uttarakhand,Kichha,"Opp.- Urvashi Cinema, Kichha( Distt.- Udham Singh Nagar)",,9927175800,263148,,
14399,BKS02124,AJAY PUSTAK BHANDAR,MR AJAY,Uttarakhand,Rudrapur,MAIN BAZAR,,5944240484,263153,,
14400,BKS02125,ARORA STATIONERS,MR ARORA,Uttarakhand,Rudrapur,"D-36, HARI MANDIR, GALI MAIN MARKET",,5944241840,263153,,
14401,BKS02126,KHALSA AGENCY,,Uttarakhand,Rudrapur,"NEAR J.P.S SCHOOL, DARYA NAGAR",,,,,
14402,BKS02127,BOOK WALA,MR DILPREET SINGH,Uttarakhand,Rudrapur,"IST FLOOR, DEEWAN BUILDING , OPP. GANDHI PARK",,9412981793,263153,,
14403,BKS02128,VINOD PUSTAK BHANDAR,MR VINOD,Uttarakhand,Rudrapur,MAIN MARKET,,5944243840,263153,,
19350,BKS03070,VINOD PUSTAK BHANDAR,MR. NITIN ARORA,Uttarakhand,Rudrapur Sidkul,MAIN MARKET MEERA MARG CORNER,,9927376234,263153,,
24389,BKS03737,City Shop,Mr. Raj Kumar Sidana,Uttarakhand,Sitarganj,"Khatima Road, Sitarganj (U.S. Nagar) Uttrakhand",,9837054061,262405,,
24390,BKS03738,Shree Prem Book & Stationery,Mr. Anant Kumar Saxena,Uttarakhand,Sitarganj,"Khatima Road, Sitarganj(U.S. Nagar) Uttrakhand",,9058488000,262405,,
14404,BKS02129,CITY SHOP,MR. RAJKUMAR SIDANA,Uttarakhand,Sitarganj,"KHATIMA ROAD, SITARGANJ, DISTT.-UDHAM SINGH NAGAR(UTTRAKHAND)-262405",cityshopstgusn@gmail.com,9837054061,262405,,
14405,BKS02130,SHEE PREM BOOK & STATIONERY,Mr. Anant Kumar Saxena,Uttarakhand,Sitarganj,"KHATIMA ROAD,SITARGANJ-262405 (DISTT-UDHAM SINGH NAGAR) UTTRAKHAND",,9058488000,,,
21948,BKS03321,SHRI BALAJI BOOK STORE,MR. KAPIL WADHAWA,Uttar Pradesh,SAHIBABAD,"B-152, SHALIMAR GARDEN EXTENSION II, SAHIBABAD, GHAZIABAD",,7042979938,201005,,
21933,BKS03306,M/S JAIN BOOK CORNER,,Uttar Pradesh,SAHIBABAD,"NEAR EVEREST PUBLIC SCHOOL, SHALIMAR GARDEN-II, SAHIBABAD-201005, GHAZIABAD (UTTAR PRADESH )",,,,,
18332,BKS03051,GEO BOOK STALL,,Kerala,IDUKKI,IDUKKI- 685508,,,,,
20888,BKS03261,PCM BOOKS DISTRIBUTIORS-UNNICHIRA,,Kerala,ERNAKULAM,"UNNICHIRA P.O. , EDAPALLY, ERNAKULAM",,,,,
20889,BKS03262,P.C.M. BOOKS DISTRIBUTORS,,Kerala,ERNAKULAM,"UNNICHIRA, EDAPALLY, ERNAKULAM, KERALA",,,,,
23139,BKS03489,H&C Stores Distribution,0,Kerala,ERNAKULAM,"Thekkekara Building, Govt High school Road,Edappally",,0,,,
23013,BKS03371,ANAND STATIONERY,,Gujarat,MORBI,"OPP. GOKULDHAM DHAM SOCIETY, RAVAPAR SANALA ROAD, MORBI",,,,,
489,BKS00481,BHARATH BOOK DEPOT- DHARWAD,,Karnataka,DHARWAD,"OPP, HEAD POST, NEAR BASEL MISSION ENG.SCHOOL",,,,,
19408,BKS03125,PUSTAK VYAPAR,,Uttar Pradesh,BARABANKI,"KALASH COTTAGE, SAI CITY PHASE-2, BARAIL NAHAR, NEAR LAKHPERABAGH, HIGHWAY BYE PASS, BARABANKI-225001",,,,,
24378,BKS03726,NATIONAL EMPORIUM,MR.SRIYANCE JAIN,Madhya Pradesh,vijaypur,"NFL TOWNSHIP COMPLEX , NFL VIJAYPUR DIST-GUNA",,9425133819,473111,,
20883,BKS03256,RAN STORES,Mr.Murli,Karnataka,Banashankari,"34th Cross Rd, Banashankari Stage II, Banashankari, Bengaluru, Karnataka 560070",,9964384409,560070,,
21966,BKS03337,Gyan Ganga,0,Bihar,Danapur,Saguna More ICICI Bank Building,,0,,,
21967,BKS03338,Ganesh Book House,0,Bihar,Danapur,Danapur Cantt Near Panjab National Bank,,0,0,,
20876,BKS03250,JALARAM BOOK STORE,,Gujarat,VERAVAL,"STATION ROAD, NEAR RAILWAY STATION , VERAVAL- 362265, DISTT. GIR SOMNATH (GUJARAT )",,,,,
20874,BKS03248,M/S SHIVAM STATIONERS,,Gujarat,KODINAR,"CHARA ZAPA, KODINAR--362720, DISTT. GIR SOMNATH (GUJARAT )",,,,,
24202,BKS03550,R D CLASSES,MR. SHASHAK SRIVASTAVA,Uttar Pradesh,CHINHAT,"11-DEV RESIDENCY, GATE NO. 2, LAULAI, AMITY UNIVERSITY ROAD, CHIUT, LUCKNOW",,9915965887,226010,,
24219,BKS03567,SRI BALAJI BOOK DEPOT,MR. KRISHNA MURTHY,Telangana,VIDYANAGAR,"NO. 2-1-464/3, OPP.NALLAKUNTA POST OFFICE, OSMANIA UNIVERSITY ROAD, HYDERABAD",,9676996199,500044,,
24168,BKS03517,SHREE NATHJI STATIONERY,,Gujarat,NEW MANINAGAR,"NEW MANINAGAR, AHMEDABAD",,,,,
24212,BKS03560,Chaufhary Book Depot,0,Delhi,Shahdara,C1 Kamal Vihar Infron of Alok Punj Secondary School Karawal Nagar Delhi 110094,,0,,,
24213,BKS03561,Anupam Sales,0,Delhi,Shahdara,B1/4649/22 Mandoli Road Shahdara Delhi,,0,,,
24214,BKS03562,Goyal Copy House,0,Delhi,Shahdara,O34/A5 O Block Dilsad Garden,,0,,,
24300,BKS03648,Rakesh Book Seller,0,Delhi,Shahdara,"B-3/199 Shop No 4, 5, Yamuna Vihar, Delhi, 110053",,0,0,,
24351,BKS03699,Shri Shyam Book & Stationery,0,Delhi,Shahdara,"Shop No. 11 Chetak Complex, B&E Block DDA Market Dilsad Garden Delhi 110095",,0,0,,
24188,BKS03536,PANDEY BOOK SHOP,,Delhi,SHAKARPUR,"A-115, MAIN VIKAS MARG, OPP MATRO PILLAR NO-33-34, SAKARPUR-110092",,,,,
24197,BKS03545,Standard Book Shop,0,Delhi,SHAKARPUR,"32 E, opp. Gate No. 2, Una Enclave, Mayur Vihar, New Delhi, Delhi 110091",,0,0,,
24224,BKS03572,BHATIA BOOK DEPOT.,,Delhi,KALKAJI,"KRISHNA MARKET, KALKAJI, SOUTH DELHI, DELHI",,,,,
24226,BKS03574,INTERNATIONAL BOOK MART,,Delhi,KALKAJI,"G-15A, KALKAJI MAIN ROAD, NEW DELHI",,,,,
24222,BKS03570,SWASTIK BOOKS,,Delhi,DWARKA,"SHOP NO-6,CSC MARKET, SECTOR-18B,DWARKA, DELHI-110078",,,,,
24298,BKS03646,Janta Book Depot(Dwarka),,Delhi,DWARKA,"G-1, Plot No-13, Pankaj Plaza, Sector 12 Dwarka, Dwarka, Delhi, 110075",,,,,
24294,BKS03642,Pyramid Books & Stationery Shop,,Delhi,VASANT KUNJ,"Shop No.39, Nathu Singh Market, Vasant Kunj, New Delhi, Delhi 110070",,,,,
24306,BKS03654,CHAWLA STATIONERS & BOOK DEPOT,,Delhi,JHILMIL COLONY,C-43 SHOP NO-05 JHILMIL COLONY DELHI-95,,,,,
24307,BKS03655,KAVITA BOOK SELLERS,,Delhi,BRIJ VIHAR,D-24 GDA MKT BRIJ VIHAR,,,,,
24308,BKS03656,DELHI BOOK HOUSE,,Delhi,DARYAN GANJ,SHOP NO.3 PLOT NO-D-2 LSC POCKET-B AND E,,,,,
24310,BKS03658,ANKUR STATIONERS & BOOK DEPOT,,Delhi,DILSHAD GARDEN,D-216 SHARMA MARKET CENTRAL BLOCK OPP.J&K POCKET,,,,,