Board Name,Class Name,Subject Name,Series Name,Chapter Name,Topic Name,Subtopic Name,Question Type,"Question(If question is mcq or Assertion & Reason  use option 1 to option 4 and in answer give 1,2,3,4 number only not option value, if true false, or any other type question give answer in answer coloumn and for Fill in the blank (QPG) you can use comma seprator for multiple filling answers eg fill1,fill2, fill3)",Answer,Option1,Option2,Option3,Option4,Explanation,Question Weight(optional),Difficulty Level,Learning Outcomes(optional),"Skills(optional if any seprate with comma ,)","Tags(optional if any seprate with comma ,)","Status(1==active,0=Inactive)"
CBSE,Class 3,Mathematics,Progress in Mathematics,Chapter 1 Numbers,,,Fill in the blank (QPG),"Fill in the blanks with <, > or = :
1. 734 ___________ 369 
2. 930 ___________ 390 
3. 623 ___________ 433
4. 198 ___________ 891 
5. 367 ___________ 376",N/A,,,,,,Other,Hard,Test Learning Outcome 1,"Skillone,skilltwo","tagone,tagtwo",1
CBSE,Class 3,Mathematics,Progress in Mathematics,Chapter 1 Numbers,,,Fill in the blank (QPG),"Fill in the blanks with <,> or = :
1. 3178 _________ 5297 
2. 7923 _________ 783 
3. 2005 _________ 2008
4. 3013 _________ 3103 
5. 5685 _________ 572",N/A,,,,,,Other,Hard,Test Learning Outcome 1,"Skillone,skilltwo","tagone,tagtwo",1
CBSE,Class 3,Mathematics,Progress in Mathematics,Chapter 1 Numbers,,,Fill in the blank (QPG),2 thousands + 2 hundreds + 7 tens + 2 ones = ______________,N/A,,,,,,Other,Hard,Test Learning Outcome 1,"Skillone,skilltwo","tagone,tagtwo",1
CBSE,Class 3,Mathematics,Progress in Mathematics,Chapter 1 Numbers,,,Fill in the blank (QPG),6 thousands + 5 hundreds + 9 ones = ______________,N/A,,,,,,Other,Hard,Test Learning Outcome 1,"Skillone,skilltwo","tagone,tagtwo",1
CBSE,Class 3,Mathematics,Progress in Mathematics,Chapter 1 Numbers,,,Fill in the blank (QPG),7 thousands + 2 hundreds + 6 tens + 9 ones = ______________,N/A,,,,,,Other,Hard,Test Learning Outcome 1,"Skillone,skilltwo","tagone,tagtwo",1
CBSE,Class 3,Mathematics,Progress in Mathematics,Chapter 1 Numbers,,,Fill in the blank (QPG),8 thousands + 3 hundreds + 5 tens + 4 ones = ______________,N/A,,,,,,Other,Hard,Test Learning Outcome 1,"Skillone,skilltwo","tagone,tagtwo",1
CBSE,Class 3,Mathematics,Progress in Mathematics,Chapter 1 Numbers,,,Matching Question (QPG),"1. The smallest 2-digit number (a) 1
2. Place value of 2 in 5432 (b) 7423
3. The smallest odd number (c) 10
4. Seven thousand four hundred twenty three (d) 10 hundreds
5. 1 thousand (e) 14
6. XIV (f) 2",N/A,,,,,,Other,Hard,Test Learning Outcome 1,"Skillone,skilltwo","tagone,tagtwo",1
CBSE,Class 3,Mathematics,Progress in Mathematics,Chapter 1 Numbers,,,Multiple Choice Question (QPG) Test Paper,10 more than 5678 is :,N/A,5688,5868,5679,6678,,Other,Hard,Test Learning Outcome 1,"Skillone,skilltwo","tagone,tagtwo",1
CBSE,Class 3,Mathematics,Progress in Mathematics,Chapter 1 Numbers,,,Multiple Choice Question (QPG) Test Paper,5 thousands + 3 tens + 2 ones is equal to :,N/A,5302,5032,5320,532,,Other,Hard,Test Learning Outcome 1,"Skillone,skilltwo","tagone,tagtwo",1
CBSE,Class 3,Mathematics,Progress in Mathematics,Chapter 1 Numbers,,,Multiple Choice Question (QPG) Test Paper,5 thousands + 4 hundreds + 5 tens + 4 ones is equal to :,N/A,5544,5454,4545,4455,,Other,Hard,Test Learning Outcome 1,"Skillone,skilltwo","tagone,tagtwo",1
CBSE,Class 3,Mathematics,Progress in Mathematics,Chapter 1 Numbers,,,Multiple Choice Question (QPG) Test Paper,6 thousands + 2 hundreds + 4 tens + 7 ones is equal to :,N/A,6247,6427,6472,6724,,Other,Hard,Test Learning Outcome 1,"Skillone,skilltwo","tagone,tagtwo",1
CBSE,Class 3,Mathematics,Progress in Mathematics,Chapter 1 Numbers,,,Multiple Choice Question (QPG) Test Paper,7 thousands + 2 hundreds + 9 tens is equal to :,N/A,727,7207,7290,7270,,Other,Hard,Test Learning Outcome 1,"Skillone,skilltwo","tagone,tagtwo",1
CBSE,Class 3,Mathematics,Progress in Mathematics,Chapter 1 Numbers,,,Multiple Choice Question (QPG) Test Paper,9 thousands + 8 hundreds + 7 tens is equal to :,N/A,987,9807,9870,9087,,Other,Hard,Test Learning Outcome 1,"Skillone,skilltwo","tagone,tagtwo",1
CBSE,Class 3,Mathematics,Progress in Mathematics,Chapter 1 Numbers,,,Multiple Choice Question (QPG) Test Paper,Predecessor of 5300 is :,N/A,5301,5299,5199,5201,,Other,Hard,Test Learning Outcome 1,"Skillone,skilltwo","tagone,tagtwo",1
CBSE,Class 3,Mathematics,Progress in Mathematics,Chapter 1 Numbers,,,Multiple Choice Question (QPG) Test Paper,Successor of 8119 is :,N/A,8110,8114,8116,8120,,Other,Hard,Test Learning Outcome 1,"Skillone,skilltwo","tagone,tagtwo",1
CBSE,Class 3,Mathematics,Progress in Mathematics,Chapter 1 Numbers,,,Multiple Choice Question (QPG) Test Paper,"The greatest 4-digit number formed using the digits 1, 2, 9 and 3 is :",N/A,1293,3921,9321,1239,,Other,Hard,Test Learning Outcome 1,"Skillone,skilltwo","tagone,tagtwo",1
CBSE,Class 3,Mathematics,Progress in Mathematics,Chapter 1 Numbers,,,Multiple Choice Question (QPG) Test Paper,"The greatest number among 1999, 1987, 9991, 9998 is :",N/A,1999,1987,9991,9998,,Other,Hard,Test Learning Outcome 1,"Skillone,skilltwo","tagone,tagtwo",1
CBSE,Class 3,Mathematics,Progress in Mathematics,Chapter 1 Numbers,,,Multiple Choice Question (QPG) Test Paper,"The next number in the sequence 2345, 2346, 2347, 2348 is :",N/A,2344,2349,2438,2450,,Other,Hard,Test Learning Outcome 1,"Skillone,skilltwo","tagone,tagtwo",1
CBSE,Class 3,Mathematics,Progress in Mathematics,Chapter 1 Numbers,,,Multiple Choice Question (QPG) Test Paper,The number for six thousand seven hundred forty seven is :,N/A,6476,6747,6746,6647,,Other,Hard,Test Learning Outcome 1,"Skillone,skilltwo","tagone,tagtwo",1
CBSE,Class 3,Mathematics,Progress in Mathematics,Chapter 1 Numbers,,,Multiple Choice Question (QPG) Test Paper,The number represented by the given abacus is :,N/A,5636,3456,6543,5643,,Other,Hard,Test Learning Outcome 1,"Skillone,skilltwo","tagone,tagtwo",1
CBSE,Class 3,Mathematics,Progress in Mathematics,Chapter 1 Numbers,,,Multiple Choice Question (QPG) Test Paper,The place value of 2 in 2456 is :,N/A,20,200,2000,20000,,Other,Hard,Test Learning Outcome 1,"Skillone,skilltwo","tagone,tagtwo",1
CBSE,Class 3,Mathematics,Progress in Mathematics,Chapter 1 Numbers,,,Multiple Choice Question (QPG) Test Paper,The predecessor of 7638 is :,N/A,7630,7639,7640,7637,,Other,Hard,Test Learning Outcome 1,"Skillone,skilltwo","tagone,tagtwo",1
CBSE,Class 3,Mathematics,Progress in Mathematics,Chapter 1 Numbers,,,Multiple Choice Question (QPG) Test Paper,"The smallest 4-digit number formed using the digits 5, 7, 9 and 8 is :",N/A,5798,5978,5789,5897,,Other,Hard,Test Learning Outcome 1,"Skillone,skilltwo","tagone,tagtwo",1
CBSE,Class 3,Mathematics,Progress in Mathematics,Chapter 1 Numbers,,,Multiple Choice Question (QPG) Test Paper,The smallest 4-digit number is :,N/A,10,100,1000,999,,Other,Hard,Test Learning Outcome 1,"Skillone,skilltwo","tagone,tagtwo",1
CBSE,Class 3,Mathematics,Progress in Mathematics,Chapter 1 Numbers,,,Multiple Choice Question (QPG) Test Paper,"The smallest number among 7635, 8735, 3485, 6597 is :",N/A,6597,7635,8735,3485,,Other,Hard,Test Learning Outcome 1,"Skillone,skilltwo","tagone,tagtwo",1
CBSE,Class 3,Mathematics,Progress in Mathematics,Chapter 1 Numbers,,,Multiple Choice Question (QPG) Test Paper,There are _______ two-digit numbers in all.,N/A,10,90,99,100,,Other,Hard,Test Learning Outcome 1,"Skillone,skilltwo","tagone,tagtwo",1
CBSE,Class 3,Mathematics,Progress in Mathematics,Chapter 1 Numbers,,,Multiple Choice Question (QPG) Test Paper,Which of the following statements is correct?,N/A,421 < 335,520 > 610,123 > 456,985 > 963,,Other,Hard,Test Learning Outcome 1,"Skillone,skilltwo","tagone,tagtwo",1
CBSE,Class 3,Mathematics,Progress in Mathematics,Chapter 1 Numbers,,,Short Answer Questions (QPG),"Write the following numbers in their short form :
1. 5000 + 400 + 80 + 7 = _____________ 
2. 8000 + 8 = ______________________
3. 6000 + 600 + 6 = _________________
4. 9000 + 10 + 3 = __________________
5. 2000 + 200 + 20 + 2 = _____________",N/A,,,,,,Other,Hard,Test Learning Outcome 1,"Skillone,skilltwo","tagone,tagtwo",1
CBSE,Class 3,Mathematics,Progress in Mathematics,Chapter 1 Numbers,,,Short Answer Questions (QPG),"Write the Hindu-Arabic numerals for the following :
1. XIV__________ 2. XXV _________ 3. XVI__________ 4. IX _________",N/A,,,,,,Other,Hard,Test Learning Outcome 1,"Skillone,skilltwo","tagone,tagtwo",1
CBSE,Class 3,Mathematics,Progress in Mathematics,Chapter 1 Numbers,,,Short Answer Questions (QPG),"Write the number names for the following numbers :
1. 3090 _____________________________________________________
2. 6879 _____________________________________________________
3. 1209 _____________________________________________________
4. 7897 _____________________________________________________
5. 4724 _____________________________________________________",N/A,,,,,,Other,Hard,Test Learning Outcome 1,"Skillone,skilltwo","tagone,tagtwo",1
CBSE,Class 3,Mathematics,Progress in Mathematics,Chapter 1 Numbers,,,Short Answer Questions (QPG),"Write the numbers for the following number names :
1. Four thousand two hundred twenty nine ________________
2. Five thousand three hundred twenty seven ________________
3. Nine thousand five hundred sixty seven ________________
4. Two thousand sixty six ________________
5. Seven thousand seven hundred ________________",N/A,,,,,,Other,Hard,Test Learning Outcome 1,"Skillone,skilltwo","tagone,tagtwo",1
CBSE,Class 3,Mathematics,Progress in Mathematics,Chapter 1 Numbers,,,Short Answer Questions (QPG),Write the Roman numerals for the following :1. 30 __________ 2. 29_____________ 3. 17______________ 4. 23_____________,N/A,,,,,,Other,Hard,Test Learning Outcome 1,"Skillone,skilltwo","tagone,tagtwo",1
CBSE,Class 3,Mathematics,Progress in Mathematics,Chapter 10 Time,,,Fill in the blank (QPG),_________ is the shortest month of the year.,N/A,,,,,,Other,Hard,Test Learning Outcome 1,"Skillone,skilltwo","tagone,tagtwo",1
CBSE,Class 3,Mathematics,Progress in Mathematics,Chapter 10 Time,,,Fill in the blank (QPG),_____________ hand shows minutes.,N/A,,,,,,Other,Hard,Test Learning Outcome 1,"Skillone,skilltwo","tagone,tagtwo",1
CBSE,Class 3,Mathematics,Progress in Mathematics,Chapter 10 Time,,,Fill in the blank (QPG),________________ hand shows hours.,N/A,,,,,,Other,Hard,Test Learning Outcome 1,"Skillone,skilltwo","tagone,tagtwo",1
CBSE,Class 3,Mathematics,Progress in Mathematics,Chapter 10 Time,,,Fill in the blank (QPG),"The time taken by the minute hand to complete one round is called
an ________.",N/A,,,,,,Other,Hard,Test Learning Outcome 1,"Skillone,skilltwo","tagone,tagtwo",1
CBSE,Class 3,Mathematics,Progress in Mathematics,Chapter 10 Time,,,Fill in the blank (QPG),A clock has _________ hands.,N/A,,,,,,Other,Hard,Test Learning Outcome 1,"Skillone,skilltwo","tagone,tagtwo",1
CBSE,Class 3,Mathematics,Progress in Mathematics,Chapter 10 Time,,,Fill in the blank (QPG),Hour hand takes _________ hour to go from one number to the next.,N/A,,,,,,Other,Hard,Test Learning Outcome 1,"Skillone,skilltwo","tagone,tagtwo",1
CBSE,Class 3,Mathematics,Progress in Mathematics,Chapter 10 Time,,,Fill in the blank (QPG),Minute hand completes ______ rounds in 1 day.,N/A,,,,,,Other,Hard,Test Learning Outcome 1,"Skillone,skilltwo","tagone,tagtwo",1
CBSE,Class 3,Mathematics,Progress in Mathematics,Chapter 10 Time,,,Fill in the blank (QPG),Minute hand takes ______ minutes to go from one number to the next.,N/A,,,,,,Other,Hard,Test Learning Outcome 1,"Skillone,skilltwo","tagone,tagtwo",1
CBSE,Class 3,Mathematics,Progress in Mathematics,Chapter 10 Time,,,Fill in the blank (QPG),The hour hand makes ________ complete rounds in a day.,N/A,,,,,,Other,Hard,Test Learning Outcome 1,"Skillone,skilltwo","tagone,tagtwo",1
CBSE,Class 3,Mathematics,Progress in Mathematics,Chapter 10 Time,,,Fill in the blank (QPG),The hour hand will move from 1 to 4 in ________ hours.,N/A,,,,,,Other,Hard,Test Learning Outcome 1,"Skillone,skilltwo","tagone,tagtwo",1
CBSE,Class 3,Mathematics,Progress in Mathematics,Chapter 10 Time,,,Fill in the blank (QPG),The hour hand will move from 3 to 8 in ________ hours.,N/A,,,,,,Other,Hard,Test Learning Outcome 1,"Skillone,skilltwo","tagone,tagtwo",1
CBSE,Class 3,Mathematics,Progress in Mathematics,Chapter 10 Time,,,Fill in the blank (QPG),The minute hand makes ________ complete rounds in half a day.,N/A,,,,,,Other,Hard,Test Learning Outcome 1,"Skillone,skilltwo","tagone,tagtwo",1
CBSE,Class 3,Mathematics,Progress in Mathematics,Chapter 10 Time,,,Fill in the blank (QPG),The minute hand will move from 12 to 2 in ________ minutes.,N/A,,,,,,Other,Hard,Test Learning Outcome 1,"Skillone,skilltwo","tagone,tagtwo",1
CBSE,Class 3,Mathematics,Progress in Mathematics,Chapter 10 Time,,,Fill in the blank (QPG),The minute hand will move from 6 to 9 in ________ minutes.,N/A,,,,,,Other,Hard,Test Learning Outcome 1,"Skillone,skilltwo","tagone,tagtwo",1
CBSE,Class 3,Mathematics,Progress in Mathematics,Chapter 10 Time,,,Fill in the blank (QPG),There are ________ hours in a day.,N/A,,,,,,Other,Hard,Test Learning Outcome 1,"Skillone,skilltwo","tagone,tagtwo",1
CBSE,Class 3,Mathematics,Progress in Mathematics,Chapter 10 Time,,,Fill in the blank (QPG),There are ________ minutes in an hour.,N/A,,,,,,Other,Hard,Test Learning Outcome 1,"Skillone,skilltwo","tagone,tagtwo",1
CBSE,Class 3,Mathematics,Progress in Mathematics,Chapter 10 Time,,,Multiple Choice Question (QPG) Test Paper,1 hour = _________ minutes.,N/A,30,40,60,90,,Other,Hard,Test Learning Outcome 1,"Skillone,skilltwo","tagone,tagtwo",1
CBSE,Class 3,Mathematics,Progress in Mathematics,Chapter 10 Time,,,Multiple Choice Question (QPG) Test Paper,1 week = _______ days :,N/A,6,7,8,9,,Other,Hard,Test Learning Outcome 1,"Skillone,skilltwo","tagone,tagtwo",1
CBSE,Class 3,Mathematics,Progress in Mathematics,Chapter 10 Time,,,Multiple Choice Question (QPG) Test Paper,10 minutes to 3 is shown as :,N/A,0.090277778,0.159722222,0.118055556,0.076388889,,Other,Hard,Test Learning Outcome 1,"Skillone,skilltwo","tagone,tagtwo",1
CBSE,Class 3,Mathematics,Progress in Mathematics,Chapter 10 Time,,,Multiple Choice Question (QPG) Test Paper,5 hours after 5:00 is :,N/A,0.166666667,0.375,0.416666667,0.458333333,,Other,Hard,Test Learning Outcome 1,"Skillone,skilltwo","tagone,tagtwo",1
CBSE,Class 3,Mathematics,Progress in Mathematics,Chapter 10 Time,,,Multiple Choice Question (QPG) Test Paper,"It is now quarter to 2. Two hours later, time will be",N/A,0.166666667,0.177083333,0.15625,0.197916667,,Other,Hard,Test Learning Outcome 1,"Skillone,skilltwo","tagone,tagtwo",1
CBSE,Class 3,Mathematics,Progress in Mathematics,Chapter 10 Time,,,Multiple Choice Question (QPG) Test Paper,"It is quarter past 3 now, so, 15 minutes earlier the time was :",N/A,0.135416667,0.125,0.114583333,0.15625,,Other,Hard,Test Learning Outcome 1,"Skillone,skilltwo","tagone,tagtwo",1
CBSE,Class 3,Mathematics,Progress in Mathematics,Chapter 10 Time,,,Multiple Choice Question (QPG) Test Paper,Quarter to 7 is written as :,N/A,0.322916667,0.302083333,0.28125,0.260416667,,Other,Hard,Test Learning Outcome 1,"Skillone,skilltwo","tagone,tagtwo",1
CBSE,Class 3,Mathematics,Progress in Mathematics,Chapter 10 Time,,,Multiple Choice Question (QPG) Test Paper,The time shown by the clock is :,N/A,Quarter to 5,Half past 6,Quarter to 6,Quarter past 6,,Other,Hard,Test Learning Outcome 1,"Skillone,skilltwo","tagone,tagtwo",1
CBSE,Class 3,Mathematics,Progress in Mathematics,Chapter 10 Time,,,Multiple Choice Question (QPG) Test Paper,There are _______ hours between 9:00 to 3:00.,N/A,4,5,6,3,,Other,Hard,Test Learning Outcome 1,"Skillone,skilltwo","tagone,tagtwo",1
CBSE,Class 3,Mathematics,Progress in Mathematics,Chapter 10 Time,,,Multiple Choice Question (QPG) Test Paper,We generally express 2:40 as :,N/A,40 minutes past 2,20 minutes to 2,20 minutes to 3,40 minutes to 2,,Other,Hard,Test Learning Outcome 1,"Skillone,skilltwo","tagone,tagtwo",1
CBSE,Class 3,Mathematics,Progress in Mathematics,Chapter 10 Time,,,Short Answer Questions (QPG),A year has _______ days.,N/A,,,,,,Other,Hard,Test Learning Outcome 1,"Skillone,skilltwo","tagone,tagtwo",1
CBSE,Class 3,Mathematics,Progress in Mathematics,Chapter 10 Time,,,Short Answer Questions (QPG),A year has _______ months.,N/A,,,,,,Other,Hard,Test Learning Outcome 1,"Skillone,skilltwo","tagone,tagtwo",1
CBSE,Class 3,Mathematics,Progress in Mathematics,Chapter 10 Time,,,Short Answer Questions (QPG),February has ____ days in 2013.,N/A,,,,,,Other,Hard,Test Learning Outcome 1,"Skillone,skilltwo","tagone,tagtwo",1
CBSE,Class 3,Mathematics,Progress in Mathematics,Chapter 10 Time,,,Short Answer Questions (QPG),The eighth month of the year is __________________,N/A,,,,,,Other,Hard,Test Learning Outcome 1,"Skillone,skilltwo","tagone,tagtwo",1
CBSE,Class 3,Mathematics,Progress in Mathematics,Chapter 10 Time,,,Short Answer Questions (QPG),The first month of a year is _________________,N/A,,,,,,Other,Hard,Test Learning Outcome 1,"Skillone,skilltwo","tagone,tagtwo",1
CBSE,Class 3,Mathematics,Progress in Mathematics,Chapter 10 Time,,,Short Answer Questions (QPG),The month of June has ______________ days.,N/A,,,,,,Other,Hard,Test Learning Outcome 1,"Skillone,skilltwo","tagone,tagtwo",1
CBSE,Class 3,Mathematics,Progress in Mathematics,Chapter 10 Time,,,Short Answer Questions (QPG),The sixth month of the year is ________________,N/A,,,,,,Other,Hard,Test Learning Outcome 1,"Skillone,skilltwo","tagone,tagtwo",1
CBSE,Class 3,Mathematics,Progress in Mathematics,Chapter 10 Time,,,True or False (QPG),2:20 can be read as 20 minutes to 2. _________,N/A,,,,,,Other,Hard,Test Learning Outcome 1,"Skillone,skilltwo","tagone,tagtwo",1
CBSE,Class 3,Mathematics,Progress in Mathematics,Chapter 10 Time,,,True or False (QPG),4:35 can be read as 35 minutes to 4. _________,N/A,,,,,,Other,Hard,Test Learning Outcome 1,"Skillone,skilltwo","tagone,tagtwo",1
CBSE,Class 3,Mathematics,Progress in Mathematics,Chapter 10 Time,,,True or False (QPG),5:30 can be read as half past 5. _________,N/A,,,,,,Other,Hard,Test Learning Outcome 1,"Skillone,skilltwo","tagone,tagtwo",1
CBSE,Class 3,Mathematics,Progress in Mathematics,Chapter 10 Time,,,True or False (QPG),7:45 can be read as quarter past 7. _________,N/A,,,,,,Other,Hard,Test Learning Outcome 1,"Skillone,skilltwo","tagone,tagtwo",1
CBSE,Class 3,Mathematics,Progress in Mathematics,Chapter 10 Time,,,True or False (QPG),9:40 can be read as 20 minutes to 10. _________,N/A,,,,,,Other,Hard,Test Learning Outcome 1,"Skillone,skilltwo","tagone,tagtwo",1
CBSE,Class 3,Mathematics,Progress in Mathematics,Chapter 11 Money,,,Fill in the blank (QPG),100 rupees and 15 paise = _________ paise,N/A,,,,,,Other,Hard,Test Learning Outcome 1,"Skillone,skilltwo","tagone,tagtwo",1
CBSE,Class 3,Mathematics,Progress in Mathematics,Chapter 11 Money,,,Fill in the blank (QPG),"1045 paise = Rs, _________",N/A,,,,,,Other,Hard,Test Learning Outcome 1,"Skillone,skilltwo","tagone,tagtwo",1
CBSE,Class 3,Mathematics,Progress in Mathematics,Chapter 11 Money,,,Fill in the blank (QPG),"2960 paise = Rs, _________",N/A,,,,,,Other,Hard,Test Learning Outcome 1,"Skillone,skilltwo","tagone,tagtwo",1
CBSE,Class 3,Mathematics,Progress in Mathematics,Chapter 11 Money,,,Fill in the blank (QPG),"Rs,30.45 = _________ paise",N/A,,,,,,Other,Hard,Test Learning Outcome 1,"Skillone,skilltwo","tagone,tagtwo",1
CBSE,Class 3,Mathematics,Progress in Mathematics,Chapter 11 Money,,,Fill in the blank (QPG),"Thirty nine rupees fifty paise = Rs, ________",N/A,,,,,,Other,Hard,Test Learning Outcome 1,"Skillone,skilltwo","tagone,tagtwo",1
CBSE,Class 3,Mathematics,Progress in Mathematics,Chapter 11 Money,,,Multiple Choice Question (QPG) Test Paper,A person earns ` 875 in a week. How much does he earn in one day?,N/A,"Rs,125","Rs,225","Rs,325","Rs,175",,Other,Hard,Test Learning Outcome 1,"Skillone,skilltwo","tagone,tagtwo",1
CBSE,Class 3,Mathematics,Progress in Mathematics,Chapter 11 Money,,,Multiple Choice Question (QPG) Test Paper,"Cost of 3 oranges is ` 27, then the cost of 1 orange is :",N/A,"Rs,7","Rs,8","Rs,9","Rs,6",,Other,Hard,Test Learning Outcome 1,"Skillone,skilltwo","tagone,tagtwo",1
CBSE,Class 3,Mathematics,Progress in Mathematics,Chapter 11 Money,,,Multiple Choice Question (QPG) Test Paper,"If 1 chocolate costs ` 15, then cost of 10 chocolates is :",N/A,"Rs,110","Rs,130","Rs,150","Rs,120",,Other,Hard,Test Learning Outcome 1,"Skillone,skilltwo","tagone,tagtwo",1
CBSE,Class 3,Mathematics,Progress in Mathematics,Chapter 11 Money,,,Multiple Choice Question (QPG) Test Paper,"If cost of 1 cap is ` 15, then cost of 25 caps is :",N/A,"Rs,175","Rs,275","Rs,375","Rs,425",,Other,Hard,Test Learning Outcome 1,"Skillone,skilltwo","tagone,tagtwo",1
CBSE,Class 3,Mathematics,Progress in Mathematics,Chapter 11 Money,,,Multiple Choice Question (QPG) Test Paper,"Rs,10.01 × 9 is equal to :",N/A,"Rs,90.09","Rs,19.09","Rs,91.09","Rs,90.10",,Other,Hard,Test Learning Outcome 1,"Skillone,skilltwo","tagone,tagtwo",1
CBSE,Class 3,Mathematics,Progress in Mathematics,Chapter 11 Money,,,Multiple Choice Question (QPG) Test Paper,"Rs,108 ÷ 4 is equal to :",N/A,"Rs,17","Rs,27","Rs,37","Rs,47",,Other,Hard,Test Learning Outcome 1,"Skillone,skilltwo","tagone,tagtwo",1
CBSE,Class 3,Mathematics,Progress in Mathematics,Chapter 12 Data Handing,,,Fill in the blank (QPG),_______ boys like to play badminton.,N/A,,,,,,Other,Hard,Test Learning Outcome 1,"Skillone,skilltwo","tagone,tagtwo",1
CBSE,Class 3,Mathematics,Progress in Mathematics,Chapter 12 Data Handing,,,Fill in the blank (QPG),_______ boys like to play chess.,N/A,,,,,,Other,Hard,Test Learning Outcome 1,"Skillone,skilltwo","tagone,tagtwo",1
CBSE,Class 3,Mathematics,Progress in Mathematics,Chapter 12 Data Handing,,,Fill in the blank (QPG),_______ boys like to play cricket.,N/A,,,,,,Other,Hard,Test Learning Outcome 1,"Skillone,skilltwo","tagone,tagtwo",1
CBSE,Class 3,Mathematics,Progress in Mathematics,Chapter 12 Data Handing,,,Fill in the blank (QPG),_______ boys like to play football.,N/A,,,,,,Other,Hard,Test Learning Outcome 1,"Skillone,skilltwo","tagone,tagtwo",1
CBSE,Class 3,Mathematics,Progress in Mathematics,Chapter 12 Data Handing,,,Fill in the blank (QPG),Which game is liked by maximum number of boys? _______.,N/A,,,,,,Other,Hard,Test Learning Outcome 1,"Skillone,skilltwo","tagone,tagtwo",1
CBSE,Class 3,Mathematics,Progress in Mathematics,Chapter 12 Data Handing,,,Multiple Choice Question (QPG) Test Paper,__________ has only one face and no edges or vertices.,N/A,cylinder,cone,cuboid,sphere,,Other,Hard,Test Learning Outcome 1,"Skillone,skilltwo","tagone,tagtwo",1
CBSE,Class 3,Mathematics,Progress in Mathematics,Chapter 12 Data Handing,,,Multiple Choice Question (QPG) Test Paper,10 minutes to 4 is the same as :,N/A,0.173611111,0.201388889,0.159722222,0.131944444,,Other,Hard,Test Learning Outcome 1,"Skillone,skilltwo","tagone,tagtwo",1
CBSE,Class 3,Mathematics,Progress in Mathematics,Chapter 12 Data Handing,,,Multiple Choice Question (QPG) Test Paper,Half of one metre is :,N/A,10 mm,10 cm,5 cm,50 cm,,Other,Hard,Test Learning Outcome 1,"Skillone,skilltwo","tagone,tagtwo",1
CBSE,Class 3,Mathematics,Progress in Mathematics,Chapter 12 Data Handing,,,Multiple Choice Question (QPG) Test Paper,Long distances are measured in :,N/A,kilogram,kilometre,metre,litre,,Other,Hard,Test Learning Outcome 1,"Skillone,skilltwo","tagone,tagtwo",1
CBSE,Class 3,Mathematics,Progress in Mathematics,Chapter 12 Data Handing,,,True or False (QPG),16 rupees 5 paise is same a ` 16.50. _______,N/A,,,,,,Other,Hard,Test Learning Outcome 1,"Skillone,skilltwo","tagone,tagtwo",1
CBSE,Class 3,Mathematics,Progress in Mathematics,Chapter 12 Data Handing,,,True or False (QPG),A line segment is of fixed length. _______,N/A,,,,,,Other,Hard,Test Learning Outcome 1,"Skillone,skilltwo","tagone,tagtwo",1
CBSE,Class 3,Mathematics,Progress in Mathematics,Chapter 12 Data Handing,,,True or False (QPG),The letter F has a line of symmetry. _______,N/A,,,,,,Other,Hard,Test Learning Outcome 1,"Skillone,skilltwo","tagone,tagtwo",1
CBSE,Class 3,Mathematics,Progress in Mathematics,Chapter 12 Data Handing,,,True or False (QPG),Weight of a mango is measured in g. _______,N/A,,,,,,Other,Hard,Test Learning Outcome 1,"Skillone,skilltwo","tagone,tagtwo",1
CBSE,Class 3,Mathematics,Progress in Mathematics,Chapter 2 Addition,,,Fill in the blank (QPG),1500 + 1000 = _______________________,N/A,,,,,,Other,Hard,Test Learning Outcome 1,"Skillone,skilltwo","tagone,tagtwo",1
CBSE,Class 3,Mathematics,Progress in Mathematics,Chapter 2 Addition,,,Fill in the blank (QPG),4567 + __________________________ = 4568,N/A,,,,,,Other,Hard,Test Learning Outcome 1,"Skillone,skilltwo","tagone,tagtwo",1
CBSE,Class 3,Mathematics,Progress in Mathematics,Chapter 2 Addition,,,Fill in the blank (QPG),700 + 100 = ______________________________,N/A,,,,,,Other,Hard,Test Learning Outcome 1,"Skillone,skilltwo","tagone,tagtwo",1
CBSE,Class 3,Mathematics,Progress in Mathematics,Chapter 2 Addition,,,Fill in the blank (QPG),745 + 987 = _________________________,N/A,,,,,,Other,Hard,Test Learning Outcome 1,"Skillone,skilltwo","tagone,tagtwo",1
CBSE,Class 3,Mathematics,Progress in Mathematics,Chapter 2 Addition,,,Fill in the blank (QPG),82 + 10 = _________________________,N/A,,,,,,Other,Hard,Test Learning Outcome 1,"Skillone,skilltwo","tagone,tagtwo",1
CBSE,Class 3,Mathematics,Progress in Mathematics,Chapter 2 Addition,,,Fill in the blank (QPG),9587 + _______________________ = 9587,N/A,,,,,,Other,Hard,Test Learning Outcome 1,"Skillone,skilltwo","tagone,tagtwo",1
CBSE,Class 3,Mathematics,Progress in Mathematics,Chapter 2 Addition,,,Multiple Choice Question (QPG) Test Paper,25 + 30 is equal to :,N/A,25,30,55,45,,Other,Hard,Test Learning Outcome 1,"Skillone,skilltwo","tagone,tagtwo",1
CBSE,Class 3,Mathematics,Progress in Mathematics,Chapter 2 Addition,,,Multiple Choice Question (QPG) Test Paper,2653 + 100 is equal to :,N/A,2753,2664,2654,2700,,Other,Hard,Test Learning Outcome 1,"Skillone,skilltwo","tagone,tagtwo",1
CBSE,Class 3,Mathematics,Progress in Mathematics,Chapter 2 Addition,,,Multiple Choice Question (QPG) Test Paper,369 + (258 + 147) is equal to :,N/A,474,477,774,467,,Other,Hard,Test Learning Outcome 1,"Skillone,skilltwo","tagone,tagtwo",1
CBSE,Class 3,Mathematics,Progress in Mathematics,Chapter 2 Addition,,,Multiple Choice Question (QPG) Test Paper,4589 + 105 = __________ + 4589,N/A,104,102,105,106,,Other,Hard,Test Learning Outcome 1,"Skillone,skilltwo","tagone,tagtwo",1
CBSE,Class 3,Mathematics,Progress in Mathematics,Chapter 2 Addition,,,Multiple Choice Question (QPG) Test Paper,4589 + 105 = ____________ + 4589,N/A,104,102,105,106,,Other,Hard,Test Learning Outcome 1,"Skillone,skilltwo","tagone,tagtwo",1
CBSE,Class 3,Mathematics,Progress in Mathematics,Chapter 2 Addition,,,Multiple Choice Question (QPG) Test Paper,5689 + 0 is equal to :,N/A,5689,5679,5669,568,,Other,Hard,Test Learning Outcome 1,"Skillone,skilltwo","tagone,tagtwo",1
CBSE,Class 3,Mathematics,Progress in Mathematics,Chapter 2 Addition,,,Multiple Choice Question (QPG) Test Paper,71 + 9 is equal to :,N/A,80,100,800,90,,Other,Hard,Test Learning Outcome 1,"Skillone,skilltwo","tagone,tagtwo",1
CBSE,Class 3,Mathematics,Progress in Mathematics,Chapter 2 Addition,,,Multiple Choice Question (QPG) Test Paper,820 + 22 is equal to :,N/A,842,843,844,824,,Other,Hard,Test Learning Outcome 1,"Skillone,skilltwo","tagone,tagtwo",1
CBSE,Class 3,Mathematics,Progress in Mathematics,Chapter 2 Addition,,,Multiple Choice Question (QPG) Test Paper,Sum of the numbers on the six faces of a dice is :,N/A,20,21,22,25,,Other,Hard,Test Learning Outcome 1,"Skillone,skilltwo","tagone,tagtwo",1
CBSE,Class 3,Mathematics,Progress in Mathematics,Chapter 2 Addition,,,Multiple Choice Question (QPG) Test Paper,The numbers to be added are called :,N/A,sum,addends,results,product,,Other,Hard,Test Learning Outcome 1,"Skillone,skilltwo","tagone,tagtwo",1
CBSE,Class 3,Mathematics,Progress in Mathematics,Chapter 2 Addition,,,Short Answer Questions (QPG),2894 boys and 4253 girls appeared for an examination. Find the total number of candidates who appeared for the examination.,N/A,,,,,,Other,Hard,Test Learning Outcome 1,"Skillone,skilltwo","tagone,tagtwo",1
CBSE,Class 3,Mathematics,Progress in Mathematics,Chapter 2 Addition,,,Short Answer Questions (QPG),A shop sold 4569 chocolates on Monday and 2973 chocolates on Tuesday. How many chocolates were sold in both the days?,N/A,,,,,,Other,Hard,Test Learning Outcome 1,"Skillone,skilltwo","tagone,tagtwo",1
CBSE,Class 3,Mathematics,Progress in Mathematics,Chapter 2 Addition,,,Short Answer Questions (QPG),"In a library there were 2532 English books, 3514 Hindi books and 1598 other books. Find the total number of books in the library.",N/A,,,,,,Other,Hard,Test Learning Outcome 1,"Skillone,skilltwo","tagone,tagtwo",1
CBSE,Class 3,Mathematics,Progress in Mathematics,Chapter 2 Addition,,,Short Answer Questions (QPG),There were 240 cars and 914 scooters in a parking lot. How many vehicles are there in all?,N/A,,,,,,Other,Hard,Test Learning Outcome 1,"Skillone,skilltwo","tagone,tagtwo",1
CBSE,Class 3,Mathematics,Progress in Mathematics,Chapter 2 Addition,,,Short Answer Questions (QPG),"Arrange in columns and add :1. 427 + 263 + 184 
2. 251 + 182 + 407 
3. 652 + 174 + 136
4. 186 + 294 + 472 
5. 427 + 185 + 741",N/A,,,,,,Other,Hard,Test Learning Outcome 1,"Skillone,skilltwo","tagone,tagtwo",1
CBSE,Class 3,Mathematics,Progress in Mathematics,Chapter 3 Subtraction,,,Fill in the blank (QPG),7 thousands 3 hundreds 2 tens 8 ones = 6 thousands ________ hundreds 2 tens _______ ones,N/A,,,,,,Other,Hard,Test Learning Outcome 1,"Skillone,skilltwo","tagone,tagtwo",1
CBSE,Class 3,Mathematics,Progress in Mathematics,Chapter 3 Subtraction,,,Fill in the blank (QPG),Taking away some objects or numbers from a collection is known as ________________________,N/A,,,,,,Other,Hard,Test Learning Outcome 1,"Skillone,skilltwo","tagone,tagtwo",1
CBSE,Class 3,Mathematics,Progress in Mathematics,Chapter 3 Subtraction,,,Fill in the blank (QPG),135 – 25 = ______________________________,N/A,,,,,,Other,Hard,Test Learning Outcome 1,"Skillone,skilltwo","tagone,tagtwo",1
CBSE,Class 3,Mathematics,Progress in Mathematics,Chapter 3 Subtraction,,,Fill in the blank (QPG),500 – 500 = ___________________________,N/A,,,,,,Other,Hard,Test Learning Outcome 1,"Skillone,skilltwo","tagone,tagtwo",1
CBSE,Class 3,Mathematics,Progress in Mathematics,Chapter 3 Subtraction,,,Fill in the blank (QPG),5348 – 5348 = _________________________,N/A,,,,,,Other,Hard,Test Learning Outcome 1,"Skillone,skilltwo","tagone,tagtwo",1
CBSE,Class 3,Mathematics,Progress in Mathematics,Chapter 3 Subtraction,,,Fill in the blank (QPG),6 hundreds 7 tens 8 ones = _________ hundreds 17 tens ___________ ones,N/A,,,,,,Other,Hard,Test Learning Outcome 1,"Skillone,skilltwo","tagone,tagtwo",1
CBSE,Class 3,Mathematics,Progress in Mathematics,Chapter 3 Subtraction,,,Fill in the blank (QPG),7 thousands = 6 thousands 9 hundreds ________________ tens 10 ones,N/A,,,,,,Other,Hard,Test Learning Outcome 1,"Skillone,skilltwo","tagone,tagtwo",1
CBSE,Class 3,Mathematics,Progress in Mathematics,Chapter 3 Subtraction,,,Fill in the blank (QPG),829 – 0 = __________________________,N/A,,,,,,Other,Hard,Test Learning Outcome 1,"Skillone,skilltwo","tagone,tagtwo",1
CBSE,Class 3,Mathematics,Progress in Mathematics,Chapter 3 Subtraction,,,Fill in the blank (QPG),The answer we get after subtracting two numbers is called _____________________,N/A,,,,,,Other,Hard,Test Learning Outcome 1,"Skillone,skilltwo","tagone,tagtwo",1
CBSE,Class 3,Mathematics,Progress in Mathematics,Chapter 3 Subtraction,,,Fill in the blank (QPG),The number from which it is to be subtracted is called ____________________________,N/A,,,,,,Other,Hard,Test Learning Outcome 1,"Skillone,skilltwo","tagone,tagtwo",1
CBSE,Class 3,Mathematics,Progress in Mathematics,Chapter 3 Subtraction,,,Fill in the blank (QPG),The number to be subtracted is called _________________________________,N/A,,,,,,Other,Hard,Test Learning Outcome 1,"Skillone,skilltwo","tagone,tagtwo",1
CBSE,Class 3,Mathematics,Progress in Mathematics,Chapter 3 Subtraction,,,Very Short Answer Questions (QPG),How much is 5426 less than 8524?,N/A,,,,,,Other,Hard,Test Learning Outcome 1,"Skillone,skilltwo","tagone,tagtwo",1
CBSE,Class 3,Mathematics,Progress in Mathematics,Chapter 3 Subtraction,,,Very Short Answer Questions (QPG),What should be added to 3414 to make it 8524?,N/A,,,,,,Other,Hard,Test Learning Outcome 1,"Skillone,skilltwo","tagone,tagtwo",1
CBSE,Class 3,Mathematics,Progress in Mathematics,Chapter 3 Subtraction,,,Very Short Answer Questions (QPG),What should be subtracted from 4580 to make it 2121?,N/A,,,,,,Other,Hard,Test Learning Outcome 1,"Skillone,skilltwo","tagone,tagtwo",1
CBSE,Class 3,Mathematics,Progress in Mathematics,Chapter 3 Subtraction,,,Multiple Choice Question (QPG) Test Paper,2222 – 1596 is equal to :,N/A,426,526,726,626,,Other,Hard,Test Learning Outcome 1,"Skillone,skilltwo","tagone,tagtwo",1
CBSE,Class 3,Mathematics,Progress in Mathematics,Chapter 3 Subtraction,,,Multiple Choice Question (QPG) Test Paper,"435 + 735 = 1170, gives :",N/A,735 – 435 = 1170,1170 – 435 = 735,1170 + 435 = 735,1170 + 435 = 735,,Other,Hard,Test Learning Outcome 1,"Skillone,skilltwo","tagone,tagtwo",1
CBSE,Class 3,Mathematics,Progress in Mathematics,Chapter 3 Subtraction,,,Multiple Choice Question (QPG) Test Paper,486 – 72 is equal to :,N/A,414,314,424,324,,Other,Hard,Test Learning Outcome 1,"Skillone,skilltwo","tagone,tagtwo",1
CBSE,Class 3,Mathematics,Progress in Mathematics,Chapter 3 Subtraction,,,Multiple Choice Question (QPG) Test Paper,5000 – 1 is equal to :,N/A,5001,5000,4999,4991,,Other,Hard,Test Learning Outcome 1,"Skillone,skilltwo","tagone,tagtwo",1
CBSE,Class 3,Mathematics,Progress in Mathematics,Chapter 3 Subtraction,,,Multiple Choice Question (QPG) Test Paper,5060 – 3171 is equal to :,N/A,1998,1889,1898,1989,,Other,Hard,Test Learning Outcome 1,"Skillone,skilltwo","tagone,tagtwo",1
CBSE,Class 3,Mathematics,Progress in Mathematics,Chapter 3 Subtraction,,,Multiple Choice Question (QPG) Test Paper,5263 – 1425 is equal to :,N/A,8338,3838,8383,8323,,Other,Hard,Test Learning Outcome 1,"Skillone,skilltwo","tagone,tagtwo",1
CBSE,Class 3,Mathematics,Progress in Mathematics,Chapter 3 Subtraction,,,Multiple Choice Question (QPG) Test Paper,640 – 232 is equal to :,N/A,480,840,408,448,,Other,Hard,Test Learning Outcome 1,"Skillone,skilltwo","tagone,tagtwo",1
CBSE,Class 3,Mathematics,Progress in Mathematics,Chapter 3 Subtraction,,,Multiple Choice Question (QPG) Test Paper,75 – 24 is equal to :,N/A,52,15,51,49,,Other,Hard,Test Learning Outcome 1,"Skillone,skilltwo","tagone,tagtwo",1
CBSE,Class 3,Mathematics,Progress in Mathematics,Chapter 3 Subtraction,,,Multiple Choice Question (QPG) Test Paper,83 – 50 is equal to :,N/A,33,30,35,23,,Other,Hard,Test Learning Outcome 1,"Skillone,skilltwo","tagone,tagtwo",1
CBSE,Class 3,Mathematics,Progress in Mathematics,Chapter 3 Subtraction,,,Multiple Choice Question (QPG) Test Paper,94 – 23 is equal to :,N/A,61,72,71,62,,Other,Hard,Test Learning Outcome 1,"Skillone,skilltwo","tagone,tagtwo",1
CBSE,Class 3,Mathematics,Progress in Mathematics,Chapter 3 Subtraction,,,Multiple Choice Question (QPG) Test Paper,"Estimating 467 – 203, gives :",N/A,270,250,200,205,,Other,Hard,Test Learning Outcome 1,"Skillone,skilltwo","tagone,tagtwo",1
CBSE,Class 3,Mathematics,Progress in Mathematics,Chapter 3 Subtraction,,,Multiple Choice Question (QPG) Test Paper,"Estimating 7342 – 257, gives :",N/A,7540,7010,7080,5080,,Other,Hard,Test Learning Outcome 1,"Skillone,skilltwo","tagone,tagtwo",1
CBSE,Class 3,Mathematics,Progress in Mathematics,Chapter 3 Subtraction,,,Multiple Choice Question (QPG) Test Paper,"If 7254 + 1295 = 8549, then :",N/A,8549 – 7254 = 1295,8549 + 1295 = 7254,1295 – 7254 = 8549,7254 – 8549 = 1295,,Other,Hard,Test Learning Outcome 1,"Skillone,skilltwo","tagone,tagtwo",1
CBSE,Class 3,Mathematics,Progress in Mathematics,Chapter 3 Subtraction,,,Multiple Choice Question (QPG) Test Paper,The estimated difference of 735 – 418 is :,N/A,320,400,310,405,,Other,Hard,Test Learning Outcome 1,"Skillone,skilltwo","tagone,tagtwo",1
CBSE,Class 3,Mathematics,Progress in Mathematics,Chapter 3 Subtraction,,,Short Answer Questions (QPG),"Subtract the following :1. 550 – 300 
2. 870 – 28 
3. 69 – 39 
4. 97 – 53 
5. 264 – 101",N/A,,,,,,Other,Hard,Test Learning Outcome 1,"Skillone,skilltwo","tagone,tagtwo",1
CBSE,Class 3,Mathematics,Progress in Mathematics,Chapter 4 Multiplication,,,Fill in the blank (QPG),1 + 1 + 1 + 1 + 1 + 1 + 1 = ____ × ____ = _____,N/A,,,,,,Other,Hard,Test Learning Outcome 1,"Skillone,skilltwo","tagone,tagtwo",1
CBSE,Class 3,Mathematics,Progress in Mathematics,Chapter 4 Multiplication,,,Fill in the blank (QPG),3 × 10 = ____ + ____ + _____ = _____,N/A,,,,,,Other,Hard,Test Learning Outcome 1,"Skillone,skilltwo","tagone,tagtwo",1
CBSE,Class 3,Mathematics,Progress in Mathematics,Chapter 4 Multiplication,,,Fill in the blank (QPG),36 = ____ × ____ = _____ + _____+_____ + _____+_____ + _____,N/A,,,,,,Other,Hard,Test Learning Outcome 1,"Skillone,skilltwo","tagone,tagtwo",1
CBSE,Class 3,Mathematics,Progress in Mathematics,Chapter 4 Multiplication,,,Fill in the blank (QPG),6 × 2 = _____ + _____+_____ + _____+_____ + _____ = ______,N/A,,,,,,Other,Hard,Test Learning Outcome 1,"Skillone,skilltwo","tagone,tagtwo",1
CBSE,Class 3,Mathematics,Progress in Mathematics,Chapter 4 Multiplication,,,Fill in the blank (QPG),8 + 8 + 8 + 8 = ______ × ______ = _________,N/A,,,,,,Other,Hard,Test Learning Outcome 1,"Skillone,skilltwo","tagone,tagtwo",1
CBSE,Class 3,Mathematics,Progress in Mathematics,Chapter 4 Multiplication,,,Multiple Choice Question (QPG) Test Paper,10 + 10 + 10 + 10 + 10 is equal to :,N/A,10 + 5,45056,5 x 10,10 ÷ 5,,Other,Hard,Test Learning Outcome 1,"Skillone,skilltwo","tagone,tagtwo",1
CBSE,Class 3,Mathematics,Progress in Mathematics,Chapter 4 Multiplication,,,Multiple Choice Question (QPG) Test Paper,16 × 400 is equal to :,N/A,6000,4000,6400,6040,,Other,Hard,Test Learning Outcome 1,"Skillone,skilltwo","tagone,tagtwo",1
CBSE,Class 3,Mathematics,Progress in Mathematics,Chapter 4 Multiplication,,,Multiple Choice Question (QPG) Test Paper,42 × 200 is equal to :,N/A,4200,4800,8400,8040,,Other,Hard,Test Learning Outcome 1,"Skillone,skilltwo","tagone,tagtwo",1
CBSE,Class 3,Mathematics,Progress in Mathematics,Chapter 4 Multiplication,,,Multiple Choice Question (QPG) Test Paper,7 × 300 is equal to :,N/A,,,,,,Other,Hard,Test Learning Outcome 1,"Skillone,skilltwo","tagone,tagtwo",1
CBSE,Class 3,Mathematics,Progress in Mathematics,Chapter 4 Multiplication,,,Multiple Choice Question (QPG) Test Paper,7 × 400 is equal to :,N/A,8200,7000,2800,7400,,Other,Hard,Test Learning Outcome 1,"Skillone,skilltwo","tagone,tagtwo",1
CBSE,Class 3,Mathematics,Progress in Mathematics,Chapter 4 Multiplication,,,Multiple Choice Question (QPG) Test Paper,8 × 1 is equal to :,N/A,8,16,28,24,,Other,Hard,Test Learning Outcome 1,"Skillone,skilltwo","tagone,tagtwo",1
CBSE,Class 3,Mathematics,Progress in Mathematics,Chapter 4 Multiplication,,,Multiple Choice Question (QPG) Test Paper,8 × 5 × 100 is equal to :,N/A,4000,400,1300,4030,,Other,Hard,Test Learning Outcome 1,"Skillone,skilltwo","tagone,tagtwo",1
CBSE,Class 3,Mathematics,Progress in Mathematics,Chapter 4 Multiplication,,,Multiple Choice Question (QPG) Test Paper,8 × 6 is equal to :,N/A,6,8,48,42,,Other,Hard,Test Learning Outcome 1,"Skillone,skilltwo","tagone,tagtwo",1
CBSE,Class 3,Mathematics,Progress in Mathematics,Chapter 4 Multiplication,,,Multiple Choice Question (QPG) Test Paper,84 × 100 is equal to :,N/A,840,8400,80 4,8004,,Other,Hard,Test Learning Outcome 1,"Skillone,skilltwo","tagone,tagtwo",1
CBSE,Class 3,Mathematics,Progress in Mathematics,Chapter 4 Multiplication,,,Multiple Choice Question (QPG) Test Paper,A plate has 6 biscuits. How many biscuits will 10 such plates have?,N/A,10,50,45,60,,Other,Hard,Test Learning Outcome 1,"Skillone,skilltwo","tagone,tagtwo",1
CBSE,Class 3,Mathematics,Progress in Mathematics,Chapter 4 Multiplication,,,Multiple Choice Question (QPG) Test Paper,Multiplication is repeated :,N/A,Addition,Subtraction,Division,None of these,,Other,Hard,Test Learning Outcome 1,"Skillone,skilltwo","tagone,tagtwo",1
CBSE,Class 3,Mathematics,Progress in Mathematics,Chapter 5 Division,,,Fill in the blank (QPG),"Divide 15 leaves
in 5 equal groups
_____ ÷ _____ = _____",N/A,,,,,,Other,Hard,Test Learning Outcome 1,"Skillone,skilltwo","tagone,tagtwo",1
CBSE,Class 3,Mathematics,Progress in Mathematics,Chapter 5 Division,,,Fill in the blank (QPG),"Divide 18 stars in 3 equal groups
_____ ÷ _____ = _____",N/A,,,,,,Other,Hard,Test Learning Outcome 1,"Skillone,skilltwo","tagone,tagtwo",1
CBSE,Class 3,Mathematics,Progress in Mathematics,Chapter 5 Division,,,Fill in the blank (QPG),"Divide 20 marbles in 4 equal groups.
_____ ÷ _____ = _____",N/A,,,,,,Other,Hard,Test Learning Outcome 1,"Skillone,skilltwo","tagone,tagtwo",1
CBSE,Class 3,Mathematics,Progress in Mathematics,Chapter 5 Division,,,Fill in the blank (QPG),"Divide 21 stamps in 7 equal groups.
_____ ÷ _____ = _____",N/A,,,,,,Other,Hard,Test Learning Outcome 1,"Skillone,skilltwo","tagone,tagtwo",1
CBSE,Class 3,Mathematics,Progress in Mathematics,Chapter 5 Division,,,Fill in the blank (QPG),"Divide 24 bananas in 6 equal
groups
_____ ÷ _____ = _____",N/A,,,,,,Other,Hard,Test Learning Outcome 1,"Skillone,skilltwo","tagone,tagtwo",1
CBSE,Class 3,Mathematics,Progress in Mathematics,Chapter 5 Division,,,Fill in the blank (QPG),"Divide 35 toffees in 5 equal groups
_____ ÷ _____ = _____",N/A,,,,,,Other,Hard,Test Learning Outcome 1,"Skillone,skilltwo","tagone,tagtwo",1
CBSE,Class 3,Mathematics,Progress in Mathematics,Chapter 5 Division,,,Multiple Choice Question (QPG) Test Paper,800 ÷ 80 is equal to :,N/A,6,60,10,8,,Other,Hard,Test Learning Outcome 1,"Skillone,skilltwo","tagone,tagtwo",1
CBSE,Class 3,Mathematics,Progress in Mathematics,Chapter 5 Division,,,Multiple Choice Question (QPG) Test Paper,135 ÷ 135 is equal to :,N/A,0,1,2,135,,Other,Hard,Test Learning Outcome 1,"Skillone,skilltwo","tagone,tagtwo",1
CBSE,Class 3,Mathematics,Progress in Mathematics,Chapter 5 Division,,,Multiple Choice Question (QPG) Test Paper,224 ÷ 4 is equal to :,N/A,56,26,25,54,,Other,Hard,Test Learning Outcome 1,"Skillone,skilltwo","tagone,tagtwo",1
CBSE,Class 3,Mathematics,Progress in Mathematics,Chapter 5 Division,,,Multiple Choice Question (QPG) Test Paper,420 ÷ 6 is equal to :,N/A,50,60,70,80,,Other,Hard,Test Learning Outcome 1,"Skillone,skilltwo","tagone,tagtwo",1
CBSE,Class 3,Mathematics,Progress in Mathematics,Chapter 5 Division,,,Multiple Choice Question (QPG) Test Paper,511 ÷ 7 gives quotient as :,N/A,37,73,57,75,,Other,Hard,Test Learning Outcome 1,"Skillone,skilltwo","tagone,tagtwo",1
CBSE,Class 3,Mathematics,Progress in Mathematics,Chapter 5 Division,,,Multiple Choice Question (QPG) Test Paper,560 ÷ 7 is equal to :,N/A,8,80,800,180,,Other,Hard,Test Learning Outcome 1,"Skillone,skilltwo","tagone,tagtwo",1
CBSE,Class 3,Mathematics,Progress in Mathematics,Chapter 5 Division,,,Multiple Choice Question (QPG) Test Paper,"If 94 is divided by 4, the remainder is :",N/A,0,2,4,6,,Other,Hard,Test Learning Outcome 1,"Skillone,skilltwo","tagone,tagtwo",1
CBSE,Class 3,Mathematics,Progress in Mathematics,Chapter 5 Division,,,Multiple Choice Question (QPG) Test Paper,"In 24 ÷ 4 = 6, the dividend is :",N/A,24,4,6,0,,Other,Hard,Test Learning Outcome 1,"Skillone,skilltwo","tagone,tagtwo",1
CBSE,Class 3,Mathematics,Progress in Mathematics,Chapter 5 Division,,,Multiple Choice Question (QPG) Test Paper,"Out of the following divisions, one has a different quotient. Which is it?",N/A,12 ÷ 4,24 ÷ 8,36 ÷ 9,15 ÷5,,Other,Hard,Test Learning Outcome 1,"Skillone,skilltwo","tagone,tagtwo",1
CBSE,Class 3,Mathematics,Progress in Mathematics,Chapter 5 Division,,,Multiple Choice Question (QPG) Test Paper,"When the largest 3-digit number is divided by 3, we get :",N/A,33,303,333,111,,Other,Hard,Test Learning Outcome 1,"Skillone,skilltwo","tagone,tagtwo",1
CBSE,Class 3,Mathematics,Progress in Mathematics,Chapter 5 Division,,,Short Answer Questions (QPG),How many 6s are there in 18?,N/A,,,,,,Other,Hard,Test Learning Outcome 1,"Skillone,skilltwo","tagone,tagtwo",1
CBSE,Class 3,Mathematics,Progress in Mathematics,Chapter 5 Division,,,Short Answer Questions (QPG),How many times you can subtract 9 from 45?,N/A,,,,,,Other,Hard,Test Learning Outcome 1,"Skillone,skilltwo","tagone,tagtwo",1
CBSE,Class 3,Mathematics,Progress in Mathematics,Chapter 5 Division,,,Short Answer Questions (QPG),How many times you can take away 6 from 48?,N/A,,,,,,Other,Hard,Test Learning Outcome 1,"Skillone,skilltwo","tagone,tagtwo",1
CBSE,Class 3,Mathematics,Progress in Mathematics,Chapter 6 Fractions,,,Multiple Choice Question (QPG) Test Paper,,N/A,,,,,,Other,Hard,Test Learning Outcome 1,"Skillone,skilltwo","tagone,tagtwo",1
CBSE,Class 3,Mathematics,Progress in Mathematics,Chapter 6 Fractions,,,Multiple Choice Question (QPG) Test Paper,Numerator of the fraction 8-21is :,N/A,6,8,21,25,,Other,Hard,Test Learning Outcome 1,"Skillone,skilltwo","tagone,tagtwo",1
CBSE,Class 3,Mathematics,Progress in Mathematics,Chapter 6 Fractions,,,Multiple Choice Question (QPG) Test Paper,Any number divided by 1 gives the quotient,N/A,number itself,0,1,100,,Other,Hard,Test Learning Outcome 1,"Skillone,skilltwo","tagone,tagtwo",1
CBSE,Class 3,Mathematics,Progress in Mathematics,Chapter 6 Fractions,,,Multiple Choice Question (QPG) Test Paper,Any number subtracted from itself gives the difference as,N/A,0,number itself,1,subtrahend,,Other,Hard,Test Learning Outcome 1,"Skillone,skilltwo","tagone,tagtwo",1
CBSE,Class 3,Mathematics,Progress in Mathematics,Chapter 6 Fractions,,,Multiple Choice Question (QPG) Test Paper,One-seventh of a collection of 28 kites is :,N/A,4 kites,6 kites,7 kites,8 kites,,Other,Hard,Test Learning Outcome 1,"Skillone,skilltwo","tagone,tagtwo",1
CBSE,Class 3,Mathematics,Progress in Mathematics,Chapter 6 Fractions,,,Multiple Choice Question (QPG) Test Paper,One-sixth of a collection of 18 mangoes is :,N/A,3 mangoes,6 mangoes,9 mangoes,12 mangoes,,Other,Hard,Test Learning Outcome 1,"Skillone,skilltwo","tagone,tagtwo",1
CBSE,Class 3,Mathematics,Progress in Mathematics,Chapter 6 Fractions,,,Multiple Choice Question (QPG) Test Paper,One-third of a collection of 9 balls is :,N/A,2 balls,3 balls,4 balls,5 balls,,Other,Hard,Test Learning Outcome 1,"Skillone,skilltwo","tagone,tagtwo",1
CBSE,Class 3,Mathematics,Progress in Mathematics,Chapter 6 Fractions,,,Multiple Choice Question (QPG) Test Paper,The numbers being added are called,N/A,sum,addends,minuend,product,,Other,Hard,Test Learning Outcome 1,"Skillone,skilltwo","tagone,tagtwo",1
CBSE,Class 3,Mathematics,Progress in Mathematics,Chapter 6 Fractions,,,Multiple Choice Question (QPG) Test Paper,The place value of 6 in 5649 is,N/A,60,6000,600,6,,Other,Hard,Test Learning Outcome 1,"Skillone,skilltwo","tagone,tagtwo",1
CBSE,Class 3,Mathematics,Progress in Mathematics,Chapter 6 Fractions,,,Multiple Choice Question (QPG) Test Paper,The product of any number and 0 is,N/A,the number itself,1,0,10,,Other,Hard,Test Learning Outcome 1,"Skillone,skilltwo","tagone,tagtwo",1
CBSE,Class 3,Mathematics,Progress in Mathematics,Chapter 7 Geometrical Shapes,,,Fill in the blank (QPG),6. The opposite sides of a _______________are equal.,N/A,,,,,,Other,Hard,Test Learning Outcome 1,"Skillone,skilltwo","tagone,tagtwo",1
CBSE,Class 3,Mathematics,Progress in Mathematics,Chapter 7 Geometrical Shapes,,,Fill in the blank (QPG),A circle has _____________ sides.,N/A,,,,,,Other,Hard,Test Learning Outcome 1,"Skillone,skilltwo","tagone,tagtwo",1
CBSE,Class 3,Mathematics,Progress in Mathematics,Chapter 7 Geometrical Shapes,,,Fill in the blank (QPG),A rectangle has __________ sides.,N/A,,,,,,Other,Hard,Test Learning Outcome 1,"Skillone,skilltwo","tagone,tagtwo",1
CBSE,Class 3,Mathematics,Progress in Mathematics,Chapter 7 Geometrical Shapes,,,Fill in the blank (QPG),A shape that has four equal sides is a ______________.,N/A,,,,,,Other,Hard,Test Learning Outcome 1,"Skillone,skilltwo","tagone,tagtwo",1
CBSE,Class 3,Mathematics,Progress in Mathematics,Chapter 7 Geometrical Shapes,,,Fill in the blank (QPG),A shape that has no corners is a ________________.,N/A,,,,,,Other,Hard,Test Learning Outcome 1,"Skillone,skilltwo","tagone,tagtwo",1
CBSE,Class 3,Mathematics,Progress in Mathematics,Chapter 7 Geometrical Shapes,,,Fill in the blank (QPG),A shape that has three sides is a ______________.,N/A,,,,,,Other,Hard,Test Learning Outcome 1,"Skillone,skilltwo","tagone,tagtwo",1
CBSE,Class 3,Mathematics,Progress in Mathematics,Chapter 7 Geometrical Shapes,,,Multiple Choice Question (QPG) Test Paper,A cylinder has __________ faces.,N/A,2,3,4,None of these,,Other,Hard,Test Learning Outcome 1,"Skillone,skilltwo","tagone,tagtwo",1
CBSE,Class 3,Mathematics,Progress in Mathematics,Chapter 7 Geometrical Shapes,,,Multiple Choice Question (QPG) Test Paper,A globe has ___________ surface.,N/A,Curved,Plane,No,None of these,,Other,Hard,Test Learning Outcome 1,"Skillone,skilltwo","tagone,tagtwo",1
CBSE,Class 3,Mathematics,Progress in Mathematics,Chapter 7 Geometrical Shapes,,,Multiple Choice Question (QPG) Test Paper,A triangle has _________ sides.,N/A,3,4,5,None of these,,Other,Hard,Test Learning Outcome 1,"Skillone,skilltwo","tagone,tagtwo",1
CBSE,Class 3,Mathematics,Progress in Mathematics,Chapter 7 Geometrical Shapes,,,Multiple Choice Question (QPG) Test Paper,All the sides of a square are,N/A,Equal,Unequal,Curved,None of these,,Other,Hard,Test Learning Outcome 1,"Skillone,skilltwo","tagone,tagtwo",1
CBSE,Class 3,Mathematics,Progress in Mathematics,Chapter 7 Geometrical Shapes,,,Multiple Choice Question (QPG) Test Paper,Opposite sides of a rectangle are :,N/A,Equal,Unequal,Curved,None of these,,Other,Hard,Test Learning Outcome 1,"Skillone,skilltwo","tagone,tagtwo",1
CBSE,Class 3,Mathematics,Progress in Mathematics,Chapter 7 Geometrical Shapes,,,True or False (QPG),A line segment has a beginning but no end. __________,N/A,,,,,,Other,Hard,Test Learning Outcome 1,"Skillone,skilltwo","tagone,tagtwo",1
CBSE,Class 3,Mathematics,Progress in Mathematics,Chapter 7 Geometrical Shapes,,,True or False (QPG),A cylinder has no vertex. _______________,N/A,,,,,,Other,Hard,Test Learning Outcome 1,"Skillone,skilltwo","tagone,tagtwo",1
CBSE,Class 3,Mathematics,Progress in Mathematics,Chapter 7 Geometrical Shapes,,,True or False (QPG),A point shows a definite position. __________,N/A,,,,,,Other,Hard,Test Learning Outcome 1,"Skillone,skilltwo","tagone,tagtwo",1
CBSE,Class 3,Mathematics,Progress in Mathematics,Chapter 7 Geometrical Shapes,,,True or False (QPG),A sphere has a plane surface. _______________,N/A,,,,,,Other,Hard,Test Learning Outcome 1,"Skillone,skilltwo","tagone,tagtwo",1
CBSE,Class 3,Mathematics,Progress in Mathematics,Chapter 7 Geometrical Shapes,,,True or False (QPG),All the faces of the cuboid are of same size. _______________,N/A,,,,,,Other,Hard,Test Learning Outcome 1,"Skillone,skilltwo","tagone,tagtwo",1
CBSE,Class 3,Mathematics,Progress in Mathematics,Chapter 7 Geometrical Shapes,,,True or False (QPG),Opposite faces of a cube are equal. _______________,N/A,,,,,,Other,Hard,Test Learning Outcome 1,"Skillone,skilltwo","tagone,tagtwo",1
CBSE,Class 3,Mathematics,Progress in Mathematics,Chapter 7 Geometrical Shapes,,,True or False (QPG),The faces of a cube are curved. _______________,N/A,,,,,,Other,Hard,Test Learning Outcome 1,"Skillone,skilltwo","tagone,tagtwo",1
CBSE,Class 3,Mathematics,Progress in Mathematics,Chapter 7 Geometrical Shapes,,,True or False (QPG),We can draw a line segment. __________,N/A,,,,,,Other,Hard,Test Learning Outcome 1,"Skillone,skilltwo","tagone,tagtwo",1
CBSE,Class 3,Mathematics,Progress in Mathematics,Chapter 7 Geometrical Shapes,,,True or False (QPG),We can measure the length of a line segment. __________,N/A,,,,,,Other,Hard,Test Learning Outcome 1,"Skillone,skilltwo","tagone,tagtwo",1
CBSE,Class 3,Mathematics,Progress in Mathematics,Chapter 7 Geometrical Shapes,,,True or False (QPG),We can measure the length of a line. __________,N/A,,,,,,Other,Hard,Test Learning Outcome 1,"Skillone,skilltwo","tagone,tagtwo",1
CBSE,Class 3,Mathematics,Progress in Mathematics,Chapter 9 Measurement,,,Multiple Choice Question (QPG) Test Paper,The capacity of a cup is approximately :,N/A,500 ml,750 ml,125 ml,1 l,,Other,Hard,Test Learning Outcome 1,"Skillone,skilltwo","tagone,tagtwo",1
CBSE,Class 3,Mathematics,Progress in Mathematics,Chapter 9 Measurement,,,Multiple Choice Question (QPG) Test Paper,The capacity of a glass is approximately :,N/A,400 l,250 ml,4 l,1 l,,Other,Hard,Test Learning Outcome 1,"Skillone,skilltwo","tagone,tagtwo",1
CBSE,Class 3,Mathematics,Progress in Mathematics,Chapter 9 Measurement,,,Multiple Choice Question (QPG) Test Paper,The capacity of a shampoo pouch is approximately :,N/A,1 l,200 ml,20 ml,20 l,,Other,Hard,Test Learning Outcome 1,"Skillone,skilltwo","tagone,tagtwo",1
CBSE,Class 3,Mathematics,Progress in Mathematics,Chapter 9 Measurement,,,Multiple Choice Question (QPG) Test Paper,The length of a new pencil is approximately :,N/A,15 km,15 m,1 cm,15 mm,,Other,Hard,Test Learning Outcome 1,"Skillone,skilltwo","tagone,tagtwo",1
CBSE,Class 3,Mathematics,Progress in Mathematics,Chapter 9 Measurement,,,Multiple Choice Question (QPG) Test Paper,Weight of ` 1 coin is approximately :,N/A,3 g,3 kg,1 kg,10 g,,Other,Hard,Test Learning Outcome 1,"Skillone,skilltwo","tagone,tagtwo",1
CBSE,Class 3,Mathematics,Progress in Mathematics,Chapter 9 Measurement,,,Multiple Choice Question (QPG) Test Paper,Weight of a garland of fresh flowers is approximately :,N/A,150 g,150 kg,15 kg,1 kg,,Other,Hard,Test Learning Outcome 1,"Skillone,skilltwo","tagone,tagtwo",1
CBSE,Class 3,Mathematics,Progress in Mathematics,Chapter 9 Measurement,,,Short Answer Questions (QPG),"A vegetable seller bought 150 kg of potatoes and 136 kg of onions. Find
the total weight of the vegetables bought.",N/A,,,,,,Other,Hard,Test Learning Outcome 1,"Skillone,skilltwo","tagone,tagtwo",1
CBSE,Class 3,Mathematics,Progress in Mathematics,Chapter 9 Measurement,,,Short Answer Questions (QPG),"Anushka bought 35 kg of rice and 26 kg of wheat. How much cereal did
she buy in all?",N/A,,,,,,Other,Hard,Test Learning Outcome 1,"Skillone,skilltwo","tagone,tagtwo",1
CBSE,Class 3,Mathematics,Progress in Mathematics,Chapter 9 Measurement,,,Short Answer Questions (QPG),"Weight of Deepak is 52 kg and weight of Sakshi is 37 kg. Who is heavier
and by how much?",N/A,,,,,,Other,Hard,Test Learning Outcome 1,"Skillone,skilltwo","tagone,tagtwo",1
CBSE,Class 3,Mathematics,Progress in Mathematics,Chapter 9 Measurement,,,Short Answer Questions (QPG),What should be added to 7 kilograms to make it 22 kilograms?,N/A,,,,,,Other,Hard,Test Learning Outcome 1,"Skillone,skilltwo","tagone,tagtwo",1
CBSE,Class 3,Mathematics,Progress in Mathematics,Chapter 9 Measurement,,,True or False (QPG),1 kilometre = 1000 m _________,N/A,,,,,,Other,Hard,Test Learning Outcome 1,"Skillone,skilltwo","tagone,tagtwo",1
CBSE,Class 3,Mathematics,Progress in Mathematics,Chapter 9 Measurement,,,True or False (QPG),4 kg = 400 g _________,N/A,,,,,,Other,Hard,Test Learning Outcome 1,"Skillone,skilltwo","tagone,tagtwo",1
CBSE,Class 3,Mathematics,Progress in Mathematics,Chapter 9 Measurement,,,True or False (QPG),Centimetre is the unit of capacity. _________,N/A,,,,,,Other,Hard,Test Learning Outcome 1,"Skillone,skilltwo","tagone,tagtwo",1
CBSE,Class 3,Mathematics,Progress in Mathematics,Chapter 9 Measurement,,,True or False (QPG),Gram is a unit for measuring weight. _________,N/A,,,,,,Other,Hard,Test Learning Outcome 1,"Skillone,skilltwo","tagone,tagtwo",1
CBSE,Class 3,Mathematics,Progress in Mathematics,Chapter 9 Measurement,,,True or False (QPG),Millilitre is the standard unit for measuring capacity. _________,N/A,,,,,,Other,Hard,Test Learning Outcome 1,"Skillone,skilltwo","tagone,tagtwo",1
CBSE,Class 4,Mathematics,Progress in Mathematics,Chapter 1 Large Number,,,Fill in the blank (QPG),"Fill in the symbols <, > or = :
1. 7,87,326 _________ 7,87,346 
2. 3,49,568 _________ 3,50,678
3. 95,163 _________ 65,209 
4. 3,71,230 ________ 3,71,250
5. 9,99,999 _________ 9,99,999",N/A,,,,,,Other,Hard,Test Learning Outcome 1,"Skillone,skilltwo","tagone,tagtwo",1
CBSE,Class 4,Mathematics,Progress in Mathematics,Chapter 1 Large Number,,,Fill in the blank (QPG),"14,583 when rounded to nearest 1000 gives __________________.",N/A,,,,,,Other,Hard,Test Learning Outcome 1,"Skillone,skilltwo","tagone,tagtwo",1
CBSE,Class 4,Mathematics,Progress in Mathematics,Chapter 1 Large Number,,,Fill in the blank (QPG),"The place value of 8 in 6,85,196 is _____________________.",N/A,,,,,,Other,Hard,Test Learning Outcome 1,"Skillone,skilltwo","tagone,tagtwo",1
CBSE,Class 4,Mathematics,Progress in Mathematics,Chapter 1 Large Number,,,Fill in the blank (QPG),The predecessor of the smallest 6-digit number is ____________________.,N/A,,,,,,Other,Hard,Test Learning Outcome 1,"Skillone,skilltwo","tagone,tagtwo",1
CBSE,Class 4,Mathematics,Progress in Mathematics,Chapter 1 Large Number,,,Fill in the blank (QPG),Which is smaller : XLII or LXII? ____________________.,N/A,,,,,,Other,Hard,Test Learning Outcome 1,"Skillone,skilltwo","tagone,tagtwo",1
CBSE,Class 4,Mathematics,Progress in Mathematics,Chapter 1 Large Number,,,Very Short Answer Questions (QPG),"Form the greatest and the smallest numbers using the following digits only once : 
1. 6, 5, 2, 9, 4 2. 4, 0, 1, 8, 3 3. 5, 7, 1, 2, 6 4. 1, 8, 0, 3, 9",N/A,,,,,,Other,Hard,Test Learning Outcome 1,"Skillone,skilltwo","tagone,tagtwo",1
CBSE,Class 4,Mathematics,Progress in Mathematics,Chapter 1 Large Number,,,Very Short Answer Questions (QPG),"Underline the greatest number and circle the smallest :
1. 5,31,245, 5,31,254, 31,225, 31,542, 5,31,425
2. 7,51,160, 61,057, 65,101, 8,51,602, 65,006
3. 35,416, 6,51,364, 46,253, 6,63,345, 65,943
4. 89,142, 92,842, 7,28,249, 48,329, 7,24,389",N/A,,,,,,Other,Hard,Test Learning Outcome 1,"Skillone,skilltwo","tagone,tagtwo",1
CBSE,Class 4,Mathematics,Progress in Mathematics,Chapter 1 Large Number,,,Multiple Choice Question (QPG) Test Paper,"________ is the successor of 69,999.",N/A,69998,7000,70000,"7,00,000",,Other,Hard,Test Learning Outcome 1,"Skillone,skilltwo","tagone,tagtwo",1
CBSE,Class 4,Mathematics,Progress in Mathematics,Chapter 1 Large Number,,,Multiple Choice Question (QPG) Test Paper,"3,85,245 when rounded to the nearest hundred will give :",N/A,"3,85,240","3,85,200","3,85,000","3,80,000",,Other,Hard,Test Learning Outcome 1,"Skillone,skilltwo","tagone,tagtwo",1
CBSE,Class 4,Mathematics,Progress in Mathematics,Chapter 1 Large Number,,,Multiple Choice Question (QPG) Test Paper,"40,000 + 400 + 4 is equal to :",N/A,444,40404,44400,40440,,Other,Hard,Test Learning Outcome 1,"Skillone,skilltwo","tagone,tagtwo",1
CBSE,Class 4,Mathematics,Progress in Mathematics,Chapter 1 Large Number,,,Multiple Choice Question (QPG) Test Paper,"Four thousand, one hundred fifty six is :",N/A,4156,40156,41506,41560,,Other,Hard,Test Learning Outcome 1,"Skillone,skilltwo","tagone,tagtwo",1
CBSE,Class 4,Mathematics,Progress in Mathematics,Chapter 1 Large Number,,,Multiple Choice Question (QPG) Test Paper,"Greatest 6-digit number formed using the digits 3, 2, 5, 1, 7, 8 only once is :",N/A,"3,25,178","1,78,352","1,23,578","8,75,321",,Other,Hard,Test Learning Outcome 1,"Skillone,skilltwo","tagone,tagtwo",1
CBSE,Class 4,Mathematics,Progress in Mathematics,Chapter 1 Large Number,,,Multiple Choice Question (QPG) Test Paper,LV is :,N/A,45,55,65,75,,Other,Hard,Test Learning Outcome 1,"Skillone,skilltwo","tagone,tagtwo",1
CBSE,Class 4,Mathematics,Progress in Mathematics,Chapter 1 Large Number,,,Multiple Choice Question (QPG) Test Paper,The greatest 1-digit number is :,N/A,1,5,9,0,,Other,Hard,Test Learning Outcome 1,"Skillone,skilltwo","tagone,tagtwo",1
CBSE,Class 4,Mathematics,Progress in Mathematics,Chapter 1 Large Number,,,Multiple Choice Question (QPG) Test Paper,"The greatest number among 89,750, 36,500; 1,40,519, 2,74,146 is :",N/A,"2,74,146",89750,36500,"1,40,519",,Other,Hard,Test Learning Outcome 1,"Skillone,skilltwo","tagone,tagtwo",1
CBSE,Class 4,Mathematics,Progress in Mathematics,Chapter 1 Large Number,,,Multiple Choice Question (QPG) Test Paper,The largest 5-digit number is :,N/A,10000,12345,99990,99999,,Other,Hard,Test Learning Outcome 1,"Skillone,skilltwo","tagone,tagtwo",1
CBSE,Class 4,Mathematics,Progress in Mathematics,Chapter 1 Large Number,,,Multiple Choice Question (QPG) Test Paper,"The place value of 0 in 7,50,459 is :",N/A,one thousand,one hundred,0,ten thousands,,Other,Hard,Test Learning Outcome 1,"Skillone,skilltwo","tagone,tagtwo",1
CBSE,Class 4,Mathematics,Progress in Mathematics,Chapter 1 Large Number,,,Multiple Choice Question (QPG) Test Paper,"The place value of 7 in 8,76,594 is :",N/A,700,7000,70000,7 lakh,,Other,Hard,Test Learning Outcome 1,"Skillone,skilltwo","tagone,tagtwo",1
CBSE,Class 4,Mathematics,Progress in Mathematics,Chapter 1 Large Number,,,Multiple Choice Question (QPG) Test Paper,"The predecessor of 1,00,050 is :",N/A,"1,00,051",10049,"1,00,049",10051,,Other,Hard,Test Learning Outcome 1,"Skillone,skilltwo","tagone,tagtwo",1
CBSE,Class 4,Mathematics,Progress in Mathematics,Chapter 1 Large Number,,,Multiple Choice Question (QPG) Test Paper,The Roman numeral for 28 is :,N/A,XXIIX,XXVVII,XXVIII,XVIIIX,,Other,Hard,Test Learning Outcome 1,"Skillone,skilltwo","tagone,tagtwo",1
CBSE,Class 4,Mathematics,Progress in Mathematics,Chapter 1 Large Number,,,Multiple Choice Question (QPG) Test Paper,"The smallest number among 4,31,946; 76,207; 54,019; 4,13,946 is :",N/A,"4,31,946",76207,54019,"4,13,946",,Other,Hard,Test Learning Outcome 1,"Skillone,skilltwo","tagone,tagtwo",1
CBSE,Class 4,Mathematics,Progress in Mathematics,Chapter 1 Large Number,,,Multiple Choice Question (QPG) Test Paper,"Thirty eight thousand, sixty five is :",N/A,3865,38065,30865,38605,,Other,Hard,Test Learning Outcome 1,"Skillone,skilltwo","tagone,tagtwo",1
CBSE,Class 4,Mathematics,Progress in Mathematics,Chapter 1 Large Number,,,Multiple Choice Question (QPG) Test Paper,XCV is :,N/A,65,75,95,85,,Other,Hard,Test Learning Outcome 1,"Skillone,skilltwo","tagone,tagtwo",1
CBSE,Class 4,Mathematics,Progress in Mathematics,Chapter 1 Large Number,,,Multiple Choice Question (QPG) Test Paper,XCVI is :,N/A,76,86,96,106,,Other,Hard,Test Learning Outcome 1,"Skillone,skilltwo","tagone,tagtwo",1
CBSE,Class 4,Mathematics,Progress in Mathematics,Chapter 1 Large Number,,,Multiple Choice Question (QPG) Test Paper,XII + VII + V is equal to :,N/A,15,24,35,45,,Other,Hard,Test Learning Outcome 1,"Skillone,skilltwo","tagone,tagtwo",1
CBSE,Class 4,Mathematics,Progress in Mathematics,Chapter 1 Large Number,,,Multiple Choice Question (QPG) Test Paper,XVII is :,N/A,10,11,15,17,,Other,Hard,Test Learning Outcome 1,"Skillone,skilltwo","tagone,tagtwo",1
CBSE,Class 4,Mathematics,Progress in Mathematics,Chapter 1 Large Number,,,Short Answer Questions (QPG),"Write all the numbers between the following numbers :
1. 21,758 and 21,798 2. 98,560 and 98,580 3. 29,056 and 29,065",N/A,,,,,,Other,Hard,Test Learning Outcome 1,"Skillone,skilltwo","tagone,tagtwo",1
CBSE,Class 4,Mathematics,Progress in Mathematics,Chapter 1 Large Number,,,Short Answer Questions (QPG),"Write the following numbers in expanded form :
1. 15,942 2. 3,35,342 3. 4,75,934 4. 7,42,705 5. 8,49,730",N/A,,,,,,Other,Hard,Test Learning Outcome 1,"Skillone,skilltwo","tagone,tagtwo",1
CBSE,Class 4,Mathematics,Progress in Mathematics,Chapter 1 Large Number,,,Short Answer Questions (QPG),"Write the following numbers in the standard form :
1. 50,000 + 6,000 + 300 + 20 + 1 
2. 10000 + 200 + 5
3. 70,000 + 7,000 + 40 + 8 
4. 50000 + 700 + 80 + 6
5. 5,00,000 + 60,000 + 5,000 + 400 + 30 + 9",N/A,,,,,,Other,Hard,Test Learning Outcome 1,"Skillone,skilltwo","tagone,tagtwo",1
CBSE,Class 4,Mathematics,Progress in Mathematics,Chapter 1 Large Number,,,Short Answer Questions (QPG),"Write the numbers for the following number names :1. Fifty five thousand, nine hundred sixteen
2. Eighty eight thousand, six hundred sixty
3. Twenty five thousand, nine hundred ninety nine
4. Eight lakh, ninety two thousand, two hundred thirty three
5. Five lakh, sixteen thousand, four hundred forty four
6. Six lakh, twenty one thousand, two hundred forty",N/A,,,,,,Other,Hard,Test Learning Outcome 1,"Skillone,skilltwo","tagone,tagtwo",1
CBSE,Class 4,Mathematics,Progress in Mathematics,Chapter 10 Perimeter and Area,,,Multiple Choice Question (QPG) Test Paper,Length and breadth of a rectangle are 23 m and 10 m. The perimeter of the,N/A,,,,,,Other,Hard,Test Learning Outcome 1,"Skillone,skilltwo","tagone,tagtwo",1
CBSE,Class 4,Mathematics,Progress in Mathematics,Chapter 10 Perimeter and Area,,,Multiple Choice Question (QPG) Test Paper,The perimeter of a rectangle whose length and breadth are 13 m and 9 m,N/A,,,,,,Other,Hard,Test Learning Outcome 1,"Skillone,skilltwo","tagone,tagtwo",1
CBSE,Class 4,Mathematics,Progress in Mathematics,Chapter 10 Perimeter and Area,,,Multiple Choice Question (QPG) Test Paper,"The side of a square field is 8 m. If a person walks around it only once, total",N/A,,,,,,Other,Hard,Test Learning Outcome 1,"Skillone,skilltwo","tagone,tagtwo",1
CBSE,Class 4,Mathematics,Progress in Mathematics,Chapter 10 Perimeter and Area,,,Multiple Choice Question (QPG) Test Paper,Area is measured in :,N/A,units of length,units of weight,sq units of length,sq units of capacity,,Other,Hard,Test Learning Outcome 1,"Skillone,skilltwo","tagone,tagtwo",1
CBSE,Class 4,Mathematics,Progress in Mathematics,Chapter 10 Perimeter and Area,,,Multiple Choice Question (QPG) Test Paper,Length of the boundary of a closed figure is its.,N/A,area,perimeter,circumference,length,,Other,Hard,Test Learning Outcome 1,"Skillone,skilltwo","tagone,tagtwo",1
CBSE,Class 4,Mathematics,Progress in Mathematics,Chapter 10 Perimeter and Area,,,Multiple Choice Question (QPG) Test Paper,Perimeter of a _______ = 4 × (side),N/A,Square,Triangle,Rectangle,Circle,,Other,Hard,Test Learning Outcome 1,"Skillone,skilltwo","tagone,tagtwo",1
CBSE,Class 4,Mathematics,Progress in Mathematics,Chapter 10 Perimeter and Area,,,Multiple Choice Question (QPG) Test Paper,Perimeter of a rectangle of dimensions 3 cm and 9 mm is :,N/A,24 cm,60 cm,27 cm,78 mm,,Other,Hard,Test Learning Outcome 1,"Skillone,skilltwo","tagone,tagtwo",1
CBSE,Class 4,Mathematics,Progress in Mathematics,Chapter 10 Perimeter and Area,,,Multiple Choice Question (QPG) Test Paper,Perimeter of a square of side 7 mm is :,N/A,49 mm,14 mm,28 mm,21 mm,,Other,Hard,Test Learning Outcome 1,"Skillone,skilltwo","tagone,tagtwo",1
CBSE,Class 4,Mathematics,Progress in Mathematics,Chapter 10 Perimeter and Area,,,Multiple Choice Question (QPG) Test Paper,"Perimeter of a triangular garden of sides 80 m, 100 m and 75 m is :",N/A,80 m,180 m,75 m,255 cm,,Other,Hard,Test Learning Outcome 1,"Skillone,skilltwo","tagone,tagtwo",1
CBSE,Class 4,Mathematics,Progress in Mathematics,Chapter 11 Time,,,Fill in the blank (QPG),_______________ comes between August and October.,N/A,,,,,,Other,Hard,Test Learning Outcome 1,"Skillone,skilltwo","tagone,tagtwo",1
CBSE,Class 4,Mathematics,Progress in Mathematics,Chapter 11 Time,,,Fill in the blank (QPG),_______________ months of a year have 31 days.,N/A,,,,,,Other,Hard,Test Learning Outcome 1,"Skillone,skilltwo","tagone,tagtwo",1
CBSE,Class 4,Mathematics,Progress in Mathematics,Chapter 11 Time,,,Fill in the blank (QPG),A normal year has _______________ days.,N/A,,,,,,Other,Hard,Test Learning Outcome 1,"Skillone,skilltwo","tagone,tagtwo",1
CBSE,Class 4,Mathematics,Progress in Mathematics,Chapter 11 Time,,,Fill in the blank (QPG),Shortest month of a year is _________________.,N/A,,,,,,Other,Hard,Test Learning Outcome 1,"Skillone,skilltwo","tagone,tagtwo",1
CBSE,Class 4,Mathematics,Progress in Mathematics,Chapter 11 Time,,,Multiple Choice Question (QPG) Test Paper,The bus left a city at 6:45 a.m. and reaches its destination at 1600 hours on the,N/A,,,,,,Other,Hard,Test Learning Outcome 1,"Skillone,skilltwo","tagone,tagtwo",1
CBSE,Class 4,Mathematics,Progress in Mathematics,Chapter 11 Time,,,Multiple Choice Question (QPG) Test Paper,0540 hours is same as :,N/A,5:45 a.m.,5:40 p.m.,5:45 p.m.,5:40 a.m.,,Other,Hard,Test Learning Outcome 1,"Skillone,skilltwo","tagone,tagtwo",1
CBSE,Class 4,Mathematics,Progress in Mathematics,Chapter 11 Time,,,Multiple Choice Question (QPG) Test Paper,240 seconds = ___________ minutes,N/A,1,3,2,4,,Other,Hard,Test Learning Outcome 1,"Skillone,skilltwo","tagone,tagtwo",1
CBSE,Class 4,Mathematics,Progress in Mathematics,Chapter 11 Time,,,Multiple Choice Question (QPG) Test Paper,4 hours 30 minutes = _________ minutes,N/A,250,260,270,280,,Other,Hard,Test Learning Outcome 1,"Skillone,skilltwo","tagone,tagtwo",1
CBSE,Class 4,Mathematics,Progress in Mathematics,Chapter 11 Time,,,Multiple Choice Question (QPG) Test Paper,47 days is equal to :,N/A,7 weeks,6 weeks 5 days,6 weeks 3 days,6 weeks 7 days,,Other,Hard,Test Learning Outcome 1,"Skillone,skilltwo","tagone,tagtwo",1
CBSE,Class 4,Mathematics,Progress in Mathematics,Chapter 11 Time,,,Multiple Choice Question (QPG) Test Paper,7 hours 45 minutes = ___________ minutes,N/A,460,470,465,475,,Other,Hard,Test Learning Outcome 1,"Skillone,skilltwo","tagone,tagtwo",1
CBSE,Class 4,Mathematics,Progress in Mathematics,Chapter 11 Time,,,Multiple Choice Question (QPG) Test Paper,8 weeks 6 days = ___________ days,N/A,60,62,61,63,,Other,Hard,Test Learning Outcome 1,"Skillone,skilltwo","tagone,tagtwo",1
CBSE,Class 4,Mathematics,Progress in Mathematics,Chapter 11 Time,,,Multiple Choice Question (QPG) Test Paper,8:45 p.m. is same as :,N/A,2015 hours,2025 hours,2035 hours,2045 hours,,Other,Hard,Test Learning Outcome 1,"Skillone,skilltwo","tagone,tagtwo",1
CBSE,Class 4,Mathematics,Progress in Mathematics,Chapter 11 Time,,,Multiple Choice Question (QPG) Test Paper,Half past 9 in the morning is written as :,N/A,9:15 a.m.,9:30 a.m.,9:30 p.m.,9:45 a.m.,,Other,Hard,Test Learning Outcome 1,"Skillone,skilltwo","tagone,tagtwo",1
CBSE,Class 4,Mathematics,Progress in Mathematics,Chapter 11 Time,,,Multiple Choice Question (QPG) Test Paper,How many minutes are there in twenty hours?,N/A,1000,1200,1100,1300,,Other,Hard,Test Learning Outcome 1,"Skillone,skilltwo","tagone,tagtwo",1
CBSE,Class 4,Mathematics,Progress in Mathematics,Chapter 11 Time,,,Multiple Choice Question (QPG) Test Paper,"In 12 hour clock, 0236 hours is read as :",N/A,2:36 a.m.,2:36 p.m.,20:36 a.m.,14:36 p.m.,,Other,Hard,Test Learning Outcome 1,"Skillone,skilltwo","tagone,tagtwo",1
CBSE,Class 4,Mathematics,Progress in Mathematics,Chapter 11 Time,,,Multiple Choice Question (QPG) Test Paper,"In 12 hour clock, 1345 hours is read as :",N/A,13:45 a.m.,1:45 a.m.,1:45 p.m.,13:45 p.m.,,Other,Hard,Test Learning Outcome 1,"Skillone,skilltwo","tagone,tagtwo",1
CBSE,Class 4,Mathematics,Progress in Mathematics,Chapter 11 Time,,,Multiple Choice Question (QPG) Test Paper,"In 12 hour clock, 1920 hours is read as :",N/A,19:20 p.m.,19:20 a.m.,7:20 a.m.,7:20 p.m.,,Other,Hard,Test Learning Outcome 1,"Skillone,skilltwo","tagone,tagtwo",1
CBSE,Class 4,Mathematics,Progress in Mathematics,Chapter 11 Time,,,Multiple Choice Question (QPG) Test Paper,"In 24 hour clock, 10:40 a.m. is read as :",N/A,1040 hours,2240 hours,1040 p.m.,1040 a.m.,,Other,Hard,Test Learning Outcome 1,"Skillone,skilltwo","tagone,tagtwo",1
CBSE,Class 4,Mathematics,Progress in Mathematics,Chapter 11 Time,,,Multiple Choice Question (QPG) Test Paper,"In 24 hour clock, 11:40 p.m. is read as :",N/A,1140 hours,1:40 hours,2340 hours,23:40 p.m.,,Other,Hard,Test Learning Outcome 1,"Skillone,skilltwo","tagone,tagtwo",1
CBSE,Class 4,Mathematics,Progress in Mathematics,Chapter 11 Time,,,Multiple Choice Question (QPG) Test Paper,Quarter of an hour = _________ minutes.,N/A,10,15,20,25,,Other,Hard,Test Learning Outcome 1,"Skillone,skilltwo","tagone,tagtwo",1
CBSE,Class 4,Mathematics,Progress in Mathematics,Chapter 11 Time,,,Multiple Choice Question (QPG) Test Paper,The time 2 hours before 1:30 a.m. is :,N/A,11:30 a.m.,11:30 p.m.,11:00 p.m.,3:30 a.m.,,Other,Hard,Test Learning Outcome 1,"Skillone,skilltwo","tagone,tagtwo",1
CBSE,Class 4,Mathematics,Progress in Mathematics,Chapter 11 Time,,,Multiple Choice Question (QPG) Test Paper,The time 7:05 in the evening is :,N/A,7:05 a.m.,7:05 p.m.,5:07 a.m.,5:07 p.m.,,Other,Hard,Test Learning Outcome 1,"Skillone,skilltwo","tagone,tagtwo",1
CBSE,Class 4,Mathematics,Progress in Mathematics,Chapter 11 Time,,,Multiple Choice Question (QPG) Test Paper,The time shown on the clock is :,N/A,0.388888889,0.157638889,0.199305556,0.240972222,,Other,Hard,Test Learning Outcome 1,"Skillone,skilltwo","tagone,tagtwo",1
CBSE,Class 4,Mathematics,Progress in Mathematics,Chapter 11 Time,,,Multiple Choice Question (QPG) Test Paper,Which of the following time shows that it is evening time?,N/A,4:00 a.m.,11:45 a.m.,6:15 p.m.,10:20 a.m.,,Other,Hard,Test Learning Outcome 1,"Skillone,skilltwo","tagone,tagtwo",1
CBSE,Class 4,Mathematics,Progress in Mathematics,Chapter 11 Time,,,Multiple Choice Question (QPG) Test Paper,Which of the following years had 366 days?,N/A,1999,2000,2001,2002,,Other,Hard,Test Learning Outcome 1,"Skillone,skilltwo","tagone,tagtwo",1
CBSE,Class 4,Mathematics,Progress in Mathematics,Chapter 11 Time,,,Short Answer Questions (QPG),How many days are there in a leap year? _______________________,N/A,,,,,,Other,Hard,Test Learning Outcome 1,"Skillone,skilltwo","tagone,tagtwo",1
CBSE,Class 4,Mathematics,Progress in Mathematics,Chapter 11 Time,,,Short Answer Questions (QPG),How many minutes are there in 2 hours? _______________________,N/A,,,,,,Other,Hard,Test Learning Outcome 1,"Skillone,skilltwo","tagone,tagtwo",1
CBSE,Class 4,Mathematics,Progress in Mathematics,Chapter 11 Time,,,Short Answer Questions (QPG),Which month comes just after May? _______________________,N/A,,,,,,Other,Hard,Test Learning Outcome 1,"Skillone,skilltwo","tagone,tagtwo",1
CBSE,Class 4,Mathematics,Progress in Mathematics,Chapter 11 Time,,,Short Answer Questions (QPG),Which month is the 9th month of the year? _______________________,N/A,,,,,,Other,Hard,Test Learning Outcome 1,"Skillone,skilltwo","tagone,tagtwo",1
CBSE,Class 4,Mathematics,Progress in Mathematics,Chapter 12 Money,,,Multiple Choice Question (QPG) Test Paper,"Cost of a packet of chocolates is Rs, 234. If the cost of 1 chocolate is Rs, 3, then",N/A,,,,,,Other,Hard,Test Learning Outcome 1,"Skillone,skilltwo","tagone,tagtwo",1
CBSE,Class 4,Mathematics,Progress in Mathematics,Chapter 12 Money,,,Multiple Choice Question (QPG) Test Paper,"Cost of 1 notebook is Rs, 14. Cost of 7 such notebooks will be :",N/A,"Rs,58","Rs,68","Rs,78","Rs,98",,Other,Hard,Test Learning Outcome 1,"Skillone,skilltwo","tagone,tagtwo",1
CBSE,Class 4,Mathematics,Progress in Mathematics,Chapter 12 Money,,,Multiple Choice Question (QPG) Test Paper,"Cost of 20 pens is Rs, 400, then cost of 1 pen will be :",N/A,"Rs,20","Rs,30","Rs,40","Rs,50",,Other,Hard,Test Learning Outcome 1,"Skillone,skilltwo","tagone,tagtwo",1
CBSE,Class 4,Mathematics,Progress in Mathematics,Chapter 12 Money,,,Multiple Choice Question (QPG) Test Paper,"Cost of 35 sarees is Rs, 43925, then one saree will be of :",N/A,"Rs,1055","Rs,1155","Rs,1255","Rs,1300",,Other,Hard,Test Learning Outcome 1,"Skillone,skilltwo","tagone,tagtwo",1
CBSE,Class 4,Mathematics,Progress in Mathematics,Chapter 12 Money,,,Multiple Choice Question (QPG) Test Paper,"Four 500 rupee notes, seven 10 rupee coins and four 2 rupee coins is equal to :",N/A,"Rs,278","Rs,2078","Rs,2708","Rs,2780",,Other,Hard,Test Learning Outcome 1,"Skillone,skilltwo","tagone,tagtwo",1
CBSE,Class 4,Mathematics,Progress in Mathematics,Chapter 12 Money,,,Multiple Choice Question (QPG) Test Paper,"How many 10 rupee notes will make a sum of Rs, 1000?",N/A,10,100,1000,10000,,Other,Hard,Test Learning Outcome 1,"Skillone,skilltwo","tagone,tagtwo",1
CBSE,Class 4,Mathematics,Progress in Mathematics,Chapter 12 Money,,,Multiple Choice Question (QPG) Test Paper,How many 1000 rupee notes will be there in one lakh rupees?,N/A,10,100,1000,10000,,Other,Hard,Test Learning Outcome 1,"Skillone,skilltwo","tagone,tagtwo",1
CBSE,Class 4,Mathematics,Progress in Mathematics,Chapter 12 Money,,,Multiple Choice Question (QPG) Test Paper,"How many 50 paise are there in Rs, 50?",N/A,10,100,1000,10000,,Other,Hard,Test Learning Outcome 1,"Skillone,skilltwo","tagone,tagtwo",1
CBSE,Class 4,Mathematics,Progress in Mathematics,Chapter 12 Money,,,Multiple Choice Question (QPG) Test Paper,"If 1 textbook costs Rs, 45, what will be the cost of 9 such textbooks?",N/A,"Rs,205","Rs,305","Rs,405","Rs,505",,Other,Hard,Test Learning Outcome 1,"Skillone,skilltwo","tagone,tagtwo",1
CBSE,Class 4,Mathematics,Progress in Mathematics,Chapter 12 Money,,,Multiple Choice Question (QPG) Test Paper,"If 36 chocolates cost Rs, 450, then 1 chocolate will be of :",N/A,"Rs,10.50","Rs,11.50","Rs,12.50","Rs,13.50",,Other,Hard,Test Learning Outcome 1,"Skillone,skilltwo","tagone,tagtwo",1
CBSE,Class 4,Mathematics,Progress in Mathematics,Chapter 12 Money,,,Multiple Choice Question (QPG) Test Paper,"Rs,1000 – Rs, 708.45 is equal to :",N/A,"Rs,29.55","Rs,290.55","Rs,291.55","Rs,292.55",,Other,Hard,Test Learning Outcome 1,"Skillone,skilltwo","tagone,tagtwo",1
CBSE,Class 4,Mathematics,Progress in Mathematics,Chapter 12 Money,,,Multiple Choice Question (QPG) Test Paper,"Rs,4000.50 + Rs, 2120.75 + Rs, 95.20 is equal to :",N/A,"Rs,6216.45","Rs,6216.45","Rs,6216.45","Rs,6216.45",,Other,Hard,Test Learning Outcome 1,"Skillone,skilltwo","tagone,tagtwo",1
CBSE,Class 4,Mathematics,Progress in Mathematics,Chapter 12 Money,,,Multiple Choice Question (QPG) Test Paper,"Rs,556.75 + Rs, 407.50 is equal to",N/A,"Rs,963.25","Rs,965.25","Rs,964.25","Rs,963.25",,Other,Hard,Test Learning Outcome 1,"Skillone,skilltwo","tagone,tagtwo",1
CBSE,Class 4,Mathematics,Progress in Mathematics,Chapter 12 Money,,,Multiple Choice Question (QPG) Test Paper,"Rs,739.45 × 9 is equal to :",N/A,"Rs,6652.05","Rs,6653.05","Rs,6654.05","Rs,6655.05",,Other,Hard,Test Learning Outcome 1,"Skillone,skilltwo","tagone,tagtwo",1
CBSE,Class 4,Mathematics,Progress in Mathematics,Chapter 12 Money,,,Multiple Choice Question (QPG) Test Paper,"Rs,901.20 – Rs, 475.50 is equal to :",N/A,"Rs,431.70","Rs,432.70","Rs,425.70","Rs,434.70",,Other,Hard,Test Learning Outcome 1,"Skillone,skilltwo","tagone,tagtwo",1
CBSE,Class 4,Mathematics,Progress in Mathematics,Chapter 12 Money,,,Multiple Choice Question (QPG) Test Paper,"School fees of 75 students is Rs, 98700, then 1 student will pay :",N/A,"Rs,1,216","Rs,1,316","Rs,1,416","Rs,1,516",,Other,Hard,Test Learning Outcome 1,"Skillone,skilltwo","tagone,tagtwo",1
CBSE,Class 4,Mathematics,Progress in Mathematics,Chapter 12 Money,,,Short Answer Questions (QPG),"A labourer worked for 6 hours. He was paid ` 175.50 an hour. How much did
he earn?",N/A,,,,,,Other,Hard,Test Learning Outcome 1,"Skillone,skilltwo","tagone,tagtwo",1
CBSE,Class 4,Mathematics,Progress in Mathematics,Chapter 12 Money,,,Short Answer Questions (QPG),"Daksh had ` 100 in his pocket. He spent ` 12 on a pack of chips, gave ` 25
to his brother and bought a pen for ` 30. How much money was still in his
pocket?",N/A,,,,,,Other,Hard,Test Learning Outcome 1,"Skillone,skilltwo","tagone,tagtwo",1
CBSE,Class 4,Mathematics,Progress in Mathematics,Chapter 12 Money,,,Short Answer Questions (QPG),"Manisha bought a loaf of bread for ` 21.20, vegetables for ` 235.45 and fruits
for ` 445.55. She gave the shopkeeper a thousand rupee note. How much money
did she get back?",N/A,,,,,,Other,Hard,Test Learning Outcome 1,"Skillone,skilltwo","tagone,tagtwo",1
CBSE,Class 4,Mathematics,Progress in Mathematics,Chapter 12 Money,,,Short Answer Questions (QPG),"Samridhi has ` 2500 and Kajal has 250000 paise. Who has more money and by
how much?",N/A,,,,,,Other,Hard,Test Learning Outcome 1,"Skillone,skilltwo","tagone,tagtwo",1
CBSE,Class 4,Mathematics,Progress in Mathematics,Chapter 12 Money,,,Short Answer Questions (QPG),"The cost of a pack of socks is ` 212.50. If this pack contains 5 pairs of socks,
find the cost of 1 pair.",N/A,,,,,,Other,Hard,Test Learning Outcome 1,"Skillone,skilltwo","tagone,tagtwo",1
CBSE,Class 4,Mathematics,Progress in Mathematics,Chapter 13 Data Handing,,,Fill in the blank (QPG),2.073 has ___________ decimal places.,N/A,,,,,,Other,Hard,Test Learning Outcome 1,"Skillone,skilltwo","tagone,tagtwo",1
CBSE,Class 4,Mathematics,Progress in Mathematics,Chapter 13 Data Handing,,,Fill in the blank (QPG),2014 hours is same as ___________ p.m.,N/A,,,,,,Other,Hard,Test Learning Outcome 1,"Skillone,skilltwo","tagone,tagtwo",1
CBSE,Class 4,Mathematics,Progress in Mathematics,Chapter 13 Data Handing,,,Fill in the blank (QPG),56 m 40 cm + 50 m 60 cm = ___________ m ___________ cm.,N/A,,,,,,Other,Hard,Test Learning Outcome 1,"Skillone,skilltwo","tagone,tagtwo",1
CBSE,Class 4,Mathematics,Progress in Mathematics,Chapter 13 Data Handing,,,Fill in the blank (QPG),85004 g is same as ___________ kg ___________ g.,N/A,,,,,,Other,Hard,Test Learning Outcome 1,"Skillone,skilltwo","tagone,tagtwo",1
CBSE,Class 4,Mathematics,Progress in Mathematics,Chapter 13 Data Handing,,,Fill in the blank (QPG),Area of a square of side 3 m is ___________.,N/A,,,,,,Other,Hard,Test Learning Outcome 1,"Skillone,skilltwo","tagone,tagtwo",1
CBSE,Class 4,Mathematics,Progress in Mathematics,Chapter 13 Data Handing,,,Fill in the blank (QPG),Radius of the circle with diameter 12 cm is ___________ cm.,N/A,,,,,,Other,Hard,Test Learning Outcome 1,"Skillone,skilltwo","tagone,tagtwo",1
CBSE,Class 4,Mathematics,Progress in Mathematics,Chapter 13 Data Handing,,,Multiple Choice Question (QPG) Test Paper,How many children are there in the class?,N/A,50,60,70,80,,Other,Hard,Test Learning Outcome 1,"Skillone,skilltwo","tagone,tagtwo",1
CBSE,Class 4,Mathematics,Progress in Mathematics,Chapter 13 Data Handing,,,Multiple Choice Question (QPG) Test Paper,How many children would like to go to Adventure island?,N/A,25,30,15,10,,Other,Hard,Test Learning Outcome 1,"Skillone,skilltwo","tagone,tagtwo",1
CBSE,Class 4,Mathematics,Progress in Mathematics,Chapter 13 Data Handing,,,Multiple Choice Question (QPG) Test Paper,How many children would like to go to Zoo?,N/A,25,30,15,10,,Other,Hard,Test Learning Outcome 1,"Skillone,skilltwo","tagone,tagtwo",1
CBSE,Class 4,Mathematics,Progress in Mathematics,Chapter 13 Data Handing,,,Multiple Choice Question (QPG) Test Paper,The destination liked by maximum number of children is :,N/A,Zoo,Adventure Island,Rail Museum,National Museum,,Other,Hard,Test Learning Outcome 1,"Skillone,skilltwo","tagone,tagtwo",1
CBSE,Class 4,Mathematics,Progress in Mathematics,Chapter 13 Data Handing,,,Multiple Choice Question (QPG) Test Paper,0840 hours is same as :,N/A,8:40 p.m.,20:40 a.m.,8:40 a.m.,20:40 p.m.,,Other,Hard,Test Learning Outcome 1,"Skillone,skilltwo","tagone,tagtwo",1
CBSE,Class 4,Mathematics,Progress in Mathematics,Chapter 13 Data Handing,,,Multiple Choice Question (QPG) Test Paper,8572 ml is equal to :,N/A,8 l 572 ml,85 l 72 ml,8 l 72 ml,857 l 2 ml,,Other,Hard,Test Learning Outcome 1,"Skillone,skilltwo","tagone,tagtwo",1
CBSE,Class 4,Mathematics,Progress in Mathematics,Chapter 13 Data Handing,,,Multiple Choice Question (QPG) Test Paper,A quadrilateral has _____________ sides.,N/A,1,2,3,4,,Other,Hard,Test Learning Outcome 1,"Skillone,skilltwo","tagone,tagtwo",1
CBSE,Class 4,Mathematics,Progress in Mathematics,Chapter 13 Data Handing,,,Multiple Choice Question (QPG) Test Paper,How many children would like to go to Rail Museum?,N/A,25,30,15,10,,Other,Hard,Test Learning Outcome 1,"Skillone,skilltwo","tagone,tagtwo",1
CBSE,Class 4,Mathematics,Progress in Mathematics,Chapter 13 Data Handing,,,Multiple Choice Question (QPG) Test Paper,Perimeter of a rectangle of dimensions 1 m and 80 cm is :,N/A,180 cm,360 cm,81 cm,162 cm,,Other,Hard,Test Learning Outcome 1,"Skillone,skilltwo","tagone,tagtwo",1
CBSE,Class 4,Mathematics,Progress in Mathematics,Chapter 13 Data Handing,,,Multiple Choice Question (QPG) Test Paper,Place value of 8 in 5.381 is :,N/A,8,0.8,80,0.08,,Other,Hard,Test Learning Outcome 1,"Skillone,skilltwo","tagone,tagtwo",1
CBSE,Class 4,Mathematics,Progress in Mathematics,Chapter 13 Data Handing,,,Multiple Choice Question (QPG) Test Paper,The longest chord of a circle is its :,N/A,centre,radius,diameter,circumference,,Other,Hard,Test Learning Outcome 1,"Skillone,skilltwo","tagone,tagtwo",1
CBSE,Class 4,Mathematics,Progress in Mathematics,Chapter 13 Data Handing,,,Multiple Choice Question (QPG) Test Paper,Which snack is liked by most of the students?,N/A,Chips,Burger,Pizza,Samosa,,Other,Hard,Test Learning Outcome 1,"Skillone,skilltwo","tagone,tagtwo",1
CBSE,Class 4,Mathematics,Progress in Mathematics,Chapter 13 Data Handing,,,Multiple Choice Question (QPG) Test Paper,Which snack is not very popular among the students?,N/A,Chips,Burger,Pizza,Samosa,,Other,Hard,Test Learning Outcome 1,"Skillone,skilltwo","tagone,tagtwo",1
CBSE,Class 4,Mathematics,Progress in Mathematics,Chapter 13 Data Handing,,,Short Answer Questions (QPG),"How does Shikha spend the largest amount of her pocket
money?",N/A,,,,,,Other,Hard,Test Learning Outcome 1,"Skillone,skilltwo","tagone,tagtwo",1
CBSE,Class 4,Mathematics,Progress in Mathematics,Chapter 13 Data Handing,,,Short Answer Questions (QPG),"What fraction of students come by car and school transport
together?",N/A,,,,,,Other,Hard,Test Learning Outcome 1,"Skillone,skilltwo","tagone,tagtwo",1
CBSE,Class 4,Mathematics,Progress in Mathematics,Chapter 13 Data Handing,,,Short Answer Questions (QPG),"Which mode of transport is used by maximum number of
students?",N/A,,,,,,Other,Hard,Test Learning Outcome 1,"Skillone,skilltwo","tagone,tagtwo",1
CBSE,Class 4,Mathematics,Progress in Mathematics,Chapter 13 Data Handing,,,Short Answer Questions (QPG),How many children were absent on Thursday? _________.,N/A,,,,,,Other,Hard,Test Learning Outcome 1,"Skillone,skilltwo","tagone,tagtwo",1
CBSE,Class 4,Mathematics,Progress in Mathematics,Chapter 13 Data Handing,,,Short Answer Questions (QPG),How many more people are there in C than A? __________,N/A,,,,,,Other,Hard,Test Learning Outcome 1,"Skillone,skilltwo","tagone,tagtwo",1
CBSE,Class 4,Mathematics,Progress in Mathematics,Chapter 13 Data Handing,,,Short Answer Questions (QPG),How many students come to school by autorickshaw? _________,N/A,,,,,,Other,Hard,Test Learning Outcome 1,"Skillone,skilltwo","tagone,tagtwo",1
CBSE,Class 4,Mathematics,Progress in Mathematics,Chapter 13 Data Handing,,,Short Answer Questions (QPG),How many students come to school by car? _________,N/A,,,,,,Other,Hard,Test Learning Outcome 1,"Skillone,skilltwo","tagone,tagtwo",1
CBSE,Class 4,Mathematics,Progress in Mathematics,Chapter 13 Data Handing,,,Short Answer Questions (QPG),How many students like skiing? ___________________.,N/A,,,,,,Other,Hard,Test Learning Outcome 1,"Skillone,skilltwo","tagone,tagtwo",1
CBSE,Class 4,Mathematics,Progress in Mathematics,Chapter 13 Data Handing,,,Short Answer Questions (QPG),How many students were present on Wednesday? _________.,N/A,,,,,,Other,Hard,Test Learning Outcome 1,"Skillone,skilltwo","tagone,tagtwo",1
CBSE,Class 4,Mathematics,Progress in Mathematics,Chapter 13 Data Handing,,,Short Answer Questions (QPG),"If she spends ` 50, in books and pens, how much does she save?",N/A,,,,,,Other,Hard,Test Learning Outcome 1,"Skillone,skilltwo","tagone,tagtwo",1
CBSE,Class 4,Mathematics,Progress in Mathematics,Chapter 13 Data Handing,,,Short Answer Questions (QPG),many students come to school on foot? _________,N/A,,,,,,Other,Hard,Test Learning Outcome 1,"Skillone,skilltwo","tagone,tagtwo",1
CBSE,Class 4,Mathematics,Progress in Mathematics,Chapter 13 Data Handing,,,Short Answer Questions (QPG),On which day maximum number of students were absent? _________.,N/A,,,,,,Other,Hard,Test Learning Outcome 1,"Skillone,skilltwo","tagone,tagtwo",1
CBSE,Class 4,Mathematics,Progress in Mathematics,Chapter 13 Data Handing,,,Short Answer Questions (QPG),On which day no child was absent? _________.,N/A,,,,,,Other,Hard,Test Learning Outcome 1,"Skillone,skilltwo","tagone,tagtwo",1
CBSE,Class 4,Mathematics,Progress in Mathematics,Chapter 13 Data Handing,,,Short Answer Questions (QPG),What fraction of pocket money does she save?,N/A,,,,,,Other,Hard,Test Learning Outcome 1,"Skillone,skilltwo","tagone,tagtwo",1
CBSE,Class 4,Mathematics,Progress in Mathematics,Chapter 13 Data Handing,,,Short Answer Questions (QPG),What fraction of students come by car?,N/A,,,,,,Other,Hard,Test Learning Outcome 1,"Skillone,skilltwo","tagone,tagtwo",1
CBSE,Class 4,Mathematics,Progress in Mathematics,Chapter 13 Data Handing,,,Short Answer Questions (QPG),What is on the horizontal scale of the graph? __________,N/A,,,,,,Other,Hard,Test Learning Outcome 1,"Skillone,skilltwo","tagone,tagtwo",1
CBSE,Class 4,Mathematics,Progress in Mathematics,Chapter 13 Data Handing,,,Short Answer Questions (QPG),What is on the vertical scale of the graph? __________,N/A,,,,,,Other,Hard,Test Learning Outcome 1,"Skillone,skilltwo","tagone,tagtwo",1
CBSE,Class 4,Mathematics,Progress in Mathematics,Chapter 13 Data Handing,,,Short Answer Questions (QPG),Which is more popular activity : hockey or ice skating? __________.,N/A,,,,,,Other,Hard,Test Learning Outcome 1,"Skillone,skilltwo","tagone,tagtwo",1
CBSE,Class 4,Mathematics,Progress in Mathematics,Chapter 13 Data Handing,,,Short Answer Questions (QPG),Which is the most popular winter activity? ___________________.,N/A,,,,,,Other,Hard,Test Learning Outcome 1,"Skillone,skilltwo","tagone,tagtwo",1
CBSE,Class 4,Mathematics,Progress in Mathematics,Chapter 13 Data Handing,,,Short Answer Questions (QPG),Which mode of transport is used by maximum number of students? _________,N/A,,,,,,Other,Hard,Test Learning Outcome 1,"Skillone,skilltwo","tagone,tagtwo",1
CBSE,Class 4,Mathematics,Progress in Mathematics,Chapter 13 Data Handing,,,Short Answer Questions (QPG),Which village has maximum population? __________,N/A,,,,,,Other,Hard,Test Learning Outcome 1,"Skillone,skilltwo","tagone,tagtwo",1
CBSE,Class 4,Mathematics,Progress in Mathematics,Chapter 13 Data Handing,,,Short Answer Questions (QPG),Which village has minimum population? __________,N/A,,,,,,Other,Hard,Test Learning Outcome 1,"Skillone,skilltwo","tagone,tagtwo",1
CBSE,Class 4,Mathematics,Progress in Mathematics,Chapter 2 Addition and Subtraction,,,Fill in the blank (QPG),193742 + 313289 = 313289 + ________________,N/A,,,,,,Other,Hard,Test Learning Outcome 1,"Skillone,skilltwo","tagone,tagtwo",1
CBSE,Class 4,Mathematics,Progress in Mathematics,Chapter 2 Addition and Subtraction,,,Fill in the blank (QPG),28176 + 57759 = ______________ + 28176,N/A,,,,,,Other,Hard,Test Learning Outcome 1,"Skillone,skilltwo","tagone,tagtwo",1
CBSE,Class 4,Mathematics,Progress in Mathematics,Chapter 2 Addition and Subtraction,,,Fill in the blank (QPG),3456 + 2436 = 2436 + ____________ = ____________,N/A,,,,,,Other,Hard,Test Learning Outcome 1,"Skillone,skilltwo","tagone,tagtwo",1
CBSE,Class 4,Mathematics,Progress in Mathematics,Chapter 2 Addition and Subtraction,,,Fill in the blank (QPG),345746 + 243236 = 243236 + _______________ = ___________________,N/A,,,,,,Other,Hard,Test Learning Outcome 1,"Skillone,skilltwo","tagone,tagtwo",1
CBSE,Class 4,Mathematics,Progress in Mathematics,Chapter 2 Addition and Subtraction,,,Fill in the blank (QPG),4586 + ________________ = 4586,N/A,,,,,,Other,Hard,Test Learning Outcome 1,"Skillone,skilltwo","tagone,tagtwo",1
CBSE,Class 4,Mathematics,Progress in Mathematics,Chapter 2 Addition and Subtraction,,,Fill in the blank (QPG),4975 – 1 = _________________,N/A,,,,,,Other,Hard,Test Learning Outcome 1,"Skillone,skilltwo","tagone,tagtwo",1
CBSE,Class 4,Mathematics,Progress in Mathematics,Chapter 2 Addition and Subtraction,,,Fill in the blank (QPG),5417 + 2695 = ____________ + 2695 = ____________,N/A,,,,,,Other,Hard,Test Learning Outcome 1,"Skillone,skilltwo","tagone,tagtwo",1
CBSE,Class 4,Mathematics,Progress in Mathematics,Chapter 2 Addition and Subtraction,,,Fill in the blank (QPG),575417 + 269965 = 269965 + ________________________,N/A,,,,,,Other,Hard,Test Learning Outcome 1,"Skillone,skilltwo","tagone,tagtwo",1
CBSE,Class 4,Mathematics,Progress in Mathematics,Chapter 2 Addition and Subtraction,,,Fill in the blank (QPG),6392 – ______________ = 6392,N/A,,,,,,Other,Hard,Test Learning Outcome 1,"Skillone,skilltwo","tagone,tagtwo",1
CBSE,Class 4,Mathematics,Progress in Mathematics,Chapter 2 Addition and Subtraction,,,Fill in the blank (QPG),7329 – 7329 = _____________,N/A,,,,,,Other,Hard,Test Learning Outcome 1,"Skillone,skilltwo","tagone,tagtwo",1
CBSE,Class 4,Mathematics,Progress in Mathematics,Chapter 2 Addition and Subtraction,,,Fill in the blank (QPG),7420 – 0 = _______________,N/A,,,,,,Other,Hard,Test Learning Outcome 1,"Skillone,skilltwo","tagone,tagtwo",1
CBSE,Class 4,Mathematics,Progress in Mathematics,Chapter 2 Addition and Subtraction,,,Very Short Answer Questions (QPG),"Find the difference between :
1. 65000 and 2356 
2. 95100 and 3647 
3. 61958 and 11985
4. 93000 and 61982 
5. 15064 and 46532",N/A,,,,,,Other,Hard,Test Learning Outcome 1,"Skillone,skilltwo","tagone,tagtwo",1
CBSE,Class 4,Mathematics,Progress in Mathematics,Chapter 2 Addition and Subtraction,,,Very Short Answer Questions (QPG),"Subtract the following numbers by arranging them in columns :
1. 46798 – 24173 
2. 63582 – 21341 
3. 74586 – 32132
4. 57308 – 32105 
5. 77000 – 29757",N/A,,,,,,Other,Hard,Test Learning Outcome 1,"Skillone,skilltwo","tagone,tagtwo",1
CBSE,Class 4,Mathematics,Progress in Mathematics,Chapter 2 Addition and Subtraction,,,Multiple Choice Question (QPG) Test Paper,____________ – 83506 = 0,N/A,0,1,83506,1000,,Other,Hard,Test Learning Outcome 1,"Skillone,skilltwo","tagone,tagtwo",1
CBSE,Class 4,Mathematics,Progress in Mathematics,Chapter 2 Addition and Subtraction,,,Multiple Choice Question (QPG) Test Paper,113454 + 24368 + 24342 is :,N/A,152164,162164,172164,182164,,Other,Hard,Test Learning Outcome 1,"Skillone,skilltwo","tagone,tagtwo",1
CBSE,Class 4,Mathematics,Progress in Mathematics,Chapter 2 Addition and Subtraction,,,Multiple Choice Question (QPG) Test Paper,11432 + 24231 + 42135 is equal to :,N/A,77798,67798,57798,47798,,Other,Hard,Test Learning Outcome 1,"Skillone,skilltwo","tagone,tagtwo",1
CBSE,Class 4,Mathematics,Progress in Mathematics,Chapter 2 Addition and Subtraction,,,Multiple Choice Question (QPG) Test Paper,23156 – 10031 is :,N/A,13120,13125,13135,13145,,Other,Hard,Test Learning Outcome 1,"Skillone,skilltwo","tagone,tagtwo",1
CBSE,Class 4,Mathematics,Progress in Mathematics,Chapter 2 Addition and Subtraction,,,Multiple Choice Question (QPG) Test Paper,32678 more than 64321 is :,N/A,96666,96777,96888,96999,,Other,Hard,Test Learning Outcome 1,"Skillone,skilltwo","tagone,tagtwo",1
CBSE,Class 4,Mathematics,Progress in Mathematics,Chapter 2 Addition and Subtraction,,,Multiple Choice Question (QPG) Test Paper,3569 + 8320 is :,N/A,11889,11898,18198,11988,,Other,Hard,Test Learning Outcome 1,"Skillone,skilltwo","tagone,tagtwo",1
CBSE,Class 4,Mathematics,Progress in Mathematics,Chapter 2 Addition and Subtraction,,,Multiple Choice Question (QPG) Test Paper,38746 – 25301 is :,N/A,13444,13445,13446,13447,,Other,Hard,Test Learning Outcome 1,"Skillone,skilltwo","tagone,tagtwo",1
CBSE,Class 4,Mathematics,Progress in Mathematics,Chapter 2 Addition and Subtraction,,,Multiple Choice Question (QPG) Test Paper,428783 + 347492 + 26987 is equal to :,N/A,802262,803262,804262,805262,,Other,Hard,Test Learning Outcome 1,"Skillone,skilltwo","tagone,tagtwo",1
CBSE,Class 4,Mathematics,Progress in Mathematics,Chapter 2 Addition and Subtraction,,,Multiple Choice Question (QPG) Test Paper,45782 + _________ = 29354 + 45782,N/A,29354,45782,0,1,,Other,Hard,Test Learning Outcome 1,"Skillone,skilltwo","tagone,tagtwo",1
CBSE,Class 4,Mathematics,Progress in Mathematics,Chapter 2 Addition and Subtraction,,,Multiple Choice Question (QPG) Test Paper,706003 – 602002 is equal to :,N/A,104001,59011,59021,104011,,Other,Hard,Test Learning Outcome 1,"Skillone,skilltwo","tagone,tagtwo",1
CBSE,Class 4,Mathematics,Progress in Mathematics,Chapter 2 Addition and Subtraction,,,Multiple Choice Question (QPG) Test Paper,754132 + 1000 is :,N/A,755132,754232,854132,758132,,Other,Hard,Test Learning Outcome 1,"Skillone,skilltwo","tagone,tagtwo",1
CBSE,Class 4,Mathematics,Progress in Mathematics,Chapter 2 Addition and Subtraction,,,Multiple Choice Question (QPG) Test Paper,756124 + 31445 + 1230 is equal to :,N/A,786799,787799,788799,789799,,Other,Hard,Test Learning Outcome 1,"Skillone,skilltwo","tagone,tagtwo",1
CBSE,Class 4,Mathematics,Progress in Mathematics,Chapter 2 Addition and Subtraction,,,Multiple Choice Question (QPG) Test Paper,83178 + __________ = 83188,N/A,100,10,1000,10000,,Other,Hard,Test Learning Outcome 1,"Skillone,skilltwo","tagone,tagtwo",1
CBSE,Class 4,Mathematics,Progress in Mathematics,Chapter 2 Addition and Subtraction,,,Multiple Choice Question (QPG) Test Paper,865222 – 543210 is equal to :,N/A,312012,322012,332012,342012,,Other,Hard,Test Learning Outcome 1,"Skillone,skilltwo","tagone,tagtwo",1
CBSE,Class 4,Mathematics,Progress in Mathematics,Chapter 2 Addition and Subtraction,,,Multiple Choice Question (QPG) Test Paper,879651 – 651230 is equal to :,N/A,226421,227421,228421,229421,,Other,Hard,Test Learning Outcome 1,"Skillone,skilltwo","tagone,tagtwo",1
CBSE,Class 4,Mathematics,Progress in Mathematics,Chapter 2 Addition and Subtraction,,,Multiple Choice Question (QPG) Test Paper,928327 + 75342 is :,N/A,7530300,481750,1003669,483700,,Other,Hard,Test Learning Outcome 1,"Skillone,skilltwo","tagone,tagtwo",1
CBSE,Class 4,Mathematics,Progress in Mathematics,Chapter 2 Addition and Subtraction,,,Multiple Choice Question (QPG) Test Paper,93571 – 100 is :,N/A,93461,93471,92571,93671,,Other,Hard,Test Learning Outcome 1,"Skillone,skilltwo","tagone,tagtwo",1
CBSE,Class 4,Mathematics,Progress in Mathematics,Chapter 2 Addition and Subtraction,,,Multiple Choice Question (QPG) Test Paper,Number which is 93491 less than 100000 is :,N/A,6509,6519,6529,6539,,Other,Hard,Test Learning Outcome 1,"Skillone,skilltwo","tagone,tagtwo",1
CBSE,Class 4,Mathematics,Progress in Mathematics,Chapter 2 Addition and Subtraction,,,Multiple Choice Question (QPG) Test Paper,"Subtracting 42444 from 76555, we get :",N/A,34111,34222,35111,35101,,Other,Hard,Test Learning Outcome 1,"Skillone,skilltwo","tagone,tagtwo",1
CBSE,Class 4,Mathematics,Progress in Mathematics,Chapter 2 Addition and Subtraction,,,Multiple Choice Question (QPG) Test Paper,"Subtracting 53114 from 74575, we get :",N/A,21161,21261,21361,21461,,Other,Hard,Test Learning Outcome 1,"Skillone,skilltwo","tagone,tagtwo",1
CBSE,Class 4,Mathematics,Progress in Mathematics,Chapter 2 Addition and Subtraction,,,Multiple Choice Question (QPG) Test Paper,The difference between 284962 and 352391 is :,N/A,67129,67229,67329,67429,,Other,Hard,Test Learning Outcome 1,"Skillone,skilltwo","tagone,tagtwo",1
CBSE,Class 4,Mathematics,Progress in Mathematics,Chapter 2 Addition and Subtraction,,,Multiple Choice Question (QPG) Test Paper,The difference between 57889 and 36643 is :,N/A,20246,21246,22246,23246,,Other,Hard,Test Learning Outcome 1,"Skillone,skilltwo","tagone,tagtwo",1
CBSE,Class 4,Mathematics,Progress in Mathematics,Chapter 2 Addition and Subtraction,,,Multiple Choice Question (QPG) Test Paper,The sum of 23456 and 72560 is :,N/A,96016,74916,969264,96061,,Other,Hard,Test Learning Outcome 1,"Skillone,skilltwo","tagone,tagtwo",1
CBSE,Class 4,Mathematics,Progress in Mathematics,Chapter 2 Addition and Subtraction,,,Multiple Choice Question (QPG) Test Paper,The sum of 28763 and 71235 is :,N/A,99958,99978,99998,99988,,Other,Hard,Test Learning Outcome 1,"Skillone,skilltwo","tagone,tagtwo",1
CBSE,Class 4,Mathematics,Progress in Mathematics,Chapter 2 Addition and Subtraction,,,Multiple Choice Question (QPG) Test Paper,The sum of 32415 and 65374 is :,N/A,94789,95789,96789,97789,,Other,Hard,Test Learning Outcome 1,"Skillone,skilltwo","tagone,tagtwo",1
CBSE,Class 4,Mathematics,Progress in Mathematics,Chapter 2 Addition and Subtraction,,,Short Answer Questions (QPG),"Arrange the following numbers in columns and add :
1. 65426 + 14285 2. 75196 + 18825 3. 43186 + 25197",N/A,,,,,,Other,Hard,Test Learning Outcome 1,"Skillone,skilltwo","tagone,tagtwo",1
CBSE,Class 4,Mathematics,Progress in Mathematics,Chapter 2 Addition and Subtraction,,,Short Answer Questions (QPG),"Arrange the following numbers in columns and subtract :
1. 885984 – 123452 2. 918918 – 515505 3. 787972 – 204865",N/A,,,,,,Other,Hard,Test Learning Outcome 1,"Skillone,skilltwo","tagone,tagtwo",1
CBSE,Class 4,Mathematics,Progress in Mathematics,Chapter 2 Addition and Subtraction,,,Short Answer Questions (QPG),"Subtract the following :
1. 47286 – 24697 2. 70358 – 46571 3. 97532 – 28165 4. 63000 – 45216",N/A,,,,,,Other,Hard,Test Learning Outcome 1,"Skillone,skilltwo","tagone,tagtwo",1
CBSE,Class 4,Mathematics,Progress in Mathematics,Chapter 3 Multiplication,,,Fill in the blank (QPG),__________________ × 5714 = 5714.,N/A,,,,,,Other,Hard,Test Learning Outcome 1,"Skillone,skilltwo","tagone,tagtwo",1
CBSE,Class 4,Mathematics,Progress in Mathematics,Chapter 3 Multiplication,,,Fill in the blank (QPG),15 × 6 = _______________ × 10,N/A,,,,,,Other,Hard,Test Learning Outcome 1,"Skillone,skilltwo","tagone,tagtwo",1
CBSE,Class 4,Mathematics,Progress in Mathematics,Chapter 3 Multiplication,,,Fill in the blank (QPG),2136 × 0 = _____________________,N/A,,,,,,Other,Hard,Test Learning Outcome 1,"Skillone,skilltwo","tagone,tagtwo",1
CBSE,Class 4,Mathematics,Progress in Mathematics,Chapter 3 Multiplication,,,Fill in the blank (QPG),235 × 458 × 789 = __________ × 789 × 235,N/A,,,,,,Other,Hard,Test Learning Outcome 1,"Skillone,skilltwo","tagone,tagtwo",1
CBSE,Class 4,Mathematics,Progress in Mathematics,Chapter 3 Multiplication,,,Fill in the blank (QPG),2517 × 135 = (2517 × 100) + (2517 × _____________) + (_____________ × 5).,N/A,,,,,,Other,Hard,Test Learning Outcome 1,"Skillone,skilltwo","tagone,tagtwo",1
CBSE,Class 4,Mathematics,Progress in Mathematics,Chapter 3 Multiplication,,,Fill in the blank (QPG),304 × 5 = 5 × ____________,N/A,,,,,,Other,Hard,Test Learning Outcome 1,"Skillone,skilltwo","tagone,tagtwo",1
CBSE,Class 4,Mathematics,Progress in Mathematics,Chapter 3 Multiplication,,,Fill in the blank (QPG),45 × ____________ = 34 × 45,N/A,,,,,,Other,Hard,Test Learning Outcome 1,"Skillone,skilltwo","tagone,tagtwo",1
CBSE,Class 4,Mathematics,Progress in Mathematics,Chapter 3 Multiplication,,,Fill in the blank (QPG),564 × _____________ = 0,N/A,,,,,,Other,Hard,Test Learning Outcome 1,"Skillone,skilltwo","tagone,tagtwo",1
CBSE,Class 4,Mathematics,Progress in Mathematics,Chapter 3 Multiplication,,,Fill in the blank (QPG),9823 × ___________ = 9823,N/A,,,,,,Other,Hard,Test Learning Outcome 1,"Skillone,skilltwo","tagone,tagtwo",1
CBSE,Class 4,Mathematics,Progress in Mathematics,Chapter 3 Multiplication,,,Fill in the blank (QPG),The product of 150 × 800 is _____________________.,N/A,,,,,,Other,Hard,Test Learning Outcome 1,"Skillone,skilltwo","tagone,tagtwo",1
CBSE,Class 4,Mathematics,Progress in Mathematics,Chapter 3 Multiplication,,,Fill in the blank (QPG),The product of 16 × 900 is __________________.,N/A,,,,,,Other,Hard,Test Learning Outcome 1,"Skillone,skilltwo","tagone,tagtwo",1
CBSE,Class 4,Mathematics,Progress in Mathematics,Chapter 3 Multiplication,,,Fill in the blank (QPG),The products 40 × 2000 and 400 × 200 are equal. Is it right? _________________.,N/A,,,,,,Other,Hard,Test Learning Outcome 1,"Skillone,skilltwo","tagone,tagtwo",1
CBSE,Class 4,Mathematics,Progress in Mathematics,Chapter 3 Multiplication,,,Very Short Answer Questions (QPG),"Make table of :
1. 16 using tables of 10 and 6. 2. 18 using tables of 10 and 8.",N/A,,,,,,Other,Hard,Test Learning Outcome 1,"Skillone,skilltwo","tagone,tagtwo",1
CBSE,Class 4,Mathematics,Progress in Mathematics,Chapter 3 Multiplication,,,Multiple Choice Question (QPG) Test Paper,1379 × 24 is :,N/A,33096,34096,35096,36096,,Other,Hard,Test Learning Outcome 1,"Skillone,skilltwo","tagone,tagtwo",1
CBSE,Class 4,Mathematics,Progress in Mathematics,Chapter 3 Multiplication,,,Multiple Choice Question (QPG) Test Paper,234 × 405 is :,N/A,94700,94770,947770,947070,,Other,Hard,Test Learning Outcome 1,"Skillone,skilltwo","tagone,tagtwo",1
CBSE,Class 4,Mathematics,Progress in Mathematics,Chapter 3 Multiplication,,,Multiple Choice Question (QPG) Test Paper,2463 × 79,N/A,168000,200000,200000,175000,,Other,Hard,Test Learning Outcome 1,"Skillone,skilltwo","tagone,tagtwo",1
CBSE,Class 4,Mathematics,Progress in Mathematics,Chapter 3 Multiplication,,,Multiple Choice Question (QPG) Test Paper,25 × 10 is equal to :,N/A,25,250,2500,25000,,Other,Hard,Test Learning Outcome 1,"Skillone,skilltwo","tagone,tagtwo",1
CBSE,Class 4,Mathematics,Progress in Mathematics,Chapter 3 Multiplication,,,Multiple Choice Question (QPG) Test Paper,2519 × ____ = 2519,N/A,2519,0,1,9152,,Other,Hard,Test Learning Outcome 1,"Skillone,skilltwo","tagone,tagtwo",1
CBSE,Class 4,Mathematics,Progress in Mathematics,Chapter 3 Multiplication,,,Multiple Choice Question (QPG) Test Paper,269 × 82,N/A,24000,2400,25000,2000,,Other,Hard,Test Learning Outcome 1,"Skillone,skilltwo","tagone,tagtwo",1
CBSE,Class 4,Mathematics,Progress in Mathematics,Chapter 3 Multiplication,,,Multiple Choice Question (QPG) Test Paper,29 × 700 is equal to,N/A,20300,30200,20030,30020,,Other,Hard,Test Learning Outcome 1,"Skillone,skilltwo","tagone,tagtwo",1
CBSE,Class 4,Mathematics,Progress in Mathematics,Chapter 3 Multiplication,,,Multiple Choice Question (QPG) Test Paper,3134 × 103 is :,N/A,322702,322802,322902,322602,,Other,Hard,Test Learning Outcome 1,"Skillone,skilltwo","tagone,tagtwo",1
CBSE,Class 4,Mathematics,Progress in Mathematics,Chapter 3 Multiplication,,,Multiple Choice Question (QPG) Test Paper,42 × 200 is equal to :,N/A,4200,4800,8400,8000,,Other,Hard,Test Learning Outcome 1,"Skillone,skilltwo","tagone,tagtwo",1
CBSE,Class 4,Mathematics,Progress in Mathematics,Chapter 3 Multiplication,,,Multiple Choice Question (QPG) Test Paper,45 × 369 = 369 × ____.,N/A,25,35,45,55,,Other,Hard,Test Learning Outcome 1,"Skillone,skilltwo","tagone,tagtwo",1
CBSE,Class 4,Mathematics,Progress in Mathematics,Chapter 3 Multiplication,,,Multiple Choice Question (QPG) Test Paper,4576 × 111 is :,N/A,507936,517936,527936,537936,,Other,Hard,Test Learning Outcome 1,"Skillone,skilltwo","tagone,tagtwo",1
CBSE,Class 4,Mathematics,Progress in Mathematics,Chapter 3 Multiplication,,,Multiple Choice Question (QPG) Test Paper,4785 × 100 is equal to :,N/A,4700,47800,478500,400000,,Other,Hard,Test Learning Outcome 1,"Skillone,skilltwo","tagone,tagtwo",1
CBSE,Class 4,Mathematics,Progress in Mathematics,Chapter 3 Multiplication,,,Multiple Choice Question (QPG) Test Paper,6578 × 101 is :,N/A,661378,662378,663378,664378,,Other,Hard,Test Learning Outcome 1,"Skillone,skilltwo","tagone,tagtwo",1
CBSE,Class 4,Mathematics,Progress in Mathematics,Chapter 3 Multiplication,,,Multiple Choice Question (QPG) Test Paper,7 × 300 is equal to :,N/A,7300,1200,2100,1200,,Other,Hard,Test Learning Outcome 1,"Skillone,skilltwo","tagone,tagtwo",1
CBSE,Class 4,Mathematics,Progress in Mathematics,Chapter 3 Multiplication,,,Multiple Choice Question (QPG) Test Paper,7 × 400 is equal to :,N/A,8200,7000,2800,2100,,Other,Hard,Test Learning Outcome 1,"Skillone,skilltwo","tagone,tagtwo",1
CBSE,Class 4,Mathematics,Progress in Mathematics,Chapter 3 Multiplication,,,Multiple Choice Question (QPG) Test Paper,733 × 202 is :,N/A,9066,148066,239066,249066,,Other,Hard,Test Learning Outcome 1,"Skillone,skilltwo","tagone,tagtwo",1
CBSE,Class 4,Mathematics,Progress in Mathematics,Chapter 3 Multiplication,,,Multiple Choice Question (QPG) Test Paper,769 × 83 is :,N/A,63817,63827,63837,63847,,Other,Hard,Test Learning Outcome 1,"Skillone,skilltwo","tagone,tagtwo",1
CBSE,Class 4,Mathematics,Progress in Mathematics,Chapter 3 Multiplication,,,Multiple Choice Question (QPG) Test Paper,78 × 243,N/A,24000,25000,16000,20000,,Other,Hard,Test Learning Outcome 1,"Skillone,skilltwo","tagone,tagtwo",1
CBSE,Class 4,Mathematics,Progress in Mathematics,Chapter 3 Multiplication,,,Multiple Choice Question (QPG) Test Paper,79 × 300 is equal to :,N/A,23700,27300,73200,37200,,Other,Hard,Test Learning Outcome 1,"Skillone,skilltwo","tagone,tagtwo",1
CBSE,Class 4,Mathematics,Progress in Mathematics,Chapter 3 Multiplication,,,Multiple Choice Question (QPG) Test Paper,8 × 5 × 100 is equal to :,N/A,4000,400,1300,4100,,Other,Hard,Test Learning Outcome 1,"Skillone,skilltwo","tagone,tagtwo",1
CBSE,Class 4,Mathematics,Progress in Mathematics,Chapter 3 Multiplication,,,Multiple Choice Question (QPG) Test Paper,82 × 5 × 100 is equal to :,N/A,14000,41000,10400,40100,,Other,Hard,Test Learning Outcome 1,"Skillone,skilltwo","tagone,tagtwo",1
CBSE,Class 4,Mathematics,Progress in Mathematics,Chapter 3 Multiplication,,,Multiple Choice Question (QPG) Test Paper,84 × 100 is equal to :,N/A,840,8400,804,408,,Other,Hard,Test Learning Outcome 1,"Skillone,skilltwo","tagone,tagtwo",1
CBSE,Class 4,Mathematics,Progress in Mathematics,Chapter 3 Multiplication,,,Multiple Choice Question (QPG) Test Paper,8675 × ______ = 0,N/A,0,1,2,3,,Other,Hard,Test Learning Outcome 1,"Skillone,skilltwo","tagone,tagtwo",1
CBSE,Class 4,Mathematics,Progress in Mathematics,Chapter 3 Multiplication,,,Multiple Choice Question (QPG) Test Paper,943 × 76 is :,N/A,71468,71568,71668,71768,,Other,Hard,Test Learning Outcome 1,"Skillone,skilltwo","tagone,tagtwo",1
CBSE,Class 4,Mathematics,Progress in Mathematics,Chapter 3 Multiplication,,,Multiple Choice Question (QPG) Test Paper,98 × 200 is equal to :,N/A,9800,9600,19600,29800,,Other,Hard,Test Learning Outcome 1,"Skillone,skilltwo","tagone,tagtwo",1
CBSE,Class 4,Mathematics,Progress in Mathematics,Chapter 3 Multiplication,,,Short Answer Questions (QPG),"Find the product :
1. 1253 × 244 2. 1216 × 135 3. 3425 × 134 4. 1256 × 234",N/A,,,,,,Other,Hard,Test Learning Outcome 1,"Skillone,skilltwo","tagone,tagtwo",1
CBSE,Class 4,Mathematics,Progress in Mathematics,Chapter 3 Multiplication,,,Short Answer Questions (QPG),"Find the product :
1. 451 × 126 2. 736 × 253 3. 186 × 543 4. 307 × 456",N/A,,,,,,Other,Hard,Test Learning Outcome 1,"Skillone,skilltwo","tagone,tagtwo",1
CBSE,Class 4,Mathematics,Progress in Mathematics,Chapter 3 Multiplication,,,Short Answer Questions (QPG),"Multiply the following :
1. 40 × 5 2. 70 × 7 3. 56 × 10 4. 65 × 200 5. 3 × 700",N/A,,,,,,Other,Hard,Test Learning Outcome 1,"Skillone,skilltwo","tagone,tagtwo",1
CBSE,Class 4,Mathematics,Progress in Mathematics,Chapter 3 Multiplication,,,Short Answer Questions (QPG),"Multiply the following :
1. 563 × 34 2. 189 × 49 3. 654 × 26 4. 264 × 24 5. 351 × 55",N/A,,,,,,Other,Hard,Test Learning Outcome 1,"Skillone,skilltwo","tagone,tagtwo",1
CBSE,Class 4,Mathematics,Progress in Mathematics,Chapter 3 Multiplication,,,Short Answer Questions (QPG),"Multiply the following numbers :
1. 28 × 4 2. 132 × 7 3. 708 × 5 4. 360 × 6",N/A,,,,,,Other,Hard,Test Learning Outcome 1,"Skillone,skilltwo","tagone,tagtwo",1
CBSE,Class 4,Mathematics,Progress in Mathematics,Chapter 3 Multiplication,,,Very Short Answer Questions (QPG),A bundle of rope measures 547 metres. How much rope will be there in 627 such bundles?,N/A,,,,,,Other,Hard,Test Learning Outcome 1,"Skillone,skilltwo","tagone,tagtwo",1
CBSE,Class 4,Mathematics,Progress in Mathematics,Chapter 3 Multiplication,,,Very Short Answer Questions (QPG),"A factory makes 692 toys in a day. How many toys 
will this factory produce in one year (365 days)?",N/A,,,,,,Other,Hard,Test Learning Outcome 1,"Skillone,skilltwo","tagone,tagtwo",1
CBSE,Class 4,Mathematics,Progress in Mathematics,Chapter 3 Multiplication,,,Very Short Answer Questions (QPG),A milk vendor sells 248 litres of milk every day. How much milk will he be able to sell in a week?,N/A,,,,,,Other,Hard,Test Learning Outcome 1,"Skillone,skilltwo","tagone,tagtwo",1
CBSE,Class 4,Mathematics,Progress in Mathematics,Chapter 3 Multiplication,,,Very Short Answer Questions (QPG),A pen factory produces 876 pens per day. How many pens are produced in the month of September?,N/A,,,,,,Other,Hard,Test Learning Outcome 1,"Skillone,skilltwo","tagone,tagtwo",1
CBSE,Class 4,Mathematics,Progress in Mathematics,Chapter 3 Multiplication,,,Very Short Answer Questions (QPG),A truck can carry 4525 packets. How many packets will 38 such trucks carry?,N/A,,,,,,Other,Hard,Test Learning Outcome 1,"Skillone,skilltwo","tagone,tagtwo",1
CBSE,Class 4,Mathematics,Progress in Mathematics,Chapter 3 Multiplication,,,Very Short Answer Questions (QPG),Cost of a tin of oil is ` 472. What is the cost of 245 such tins?,N/A,,,,,,Other,Hard,Test Learning Outcome 1,"Skillone,skilltwo","tagone,tagtwo",1
CBSE,Class 4,Mathematics,Progress in Mathematics,Chapter 3 Multiplication,,,Very Short Answer Questions (QPG),Each coach has 118 seats. How many seats are there in 36 such coaches?,N/A,,,,,,Other,Hard,Test Learning Outcome 1,"Skillone,skilltwo","tagone,tagtwo",1
CBSE,Class 4,Mathematics,Progress in Mathematics,Chapter 3 Multiplication,,,Very Short Answer Questions (QPG),There are 236 pages in a notebook. How many pages are there in 87 such notebooks?,N/A,,,,,,Other,Hard,Test Learning Outcome 1,"Skillone,skilltwo","tagone,tagtwo",1
CBSE,Class 4,Mathematics,Progress in Mathematics,Chapter 3 Multiplication,,,Very Short Answer Questions (QPG),"There are 985 students in a school. Each student pays ` 156 as activity fee every month. 
How much money is collected as activity fee per month?",N/A,,,,,,Other,Hard,Test Learning Outcome 1,"Skillone,skilltwo","tagone,tagtwo",1
CBSE,Class 4,Mathematics,Progress in Mathematics,Chapter 4 Division,,,Multiple Choice Question (QPG) Test Paper,Heena gave 8 toffees each to 46 of her friends and is still left with 3 more,N/A,,,,,,Other,Hard,Test Learning Outcome 1,"Skillone,skilltwo","tagone,tagtwo",1
CBSE,Class 4,Mathematics,Progress in Mathematics,Chapter 4 Division,,,Multiple Choice Question (QPG) Test Paper,0 ÷ 2356 is equal to :,N/A,0,2,23,235,,Other,Hard,Test Learning Outcome 1,"Skillone,skilltwo","tagone,tagtwo",1
CBSE,Class 4,Mathematics,Progress in Mathematics,Chapter 4 Division,,,Multiple Choice Question (QPG) Test Paper,1456 ÷ 1 is equal to :,N/A,14,145,1456,1,,Other,Hard,Test Learning Outcome 1,"Skillone,skilltwo","tagone,tagtwo",1
CBSE,Class 4,Mathematics,Progress in Mathematics,Chapter 4 Division,,,Multiple Choice Question (QPG) Test Paper,151500 ÷ 100 gives quotient as :,N/A,15,151,1515,0,,Other,Hard,Test Learning Outcome 1,"Skillone,skilltwo","tagone,tagtwo",1
CBSE,Class 4,Mathematics,Progress in Mathematics,Chapter 4 Division,,,Multiple Choice Question (QPG) Test Paper,16875 ÷ 25 gives quotient as :,N/A,645,655,665,675,,Other,Hard,Test Learning Outcome 1,"Skillone,skilltwo","tagone,tagtwo",1
CBSE,Class 4,Mathematics,Progress in Mathematics,Chapter 4 Division,,,Multiple Choice Question (QPG) Test Paper,4000 ÷ 4 is equal to :,N/A,1,10,100,1000,,Other,Hard,Test Learning Outcome 1,"Skillone,skilltwo","tagone,tagtwo",1
CBSE,Class 4,Mathematics,Progress in Mathematics,Chapter 4 Division,,,Multiple Choice Question (QPG) Test Paper,7586 ÷ 7586 is equal to :,N/A,75,758,7586,1,,Other,Hard,Test Learning Outcome 1,"Skillone,skilltwo","tagone,tagtwo",1
CBSE,Class 4,Mathematics,Progress in Mathematics,Chapter 4 Division,,,Multiple Choice Question (QPG) Test Paper,800800 ÷ 80 gives quotient as :,N/A,10,100,1001,10010,,Other,Hard,Test Learning Outcome 1,"Skillone,skilltwo","tagone,tagtwo",1
CBSE,Class 4,Mathematics,Progress in Mathematics,Chapter 4 Division,,,Multiple Choice Question (QPG) Test Paper,Division is a process of repeated :,N/A,addition,multiplication,subtraction,none of these,,Other,Hard,Test Learning Outcome 1,"Skillone,skilltwo","tagone,tagtwo",1
CBSE,Class 4,Mathematics,Progress in Mathematics,Chapter 4 Division,,,Multiple Choice Question (QPG) Test Paper,How many 5 rupee coins are there in ` 1650?,N/A,320,330,340,350,,Other,Hard,Test Learning Outcome 1,"Skillone,skilltwo","tagone,tagtwo",1
CBSE,Class 4,Mathematics,Progress in Mathematics,Chapter 5 Factors and Multiples,,,Fill in the blank (QPG),"36 ÷ 4 = 9 means, _____________ and _____________ are factors of 36.",N/A,,,,,,Other,Hard,Test Learning Outcome 1,"Skillone,skilltwo","tagone,tagtwo",1
CBSE,Class 4,Mathematics,Progress in Mathematics,Chapter 5 Factors and Multiples,,,Fill in the blank (QPG),Every number is a factor of __________________.,N/A,,,,,,Other,Hard,Test Learning Outcome 1,"Skillone,skilltwo","tagone,tagtwo",1
CBSE,Class 4,Mathematics,Progress in Mathematics,Chapter 5 Factors and Multiples,,,Fill in the blank (QPG),The greatest factor of 50 is ______ and the smallest factor of 50 is ______.,N/A,,,,,,Other,Hard,Test Learning Outcome 1,"Skillone,skilltwo","tagone,tagtwo",1
CBSE,Class 4,Mathematics,Progress in Mathematics,Chapter 5 Factors and Multiples,,,Fill in the blank (QPG),The greatest factor of 56 is __________________.,N/A,,,,,,Other,Hard,Test Learning Outcome 1,"Skillone,skilltwo","tagone,tagtwo",1
CBSE,Class 4,Mathematics,Progress in Mathematics,Chapter 5 Factors and Multiples,,,Fill in the blank (QPG),The smallest factor of 40 is __________________.,N/A,,,,,,Other,Hard,Test Learning Outcome 1,"Skillone,skilltwo","tagone,tagtwo",1
CBSE,Class 4,Mathematics,Progress in Mathematics,Chapter 5 Factors and Multiples,,,Multiple Choice Question (QPG) Test Paper,____ is a factor of every number.,N/A,1,2,3,4,,Other,Hard,Test Learning Outcome 1,"Skillone,skilltwo","tagone,tagtwo",1
CBSE,Class 4,Mathematics,Progress in Mathematics,Chapter 5 Factors and Multiples,,,Multiple Choice Question (QPG) Test Paper,11 is a factor of :,N/A,23,20,44,54,,Other,Hard,Test Learning Outcome 1,"Skillone,skilltwo","tagone,tagtwo",1
CBSE,Class 4,Mathematics,Progress in Mathematics,Chapter 5 Factors and Multiples,,,Multiple Choice Question (QPG) Test Paper,20 and 30 have _____ as a common factor other than 1.,N/A,9,10,11,12,,Other,Hard,Test Learning Outcome 1,"Skillone,skilltwo","tagone,tagtwo",1
CBSE,Class 4,Mathematics,Progress in Mathematics,Chapter 5 Factors and Multiples,,,Multiple Choice Question (QPG) Test Paper,25 and 30 have _____ as a common factor other than 1.,N/A,5,10,15,20,,Other,Hard,Test Learning Outcome 1,"Skillone,skilltwo","tagone,tagtwo",1
CBSE,Class 4,Mathematics,Progress in Mathematics,Chapter 5 Factors and Multiples,,,Multiple Choice Question (QPG) Test Paper,3 is the common factor of :,N/A,6 and 10,6 and 11,6 and 12,6 and 13,,Other,Hard,Test Learning Outcome 1,"Skillone,skilltwo","tagone,tagtwo",1
CBSE,Class 4,Mathematics,Progress in Mathematics,Chapter 5 Factors and Multiples,,,Multiple Choice Question (QPG) Test Paper,67 and 45 have _____ as the common factor.,N/A,1,2,3,4,,Other,Hard,Test Learning Outcome 1,"Skillone,skilltwo","tagone,tagtwo",1
CBSE,Class 4,Mathematics,Progress in Mathematics,Chapter 5 Factors and Multiples,,,Multiple Choice Question (QPG) Test Paper,All the factors of 15 are :,N/A,"1, 2, 3, 4, 5, 15","1, 3, 5, 10, 15","1, 3, 5, 15","3, 5",,Other,Hard,Test Learning Outcome 1,"Skillone,skilltwo","tagone,tagtwo",1
CBSE,Class 4,Mathematics,Progress in Mathematics,Chapter 5 Factors and Multiples,,,Multiple Choice Question (QPG) Test Paper,Common factor of 28 and 53 is :,N/A,1,2,14,19,,Other,Hard,Test Learning Outcome 1,"Skillone,skilltwo","tagone,tagtwo",1
CBSE,Class 4,Mathematics,Progress in Mathematics,Chapter 5 Factors and Multiples,,,Multiple Choice Question (QPG) Test Paper,Every number is a multiple of :,N/A,2,itself,3,4,,Other,Hard,Test Learning Outcome 1,"Skillone,skilltwo","tagone,tagtwo",1
CBSE,Class 4,Mathematics,Progress in Mathematics,Chapter 5 Factors and Multiples,,,Multiple Choice Question (QPG) Test Paper,Seventh multiple of 15 is :,N/A,105,110,115,120,,Other,Hard,Test Learning Outcome 1,"Skillone,skilltwo","tagone,tagtwo",1
CBSE,Class 4,Mathematics,Progress in Mathematics,Chapter 5 Factors and Multiples,,,Multiple Choice Question (QPG) Test Paper,The first three multiples of 19 are :,N/A,"19, 20, 21","19, 21, 23","19, 25, 31","19, 38, 57",,Other,Hard,Test Learning Outcome 1,"Skillone,skilltwo","tagone,tagtwo",1
CBSE,Class 4,Mathematics,Progress in Mathematics,Chapter 5 Factors and Multiples,,,Multiple Choice Question (QPG) Test Paper,The greatest factor of 27 is :,N/A,1,9,3,27,,Other,Hard,Test Learning Outcome 1,"Skillone,skilltwo","tagone,tagtwo",1
CBSE,Class 4,Mathematics,Progress in Mathematics,Chapter 5 Factors and Multiples,,,Multiple Choice Question (QPG) Test Paper,The smallest even multiple of 37 is :,N/A,37,74,91,148,,Other,Hard,Test Learning Outcome 1,"Skillone,skilltwo","tagone,tagtwo",1
CBSE,Class 4,Mathematics,Progress in Mathematics,Chapter 5 Factors and Multiples,,,Multiple Choice Question (QPG) Test Paper,The smallest factor of 25 is :,N/A,1,3,50,4,,Other,Hard,Test Learning Outcome 1,"Skillone,skilltwo","tagone,tagtwo",1
CBSE,Class 4,Mathematics,Progress in Mathematics,Chapter 5 Factors and Multiples,,,Multiple Choice Question (QPG) Test Paper,The smallest multiple of 25 is :,N/A,25,50,75,100,,Other,Hard,Test Learning Outcome 1,"Skillone,skilltwo","tagone,tagtwo",1
CBSE,Class 4,Mathematics,Progress in Mathematics,Chapter 5 Factors and Multiples,,,Short Answer Questions (QPG),"Find the multiple of 5 which is more than 45 and is 1 more than a multiple
of 7.",N/A,,,,,,Other,Hard,Test Learning Outcome 1,"Skillone,skilltwo","tagone,tagtwo",1
CBSE,Class 4,Mathematics,Progress in Mathematics,Chapter 5 Factors and Multiples,,,Short Answer Questions (QPG),"Find the multiple of 8 which is greater than 60 and is 6 more than a multiple
of 15.",N/A,,,,,,Other,Hard,Test Learning Outcome 1,"Skillone,skilltwo","tagone,tagtwo",1
CBSE,Class 4,Mathematics,Progress in Mathematics,Chapter 5 Factors and Multiples,,,Short Answer Questions (QPG),"There are one hundred twenty five trees in an orchard. Every fifth
tree is an apple tree. How many apple trees are there in the orchard?",N/A,,,,,,Other,Hard,Test Learning Outcome 1,"Skillone,skilltwo","tagone,tagtwo",1
CBSE,Class 4,Mathematics,Progress in Mathematics,Chapter 5 Factors and Multiples,,,Short Answer Questions (QPG),Find the number which is a multiple of 8 and is 3 more than multiple of 9.,N/A,,,,,,Other,Hard,Test Learning Outcome 1,"Skillone,skilltwo","tagone,tagtwo",1
CBSE,Class 4,Mathematics,Progress in Mathematics,Chapter 5 Factors and Multiples,,,Short Answer Questions (QPG),Find the sum of first five multiples of 6.,N/A,,,,,,Other,Hard,Test Learning Outcome 1,"Skillone,skilltwo","tagone,tagtwo",1
CBSE,Class 4,Mathematics,Progress in Mathematics,Chapter 6 Fractions,,,Multiple Choice Question (QPG) Test Paper,"The smallest 4-digit number that can be formed using the digits 4, 0, 1, 8 only",N/A,,,,,,Other,Hard,Test Learning Outcome 1,"Skillone,skilltwo","tagone,tagtwo",1
CBSE,Class 4,Mathematics,Progress in Mathematics,Chapter 6 Fractions,,,Multiple Choice Question (QPG) Test Paper,"The place value of 4 in 3,40,175 is :",N/A,4000,40000,4,0,,Other,Hard,Test Learning Outcome 1,"Skillone,skilltwo","tagone,tagtwo",1
CBSE,Class 4,Mathematics,Progress in Mathematics,Chapter 6 Fractions,,,Multiple Choice Question (QPG) Test Paper,Fractions which have different denominators are called _________ fractions.,N/A,Like,Equivalent,Unlike,Improper,,Other,Hard,Test Learning Outcome 1,"Skillone,skilltwo","tagone,tagtwo",1
CBSE,Class 4,Mathematics,Progress in Mathematics,Chapter 6 Fractions,,,Multiple Choice Question (QPG) Test Paper,Fractions which have the same denominator are called _________ fractions.,N/A,Like,Equivalent,Unlike,Improper,,Other,Hard,Test Learning Outcome 1,"Skillone,skilltwo","tagone,tagtwo",1
CBSE,Class 4,Mathematics,Progress in Mathematics,Chapter 6 Fractions,,,Multiple Choice Question (QPG) Test Paper,The greatest factor of 36 is :,N/A,36,18,12,9,,Other,Hard,Test Learning Outcome 1,"Skillone,skilltwo","tagone,tagtwo",1
CBSE,Class 4,Mathematics,Progress in Mathematics,Chapter 6 Fractions,,,Multiple Choice Question (QPG) Test Paper,The Hindu-Arabic nameral for LXXXIX is :,N/A,90,78,77,89,,Other,Hard,Test Learning Outcome 1,"Skillone,skilltwo","tagone,tagtwo",1
CBSE,Class 4,Mathematics,Progress in Mathematics,Chapter 6 Fractions,,,True or False (QPG),2700 × 30 is same as 27 × 3 × 1000. _____,N/A,,,,,,Other,Hard,Test Learning Outcome 1,"Skillone,skilltwo","tagone,tagtwo",1
CBSE,Class 4,Mathematics,Progress in Mathematics,Chapter 6 Fractions,,,True or False (QPG),"430180 is divisible by 2, 5 and 10. _____",N/A,,,,,,Other,Hard,Test Learning Outcome 1,"Skillone,skilltwo","tagone,tagtwo",1
CBSE,Class 4,Mathematics,Progress in Mathematics,Chapter 6 Fractions,,,True or False (QPG),"47081 when rounded off to nearest 100, we get 47100. _____",N/A,,,,,,Other,Hard,Test Learning Outcome 1,"Skillone,skilltwo","tagone,tagtwo",1
CBSE,Class 4,Mathematics,Progress in Mathematics,Chapter 6 Fractions,,,True or False (QPG),50038 ÷ 1000 gives 50 as quotient and 380 is remainder. _____,N/A,,,,,,Other,Hard,Test Learning Outcome 1,"Skillone,skilltwo","tagone,tagtwo",1
CBSE,Class 4,Mathematics,Progress in Mathematics,Chapter 6 Fractions,,,True or False (QPG),The smallest factor of 10 is 1. _____,N/A,,,,,,Other,Hard,Test Learning Outcome 1,"Skillone,skilltwo","tagone,tagtwo",1
CBSE,Class 4,Mathematics,Progress in Mathematics,Chapter 7 Decimals,,,Multiple Choice Question (QPG) Test Paper,18,N/A,,,,,,Other,Hard,Test Learning Outcome 1,"Skillone,skilltwo","tagone,tagtwo",1
CBSE,Class 4,Mathematics,Progress in Mathematics,Chapter 7 Decimals,,,Multiple Choice Question (QPG) Test Paper,9,N/A,,,,,,Other,Hard,Test Learning Outcome 1,"Skillone,skilltwo","tagone,tagtwo",1
CBSE,Class 4,Mathematics,Progress in Mathematics,Chapter 7 Decimals,,,Multiple Choice Question (QPG) Test Paper,0.18 is same as :,N/A,1 hundredth,8 hundredths,18 hundredths,18 tenths,,Other,Hard,Test Learning Outcome 1,"Skillone,skilltwo","tagone,tagtwo",1
CBSE,Class 4,Mathematics,Progress in Mathematics,Chapter 7 Decimals,,,Multiple Choice Question (QPG) Test Paper,0.4 is same as :,N/A,4,,,,,Other,Hard,Test Learning Outcome 1,"Skillone,skilltwo","tagone,tagtwo",1
CBSE,Class 4,Mathematics,Progress in Mathematics,Chapter 7 Decimals,,,Multiple Choice Question (QPG) Test Paper,Eighty seven hundredths is :,N/A,8700,870,8.7,0.87,,Other,Hard,Test Learning Outcome 1,"Skillone,skilltwo","tagone,tagtwo",1
CBSE,Class 4,Mathematics,Progress in Mathematics,Chapter 7 Decimals,,,Multiple Choice Question (QPG) Test Paper,Five hundred three thousandths is :,N/A,503000,0.503,503,0.53,,Other,Hard,Test Learning Outcome 1,"Skillone,skilltwo","tagone,tagtwo",1
CBSE,Class 4,Mathematics,Progress in Mathematics,Chapter 7 Decimals,,,Multiple Choice Question (QPG) Test Paper,Four hundred fifty-seven thousandths is :,N/A,0.407,457,0.457,457000,,Other,Hard,Test Learning Outcome 1,"Skillone,skilltwo","tagone,tagtwo",1
CBSE,Class 4,Mathematics,Progress in Mathematics,Chapter 7 Decimals,,,Multiple Choice Question (QPG) Test Paper,"In the number 316.759, the place value of 5 is :",N/A,5,0.005,0.05,0.5,,Other,Hard,Test Learning Outcome 1,"Skillone,skilltwo","tagone,tagtwo",1
CBSE,Class 4,Mathematics,Progress in Mathematics,Chapter 7 Decimals,,,Multiple Choice Question (QPG) Test Paper,"In the number 5.278, the place value of 8 is :",N/A,8000,8,0.8,0.008,,Other,Hard,Test Learning Outcome 1,"Skillone,skilltwo","tagone,tagtwo",1
CBSE,Class 4,Mathematics,Progress in Mathematics,Chapter 7 Decimals,,,Multiple Choice Question (QPG) Test Paper,"In the number 54.387, the place value of 3 is :",N/A,3000,300,0.003,0.3,,Other,Hard,Test Learning Outcome 1,"Skillone,skilltwo","tagone,tagtwo",1
CBSE,Class 4,Mathematics,Progress in Mathematics,Chapter 7 Decimals,,,Multiple Choice Question (QPG) Test Paper,The decimal number 8.5 is read as :,N/A,eight five,eighty five,eight point five,eighty five hundredths,,Other,Hard,Test Learning Outcome 1,"Skillone,skilltwo","tagone,tagtwo",1
CBSE,Class 4,Mathematics,Progress in Mathematics,Chapter 7 Decimals,,,Multiple Choice Question (QPG) Test Paper,The shaded part in [ ] [ ] [ ] [ ] [ ] [ ] [ ] [ ] [ ] represents :,N/A,eight-tenths,two tenths,eight hundredths,eight thousandths,,Other,Hard,Test Learning Outcome 1,"Skillone,skilltwo","tagone,tagtwo",1
CBSE,Class 4,Mathematics,Progress in Mathematics,"Chapter 8 Space, Shapes and Patterns",,,Fill in the blank (QPG),___________________________ sides of a rectangle are equal.,N/A,,,,,,Other,Hard,Test Learning Outcome 1,"Skillone,skilltwo","tagone,tagtwo",1
CBSE,Class 4,Mathematics,Progress in Mathematics,"Chapter 8 Space, Shapes and Patterns",,,Fill in the blank (QPG),A cone has _______ faces.,N/A,,,,,,Other,Hard,Test Learning Outcome 1,"Skillone,skilltwo","tagone,tagtwo",1
CBSE,Class 4,Mathematics,Progress in Mathematics,"Chapter 8 Space, Shapes and Patterns",,,Fill in the blank (QPG),A cube has _______ edges.,N/A,,,,,,Other,Hard,Test Learning Outcome 1,"Skillone,skilltwo","tagone,tagtwo",1
CBSE,Class 4,Mathematics,Progress in Mathematics,"Chapter 8 Space, Shapes and Patterns",,,Fill in the blank (QPG),A cuboid has _______ vertices.,N/A,,,,,,Other,Hard,Test Learning Outcome 1,"Skillone,skilltwo","tagone,tagtwo",1
CBSE,Class 4,Mathematics,Progress in Mathematics,"Chapter 8 Space, Shapes and Patterns",,,Fill in the blank (QPG),A cylinder has _______ flat faces.,N/A,,,,,,Other,Hard,Test Learning Outcome 1,"Skillone,skilltwo","tagone,tagtwo",1
CBSE,Class 4,Mathematics,Progress in Mathematics,"Chapter 8 Space, Shapes and Patterns",,,Fill in the blank (QPG),A diameter of a circle passes through the _____________ of the circle.,N/A,,,,,,Other,Hard,Test Learning Outcome 1,"Skillone,skilltwo","tagone,tagtwo",1
CBSE,Class 4,Mathematics,Progress in Mathematics,"Chapter 8 Space, Shapes and Patterns",,,Fill in the blank (QPG),A polygon with three sides is called a ___________________________.,N/A,,,,,,Other,Hard,Test Learning Outcome 1,"Skillone,skilltwo","tagone,tagtwo",1
CBSE,Class 4,Mathematics,Progress in Mathematics,"Chapter 8 Space, Shapes and Patterns",,,Fill in the blank (QPG),A quadrilateral has ___________________________ vertices.,N/A,,,,,,Other,Hard,Test Learning Outcome 1,"Skillone,skilltwo","tagone,tagtwo",1
CBSE,Class 4,Mathematics,Progress in Mathematics,"Chapter 8 Space, Shapes and Patterns",,,Fill in the blank (QPG),A sphere has _______ vertices.,N/A,,,,,,Other,Hard,Test Learning Outcome 1,"Skillone,skilltwo","tagone,tagtwo",1
CBSE,Class 4,Mathematics,Progress in Mathematics,"Chapter 8 Space, Shapes and Patterns",,,Fill in the blank (QPG),A square has _______________________ vertices.,N/A,,,,,,Other,Hard,Test Learning Outcome 1,"Skillone,skilltwo","tagone,tagtwo",1
CBSE,Class 4,Mathematics,Progress in Mathematics,"Chapter 8 Space, Shapes and Patterns",,,Fill in the blank (QPG),All radii of a circle are ______________.,N/A,,,,,,Other,Hard,Test Learning Outcome 1,"Skillone,skilltwo","tagone,tagtwo",1
CBSE,Class 4,Mathematics,Progress in Mathematics,"Chapter 8 Space, Shapes and Patterns",,,Fill in the blank (QPG),All squares and rectangles are ___________________________.,N/A,,,,,,Other,Hard,Test Learning Outcome 1,"Skillone,skilltwo","tagone,tagtwo",1
CBSE,Class 4,Mathematics,Progress in Mathematics,"Chapter 8 Space, Shapes and Patterns",,,Fill in the blank (QPG),Cuboid is a _______ shape.,N/A,,,,,,Other,Hard,Test Learning Outcome 1,"Skillone,skilltwo","tagone,tagtwo",1
CBSE,Class 4,Mathematics,Progress in Mathematics,"Chapter 8 Space, Shapes and Patterns",,,Fill in the blank (QPG),Diameter is the _____________ chord of a circle.,N/A,,,,,,Other,Hard,Test Learning Outcome 1,"Skillone,skilltwo","tagone,tagtwo",1
CBSE,Class 4,Mathematics,Progress in Mathematics,"Chapter 8 Space, Shapes and Patterns",,,Fill in the blank (QPG),The distance around a circle is called its __________________.,N/A,,,,,,Other,Hard,Test Learning Outcome 1,"Skillone,skilltwo","tagone,tagtwo",1
CBSE,Class 4,Mathematics,Progress in Mathematics,"Chapter 8 Space, Shapes and Patterns",,,Fill in the blank (QPG),The radius of a circle is _____________ its diameter.,N/A,,,,,,Other,Hard,Test Learning Outcome 1,"Skillone,skilltwo","tagone,tagtwo",1
CBSE,Class 4,Mathematics,Progress in Mathematics,"Chapter 8 Space, Shapes and Patterns",,,Multiple Choice Question (QPG) Test Paper,A ____________ has four sides and four corners.,N/A,Circle,Cube,Triangle,Square,,Other,Hard,Test Learning Outcome 1,"Skillone,skilltwo","tagone,tagtwo",1
CBSE,Class 4,Mathematics,Progress in Mathematics,"Chapter 8 Space, Shapes and Patterns",,,Multiple Choice Question (QPG) Test Paper,A ____________ has no sides and no corners.,N/A,Triangle,Rectangle,Circle,Square,,Other,Hard,Test Learning Outcome 1,"Skillone,skilltwo","tagone,tagtwo",1
CBSE,Class 4,Mathematics,Progress in Mathematics,"Chapter 8 Space, Shapes and Patterns",,,Multiple Choice Question (QPG) Test Paper,A ____________ has three sides and three corners.,N/A,Circle,Rectangle,Triangle,Square,,Other,Hard,Test Learning Outcome 1,"Skillone,skilltwo","tagone,tagtwo",1
CBSE,Class 4,Mathematics,Progress in Mathematics,"Chapter 8 Space, Shapes and Patterns",,,Multiple Choice Question (QPG) Test Paper,Radius of a circle is :,N/A,equal to its diameter,half of its diameter,double of its diameter,equal to its circumference,,Other,Hard,Test Learning Outcome 1,"Skillone,skilltwo","tagone,tagtwo",1
CBSE,Class 4,Mathematics,Progress in Mathematics,"Chapter 8 Space, Shapes and Patterns",,,Multiple Choice Question (QPG) Test Paper,The longest chord of a circle is its,N/A,Radius,Diameter,Circumference,Perimeter,,Other,Hard,Test Learning Outcome 1,"Skillone,skilltwo","tagone,tagtwo",1
CBSE,Class 4,Mathematics,Progress in Mathematics,Chapter 9 Measurement,,,Multiple Choice Question (QPG) Test Paper,A gas cylinder weighs 26 kg 900 g. If the cylinder weighs 7 kg 750 g after,N/A,,,,,,Other,Hard,Test Learning Outcome 1,"Skillone,skilltwo","tagone,tagtwo",1
CBSE,Class 4,Mathematics,Progress in Mathematics,Chapter 9 Measurement,,,Multiple Choice Question (QPG) Test Paper,"A merchant bought 48 m 90 cm of cloth from one shop, 74 m 25 cm of cloth",N/A,,,,,,Other,Hard,Test Learning Outcome 1,"Skillone,skilltwo","tagone,tagtwo",1
CBSE,Class 4,Mathematics,Progress in Mathematics,Chapter 9 Measurement,,,Multiple Choice Question (QPG) Test Paper,A wire merchant bought 900 m of wire. He sold 485 m to a customer. The,N/A,,,,,,Other,Hard,Test Learning Outcome 1,"Skillone,skilltwo","tagone,tagtwo",1
CBSE,Class 4,Mathematics,Progress in Mathematics,Chapter 9 Measurement,,,Multiple Choice Question (QPG) Test Paper,Angelina bought 5 kg 616 g of mangoes and 7 kg 502 g of apples. Quantity of,N/A,,,,,,Other,Hard,Test Learning Outcome 1,"Skillone,skilltwo","tagone,tagtwo",1
CBSE,Class 4,Mathematics,Progress in Mathematics,Chapter 9 Measurement,,,Multiple Choice Question (QPG) Test Paper,David covered 415 km 350 m by train and 115 km 700 m by car. How much,N/A,,,,,,Other,Hard,Test Learning Outcome 1,"Skillone,skilltwo","tagone,tagtwo",1
CBSE,Class 4,Mathematics,Progress in Mathematics,Chapter 9 Measurement,,,Multiple Choice Question (QPG) Test Paper,"Length of the three ribbons is given to be 25 m 65 cm, 14 m 25 cm and 18 m",N/A,,,,,,Other,Hard,Test Learning Outcome 1,"Skillone,skilltwo","tagone,tagtwo",1
CBSE,Class 4,Mathematics,Progress in Mathematics,Chapter 9 Measurement,,,Multiple Choice Question (QPG) Test Paper,Maureen bought 3 m 45 cm cloth for shirt and 2 m 5 cm for skirt. Total cloth,N/A,,,,,,Other,Hard,Test Learning Outcome 1,"Skillone,skilltwo","tagone,tagtwo",1
CBSE,Class 4,Mathematics,Progress in Mathematics,Chapter 9 Measurement,,,Multiple Choice Question (QPG) Test Paper,"Rahul purchased 5 kg 400 g of rice, 2700 g of sugar and 10 kg of flour. Total",N/A,,,,,,Other,Hard,Test Learning Outcome 1,"Skillone,skilltwo","tagone,tagtwo",1
CBSE,Class 4,Mathematics,Progress in Mathematics,Chapter 9 Measurement,,,Multiple Choice Question (QPG) Test Paper,1 km is equal to :,N/A,1 m,10 m,100 m,1000 m,,Other,Hard,Test Learning Outcome 1,"Skillone,skilltwo","tagone,tagtwo",1
CBSE,Class 4,Mathematics,Progress in Mathematics,Chapter 9 Measurement,,,Multiple Choice Question (QPG) Test Paper,10 kg – 750 g gives :,N/A,9 kg 250 g,9 kg,9 kg 750 g,8 kg 250 g,,Other,Hard,Test Learning Outcome 1,"Skillone,skilltwo","tagone,tagtwo",1
CBSE,Class 4,Mathematics,Progress in Mathematics,Chapter 9 Measurement,,,Multiple Choice Question (QPG) Test Paper,106 cm is equal to :,N/A,1060 m,1 m 6 cm,10 m 6 cm,1 m 60 cm,,Other,Hard,Test Learning Outcome 1,"Skillone,skilltwo","tagone,tagtwo",1
CBSE,Class 4,Mathematics,Progress in Mathematics,Chapter 9 Measurement,,,Multiple Choice Question (QPG) Test Paper,2943 g is equal to :,N/A,2 kg 943 g,29 kg 43 g,294 kg 3 g,2943 kg,,Other,Hard,Test Learning Outcome 1,"Skillone,skilltwo","tagone,tagtwo",1
CBSE,Class 4,Mathematics,Progress in Mathematics,Chapter 9 Measurement,,,Multiple Choice Question (QPG) Test Paper,30 kg = __________ g,N/A,30,300,3000,30000,,Other,Hard,Test Learning Outcome 1,"Skillone,skilltwo","tagone,tagtwo",1
CBSE,Class 4,Mathematics,Progress in Mathematics,Chapter 9 Measurement,,,Multiple Choice Question (QPG) Test Paper,3400 cm is equal to :,N/A,34 m,3 m 4 cm,3 m 34 cm,340 m,,Other,Hard,Test Learning Outcome 1,"Skillone,skilltwo","tagone,tagtwo",1
CBSE,Class 4,Mathematics,Progress in Mathematics,Chapter 9 Measurement,,,Multiple Choice Question (QPG) Test Paper,61000 m is equal to :,N/A,61 km,610 km,6100 km,60 km,,Other,Hard,Test Learning Outcome 1,"Skillone,skilltwo","tagone,tagtwo",1
CBSE,Class 4,Mathematics,Progress in Mathematics,Chapter 9 Measurement,,,Multiple Choice Question (QPG) Test Paper,7 cm 4 mm is same as :,N/A,47 mm,70 mm,74 mm,87 mm,,Other,Hard,Test Learning Outcome 1,"Skillone,skilltwo","tagone,tagtwo",1
CBSE,Class 4,Mathematics,Progress in Mathematics,Chapter 9 Measurement,,,Multiple Choice Question (QPG) Test Paper,8800 g is equal to :,N/A,8 kg,8 kg 800 g,88 kg 00 g,8800 kg,,Other,Hard,Test Learning Outcome 1,"Skillone,skilltwo","tagone,tagtwo",1
CBSE,Class 4,Mathematics,Progress in Mathematics,Chapter 9 Measurement,,,Multiple Choice Question (QPG) Test Paper,"Adding 12 kg 90 g and 7 kg 165 g, we get :",N/A,18 kg 255 g,19 kg 255 g,20 kg 255 g,21 kg 255 g,,Other,Hard,Test Learning Outcome 1,"Skillone,skilltwo","tagone,tagtwo",1
CBSE,Class 4,Mathematics,Progress in Mathematics,Chapter 9 Measurement,,,Multiple Choice Question (QPG) Test Paper,"On converting 4 kg 564 g into g, we get :",N/A,45 g,4564 g,456 g,0.4564 g,,Other,Hard,Test Learning Outcome 1,"Skillone,skilltwo","tagone,tagtwo",1
CBSE,Class 4,Mathematics,Progress in Mathematics,Chapter 9 Measurement,,,Multiple Choice Question (QPG) Test Paper,One-half of a kg is equal to :,N/A,5 g,500 g,50 g,5000 g,,Other,Hard,Test Learning Outcome 1,"Skillone,skilltwo","tagone,tagtwo",1
CBSE,Class 5,Mathematics,Progress in Mathematics,Chapter 1 Numbers,,,Fill in the blank (QPG),"Insert <, = or > in the blanks :
1. XVI ________ 14 2. LXXII ________ 82 3. XXVI ________ 26 4. XCVIII ________ 99",N/A,,,,,,Other,Hard,Test Learning Outcome 1,"Skillone,skilltwo","tagone,tagtwo",1
CBSE,Class 5,Mathematics,Progress in Mathematics,Chapter 1 Numbers,,,Very Short Answer Questions (QPG),"Find the successor of :
1. 91,30,10,400 2. 55,55,55,555 3. 800,000,009 4. 9,512,009",N/A,,,,,,Other,Hard,Test Learning Outcome 1,"Skillone,skilltwo","tagone,tagtwo",1
CBSE,Class 5,Mathematics,Progress in Mathematics,Chapter 1 Numbers,,,Very Short Answer Questions (QPG),"Rewrite the following numbers using International place value system
:
1. Fifty six lakh, two thousand, seven hundred four
2. Twenty eight lakh, twenty five thousand, fifty-one
3. Three crore, nine lakh, one thousand, five hundred two
4. Nineteen crore, forty lakh, six",N/A,,,,,,Other,Hard,Test Learning Outcome 1,"Skillone,skilltwo","tagone,tagtwo",1
CBSE,Class 5,Mathematics,Progress in Mathematics,Chapter 1 Numbers,,,Very Short Answer Questions (QPG),"Write the numbers for each of the following number names :
1. Seven crore, seventy one lakh, eleven thousand, one hundred one
2. Two crore, five thousand, one hundred seventeen
3. Fifty crore, fifty lakh, fifty thousand, fifty
4. Eighty one lakh, sixty thousand, three hundred seven",N/A,,,,,,Other,Hard,Test Learning Outcome 1,"Skillone,skilltwo","tagone,tagtwo",1
CBSE,Class 5,Mathematics,Progress in Mathematics,Chapter 1 Numbers,,,Matching Question (QPG),"1. 5,67,98,765 (a) 60
2. 2,87,56,432 (b) 5 crores
3. 3,45,21,437 (c) 5,00,00,000
4. 1,58,76,543 (d) 50 crores
5. 51,37,46,789 (e) 5 lakhs
6. 25,76,54,435 (f) 50 lakhs
7. 1,23,45,582 (g) 50 thousands
8. 3,07,65,781 (h) 500
9. 1,02,34,568 (i) 0",N/A,,,,,,Other,Hard,Test Learning Outcome 1,"Skillone,skilltwo","tagone,tagtwo",1
CBSE,Class 5,Mathematics,Progress in Mathematics,Chapter 1 Numbers,,,Multiple Choice Question (QPG) Test Paper,1 lakh = ______ thousands,N/A,1,10,100,1000,,Other,Hard,Test Learning Outcome 1,"Skillone,skilltwo","tagone,tagtwo",1
CBSE,Class 5,Mathematics,Progress in Mathematics,Chapter 1 Numbers,,,Multiple Choice Question (QPG) Test Paper,10 millions = _______ crore,N/A,1,10,100,1000,,Other,Hard,Test Learning Outcome 1,"Skillone,skilltwo","tagone,tagtwo",1
CBSE,Class 5,Mathematics,Progress in Mathematics,Chapter 1 Numbers,,,Multiple Choice Question (QPG) Test Paper,1000 = ____ hundreds,N/A,1,10,100,1000,,Other,Hard,Test Learning Outcome 1,"Skillone,skilltwo","tagone,tagtwo",1
CBSE,Class 5,Mathematics,Progress in Mathematics,Chapter 1 Numbers,,,Multiple Choice Question (QPG) Test Paper,DCXLV is equivalent to :,N/A,650,645,445,675,,Other,Hard,Test Learning Outcome 1,"Skillone,skilltwo","tagone,tagtwo",1
CBSE,Class 5,Mathematics,Progress in Mathematics,Chapter 1 Numbers,,,Multiple Choice Question (QPG) Test Paper,"Difference between the place values of two 3s in 31,16,365 is :",N/A,"29,99,700","30,30,700","29,29,700","29,00,700",,Other,Hard,Test Learning Outcome 1,"Skillone,skilltwo","tagone,tagtwo",1
CBSE,Class 5,Mathematics,Progress in Mathematics,Chapter 1 Numbers,,,Multiple Choice Question (QPG) Test Paper,"Face value of 9 in 94,58,63,215 is :",N/A,9,90,9000,"90,00,00,000",,Other,Hard,Test Learning Outcome 1,"Skillone,skilltwo","tagone,tagtwo",1
CBSE,Class 5,Mathematics,Progress in Mathematics,Chapter 1 Numbers,,,Multiple Choice Question (QPG) Test Paper,"Place value of 0 in 70,86,24,314 is :",N/A,10,"1,00,000",0,"1,00,00,000",,Other,Hard,Test Learning Outcome 1,"Skillone,skilltwo","tagone,tagtwo",1
CBSE,Class 5,Mathematics,Progress in Mathematics,Chapter 1 Numbers,,,Multiple Choice Question (QPG) Test Paper,"Place value of 3 in 3,24,89,652 is :",N/A,3,30000,"3,00,000","3,00,00,000",,Other,Hard,Test Learning Outcome 1,"Skillone,skilltwo","tagone,tagtwo",1
CBSE,Class 5,Mathematics,Progress in Mathematics,Chapter 1 Numbers,,,Multiple Choice Question (QPG) Test Paper,"Standard form of 9,00,00,000 + 8,00,000 + 50,000 + 3,000 + 20 + 3 is :",N/A,"90,00,85,323","9,85,03,023","90,08,53,023","9,08,53,023",,Other,Hard,Test Learning Outcome 1,"Skillone,skilltwo","tagone,tagtwo",1
CBSE,Class 5,Mathematics,Progress in Mathematics,Chapter 1 Numbers,,,Multiple Choice Question (QPG) Test Paper,"The greatest 4-digit number using the digits 4, 7, 6, 2 only once is :",N/A,4762,6427,7624,7642,,Other,Hard,Test Learning Outcome 1,"Skillone,skilltwo","tagone,tagtwo",1
CBSE,Class 5,Mathematics,Progress in Mathematics,Chapter 1 Numbers,,,Multiple Choice Question (QPG) Test Paper,"The greatest 7-digit number using the given digits 5, 4, 9, 2 is :",N/A,"99,99,542","99,95,542","95,55,542","99,55,542",,Other,Hard,Test Learning Outcome 1,"Skillone,skilltwo","tagone,tagtwo",1
CBSE,Class 5,Mathematics,Progress in Mathematics,Chapter 1 Numbers,,,Multiple Choice Question (QPG) Test Paper,"The greatest number among 34,189; 37,918; 37,819 and 37,981 is :",N/A,34189,37918,37819,37981,,Other,Hard,Test Learning Outcome 1,"Skillone,skilltwo","tagone,tagtwo",1
CBSE,Class 5,Mathematics,Progress in Mathematics,Chapter 1 Numbers,,,Multiple Choice Question (QPG) Test Paper,The left most digit in an 8-digit number is at _______ place.,N/A,Millions,Ten millions,Hundred thousands,Hundred millions,,Other,Hard,Test Learning Outcome 1,"Skillone,skilltwo","tagone,tagtwo",1
CBSE,Class 5,Mathematics,Progress in Mathematics,Chapter 1 Numbers,,,Multiple Choice Question (QPG) Test Paper,The left most digit of a 7-digit number is at ________ place.,N/A,Lakhs,Ten thousands,Ten lakhs,Crores,,Other,Hard,Test Learning Outcome 1,"Skillone,skilltwo","tagone,tagtwo",1
CBSE,Class 5,Mathematics,Progress in Mathematics,Chapter 1 Numbers,,,Multiple Choice Question (QPG) Test Paper,"The place value of 7 in 37,61,48,206 is :",N/A,"7,00,00,000","70,00,000","7,00,000",7000,,Other,Hard,Test Learning Outcome 1,"Skillone,skilltwo","tagone,tagtwo",1
CBSE,Class 5,Mathematics,Progress in Mathematics,Chapter 1 Numbers,,,Multiple Choice Question (QPG) Test Paper,"The predecessor of 4,36,000 is :",N/A,"4,36,001","4,35,990","4,36,999","4,35,999",,Other,Hard,Test Learning Outcome 1,"Skillone,skilltwo","tagone,tagtwo",1
CBSE,Class 5,Mathematics,Progress in Mathematics,Chapter 1 Numbers,,,Multiple Choice Question (QPG) Test Paper,"The smallest number among 6,17,081, 6,18,701, 6,17,801 and 6,10,781 is :",N/A,"6,17,081","6,18,701","6,17,801","6,10,781",,Other,Hard,Test Learning Outcome 1,"Skillone,skilltwo","tagone,tagtwo",1
CBSE,Class 5,Mathematics,Progress in Mathematics,Chapter 1 Numbers,,,Multiple Choice Question (QPG) Test Paper,"The successor of 17,28,999 is :",N/A,"17,28,000","17,29,000","17,29,999","17,39,000",,Other,Hard,Test Learning Outcome 1,"Skillone,skilltwo","tagone,tagtwo",1
CBSE,Class 5,Mathematics,Progress in Mathematics,Chapter 1 Numbers,,,Short Answer Questions (QPG),"Compare the following numbers using <, > or = :
1. 75,890 ___58,707 2. 2,19,481 ___ 1,27,689 3. 5,69,018___ 2,35,701",N/A,,,,,,Other,Hard,Test Learning Outcome 1,"Skillone,skilltwo","tagone,tagtwo",1
CBSE,Class 5,Mathematics,Progress in Mathematics,Chapter 1 Numbers,,,Short Answer Questions (QPG),"Give the standard form of the following numbers :
1. 8,00,000 + 70,000 + 5,000 + 700 + 3
2. 3,00,000 + 50,000 + 2,000 + 600 + 90 + 8
3. 5,00,000 + 4,000 + 600 + 20 + 7",N/A,,,,,,Other,Hard,Test Learning Outcome 1,"Skillone,skilltwo","tagone,tagtwo",1
CBSE,Class 5,Mathematics,Progress in Mathematics,Chapter 1 Numbers,,,Short Answer Questions (QPG),"Write the following numbers in expanded form :
1. 5,87,541 2. 69,109 3. 3,56,892 4. 5,24,763",N/A,,,,,,Other,Hard,Test Learning Outcome 1,"Skillone,skilltwo","tagone,tagtwo",1
CBSE,Class 5,Mathematics,Progress in Mathematics,Chapter 1 Numbers,,,Short Answer Questions (QPG),"Write the missing numbers :
1. 31,615, _________, ___________, ________, ________, 31,620
2. 4,28,432, _________, ___________, ________, ________, 4,28,437
3. 5,17,179, _________, ___________, ________, ________, 5,17,184",N/A,,,,,,Other,Hard,Test Learning Outcome 1,"Skillone,skilltwo","tagone,tagtwo",1
CBSE,Class 5,Mathematics,Progress in Mathematics,Chapter 1 Numbers,,,Short Answer Questions (QPG),"Write the numbers for the given number names :
1. Twenty three thousand, one hundred seventy eight
2. Seventy thousand, four hundred twenty three
3. Two lakh, four thousand, seven hundred forty one",N/A,,,,,,Other,Hard,Test Learning Outcome 1,"Skillone,skilltwo","tagone,tagtwo",1
CBSE,Class 5,Mathematics,Progress in Mathematics,Chapter 1 Numbers,,,Value Based Question,How many 3-digit numbers are there in all? _______________,N/A,,,,,,Other,Hard,Test Learning Outcome 1,"Skillone,skilltwo","tagone,tagtwo",1
CBSE,Class 5,Mathematics,Progress in Mathematics,Chapter 1 Numbers,,,Value Based Question,How many hundreds are there in 1 million? _________,N/A,,,,,,Other,Hard,Test Learning Outcome 1,"Skillone,skilltwo","tagone,tagtwo",1
CBSE,Class 5,Mathematics,Progress in Mathematics,Chapter 1 Numbers,,,Value Based Question,Which is greater LXXXIX or XCI? ____________________,N/A,,,,,,Other,Hard,Test Learning Outcome 1,"Skillone,skilltwo","tagone,tagtwo",1
CBSE,Class 5,Mathematics,Progress in Mathematics,Chapter 1 Numbers,,,Value Based Question,Which is smaller CXIV or 95? _____________,N/A,,,,,,Other,Hard,Test Learning Outcome 1,"Skillone,skilltwo","tagone,tagtwo",1
CBSE,Class 5,Mathematics,Progress in Mathematics,Chapter 1 Numbers,,,Value Based Question,Write the smallest 5-digit odd numbers. ______________,N/A,,,,,,Other,Hard,Test Learning Outcome 1,"Skillone,skilltwo","tagone,tagtwo",1
CBSE,Class 5,Mathematics,Progress in Mathematics,Chapter 10 Perimeter and Area,,,Multiple Choice Question (QPG) Test Paper,The side of a square field is 18 m. If a person walks,N/A,,,,,,Other,Hard,Test Learning Outcome 1,"Skillone,skilltwo","tagone,tagtwo",1
CBSE,Class 5,Mathematics,Progress in Mathematics,Chapter 10 Perimeter and Area,,,Multiple Choice Question (QPG) Test Paper,The side of a square room is 9 m. Area of the carpet needed to cover the floor,N/A,,,,,,Other,Hard,Test Learning Outcome 1,"Skillone,skilltwo","tagone,tagtwo",1
CBSE,Class 5,Mathematics,Progress in Mathematics,Chapter 10 Perimeter and Area,,,Multiple Choice Question (QPG) Test Paper,Area of a rectangle is :,N/A,Length × breadth,Length + breadth,2 × length,2 × breadth,,Other,Hard,Test Learning Outcome 1,"Skillone,skilltwo","tagone,tagtwo",1
CBSE,Class 5,Mathematics,Progress in Mathematics,Chapter 10 Perimeter and Area,,,Multiple Choice Question (QPG) Test Paper,Area of the rectangle having length 14 cm and breadth 11 cm is :,N/A,154 sq cm,145 sq cm,159 sq cm,134 sq cm,,Other,Hard,Test Learning Outcome 1,"Skillone,skilltwo","tagone,tagtwo",1
CBSE,Class 5,Mathematics,Progress in Mathematics,Chapter 10 Perimeter and Area,,,Multiple Choice Question (QPG) Test Paper,Area of the rectangle of length 1 m 8 cm and breadth 80 cm is :,N/A,80 sq cm,640 sq cm,"8,640 sq cm","1,440 sq cm",,Other,Hard,Test Learning Outcome 1,"Skillone,skilltwo","tagone,tagtwo",1
CBSE,Class 5,Mathematics,Progress in Mathematics,Chapter 10 Perimeter and Area,,,Multiple Choice Question (QPG) Test Paper,Area of the rectangle whose length and breadth are 16 m and 7 m respectively is :,N/A,16 sq m,112 sq m,7 sq m,121 sq m,,Other,Hard,Test Learning Outcome 1,"Skillone,skilltwo","tagone,tagtwo",1
CBSE,Class 5,Mathematics,Progress in Mathematics,Chapter 10 Perimeter and Area,,,Multiple Choice Question (QPG) Test Paper,Area of the rectangular field of length 32 m and width 25 m is :,N/A,80 sq m,400 sq m,800 sq m,500 sq m,,Other,Hard,Test Learning Outcome 1,"Skillone,skilltwo","tagone,tagtwo",1
CBSE,Class 5,Mathematics,Progress in Mathematics,Chapter 10 Perimeter and Area,,,Multiple Choice Question (QPG) Test Paper,Area of the shaded triangle is :,N/A,6 sq cm,8 sq cm,9 sq cm,18 sq cm,,Other,Hard,Test Learning Outcome 1,"Skillone,skilltwo","tagone,tagtwo",1
CBSE,Class 5,Mathematics,Progress in Mathematics,Chapter 10 Perimeter and Area,,,Multiple Choice Question (QPG) Test Paper,Area of the square having perimeter 16 cm is :,N/A,16 sq cm,4 sq cm,8 sq cm,12 sq cm,,Other,Hard,Test Learning Outcome 1,"Skillone,skilltwo","tagone,tagtwo",1
CBSE,Class 5,Mathematics,Progress in Mathematics,Chapter 10 Perimeter and Area,,,Multiple Choice Question (QPG) Test Paper,Area of the square of side 14 cm is :,N/A,190 sq cm,169 sq cm,195 sq cm,196 sq cm,,Other,Hard,Test Learning Outcome 1,"Skillone,skilltwo","tagone,tagtwo",1
CBSE,Class 5,Mathematics,Progress in Mathematics,Chapter 10 Perimeter and Area,,,Multiple Choice Question (QPG) Test Paper,Perimeter of a rectangle is :,N/A,2 × length × breadth,2 × (length + breadth),2 × length,4 × length,,Other,Hard,Test Learning Outcome 1,"Skillone,skilltwo","tagone,tagtwo",1
CBSE,Class 5,Mathematics,Progress in Mathematics,Chapter 10 Perimeter and Area,,,Multiple Choice Question (QPG) Test Paper,Perimeter of a square having area 100 sq m is :,N/A,10 m,20 m,40 m,50 m,,Other,Hard,Test Learning Outcome 1,"Skillone,skilltwo","tagone,tagtwo",1
CBSE,Class 5,Mathematics,Progress in Mathematics,Chapter 10 Perimeter and Area,,,Multiple Choice Question (QPG) Test Paper,"Perimeter of a triangle having sides 3.5 cm, 8 cm and 5.2 cm is :",N/A,16.7 cm,1.67 cm,17.6 cm,16 cm,,Other,Hard,Test Learning Outcome 1,"Skillone,skilltwo","tagone,tagtwo",1
CBSE,Class 5,Mathematics,Progress in Mathematics,Chapter 11 Volume and Nets,,,Fill in the blank (QPG),"The dimensions of a cuboid are 5 cm, 8 m and 2 cm. The volume of the cuboid
is ___________ .",N/A,,,,,,Other,Hard,Test Learning Outcome 1,"Skillone,skilltwo","tagone,tagtwo",1
CBSE,Class 5,Mathematics,Progress in Mathematics,Chapter 11 Volume and Nets,,,Fill in the blank (QPG),"Three 1 cm cubes are joined end to end. Find the volume of the solid so formed.
___________",N/A,,,,,,Other,Hard,Test Learning Outcome 1,"Skillone,skilltwo","tagone,tagtwo",1
CBSE,Class 5,Mathematics,Progress in Mathematics,Chapter 11 Volume and Nets,,,Fill in the blank (QPG),1 cubic cm = ___________ cubic mm.,N/A,,,,,,Other,Hard,Test Learning Outcome 1,"Skillone,skilltwo","tagone,tagtwo",1
CBSE,Class 5,Mathematics,Progress in Mathematics,Chapter 11 Volume and Nets,,,Fill in the blank (QPG),An edge of a cube is 2 cm 5 mm. Its volume is ___________ .,N/A,,,,,,Other,Hard,Test Learning Outcome 1,"Skillone,skilltwo","tagone,tagtwo",1
CBSE,Class 5,Mathematics,Progress in Mathematics,Chapter 11 Volume and Nets,,,Fill in the blank (QPG),Net of a cuboid consists of ___________ rectangles.,N/A,,,,,,Other,Hard,Test Learning Outcome 1,"Skillone,skilltwo","tagone,tagtwo",1
CBSE,Class 5,Mathematics,Progress in Mathematics,Chapter 11 Volume and Nets,,,Fill in the blank (QPG),Net of a cylinder without base and top is a ___________ .,N/A,,,,,,Other,Hard,Test Learning Outcome 1,"Skillone,skilltwo","tagone,tagtwo",1
CBSE,Class 5,Mathematics,Progress in Mathematics,Chapter 11 Volume and Nets,,,Fill in the blank (QPG),The amount of space occupied by a solid is called its ___________ .,N/A,,,,,,Other,Hard,Test Learning Outcome 1,"Skillone,skilltwo","tagone,tagtwo",1
CBSE,Class 5,Mathematics,Progress in Mathematics,Chapter 11 Volume and Nets,,,Fill in the blank (QPG),Volume of a cube of edge 5 mm is ___________ .,N/A,,,,,,Other,Hard,Test Learning Outcome 1,"Skillone,skilltwo","tagone,tagtwo",1
CBSE,Class 5,Mathematics,Progress in Mathematics,Chapter 11 Volume and Nets,,,Fill in the blank (QPG),Volume of a cuboid = ______________________ .,N/A,,,,,,Other,Hard,Test Learning Outcome 1,"Skillone,skilltwo","tagone,tagtwo",1
CBSE,Class 5,Mathematics,Progress in Mathematics,Chapter 11 Volume and Nets,,,Fill in the blank (QPG),Volume of a solid is measured in ___________ units of length.,N/A,,,,,,Other,Hard,Test Learning Outcome 1,"Skillone,skilltwo","tagone,tagtwo",1
CBSE,Class 5,Mathematics,Progress in Mathematics,Chapter 11 Volume and Nets,,,Multiple Choice Question (QPG) Test Paper,The space occupied by a solid is said to be the ____________ of the object,N/A,volume,perimeter,area,circumference,,Other,Hard,Test Learning Outcome 1,"Skillone,skilltwo","tagone,tagtwo",1
CBSE,Class 5,Mathematics,Progress in Mathematics,Chapter 11 Volume and Nets,,,Multiple Choice Question (QPG) Test Paper,Volume of a cubical box with edge 19 cm is :,N/A,6856 cubic cm,6857 cubic cm,6858 cubic cm,6859 cubic cm,,Other,Hard,Test Learning Outcome 1,"Skillone,skilltwo","tagone,tagtwo",1
CBSE,Class 5,Mathematics,Progress in Mathematics,Chapter 11 Volume and Nets,,,Multiple Choice Question (QPG) Test Paper,"Volume of a cuboidal box whose sides are 4 cm, 5 cm and 6 cm respectively is :",N/A,100 cubic cm,120 cubic cm,110 cubic cm,130 cubic cm,,Other,Hard,Test Learning Outcome 1,"Skillone,skilltwo","tagone,tagtwo",1
CBSE,Class 5,Mathematics,Progress in Mathematics,Chapter 11 Volume and Nets,,,Multiple Choice Question (QPG) Test Paper,Volume of a solid cubical box with edge 7 cm will be :,N/A,243 cubic cm,343 cubic cm,443 cubic cm,543 cubic cm,,Other,Hard,Test Learning Outcome 1,"Skillone,skilltwo","tagone,tagtwo",1
CBSE,Class 5,Mathematics,Progress in Mathematics,Chapter 11 Volume and Nets,,,Multiple Choice Question (QPG) Test Paper,Volume of the cube with edge 9 cm is :,N/A,725 cubic cm,728 cubic cm,726 cubic cm,729 cubic cm,,Other,Hard,Test Learning Outcome 1,"Skillone,skilltwo","tagone,tagtwo",1
CBSE,Class 5,Mathematics,Progress in Mathematics,Chapter 12 Money,,,Multiple Choice Question (QPG) Test Paper,"When C.P. = Rs, 650 and loss = Rs, 50, then S.P. is :",N/A,"Rs,600","Rs,700","Rs,750","Rs,800",,Other,Hard,Test Learning Outcome 1,"Skillone,skilltwo","tagone,tagtwo",1
CBSE,Class 5,Mathematics,Progress in Mathematics,Chapter 12 Money,,,Multiple Choice Question (QPG) Test Paper,"32 books were bought for Rs, 864. The cost of one book is :",N/A,"Rs,27","Rs,57","Rs,37","Rs,47",,Other,Hard,Test Learning Outcome 1,"Skillone,skilltwo","tagone,tagtwo",1
CBSE,Class 5,Mathematics,Progress in Mathematics,Chapter 12 Money,,,Multiple Choice Question (QPG) Test Paper,"If 4 kg rice cost Rs, 40, then 8 kg of rice will cost :",N/A,"Rs,50","Rs,60","Rs,70","Rs,80",,Other,Hard,Test Learning Outcome 1,"Skillone,skilltwo","tagone,tagtwo",1
CBSE,Class 5,Mathematics,Progress in Mathematics,Chapter 12 Money,,,Multiple Choice Question (QPG) Test Paper,"If 5 apples are there in 1 basket, then in 15 baskets number of apples will be :",N/A,75,85,95,105,,Other,Hard,Test Learning Outcome 1,"Skillone,skilltwo","tagone,tagtwo",1
CBSE,Class 5,Mathematics,Progress in Mathematics,Chapter 12 Money,,,Multiple Choice Question (QPG) Test Paper,"If 5 hours have 300 minutes, then 9 hours have :",N/A,"Rs,340 minutes","Rs,440 minutes","Rs,540 minutes","Rs,640 minutes",,Other,Hard,Test Learning Outcome 1,"Skillone,skilltwo","tagone,tagtwo",1
CBSE,Class 5,Mathematics,Progress in Mathematics,Chapter 12 Money,,,Multiple Choice Question (QPG) Test Paper,"If 5 pens cost Rs, 20, then 1 pen will cost :",N/A,"Rs,4","Rs,5","Rs,6","Rs,7",,Other,Hard,Test Learning Outcome 1,"Skillone,skilltwo","tagone,tagtwo",1
CBSE,Class 5,Mathematics,Progress in Mathematics,Chapter 12 Money,,,Multiple Choice Question (QPG) Test Paper,"If 8 balls cost ` 48, then 11 balls will cost :",N/A,"Rs,44","Rs,55","Rs,66","Rs,77",,Other,Hard,Test Learning Outcome 1,"Skillone,skilltwo","tagone,tagtwo",1
CBSE,Class 5,Mathematics,Progress in Mathematics,Chapter 12 Money,,,Multiple Choice Question (QPG) Test Paper,"If 9 eggs cost Rs, 18, then 12 eggs will cost :",N/A,"Rs,14","Rs,24","Rs,34","Rs,44",,Other,Hard,Test Learning Outcome 1,"Skillone,skilltwo","tagone,tagtwo",1
CBSE,Class 5,Mathematics,Progress in Mathematics,Chapter 12 Money,,,Multiple Choice Question (QPG) Test Paper,"If C.P. is greater than S.P., then :",N/A,there is always a profit,there is always a loss,neither profit nor loss,either profit or loss,,Other,Hard,Test Learning Outcome 1,"Skillone,skilltwo","tagone,tagtwo",1
CBSE,Class 5,Mathematics,Progress in Mathematics,Chapter 12 Money,,,Multiple Choice Question (QPG) Test Paper,"If cost of 15 m of cloth is Rs, 1125, then the cost of 3 m of cloth is :",N/A,"Rs,105","Rs,115","Rs,225","Rs,335",,Other,Hard,Test Learning Outcome 1,"Skillone,skilltwo","tagone,tagtwo",1
CBSE,Class 5,Mathematics,Progress in Mathematics,Chapter 12 Money,,,Multiple Choice Question (QPG) Test Paper,"If cost of 6 icecream cones is ` 48, then 1 icecream cone will cost :",N/A,"Rs,7","Rs,8","Rs,9","Rs,10",,Other,Hard,Test Learning Outcome 1,"Skillone,skilltwo","tagone,tagtwo",1
CBSE,Class 5,Mathematics,Progress in Mathematics,Chapter 12 Money,,,Multiple Choice Question (QPG) Test Paper,"If cost of 8 litres of milk is Rs, 112, then cost of 12 litres of milk is :",N/A,"Rs,168","Rs,178","Rs,188","Rs,198",,Other,Hard,Test Learning Outcome 1,"Skillone,skilltwo","tagone,tagtwo",1
CBSE,Class 5,Mathematics,Progress in Mathematics,Chapter 12 Money,,,Multiple Choice Question (QPG) Test Paper,"If in a transaction, S.P. = C.P., then profit is :",N/A,Nil,"Rs,100","Rs,50",S.P. + C.P.,,Other,Hard,Test Learning Outcome 1,"Skillone,skilltwo","tagone,tagtwo",1
CBSE,Class 5,Mathematics,Progress in Mathematics,Chapter 12 Money,,,Multiple Choice Question (QPG) Test Paper,"If price of 12 chocolates is Rs, 144, then 15 chocolates will cost :",N/A,"Rs,150","Rs,160","Rs,170","Rs,180",,Other,Hard,Test Learning Outcome 1,"Skillone,skilltwo","tagone,tagtwo",1
CBSE,Class 5,Mathematics,Progress in Mathematics,Chapter 12 Money,,,Multiple Choice Question (QPG) Test Paper,"If S.P. = ` 205 and profit = ` 72, then C.P. is :",N/A,"Rs,133","Rs,277","Rs,130","Rs,205",,Other,Hard,Test Learning Outcome 1,"Skillone,skilltwo","tagone,tagtwo",1
CBSE,Class 5,Mathematics,Progress in Mathematics,Chapter 12 Money,,,Multiple Choice Question (QPG) Test Paper,"If the annual rent of a flat is Rs, 5,232, then its monthly rent is :",N/A,"Rs,336","Rs,436","Rs,536","Rs,636",,Other,Hard,Test Learning Outcome 1,"Skillone,skilltwo","tagone,tagtwo",1
CBSE,Class 5,Mathematics,Progress in Mathematics,Chapter 12 Money,,,Multiple Choice Question (QPG) Test Paper,"When C.P. = Rs, 1500 and S.P. = Rs, 1250, then :",N/A,"profit = Rs,250","loss = Rs,250",profit = 200,"loss = Rs,200",,Other,Hard,Test Learning Outcome 1,"Skillone,skilltwo","tagone,tagtwo",1
CBSE,Class 5,Mathematics,Progress in Mathematics,Chapter 12 Money,,,Multiple Choice Question (QPG) Test Paper,"When C.P. = Rs, 700 and S.P. = Rs, 700, then :",N/A,"profit = Rs, 1400","loss = Rs, 1400",profit is nil,none of these,,Other,Hard,Test Learning Outcome 1,"Skillone,skilltwo","tagone,tagtwo",1
CBSE,Class 5,Mathematics,Progress in Mathematics,Chapter 12 Money,,,Multiple Choice Question (QPG) Test Paper,Which of the following is correct?,N/A,C.P. = S.P. – profit,C.P. = S.P. + profit,C.P. = S.P. – loss,C.P. = profit + loss,,Other,Hard,Test Learning Outcome 1,"Skillone,skilltwo","tagone,tagtwo",1
CBSE,Class 5,Mathematics,Progress in Mathematics,Chapter 12 Money,,,Multiple Choice Question (QPG) Test Paper,Which of the following is incorrect?,N/A,S.P. = C.P. + profit,S.P. = C.P. – loss,S.P. = C.P. – profit,C.P. = S.P. + loss,,Other,Hard,Test Learning Outcome 1,"Skillone,skilltwo","tagone,tagtwo",1
CBSE,Class 5,Mathematics,Progress in Mathematics,Chapter 12 Money,,,Short Answer Questions (QPG),"A car travels 240 km in 12 litres of petrol. How much distance will it cover in
18 litres of petrol?",N/A,,,,,,Other,Hard,Test Learning Outcome 1,"Skillone,skilltwo","tagone,tagtwo",1
CBSE,Class 5,Mathematics,Progress in Mathematics,Chapter 12 Money,,,Short Answer Questions (QPG),"A car travels 40 km in one hour. If the car goes at a constant speed, how much
will it travel in 5 hours?",N/A,,,,,,Other,Hard,Test Learning Outcome 1,"Skillone,skilltwo","tagone,tagtwo",1
CBSE,Class 5,Mathematics,Progress in Mathematics,Chapter 12 Money,,,Short Answer Questions (QPG),"A factory produces 3,250 toys in 5 days. How many toys does it produce in
18 days?",N/A,,,,,,Other,Hard,Test Learning Outcome 1,"Skillone,skilltwo","tagone,tagtwo",1
CBSE,Class 5,Mathematics,Progress in Mathematics,Chapter 12 Money,,,Short Answer Questions (QPG),"If the weight of a tin of oil is 45 kg, what will be the weight of 7 such tins of
oil?",N/A,,,,,,Other,Hard,Test Learning Outcome 1,"Skillone,skilltwo","tagone,tagtwo",1
CBSE,Class 5,Mathematics,Progress in Mathematics,Chapter 12 Money,,,Short Answer Questions (QPG),"The capacity of an oil tanker is 9,750 l. How many litres of oil can be carried
by 20 such oil tankers?",N/A,,,,,,Other,Hard,Test Learning Outcome 1,"Skillone,skilltwo","tagone,tagtwo",1
CBSE,Class 5,Mathematics,Progress in Mathematics,Chapter 12 Money,,,Short Answer Questions (QPG),"There are 450 rubber bands in 3 packets. How many rubber bands are there in
13 packets?",N/A,,,,,,Other,Hard,Test Learning Outcome 1,"Skillone,skilltwo","tagone,tagtwo",1
CBSE,Class 5,Mathematics,Progress in Mathematics,Chapter 12 Money,,,Short Answer Questions (QPG),"6 baskets of fruits cost Rs, 720. Find the cost of one basket.",N/A,,,,,,Other,Hard,Test Learning Outcome 1,"Skillone,skilltwo","tagone,tagtwo",1
CBSE,Class 5,Mathematics,Progress in Mathematics,Chapter 12 Money,,,Short Answer Questions (QPG),"A train covers 1,050 km in 15 hours. How much does it cover in 19 hours?",N/A,,,,,,Other,Hard,Test Learning Outcome 1,"Skillone,skilltwo","tagone,tagtwo",1
CBSE,Class 5,Mathematics,Progress in Mathematics,Chapter 12 Money,,,Short Answer Questions (QPG),"Cost of 100 kg of rice is Rs, 3,600. What will be the cost of 40 kg of rice?",N/A,,,,,,Other,Hard,Test Learning Outcome 1,"Skillone,skilltwo","tagone,tagtwo",1
CBSE,Class 5,Mathematics,Progress in Mathematics,Chapter 12 Money,,,Short Answer Questions (QPG),"The school fee for 4 months is Rs, 5,000. Find the fees for the whole year.",N/A,,,,,,Other,Hard,Test Learning Outcome 1,"Skillone,skilltwo","tagone,tagtwo",1
CBSE,Class 5,Mathematics,Progress in Mathematics,Chapter 13 Time and Temperature,,,Fill in the blank (QPG),"There are two scales of temperature and they are _________________ and
_______________.",N/A,,,,,,Other,Hard,Test Learning Outcome 1,"Skillone,skilltwo","tagone,tagtwo",1
CBSE,Class 5,Mathematics,Progress in Mathematics,Chapter 13 Time and Temperature,,,Fill in the blank (QPG),The instrument used for measuring temperature is called a __________________.,N/A,,,,,,Other,Hard,Test Learning Outcome 1,"Skillone,skilltwo","tagone,tagtwo",1
CBSE,Class 5,Mathematics,Progress in Mathematics,Chapter 13 Time and Temperature,,,Fill in the blank (QPG),The measure of coldness or hotness of a body is called ____________________.,N/A,,,,,,Other,Hard,Test Learning Outcome 1,"Skillone,skilltwo","tagone,tagtwo",1
CBSE,Class 5,Mathematics,Progress in Mathematics,Chapter 13 Time and Temperature,,,Fill in the blank (QPG),The temperature of the human body is measured by _____________________.,N/A,,,,,,Other,Hard,Test Learning Outcome 1,"Skillone,skilltwo","tagone,tagtwo",1
CBSE,Class 5,Mathematics,Progress in Mathematics,Chapter 13 Time and Temperature,,,Multiple Choice Question (QPG) Test Paper,"If the temperature on Monday was 41 oC and it increased by 1.3 oC on Tuesday,",N/A,,,,,,Other,Hard,Test Learning Outcome 1,"Skillone,skilltwo","tagone,tagtwo",1
CBSE,Class 5,Mathematics,Progress in Mathematics,Chapter 13 Time and Temperature,,,Multiple Choice Question (QPG) Test Paper,The temperature outdoors was 56°F and the temperature inside the Mall was,N/A,,,,,,Other,Hard,Test Learning Outcome 1,"Skillone,skilltwo","tagone,tagtwo",1
CBSE,Class 5,Mathematics,Progress in Mathematics,Chapter 13 Time and Temperature,,,Multiple Choice Question (QPG) Test Paper,1 minute 7 seconds + 1 minute 6 seconds is equal to :,N/A,2 minutes 21 seconds,2 minutes 22 seconds,2 minutes 13 seconds,2 minutes 24 seconds,,Other,Hard,Test Learning Outcome 1,"Skillone,skilltwo","tagone,tagtwo",1
CBSE,Class 5,Mathematics,Progress in Mathematics,Chapter 13 Time and Temperature,,,Multiple Choice Question (QPG) Test Paper,30 minutes + 50 minutes is equal to :,N/A,1 hour 20 minutes,1 hour 10 minutes,2 hours 20 minutes,1 hour,,Other,Hard,Test Learning Outcome 1,"Skillone,skilltwo","tagone,tagtwo",1
CBSE,Class 5,Mathematics,Progress in Mathematics,Chapter 13 Time and Temperature,,,Multiple Choice Question (QPG) Test Paper,40 seconds + 28 seconds is equal to :,N/A,58 seconds,1 minute,1 minute 18 seconds,1 minute 8 seconds,,Other,Hard,Test Learning Outcome 1,"Skillone,skilltwo","tagone,tagtwo",1
CBSE,Class 5,Mathematics,Progress in Mathematics,Chapter 13 Time and Temperature,,,Multiple Choice Question (QPG) Test Paper,57 hours + 14 hours is equal to :,N/A,2 days 20 hours,2 days 21 hours,2 days 22 hours,2 days 23 hours,,Other,Hard,Test Learning Outcome 1,"Skillone,skilltwo","tagone,tagtwo",1
CBSE,Class 5,Mathematics,Progress in Mathematics,Chapter 13 Time and Temperature,,,Multiple Choice Question (QPG) Test Paper,7 months + 8 months is equal to :,N/A,1 year 2 months,1 year 5 months,1 year 3 months,1 year 4 months,,Other,Hard,Test Learning Outcome 1,"Skillone,skilltwo","tagone,tagtwo",1
CBSE,Class 5,Mathematics,Progress in Mathematics,Chapter 13 Time and Temperature,,,Multiple Choice Question (QPG) Test Paper,8 months + 2 years 7 months is equal to :,N/A,2 years 3 months,4 years 3 months,3 years 3 months,3 years 12 months,,Other,Hard,Test Learning Outcome 1,"Skillone,skilltwo","tagone,tagtwo",1
CBSE,Class 5,Mathematics,Progress in Mathematics,Chapter 13 Time and Temperature,,,Multiple Choice Question (QPG) Test Paper,92 minutes + 12 minutes is equal to :,N/A,1 hour 41 minutes,1 hour 42 minutes,1 hour 43 minutes,1 hour 44 minutes,,Other,Hard,Test Learning Outcome 1,"Skillone,skilltwo","tagone,tagtwo",1
CBSE,Class 5,Mathematics,Progress in Mathematics,Chapter 13 Time and Temperature,,,Multiple Choice Question (QPG) Test Paper,98 seconds + 89 seconds is equal to :,N/A,3 minutes 7 seconds,3 minutes 8 seconds,3 minutes 9 seconds,3 minutes 10 seconds,,Other,Hard,Test Learning Outcome 1,"Skillone,skilltwo","tagone,tagtwo",1
CBSE,Class 5,Mathematics,Progress in Mathematics,Chapter 14 Data Handing,,,Multiple Choice Question (QPG) Test Paper,"An angle which measures more than 90°, but less than 180º is called :",N/A,an acute angle,an obtuse angle,a right angle,a straight angle,,Other,Hard,Test Learning Outcome 1,"Skillone,skilltwo","tagone,tagtwo",1
CBSE,Class 5,Mathematics,Progress in Mathematics,Chapter 14 Data Handing,,,Multiple Choice Question (QPG) Test Paper,"If C.P. = Rs, 2,175 and S.P. = Rs, 2,750, then",N/A,"profit = Rs, 575","loss = Rs, 575","profit = Rs, 575",no profit no loss,,Other,Hard,Test Learning Outcome 1,"Skillone,skilltwo","tagone,tagtwo",1
CBSE,Class 5,Mathematics,Progress in Mathematics,Chapter 14 Data Handing,,,Multiple Choice Question (QPG) Test Paper,"In which subject, did the student score maximum marks?",N/A,English,Maths,Hindi,Science,,Other,Hard,Test Learning Outcome 1,"Skillone,skilltwo","tagone,tagtwo",1
CBSE,Class 5,Mathematics,Progress in Mathematics,Chapter 14 Data Handing,,,Multiple Choice Question (QPG) Test Paper,"In which subject, did the student score minimum marks?",N/A,English,Maths,Hind,Science,,Other,Hard,Test Learning Outcome 1,"Skillone,skilltwo","tagone,tagtwo",1
CBSE,Class 5,Mathematics,Progress in Mathematics,Chapter 14 Data Handing,,,Multiple Choice Question (QPG) Test Paper,The area of a rectangle of dimensions 1 m 10 cm and 70 cm is :,N/A,700 sq cm,770 sq cm,7700 sq cm,70 sq cm,,Other,Hard,Test Learning Outcome 1,"Skillone,skilltwo","tagone,tagtwo",1
CBSE,Class 5,Mathematics,Progress in Mathematics,Chapter 14 Data Handing,,,Multiple Choice Question (QPG) Test Paper,The greatest triangular number less than 50 is :,N/A,40,42,44,45,,Other,Hard,Test Learning Outcome 1,"Skillone,skilltwo","tagone,tagtwo",1
CBSE,Class 5,Mathematics,Progress in Mathematics,Chapter 14 Data Handing,,,Multiple Choice Question (QPG) Test Paper,Total number of marks obtained by the student is :,N/A,200,130,150,180,,Other,Hard,Test Learning Outcome 1,"Skillone,skilltwo","tagone,tagtwo",1
CBSE,Class 5,Mathematics,Progress in Mathematics,Chapter 14 Data Handing,,,Multiple Choice Question (QPG) Test Paper,"Volume of a cuboid of dimensions 5 cm, 8 cm and 9 mm is :",N/A,"36,000 cubic cm","36,000 cubic mm",360 cubic cm,7200 cubic mm,,Other,Hard,Test Learning Outcome 1,"Skillone,skilltwo","tagone,tagtwo",1
CBSE,Class 5,Mathematics,Progress in Mathematics,Chapter 14 Data Handing,,,Short Answer Questions (QPG),"If Shikha spends 6 hours in school, how many hours
does she study there?",N/A,,,,,,Other,Hard,Test Learning Outcome 1,"Skillone,skilltwo","tagone,tagtwo",1
CBSE,Class 5,Mathematics,Progress in Mathematics,Chapter 14 Data Handing,,,Short Answer Questions (QPG),"Which two activities together take one-fourth of the
time spent in school?",N/A,,,,,,Other,Hard,Test Learning Outcome 1,"Skillone,skilltwo","tagone,tagtwo",1
CBSE,Class 5,Mathematics,Progress in Mathematics,Chapter 14 Data Handing,,,Short Answer Questions (QPG),Find the increase in population from 1951 to 1991?,N/A,,,,,,Other,Hard,Test Learning Outcome 1,"Skillone,skilltwo","tagone,tagtwo",1
CBSE,Class 5,Mathematics,Progress in Mathematics,Chapter 14 Data Handing,,,Short Answer Questions (QPG),How many cycles are more than the scooters?,N/A,,,,,,Other,Hard,Test Learning Outcome 1,"Skillone,skilltwo","tagone,tagtwo",1
CBSE,Class 5,Mathematics,Progress in Mathematics,Chapter 14 Data Handing,,,Short Answer Questions (QPG),On which activity the minimum time is spent?,N/A,,,,,,Other,Hard,Test Learning Outcome 1,"Skillone,skilltwo","tagone,tagtwo",1
CBSE,Class 5,Mathematics,Progress in Mathematics,Chapter 14 Data Handing,,,Short Answer Questions (QPG),"On which activity, does she spend half of her time?",N/A,,,,,,Other,Hard,Test Learning Outcome 1,"Skillone,skilltwo","tagone,tagtwo",1
CBSE,Class 5,Mathematics,Progress in Mathematics,Chapter 14 Data Handing,,,Short Answer Questions (QPG),What is shown in the bar graph?,N/A,,,,,,Other,Hard,Test Learning Outcome 1,"Skillone,skilltwo","tagone,tagtwo",1
CBSE,Class 5,Mathematics,Progress in Mathematics,Chapter 14 Data Handing,,,Short Answer Questions (QPG),What was the population of the town in the year 1951?,N/A,,,,,,Other,Hard,Test Learning Outcome 1,"Skillone,skilltwo","tagone,tagtwo",1
CBSE,Class 5,Mathematics,Progress in Mathematics,Chapter 14 Data Handing,,,Short Answer Questions (QPG),What was the population of the town in the year 1961?,N/A,,,,,,Other,Hard,Test Learning Outcome 1,"Skillone,skilltwo","tagone,tagtwo",1
CBSE,Class 5,Mathematics,Progress in Mathematics,Chapter 14 Data Handing,,,Short Answer Questions (QPG),What was the population of the town in the year 1981?,N/A,,,,,,Other,Hard,Test Learning Outcome 1,"Skillone,skilltwo","tagone,tagtwo",1
CBSE,Class 5,Mathematics,Progress in Mathematics,Chapter 14 Data Handing,,,Short Answer Questions (QPG),Which vehicle is maximum in number?,N/A,,,,,,Other,Hard,Test Learning Outcome 1,"Skillone,skilltwo","tagone,tagtwo",1
CBSE,Class 5,Mathematics,Progress in Mathematics,Chapter 14 Data Handing,,,Short Answer Questions (QPG),Which vehicle is minimum in number?,N/A,,,,,,Other,Hard,Test Learning Outcome 1,"Skillone,skilltwo","tagone,tagtwo",1
CBSE,Class 5,Mathematics,Progress in Mathematics,Chapter 14 Data Handing,,,True or False (QPG),86ºF is equal to 30ºC. _________,N/A,,,,,,Other,Hard,Test Learning Outcome 1,"Skillone,skilltwo","tagone,tagtwo",1
CBSE,Class 5,Mathematics,Progress in Mathematics,Chapter 14 Data Handing,,,True or False (QPG),Area is measured in square units of length. _________,N/A,,,,,,Other,Hard,Test Learning Outcome 1,"Skillone,skilltwo","tagone,tagtwo",1
CBSE,Class 5,Mathematics,Progress in Mathematics,Chapter 14 Data Handing,,,True or False (QPG),Every square is also a rhombus. ________,N/A,,,,,,Other,Hard,Test Learning Outcome 1,"Skillone,skilltwo","tagone,tagtwo",1
CBSE,Class 5,Mathematics,Progress in Mathematics,Chapter 14 Data Handing,,,True or False (QPG),"In case of profit, C.P. > S.P. _________",N/A,,,,,,Other,Hard,Test Learning Outcome 1,"Skillone,skilltwo","tagone,tagtwo",1
CBSE,Class 5,Mathematics,Progress in Mathematics,Chapter 14 Data Handing,,,True or False (QPG),Volume of a cube of edge 5 cm is 125 cubic cm. _________,N/A,,,,,,Other,Hard,Test Learning Outcome 1,"Skillone,skilltwo","tagone,tagtwo",1
CBSE,Class 5,Mathematics,Progress in Mathematics,Chapter 2 Addition and Subtraction,,,Fill in the blank (QPG),(950 + 50) + 150 = (150 + ________ ) + 950,N/A,,,,,,Other,Hard,Test Learning Outcome 1,"Skillone,skilltwo","tagone,tagtwo",1
CBSE,Class 5,Mathematics,Progress in Mathematics,Chapter 2 Addition and Subtraction,,,Fill in the blank (QPG),"2,356 + 0 = ____________________",N/A,,,,,,Other,Hard,Test Learning Outcome 1,"Skillone,skilltwo","tagone,tagtwo",1
CBSE,Class 5,Mathematics,Progress in Mathematics,Chapter 2 Addition and Subtraction,,,Fill in the blank (QPG),5 lakhs + 7 thousands = 4 lakhs + ______________ thousands.,N/A,,,,,,Other,Hard,Test Learning Outcome 1,"Skillone,skilltwo","tagone,tagtwo",1
CBSE,Class 5,Mathematics,Progress in Mathematics,Chapter 2 Addition and Subtraction,,,Fill in the blank (QPG),"5,84,723 – ________________ = 0",N/A,,,,,,Other,Hard,Test Learning Outcome 1,"Skillone,skilltwo","tagone,tagtwo",1
CBSE,Class 5,Mathematics,Progress in Mathematics,Chapter 2 Addition and Subtraction,,,Fill in the blank (QPG),"75,350 – 75,350 = __________________",N/A,,,,,,Other,Hard,Test Learning Outcome 1,"Skillone,skilltwo","tagone,tagtwo",1
CBSE,Class 5,Mathematics,Progress in Mathematics,Chapter 2 Addition and Subtraction,,,Fill in the blank (QPG),8 ten lakhs + 12 lakhs = __________________ ten lakhs + 2 lakhs.,N/A,,,,,,Other,Hard,Test Learning Outcome 1,"Skillone,skilltwo","tagone,tagtwo",1
CBSE,Class 5,Mathematics,Progress in Mathematics,Chapter 2 Addition and Subtraction,,,Fill in the blank (QPG),"87,65,432 – _________________ = 11,11,111.",N/A,,,,,,Other,Hard,Test Learning Outcome 1,"Skillone,skilltwo","tagone,tagtwo",1
CBSE,Class 5,Mathematics,Progress in Mathematics,Chapter 2 Addition and Subtraction,,,Fill in the blank (QPG),"9,50,265 + 1 = _______________________",N/A,,,,,,Other,Hard,Test Learning Outcome 1,"Skillone,skilltwo","tagone,tagtwo",1
CBSE,Class 5,Mathematics,Progress in Mathematics,Chapter 2 Addition and Subtraction,,,Fill in the blank (QPG),"Find the sum of the place values of two 7s in 2,73,51,748. _____________________",N/A,,,,,,Other,Hard,Test Learning Outcome 1,"Skillone,skilltwo","tagone,tagtwo",1
CBSE,Class 5,Mathematics,Progress in Mathematics,Chapter 2 Addition and Subtraction,,,Fill in the blank (QPG),How many zeroes are there in fifty crore? _____________________.,N/A,,,,,,Other,Hard,Test Learning Outcome 1,"Skillone,skilltwo","tagone,tagtwo",1
CBSE,Class 5,Mathematics,Progress in Mathematics,Chapter 2 Addition and Subtraction,,,Fill in the blank (QPG),"Thousand more than 8,96,542 is ______________________",N/A,,,,,,Other,Hard,Test Learning Outcome 1,"Skillone,skilltwo","tagone,tagtwo",1
CBSE,Class 5,Mathematics,Progress in Mathematics,Chapter 2 Addition and Subtraction,,,Very Short Answer Questions (QPG),"Simplify :
1. 45,29,718 + 59,36,182 – 81,35,196 2. 72,14,636 – 42,56,197 + 62,14,389",N/A,,,,,,Other,Hard,Test Learning Outcome 1,"Skillone,skilltwo","tagone,tagtwo",1
CBSE,Class 5,Mathematics,Progress in Mathematics,Chapter 2 Addition and Subtraction,,,Very Short Answer Questions (QPG),"Write the number which is :
1. 100 more than 58,46,921. 
2. 1,000 more than 4,53,18,923.
3. 100 more than the least odd number of 6 digits.
4. 7,000 more than the greatest 7-digit number.",N/A,,,,,,Other,Hard,Test Learning Outcome 1,"Skillone,skilltwo","tagone,tagtwo",1
CBSE,Class 5,Mathematics,Progress in Mathematics,Chapter 2 Addition and Subtraction,,,Long Answer Questions (QPG),"A bulb manufacturer produces 1,99,725, 10,25,950 and 4,55,950 bulbs in three
months. How many bulbs does he produce in these three months?",N/A,,,,,,Other,Hard,Test Learning Outcome 1,"Skillone,skilltwo","tagone,tagtwo",1
CBSE,Class 5,Mathematics,Progress in Mathematics,Chapter 2 Addition and Subtraction,,,Long Answer Questions (QPG),"Ram bought two houses; one for ` 6,16,435 and other for ` 4,58,236. How
much money did he spend altogether?",N/A,,,,,,Other,Hard,Test Learning Outcome 1,"Skillone,skilltwo","tagone,tagtwo",1
CBSE,Class 5,Mathematics,Progress in Mathematics,Chapter 2 Addition and Subtraction,,,Long Answer Questions (QPG),"The sum of two numbers is 56,12,037. If one of the numbers is 12,51,958, find
the other number.",N/A,,,,,,Other,Hard,Test Learning Outcome 1,"Skillone,skilltwo","tagone,tagtwo",1
CBSE,Class 5,Mathematics,Progress in Mathematics,Chapter 2 Addition and Subtraction,,,Long Answer Questions (QPG),"There were 5,47,546 mangoes in a godown. If 3,12,764
were rotten, how many mangoes were good?",N/A,,,,,,Other,Hard,Test Learning Outcome 1,"Skillone,skilltwo","tagone,tagtwo",1
CBSE,Class 5,Mathematics,Progress in Mathematics,Chapter 2 Addition and Subtraction,,,Long Answer Questions (QPG),"Total population of a town is 18,39,150. If the number of females is 8,00,637,
find the number of males in the town.",N/A,,,,,,Other,Hard,Test Learning Outcome 1,"Skillone,skilltwo","tagone,tagtwo",1
CBSE,Class 5,Mathematics,Progress in Mathematics,Chapter 2 Addition and Subtraction,,,Long Answer Questions (QPG),Find the sum of the largest 7-digit and the largest 6-digit numbers.,N/A,,,,,,Other,Hard,Test Learning Outcome 1,"Skillone,skilltwo","tagone,tagtwo",1
CBSE,Class 5,Mathematics,Progress in Mathematics,Chapter 2 Addition and Subtraction,,,Multiple Choice Question (QPG) Test Paper,"(11,55,750 + 98,75,158) + 8,53,75,145 = ( ________ + 11,55,750) + 98,75,158.",N/A,"11,55,750","98,75,158","8,53,75,145","9,64,06,053",,Other,Hard,Test Learning Outcome 1,"Skillone,skilltwo","tagone,tagtwo",1
CBSE,Class 5,Mathematics,Progress in Mathematics,Chapter 2 Addition and Subtraction,,,Multiple Choice Question (QPG) Test Paper,"1,64,50,895 – 12,36,985 is equal to :",N/A,"1,52,11,910","1,52,12,910","1,52,13,910","1,52,14,910",,Other,Hard,Test Learning Outcome 1,"Skillone,skilltwo","tagone,tagtwo",1
CBSE,Class 5,Mathematics,Progress in Mathematics,Chapter 2 Addition and Subtraction,,,Multiple Choice Question (QPG) Test Paper,"10,10,940 + ____ = 10,10,940",N/A,0,1,10,100,,Other,Hard,Test Learning Outcome 1,"Skillone,skilltwo","tagone,tagtwo",1
CBSE,Class 5,Mathematics,Progress in Mathematics,Chapter 2 Addition and Subtraction,,,Multiple Choice Question (QPG) Test Paper,"13,56,478 + ______________ = 13,57,478",N/A,0,10,100,1000,,Other,Hard,Test Learning Outcome 1,"Skillone,skilltwo","tagone,tagtwo",1
CBSE,Class 5,Mathematics,Progress in Mathematics,Chapter 2 Addition and Subtraction,,,Multiple Choice Question (QPG) Test Paper,"4,81,50,951 + 1,000 is equal to :",N/A,"4,81,60,951","4,81,51,951","4,81,50,851","4,81,50,961",,Other,Hard,Test Learning Outcome 1,"Skillone,skilltwo","tagone,tagtwo",1
CBSE,Class 5,Mathematics,Progress in Mathematics,Chapter 2 Addition and Subtraction,,,Multiple Choice Question (QPG) Test Paper,"64,83,40,021 – 19,02,16,536 is equal to :",N/A,"45,81,23,485","45,81,23,585","45,81,23,685","45,81,23,785",,Other,Hard,Test Learning Outcome 1,"Skillone,skilltwo","tagone,tagtwo",1
CBSE,Class 5,Mathematics,Progress in Mathematics,Chapter 2 Addition and Subtraction,,,Multiple Choice Question (QPG) Test Paper,"94,85,705 + 24,38,001 is equal to :",N/A,"1,19,23,706","1,19,24,706","1,19,25,706","1,19,26,706",,Other,Hard,Test Learning Outcome 1,"Skillone,skilltwo","tagone,tagtwo",1
CBSE,Class 5,Mathematics,Progress in Mathematics,Chapter 2 Addition and Subtraction,,,Multiple Choice Question (QPG) Test Paper,"The difference of 3,98,56,472 and 9,78,54,623 is :",N/A,"5,79,95,151","5,79,96,151","5,79,97,151","5,79,98,151",,Other,Hard,Test Learning Outcome 1,"Skillone,skilltwo","tagone,tagtwo",1
CBSE,Class 5,Mathematics,Progress in Mathematics,Chapter 2 Addition and Subtraction,,,Multiple Choice Question (QPG) Test Paper,"What should be added to 4,67,84,698 to get 9,58,76,234?",N/A,"4,90,91,436","4,90,91,536","4,90,91,636","4,90,91,736",,Other,Hard,Test Learning Outcome 1,"Skillone,skilltwo","tagone,tagtwo",1
CBSE,Class 5,Mathematics,Progress in Mathematics,Chapter 2 Addition and Subtraction,,,Multiple Choice Question (QPG) Test Paper,"What should be subtracted from 8,20,25,465 to make it 45,89,632?",N/A,"7,74,35,633","7,74,35,733","7,74,35,833","7,74,35,933",,Other,Hard,Test Learning Outcome 1,"Skillone,skilltwo","tagone,tagtwo",1
CBSE,Class 5,Mathematics,Progress in Mathematics,Chapter 2 Addition and Subtraction,,,Short Answer Questions (QPG),"Add the following :
1. 5,65,14,739 + 3,59,97,857 2. 3,86,23,597 + 7,43,42,549 3. 7,67,89,237 + 5,24,656 + 8,64,64,936",N/A,,,,,,Other,Hard,Test Learning Outcome 1,"Skillone,skilltwo","tagone,tagtwo",1
CBSE,Class 5,Mathematics,Progress in Mathematics,Chapter 2 Addition and Subtraction,,,Short Answer Questions (QPG),"Subtract the following :
1. 661 – 148 2. 863 – 582 3. 9,458 – 794 4. 9,561 – 742",N/A,,,,,,Other,Hard,Test Learning Outcome 1,"Skillone,skilltwo","tagone,tagtwo",1
CBSE,Class 5,Mathematics,Progress in Mathematics,Chapter 4 Factors and Multiples,,,Fill in the blank (QPG),__________________ is neither prime nor composite.,N/A,,,,,,Other,Hard,Test Learning Outcome 1,"Skillone,skilltwo","tagone,tagtwo",1
CBSE,Class 5,Mathematics,Progress in Mathematics,Chapter 4 Factors and Multiples,,,Fill in the blank (QPG),___________________ is a factor of all the numbers.,N/A,,,,,,Other,Hard,Test Learning Outcome 1,"Skillone,skilltwo","tagone,tagtwo",1
CBSE,Class 5,Mathematics,Progress in Mathematics,Chapter 4 Factors and Multiples,,,Fill in the blank (QPG),"Find the common factors of :
1. 6 and 18 2. 15 and 30 3. 12 and 36 4. 60 and 72",N/A,,,,,,Other,Hard,Test Learning Outcome 1,"Skillone,skilltwo","tagone,tagtwo",1
CBSE,Class 5,Mathematics,Progress in Mathematics,Chapter 4 Factors and Multiples,,,Fill in the blank (QPG),The fourth multiple of 12 is _________________ .,N/A,,,,,,Other,Hard,Test Learning Outcome 1,"Skillone,skilltwo","tagone,tagtwo",1
CBSE,Class 5,Mathematics,Progress in Mathematics,Chapter 4 Factors and Multiples,,,Fill in the blank (QPG),The greatest factor of 65 is ___________________ .,N/A,,,,,,Other,Hard,Test Learning Outcome 1,"Skillone,skilltwo","tagone,tagtwo",1
CBSE,Class 5,Mathematics,Progress in Mathematics,Chapter 4 Factors and Multiples,,,Fill in the blank (QPG),The smallest factor of 20 is ___________________ .,N/A,,,,,,Other,Hard,Test Learning Outcome 1,"Skillone,skilltwo","tagone,tagtwo",1
CBSE,Class 5,Mathematics,Progress in Mathematics,Chapter 4 Factors and Multiples,,,Fill in the blank (QPG),The smallest multiple of 15 is ___________________ .,N/A,,,,,,Other,Hard,Test Learning Outcome 1,"Skillone,skilltwo","tagone,tagtwo",1
CBSE,Class 5,Mathematics,Progress in Mathematics,Chapter 4 Factors and Multiples,,,Fill in the blank (QPG),What is the HCF of 50 and 51? _________________.,N/A,,,,,,Other,Hard,Test Learning Outcome 1,"Skillone,skilltwo","tagone,tagtwo",1
CBSE,Class 5,Mathematics,Progress in Mathematics,Chapter 4 Factors and Multiples,,,Fill in the blank (QPG),What is the LCM of 100 and 102? _________________.,N/A,,,,,,Other,Hard,Test Learning Outcome 1,"Skillone,skilltwo","tagone,tagtwo",1
CBSE,Class 5,Mathematics,Progress in Mathematics,Chapter 4 Factors and Multiples,,,Fill in the blank (QPG),What is the LCM of 50 and 51? ________________.,N/A,,,,,,Other,Hard,Test Learning Outcome 1,"Skillone,skilltwo","tagone,tagtwo",1
CBSE,Class 5,Mathematics,Progress in Mathematics,Chapter 4 Factors and Multiples,,,Very Short Answer Questions (QPG),"A merchant has three different varieties of almonds each weighing 330 kg, 495 kg
and 715 kg respectively. He wants to sell these by packing in bags of equal weight.
What could be the largest quantity he can pack in a single bag?",N/A,,,,,,Other,Hard,Test Learning Outcome 1,"Skillone,skilltwo","tagone,tagtwo",1
CBSE,Class 5,Mathematics,Progress in Mathematics,Chapter 4 Factors and Multiples,,,Very Short Answer Questions (QPG),"Express the following as a sum of two odd primes :
1. 36 2. 42 3. 84 4. 98",N/A,,,,,,Other,Hard,Test Learning Outcome 1,"Skillone,skilltwo","tagone,tagtwo",1
CBSE,Class 5,Mathematics,Progress in Mathematics,Chapter 4 Factors and Multiples,,,Very Short Answer Questions (QPG),"Find the greatest 5-digit number which on dividing by 5, 10, 15, 20 and 25
leaves a remainder 4 in each case.",N/A,,,,,,Other,Hard,Test Learning Outcome 1,"Skillone,skilltwo","tagone,tagtwo",1
CBSE,Class 5,Mathematics,Progress in Mathematics,Chapter 4 Factors and Multiples,,,Very Short Answer Questions (QPG),"Find the greatest 6-digit number which when divided by 6, 12, 18 and 24
leaves a remainder 5 in each case.",N/A,,,,,,Other,Hard,Test Learning Outcome 1,"Skillone,skilltwo","tagone,tagtwo",1
CBSE,Class 5,Mathematics,Progress in Mathematics,Chapter 4 Factors and Multiples,,,Very Short Answer Questions (QPG),"Find the HCF of the following numbers by long division method :
1. 36, 144 2. 55, 85 3. 110, 154 4. 236, 325",N/A,,,,,,Other,Hard,Test Learning Outcome 1,"Skillone,skilltwo","tagone,tagtwo",1
CBSE,Class 5,Mathematics,Progress in Mathematics,Chapter 4 Factors and Multiples,,,Very Short Answer Questions (QPG),"Find the least 5-digit number which on dividing by 4, 12, 20 and 24 leaves a remainder 3 in each case.",N/A,,,,,,Other,Hard,Test Learning Outcome 1,"Skillone,skilltwo","tagone,tagtwo",1
CBSE,Class 5,Mathematics,Progress in Mathematics,Chapter 4 Factors and Multiples,,,Very Short Answer Questions (QPG),"Find the least number which on adding 9 to it becomes exactly divisible by 15, 25,
30 and 45.",N/A,,,,,,Other,Hard,Test Learning Outcome 1,"Skillone,skilltwo","tagone,tagtwo",1
CBSE,Class 5,Mathematics,Progress in Mathematics,Chapter 4 Factors and Multiples,,,Very Short Answer Questions (QPG),"Find the smallest number which when divided by 15, 25 and 35 leaves a remainder
of 5 in each case.",N/A,,,,,,Other,Hard,Test Learning Outcome 1,"Skillone,skilltwo","tagone,tagtwo",1
CBSE,Class 5,Mathematics,Progress in Mathematics,Chapter 4 Factors and Multiples,,,Very Short Answer Questions (QPG),"Find the greatest number which divides 144, 189 and 198 completely.",N/A,,,,,,Other,Hard,Test Learning Outcome 1,"Skillone,skilltwo","tagone,tagtwo",1
CBSE,Class 5,Mathematics,Progress in Mathematics,Chapter 4 Factors and Multiples,,,Multiple Choice Question (QPG) Test Paper,All the prime factors of 96 are :,N/A,"1, 2, 3, 4, 6, 8, 12, 16, 24, 32, 48, 96","2, 2, 2, 2, 2, 3","2, 2, 2, 3","2, 2, 2, 2, 3",,Other,Hard,Test Learning Outcome 1,"Skillone,skilltwo","tagone,tagtwo",1
CBSE,Class 5,Mathematics,Progress in Mathematics,Chapter 4 Factors and Multiples,,,Multiple Choice Question (QPG) Test Paper,HCF of 10 and 15 is :,N/A,1,5,10,15,,Other,Hard,Test Learning Outcome 1,"Skillone,skilltwo","tagone,tagtwo",1
CBSE,Class 5,Mathematics,Progress in Mathematics,Chapter 4 Factors and Multiples,,,Multiple Choice Question (QPG) Test Paper,HCF of 36 and 144 is :,N/A,36,144,4,2,,Other,Hard,Test Learning Outcome 1,"Skillone,skilltwo","tagone,tagtwo",1
CBSE,Class 5,Mathematics,Progress in Mathematics,Chapter 4 Factors and Multiples,,,Multiple Choice Question (QPG) Test Paper,HCF of 8 and 25 is :,N/A,1,8,25,200,,Other,Hard,Test Learning Outcome 1,"Skillone,skilltwo","tagone,tagtwo",1
CBSE,Class 5,Mathematics,Progress in Mathematics,Chapter 4 Factors and Multiples,,,Multiple Choice Question (QPG) Test Paper,LCM of 5 and 6 is :,N/A,5,6,30,11,,Other,Hard,Test Learning Outcome 1,"Skillone,skilltwo","tagone,tagtwo",1
CBSE,Class 5,Mathematics,Progress in Mathematics,Chapter 4 Factors and Multiples,,,Multiple Choice Question (QPG) Test Paper,Number of prime numbers between 50 to 60 is :,N/A,1,2,3,4,,Other,Hard,Test Learning Outcome 1,"Skillone,skilltwo","tagone,tagtwo",1
CBSE,Class 5,Mathematics,Progress in Mathematics,Chapter 4 Factors and Multiples,,,Multiple Choice Question (QPG) Test Paper,"Smallest common multiple of 36, 24 and 48 is :",N/A,72,144,98,120,,Other,Hard,Test Learning Outcome 1,"Skillone,skilltwo","tagone,tagtwo",1
CBSE,Class 5,Mathematics,Progress in Mathematics,Chapter 4 Factors and Multiples,,,Multiple Choice Question (QPG) Test Paper,The difference between the greatest factors of 56 and 23 is :,N/A,13,23,33,43,,Other,Hard,Test Learning Outcome 1,"Skillone,skilltwo","tagone,tagtwo",1
CBSE,Class 5,Mathematics,Progress in Mathematics,Chapter 4 Factors and Multiples,,,Multiple Choice Question (QPG) Test Paper,The largest number which divides 252 and 342 exactly is :,N/A,12,14,18,9,,Other,Hard,Test Learning Outcome 1,"Skillone,skilltwo","tagone,tagtwo",1
CBSE,Class 5,Mathematics,Progress in Mathematics,Chapter 4 Factors and Multiples,,,Multiple Choice Question (QPG) Test Paper,The largest prime factor of 80 is :,N/A,1,2,5,16,,Other,Hard,Test Learning Outcome 1,"Skillone,skilltwo","tagone,tagtwo",1
CBSE,Class 5,Mathematics,Progress in Mathematics,Chapter 4 Factors and Multiples,,,Multiple Choice Question (QPG) Test Paper,"The LCM of 5, 6, 7 is :",N/A,30,42,210,420,,Other,Hard,Test Learning Outcome 1,"Skillone,skilltwo","tagone,tagtwo",1
CBSE,Class 5,Mathematics,Progress in Mathematics,Chapter 4 Factors and Multiples,,,Multiple Choice Question (QPG) Test Paper,"The least number which is divisible by 2, 4, 6, is :",N/A,24,48,8,12,,Other,Hard,Test Learning Outcome 1,"Skillone,skilltwo","tagone,tagtwo",1
CBSE,Class 5,Mathematics,Progress in Mathematics,Chapter 4 Factors and Multiples,,,Multiple Choice Question (QPG) Test Paper,The number which has more than two factors is called :,N/A,Even,Prime,Composite,Odd,,Other,Hard,Test Learning Outcome 1,"Skillone,skilltwo","tagone,tagtwo",1
CBSE,Class 5,Mathematics,Progress in Mathematics,Chapter 4 Factors and Multiples,,,Multiple Choice Question (QPG) Test Paper,The prime factorisation of 54 is :,N/A,2 × 3 × 9,3 × 3 × 6,6 × 9,2 × 3 × 3 × 3,,Other,Hard,Test Learning Outcome 1,"Skillone,skilltwo","tagone,tagtwo",1
CBSE,Class 5,Mathematics,Progress in Mathematics,Chapter 4 Factors and Multiples,,,Multiple Choice Question (QPG) Test Paper,The prime factors of 28 are :,N/A,"2, 2, 2007","1, 2, 2, 7","1, 2, 4, 7, 14, 28","1, 2, 14, 28",,Other,Hard,Test Learning Outcome 1,"Skillone,skilltwo","tagone,tagtwo",1
CBSE,Class 5,Mathematics,Progress in Mathematics,Chapter 4 Factors and Multiples,,,Multiple Choice Question (QPG) Test Paper,The prime number that comes just after 43 is :,N/A,49,45,47,53,,Other,Hard,Test Learning Outcome 1,"Skillone,skilltwo","tagone,tagtwo",1
CBSE,Class 5,Mathematics,Progress in Mathematics,Chapter 4 Factors and Multiples,,,Multiple Choice Question (QPG) Test Paper,Which of the following is divisible by 6?,N/A,"87,90,432","9,86,71,402","8,54,92,014","63,29,169",,Other,Hard,Test Learning Outcome 1,"Skillone,skilltwo","tagone,tagtwo",1
CBSE,Class 5,Mathematics,Progress in Mathematics,Chapter 4 Factors and Multiples,,,Multiple Choice Question (QPG) Test Paper,Which of the following numbers is divisible by 3?,N/A,"2,43,57,806","3,57,69,812","8,34,79,560","33,36,433",,Other,Hard,Test Learning Outcome 1,"Skillone,skilltwo","tagone,tagtwo",1
CBSE,Class 5,Mathematics,Progress in Mathematics,Chapter 4 Factors and Multiples,,,Multiple Choice Question (QPG) Test Paper,Which of the following numbers is divisible by 5?,N/A,"9,87,265","35,78,421","55,55,552","6,44,738",,Other,Hard,Test Learning Outcome 1,"Skillone,skilltwo","tagone,tagtwo",1
CBSE,Class 5,Mathematics,Progress in Mathematics,Chapter 4 Factors and Multiples,,,Multiple Choice Question (QPG) Test Paper,Which of the following numbers is divisible by 9?,N/A,"4,56,789","31,12,658","9,01,351","96,60,123",,Other,Hard,Test Learning Outcome 1,"Skillone,skilltwo","tagone,tagtwo",1
CBSE,Class 5,Mathematics,Progress in Mathematics,Chapter 4 Factors and Multiples,,,Short Answer Questions (QPG),"Check whether the following numbers are divisible by 4 :
1. 8,364 2. 7,314 3. 3,671 4. 90,82,746",N/A,,,,,,Other,Hard,Test Learning Outcome 1,"Skillone,skilltwo","tagone,tagtwo",1
CBSE,Class 5,Mathematics,Progress in Mathematics,Chapter 4 Factors and Multiples,,,Short Answer Questions (QPG),"Find the HCF of the following numbers by long division method :
1. 130,156 2. 363, 484 3. 576, 672 4. 475, 575",N/A,,,,,,Other,Hard,Test Learning Outcome 1,"Skillone,skilltwo","tagone,tagtwo",1
CBSE,Class 5,Mathematics,Progress in Mathematics,Chapter 4 Factors and Multiples,,,Short Answer Questions (QPG),Which is the smallest composite number?,N/A,,,,,,Other,Hard,Test Learning Outcome 1,"Skillone,skilltwo","tagone,tagtwo",1
CBSE,Class 5,Mathematics,Progress in Mathematics,Chapter 4 Factors and Multiples,,,Short Answer Questions (QPG),Write all composite numbers between (a) 20 and 40; (b) 60 and 80.,N/A,,,,,,Other,Hard,Test Learning Outcome 1,"Skillone,skilltwo","tagone,tagtwo",1
CBSE,Class 5,Mathematics,Progress in Mathematics,Chapter 4 Factors and Multiples,,,Short Answer Questions (QPG),Write down all prime numbers between (a) 30 and 50; (b) 70 and 90.,N/A,,,,,,Other,Hard,Test Learning Outcome 1,"Skillone,skilltwo","tagone,tagtwo",1
CBSE,Class 5,Mathematics,Progress in Mathematics,Chapter 4 Factors and Multiples,,,Short Answer Questions (QPG),Write the pairs of twin primes between 50 and 100.,N/A,,,,,,Other,Hard,Test Learning Outcome 1,"Skillone,skilltwo","tagone,tagtwo",1
CBSE,Class 5,Mathematics,Progress in Mathematics,Chapter 4 Factors and Multiples,,,Value Based Question,"List all the factors of the following :
1. 24 2. 20 3. 56 4. 72 5. 81",N/A,,,,,,Other,Hard,Test Learning Outcome 1,"Skillone,skilltwo","tagone,tagtwo",1
CBSE,Class 5,Mathematics,Progress in Mathematics,Chapter 4 Factors and Multiples,,,Very Short Answer Questions (QPG),"Express each of the following as a sum of two primes :
1. 20 2. 68 3. 84 4. 114",N/A,,,,,,Other,Hard,Test Learning Outcome 1,"Skillone,skilltwo","tagone,tagtwo",1
CBSE,Class 5,Mathematics,Progress in Mathematics,Chapter 4 Factors and Multiples,,,Very Short Answer Questions (QPG),"Write all the factors of :
1. 26 2. 65 3. 144 4. 256",N/A,,,,,,Other,Hard,Test Learning Outcome 1,"Skillone,skilltwo","tagone,tagtwo",1
CBSE,Class 5,Mathematics,Progress in Mathematics,Chapter 5 Fraction,,,Multiple Choice Question (QPG) Test Paper,"The sum of 7 12,11 12 and 9 12 is :",N/A,26,,,,,Other,Hard,Test Learning Outcome 1,"Skillone,skilltwo","tagone,tagtwo",1
CBSE,Class 5,Mathematics,Progress in Mathematics,Chapter 5 Fraction,,,Multiple Choice Question (QPG) Test Paper,"The sum of 8 4, 9 6 and 8 5 is :",N/A,152,,,,,Other,Hard,Test Learning Outcome 1,"Skillone,skilltwo","tagone,tagtwo",1
CBSE,Class 5,Mathematics,Progress in Mathematics,Chapter 6 Decimals,,,Multiple Choice Question (QPG) Test Paper,0.6 + 0.06 + 1.06 is :,N/A,17.2,0.72,2.72,1.72,,Other,Hard,Test Learning Outcome 1,"Skillone,skilltwo","tagone,tagtwo",1
CBSE,Class 5,Mathematics,Progress in Mathematics,Chapter 6 Decimals,,,Multiple Choice Question (QPG) Test Paper,Difference between 15.14 and 12.11 is :,N/A,30.3,33.3,3.03,33.03,,Other,Hard,Test Learning Outcome 1,"Skillone,skilltwo","tagone,tagtwo",1
CBSE,Class 5,Mathematics,Progress in Mathematics,Chapter 6 Decimals,,,Multiple Choice Question (QPG) Test Paper,"The greatest among 5.55, 55.55, 555.55 and 5.055 is :",N/A,5.55,555.55,55.55,5.055,,Other,Hard,Test Learning Outcome 1,"Skillone,skilltwo","tagone,tagtwo",1
CBSE,Class 5,Mathematics,Progress in Mathematics,Chapter 6 Decimals,,,Multiple Choice Question (QPG) Test Paper,"The greatest number among 0.74, 7.4, 7.04 and 7.004 is :",N/A,0.74,7.04,7.4,7.004,,Other,Hard,Test Learning Outcome 1,"Skillone,skilltwo","tagone,tagtwo",1
CBSE,Class 5,Mathematics,Progress in Mathematics,Chapter 6 Decimals,,,Multiple Choice Question (QPG) Test Paper,"The smallest among 3.3, 33.3, 333.3 and 1.3 is :",N/A,3.3,333.3,33.3,1.3,,Other,Hard,Test Learning Outcome 1,"Skillone,skilltwo","tagone,tagtwo",1
CBSE,Class 5,Mathematics,Progress in Mathematics,Chapter 6 Decimals,,,Multiple Choice Question (QPG) Test Paper,"The smallest number among 1.187, 1.07, 0.07 and 0.17 is",N/A,1.187,0.07,1.07,0.17,,Other,Hard,Test Learning Outcome 1,"Skillone,skilltwo","tagone,tagtwo",1
CBSE,Class 5,Mathematics,Progress in Mathematics,Chapter 6 Decimals,,,Multiple Choice Question (QPG) Test Paper,"The smallest number among 3.76, 9.98, 0.35 and 1.15 is :",N/A,3.76,0.35,9.98,1.15,,Other,Hard,Test Learning Outcome 1,"Skillone,skilltwo","tagone,tagtwo",1
CBSE,Class 5,Mathematics,Progress in Mathematics,Chapter 7 Measurement,,,Fill in the blank (QPG),1 l = ____________ dl,N/A,,,,,,Other,Hard,Test Learning Outcome 1,"Skillone,skilltwo","tagone,tagtwo",1
CBSE,Class 5,Mathematics,Progress in Mathematics,Chapter 7 Measurement,,,Fill in the blank (QPG),14 cl = ____________ ml,N/A,,,,,,Other,Hard,Test Learning Outcome 1,"Skillone,skilltwo","tagone,tagtwo",1
CBSE,Class 5,Mathematics,Progress in Mathematics,Chapter 7 Measurement,,,Fill in the blank (QPG),2 hm = ____________ m,N/A,,,,,,Other,Hard,Test Learning Outcome 1,"Skillone,skilltwo","tagone,tagtwo",1
CBSE,Class 5,Mathematics,Progress in Mathematics,Chapter 7 Measurement,,,Fill in the blank (QPG),25 m = ____________ mm,N/A,,,,,,Other,Hard,Test Learning Outcome 1,"Skillone,skilltwo","tagone,tagtwo",1
CBSE,Class 5,Mathematics,Progress in Mathematics,Chapter 7 Measurement,,,Fill in the blank (QPG),400 cg = ____________ g,N/A,,,,,,Other,Hard,Test Learning Outcome 1,"Skillone,skilltwo","tagone,tagtwo",1
CBSE,Class 5,Mathematics,Progress in Mathematics,Chapter 7 Measurement,,,Fill in the blank (QPG),4372 ml = ____________ l,N/A,,,,,,Other,Hard,Test Learning Outcome 1,"Skillone,skilltwo","tagone,tagtwo",1
CBSE,Class 5,Mathematics,Progress in Mathematics,Chapter 7 Measurement,,,Fill in the blank (QPG),5 hm = ____________ m,N/A,,,,,,Other,Hard,Test Learning Outcome 1,"Skillone,skilltwo","tagone,tagtwo",1
CBSE,Class 5,Mathematics,Progress in Mathematics,Chapter 7 Measurement,,,Fill in the blank (QPG),500 dag = ____________ kg,N/A,,,,,,Other,Hard,Test Learning Outcome 1,"Skillone,skilltwo","tagone,tagtwo",1
CBSE,Class 5,Mathematics,Progress in Mathematics,Chapter 7 Measurement,,,Fill in the blank (QPG),63 dl = ____________ ml,N/A,,,,,,Other,Hard,Test Learning Outcome 1,"Skillone,skilltwo","tagone,tagtwo",1
CBSE,Class 5,Mathematics,Progress in Mathematics,Chapter 7 Measurement,,,Fill in the blank (QPG),"70,000 m = ____________ km",N/A,,,,,,Other,Hard,Test Learning Outcome 1,"Skillone,skilltwo","tagone,tagtwo",1
CBSE,Class 5,Mathematics,Progress in Mathematics,Chapter 7 Measurement,,,Multiple Choice Question (QPG) Test Paper,Multiplicative inverse of,N/A,,,,,,Other,Hard,Test Learning Outcome 1,"Skillone,skilltwo","tagone,tagtwo",1
CBSE,Class 5,Mathematics,Progress in Mathematics,Chapter 7 Measurement,,,Multiple Choice Question (QPG) Test Paper,"2,83,571 ÷ 1,000 gives quotient and remainder respectively as :",N/A,"283, 71","2835, 71","283, 571","28, 371",,Other,Hard,Test Learning Outcome 1,"Skillone,skilltwo","tagone,tagtwo",1
CBSE,Class 5,Mathematics,Progress in Mathematics,Chapter 7 Measurement,,,Multiple Choice Question (QPG) Test Paper,26 km 529 m + 12 km 780 m gives :,N/A,3 km 309 m,39 km 39 m,39 km 309 m,93 km 309 m,,Other,Hard,Test Learning Outcome 1,"Skillone,skilltwo","tagone,tagtwo",1
CBSE,Class 5,Mathematics,Progress in Mathematics,Chapter 7 Measurement,,,Multiple Choice Question (QPG) Test Paper,30 kg is equal to :,N/A,30 g,300 g,3000 g,30000 g,,Other,Hard,Test Learning Outcome 1,"Skillone,skilltwo","tagone,tagtwo",1
CBSE,Class 5,Mathematics,Progress in Mathematics,Chapter 7 Measurement,,,Multiple Choice Question (QPG) Test Paper,357 kg 940 g ÷ 11 gives :,N/A,32.54 kg,34.52 kg,35.24 kg,34.25 kg,,Other,Hard,Test Learning Outcome 1,"Skillone,skilltwo","tagone,tagtwo",1
CBSE,Class 5,Mathematics,Progress in Mathematics,Chapter 7 Measurement,,,Multiple Choice Question (QPG) Test Paper,375 ml = ____________ cl,N/A,0.375,3.75,37.5,3750,,Other,Hard,Test Learning Outcome 1,"Skillone,skilltwo","tagone,tagtwo",1
CBSE,Class 5,Mathematics,Progress in Mathematics,Chapter 7 Measurement,,,Multiple Choice Question (QPG) Test Paper,4 kg 795 g × 8 is equal to :,N/A,38.360 kg,38.260 kg,37.360 kg,38.160 kg,,Other,Hard,Test Learning Outcome 1,"Skillone,skilltwo","tagone,tagtwo",1
CBSE,Class 5,Mathematics,Progress in Mathematics,Chapter 7 Measurement,,,Multiple Choice Question (QPG) Test Paper,4 km 976 m ÷ 8 is equal to :,N/A,0.622 km,6.22 km,62.2 km,622 km,,Other,Hard,Test Learning Outcome 1,"Skillone,skilltwo","tagone,tagtwo",1
CBSE,Class 5,Mathematics,Progress in Mathematics,Chapter 7 Measurement,,,Multiple Choice Question (QPG) Test Paper,42 l 560 ml ÷ 7 gives :,N/A,6 l 080 ml,6 l 180 ml,6 l 280 ml,6 l 380 ml,,Other,Hard,Test Learning Outcome 1,"Skillone,skilltwo","tagone,tagtwo",1
CBSE,Class 5,Mathematics,Progress in Mathematics,Chapter 7 Measurement,,,Multiple Choice Question (QPG) Test Paper,450 g × 7 is equal to :,N/A,31.50 kg,3.150 kg,0.3150 kg,315.10 kg,,Other,Hard,Test Learning Outcome 1,"Skillone,skilltwo","tagone,tagtwo",1
CBSE,Class 5,Mathematics,Progress in Mathematics,Chapter 7 Measurement,,,Multiple Choice Question (QPG) Test Paper,5.789 km is equal to :,N/A,5789 m,5.789 m,57.89 m,578.9 m,,Other,Hard,Test Learning Outcome 1,"Skillone,skilltwo","tagone,tagtwo",1
CBSE,Class 5,Mathematics,Progress in Mathematics,Chapter 7 Measurement,,,Multiple Choice Question (QPG) Test Paper,500 dg is equal to :,N/A,5 g,50 g,0.05 g,0.5 g,,Other,Hard,Test Learning Outcome 1,"Skillone,skilltwo","tagone,tagtwo",1
CBSE,Class 5,Mathematics,Progress in Mathematics,Chapter 7 Measurement,,,Multiple Choice Question (QPG) Test Paper,6 l 700 ml × 7 is equal to :,N/A,12.53 l,46.90 l,85.65 l,124.75 l,,Other,Hard,Test Learning Outcome 1,"Skillone,skilltwo","tagone,tagtwo",1
CBSE,Class 5,Mathematics,Progress in Mathematics,Chapter 7 Measurement,,,Multiple Choice Question (QPG) Test Paper,7453 cl is equal to :,N/A,7.453 l,74.53 l,745.3 l,0.7453 l,,Other,Hard,Test Learning Outcome 1,"Skillone,skilltwo","tagone,tagtwo",1
CBSE,Class 5,Mathematics,Progress in Mathematics,Chapter 7 Measurement,,,Multiple Choice Question (QPG) Test Paper,"8,800 g is equal to :",N/A,88 kg,8 kg,8.8 kg,0.88 kg,,Other,Hard,Test Learning Outcome 1,"Skillone,skilltwo","tagone,tagtwo",1
CBSE,Class 5,Mathematics,Progress in Mathematics,Chapter 7 Measurement,,,Multiple Choice Question (QPG) Test Paper,84.6 dm = ____________ m,N/A,8.46,0.846,846,8460,,Other,Hard,Test Learning Outcome 1,"Skillone,skilltwo","tagone,tagtwo",1
CBSE,Class 5,Mathematics,Progress in Mathematics,Chapter 7 Measurement,,,Multiple Choice Question (QPG) Test Paper,9 cm = ____________ mm,N/A,0.9,90,900,9000,,Other,Hard,Test Learning Outcome 1,"Skillone,skilltwo","tagone,tagtwo",1
CBSE,Class 5,Mathematics,Progress in Mathematics,Chapter 7 Measurement,,,Multiple Choice Question (QPG) Test Paper,"Four hundred seven million, one thousand, fifty can be written as :",N/A,407010050,407001050,407100005,407010005,,Other,Hard,Test Learning Outcome 1,"Skillone,skilltwo","tagone,tagtwo",1
CBSE,Class 5,Mathematics,Progress in Mathematics,Chapter 7 Measurement,,,Multiple Choice Question (QPG) Test Paper,LCM of 28 and 30 is :,N/A,840,850,400,420,,Other,Hard,Test Learning Outcome 1,"Skillone,skilltwo","tagone,tagtwo",1
CBSE,Class 5,Mathematics,Progress in Mathematics,Chapter 7 Measurement,,,Multiple Choice Question (QPG) Test Paper,"On subtracting 12 m 45 cm from 18 m 35 cm, we get :",N/A,0.590 m,5.9 m,590 m,5900 m,,Other,Hard,Test Learning Outcome 1,"Skillone,skilltwo","tagone,tagtwo",1
CBSE,Class 5,Mathematics,Progress in Mathematics,Chapter 7 Measurement,,,Multiple Choice Question (QPG) Test Paper,"The difference between the place values of two 5s in 87,50,156 is :",N/A,49950,50050,49590,49500,,Other,Hard,Test Learning Outcome 1,"Skillone,skilltwo","tagone,tagtwo",1
CBSE,Class 5,Mathematics,Progress in Mathematics,Chapter 7 Measurement,,,True or False (QPG),0.01 × 0.01 and 0.001 × 0.1 give the same product. _______,N/A,,,,,,Other,Hard,Test Learning Outcome 1,"Skillone,skilltwo","tagone,tagtwo",1
CBSE,Class 5,Mathematics,Progress in Mathematics,Chapter 7 Measurement,,,True or False (QPG),"2,61,576 is divisible by 9. _______",N/A,,,,,,Other,Hard,Test Learning Outcome 1,"Skillone,skilltwo","tagone,tagtwo",1
CBSE,Class 5,Mathematics,Progress in Mathematics,Chapter 7 Measurement,,,True or False (QPG),8 dg 8 cg is same as 8.8 cg. _______,N/A,,,,,,Other,Hard,Test Learning Outcome 1,"Skillone,skilltwo","tagone,tagtwo",1
CBSE,Class 5,Mathematics,Progress in Mathematics,Chapter 7 Measurement,,,True or False (QPG),"In Roman numerals, 100 can be written as LL. _______",N/A,,,,,,Other,Hard,Test Learning Outcome 1,"Skillone,skilltwo","tagone,tagtwo",1
CBSE,Class 5,Mathematics,Progress in Mathematics,Chapter 7 Measurement,,,True or False (QPG),LCM of two consecutive even numbers is 2. _______,N/A,,,,,,Other,Hard,Test Learning Outcome 1,"Skillone,skilltwo","tagone,tagtwo",1
CBSE,Class 5,Mathematics,Progress in Mathematics,Chapter 7 Measurement,,,True or False (QPG),"The smallest 6-digit number using the digits 2, 5, 1, 0 is 1,10,025. _______",N/A,,,,,,Other,Hard,Test Learning Outcome 1,"Skillone,skilltwo","tagone,tagtwo",1
CBSE,Class 5,Mathematics,Progress in Mathematics,Chapter 8 Geometry,,,Multiple Choice Question (QPG) Test Paper,A geometrical figure which has no size but has position is :,N/A,line,angle,point,square,,Other,Hard,Test Learning Outcome 1,"Skillone,skilltwo","tagone,tagtwo",1
CBSE,Class 5,Mathematics,Progress in Mathematics,Chapter 8 Geometry,,,Multiple Choice Question (QPG) Test Paper,A line has _________ end points.,N/A,1,2,3,No,,Other,Hard,Test Learning Outcome 1,"Skillone,skilltwo","tagone,tagtwo",1
CBSE,Class 5,Mathematics,Progress in Mathematics,Chapter 8 Geometry,,,Multiple Choice Question (QPG) Test Paper,A line segment has ________ end points.,N/A,3,1,2,4,,Other,Hard,Test Learning Outcome 1,"Skillone,skilltwo","tagone,tagtwo",1
CBSE,Class 5,Mathematics,Progress in Mathematics,Chapter 8 Geometry,,,Multiple Choice Question (QPG) Test Paper,A ray has ________ end points.,N/A,1,2,3,No,,Other,Hard,Test Learning Outcome 1,"Skillone,skilltwo","tagone,tagtwo",1
CBSE,Class 5,Mathematics,Progress in Mathematics,Chapter 8 Geometry,,,Multiple Choice Question (QPG) Test Paper,A right angle always measures :,N/A,90°,45°,105°,180°,,Other,Hard,Test Learning Outcome 1,"Skillone,skilltwo","tagone,tagtwo",1
CBSE,Class 5,Mathematics,Progress in Mathematics,Chapter 8 Geometry,,,Multiple Choice Question (QPG) Test Paper,A triangle has ________ angles.,N/A,1,2,3,4,,Other,Hard,Test Learning Outcome 1,"Skillone,skilltwo","tagone,tagtwo",1
CBSE,Class 5,Mathematics,Progress in Mathematics,Chapter 8 Geometry,,,Multiple Choice Question (QPG) Test Paper,A triangle having all the three sides of different length is called :,N/A,scalene triangle,equilateral triangle,isosceles triangle,right angled triangle,,Other,Hard,Test Learning Outcome 1,"Skillone,skilltwo","tagone,tagtwo",1
CBSE,Class 5,Mathematics,Progress in Mathematics,Chapter 8 Geometry,,,Multiple Choice Question (QPG) Test Paper,A triangle with two equal sides is called :,N/A,a scalene triangle,an isosceles triangle,an equilateral triangle,right triangle,,Other,Hard,Test Learning Outcome 1,"Skillone,skilltwo","tagone,tagtwo",1
CBSE,Class 5,Mathematics,Progress in Mathematics,Chapter 8 Geometry,,,Multiple Choice Question (QPG) Test Paper,"An angle whose measure is less than 90°, but more than 0° is :",N/A,acute angle,obtuse angle,right angle,straight angle,,Other,Hard,Test Learning Outcome 1,"Skillone,skilltwo","tagone,tagtwo",1
CBSE,Class 5,Mathematics,Progress in Mathematics,Chapter 8 Geometry,,,Multiple Choice Question (QPG) Test Paper,Angles are measured in :,N/A,degrees,protractor,compass,centimetres,,Other,Hard,Test Learning Outcome 1,"Skillone,skilltwo","tagone,tagtwo",1
CBSE,Class 5,Mathematics,Progress in Mathematics,Chapter 8 Geometry,,,Multiple Choice Question (QPG) Test Paper,In a parallelogram :,N/A,all sides are equal,all angles are equal,opposite sides are parallel,none of these,,Other,Hard,Test Learning Outcome 1,"Skillone,skilltwo","tagone,tagtwo",1
CBSE,Class 5,Mathematics,Progress in Mathematics,Chapter 8 Geometry,,,Multiple Choice Question (QPG) Test Paper,In a rhomhus :,N/A,all sides are equal,all angles measures 90°,all angles are equal,none of these,,Other,Hard,Test Learning Outcome 1,"Skillone,skilltwo","tagone,tagtwo",1
CBSE,Class 5,Mathematics,Progress in Mathematics,Chapter 8 Geometry,,,Multiple Choice Question (QPG) Test Paper,In a trapezium :,N/A,opposite sides are equal,opposite angles are equal,all angles are equal,one pair of opposite sides are parallel,,Other,Hard,Test Learning Outcome 1,"Skillone,skilltwo","tagone,tagtwo",1
CBSE,Class 5,Mathematics,Progress in Mathematics,Chapter 8 Geometry,,,Multiple Choice Question (QPG) Test Paper,Instrument used to measure or construct angles is :,N/A,compass,scale,protractor,set squares,,Other,Hard,Test Learning Outcome 1,"Skillone,skilltwo","tagone,tagtwo",1
CBSE,Class 5,Mathematics,Progress in Mathematics,Chapter 8 Geometry,,,Multiple Choice Question (QPG) Test Paper,The common end point of an angle is called its :,N/A,side,arm,vertex,ray,,Other,Hard,Test Learning Outcome 1,"Skillone,skilltwo","tagone,tagtwo",1
CBSE,Class 5,Mathematics,Progress in Mathematics,Chapter 8 Geometry,,,Multiple Choice Question (QPG) Test Paper,The figure shown here is :,N/A,a quadrilateral,a scalene triangle,an equilateral triangle,an isosceles triangle,,Other,Hard,Test Learning Outcome 1,"Skillone,skilltwo","tagone,tagtwo",1
CBSE,Class 5,Mathematics,Progress in Mathematics,Chapter 8 Geometry,,,Multiple Choice Question (QPG) Test Paper,The longest chord of the circle is :,N/A,radius,diameter,chord,circumference,,Other,Hard,Test Learning Outcome 1,"Skillone,skilltwo","tagone,tagtwo",1
CBSE,Class 5,Mathematics,Progress in Mathematics,Chapter 8 Geometry,,,Multiple Choice Question (QPG) Test Paper,"The measure of an ________ is more than 90°, but less than 180°.",N/A,obtuse angle,acute angle,right angle,straight angle,,Other,Hard,Test Learning Outcome 1,"Skillone,skilltwo","tagone,tagtwo",1
CBSE,Class 5,Mathematics,Progress in Mathematics,Chapter 8 Geometry,,,Multiple Choice Question (QPG) Test Paper,The measure of the straight angle is :,N/A,90°,45°,105°,180°,,Other,Hard,Test Learning Outcome 1,"Skillone,skilltwo","tagone,tagtwo",1
CBSE,Class 5,Mathematics,Progress in Mathematics,Chapter 8 Geometry,,,Multiple Choice Question (QPG) Test Paper,The total length of the boundry of a circle is called its :,N/A,radius,diameter,chord,circumference,,Other,Hard,Test Learning Outcome 1,"Skillone,skilltwo","tagone,tagtwo",1
CBSE,Class 5,Mathematics,Progress in Mathematics,Chapter 8 Geometry,,,Multiple Choice Question (QPG) Test Paper,We need ________ non-collinear points to draw a triangle.,N/A,2,5,3,7,,Other,Hard,Test Learning Outcome 1,"Skillone,skilltwo","tagone,tagtwo",1
CBSE,Class 5,Mathematics,Progress in Mathematics,Chapter 8 Geometry,,,Multiple Choice Question (QPG) Test Paper,Which of the following has a definite length?,N/A,point,line,line segment,ray,,Other,Hard,Test Learning Outcome 1,"Skillone,skilltwo","tagone,tagtwo",1
CBSE,Class 5,Mathematics,Progress in Mathematics,Chapter 8 Geometry,,,True or False (QPG),89° is an acute angle. __________,N/A,,,,,,Other,Hard,Test Learning Outcome 1,"Skillone,skilltwo","tagone,tagtwo",1
CBSE,Class 5,Mathematics,Progress in Mathematics,Chapter 8 Geometry,,,True or False (QPG),A circle has only one centre. ________,N/A,,,,,,Other,Hard,Test Learning Outcome 1,"Skillone,skilltwo","tagone,tagtwo",1
CBSE,Class 5,Mathematics,Progress in Mathematics,Chapter 8 Geometry,,,True or False (QPG),A circle is a polygon. ________,N/A,,,,,,Other,Hard,Test Learning Outcome 1,"Skillone,skilltwo","tagone,tagtwo",1
CBSE,Class 5,Mathematics,Progress in Mathematics,Chapter 8 Geometry,,,True or False (QPG),A line has two end points. __________,N/A,,,,,,Other,Hard,Test Learning Outcome 1,"Skillone,skilltwo","tagone,tagtwo",1
CBSE,Class 5,Mathematics,Progress in Mathematics,Chapter 8 Geometry,,,True or False (QPG),A line segment has a definite length. __________,N/A,,,,,,Other,Hard,Test Learning Outcome 1,"Skillone,skilltwo","tagone,tagtwo",1
CBSE,Class 5,Mathematics,Progress in Mathematics,Chapter 8 Geometry,,,True or False (QPG),A line segment has two end points. __________,N/A,,,,,,Other,Hard,Test Learning Outcome 1,"Skillone,skilltwo","tagone,tagtwo",1
CBSE,Class 5,Mathematics,Progress in Mathematics,Chapter 8 Geometry,,,True or False (QPG),"A point has no length, no breadth and no thickness. __________",N/A,,,,,,Other,Hard,Test Learning Outcome 1,"Skillone,skilltwo","tagone,tagtwo",1
CBSE,Class 5,Mathematics,Progress in Mathematics,Chapter 8 Geometry,,,True or False (QPG),A square has three lines of symmetry. ________,N/A,,,,,,Other,Hard,Test Learning Outcome 1,"Skillone,skilltwo","tagone,tagtwo",1
CBSE,Class 5,Mathematics,Progress in Mathematics,Chapter 8 Geometry,,,True or False (QPG),All radii of a circle are equal. ________,N/A,,,,,,Other,Hard,Test Learning Outcome 1,"Skillone,skilltwo","tagone,tagtwo",1
CBSE,Class 5,Mathematics,Progress in Mathematics,Chapter 8 Geometry,,,True or False (QPG),All squares are rectangles. ________,N/A,,,,,,Other,Hard,Test Learning Outcome 1,"Skillone,skilltwo","tagone,tagtwo",1
CBSE,Class 5,Mathematics,Progress in Mathematics,Chapter 8 Geometry,,,True or False (QPG),ÐABC and ÐCAB represent the same angle. __________,N/A,,,,,,Other,Hard,Test Learning Outcome 1,"Skillone,skilltwo","tagone,tagtwo",1
CBSE,Class 5,Mathematics,Progress in Mathematics,Chapter 8 Geometry,,,True or False (QPG),Every diameter of a circle is a chord. ________,N/A,,,,,,Other,Hard,Test Learning Outcome 1,"Skillone,skilltwo","tagone,tagtwo",1
CBSE,Class 5,Mathematics,Progress in Mathematics,Chapter 8 Geometry,,,True or False (QPG),Radius of a circle is double of its diameter. ________,N/A,,,,,,Other,Hard,Test Learning Outcome 1,"Skillone,skilltwo","tagone,tagtwo",1
CBSE,Class 5,Mathematics,Progress in Mathematics,Chapter 8 Geometry,,,True or False (QPG),Ray XY is different from ray YX. __________,N/A,,,,,,Other,Hard,Test Learning Outcome 1,"Skillone,skilltwo","tagone,tagtwo",1
CBSE,Class 5,Mathematics,Progress in Mathematics,Chapter 8 Geometry,,,True or False (QPG),The letter P has no line of symmetry. ________,N/A,,,,,,Other,Hard,Test Learning Outcome 1,"Skillone,skilltwo","tagone,tagtwo",1
CBSE,Class 5,Mathematics,Progress in Mathematics,Chapter 8 Geometry,,,True or False (QPG),Two-thirds of a right angle is 60°. __________,N/A,,,,,,Other,Hard,Test Learning Outcome 1,"Skillone,skilltwo","tagone,tagtwo",1
CBSE,Class 5,Mathematics,Progress in Mathematics,Chapter 9 Shapes and Patterns,,,Multiple Choice Question (QPG) Test Paper,Identify the turn taken by the block,N/A,One fourth anticlockwise,One fifth anticlockwise,One half anticlockwise,Three fourths anticlockwise,,Other,Hard,Test Learning Outcome 1,"Skillone,skilltwo","tagone,tagtwo",1
CBSE,Class 5,Mathematics,Progress in Mathematics,Chapter 9 Shapes and Patterns,,,Multiple Choice Question (QPG) Test Paper,"The next number in the pattern 4, 8, 16, 32, 64,... is :",N/A,324,128,628,226,,Other,Hard,Test Learning Outcome 1,"Skillone,skilltwo","tagone,tagtwo",1
CBSE,Class 5,Mathematics,Progress in Mathematics,Chapter 9 Shapes and Patterns,,,Multiple Choice Question (QPG) Test Paper,"The next number in the sequence 8, 17, 26, 35,... is :",N/A,44,54,63,75,,Other,Hard,Test Learning Outcome 1,"Skillone,skilltwo","tagone,tagtwo",1
CBSE,Class 5,Mathematics,Progress in Mathematics,Chapter 9 Shapes and Patterns,,,Multiple Choice Question (QPG) Test Paper,"The next number of the pattern 3, 5, 7, 9, 11,... is :",N/A,3,5,13,17,,Other,Hard,Test Learning Outcome 1,"Skillone,skilltwo","tagone,tagtwo",1
CBSE,Class 5,Mathematics,Progress in Mathematics,Chapter 9 Shapes and Patterns,,,Multiple Choice Question (QPG) Test Paper,"The next term in the sequence 2, 8, 14, 20, 26,... is :",N/A,22,32,42,52,,Other,Hard,Test Learning Outcome 1,"Skillone,skilltwo","tagone,tagtwo",1
CBSE,Class 6,Mathematics,Progress in Mathematics,Chapter 1 Knowing Our Numbers,,,Multiple Choice Question (QPG) Test Paper,The greatest 5-digit number is :,N/A,ten thousand,ninety thousand,ten lakh,ninety-nine thousand nine hundred ninety-nine,,Other,Hard,Test Learning Outcome 1,"Skillone,skilltwo","tagone,tagtwo",1
CBSE,Class 6,Mathematics,Progress in Mathematics,Chapter 1 Knowing Our Numbers,,,Multiple Choice Question (QPG) Test Paper,The number seventy thousand eight can be written in figures as :,N/A,70080,70800,70008,80007,,Other,Hard,Test Learning Outcome 1,"Skillone,skilltwo","tagone,tagtwo",1
CBSE,Class 6,Mathematics,Progress in Mathematics,Chapter 1 Knowing Our Numbers,,,Multiple Choice Question (QPG) Test Paper,The predecessor of 50000 is :,N/A,50001,49999,49000,49991,,Other,Hard,Test Learning Outcome 1,"Skillone,skilltwo","tagone,tagtwo",1
CBSE,Class 6,Mathematics,Progress in Mathematics,Chapter 1 Knowing Our Numbers,,,Multiple Choice Question (QPG) Test Paper,The smallest 4-digit number is :,N/A,one thousand,nine thousand,one lakh,nine thousand nine hundred ninety-nine,,Other,Hard,Test Learning Outcome 1,"Skillone,skilltwo","tagone,tagtwo",1
CBSE,Class 6,Mathematics,Progress in Mathematics,Chapter 1 Knowing Our Numbers,,,Multiple Choice Question (QPG) Test Paper,The successor of 89999 is :,N/A,9000,90000,89000,89900,,Other,Hard,Test Learning Outcome 1,"Skillone,skilltwo","tagone,tagtwo",1
CBSE,Class 6,Mathematics,Progress in Mathematics,Chapter 1 Knowing Our Numbers,,,Short Answer Questions (QPG),"Write the following Hindu-Arabic numerals in Roman numerals :
(a) 15 (b) 35 (c) 678 (d) 756 (e) 983",N/A,,,,,,Other,Hard,Test Learning Outcome 1,"Skillone,skilltwo","tagone,tagtwo",1
CBSE,Class 6,Mathematics,Progress in Mathematics,Chapter 1 Knowing Our Numbers,,,Short Answer Questions (QPG),"Write the following numbers in words :
(a) 20,80,428 (b) 10,01,100 (c) 69,99,099 (d) 81,89,190",N/A,,,,,,Other,Hard,Test Learning Outcome 1,"Skillone,skilltwo","tagone,tagtwo",1
CBSE,Class 6,Mathematics,Progress in Mathematics,Chapter 1 Knowing Our Numbers,,,Short Answer Questions (QPG),How many crores are there in ten million?,N/A,,,,,,Other,Hard,Test Learning Outcome 1,"Skillone,skilltwo","tagone,tagtwo",1
CBSE,Class 6,Mathematics,Progress in Mathematics,Chapter 1 Knowing Our Numbers,,,Short Answer Questions (QPG),How many digits are there in one hundred million?,N/A,,,,,,Other,Hard,Test Learning Outcome 1,"Skillone,skilltwo","tagone,tagtwo",1
CBSE,Class 6,Mathematics,Progress in Mathematics,Chapter 1 Knowing Our Numbers,,,Short Answer Questions (QPG),How many lakhs make a million?,N/A,,,,,,Other,Hard,Test Learning Outcome 1,"Skillone,skilltwo","tagone,tagtwo",1
CBSE,Class 6,Mathematics,Progress in Mathematics,Chapter 1 Knowing Our Numbers,,,True or False (QPG),I can be subtracted from V and X only,N/A,,,,,,Other,Hard,Test Learning Outcome 1,"Skillone,skilltwo","tagone,tagtwo",1
CBSE,Class 6,Mathematics,Progress in Mathematics,Chapter 1 Knowing Our Numbers,,,True or False (QPG),L can be repeated,N/A,,,,,,Other,Hard,Test Learning Outcome 1,"Skillone,skilltwo","tagone,tagtwo",1
CBSE,Class 6,Mathematics,Progress in Mathematics,Chapter 1 Knowing Our Numbers,,,True or False (QPG),V and L are never subtracted,N/A,,,,,,Other,Hard,Test Learning Outcome 1,"Skillone,skilltwo","tagone,tagtwo",1
CBSE,Class 6,Mathematics,Progress in Mathematics,Chapter 1 Knowing Our Numbers,,,True or False (QPG),X can be subtracted from M and D,N/A,,,,,,Other,Hard,Test Learning Outcome 1,"Skillone,skilltwo","tagone,tagtwo",1
CBSE,Class 6,Mathematics,Progress in Mathematics,Chapter 1 Knowing Our Numbers,,,Value Based Question,"Write the following numbers in figures :
(a) Six thousand sixty. 
(b) Seven thousand five hundred five.
(c) Fifteen thousand seven hundred six.",N/A,,,,,,Other,Hard,Test Learning Outcome 1,"Skillone,skilltwo","tagone,tagtwo",1
CBSE,Class 6,Mathematics,Progress in Mathematics,Chapter 1 Knowing Our Numbers,,,Value Based Question,"Write the following numbers in words :
(a) 3062 (b) 9851 (c) 25163 (d) 90503 (e) 10007",N/A,,,,,,Other,Hard,Test Learning Outcome 1,"Skillone,skilltwo","tagone,tagtwo",1
CBSE,Class 6,Mathematics,Progress in Mathematics,Chapter 2 Playing with Numbers,,,Very Short Answer Questions (QPG),"Express each of the following numbers as a sum of two prime numbers : 56, 80, 96, 100.",N/A,,,,,,Other,Hard,Test Learning Outcome 1,"Skillone,skilltwo","tagone,tagtwo",1
CBSE,Class 6,Mathematics,Progress in Mathematics,Chapter 2 Playing with Numbers,,,Matching Question (QPG),"(a) HCF of 9 and 36 (i) 12
(b) LCM of 4 and 12 (ii) 2
(c) Largest factor of 8 (iii) 9
(d) One prime factor of 64 (iv) 8",N/A,,,,,,Other,Hard,Test Learning Outcome 1,"Skillone,skilltwo","tagone,tagtwo",1
CBSE,Class 6,Mathematics,Progress in Mathematics,Chapter 2 Playing with Numbers,,,Multiple Choice Question (QPG) Test Paper,A prime number is a number which :,N/A,is divisible by 2,is not divisible by 2,has no factors,has exactly two factors,,Other,Hard,Test Learning Outcome 1,"Skillone,skilltwo","tagone,tagtwo",1
CBSE,Class 6,Mathematics,Progress in Mathematics,Chapter 2 Playing with Numbers,,,Multiple Choice Question (QPG) Test Paper,How many prime numbers are there up to 100 ?,N/A,20,22,23,25,,Other,Hard,Test Learning Outcome 1,"Skillone,skilltwo","tagone,tagtwo",1
CBSE,Class 6,Mathematics,Progress in Mathematics,Chapter 2 Playing with Numbers,,,Multiple Choice Question (QPG) Test Paper,The greatest 1-digit composite number is :,N/A,5,7,9,none of these,,Other,Hard,Test Learning Outcome 1,"Skillone,skilltwo","tagone,tagtwo",1
CBSE,Class 6,Mathematics,Progress in Mathematics,Chapter 2 Playing with Numbers,,,Multiple Choice Question (QPG) Test Paper,The numerical expression for ‘four multiplied by the sum of seven and three’ is :,N/A,4 × 7 + 3,7 + 3 × 4,4 × (7 + 3),4 + 7 × 3,,Other,Hard,Test Learning Outcome 1,"Skillone,skilltwo","tagone,tagtwo",1
CBSE,Class 6,Mathematics,Progress in Mathematics,Chapter 2 Playing with Numbers,,,Multiple Choice Question (QPG) Test Paper,The prime factors of 135 are :,N/A,"3, 3, 15","3, 5, 2009","3, 3, 3, 5",none of these,,Other,Hard,Test Learning Outcome 1,"Skillone,skilltwo","tagone,tagtwo",1
CBSE,Class 6,Mathematics,Progress in Mathematics,Chapter 2 Playing with Numbers,,,Multiple Choice Question (QPG) Test Paper,The smallest prime number is :,N/A,1,2,3,none of these,,Other,Hard,Test Learning Outcome 1,"Skillone,skilltwo","tagone,tagtwo",1
CBSE,Class 6,Mathematics,Progress in Mathematics,Chapter 2 Playing with Numbers,,,Multiple Choice Question (QPG) Test Paper,The value of 15 + 17 – (8 ÷ 2) × 3 is :,N/A,20,15,22,30,,Other,Hard,Test Learning Outcome 1,"Skillone,skilltwo","tagone,tagtwo",1
CBSE,Class 6,Mathematics,Progress in Mathematics,Chapter 2 Playing with Numbers,,,Multiple Choice Question (QPG) Test Paper,The value of 8 × 15 ÷ 3 + 2 is :,N/A,24,42,40,none of these,,Other,Hard,Test Learning Outcome 1,"Skillone,skilltwo","tagone,tagtwo",1
CBSE,Class 6,Mathematics,Progress in Mathematics,Chapter 2 Playing with Numbers,,,Multiple Choice Question (QPG) Test Paper,Which of the following is a pair of co-primes?,N/A,"5, 25","12, 27","9, 57","5, 39",,Other,Hard,Test Learning Outcome 1,"Skillone,skilltwo","tagone,tagtwo",1
CBSE,Class 6,Mathematics,Progress in Mathematics,Chapter 2 Playing with Numbers,,,Multiple Choice Question (QPG) Test Paper,Which of the following is a prime number?,N/A,57,11,169,193,,Other,Hard,Test Learning Outcome 1,"Skillone,skilltwo","tagone,tagtwo",1
CBSE,Class 6,Mathematics,Progress in Mathematics,Chapter 2 Playing with Numbers,,,Multiple Choice Question (QPG) Test Paper,Which of the following is true ?,N/A,Factors of a number are infinite,Multiples of a number are finite,1 is a factor of every number,1 is a prime number,,Other,Hard,Test Learning Outcome 1,"Skillone,skilltwo","tagone,tagtwo",1
CBSE,Class 6,Mathematics,Progress in Mathematics,Chapter 2 Playing with Numbers,,,Short Answer Questions (QPG),"Find the missing factor of :
(a) 18 = 1, 2, 3, 9, 18, ___________ (b) 63 = 1, 3, 9, 21, 63, ______________
(c) 64 = 1, 2, 4, 8, 16, 64, _________ (d) 105 = 1, 3, 5, 7, 15, 21, 105, _______",N/A,,,,,,Other,Hard,Test Learning Outcome 1,"Skillone,skilltwo","tagone,tagtwo",1
CBSE,Class 6,Mathematics,Progress in Mathematics,Chapter 2 Playing with Numbers,,,Short Answer Questions (QPG),"Find the value of :
(i) 30 + 14 ÷ 2 (ii) 150 – 30 ÷ 5
(iii) 15 – (2 of 2) + 4 (iv) 4 – (7 – 6 ÷ 2)",N/A,,,,,,Other,Hard,Test Learning Outcome 1,"Skillone,skilltwo","tagone,tagtwo",1
CBSE,Class 6,Mathematics,Progress in Mathematics,Chapter 2 Playing with Numbers,,,Short Answer Questions (QPG),Do you remember that every even number except 2 is the sum of two primes?,N/A,,,,,,Other,Hard,Test Learning Outcome 1,"Skillone,skilltwo","tagone,tagtwo",1
CBSE,Class 6,Mathematics,Progress in Mathematics,Chapter 2 Playing with Numbers,,,Short Answer Questions (QPG),LCM of two numbers is 45 and HCF is 3. Can you write the product of the two numbers?,N/A,,,,,,Other,Hard,Test Learning Outcome 1,"Skillone,skilltwo","tagone,tagtwo",1
CBSE,Class 6,Mathematics,Progress in Mathematics,Chapter 2 Playing with Numbers,,,True or False (QPG),0 is a multiple of every number.,N/A,,,,,,Other,Hard,Test Learning Outcome 1,"Skillone,skilltwo","tagone,tagtwo",1
CBSE,Class 6,Mathematics,Progress in Mathematics,Chapter 2 Playing with Numbers,,,True or False (QPG),1 is a factor of every number.,N/A,,,,,,Other,Hard,Test Learning Outcome 1,"Skillone,skilltwo","tagone,tagtwo",1
CBSE,Class 6,Mathematics,Progress in Mathematics,Chapter 2 Playing with Numbers,,,True or False (QPG),2 is the only even prime number.,N/A,,,,,,Other,Hard,Test Learning Outcome 1,"Skillone,skilltwo","tagone,tagtwo",1
CBSE,Class 6,Mathematics,Progress in Mathematics,Chapter 2 Playing with Numbers,,,True or False (QPG),Sum of two prime numbers is prime.,N/A,,,,,,Other,Hard,Test Learning Outcome 1,"Skillone,skilltwo","tagone,tagtwo",1
CBSE,Class 6,Mathematics,Progress in Mathematics,Chapter 2 Playing with Numbers,,,True or False (QPG),The product of three odd numbers is odd.,N/A,,,,,,Other,Hard,Test Learning Outcome 1,"Skillone,skilltwo","tagone,tagtwo",1
CBSE,Class 6,Mathematics,Progress in Mathematics,Chapter 3 Whole Numbers,,,Fill in the blank (QPG),‘0’ is the smallest _______________________ number.,N/A,,,,,,Other,Hard,Test Learning Outcome 1,"Skillone,skilltwo","tagone,tagtwo",1
CBSE,Class 6,Mathematics,Progress in Mathematics,Chapter 3 Whole Numbers,,,Fill in the blank (QPG),333 + 6345 = 6345 + ______________________,N/A,,,,,,Other,Hard,Test Learning Outcome 1,"Skillone,skilltwo","tagone,tagtwo",1
CBSE,Class 6,Mathematics,Progress in Mathematics,Chapter 3 Whole Numbers,,,Fill in the blank (QPG),456 + 500 + 44 = __________________________,N/A,,,,,,Other,Hard,Test Learning Outcome 1,"Skillone,skilltwo","tagone,tagtwo",1
CBSE,Class 6,Mathematics,Progress in Mathematics,Chapter 3 Whole Numbers,,,Fill in the blank (QPG),637 + 1000 + 363 = ____________________________,N/A,,,,,,Other,Hard,Test Learning Outcome 1,"Skillone,skilltwo","tagone,tagtwo",1
CBSE,Class 6,Mathematics,Progress in Mathematics,Chapter 3 Whole Numbers,,,Fill in the blank (QPG),9 + (225 + 107) = (9 + 225) + _______________________,N/A,,,,,,Other,Hard,Test Learning Outcome 1,"Skillone,skilltwo","tagone,tagtwo",1
CBSE,Class 6,Mathematics,Progress in Mathematics,Chapter 3 Whole Numbers,,,Fill in the blank (QPG),Add : 150 + 215 + 50 __________________,N/A,,,,,,Other,Hard,Test Learning Outcome 1,"Skillone,skilltwo","tagone,tagtwo",1
CBSE,Class 6,Mathematics,Progress in Mathematics,Chapter 3 Whole Numbers,,,Fill in the blank (QPG),How many natural numbers are there upto 50? __________________________,N/A,,,,,,Other,Hard,Test Learning Outcome 1,"Skillone,skilltwo","tagone,tagtwo",1
CBSE,Class 6,Mathematics,Progress in Mathematics,Chapter 3 Whole Numbers,,,Fill in the blank (QPG),How many whole numbers are there upto 50? ___________________________,N/A,,,,,,Other,Hard,Test Learning Outcome 1,"Skillone,skilltwo","tagone,tagtwo",1
CBSE,Class 6,Mathematics,Progress in Mathematics,Chapter 3 Whole Numbers,,,Fill in the blank (QPG),Is 0 a natural number? ________________________________,N/A,,,,,,Other,Hard,Test Learning Outcome 1,"Skillone,skilltwo","tagone,tagtwo",1
CBSE,Class 6,Mathematics,Progress in Mathematics,Chapter 3 Whole Numbers,,,Fill in the blank (QPG),Multiply : 4 × 132 × 25 ___________________________,N/A,,,,,,Other,Hard,Test Learning Outcome 1,"Skillone,skilltwo","tagone,tagtwo",1
CBSE,Class 6,Mathematics,Progress in Mathematics,Chapter 3 Whole Numbers,,,Fill in the blank (QPG),The smallest natural number is__________________________.,N/A,,,,,,Other,Hard,Test Learning Outcome 1,"Skillone,skilltwo","tagone,tagtwo",1
CBSE,Class 6,Mathematics,Progress in Mathematics,Chapter 3 Whole Numbers,,,Fill in the blank (QPG),The smallest whole number is __________________________.,N/A,,,,,,Other,Hard,Test Learning Outcome 1,"Skillone,skilltwo","tagone,tagtwo",1
CBSE,Class 6,Mathematics,Progress in Mathematics,Chapter 3 Whole Numbers,,,Fill in the blank (QPG),Use 8 exaclty eight times to make 1000. _______________________,N/A,,,,,,Other,Hard,Test Learning Outcome 1,"Skillone,skilltwo","tagone,tagtwo",1
CBSE,Class 6,Mathematics,Progress in Mathematics,Chapter 3 Whole Numbers,,,Very Short Answer Questions (QPG),"On dividing 4,56,789 by a certain number, the quotient is 1,952 and a remainder 21 is left.
Find the number.",N/A,,,,,,Other,Hard,Test Learning Outcome 1,"Skillone,skilltwo","tagone,tagtwo",1
CBSE,Class 6,Mathematics,Progress in Mathematics,Chapter 3 Whole Numbers,,,Very Short Answer Questions (QPG),"Two friends have a refreshment together and the bill is ` 25. The friends pay ` 15 each,
which the waiter gives to the cashier. The cashier hands back ` 5 to the waiter. The
waiter keeps ` 3 as a tip and hands back ` 1 each. So the friends paid ` 14 each for
refreshment for a total of ` 28. The waiter has ` 3 that makes total ` 31. Where did ` 1
come from?",N/A,,,,,,Other,Hard,Test Learning Outcome 1,"Skillone,skilltwo","tagone,tagtwo",1
CBSE,Class 6,Mathematics,Progress in Mathematics,Chapter 3 Whole Numbers,,,Very Short Answer Questions (QPG),What is the least 6-digit number that is exactly divisible by 43?,N/A,,,,,,Other,Hard,Test Learning Outcome 1,"Skillone,skilltwo","tagone,tagtwo",1
CBSE,Class 6,Mathematics,Progress in Mathematics,Chapter 3 Whole Numbers,,,Long Answer Questions (QPG),"Divide the largest 4-digit number by the largest 2-digit number and write down the quotient
and the remainder.",N/A,,,,,,Other,Hard,Test Learning Outcome 1,"Skillone,skilltwo","tagone,tagtwo",1
CBSE,Class 6,Mathematics,Progress in Mathematics,Chapter 3 Whole Numbers,,,Long Answer Questions (QPG),"In a division sum, the dividend, divisor and quotient are the same. Find the dividend.",N/A,,,,,,Other,Hard,Test Learning Outcome 1,"Skillone,skilltwo","tagone,tagtwo",1
CBSE,Class 6,Mathematics,Progress in Mathematics,Chapter 3 Whole Numbers,,,Multiple Choice Question (QPG) Test Paper,Addition of whole numbers is :,N/A,closed,associative,commutative,all the above,,Other,Hard,Test Learning Outcome 1,"Skillone,skilltwo","tagone,tagtwo",1
CBSE,Class 6,Mathematics,Progress in Mathematics,Chapter 3 Whole Numbers,,,Multiple Choice Question (QPG) Test Paper,Division is the inverse of :,N/A,addition,subtraction,multiplication,none of these,,Other,Hard,Test Learning Outcome 1,"Skillone,skilltwo","tagone,tagtwo",1
CBSE,Class 6,Mathematics,Progress in Mathematics,Chapter 3 Whole Numbers,,,Multiple Choice Question (QPG) Test Paper,The additive identity for whole numbers is :,N/A,1,0,2,none of these,,Other,Hard,Test Learning Outcome 1,"Skillone,skilltwo","tagone,tagtwo",1
CBSE,Class 6,Mathematics,Progress in Mathematics,Chapter 3 Whole Numbers,,,Multiple Choice Question (QPG) Test Paper,The smallest natural number is :,N/A,1,0,1,none of these,,Other,Hard,Test Learning Outcome 1,"Skillone,skilltwo","tagone,tagtwo",1
CBSE,Class 6,Mathematics,Progress in Mathematics,Chapter 3 Whole Numbers,,,Multiple Choice Question (QPG) Test Paper,The smallest whole number is :,N/A,1,0,not determinable,none of these,,Other,Hard,Test Learning Outcome 1,"Skillone,skilltwo","tagone,tagtwo",1
CBSE,Class 6,Mathematics,Progress in Mathematics,Chapter 3 Whole Numbers,,,Multiple Choice Question (QPG) Test Paper,The value of 0 ÷ 12 is :,N/A,12,0,1,not defined,,Other,Hard,Test Learning Outcome 1,"Skillone,skilltwo","tagone,tagtwo",1
CBSE,Class 6,Mathematics,Progress in Mathematics,Chapter 3 Whole Numbers,,,Multiple Choice Question (QPG) Test Paper,The value of 12 ÷ 0 is :,N/A,12,0,1,not defined,,Other,Hard,Test Learning Outcome 1,"Skillone,skilltwo","tagone,tagtwo",1
CBSE,Class 6,Mathematics,Progress in Mathematics,Chapter 3 Whole Numbers,,,Multiple Choice Question (QPG) Test Paper,The whole number which is not a natural number is :,N/A,0,1,2,3,,Other,Hard,Test Learning Outcome 1,"Skillone,skilltwo","tagone,tagtwo",1
CBSE,Class 6,Mathematics,Progress in Mathematics,Chapter 3 Whole Numbers,,,Multiple Choice Question (QPG) Test Paper,There are _________ natural numbers up to 80.,N/A,80,81,79,none of these,,Other,Hard,Test Learning Outcome 1,"Skillone,skilltwo","tagone,tagtwo",1
CBSE,Class 6,Mathematics,Progress in Mathematics,Chapter 3 Whole Numbers,,,Multiple Choice Question (QPG) Test Paper,There are _________ whole numbers up to 60.,N/A,60,60,59,none of these,,Other,Hard,Test Learning Outcome 1,"Skillone,skilltwo","tagone,tagtwo",1
CBSE,Class 6,Mathematics,Progress in Mathematics,Chapter 3 Whole Numbers,,,Multiple Choice Question (QPG) Test Paper,"When a non-zero whole number is divided by the numbers itself, the quotient is :",N/A,0,1,the number itself,none of these,,Other,Hard,Test Learning Outcome 1,"Skillone,skilltwo","tagone,tagtwo",1
CBSE,Class 6,Mathematics,Progress in Mathematics,Chapter 3 Whole Numbers,,,Multiple Choice Question (QPG) Test Paper,When a whole number is divided by ______ the quotient is the number itself.,N/A,0,1,2,none of these,,Other,Hard,Test Learning Outcome 1,"Skillone,skilltwo","tagone,tagtwo",1
CBSE,Class 6,Mathematics,Progress in Mathematics,Chapter 3 Whole Numbers,,,Multiple Choice Question (QPG) Test Paper,"When we add a whole number to the additive identity of whole numbers, we get :",N/A,the additive identity,the whole number itself,one,none of these,,Other,Hard,Test Learning Outcome 1,"Skillone,skilltwo","tagone,tagtwo",1
CBSE,Class 6,Mathematics,Progress in Mathematics,Chapter 3 Whole Numbers,,,Multiple Choice Question (QPG) Test Paper,"When we add two whole numbers, we get another whole number. This property is called:",N/A,closure property for addition,commutative property for addition,associative property for addition,none of these,,Other,Hard,Test Learning Outcome 1,"Skillone,skilltwo","tagone,tagtwo",1
CBSE,Class 6,Mathematics,Progress in Mathematics,Chapter 3 Whole Numbers,,,Short Answer Questions (QPG),"Find the sum of greatest 3-digit number and the least 3-digit number and check by reversing
the order of addends.",N/A,,,,,,Other,Hard,Test Learning Outcome 1,"Skillone,skilltwo","tagone,tagtwo",1
CBSE,Class 6,Mathematics,Progress in Mathematics,Chapter 3 Whole Numbers,,,Short Answer Questions (QPG),"What is the minimum and maximum number of digits in the sum if we add any two 3-digit
numbers?",N/A,,,,,,Other,Hard,Test Learning Outcome 1,"Skillone,skilltwo","tagone,tagtwo",1
CBSE,Class 6,Mathematics,Progress in Mathematics,Chapter 3 Whole Numbers,,,True or False (QPG),0 is called the identity element for addition.,N/A,,,,,,Other,Hard,Test Learning Outcome 1,"Skillone,skilltwo","tagone,tagtwo",1
CBSE,Class 6,Mathematics,Progress in Mathematics,Chapter 3 Whole Numbers,,,True or False (QPG),0 is the smallest natural number.,N/A,,,,,,Other,Hard,Test Learning Outcome 1,"Skillone,skilltwo","tagone,tagtwo",1
CBSE,Class 6,Mathematics,Progress in Mathematics,Chapter 3 Whole Numbers,,,True or False (QPG),Addition of whole numbers is associative.,N/A,,,,,,Other,Hard,Test Learning Outcome 1,"Skillone,skilltwo","tagone,tagtwo",1
CBSE,Class 6,Mathematics,Progress in Mathematics,Chapter 3 Whole Numbers,,,True or False (QPG),All natural numbers are whole numbers.,N/A,,,,,,Other,Hard,Test Learning Outcome 1,"Skillone,skilltwo","tagone,tagtwo",1
CBSE,Class 6,Mathematics,Progress in Mathematics,Chapter 3 Whole Numbers,,,True or False (QPG),All whole numbers are natural numbers.,N/A,,,,,,Other,Hard,Test Learning Outcome 1,"Skillone,skilltwo","tagone,tagtwo",1
CBSE,Class 6,Mathematics,Progress in Mathematics,Chapter 3 Whole Numbers,,,True or False (QPG),Every whole number has its predecessor.,N/A,,,,,,Other,Hard,Test Learning Outcome 1,"Skillone,skilltwo","tagone,tagtwo",1
CBSE,Class 6,Mathematics,Progress in Mathematics,Chapter 3 Whole Numbers,,,True or False (QPG),The smallest 5-digit number is the successor of the largest 4-digit number.,N/A,,,,,,Other,Hard,Test Learning Outcome 1,"Skillone,skilltwo","tagone,tagtwo",1
CBSE,Class 6,Mathematics,Progress in Mathematics,Chapter 3 Whole Numbers,,,Value Based Question,"Raju’s father is a vegetable vendor. He is a poor man. Raju studies in class VI. To meet
the monthly expenditures of his family, Raju sells flowers in the evening. One day he
arranged 8 roses and 6 marigolds in a bouquet. A customer bought 7 such bouquets.
(a) Find the total number of roses and marigolds separately in these 7 bouquets.
(b) Find the total number of flowers in these 7 bouquets using a property of whole numbers.
(c) By selling flowers after the school hours, what value is shown by Raju?",N/A,,,,,,Other,Hard,Test Learning Outcome 1,"Skillone,skilltwo","tagone,tagtwo",1
CBSE,Class 7,Mathematics,Progress in Mathematics,Chapter 1 Integers,,,Very Short Answer Questions (QPG),"In a quiz, positive marks are given for correct answers and negative marks are given for incorrect
answers. If Jack’s scores in five successive rounds were 25, –5, –10, 15 and 10, what was his total
at the end?",N/A,,,,,,Other,Hard,Test Learning Outcome 1,"Skillone,skilltwo","tagone,tagtwo",1
CBSE,Class 7,Mathematics,Progress in Mathematics,Chapter 1 Integers,,,Very Short Answer Questions (QPG),"Write a pair of integers whose :
(i) sum gives an integer smaller than both the integers.
(ii) sum gives an integer smaller than only one of the integers.
(iii) difference gives a negative integer.
(iv) difference gives an integer greater than only one of the integers.",N/A,,,,,,Other,Hard,Test Learning Outcome 1,"Skillone,skilltwo","tagone,tagtwo",1
CBSE,Class 7,Mathematics,Progress in Mathematics,Chapter 1 Integers,,,Matching Question (QPG),"(a) The smallest positive integer (i) 2
(b) The greatest negative integer (ii) 1
(c) Sum of 50 and –50 (iii) 10
(d) Difference of –1 and 1 (iv) –1
(e) Absolute value of –10 (v) 0",N/A,,,,,,Other,Hard,Test Learning Outcome 1,"Skillone,skilltwo","tagone,tagtwo",1
CBSE,Class 7,Mathematics,Progress in Mathematics,Chapter 1 Integers,,,Multiple Choice Question (QPG) Test Paper,(–25) × (–10) × (–4) is equal to :,N/A,1000,-1000,1,-100,,Other,Hard,Test Learning Outcome 1,"Skillone,skilltwo","tagone,tagtwo",1
CBSE,Class 7,Mathematics,Progress in Mathematics,Chapter 1 Integers,,,Multiple Choice Question (QPG) Test Paper,0 is greater than :,N/A,every positive integer,every negative integer,every positive integer as well as every negative integer,none of these,,Other,Hard,Test Learning Outcome 1,"Skillone,skilltwo","tagone,tagtwo",1
CBSE,Class 7,Mathematics,Progress in Mathematics,Chapter 1 Integers,,,Multiple Choice Question (QPG) Test Paper,A pair of integers whose sum is –7 is :,N/A,5 and – 2,4 and –3,–9 and –2,–9 and 2,,Other,Hard,Test Learning Outcome 1,"Skillone,skilltwo","tagone,tagtwo",1
CBSE,Class 7,Mathematics,Progress in Mathematics,Chapter 1 Integers,,,Multiple Choice Question (QPG) Test Paper,"If a × (–1) = –25, then integer a is :",N/A,positive,negative,either positive or negative,none of these,,Other,Hard,Test Learning Outcome 1,"Skillone,skilltwo","tagone,tagtwo",1
CBSE,Class 7,Mathematics,Progress in Mathematics,Chapter 1 Integers,,,Multiple Choice Question (QPG) Test Paper,"On subtracting –10 from 1, we get :",N/A,9,-9,11,-11,,Other,Hard,Test Learning Outcome 1,"Skillone,skilltwo","tagone,tagtwo",1
CBSE,Class 7,Mathematics,Progress in Mathematics,Chapter 1 Integers,,,Multiple Choice Question (QPG) Test Paper,Product of (–9) × (–5) × 6 × (–3) is :,N/A,negative,positive,either negative or positive,none of these,,Other,Hard,Test Learning Outcome 1,"Skillone,skilltwo","tagone,tagtwo",1
CBSE,Class 7,Mathematics,Progress in Mathematics,Chapter 1 Integers,,,Multiple Choice Question (QPG) Test Paper,The greatest negative integer is :,N/A,-1,0,-2,not determinable,,Other,Hard,Test Learning Outcome 1,"Skillone,skilltwo","tagone,tagtwo",1
CBSE,Class 7,Mathematics,Progress in Mathematics,Chapter 1 Integers,,,Multiple Choice Question (QPG) Test Paper,"The integer whose product with –1 is 63, is :",N/A,–63,63,both (a) and (b),none of these,,Other,Hard,Test Learning Outcome 1,"Skillone,skilltwo","tagone,tagtwo",1
CBSE,Class 7,Mathematics,Progress in Mathematics,Chapter 1 Integers,,,Multiple Choice Question (QPG) Test Paper,"The product of two integers is –120. If one of the integers is –30, then the other is :",N/A,4,-4,150,-150,,Other,Hard,Test Learning Outcome 1,"Skillone,skilltwo","tagone,tagtwo",1
CBSE,Class 7,Mathematics,Progress in Mathematics,Chapter 1 Integers,,,Multiple Choice Question (QPG) Test Paper,The smallest positive integer is :,N/A,1,0,2,not determinable,,Other,Hard,Test Learning Outcome 1,"Skillone,skilltwo","tagone,tagtwo",1
CBSE,Class 7,Mathematics,Progress in Mathematics,Chapter 1 Integers,,,Short Answer Questions (QPG),"Multiply :
(i) 15 × 6 (ii) 18 × (– 8) (iii) 29 × (– 11) (iv) (– 18) × (– 13)",N/A,,,,,,Other,Hard,Test Learning Outcome 1,"Skillone,skilltwo","tagone,tagtwo",1
CBSE,Class 7,Mathematics,Progress in Mathematics,Chapter 1 Integers,,,True or False (QPG),The negative of a negative integer is always positive.,N/A,,,,,,Other,Hard,Test Learning Outcome 1,"Skillone,skilltwo","tagone,tagtwo",1
CBSE,Class 7,Mathematics,Progress in Mathematics,Chapter 1 Integers,,,True or False (QPG),The smallest integer is zero.,N/A,,,,,,Other,Hard,Test Learning Outcome 1,"Skillone,skilltwo","tagone,tagtwo",1
CBSE,Class 7,Mathematics,Progress in Mathematics,Chapter 1 Integers,,,True or False (QPG),The sum of a positive integer and a negative integer is always a positive integer.,N/A,,,,,,Other,Hard,Test Learning Outcome 1,"Skillone,skilltwo","tagone,tagtwo",1
CBSE,Class 7,Mathematics,Progress in Mathematics,Chapter 2 Fractions,,,Very Short Answer Questions (QPG),Find two fractions F1 and F2 with same denominator equal to 6 such that F1 + F2 = 1 and F1 – F2 =2/3.,N/A,,,,,,Other,Hard,Test Learning Outcome 1,"Skillone,skilltwo","tagone,tagtwo",1
CBSE,Class 7,Mathematics,Progress in Mathematics,Chapter 2 Fractions,,,Very Short Answer Questions (QPG),"The product of two fractions is 16. If one of the fractions is 22/7 , find the other.",N/A,,,,,,Other,Hard,Test Learning Outcome 1,"Skillone,skilltwo","tagone,tagtwo",1
CBSE,Class 7,Mathematics,Progress in Mathematics,Chapter 2 Fractions,,,Multiple Choice Question (QPG) Test Paper,The reciprocal of 0 is :,N/A,is 0,is 1,is -1,does not exist,,Other,Hard,Test Learning Outcome 1,"Skillone,skilltwo","tagone,tagtwo",1
CBSE,Class 7,Mathematics,Progress in Mathematics,Chapter 2 Fractions,,,Multiple Choice Question (QPG) Test Paper,The reciprocal of 1 :,N/A,is 0,is 1,is -1,does not exist,,Other,Hard,Test Learning Outcome 1,"Skillone,skilltwo","tagone,tagtwo",1
CBSE,Class 7,Mathematics,Progress in Mathematics,Chapter 2 Fractions,,,Value Based Question,"Balwant and Gokul played 36 games of chess. Balwant won 7/9 of the games.
(a) How many games did Balwant win?
(b) How many games did Gokul win?
(c) Write the fraction for the games won by Gokul.
(d) As per your opinion, what kind of boy Balwant is?",N/A,,,,,,Other,Hard,Test Learning Outcome 1,"Skillone,skilltwo","tagone,tagtwo",1
CBSE,Class 7,Mathematics,Progress in Mathematics,Chapter 2 Fractions,,,Value Based Question,"Manoj, Shekhar and Mayank are fast friends. On a holiday, Manoj’s father gave him a piece of work.
He was just about to start the work, Shekhar and Mayank reached his home. They both helped Manoj to finish the work. 
Manoj did 1/3, Shekhar did 2/5 and Mayank did the remaining work.
(a) What part of the work was done by Manoj and Shekhar together?
(b) What part of the work was done by Mayank?
(c) Who did maximum part of the work?
(d) Which value is depicted by Shekhar and Mayank?",N/A,,,,,,Other,Hard,Test Learning Outcome 1,"Skillone,skilltwo","tagone,tagtwo",1
CBSE,Class 7,Mathematics,Progress in Mathematics,Chapter 3 Decimals,,,Fill in the blank (QPG),2.575 ÷ ....................................... = 1,N/A,,,,,,Other,Hard,Test Learning Outcome 1,"Skillone,skilltwo","tagone,tagtwo",1
CBSE,Class 7,Mathematics,Progress in Mathematics,Chapter 3 Decimals,,,Fill in the blank (QPG),4.5 × 0.6 is same as 0.45 × 6. Is it true? .......................................,N/A,,,,,,Other,Hard,Test Learning Outcome 1,"Skillone,skilltwo","tagone,tagtwo",1
CBSE,Class 7,Mathematics,Progress in Mathematics,Chapter 3 Decimals,,,Fill in the blank (QPG),Divide 0.72 by 8. .......................................,N/A,,,,,,Other,Hard,Test Learning Outcome 1,"Skillone,skilltwo","tagone,tagtwo",1
CBSE,Class 7,Mathematics,Progress in Mathematics,Chapter 3 Decimals,,,Fill in the blank (QPG),Divide 735.4 by 10. .......................................,N/A,,,,,,Other,Hard,Test Learning Outcome 1,"Skillone,skilltwo","tagone,tagtwo",1
CBSE,Class 7,Mathematics,Progress in Mathematics,Chapter 3 Decimals,,,Fill in the blank (QPG),Multiply 0.006 by 100. .......................................,N/A,,,,,,Other,Hard,Test Learning Outcome 1,"Skillone,skilltwo","tagone,tagtwo",1
CBSE,Class 7,Mathematics,Progress in Mathematics,Chapter 3 Decimals,,,Fill in the blank (QPG),Multiply 1.1 by 0.01 .........................................,N/A,,,,,,Other,Hard,Test Learning Outcome 1,"Skillone,skilltwo","tagone,tagtwo",1
CBSE,Class 7,Mathematics,Progress in Mathematics,Chapter 3 Decimals,,,Very Short Answer Questions (QPG),"Dinesh went from place A to place B and from there to place C. A is 7.5 km from B and B is
12.7 km from C. Ayub went from place A to place D and from there to place C. D is 9.3 km from
A and C is 11.8 km from D. Who travelled more and by how much?",N/A,,,,,,Other,Hard,Test Learning Outcome 1,"Skillone,skilltwo","tagone,tagtwo",1
CBSE,Class 7,Mathematics,Progress in Mathematics,Chapter 3 Decimals,,,Very Short Answer Questions (QPG),"If 324 × 12 = 3,888, then find the product of each of the following without actually performing the multiplication.
(i) 3.24 × 12 (ii) 32.4 × 12 (iii) 0.324 × 12 (iv) 0.00324 × 12",N/A,,,,,,Other,Hard,Test Learning Outcome 1,"Skillone,skilltwo","tagone,tagtwo",1
CBSE,Class 7,Mathematics,Progress in Mathematics,Chapter 3 Decimals,,,Very Short Answer Questions (QPG),"If 614.6 × 9 = 5,531.4, then find the product of each of the following without actually doing the multiplication.
(i) 61.46 × 9 (ii) 0.6146 × 9 (iii) 6146 × 9 (iv) 6.146 × 9 (v) 0.06146 × 9",N/A,,,,,,Other,Hard,Test Learning Outcome 1,"Skillone,skilltwo","tagone,tagtwo",1
CBSE,Class 7,Mathematics,Progress in Mathematics,Chapter 3 Decimals,,,Very Short Answer Questions (QPG),"Study the pattern and find out the place when first 9 occurs after decimal sign.
12.1223334444.............",N/A,,,,,,Other,Hard,Test Learning Outcome 1,"Skillone,skilltwo","tagone,tagtwo",1
CBSE,Class 7,Mathematics,Progress in Mathematics,Chapter 3 Decimals,,,Very Short Answer Questions (QPG),"If 2494 ÷ 14.5 = 172, then find the value of 24.94 ÷ 1.45?",N/A,,,,,,Other,Hard,Test Learning Outcome 1,"Skillone,skilltwo","tagone,tagtwo",1
CBSE,Class 7,Mathematics,Progress in Mathematics,Chapter 3 Decimals,,,Very Short Answer Questions (QPG),"The product of two decimals is 131.58. If one of them is 2.15, find the other.",N/A,,,,,,Other,Hard,Test Learning Outcome 1,"Skillone,skilltwo","tagone,tagtwo",1
CBSE,Class 7,Mathematics,Progress in Mathematics,Chapter 3 Decimals,,,Long Answer Questions (QPG),A boat covered a distance of 232.74 km in 18 hours. What distance did it cover in 1 hour?,N/A,,,,,,Other,Hard,Test Learning Outcome 1,"Skillone,skilltwo","tagone,tagtwo",1
CBSE,Class 7,Mathematics,Progress in Mathematics,Chapter 3 Decimals,,,Long Answer Questions (QPG),A tin of oil weighs 15.5 kg. What is the weight of 32 tins of oil?,N/A,,,,,,Other,Hard,Test Learning Outcome 1,"Skillone,skilltwo","tagone,tagtwo",1
CBSE,Class 7,Mathematics,Progress in Mathematics,Chapter 3 Decimals,,,Long Answer Questions (QPG),"If one drum can hold 15.75 litres of oil, how many litres can 36 such drums hold?",N/A,,,,,,Other,Hard,Test Learning Outcome 1,"Skillone,skilltwo","tagone,tagtwo",1
CBSE,Class 7,Mathematics,Progress in Mathematics,Chapter 3 Decimals,,,Multiple Choice Question (QPG) Test Paper,0.00046 × 100 is equal to :,N/A,0.0046,0.46,0.046,4.6,,Other,Hard,Test Learning Outcome 1,"Skillone,skilltwo","tagone,tagtwo",1
CBSE,Class 7,Mathematics,Progress in Mathematics,Chapter 3 Decimals,,,Multiple Choice Question (QPG) Test Paper,0.45 × 0.2 is equal to :,N/A,0.9,9,0.09,90,,Other,Hard,Test Learning Outcome 1,"Skillone,skilltwo","tagone,tagtwo",1
CBSE,Class 7,Mathematics,Progress in Mathematics,Chapter 3 Decimals,,,Multiple Choice Question (QPG) Test Paper,0.5 × 0.05 is equal to :,N/A,0.25,0.025,2.5,0.0025,,Other,Hard,Test Learning Outcome 1,"Skillone,skilltwo","tagone,tagtwo",1
CBSE,Class 7,Mathematics,Progress in Mathematics,Chapter 3 Decimals,,,Multiple Choice Question (QPG) Test Paper,125 × 0.01 is same as :,N/A,125 ÷ 100,12.5 × 0.1,0.125,all the above,,Other,Hard,Test Learning Outcome 1,"Skillone,skilltwo","tagone,tagtwo",1
CBSE,Class 7,Mathematics,Progress in Mathematics,Chapter 3 Decimals,,,Multiple Choice Question (QPG) Test Paper,2.53 × 0.154 is the same as :,N/A,253 × 0.00154,25.3 × 1.54,2.53 × 0.0154,253 × 0.0154,,Other,Hard,Test Learning Outcome 1,"Skillone,skilltwo","tagone,tagtwo",1
CBSE,Class 7,Mathematics,Progress in Mathematics,Chapter 3 Decimals,,,Multiple Choice Question (QPG) Test Paper,56.3 × 1000 is equal to :,N/A,56.3,56300,5.63,0.0563,,Other,Hard,Test Learning Outcome 1,"Skillone,skilltwo","tagone,tagtwo",1
CBSE,Class 7,Mathematics,Progress in Mathematics,Chapter 3 Decimals,,,Multiple Choice Question (QPG) Test Paper,7.005 × 100 is equal to :,N/A,70.05,70.5,700.5,7050,,Other,Hard,Test Learning Outcome 1,"Skillone,skilltwo","tagone,tagtwo",1
CBSE,Class 7,Mathematics,Progress in Mathematics,Chapter 3 Decimals,,,Multiple Choice Question (QPG) Test Paper,"If 35 × 47 = 1645, then the value of 16.45 ÷ 4.7 is :",N/A,0.35,0.035,3.5,350,,Other,Hard,Test Learning Outcome 1,"Skillone,skilltwo","tagone,tagtwo",1
CBSE,Class 7,Mathematics,Progress in Mathematics,Chapter 3 Decimals,,,Multiple Choice Question (QPG) Test Paper,"On dividing 199.4 by 2, we get :",N/A,99.7,0.997,9.97,none of these,,Other,Hard,Test Learning Outcome 1,"Skillone,skilltwo","tagone,tagtwo",1
CBSE,Class 7,Mathematics,Progress in Mathematics,Chapter 3 Decimals,,,Multiple Choice Question (QPG) Test Paper,The product of 2.3 × 2.5 is equal to :,N/A,5.75,57.5,0.575,575,,Other,Hard,Test Learning Outcome 1,"Skillone,skilltwo","tagone,tagtwo",1
CBSE,Class 7,Mathematics,Progress in Mathematics,Chapter 3 Decimals,,,Multiple Choice Question (QPG) Test Paper,"The quotient, when 3.45 is divided by 25, is :",N/A,1.38,13.8,0.138,none of these,,Other,Hard,Test Learning Outcome 1,"Skillone,skilltwo","tagone,tagtwo",1
CBSE,Class 7,Mathematics,Progress in Mathematics,Chapter 3 Decimals,,,Multiple Choice Question (QPG) Test Paper,"The quotient, when 32.4 is divided by 9, is :",N/A,0.36,3.6,3.06,none of these,,Other,Hard,Test Learning Outcome 1,"Skillone,skilltwo","tagone,tagtwo",1
CBSE,Class 7,Mathematics,Progress in Mathematics,Chapter 3 Decimals,,,Multiple Choice Question (QPG) Test Paper,The value of 0.15 × 4 is :,N/A,0.6,6,0.06,60,,Other,Hard,Test Learning Outcome 1,"Skillone,skilltwo","tagone,tagtwo",1
CBSE,Class 7,Mathematics,Progress in Mathematics,Chapter 3 Decimals,,,Multiple Choice Question (QPG) Test Paper,The value of 1.1 × 0.1 × 0.01 is :,N/A,0.11,0.0011,1.1,10.11,,Other,Hard,Test Learning Outcome 1,"Skillone,skilltwo","tagone,tagtwo",1
CBSE,Class 7,Mathematics,Progress in Mathematics,Chapter 3 Decimals,,,Multiple Choice Question (QPG) Test Paper,The value of 11.22 × 4 is :,N/A,4.488,44.88,0.4488,448.8,,Other,Hard,Test Learning Outcome 1,"Skillone,skilltwo","tagone,tagtwo",1
CBSE,Class 7,Mathematics,Progress in Mathematics,Chapter 3 Decimals,,,Multiple Choice Question (QPG) Test Paper,"When 4.5 is divided by 5, we get :",N/A,9,0.9,0.09,none of these,,Other,Hard,Test Learning Outcome 1,"Skillone,skilltwo","tagone,tagtwo",1
CBSE,Class 7,Mathematics,Progress in Mathematics,Chapter 3 Decimals,,,Short Answer Questions (QPG),"Find the following products :
(i) 2.4 × 8 (ii) 8.01 × 11 (iii) 15.8 × 21 (iv) 54.32 × 36 (v) 103.25 × 75",N/A,,,,,,Other,Hard,Test Learning Outcome 1,"Skillone,skilltwo","tagone,tagtwo",1
CBSE,Class 7,Mathematics,Progress in Mathematics,Chapter 3 Decimals,,,Short Answer Questions (QPG),Divide :(i) 4.9 ÷ 0.7 (ii) 2.52 ÷ 1.2 (iii) 56.192 ÷ 3.2 (iv) 8 ÷ 0.4 (v) 210 ÷ 1.25,N/A,,,,,,Other,Hard,Test Learning Outcome 1,"Skillone,skilltwo","tagone,tagtwo",1
CBSE,Class 7,Mathematics,Progress in Mathematics,Chapter 3 Decimals,,,Short Answer Questions (QPG),How much less is 16 km from 38.35 km?,N/A,,,,,,Other,Hard,Test Learning Outcome 1,"Skillone,skilltwo","tagone,tagtwo",1
CBSE,Class 7,Mathematics,Progress in Mathematics,Chapter 3 Decimals,,,Value Based Question,"Mr Patel is a businessman. One day he gave some money to his servant Babloo and asked him to buy
some bananas. Babloo went to the market. There he found that one vendor was selling bananas at
Rs 21.60 per dozen and the other vendor was selling the same variety of bananas at Rs 19.80 per dozen.
Babloo bought two dozens of bananas from the second vendor.
(a) At what price the first vendor was selling 1 banana?
(b) At what price the second vendor was selling 1 banana?
(c) How much money did Babloo pay to the second vendor?
(d) Here which value is depicted by Babloo?",N/A,,,,,,Other,Hard,Test Learning Outcome 1,"Skillone,skilltwo","tagone,tagtwo",1
CBSE,Class 7,Mathematics,Progress in Mathematics,Chapter 3 Decimals,,,Value Based Question,"Rakhi and Jyotsana went to the market for shopping. Rakhi bought 2.5 kg potatoes, 1.2 kg onion, and
0.75 kg tomatoes. Jyotsana bought 3.5 kg potatoes, 0.5 kg onion, 1.2 kg tomatoes, 2.3 kg cauliflower
and 0.8 kg beans. Jyotsana requested to Rakhi to help her in carrying the vegetables. Rakhi happily
accepted Jyotsana’s request and carried some of her goods.
(a) Find the total weight of vegetables bought by Rakhi.
(b) Find the total weight of vegetables bought by Jyotsana.
(c) Who bought more vegetables and by how much?
(d) By carrying some of Jyotsana’s goods which value is depicted by Rakhi?",N/A,,,,,,Other,Hard,Test Learning Outcome 1,"Skillone,skilltwo","tagone,tagtwo",1
CBSE,Class 8,Mathematics,Progress in Mathematics,Chapter 1 Rational Numbers,,,Fill in the blank (QPG),A rational number between x and y is .....................................,N/A,,,,,,Other,Hard,Test Learning Outcome 1,"Skillone,skilltwo","tagone,tagtwo",1
CBSE,Class 8,Mathematics,Progress in Mathematics,Chapter 1 Rational Numbers,,,Fill in the blank (QPG),Additive inverse of –1 is .....................................,N/A,,,,,,Other,Hard,Test Learning Outcome 1,"Skillone,skilltwo","tagone,tagtwo",1
CBSE,Class 8,Mathematics,Progress in Mathematics,Chapter 1 Rational Numbers,,,Fill in the blank (QPG),Is subtraction of rational numbers commutative?.....................................,N/A,,,,,,Other,Hard,Test Learning Outcome 1,"Skillone,skilltwo","tagone,tagtwo",1
CBSE,Class 8,Mathematics,Progress in Mathematics,Chapter 1 Rational Numbers,,,Fill in the blank (QPG),Write the rational numbers which are their own reciprocals. ......................................,N/A,,,,,,Other,Hard,Test Learning Outcome 1,"Skillone,skilltwo","tagone,tagtwo",1
CBSE,Class 8,Mathematics,Progress in Mathematics,Chapter 1 Rational Numbers,,,Very Short Answer Questions (QPG),"Albert invited his friends to his birthday party. The birthday cake was cut into 12 pieces. Anshu
took 1/3 of the entire cake, Bakshi took 1/4 of cake, Dorjee took 1/6 and Eny got 1/6 of it. Was there
any piece left of friends to come?",N/A,,,,,,Other,Hard,Test Learning Outcome 1,"Skillone,skilltwo","tagone,tagtwo",1
CBSE,Class 8,Mathematics,Progress in Mathematics,Chapter 1 Rational Numbers,,,Very Short Answer Questions (QPG),"The additive inverse of a number divided by twelve is the same as one less than three times its
reciprocal. Find the number.",N/A,,,,,,Other,Hard,Test Learning Outcome 1,"Skillone,skilltwo","tagone,tagtwo",1
CBSE,Class 8,Mathematics,Progress in Mathematics,Chapter 1 Rational Numbers,,,Very Short Answer Questions (QPG),"3/8 of the people at a restaurant are adults. If there are 90 more children than adults, how manychildren are there?",N/A,,,,,,Other,Hard,Test Learning Outcome 1,"Skillone,skilltwo","tagone,tagtwo",1
CBSE,Class 8,Mathematics,Progress in Mathematics,Chapter 1 Rational Numbers,,,Very Short Answer Questions (QPG),7 times the reciprocal of a number plus 2/3 is 3. Find the number.,N/A,,,,,,Other,Hard,Test Learning Outcome 1,"Skillone,skilltwo","tagone,tagtwo",1
CBSE,Class 8,Mathematics,Progress in Mathematics,Chapter 1 Rational Numbers,,,Very Short Answer Questions (QPG),"There are 42 students in a class. 3/4 of the boys and 2/3 of the girls travel to school by bus.Thetotal number of boys and girls who come to school by bus is 30. How many boys are there in the
class? How many girls come to school by bus?",N/A,,,,,,Other,Hard,Test Learning Outcome 1,"Skillone,skilltwo","tagone,tagtwo",1
CBSE,Class 8,Mathematics,Progress in Mathematics,Chapter 1 Rational Numbers,,,Matching Question (QPG),"(a) Product of a rational number and its reciprocal (i) 5/2(b) Additive inverse of -5/7 (II)-5/7
(c) Reciprocal of 7/-5 (III) 1
(d) A rational number between 12/7 and 14/5 (IV) 5/7",N/A,,,,,,Other,Hard,Test Learning Outcome 1,"Skillone,skilltwo","tagone,tagtwo",1
CBSE,Class 8,Mathematics,Progress in Mathematics,Chapter 1 Rational Numbers,,,Multiple Choice Question (QPG) Test Paper,1 is called :,N/A,identity element for multiplication of rational numbers,identity element for addition of rational numbers,identity element for subtraction of rational numbers,none of these,,Other,Hard,Test Learning Outcome 1,"Skillone,skilltwo","tagone,tagtwo",1
CBSE,Class 8,Mathematics,Progress in Mathematics,Chapter 1 Rational Numbers,,,Multiple Choice Question (QPG) Test Paper,Addition of rational numbers satisfies which of the following property?,N/A,commutative property,associative property,closure property,all of these,,Other,Hard,Test Learning Outcome 1,"Skillone,skilltwo","tagone,tagtwo",1
CBSE,Class 8,Mathematics,Progress in Mathematics,Chapter 1 Rational Numbers,,,Multiple Choice Question (QPG) Test Paper,"If x + 0 = 0 + x = x, where x is a rational number, then 0 is called :",N/A,identity element for addition of rational numbers,identity element for multiplication of rational numbers,additive inverse of x,reciprocal of x,,Other,Hard,Test Learning Outcome 1,"Skillone,skilltwo","tagone,tagtwo",1
CBSE,Class 8,Mathematics,Progress in Mathematics,Chapter 1 Rational Numbers,,,Multiple Choice Question (QPG) Test Paper,Multiplicative inverse of a negative rational number is :,N/A,a positive rational number,a negative rational number,neither positive nor negative,none of these,,Other,Hard,Test Learning Outcome 1,"Skillone,skilltwo","tagone,tagtwo",1
CBSE,Class 8,Mathematics,Progress in Mathematics,Chapter 1 Rational Numbers,,,Multiple Choice Question (QPG) Test Paper,Which of the following statements is false?,N/A,Rational numbers are closed under subtraction.,Zero is the identity for addition of rational numbers.,Subtraction is the inverse of the adddition.,Rational numbers are associative under subtraction.,,Other,Hard,Test Learning Outcome 1,"Skillone,skilltwo","tagone,tagtwo",1
CBSE,Class 8,Mathematics,Progress in Mathematics,Chapter 1 Rational Numbers,,,Multiple Choice Question (QPG) Test Paper,Which rational number is its own additive inverse?,N/A,0,1,-1,none of these,,Other,Hard,Test Learning Outcome 1,"Skillone,skilltwo","tagone,tagtwo",1
CBSE,Class 8,Mathematics,Progress in Mathematics,Chapter 1 Rational Numbers,,,Short Answer Questions (QPG),Express 2/12 as a rational number whose numerator is 12.,N/A,,,,,,Other,Hard,Test Learning Outcome 1,"Skillone,skilltwo","tagone,tagtwo",1
CBSE,Class 8,Mathematics,Progress in Mathematics,Chapter 1 Rational Numbers,,,True or False (QPG),"A rational number is said to be in its standard form if its denominator is a positive integer and
numerator and denominators have no common factors.",N/A,,,,,,Other,Hard,Test Learning Outcome 1,"Skillone,skilltwo","tagone,tagtwo",1
CBSE,Class 8,Mathematics,Progress in Mathematics,Chapter 1 Rational Numbers,,,True or False (QPG),A fraction is not always a rational number.,N/A,,,,,,Other,Hard,Test Learning Outcome 1,"Skillone,skilltwo","tagone,tagtwo",1
CBSE,Class 8,Mathematics,Progress in Mathematics,Chapter 1 Rational Numbers,,,True or False (QPG),A rational number is said to be negative if the numerator and denominator have opposite signs.,N/A,,,,,,Other,Hard,Test Learning Outcome 1,"Skillone,skilltwo","tagone,tagtwo",1
CBSE,Class 8,Mathematics,Progress in Mathematics,Chapter 1 Rational Numbers,,,True or False (QPG),The number 0 is neither a positive nor a negative rational number.,N/A,,,,,,Other,Hard,Test Learning Outcome 1,"Skillone,skilltwo","tagone,tagtwo",1
CBSE,Class 8,Mathematics,Progress in Mathematics,Chapter 1 Rational Numbers,,,Value Based Question,"While three watchmen were guarding an orchard, a thief slipped in and stole some apples. On his
way out, he met the three watchmen one after another, and to each, in turn he gave half the apples
he had and two besides. In this way he managed to flee away with one apple. How many apples
had he stolen originally? Which moral values are missing in the watchmen?",N/A,,,,,,Other,Hard,Test Learning Outcome 1,"Skillone,skilltwo","tagone,tagtwo",1
CBSE,Class 8,Mathematics,Progress in Mathematics,Chapter 1 Rational Numbers,,,Value Based Question,"A man gets ` 12,000 per month as his salary. He saves 1/4 of his monthly salary for six months.For the next six months, he saves 1/5 of his monthly salary. Write the total saving in the end of the
year. What value does the man possess?",N/A,,,,,,Other,Hard,Test Learning Outcome 1,"Skillone,skilltwo","tagone,tagtwo",1
CBSE,Class 8,Mathematics,Progress in Mathematics,Chapter 2 Exponents and Power,,,Fill in the blank (QPG),(–2) × 36 × (–50) = ________________________.,N/A,,,,,,Other,Hard,Test Learning Outcome 1,"Skillone,skilltwo","tagone,tagtwo",1
CBSE,Class 8,Mathematics,Progress in Mathematics,Chapter 2 Exponents and Power,,,Fill in the blank (QPG),1.25 × 108 = __________________________.,N/A,,,,,,Other,Hard,Test Learning Outcome 1,"Skillone,skilltwo","tagone,tagtwo",1
CBSE,Class 8,Mathematics,Progress in Mathematics,Chapter 2 Exponents and Power,,,Fill in the blank (QPG),Express 3–2 as a rational number__________________________,N/A,,,,,,Other,Hard,Test Learning Outcome 1,"Skillone,skilltwo","tagone,tagtwo",1
CBSE,Class 8,Mathematics,Progress in Mathematics,Chapter 2 Exponents and Power,,,Fill in the blank (QPG),Find the value of (30 – 20) × 52. ____________________________________,N/A,,,,,,Other,Hard,Test Learning Outcome 1,"Skillone,skilltwo","tagone,tagtwo",1
CBSE,Class 8,Mathematics,Progress in Mathematics,Chapter 2 Exponents and Power,,,Fill in the blank (QPG),"When first 11 natural numbers are multiplied, the sign of the product is ___________________.",N/A,,,,,,Other,Hard,Test Learning Outcome 1,"Skillone,skilltwo","tagone,tagtwo",1
CBSE,Class 8,Mathematics,Progress in Mathematics,Chapter 2 Exponents and Power,,,Very Short Answer Questions (QPG),By what number should (3)–2 be divided to get (9)–3?,N/A,,,,,,Other,Hard,Test Learning Outcome 1,"Skillone,skilltwo","tagone,tagtwo",1
CBSE,Class 8,Mathematics,Progress in Mathematics,Chapter 2 Exponents and Power,,,Very Short Answer Questions (QPG),"If 212 – 210 = 2x × 3, then find the value of x.",N/A,,,,,,Other,Hard,Test Learning Outcome 1,"Skillone,skilltwo","tagone,tagtwo",1
CBSE,Class 8,Mathematics,Progress in Mathematics,Chapter 2 Exponents and Power,,,Multiple Choice Question (QPG) Test Paper,"When simplified 70 × 50, we get :",N/A,1,0,35,None of these,,Other,Hard,Test Learning Outcome 1,"Skillone,skilltwo","tagone,tagtwo",1
CBSE,Class 8,Mathematics,Progress in Mathematics,Chapter 2 Exponents and Power,,,Multiple Choice Question (QPG) Test Paper,Diameter of a wire on a computer chip is 0.000003 m. The diameter in standard form is :,N/A,3 × 10–5 m,3 × 10–6 m,300 × 10–4 m,0.000003 × 105 m,,Other,Hard,Test Learning Outcome 1,"Skillone,skilltwo","tagone,tagtwo",1
CBSE,Class 8,Mathematics,Progress in Mathematics,Chapter 2 Exponents and Power,,,Multiple Choice Question (QPG) Test Paper,"If n is an odd positive integer, then (–1)n is equal to :",N/A,1,0,-1,None of these,,Other,Hard,Test Learning Outcome 1,"Skillone,skilltwo","tagone,tagtwo",1
CBSE,Class 8,Mathematics,Progress in Mathematics,Chapter 2 Exponents and Power,,,Multiple Choice Question (QPG) Test Paper,"The expression, 0.0006 + 0.0084 in the standard form is :",N/A,9 × 10–3,9 × 10–4,9 × 10–2,1.44 × 10–2,,Other,Hard,Test Learning Outcome 1,"Skillone,skilltwo","tagone,tagtwo",1
CBSE,Class 8,Mathematics,Progress in Mathematics,Chapter 2 Exponents and Power,,,Multiple Choice Question (QPG) Test Paper,The thickness of a paper is 0.07 mm. The number in standard form is :,N/A,0.07 × 103 mm,70 × 10–1 mm,7 × 10–2 mm,7 × 10–3 mm,,Other,Hard,Test Learning Outcome 1,"Skillone,skilltwo","tagone,tagtwo",1
CBSE,Class 8,Mathematics,Progress in Mathematics,Chapter 2 Exponents and Power,,,Multiple Choice Question (QPG) Test Paper,"When 5 × 10–3 – 2000 × 10–6 is expressed in standard form, we will get :",N/A,3 × 10–2,3 × 10–3,3 × 103,3 × 102,,Other,Hard,Test Learning Outcome 1,"Skillone,skilltwo","tagone,tagtwo",1
CBSE,Class 8,Mathematics,Progress in Mathematics,Chapter 2 Exponents and Power,,,Value Based Question,"<g data-gr-id=""18"">Mrs</g> Batra gave the following question to her students.
Size of a bacteria is 0.0000005 m. Express this length in standard form.
Chandan writes the answer <g data-gr-id=""21""><g data-gr-id=""20"">as :</g></g> 5 × 10–6 m. Vikash did not try to solve the problem but just copied
the answer from Chandan’s notebook.While checking their notebooks, <g data-gr-id=""23"">Mrs</g> Batra got surprised that
both the boys have done the same mistake. Then she asked them to tell the truth. Vikash
immediately told the truth.
(a) Can you express the size of the bacteria in <g data-gr-id=""24"">standard</g> form correctly?
(b) What is the difference between the correct answer and Chandan’s answer?
(c) Here which value did Vikash depict?",N/A,,,,,,Other,Hard,Test Learning Outcome 1,"Skillone,skilltwo","tagone,tagtwo",1
CBSE,Class 8,Mathematics,Progress in Mathematics,Chapter 2 Exponents and Power,,,Value Based Question,"The people of Ganganagar (Rajasthan) are very sensitive towards their environment. They always
try to use renewable sources of energy for their day to day activities. For irrigation purposes, they
use solar powered water pumps. A solar powered water pump system in Ganganagar has two solar
panels, each containing 6 rows of modules, each row has 6 modules. How many modules are in
each panel? What social value do you learn from the problem?",N/A,,,,,,Other,Hard,Test Learning Outcome 1,"Skillone,skilltwo","tagone,tagtwo",1
CBSE,Class 8,Mathematics,Progress in Mathematics,Chapter 3 Squares and Squares Roots,,,Fill in the blank (QPG),Find the natural number whose square is one._____________________________,N/A,,,,,,Other,Hard,Test Learning Outcome 1,"Skillone,skilltwo","tagone,tagtwo",1
CBSE,Class 8,Mathematics,Progress in Mathematics,Chapter 3 Squares and Squares Roots,,,Fill in the blank (QPG),Find the square root of 10000. ______________________________,N/A,,,,,,Other,Hard,Test Learning Outcome 1,"Skillone,skilltwo","tagone,tagtwo",1
CBSE,Class 8,Mathematics,Progress in Mathematics,Chapter 3 Squares and Squares Roots,,,Fill in the blank (QPG),"Is (1, 2, 3) a Pythagorean triplet? _______________________________",N/A,,,,,,Other,Hard,Test Learning Outcome 1,"Skillone,skilltwo","tagone,tagtwo",1
CBSE,Class 8,Mathematics,Progress in Mathematics,Chapter 3 Squares and Squares Roots,,,Fill in the blank (QPG),"Without adding, find the sum of 1 + 3 + 5 + 7 + 9 + 11 + 13 + 15._____________________________",N/A,,,,,,Other,Hard,Test Learning Outcome 1,"Skillone,skilltwo","tagone,tagtwo",1
CBSE,Class 8,Mathematics,Progress in Mathematics,Chapter 3 Squares and Squares Roots,,,Very Short Answer Questions (QPG),"How many numbers lie between the squares of the following numbers?
(i) 10 and 11 (ii) 15 and 16 (iii) 100 and 101",N/A,,,,,,Other,Hard,Test Learning Outcome 1,"Skillone,skilltwo","tagone,tagtwo",1
CBSE,Class 8,Mathematics,Progress in Mathematics,Chapter 3 Squares and Squares Roots,,,Very Short Answer Questions (QPG),"Find the least perfect square exactly divisible by each one of the numbers 4, 5, 10.",N/A,,,,,,Other,Hard,Test Learning Outcome 1,"Skillone,skilltwo","tagone,tagtwo",1
CBSE,Class 8,Mathematics,Progress in Mathematics,Chapter 3 Squares and Squares Roots,,,Long Answer Questions (QPG),"1521 orange trees are planted in a garden in a such a manner that there are as many trees in a row
as there are rows in the garden. Find the number of rows and number of trees in each row.",N/A,,,,,,Other,Hard,Test Learning Outcome 1,"Skillone,skilltwo","tagone,tagtwo",1
CBSE,Class 8,Mathematics,Progress in Mathematics,Chapter 3 Squares and Squares Roots,,,Long Answer Questions (QPG),"Find the smallest number by which 600 must be divided, so that the quotient becomes a perfect
square. Also, find the square root of the perfect square so obtained.",N/A,,,,,,Other,Hard,Test Learning Outcome 1,"Skillone,skilltwo","tagone,tagtwo",1
CBSE,Class 8,Mathematics,Progress in Mathematics,Chapter 3 Squares and Squares Roots,,,Long Answer Questions (QPG),"Find the smallest number by which 720 must be multiplied to get a perfect square. Also, find the
square root of the perfect square so obtained.",N/A,,,,,,Other,Hard,Test Learning Outcome 1,"Skillone,skilltwo","tagone,tagtwo",1
CBSE,Class 8,Mathematics,Progress in Mathematics,Chapter 3 Squares and Squares Roots,,,Long Answer Questions (QPG),"In a <g data-gr-id=""8"">garden</g> there are as many trees in a row as there are number of rows in the garden. If there
are 576 trees in the garden, find the number of trees in a row.",N/A,,,,,,Other,Hard,Test Learning Outcome 1,"Skillone,skilltwo","tagone,tagtwo",1
CBSE,Class 8,Mathematics,Progress in Mathematics,Chapter 3 Squares and Squares Roots,,,Long Answer Questions (QPG),Find the smallest number by which 2475 must be multiplied to get a perfect square.,N/A,,,,,,Other,Hard,Test Learning Outcome 1,"Skillone,skilltwo","tagone,tagtwo",1
CBSE,Class 8,Mathematics,Progress in Mathematics,Chapter 3 Squares and Squares Roots,,,Multiple Choice Question (QPG) Test Paper,(1535)2 – (1534)2 is equal to :,N/A,3069,7839,1,25,,Other,Hard,Test Learning Outcome 1,"Skillone,skilltwo","tagone,tagtwo",1
CBSE,Class 8,Mathematics,Progress in Mathematics,Chapter 3 Squares and Squares Roots,,,Multiple Choice Question (QPG) Test Paper,(555)2 – (554)2 is equal to :,N/A,1106,1109,1009,1103,,Other,Hard,Test Learning Outcome 1,"Skillone,skilltwo","tagone,tagtwo",1
CBSE,Class 8,Mathematics,Progress in Mathematics,Chapter 3 Squares and Squares Roots,,,Multiple Choice Question (QPG) Test Paper,"The smallest natural number, which when added to the difference of squares of 17 and 13 gives",N/A,,,,,,Other,Hard,Test Learning Outcome 1,"Skillone,skilltwo","tagone,tagtwo",1
CBSE,Class 8,Mathematics,Progress in Mathematics,Chapter 3 Squares and Squares Roots,,,Multiple Choice Question (QPG) Test Paper,"A Pythagorean triplet whose one member is 6, is :",N/A,"(3, 6, 9)","(4, 6, 8)","(6, 8, 10)","(6, 9, 12)",,Other,Hard,Test Learning Outcome 1,"Skillone,skilltwo","tagone,tagtwo",1
CBSE,Class 8,Mathematics,Progress in Mathematics,Chapter 3 Squares and Squares Roots,,,Multiple Choice Question (QPG) Test Paper,Area of a square plot is 729 m2. The side of the squar plot is :,N/A,33 m,37 m,27 m,23 m,,Other,Hard,Test Learning Outcome 1,"Skillone,skilltwo","tagone,tagtwo",1
CBSE,Class 8,Mathematics,Progress in Mathematics,Chapter 3 Squares and Squares Roots,,,Multiple Choice Question (QPG) Test Paper,Square of an even number is :,N/A,an even number,an odd number,either an even or an odd number,none of these,,Other,Hard,Test Learning Outcome 1,"Skillone,skilltwo","tagone,tagtwo",1
CBSE,Class 8,Mathematics,Progress in Mathematics,Chapter 3 Squares and Squares Roots,,,Multiple Choice Question (QPG) Test Paper,Square root of 1.44 is :,N/A,1.22,12.2,1.2,0.12,,Other,Hard,Test Learning Outcome 1,"Skillone,skilltwo","tagone,tagtwo",1
CBSE,Class 8,Mathematics,Progress in Mathematics,Chapter 3 Squares and Squares Roots,,,Multiple Choice Question (QPG) Test Paper,The number of digits in the square root of 390625 is :,N/A,3,4,2,2 or 3,,Other,Hard,Test Learning Outcome 1,"Skillone,skilltwo","tagone,tagtwo",1
CBSE,Class 8,Mathematics,Progress in Mathematics,Chapter 3 Squares and Squares Roots,,,Multiple Choice Question (QPG) Test Paper,The smallest number by which 72 must be divided to get a perfect square is :,N/A,2,3,4,5,,Other,Hard,Test Learning Outcome 1,"Skillone,skilltwo","tagone,tagtwo",1
CBSE,Class 8,Mathematics,Progress in Mathematics,Chapter 3 Squares and Squares Roots,,,Multiple Choice Question (QPG) Test Paper,The square of any number (other than 1) is :,N/A,either a multiple of 3 or a multiple of 3 plus 1,either a multiple of 4 or a multiple of 4 plus 1,always a multiple of 3,both (a) and (b) are true,,Other,Hard,Test Learning Outcome 1,"Skillone,skilltwo","tagone,tagtwo",1
CBSE,Class 8,Mathematics,Progress in Mathematics,Chapter 3 Squares and Squares Roots,,,Multiple Choice Question (QPG) Test Paper,The square root of 1764 is :,N/A,32,42,22,52,,Other,Hard,Test Learning Outcome 1,"Skillone,skilltwo","tagone,tagtwo",1
CBSE,Class 8,Mathematics,Progress in Mathematics,Chapter 3 Squares and Squares Roots,,,Multiple Choice Question (QPG) Test Paper,The square root of 30.25 is :,N/A,0.55,5.5,0.055,5.05,,Other,Hard,Test Learning Outcome 1,"Skillone,skilltwo","tagone,tagtwo",1
CBSE,Class 8,Mathematics,Progress in Mathematics,Chapter 3 Squares and Squares Roots,,,Multiple Choice Question (QPG) Test Paper,What least number must be subtracted from 149 to make it a perfect square?,N/A,2,7,4,5,,Other,Hard,Test Learning Outcome 1,"Skillone,skilltwo","tagone,tagtwo",1
CBSE,Class 8,Mathematics,Progress in Mathematics,Chapter 3 Squares and Squares Roots,,,Multiple Choice Question (QPG) Test Paper,Which of the following cannot be a digit in the units place of a perfect square?,N/A,1,5,7,0,,Other,Hard,Test Learning Outcome 1,"Skillone,skilltwo","tagone,tagtwo",1
CBSE,Class 8,Mathematics,Progress in Mathematics,Chapter 3 Squares and Squares Roots,,,Multiple Choice Question (QPG) Test Paper,Which of the following is a perfect square?,N/A,141,196,124,222,,Other,Hard,Test Learning Outcome 1,"Skillone,skilltwo","tagone,tagtwo",1
CBSE,Class 8,Mathematics,Progress in Mathematics,Chapter 3 Squares and Squares Roots,,,Multiple Choice Question (QPG) Test Paper,Which of the following number is not a perfect square?,N/A,256,525,4225,1296,,Other,Hard,Test Learning Outcome 1,"Skillone,skilltwo","tagone,tagtwo",1
CBSE,Class 8,Mathematics,Progress in Mathematics,Chapter 3 Squares and Squares Roots,,,Short Answer Questions (QPG),Find the least number which must be added to 9213 to make it a perfect square.,N/A,,,,,,Other,Hard,Test Learning Outcome 1,"Skillone,skilltwo","tagone,tagtwo",1
CBSE,Class 8,Mathematics,Progress in Mathematics,Chapter 3 Squares and Squares Roots,,,Short Answer Questions (QPG),Find the least number which must be subtracted from 7230 to make it a perfect square.,N/A,,,,,,Other,Hard,Test Learning Outcome 1,"Skillone,skilltwo","tagone,tagtwo",1
CBSE,Class 8,Mathematics,Progress in Mathematics,Chapter 3 Squares and Squares Roots,,,Short Answer Questions (QPG),Find the squares of the following numbers :(i) 18 (ii) 22 (iii) 45 (iv) 105,N/A,,,,,,Other,Hard,Test Learning Outcome 1,"Skillone,skilltwo","tagone,tagtwo",1
CBSE,Class 8,Mathematics,Progress in Mathematics,Chapter 3 Squares and Squares Roots,,,Short Answer Questions (QPG),Which of the following numbers are perfect squares?(i) 121 (ii) 729 (iii) 576 (iv) 1225,N/A,,,,,,Other,Hard,Test Learning Outcome 1,"Skillone,skilltwo","tagone,tagtwo",1
CBSE,Class 8,Mathematics,Progress in Mathematics,Chapter 3 Squares and Squares Roots,,,Short Answer Questions (QPG),Without any calculation find the number of digits in the square root of 32307856.,N/A,,,,,,Other,Hard,Test Learning Outcome 1,"Skillone,skilltwo","tagone,tagtwo",1
CBSE,Class 8,Mathematics,Progress in Mathematics,Chapter 3 Squares and Squares Roots,,,Value Based Question,"In a school, students of class VIII collected ` 7921 as donations to help flood victims. Each student
gave as many rupees as their number in the class. Find the number of students in the class and the
amount of money given by each student. What value did the students show by collecting donations?",N/A,,,,,,Other,Hard,Test Learning Outcome 1,"Skillone,skilltwo","tagone,tagtwo",1
