Board Name,Class Name,Subject Name,Series Name,Chapter Name,Topic Name,Subtopic Name,Question Type,"Question(If question is mcq or Assertion & Reason  use option 1 to option 4 and in answer give 1,2,3,4 number only not option value, if true false, or any other type question give answer in answer coloumn and for fill in the blanks you can use comma seprator for multiple filling answers eg fill1,fill2, fill3)",Answer,Option1,Option2,Option3,Option4,Explanation,Question Weight(optional),Difficulty Level,Learning Outcomes(optional),"Skills(optional if any seprate with comma ,)","Tags(optional if any seprate with comma ,)","Status(1==active,0=Inactive)"
CBSE,Class 3,Computer Science,Online with Computer,Chapter 1 Computers Introduction,,,Fill in the blank (QPG),________________ key is used to write capital letters.,N/A,,,,,,Other,Hard,Test Learning Outcome 1,"Skillone,skilltwo","ONLINE WITH COMPUTERS COURSE BOOK 3,COMPUTERS INTRODUCTION",1
CBSE,Class 3,Computer Science,Online with Computer,Chapter 1 Computers Introduction,,,Fill in the blank (QPG),____________________ key is used to start a new line.,N/A,,,,,,Other,Hard,Test Learning Outcome 1,"Skillone,skilltwo","ONLINE WITH COMPUTERS COURSE BOOK 3,COMPUTERS INTRODUCTION",1
CBSE,Class 3,Computer Science,Online with Computer,Chapter 1 Computers Introduction,,,Fill in the blank (QPG),A Computer thinks with its _______________________.,N/A,,,,,,Other,Hard,Test Learning Outcome 1,"Skillone,skilltwo","ONLINE WITH COMPUTERS COURSE BOOK 3,COMPUTERS INTRODUCTION",1
CBSE,Class 3,Computer Science,Online with Computer,Chapter 1 Computers Introduction,,,Fill in the blank (QPG),Computer is a ________________________ .,N/A,,,,,,Other,Hard,Test Learning Outcome 1,"Skillone,skilltwo","ONLINE WITH COMPUTERS COURSE BOOK 3,COMPUTERS INTRODUCTION",1
CBSE,Class 3,Computer Science,Online with Computer,Chapter 1 Computers Introduction,,,Fill in the blank (QPG),Computer last longer if you take _____________________ of them.,N/A,,,,,,Other,Hard,Test Learning Outcome 1,"Skillone,skilltwo","ONLINE WITH COMPUTERS COURSE BOOK 3,COMPUTERS INTRODUCTION",1
CBSE,Class 3,Computer Science,Online with Computer,Chapter 1 Computers Introduction,,,Fill in the blank (QPG),Do not use the computer with _______________________ hands.,N/A,,,,,,Other,Hard,Test Learning Outcome 1,"Skillone,skilltwo","ONLINE WITH COMPUTERS COURSE BOOK 3,COMPUTERS INTRODUCTION",1
CBSE,Class 3,Computer Science,Online with Computer,Chapter 1 Computers Introduction,,,Fill in the blank (QPG),One should always eat _____________________ from the computer .,N/A,,,,,,Other,Hard,Test Learning Outcome 1,"Skillone,skilltwo","ONLINE WITH COMPUTERS COURSE BOOK 3,COMPUTERS INTRODUCTION",1
CBSE,Class 3,Computer Science,Online with Computer,Chapter 1 Computers Introduction,,,Fill in the blank (QPG),One should press the keyboard keys very ____________________ .,N/A,,,,,,Other,Hard,Test Learning Outcome 1,"Skillone,skilltwo","ONLINE WITH COMPUTERS COURSE BOOK 3,COMPUTERS INTRODUCTION",1
CBSE,Class 3,Computer Science,Online with Computer,Chapter 1 Computers Introduction,,,Fill in the blank (QPG),you can put blank spaces with _______________________ .,N/A,,,,,,Other,Hard,Test Learning Outcome 1,"Skillone,skilltwo","ONLINE WITH COMPUTERS COURSE BOOK 3,COMPUTERS INTRODUCTION",1
CBSE,Class 3,Computer Science,Online with Computer,Chapter 1 Computers Introduction,,,Short Answer Questions (QPG),What is a computer ?,N/A,,,,,,Other,Hard,Test Learning Outcome 1,"Skillone,skilltwo","ONLINE WITH COMPUTERS COURSE BOOK 3,COMPUTERS INTRODUCTION",1
CBSE,Class 3,Computer Science,Online with Computer,Chapter 1 Computers Introduction,,,Short Answer Questions (QPG),How do good students teke care of their computer ?,N/A,,,,,,Other,Hard,Test Learning Outcome 1,"Skillone,skilltwo","ONLINE WITH COMPUTERS COURSE BOOK 3,COMPUTERS INTRODUCTION",1
CBSE,Class 3,Computer Science,Online with Computer,Chapter 1 Computers Introduction,,,Short Answer Questions (QPG),How do you correct your mistakes while typing ?,N/A,,,,,,Other,Hard,Test Learning Outcome 1,"Skillone,skilltwo","ONLINE WITH COMPUTERS COURSE BOOK 3,COMPUTERS INTRODUCTION",1
CBSE,Class 3,Computer Science,Online with Computer,Chapter 1 Computers Introduction,,,Short Answer Questions (QPG),How do you use a mouse ?,N/A,,,,,,Other,Hard,Test Learning Outcome 1,"Skillone,skilltwo","ONLINE WITH COMPUTERS COURSE BOOK 3,COMPUTERS INTRODUCTION",1
CBSE,Class 3,Computer Science,Online with Computer,Chapter 1 Computers Introduction,,,Short Answer Questions (QPG),How do you use Spacebar key ?,N/A,,,,,,Other,Hard,Test Learning Outcome 1,"Skillone,skilltwo","ONLINE WITH COMPUTERS COURSE BOOK 3,COMPUTERS INTRODUCTION",1
CBSE,Class 3,Computer Science,Online with Computer,Chapter 1 Computers Introduction,,,Short Answer Questions (QPG),How many parts of the computer are there ?,N/A,,,,,,Other,Hard,Test Learning Outcome 1,"Skillone,skilltwo","ONLINE WITH COMPUTERS COURSE BOOK 3,COMPUTERS INTRODUCTION",1
CBSE,Class 3,Computer Science,Online with Computer,Chapter 1 Computers Introduction,,,Short Answer Questions (QPG),Name the main part of the computer ?,N/A,,,,,,Other,Hard,Test Learning Outcome 1,"Skillone,skilltwo","ONLINE WITH COMPUTERS COURSE BOOK 3,COMPUTERS INTRODUCTION",1
CBSE,Class 3,Computer Science,Online with Computer,Chapter 1 Computers Introduction,,,Short Answer Questions (QPG),What is a single and double click ?,N/A,,,,,,Other,Hard,Test Learning Outcome 1,"Skillone,skilltwo","ONLINE WITH COMPUTERS COURSE BOOK 3,COMPUTERS INTRODUCTION",1
CBSE,Class 3,Computer Science,Online with Computer,Chapter 1 Computers Introduction,,,Short Answer Questions (QPG),What is the use of shift key ?,N/A,,,,,,Other,Hard,Test Learning Outcome 1,"Skillone,skilltwo","ONLINE WITH COMPUTERS COURSE BOOK 3,COMPUTERS INTRODUCTION",1
CBSE,Class 3,Computer Science,Online with Computer,Chapter 1 Computers Introduction,,,Short Answer Questions (QPG),What is the use of the printer ?,N/A,,,,,,Other,Hard,Test Learning Outcome 1,"Skillone,skilltwo","ONLINE WITH COMPUTERS COURSE BOOK 3,COMPUTERS INTRODUCTION",1
CBSE,Class 3,Computer Science,Online with Computer,Chapter 1 Computers Introduction,,,Short Answer Questions (QPG),What would happen if you sit too close to a monitor ?,N/A,,,,,,Other,Hard,Test Learning Outcome 1,"Skillone,skilltwo","ONLINE WITH COMPUTERS COURSE BOOK 3,COMPUTERS INTRODUCTION",1
CBSE,Class 3,Computer Science,Online with Computer,Chapter 1 Computers Introduction,,,Short Answer Questions (QPG),Which are the number keys ?,N/A,,,,,,Other,Hard,Test Learning Outcome 1,"Skillone,skilltwo","ONLINE WITH COMPUTERS COURSE BOOK 3,COMPUTERS INTRODUCTION",1
CBSE,Class 3,Computer Science,Online with Computer,Chapter 1 Computers Introduction,,,Short Answer Questions (QPG),Why should you handle a mouse with care?,N/A,,,,,,Other,Hard,Test Learning Outcome 1,"Skillone,skilltwo","ONLINE WITH COMPUTERS COURSE BOOK 3,COMPUTERS INTRODUCTION",1
CBSE,Class 3,Computer Science,Online with Computer,Chapter 1 Computers Introduction,,,Short Answer Questions (QPG),Why should you keep a computer clean?,N/A,,,,,,Other,Hard,Test Learning Outcome 1,"Skillone,skilltwo","ONLINE WITH COMPUTERS COURSE BOOK 3,COMPUTERS INTRODUCTION",1
CBSE,Class 3,Computer Science,Online with Computer,Chapter 1 Computers Introduction,,, True or False (QPG),Clicking on mouse button once is called double click .,N/A,,,,,,Other,Hard,Test Learning Outcome 1,"Skillone,skilltwo","ONLINE WITH COMPUTERS COURSE BOOK 3,COMPUTERS INTRODUCTION",1
CBSE,Class 3,Computer Science,Online with Computer,Chapter 1 Computers Introduction,,, True or False (QPG),Computer can't help you to write a letter .,N/A,,,,,,Other,Hard,Test Learning Outcome 1,"Skillone,skilltwo","ONLINE WITH COMPUTERS COURSE BOOK 3,COMPUTERS INTRODUCTION",1
CBSE,Class 3,Computer Science,Online with Computer,Chapter 1 Computers Introduction,,, True or False (QPG),Do not take care of computers.,N/A,,,,,,Other,Hard,Test Learning Outcome 1,"Skillone,skilltwo","ONLINE WITH COMPUTERS COURSE BOOK 3,COMPUTERS INTRODUCTION",1
CBSE,Class 3,Computer Science,Online with Computer,Chapter 1 Computers Introduction,,, True or False (QPG),Full stop in used at the beginning of each sentence.,N/A,,,,,,Other,Hard,Test Learning Outcome 1,"Skillone,skilltwo","ONLINE WITH COMPUTERS COURSE BOOK 3,COMPUTERS INTRODUCTION",1
CBSE,Class 3,Computer Science,Online with Computer,Chapter 1 Computers Introduction,,, True or False (QPG),Handle mouse with care .,N/A,,,,,,Other,Hard,Test Learning Outcome 1,"Skillone,skilltwo","ONLINE WITH COMPUTERS COURSE BOOK 3,COMPUTERS INTRODUCTION",1
CBSE,Class 3,Computer Science,Online with Computer,Chapter 1 Computers Introduction,,, True or False (QPG),keyboard has got keys on it .,N/A,,,,,,Other,Hard,Test Learning Outcome 1,"Skillone,skilltwo","ONLINE WITH COMPUTERS COURSE BOOK 3,COMPUTERS INTRODUCTION",1
CBSE,Class 3,Computer Science,Online with Computer,Chapter 1 Computers Introduction,,, True or False (QPG),There are two types of letters.,N/A,,,,,,Other,Hard,Test Learning Outcome 1,"Skillone,skilltwo","ONLINE WITH COMPUTERS COURSE BOOK 3,COMPUTERS INTRODUCTION",1
CBSE,Class 3,Computer Science,Online with Computer,Chapter 1 Computers Introduction,,, True or False (QPG),You should eat near a computer .,N/A,,,,,,Other,Hard,Test Learning Outcome 1,"Skillone,skilltwo","ONLINE WITH COMPUTERS COURSE BOOK 3,COMPUTERS INTRODUCTION",1
CBSE,Class 3,Computer Science,Online with Computer,Chapter 1 Computers Introduction,,, True or False (QPG),You should not sit too close to the monitor .,N/A,,,,,,Other,Hard,Test Learning Outcome 1,"Skillone,skilltwo","ONLINE WITH COMPUTERS COURSE BOOK 3,COMPUTERS INTRODUCTION",1
CBSE,Class 3,Computer Science,Online with Computer,Chapter 1 Computers Introduction,,, True or False (QPG),Your eyes get damaged if you sit too close to a monitor .,N/A,,,,,,Other,Hard,Test Learning Outcome 1,"Skillone,skilltwo","ONLINE WITH COMPUTERS COURSE BOOK 3,COMPUTERS INTRODUCTION",1
CBSE,Class 3,Computer Science,Online with Computer,Chapter 2 Drawing And Colouring In Paint,,,Fill in the blank (QPG),____________________ key is used to start a new line.,N/A,,,,,,Other,Hard,Test Learning Outcome 1,"Skillone,skilltwo","ONLINE WITH COMPUTERS COURSE BOOK 3,DRAWING AND COLOURING IN PAINT",1
CBSE,Class 3,Computer Science,Online with Computer,Chapter 2 Drawing And Colouring In Paint,,,Fill in the blank (QPG),"To colour an objec, select _________________________ tool from the tool box.",N/A,,,,,,Other,Hard,Test Learning Outcome 1,"Skillone,skilltwo","ONLINE WITH COMPUTERS COURSE BOOK 3,DRAWING AND COLOURING IN PAINT",1
CBSE,Class 3,Computer Science,Online with Computer,Chapter 2 Drawing And Colouring In Paint,,,Fill in the blank (QPG),"Using an airbrush, you hove to select ________________________ size from options box .",N/A,,,,,,Other,Hard,Test Learning Outcome 1,"Skillone,skilltwo","ONLINE WITH COMPUTERS COURSE BOOK 3,DRAWING AND COLOURING IN PAINT",1
CBSE,Class 3,Computer Science,Online with Computer,Chapter 2 Drawing And Colouring In Paint,,,Fill in the blank (QPG),"When the window is maximised, the maxmise button changes to ___________________ button",N/A,,,,,,Other,Hard,Test Learning Outcome 1,"Skillone,skilltwo","ONLINE WITH COMPUTERS COURSE BOOK 3,DRAWING AND COLOURING IN PAINT",1
CBSE,Class 3,Computer Science,Online with Computer,Chapter 2 Drawing And Colouring In Paint,,,Fill in the blank (QPG),Hold down the _______________________button to draw a perfect circle .,N/A,,,,,,Other,Hard,Test Learning Outcome 1,"Skillone,skilltwo","ONLINE WITH COMPUTERS COURSE BOOK 3,DRAWING AND COLOURING IN PAINT",1
CBSE,Class 3,Computer Science,Online with Computer,Chapter 2 Drawing And Colouring In Paint,,,Fill in the blank (QPG),One should press the keyboard keys very ____________________________ .,N/A,,,,,,Other,Hard,Test Learning Outcome 1,"Skillone,skilltwo","ONLINE WITH COMPUTERS COURSE BOOK 3,DRAWING AND COLOURING IN PAINT",1
CBSE,Class 3,Computer Science,Online with Computer,Chapter 2 Drawing And Colouring In Paint,,,Fill in the blank (QPG),Computers last longer if you take __________________________of them.,N/A,,,,,,Other,Hard,Test Learning Outcome 1,"Skillone,skilltwo","ONLINE WITH COMPUTERS COURSE BOOK 3,DRAWING AND COLOURING IN PAINT",1
CBSE,Class 3,Computer Science,Online with Computer,Chapter 2 Drawing And Colouring In Paint,,,Fill in the blank (QPG),"Eyes can get damaged, if you sit __________________________ to monitor .",N/A,,,,,,Other,Hard,Test Learning Outcome 1,"Skillone,skilltwo","ONLINE WITH COMPUTERS COURSE BOOK 3,DRAWING AND COLOURING IN PAINT",1
CBSE,Class 3,Computer Science,Online with Computer,Chapter 2 Drawing And Colouring In Paint,,,Fill in the blank (QPG),Line tool would be used to draw __________________________Lines.,N/A,,,,,,Other,Hard,Test Learning Outcome 1,"Skillone,skilltwo","ONLINE WITH COMPUTERS COURSE BOOK 3,DRAWING AND COLOURING IN PAINT",1
CBSE,Class 3,Computer Science,Online with Computer,Chapter 2 Drawing And Colouring In Paint,,,Fill in the blank (QPG),menu bar appears just ___________________________ the title bar.,N/A,,,,,,Other,Hard,Test Learning Outcome 1,"Skillone,skilltwo","ONLINE WITH COMPUTERS COURSE BOOK 3,DRAWING AND COLOURING IN PAINT",1
CBSE,Class 3,Computer Science,Online with Computer,Chapter 2 Drawing And Colouring In Paint,,,Fill in the blank (QPG),Menus of computer are located on the _________________________bar.,N/A,,,,,,Other,Hard,Test Learning Outcome 1,"Skillone,skilltwo","ONLINE WITH COMPUTERS COURSE BOOK 3,DRAWING AND COLOURING IN PAINT",1
CBSE,Class 3,Computer Science,Online with Computer,Chapter 2 Drawing And Colouring In Paint,,,Fill in the blank (QPG),To save a picture first click on __________________________menu and then on Save.,N/A,,,,,,Other,Hard,Test Learning Outcome 1,"Skillone,skilltwo","ONLINE WITH COMPUTERS COURSE BOOK 3,DRAWING AND COLOURING IN PAINT",1
CBSE,Class 3,Computer Science,Online with Computer,Chapter 2 Drawing And Colouring In Paint,,,Fill in the blank (QPG),"Using an airbrush, you have to select ______________________ size from options box.",N/A,,,,,,Other,Hard,Test Learning Outcome 1,"Skillone,skilltwo","ONLINE WITH COMPUTERS COURSE BOOK 3,DRAWING AND COLOURING IN PAINT",1
CBSE,Class 3,Computer Science,Online with Computer,Chapter 2 Drawing And Colouring In Paint,,,Short Answer Questions (QPG),Explain command buttons.,N/A,,,,,,Other,Hard,Test Learning Outcome 1,"Skillone,skilltwo","ONLINE WITH COMPUTERS COURSE BOOK 3,DRAWING AND COLOURING IN PAINT",1
CBSE,Class 3,Computer Science,Online with Computer,Chapter 2 Drawing And Colouring In Paint,,,Short Answer Questions (QPG),How far one should sit from monitor ?,N/A,,,,,,Other,Hard,Test Learning Outcome 1,"Skillone,skilltwo","ONLINE WITH COMPUTERS COURSE BOOK 3,DRAWING AND COLOURING IN PAINT",1
CBSE,Class 3,Computer Science,Online with Computer,Chapter 2 Drawing And Colouring In Paint,,,Short Answer Questions (QPG),How is pencil used to write ?,N/A,,,,,,Other,Hard,Test Learning Outcome 1,"Skillone,skilltwo","ONLINE WITH COMPUTERS COURSE BOOK 3,DRAWING AND COLOURING IN PAINT",1
CBSE,Class 3,Computer Science,Online with Computer,Chapter 2 Drawing And Colouring In Paint,,,Short Answer Questions (QPG),How many tools are there in toolbox.,N/A,,,,,,Other,Hard,Test Learning Outcome 1,"Skillone,skilltwo","ONLINE WITH COMPUTERS COURSE BOOK 3,DRAWING AND COLOURING IN PAINT",1
CBSE,Class 3,Computer Science,Online with Computer,Chapter 2 Drawing And Colouring In Paint,,,Short Answer Questions (QPG),Name the main parts of the computer .,N/A,,,,,,Other,Hard,Test Learning Outcome 1,"Skillone,skilltwo","ONLINE WITH COMPUTERS COURSE BOOK 3,DRAWING AND COLOURING IN PAINT",1
CBSE,Class 3,Computer Science,Online with Computer,Chapter 2 Drawing And Colouring In Paint,,,Short Answer Questions (QPG),What is brush tool used for ?,N/A,,,,,,Other,Hard,Test Learning Outcome 1,"Skillone,skilltwo","ONLINE WITH COMPUTERS COURSE BOOK 3,DRAWING AND COLOURING IN PAINT",1
CBSE,Class 3,Computer Science,Online with Computer,Chapter 2 Drawing And Colouring In Paint,,,Short Answer Questions (QPG),How do you correct your mistakes while typing ?,N/A,,,,,,Other,Hard,Test Learning Outcome 1,"Skillone,skilltwo","ONLINE WITH COMPUTERS COURSE BOOK 3,DRAWING AND COLOURING IN PAINT",1
CBSE,Class 3,Computer Science,Online with Computer,Chapter 2 Drawing And Colouring In Paint,,,Short Answer Questions (QPG),Give steps for drawing a rounded rectangle.,N/A,,,,,,Other,Hard,Test Learning Outcome 1,"Skillone,skilltwo","ONLINE WITH COMPUTERS COURSE BOOK 3,DRAWING AND COLOURING IN PAINT",1
CBSE,Class 3,Computer Science,Online with Computer,Chapter 2 Drawing And Colouring In Paint,,,Short Answer Questions (QPG),Give steps to use the airbrush.,N/A,,,,,,Other,Hard,Test Learning Outcome 1,"Skillone,skilltwo","ONLINE WITH COMPUTERS COURSE BOOK 3,DRAWING AND COLOURING IN PAINT",1
CBSE,Class 3,Computer Science,Online with Computer,Chapter 2 Drawing And Colouring In Paint,,,Short Answer Questions (QPG),How do tou use line tool ?,N/A,,,,,,Other,Hard,Test Learning Outcome 1,"Skillone,skilltwo","ONLINE WITH COMPUTERS COURSE BOOK 3,DRAWING AND COLOURING IN PAINT",1
CBSE,Class 3,Computer Science,Online with Computer,Chapter 2 Drawing And Colouring In Paint,,,Short Answer Questions (QPG),How do you create a new picture ?,N/A,,,,,,Other,Hard,Test Learning Outcome 1,"Skillone,skilltwo","ONLINE WITH COMPUTERS COURSE BOOK 3,DRAWING AND COLOURING IN PAINT",1
CBSE,Class 3,Computer Science,Online with Computer,Chapter 2 Drawing And Colouring In Paint,,,Short Answer Questions (QPG),How do you draw a square ?,N/A,,,,,,Other,Hard,Test Learning Outcome 1,"Skillone,skilltwo","ONLINE WITH COMPUTERS COURSE BOOK 3,DRAWING AND COLOURING IN PAINT",1
CBSE,Class 3,Computer Science,Online with Computer,Chapter 2 Drawing And Colouring In Paint,,,Short Answer Questions (QPG),How do you fill an area with colour ?,N/A,,,,,,Other,Hard,Test Learning Outcome 1,"Skillone,skilltwo","ONLINE WITH COMPUTERS COURSE BOOK 3,DRAWING AND COLOURING IN PAINT",1
CBSE,Class 3,Computer Science,Online with Computer,Chapter 2 Drawing And Colouring In Paint,,,Short Answer Questions (QPG),How do you use line tool ?,N/A,,,,,,Other,Hard,Test Learning Outcome 1,"Skillone,skilltwo","ONLINE WITH COMPUTERS COURSE BOOK 3,DRAWING AND COLOURING IN PAINT",1
CBSE,Class 3,Computer Science,Online with Computer,Chapter 2 Drawing And Colouring In Paint,,,Short Answer Questions (QPG),How will you paint using a brush ?,N/A,,,,,,Other,Hard,Test Learning Outcome 1,"Skillone,skilltwo","ONLINE WITH COMPUTERS COURSE BOOK 3,DRAWING AND COLOURING IN PAINT",1
CBSE,Class 3,Computer Science,Online with Computer,Chapter 2 Drawing And Colouring In Paint,,,Short Answer Questions (QPG),"To change the colour of a shape/line, which tool will you use ?",N/A,,,,,,Other,Hard,Test Learning Outcome 1,"Skillone,skilltwo","ONLINE WITH COMPUTERS COURSE BOOK 3,DRAWING AND COLOURING IN PAINT",1
CBSE,Class 3,Computer Science,Online with Computer,Chapter 2 Drawing And Colouring In Paint,,,Short Answer Questions (QPG),"To have Airbrush effect, how would you move the mouse?",N/A,,,,,,Other,Hard,Test Learning Outcome 1,"Skillone,skilltwo","ONLINE WITH COMPUTERS COURSE BOOK 3,DRAWING AND COLOURING IN PAINT",1
CBSE,Class 3,Computer Science,Online with Computer,Chapter 2 Drawing And Colouring In Paint,,,Short Answer Questions (QPG),What are the steps for saving a file ?,N/A,,,,,,Other,Hard,Test Learning Outcome 1,"Skillone,skilltwo","ONLINE WITH COMPUTERS COURSE BOOK 3,DRAWING AND COLOURING IN PAINT",1
CBSE,Class 3,Computer Science,Online with Computer,Chapter 2 Drawing And Colouring In Paint,,,Short Answer Questions (QPG),What is a colour box?,N/A,,,,,,Other,Hard,Test Learning Outcome 1,"Skillone,skilltwo","ONLINE WITH COMPUTERS COURSE BOOK 3,DRAWING AND COLOURING IN PAINT",1
CBSE,Class 3,Computer Science,Online with Computer,Chapter 2 Drawing And Colouring In Paint,,,Short Answer Questions (QPG),What is a polygon ?,N/A,,,,,,Other,Hard,Test Learning Outcome 1,"Skillone,skilltwo","ONLINE WITH COMPUTERS COURSE BOOK 3,DRAWING AND COLOURING IN PAINT",1
CBSE,Class 3,Computer Science,Online with Computer,Chapter 2 Drawing And Colouring In Paint,,,Short Answer Questions (QPG),Which are the number keys?,N/A,,,,,,Other,Hard,Test Learning Outcome 1,"Skillone,skilltwo","ONLINE WITH COMPUTERS COURSE BOOK 3,DRAWING AND COLOURING IN PAINT",1
CBSE,Class 3,Computer Science,Online with Computer,Chapter 2 Drawing And Colouring In Paint,,,Short Answer Questions (QPG),Write steps to draw a polygon ?,N/A,,,,,,Other,Hard,Test Learning Outcome 1,"Skillone,skilltwo","ONLINE WITH COMPUTERS COURSE BOOK 3,DRAWING AND COLOURING IN PAINT",1
CBSE,Class 3,Computer Science,Online with Computer,Chapter 2 Drawing And Colouring In Paint,,, True or False (QPG),Brush button is located on title bar.,N/A,,,,,,Other,Hard,Test Learning Outcome 1,"Skillone,skilltwo","ONLINE WITH COMPUTERS COURSE BOOK 3,DRAWING AND COLOURING IN PAINT",1
CBSE,Class 3,Computer Science,Online with Computer,Chapter 2 Drawing And Colouring In Paint,,, True or False (QPG),It is not necessary to give a file name to the picture to be saved.,N/A,,,,,,Other,Hard,Test Learning Outcome 1,"Skillone,skilltwo","ONLINE WITH COMPUTERS COURSE BOOK 3,DRAWING AND COLOURING IN PAINT",1
CBSE,Class 3,Computer Science,Online with Computer,Chapter 2 Drawing And Colouring In Paint,,, True or False (QPG),One can draw a perfect circle using the curve tool.,N/A,,,,,,Other,Hard,Test Learning Outcome 1,"Skillone,skilltwo","ONLINE WITH COMPUTERS COURSE BOOK 3,DRAWING AND COLOURING IN PAINT",1
CBSE,Class 3,Computer Science,Online with Computer,Chapter 2 Drawing And Colouring In Paint,,, True or False (QPG),To open an existing file and the click on Open.,N/A,,,,,,Other,Hard,Test Learning Outcome 1,"Skillone,skilltwo","ONLINE WITH COMPUTERS COURSE BOOK 3,DRAWING AND COLOURING IN PAINT",1
CBSE,Class 3,Computer Science,Online with Computer,Chapter 2 Drawing And Colouring In Paint,,, True or False (QPG),The colour of an existing line can be changed .,N/A,,,,,,Other,Hard,Test Learning Outcome 1,"Skillone,skilltwo","ONLINE WITH COMPUTERS COURSE BOOK 3,DRAWING AND COLOURING IN PAINT",1
CBSE,Class 3,Computer Science,Online with Computer,Chapter 2 Drawing And Colouring In Paint,,, True or False (QPG),To start a new picture click on file menu and then on New.,N/A,,,,,,Other,Hard,Test Learning Outcome 1,"Skillone,skilltwo","ONLINE WITH COMPUTERS COURSE BOOK 3,DRAWING AND COLOURING IN PAINT",1
CBSE,Class 3,Computer Science,Online with Computer,Chapter 2 Drawing And Colouring In Paint,,, True or False (QPG),Colour box gives us the colour for tool.,N/A,,,,,,Other,Hard,Test Learning Outcome 1,"Skillone,skilltwo","ONLINE WITH COMPUTERS COURSE BOOK 3,DRAWING AND COLOURING IN PAINT",1
CBSE,Class 3,Computer Science,Online with Computer,Chapter 2 Drawing And Colouring In Paint,,, True or False (QPG),The colour of an existing line can be changed.,N/A,,,,,,Other,Hard,Test Learning Outcome 1,"Skillone,skilltwo","ONLINE WITH COMPUTERS COURSE BOOK 3,DRAWING AND COLOURING IN PAINT",1
CBSE,Class 3,Computer Science,Online with Computer,Chapter 2 Drawing And Colouring In Paint,,, True or False (QPG),The work area is the drawing area to make drawings.,N/A,,,,,,Other,Hard,Test Learning Outcome 1,"Skillone,skilltwo","ONLINE WITH COMPUTERS COURSE BOOK 3,DRAWING AND COLOURING IN PAINT",1
CBSE,Class 3,Computer Science,Online with Computer,Chapter 2 Drawing And Colouring In Paint,,, True or False (QPG),There are two types of letters.,N/A,,,,,,Other,Hard,Test Learning Outcome 1,"Skillone,skilltwo","ONLINE WITH COMPUTERS COURSE BOOK 3,DRAWING AND COLOURING IN PAINT",1
CBSE,Class 3,Computer Science,Online with Computer,Chapter 2 Drawing And Colouring In Paint,,, True or False (QPG),To start a new picture click on file menu and then on New.,N/A,,,,,,Other,Hard,Test Learning Outcome 1,"Skillone,skilltwo","ONLINE WITH COMPUTERS COURSE BOOK 3,DRAWING AND COLOURING IN PAINT",1
CBSE,Class 3,Computer Science,Online with Computer,Chapter 2 Drawing And Colouring In Paint,,, True or False (QPG),To start the computer first of all moniter will be switched O,N/A,,,,,,Other,Hard,Test Learning Outcome 1,"Skillone,skilltwo","ONLINE WITH COMPUTERS COURSE BOOK 3,DRAWING AND COLOURING IN PAINT",1
CBSE,Class 3,Computer Science,Online with Computer,Chapter 2 Drawing And Colouring In Paint,,, True or False (QPG),You should not sit too close to the moniter.,N/A,,,,,,Other,Hard,Test Learning Outcome 1,"Skillone,skilltwo","ONLINE WITH COMPUTERS COURSE BOOK 3,DRAWING AND COLOURING IN PAINT",1
CBSE,Class 3,Computer Science,Online with Computer,Chapter 3 Introduction To Logo,,,Fill in the blank (QPG),Double clicking on the command in the Output box would copy and ____________________________ the command to input box.,N/A,,,,,,Other,Hard,Test Learning Outcome 1,"Skillone,skilltwo","ONLINE WITH COMPUTERS COURSE BOOK 3,INTRODUCTION TO LOGO",1
CBSE,Class 3,Computer Science,Online with Computer,Chapter 3 Introduction To Logo,,,Fill in the blank (QPG),The input box in located in _______________________ portion of commander window.,N/A,,,,,,Other,Hard,Test Learning Outcome 1,"Skillone,skilltwo","ONLINE WITH COMPUTERS COURSE BOOK 3,INTRODUCTION TO LOGO",1
CBSE,Class 3,Computer Science,Online with Computer,Chapter 3 Introduction To Logo,,,Fill in the blank (QPG),The menus of MSW Logo are present on __________________________ bar.,N/A,,,,,,Other,Hard,Test Learning Outcome 1,"Skillone,skilltwo","ONLINE WITH COMPUTERS COURSE BOOK 3,INTRODUCTION TO LOGO",1
CBSE,Class 3,Computer Science,Online with Computer,Chapter 3 Introduction To Logo,,,Fill in the blank (QPG),"To use the command already used once, we find it in _____________________________box.",N/A,,,,,,Other,Hard,Test Learning Outcome 1,"Skillone,skilltwo","ONLINE WITH COMPUTERS COURSE BOOK 3,INTRODUCTION TO LOGO",1
CBSE,Class 3,Computer Science,Online with Computer,Chapter 3 Introduction To Logo,,,Fill in the blank (QPG),We file the Output/Command Recall box in ____________________________Window.,N/A,,,,,,Other,Hard,Test Learning Outcome 1,"Skillone,skilltwo","ONLINE WITH COMPUTERS COURSE BOOK 3,INTRODUCTION TO LOGO",1
CBSE,Class 3,Computer Science,Online with Computer,Chapter 3 Introduction To Logo,,,Short Answer Questions (QPG),Name the components of an Opening Logo Screen.,N/A,,,,,,Other,Hard,Test Learning Outcome 1,"Skillone,skilltwo","ONLINE WITH COMPUTERS COURSE BOOK 3,INTRODUCTION TO LOGO",1
CBSE,Class 3,Computer Science,Online with Computer,Chapter 3 Introduction To Logo,,,Short Answer Questions (QPG),How will you exit Logo?,N/A,,,,,,Other,Hard,Test Learning Outcome 1,"Skillone,skilltwo","ONLINE WITH COMPUTERS COURSE BOOK 3,INTRODUCTION TO LOGO",1
CBSE,Class 3,Computer Science,Online with Computer,Chapter 3 Introduction To Logo,,,Short Answer Questions (QPG),What is the role of command button in Commander window?,N/A,,,,,,Other,Hard,Test Learning Outcome 1,"Skillone,skilltwo","ONLINE WITH COMPUTERS COURSE BOOK 3,INTRODUCTION TO LOGO",1
CBSE,Class 3,Computer Science,Online with Computer,Chapter 3 Introduction To Logo,,,Short Answer Questions (QPG),How will you start logo?,N/A,,,,,,Other,Hard,Test Learning Outcome 1,"Skillone,skilltwo","ONLINE WITH COMPUTERS COURSE BOOK 3,INTRODUCTION TO LOGO",1
CBSE,Class 3,Computer Science,Online with Computer,Chapter 3 Introduction To Logo,,,Short Answer Questions (QPG),What does Output box in Commander window do?,N/A,,,,,,Other,Hard,Test Learning Outcome 1,"Skillone,skilltwo","ONLINE WITH COMPUTERS COURSE BOOK 3,INTRODUCTION TO LOGO",1
CBSE,Class 3,Computer Science,Online with Computer,Chapter 3 Introduction To Logo,,,Short Answer Questions (QPG),What does the main Logo sceen consists of?,N/A,,,,,,Other,Hard,Test Learning Outcome 1,"Skillone,skilltwo","ONLINE WITH COMPUTERS COURSE BOOK 3,INTRODUCTION TO LOGO",1
CBSE,Class 3,Computer Science,Online with Computer,Chapter 3 Introduction To Logo,,,Short Answer Questions (QPG),What is logo?,N/A,,,,,,Other,Hard,Test Learning Outcome 1,"Skillone,skilltwo","ONLINE WITH COMPUTERS COURSE BOOK 3,INTRODUCTION TO LOGO",1
CBSE,Class 3,Computer Science,Online with Computer,Chapter 3 Introduction To Logo,,,Short Answer Questions (QPG),What is the use of Input box in Commander window?,N/A,,,,,,Other,Hard,Test Learning Outcome 1,"Skillone,skilltwo","ONLINE WITH COMPUTERS COURSE BOOK 3,INTRODUCTION TO LOGO",1
CBSE,Class 3,Computer Science,Online with Computer,Chapter 3 Introduction To Logo,,, True or False (QPG),Commander window does not hove title bar.,N/A,,,,,,Other,Hard,Test Learning Outcome 1,"Skillone,skilltwo","ONLINE WITH COMPUTERS COURSE BOOK 3,INTRODUCTION TO LOGO",1
CBSE,Class 3,Computer Science,Online with Computer,Chapter 3 Introduction To Logo,,, True or False (QPG),Turtle is a triangle with pointed end upwards.,N/A,,,,,,Other,Hard,Test Learning Outcome 1,"Skillone,skilltwo","ONLINE WITH COMPUTERS COURSE BOOK 3,INTRODUCTION TO LOGO",1
CBSE,Class 3,Computer Science,Online with Computer,Chapter 3 Introduction To Logo,,, True or False (QPG),You Can't exit from Logo only by typing BYE command in the input box.,N/A,,,,,,Other,Hard,Test Learning Outcome 1,"Skillone,skilltwo","ONLINE WITH COMPUTERS COURSE BOOK 3,INTRODUCTION TO LOGO",1
CBSE,Class 3,Computer Science,Online with Computer,Chapter 3 Introduction To Logo,,, True or False (QPG),"Once a command is entered, it can't be edited/corrected.",N/A,,,,,,Other,Hard,Test Learning Outcome 1,"Skillone,skilltwo","ONLINE WITH COMPUTERS COURSE BOOK 3,INTRODUCTION TO LOGO",1
CBSE,Class 3,Computer Science,Online with Computer,Chapter 3 Introduction To Logo,,, True or False (QPG),"Output box, sometimes shows you the results of the command entered in the Input box.",N/A,,,,,,Other,Hard,Test Learning Outcome 1,"Skillone,skilltwo","ONLINE WITH COMPUTERS COURSE BOOK 3,INTRODUCTION TO LOGO",1
CBSE,Class 3,Computer Science,Online with Computer,Chapter 3 Introduction To Logo,,, True or False (QPG),"Pressing of Execute button, executes the command typed in Input box.",N/A,,,,,,Other,Hard,Test Learning Outcome 1,"Skillone,skilltwo","ONLINE WITH COMPUTERS COURSE BOOK 3,INTRODUCTION TO LOGO",1
CBSE,Class 3,Computer Science,Online with Computer,Chapter 4 Operating The Computer,,,Fill in the blank (QPG),Before you switch off a computer you have to _____________ the windows first.,N/A,,,,,,Other,Hard,Test Learning Outcome 1,"Skillone,skilltwo","ONLINE WITH COMPUTERS COURSE BOOK 3,OPERATING THE COMPUTER",1
CBSE,Class 3,Computer Science,Online with Computer,Chapter 4 Operating The Computer,,,Fill in the blank (QPG),"Eyes can get damaget, if you sit _____________________ to monitor",N/A,,,,,,Other,Hard,Test Learning Outcome 1,"Skillone,skilltwo","ONLINE WITH COMPUTERS COURSE BOOK 3,OPERATING THE COMPUTER",1
CBSE,Class 3,Computer Science,Online with Computer,Chapter 4 Operating The Computer,,,Fill in the blank (QPG),The On/Off button of CPU will _____________ electricity to computer.,N/A,,,,,,Other,Hard,Test Learning Outcome 1,"Skillone,skilltwo","ONLINE WITH COMPUTERS COURSE BOOK 3,OPERATING THE COMPUTER",1
CBSE,Class 3,Computer Science,Online with Computer,Chapter 4 Operating The Computer,,,Fill in the blank (QPG),"To start the computer, plug in the cable from _____________ into power socket.",N/A,,,,,,Other,Hard,Test Learning Outcome 1,"Skillone,skilltwo","ONLINE WITH COMPUTERS COURSE BOOK 3,OPERATING THE COMPUTER",1
CBSE,Class 3,Computer Science,Online with Computer,Chapter 4 Operating The Computer,,,Fill in the blank (QPG),"While operating the computer, one's __________________________should bend a little.",N/A,,,,,,Other,Hard,Test Learning Outcome 1,"Skillone,skilltwo","ONLINE WITH COMPUTERS COURSE BOOK 3,OPERATING THE COMPUTER",1
CBSE,Class 3,Computer Science,Online with Computer,Chapter 4 Operating The Computer,,,Short Answer Questions (QPG),How do you shut down the computer?,N/A,,,,,,Other,Hard,Test Learning Outcome 1,"Skillone,skilltwo","ONLINE WITH COMPUTERS COURSE BOOK 3,OPERATING THE COMPUTER",1
CBSE,Class 3,Computer Science,Online with Computer,Chapter 4 Operating The Computer,,,Short Answer Questions (QPG),How far one should sit from monitor?,N/A,,,,,,Other,Hard,Test Learning Outcome 1,"Skillone,skilltwo","ONLINE WITH COMPUTERS COURSE BOOK 3,OPERATING THE COMPUTER",1
CBSE,Class 3,Computer Science,Online with Computer,Chapter 4 Operating The Computer,,,Short Answer Questions (QPG),How will you operate the computer using the keyboard?,N/A,,,,,,Other,Hard,Test Learning Outcome 1,"Skillone,skilltwo","ONLINE WITH COMPUTERS COURSE BOOK 3,OPERATING THE COMPUTER",1
CBSE,Class 3,Computer Science,Online with Computer,Chapter 4 Operating The Computer,,,Short Answer Questions (QPG),What are the steps to start the computer?,N/A,,,,,,Other,Hard,Test Learning Outcome 1,"Skillone,skilltwo","ONLINE WITH COMPUTERS COURSE BOOK 3,OPERATING THE COMPUTER",1
CBSE,Class 3,Computer Science,Online with Computer,Chapter 4 Operating The Computer,,, True or False (QPG),Eyes will get swollen on sitting too close to the monitor .,N/A,,,,,,Other,Hard,Test Learning Outcome 1,"Skillone,skilltwo","ONLINE WITH COMPUTERS COURSE BOOK 3,OPERATING THE COMPUTER",1
CBSE,Class 3,Computer Science,Online with Computer,Chapter 4 Operating The Computer,,, True or False (QPG),To start the computer first of all monitor will be switched On .,N/A,,,,,,Other,Hard,Test Learning Outcome 1,"Skillone,skilltwo","ONLINE WITH COMPUTERS COURSE BOOK 3,OPERATING THE COMPUTER",1
CBSE,Class 3,Computer Science,Online with Computer,Chapter 4 Operating The Computer,,, True or False (QPG),"To switch off the computer, click the start button first and then select Turn Off .",N/A,,,,,,Other,Hard,Test Learning Outcome 1,"Skillone,skilltwo","ONLINE WITH COMPUTERS COURSE BOOK 3,OPERATING THE COMPUTER",1
CBSE,Class 3,Computer Science,Online with Computer,Chapter 4 Operating The Computer,,, True or False (QPG),While operating the computer bend forwards to wark on computer .,N/A,,,,,,Other,Hard,Test Learning Outcome 1,"Skillone,skilltwo","ONLINE WITH COMPUTERS COURSE BOOK 3,OPERATING THE COMPUTER",1
CBSE,Class 3,Computer Science,Online with Computer,Chapter 5 Windows And Paint,,,Fill in the blank (QPG),"Click on the close button in _____________________ bar, to close the paint program.",N/A,,,,,,Other,Hard,Test Learning Outcome 1,"Skillone,skilltwo","ONLINE WITH COMPUTERS COURSE BOOK 3,WINDOWS AND PAINT",1
CBSE,Class 3,Computer Science,Online with Computer,Chapter 5 Windows And Paint,,,Fill in the blank (QPG),"When the window is maximised, the maximize button changes to ______________________ button .",N/A,,,,,,Other,Hard,Test Learning Outcome 1,"Skillone,skilltwo","ONLINE WITH COMPUTERS COURSE BOOK 3,WINDOWS AND PAINT",1
CBSE,Class 3,Computer Science,Online with Computer,Chapter 5 Windows And Paint,,,Fill in the blank (QPG),Colour box is positioned at the _______________________ of the paint window.,N/A,,,,,,Other,Hard,Test Learning Outcome 1,"Skillone,skilltwo","ONLINE WITH COMPUTERS COURSE BOOK 3,WINDOWS AND PAINT",1
CBSE,Class 3,Computer Science,Online with Computer,Chapter 5 Windows And Paint,,,Fill in the blank (QPG),Little pictures displayed on the desktop are known as _________________________ .,N/A,,,,,,Other,Hard,Test Learning Outcome 1,"Skillone,skilltwo","ONLINE WITH COMPUTERS COURSE BOOK 3,WINDOWS AND PAINT",1
CBSE,Class 3,Computer Science,Online with Computer,Chapter 5 Windows And Paint,,,Fill in the blank (QPG),Menu bar appears just________________________the title bar .,N/A,,,,,,Other,Hard,Test Learning Outcome 1,"Skillone,skilltwo","ONLINE WITH COMPUTERS COURSE BOOK 3,WINDOWS AND PAINT",1
CBSE,Class 3,Computer Science,Online with Computer,Chapter 5 Windows And Paint,,,Fill in the blank (QPG),Menu inside a menu is known as ______________________________ .,N/A,,,,,,Other,Hard,Test Learning Outcome 1,"Skillone,skilltwo","ONLINE WITH COMPUTERS COURSE BOOK 3,WINDOWS AND PAINT",1
CBSE,Class 3,Computer Science,Online with Computer,Chapter 5 Windows And Paint,,,Fill in the blank (QPG),Menus of computers are located on the ______________________ bar .,N/A,,,,,,Other,Hard,Test Learning Outcome 1,"Skillone,skilltwo","ONLINE WITH COMPUTERS COURSE BOOK 3,WINDOWS AND PAINT",1
CBSE,Class 3,Computer Science,Online with Computer,Chapter 5 Windows And Paint,,,Fill in the blank (QPG),Start button helps to _________________________________________ the computer.,N/A,,,,,,Other,Hard,Test Learning Outcome 1,"Skillone,skilltwo","ONLINE WITH COMPUTERS COURSE BOOK 3,WINDOWS AND PAINT",1
CBSE,Class 3,Computer Science,Online with Computer,Chapter 5 Windows And Paint,,,Fill in the blank (QPG),The bar displayed at the boettom of window screen is called ______________________ bar .,N/A,,,,,,Other,Hard,Test Learning Outcome 1,"Skillone,skilltwo","ONLINE WITH COMPUTERS COURSE BOOK 3,WINDOWS AND PAINT",1
CBSE,Class 3,Computer Science,Online with Computer,Chapter 5 Windows And Paint,,,Fill in the blank (QPG),"To decrease the window size from its current size,use the ______________________button .",N/A,,,,,,Other,Hard,Test Learning Outcome 1,"Skillone,skilltwo","ONLINE WITH COMPUTERS COURSE BOOK 3,WINDOWS AND PAINT",1
CBSE,Class 3,Computer Science,Online with Computer,Chapter 5 Windows And Paint,,,Short Answer Questions (QPG),How do you select a program from Start menu?,N/A,,,,,,Other,Hard,Test Learning Outcome 1,"Skillone,skilltwo","ONLINE WITH COMPUTERS COURSE BOOK 3,WINDOWS AND PAINT",1
CBSE,Class 3,Computer Science,Online with Computer,Chapter 5 Windows And Paint,,,Short Answer Questions (QPG),What are the different components of an opening paint window?,N/A,,,,,,Other,Hard,Test Learning Outcome 1,"Skillone,skilltwo","ONLINE WITH COMPUTERS COURSE BOOK 3,WINDOWS AND PAINT",1
CBSE,Class 3,Computer Science,Online with Computer,Chapter 5 Windows And Paint,,,Short Answer Questions (QPG),What do menus in computer mean?,N/A,,,,,,Other,Hard,Test Learning Outcome 1,"Skillone,skilltwo","ONLINE WITH COMPUTERS COURSE BOOK 3,WINDOWS AND PAINT",1
CBSE,Class 3,Computer Science,Online with Computer,Chapter 5 Windows And Paint,,,Short Answer Questions (QPG),What is the defference between maximize and restore buttons?,N/A,,,,,,Other,Hard,Test Learning Outcome 1,"Skillone,skilltwo","ONLINE WITH COMPUTERS COURSE BOOK 3,WINDOWS AND PAINT",1
CBSE,Class 3,Computer Science,Online with Computer,Chapter 5 Windows And Paint,,,Short Answer Questions (QPG),What is recycle bin?,N/A,,,,,,Other,Hard,Test Learning Outcome 1,"Skillone,skilltwo","ONLINE WITH COMPUTERS COURSE BOOK 3,WINDOWS AND PAINT",1
CBSE,Class 3,Computer Science,Online with Computer,Chapter 5 Windows And Paint,,,Short Answer Questions (QPG),What is tool box and where is it located?,N/A,,,,,,Other,Hard,Test Learning Outcome 1,"Skillone,skilltwo","ONLINE WITH COMPUTERS COURSE BOOK 3,WINDOWS AND PAINT",1
CBSE,Class 3,Computer Science,Online with Computer,Chapter 5 Windows And Paint,,,Short Answer Questions (QPG),What steps to start paint.,N/A,,,,,,Other,Hard,Test Learning Outcome 1,"Skillone,skilltwo","ONLINE WITH COMPUTERS COURSE BOOK 3,WINDOWS AND PAINT",1
CBSE,Class 3,Computer Science,Online with Computer,Chapter 5 Windows And Paint,,,Short Answer Questions (QPG),Explain command buttons.,N/A,,,,,,Other,Hard,Test Learning Outcome 1,"Skillone,skilltwo","ONLINE WITH COMPUTERS COURSE BOOK 3,WINDOWS AND PAINT",1
CBSE,Class 3,Computer Science,Online with Computer,Chapter 5 Windows And Paint,,,Short Answer Questions (QPG),What are the main parts of windows screen?,N/A,,,,,,Other,Hard,Test Learning Outcome 1,"Skillone,skilltwo","ONLINE WITH COMPUTERS COURSE BOOK 3,WINDOWS AND PAINT",1
CBSE,Class 3,Computer Science,Online with Computer,Chapter 5 Windows And Paint,,,Short Answer Questions (QPG),What does title bar show?,N/A,,,,,,Other,Hard,Test Learning Outcome 1,"Skillone,skilltwo","ONLINE WITH COMPUTERS COURSE BOOK 3,WINDOWS AND PAINT",1
CBSE,Class 3,Computer Science,Online with Computer,Chapter 5 Windows And Paint,,,Short Answer Questions (QPG),What is a colour box?,N/A,,,,,,Other,Hard,Test Learning Outcome 1,"Skillone,skilltwo","ONLINE WITH COMPUTERS COURSE BOOK 3,WINDOWS AND PAINT",1
CBSE,Class 3,Computer Science,Online with Computer,Chapter 5 Windows And Paint,,,Short Answer Questions (QPG),What is a take bar ?,N/A,,,,,,Other,Hard,Test Learning Outcome 1,"Skillone,skilltwo","ONLINE WITH COMPUTERS COURSE BOOK 3,WINDOWS AND PAINT",1
CBSE,Class 3,Computer Science,Online with Computer,Chapter 5 Windows And Paint,,,Short Answer Questions (QPG),What is computer desktop ?,N/A,,,,,,Other,Hard,Test Learning Outcome 1,"Skillone,skilltwo","ONLINE WITH COMPUTERS COURSE BOOK 3,WINDOWS AND PAINT",1
CBSE,Class 3,Computer Science,Online with Computer,Chapter 5 Windows And Paint,,,Short Answer Questions (QPG),What is the purpose of paint?,N/A,,,,,,Other,Hard,Test Learning Outcome 1,"Skillone,skilltwo","ONLINE WITH COMPUTERS COURSE BOOK 3,WINDOWS AND PAINT",1
CBSE,Class 3,Computer Science,Online with Computer,Chapter 5 Windows And Paint,,, True or False (QPG),You can never see the parts of the picture that are not visible on screen.,N/A,,,,,,Other,Hard,Test Learning Outcome 1,"Skillone,skilltwo","ONLINE WITH COMPUTERS COURSE BOOK 3,WINDOWS AND PAINT",1
CBSE,Class 3,Computer Science,Online with Computer,Chapter 5 Windows And Paint,,, True or False (QPG),Icons on desktop represent programs.,N/A,,,,,,Other,Hard,Test Learning Outcome 1,"Skillone,skilltwo","ONLINE WITH COMPUTERS COURSE BOOK 3,WINDOWS AND PAINT",1
CBSE,Class 3,Computer Science,Online with Computer,Chapter 5 Windows And Paint,,, True or False (QPG),"In windows, more than one window cannot be opened.",N/A,,,,,,Other,Hard,Test Learning Outcome 1,"Skillone,skilltwo","ONLINE WITH COMPUTERS COURSE BOOK 3,WINDOWS AND PAINT",1
CBSE,Class 3,Computer Science,Online with Computer,Chapter 5 Windows And Paint,,, True or False (QPG),Paint window does not show the location of cursor position .,N/A,,,,,,Other,Hard,Test Learning Outcome 1,"Skillone,skilltwo","ONLINE WITH COMPUTERS COURSE BOOK 3,WINDOWS AND PAINT",1
CBSE,Class 3,Computer Science,Online with Computer,Chapter 5 Windows And Paint,,, True or False (QPG),The restore button brengs the window to its previous size before it was maximised.,N/A,,,,,,Other,Hard,Test Learning Outcome 1,"Skillone,skilltwo","ONLINE WITH COMPUTERS COURSE BOOK 3,WINDOWS AND PAINT",1
CBSE,Class 3,Computer Science,Online with Computer,Chapter 5 Windows And Paint,,, True or False (QPG),The work area is the drawing area to make drawings.,N/A,,,,,,Other,Hard,Test Learning Outcome 1,"Skillone,skilltwo","ONLINE WITH COMPUTERS COURSE BOOK 3,WINDOWS AND PAINT",1
CBSE,Class 3,Computer Science,Online with Computer,Chapter 5 Windows And Paint,,, True or False (QPG),"Using minimize button, the window occupies the whole of the desktop.",N/A,,,,,,Other,Hard,Test Learning Outcome 1,"Skillone,skilltwo","ONLINE WITH COMPUTERS COURSE BOOK 3,WINDOWS AND PAINT",1
CBSE,Class 4,Computer Science,Online with Computer,Chapter 1 Applications Of Computers,,,Fill in the blank (QPG),"Large amount of cash dealings are done very fast with computers in ___________________
sectors.",N/A,,,,,,Other,Hard,Test Learning Outcome 1,"Skillone,skilltwo","ONLINE WITH COMPUTERS COURSE BOOK 4,APPLICATIONS OF COMPUTERS",1
CBSE,Class 4,Computer Science,Online with Computer,Chapter 1 Applications Of Computers,,,Fill in the blank (QPG),"While doing money transactions through computer there is no chance of human
_____________________.",N/A,,,,,,Other,Hard,Test Learning Outcome 1,"Skillone,skilltwo","ONLINE WITH COMPUTERS COURSE BOOK 4,APPLICATIONS OF COMPUTERS",1
CBSE,Class 4,Computer Science,Online with Computer,Chapter 1 Applications Of Computers,,,Fill in the blank (QPG),"With the help of a computer, sitting in one city one can get the ___________________ for
other cities.",N/A,,,,,,Other,Hard,Test Learning Outcome 1,"Skillone,skilltwo","ONLINE WITH COMPUTERS COURSE BOOK 4,APPLICATIONS OF COMPUTERS",1
CBSE,Class 4,Computer Science,Online with Computer,Chapter 1 Applications Of Computers,,,Fill in the blank (QPG),Computer is an essential part of ___________________ for schools and colleges.,N/A,,,,,,Other,Hard,Test Learning Outcome 1,"Skillone,skilltwo","ONLINE WITH COMPUTERS COURSE BOOK 4,APPLICATIONS OF COMPUTERS",1
CBSE,Class 4,Computer Science,Online with Computer,Chapter 1 Applications Of Computers,,,Fill in the blank (QPG),Computers help in ___________________ typed documents for future use.,N/A,,,,,,Other,Hard,Test Learning Outcome 1,"Skillone,skilltwo","ONLINE WITH COMPUTERS COURSE BOOK 4,APPLICATIONS OF COMPUTERS",1
CBSE,Class 4,Computer Science,Online with Computer,Chapter 1 Applications Of Computers,,,Fill in the blank (QPG),We can send _______________ through computers that are faster than conventional mails.,N/A,,,,,,Other,Hard,Test Learning Outcome 1,"Skillone,skilltwo","ONLINE WITH COMPUTERS COURSE BOOK 4,APPLICATIONS OF COMPUTERS",1
CBSE,Class 4,Computer Science,Online with Computer,Chapter 1 Applications Of Computers,,,Short Answer Questions (QPG),Explain how computers can be used for entertainment.,N/A,,,,,,Other,Hard,Test Learning Outcome 1,"Skillone,skilltwo","ONLINE WITH COMPUTERS COURSE BOOK 4,APPLICATIONS OF COMPUTERS",1
CBSE,Class 4,Computer Science,Online with Computer,Chapter 1 Applications Of Computers,,,Short Answer Questions (QPG),Explain use of computers in insurance sector.,N/A,,,,,,Other,Hard,Test Learning Outcome 1,"Skillone,skilltwo","ONLINE WITH COMPUTERS COURSE BOOK 4,APPLICATIONS OF COMPUTERS",1
CBSE,Class 4,Computer Science,Online with Computer,Chapter 1 Applications Of Computers,,,Short Answer Questions (QPG),How are computers helpful in the field of transportation?,N/A,,,,,,Other,Hard,Test Learning Outcome 1,"Skillone,skilltwo","ONLINE WITH COMPUTERS COURSE BOOK 4,APPLICATIONS OF COMPUTERS",1
CBSE,Class 4,Computer Science,Online with Computer,Chapter 1 Applications Of Computers,,,Short Answer Questions (QPG),How can computers be used in education?,N/A,,,,,,Other,Hard,Test Learning Outcome 1,"Skillone,skilltwo","ONLINE WITH COMPUTERS COURSE BOOK 4,APPLICATIONS OF COMPUTERS",1
CBSE,Class 4,Computer Science,Online with Computer,Chapter 1 Applications Of Computers,,,Short Answer Questions (QPG),What is done with computers in railways and airlines?,N/A,,,,,,Other,Hard,Test Learning Outcome 1,"Skillone,skilltwo","ONLINE WITH COMPUTERS COURSE BOOK 4,APPLICATIONS OF COMPUTERS",1
CBSE,Class 4,Computer Science,Online with Computer,Chapter 1 Applications Of Computers,,,Short Answer Questions (QPG),What is the use of computers in telephone systems?,N/A,,,,,,Other,Hard,Test Learning Outcome 1,"Skillone,skilltwo","ONLINE WITH COMPUTERS COURSE BOOK 4,APPLICATIONS OF COMPUTERS",1
CBSE,Class 4,Computer Science,Online with Computer,Chapter 1 Applications Of Computers,,,Short Answer Questions (QPG),Which benefit of a computer helps in weather forecasting?,N/A,,,,,,Other,Hard,Test Learning Outcome 1,"Skillone,skilltwo","ONLINE WITH COMPUTERS COURSE BOOK 4,APPLICATIONS OF COMPUTERS",1
CBSE,Class 4,Computer Science,Online with Computer,Chapter 1 Applications Of Computers,,,Short Answer Questions (QPG),Give the applications of computers.,N/A,,,,,,Other,Hard,Test Learning Outcome 1,"Skillone,skilltwo","ONLINE WITH COMPUTERS COURSE BOOK 4,APPLICATIONS OF COMPUTERS",1
CBSE,Class 4,Computer Science,Online with Computer,Chapter 1 Applications Of Computers,,,Short Answer Questions (QPG),How are computers helpful in banking?,N/A,,,,,,Other,Hard,Test Learning Outcome 1,"Skillone,skilltwo","ONLINE WITH COMPUTERS COURSE BOOK 4,APPLICATIONS OF COMPUTERS",1
CBSE,Class 4,Computer Science,Online with Computer,Chapter 1 Applications Of Computers,,,Short Answer Questions (QPG),How are computers helpful in business?,N/A,,,,,,Other,Hard,Test Learning Outcome 1,"Skillone,skilltwo","ONLINE WITH COMPUTERS COURSE BOOK 4,APPLICATIONS OF COMPUTERS",1
CBSE,Class 4,Computer Science,Online with Computer,Chapter 1 Applications Of Computers,,,Short Answer Questions (QPG),How are computers helpful in industry?,N/A,,,,,,Other,Hard,Test Learning Outcome 1,"Skillone,skilltwo","ONLINE WITH COMPUTERS COURSE BOOK 4,APPLICATIONS OF COMPUTERS",1
CBSE,Class 4,Computer Science,Online with Computer,Chapter 1 Applications Of Computers,,,Short Answer Questions (QPG),How are computers used in examinations?,N/A,,,,,,Other,Hard,Test Learning Outcome 1,"Skillone,skilltwo","ONLINE WITH COMPUTERS COURSE BOOK 4,APPLICATIONS OF COMPUTERS",1
CBSE,Class 4,Computer Science,Online with Computer,Chapter 1 Applications Of Computers,,,Short Answer Questions (QPG),Name some places where computers can be used.,N/A,,,,,,Other,Hard,Test Learning Outcome 1,"Skillone,skilltwo","ONLINE WITH COMPUTERS COURSE BOOK 4,APPLICATIONS OF COMPUTERS",1
CBSE,Class 4,Computer Science,Online with Computer,Chapter 1 Applications Of Computers,,,Short Answer Questions (QPG),What is the use of computers in railways?,N/A,,,,,,Other,Hard,Test Learning Outcome 1,"Skillone,skilltwo","ONLINE WITH COMPUTERS COURSE BOOK 4,APPLICATIONS OF COMPUTERS",1
CBSE,Class 4,Computer Science,Online with Computer,Chapter 1 Applications Of Computers,,,Short Answer Questions (QPG),What is the use of e mail and Internet?,N/A,,,,,,Other,Hard,Test Learning Outcome 1,"Skillone,skilltwo","ONLINE WITH COMPUTERS COURSE BOOK 4,APPLICATIONS OF COMPUTERS",1
CBSE,Class 4,Computer Science,Online with Computer,Chapter 1 Applications Of Computers,,,Short Answer Questions (QPG),What is use of computers in Science and Engineering?,N/A,,,,,,Other,Hard,Test Learning Outcome 1,"Skillone,skilltwo","ONLINE WITH COMPUTERS COURSE BOOK 4,APPLICATIONS OF COMPUTERS",1
CBSE,Class 4,Computer Science,Online with Computer,Chapter 1 Applications Of Computers,,, True or False (QPG),Computers aid in teaching also. ___________,N/A,,,,,,Other,Hard,Test Learning Outcome 1,"Skillone,skilltwo","ONLINE WITH COMPUTERS COURSE BOOK 4,APPLICATIONS OF COMPUTERS",1
CBSE,Class 4,Computer Science,Online with Computer,Chapter 1 Applications Of Computers,,, True or False (QPG),"For STD/ISD calls, computers calculate the pulse and duration of call
automatically. ___________",N/A,,,,,,Other,Hard,Test Learning Outcome 1,"Skillone,skilltwo","ONLINE WITH COMPUTERS COURSE BOOK 4,APPLICATIONS OF COMPUTERS",1
CBSE,Class 4,Computer Science,Online with Computer,Chapter 1 Applications Of Computers,,, True or False (QPG),"In word processing, computer checks the spellings and corrects them
automatically. ___________",N/A,,,,,,Other,Hard,Test Learning Outcome 1,"Skillone,skilltwo","ONLINE WITH COMPUTERS COURSE BOOK 4,APPLICATIONS OF COMPUTERS",1
CBSE,Class 4,Computer Science,Online with Computer,Chapter 1 Applications Of Computers,,, True or False (QPG),Computers can detect the faults in an industrial system. ___________,N/A,,,,,,Other,Hard,Test Learning Outcome 1,"Skillone,skilltwo","ONLINE WITH COMPUTERS COURSE BOOK 4,APPLICATIONS OF COMPUTERS",1
CBSE,Class 4,Computer Science,Online with Computer,Chapter 1 Applications Of Computers,,, True or False (QPG),"Even for the science graduates, the computers are a big help. ___________",N/A,,,,,,Other,Hard,Test Learning Outcome 1,"Skillone,skilltwo","ONLINE WITH COMPUTERS COURSE BOOK 4,APPLICATIONS OF COMPUTERS",1
CBSE,Class 4,Computer Science,Online with Computer,Chapter 1 Applications Of Computers,,, True or False (QPG),Weather forecasting can't be done with computers. ___________,N/A,,,,,,Other,Hard,Test Learning Outcome 1,"Skillone,skilltwo","ONLINE WITH COMPUTERS COURSE BOOK 4,APPLICATIONS OF COMPUTERS",1
CBSE,Class 4,Computer Science,Online with Computer,Chapter 1 Applications Of Computers,,, True or False (QPG),You cannot design buildings with the help of a computer. ___________,N/A,,,,,,Other,Hard,Test Learning Outcome 1,"Skillone,skilltwo","ONLINE WITH COMPUTERS COURSE BOOK 4,APPLICATIONS OF COMPUTERS",1
CBSE,Class 4,Computer Science,Online with Computer,Chapter 2 Features And Uses Of Computers,,,Fill in the blank (QPG),Computers can forecast _________________ in advance.,N/A,,,,,,Other,Hard,Test Learning Outcome 1,"Skillone,skilltwo","ONLINE WITH COMPUTERS COURSE BOOK 4,FEATURES AND USES OF COMPUTERS",1
CBSE,Class 4,Computer Science,Online with Computer,Chapter 2 Features And Uses Of Computers,,,Fill in the blank (QPG),Input means collection of ______________ and entering it into a computer.,N/A,,,,,,Other,Hard,Test Learning Outcome 1,"Skillone,skilltwo","ONLINE WITH COMPUTERS COURSE BOOK 4,FEATURES AND USES OF COMPUTERS",1
CBSE,Class 4,Computer Science,Online with Computer,Chapter 2 Features And Uses Of Computers,,,Fill in the blank (QPG),ALU does arithmetic and ______________ operations.,N/A,,,,,,Other,Hard,Test Learning Outcome 1,"Skillone,skilltwo","ONLINE WITH COMPUTERS COURSE BOOK 4,FEATURES AND USES OF COMPUTERS",1
CBSE,Class 4,Computer Science,Online with Computer,Chapter 2 Features And Uses Of Computers,,,Fill in the blank (QPG),Computer is a machine that can solve ______________.,N/A,,,,,,Other,Hard,Test Learning Outcome 1,"Skillone,skilltwo","ONLINE WITH COMPUTERS COURSE BOOK 4,FEATURES AND USES OF COMPUTERS",1
CBSE,Class 4,Computer Science,Online with Computer,Chapter 2 Features And Uses Of Computers,,,Fill in the blank (QPG),Computer is thought of as a fast ____________________.,N/A,,,,,,Other,Hard,Test Learning Outcome 1,"Skillone,skilltwo","ONLINE WITH COMPUTERS COURSE BOOK 4,FEATURES AND USES OF COMPUTERS",1
CBSE,Class 4,Computer Science,Online with Computer,Chapter 2 Features And Uses Of Computers,,,Fill in the blank (QPG),Computers do not suffer from ______________ like humans.,N/A,,,,,,Other,Hard,Test Learning Outcome 1,"Skillone,skilltwo","ONLINE WITH COMPUTERS COURSE BOOK 4,FEATURES AND USES OF COMPUTERS",1
CBSE,Class 4,Computer Science,Online with Computer,Chapter 2 Features And Uses Of Computers,,,Fill in the blank (QPG),Computers help in controlling ______________ vehicles.,N/A,,,,,,Other,Hard,Test Learning Outcome 1,"Skillone,skilltwo","ONLINE WITH COMPUTERS COURSE BOOK 4,FEATURES AND USES OF COMPUTERS",1
CBSE,Class 4,Computer Science,Online with Computer,Chapter 2 Features And Uses Of Computers,,,Fill in the blank (QPG),Logical operations are done in ___________________.,N/A,,,,,,Other,Hard,Test Learning Outcome 1,"Skillone,skilltwo","ONLINE WITH COMPUTERS COURSE BOOK 4,FEATURES AND USES OF COMPUTERS",1
CBSE,Class 4,Computer Science,Online with Computer,Chapter 2 Features And Uses Of Computers,,,Fill in the blank (QPG),Memory can be either ______________ or permanent.,N/A,,,,,,Other,Hard,Test Learning Outcome 1,"Skillone,skilltwo","ONLINE WITH COMPUTERS COURSE BOOK 4,FEATURES AND USES OF COMPUTERS",1
CBSE,Class 4,Computer Science,Online with Computer,Chapter 2 Features And Uses Of Computers,,,Fill in the blank (QPG),The collection of raw facts is called ______________.,N/A,,,,,,Other,Hard,Test Learning Outcome 1,"Skillone,skilltwo","ONLINE WITH COMPUTERS COURSE BOOK 4,FEATURES AND USES OF COMPUTERS",1
CBSE,Class 4,Computer Science,Online with Computer,Chapter 2 Features And Uses Of Computers,,,Short Answer Questions (QPG),Define Data.,N/A,,,,,,Other,Hard,Test Learning Outcome 1,"Skillone,skilltwo","ONLINE WITH COMPUTERS COURSE BOOK 4,FEATURES AND USES OF COMPUTERS",1
CBSE,Class 4,Computer Science,Online with Computer,Chapter 2 Features And Uses Of Computers,,,Short Answer Questions (QPG),Define output.,N/A,,,,,,Other,Hard,Test Learning Outcome 1,"Skillone,skilltwo","ONLINE WITH COMPUTERS COURSE BOOK 4,FEATURES AND USES OF COMPUTERS",1
CBSE,Class 4,Computer Science,Online with Computer,Chapter 2 Features And Uses Of Computers,,,Short Answer Questions (QPG),Explain automation.,N/A,,,,,,Other,Hard,Test Learning Outcome 1,"Skillone,skilltwo","ONLINE WITH COMPUTERS COURSE BOOK 4,FEATURES AND USES OF COMPUTERS",1
CBSE,Class 4,Computer Science,Online with Computer,Chapter 2 Features And Uses Of Computers,,,Short Answer Questions (QPG),Explain storage capacity of a computer.,N/A,,,,,,Other,Hard,Test Learning Outcome 1,"Skillone,skilltwo","ONLINE WITH COMPUTERS COURSE BOOK 4,FEATURES AND USES OF COMPUTERS",1
CBSE,Class 4,Computer Science,Online with Computer,Chapter 2 Features And Uses Of Computers,,,Short Answer Questions (QPG),What are the five main benefits of a computer?,N/A,,,,,,Other,Hard,Test Learning Outcome 1,"Skillone,skilltwo","ONLINE WITH COMPUTERS COURSE BOOK 4,FEATURES AND USES OF COMPUTERS",1
CBSE,Class 4,Computer Science,Online with Computer,Chapter 2 Features And Uses Of Computers,,,Short Answer Questions (QPG),What is the function of a CPU?,N/A,,,,,,Other,Hard,Test Learning Outcome 1,"Skillone,skilltwo","ONLINE WITH COMPUTERS COURSE BOOK 4,FEATURES AND USES OF COMPUTERS",1
CBSE,Class 4,Computer Science,Online with Computer,Chapter 2 Features And Uses Of Computers,,,Short Answer Questions (QPG),What is the function of ALU?,N/A,,,,,,Other,Hard,Test Learning Outcome 1,"Skillone,skilltwo","ONLINE WITH COMPUTERS COURSE BOOK 4,FEATURES AND USES OF COMPUTERS",1
CBSE,Class 4,Computer Science,Online with Computer,Chapter 2 Features And Uses Of Computers,,,Short Answer Questions (QPG),Define a computer.,N/A,,,,,,Other,Hard,Test Learning Outcome 1,"Skillone,skilltwo","ONLINE WITH COMPUTERS COURSE BOOK 4,FEATURES AND USES OF COMPUTERS",1
CBSE,Class 4,Computer Science,Online with Computer,Chapter 2 Features And Uses Of Computers,,,Short Answer Questions (QPG),Define computer.,N/A,,,,,,Other,Hard,Test Learning Outcome 1,"Skillone,skilltwo","ONLINE WITH COMPUTERS COURSE BOOK 4,FEATURES AND USES OF COMPUTERS",1
CBSE,Class 4,Computer Science,Online with Computer,Chapter 2 Features And Uses Of Computers,,,Short Answer Questions (QPG),Define Information.,N/A,,,,,,Other,Hard,Test Learning Outcome 1,"Skillone,skilltwo","ONLINE WITH COMPUTERS COURSE BOOK 4,FEATURES AND USES OF COMPUTERS",1
CBSE,Class 4,Computer Science,Online with Computer,Chapter 2 Features And Uses Of Computers,,,Short Answer Questions (QPG),Define Input.,N/A,,,,,,Other,Hard,Test Learning Outcome 1,"Skillone,skilltwo","ONLINE WITH COMPUTERS COURSE BOOK 4,FEATURES AND USES OF COMPUTERS",1
CBSE,Class 4,Computer Science,Online with Computer,Chapter 2 Features And Uses Of Computers,,,Short Answer Questions (QPG),Define processing.,N/A,,,,,,Other,Hard,Test Learning Outcome 1,"Skillone,skilltwo","ONLINE WITH COMPUTERS COURSE BOOK 4,FEATURES AND USES OF COMPUTERS",1
CBSE,Class 4,Computer Science,Online with Computer,Chapter 2 Features And Uses Of Computers,,,Short Answer Questions (QPG),Explain versatility of a computer.,N/A,,,,,,Other,Hard,Test Learning Outcome 1,"Skillone,skilltwo","ONLINE WITH COMPUTERS COURSE BOOK 4,FEATURES AND USES OF COMPUTERS",1
CBSE,Class 4,Computer Science,Online with Computer,Chapter 2 Features And Uses Of Computers,,,Short Answer Questions (QPG),What are the limitations of a computer?,N/A,,,,,,Other,Hard,Test Learning Outcome 1,"Skillone,skilltwo","ONLINE WITH COMPUTERS COURSE BOOK 4,FEATURES AND USES OF COMPUTERS",1
CBSE,Class 4,Computer Science,Online with Computer,Chapter 2 Features And Uses Of Computers,,,Short Answer Questions (QPG),What does a computer do?,N/A,,,,,,Other,Hard,Test Learning Outcome 1,"Skillone,skilltwo","ONLINE WITH COMPUTERS COURSE BOOK 4,FEATURES AND USES OF COMPUTERS",1
CBSE,Class 4,Computer Science,Online with Computer,Chapter 2 Features And Uses Of Computers,,,Short Answer Questions (QPG),What does I P O mean?,N/A,,,,,,Other,Hard,Test Learning Outcome 1,"Skillone,skilltwo","ONLINE WITH COMPUTERS COURSE BOOK 4,FEATURES AND USES OF COMPUTERS",1
CBSE,Class 4,Computer Science,Online with Computer,Chapter 2 Features And Uses Of Computers,,,Short Answer Questions (QPG),What is the full form of CPU and ALU?,N/A,,,,,,Other,Hard,Test Learning Outcome 1,"Skillone,skilltwo","ONLINE WITH COMPUTERS COURSE BOOK 4,FEATURES AND USES OF COMPUTERS",1
CBSE,Class 4,Computer Science,Online with Computer,Chapter 2 Features And Uses Of Computers,,,Short Answer Questions (QPG),What is the purpose of memory?,N/A,,,,,,Other,Hard,Test Learning Outcome 1,"Skillone,skilltwo","ONLINE WITH COMPUTERS COURSE BOOK 4,FEATURES AND USES OF COMPUTERS",1
CBSE,Class 4,Computer Science,Online with Computer,Chapter 2 Features And Uses Of Computers,,,Short Answer Questions (QPG),"Who makes errors, computer or operator?",N/A,,,,,,Other,Hard,Test Learning Outcome 1,"Skillone,skilltwo","ONLINE WITH COMPUTERS COURSE BOOK 4,FEATURES AND USES OF COMPUTERS",1
CBSE,Class 4,Computer Science,Online with Computer,Chapter 2 Features And Uses Of Computers,,, True or False (QPG),Computers can detect if the operator feeds the wrong data. ____________,N/A,,,,,,Other,Hard,Test Learning Outcome 1,"Skillone,skilltwo","ONLINE WITH COMPUTERS COURSE BOOK 4,FEATURES AND USES OF COMPUTERS",1
CBSE,Class 4,Computer Science,Online with Computer,Chapter 2 Features And Uses Of Computers,,, True or False (QPG),Humans are more accurate than computers. ____________,N/A,,,,,,Other,Hard,Test Learning Outcome 1,"Skillone,skilltwo","ONLINE WITH COMPUTERS COURSE BOOK 4,FEATURES AND USES OF COMPUTERS",1
CBSE,Class 4,Computer Science,Online with Computer,Chapter 2 Features And Uses Of Computers,,, True or False (QPG),A computer can perform a job continuously. ____________,N/A,,,,,,Other,Hard,Test Learning Outcome 1,"Skillone,skilltwo","ONLINE WITH COMPUTERS COURSE BOOK 4,FEATURES AND USES OF COMPUTERS",1
CBSE,Class 4,Computer Science,Online with Computer,Chapter 2 Features And Uses Of Computers,,, True or False (QPG),A computer cannot perform logical operations. ____________,N/A,,,,,,Other,Hard,Test Learning Outcome 1,"Skillone,skilltwo","ONLINE WITH COMPUTERS COURSE BOOK 4,FEATURES AND USES OF COMPUTERS",1
CBSE,Class 4,Computer Science,Online with Computer,Chapter 2 Features And Uses Of Computers,,, True or False (QPG),Computers are faster than humans.` ____________,N/A,,,,,,Other,Hard,Test Learning Outcome 1,"Skillone,skilltwo","ONLINE WITH COMPUTERS COURSE BOOK 4,FEATURES AND USES OF COMPUTERS",1
CBSE,Class 4,Computer Science,Online with Computer,Chapter 2 Features And Uses Of Computers,,, True or False (QPG),Computers can implement the decisions they suggest. ____________,N/A,,,,,,Other,Hard,Test Learning Outcome 1,"Skillone,skilltwo","ONLINE WITH COMPUTERS COURSE BOOK 4,FEATURES AND USES OF COMPUTERS",1
CBSE,Class 4,Computer Science,Online with Computer,Chapter 2 Features And Uses Of Computers,,, True or False (QPG),Computers can't understand the data they produce. ____________,N/A,,,,,,Other,Hard,Test Learning Outcome 1,"Skillone,skilltwo","ONLINE WITH COMPUTERS COURSE BOOK 4,FEATURES AND USES OF COMPUTERS",1
CBSE,Class 4,Computer Science,Online with Computer,Chapter 2 Features And Uses Of Computers,,, True or False (QPG),The control unit is used to,N/A,,,,,,Other,Hard,Test Learning Outcome 1,"Skillone,skilltwo","ONLINE WITH COMPUTERS COURSE BOOK 4,FEATURES AND USES OF COMPUTERS",1
CBSE,Class 4,Computer Science,Online with Computer,Chapter 3 Hardware Devices And Software,,,Fill in the blank (QPG),VDU stands for _____________________________________________.,N/A,,,,,,Other,Hard,Test Learning Outcome 1,"Skillone,skilltwo","ONLINE WITH COMPUTERS COURSE BOOK 4,HARDWARE DEVICES AND SOFTWARE",1
CBSE,Class 4,Computer Science,Online with Computer,Chapter 3 Hardware Devices And Software,,,Fill in the blank (QPG),CPU is made up of __________________ and __________________.,N/A,,,,,,Other,Hard,Test Learning Outcome 1,"Skillone,skilltwo","ONLINE WITH COMPUTERS COURSE BOOK 4,HARDWARE DEVICES AND SOFTWARE",1
CBSE,Class 4,Computer Science,Online with Computer,Chapter 3 Hardware Devices And Software,,,Fill in the blank (QPG),Keyboard these days have __________________ keys.,N/A,,,,,,Other,Hard,Test Learning Outcome 1,"Skillone,skilltwo","ONLINE WITH COMPUTERS COURSE BOOK 4,HARDWARE DEVICES AND SOFTWARE",1
CBSE,Class 4,Computer Science,Online with Computer,Chapter 3 Hardware Devices And Software,,,Fill in the blank (QPG),Mouse has __________________ or __________________ buttons.,N/A,,,,,,Other,Hard,Test Learning Outcome 1,"Skillone,skilltwo","ONLINE WITH COMPUTERS COURSE BOOK 4,HARDWARE DEVICES AND SOFTWARE",1
CBSE,Class 4,Computer Science,Online with Computer,Chapter 3 Hardware Devices And Software,,,Fill in the blank (QPG),Mouse is a __________________ device.,N/A,,,,,,Other,Hard,Test Learning Outcome 1,"Skillone,skilltwo","ONLINE WITH COMPUTERS COURSE BOOK 4,HARDWARE DEVICES AND SOFTWARE",1
CBSE,Class 4,Computer Science,Online with Computer,Chapter 3 Hardware Devices And Software,,,Fill in the blank (QPG),Scanner is an __________________ device.,N/A,,,,,,Other,Hard,Test Learning Outcome 1,"Skillone,skilltwo","ONLINE WITH COMPUTERS COURSE BOOK 4,HARDWARE DEVICES AND SOFTWARE",1
CBSE,Class 4,Computer Science,Online with Computer,Chapter 3 Hardware Devices And Software,,,Fill in the blank (QPG),Software can imply one or many __________________.,N/A,,,,,,Other,Hard,Test Learning Outcome 1,"Skillone,skilltwo","ONLINE WITH COMPUTERS COURSE BOOK 4,HARDWARE DEVICES AND SOFTWARE",1
CBSE,Class 4,Computer Science,Online with Computer,Chapter 3 Hardware Devices And Software,,,Short Answer Questions (QPG),What are the three types of units of hardware?,N/A,,,,,,Other,Hard,Test Learning Outcome 1,"Skillone,skilltwo","ONLINE WITH COMPUTERS COURSE BOOK 4,HARDWARE DEVICES AND SOFTWARE",1
CBSE,Class 4,Computer Science,Online with Computer,Chapter 3 Hardware Devices And Software,,,Short Answer Questions (QPG),What is full form of VDU?,N/A,,,,,,Other,Hard,Test Learning Outcome 1,"Skillone,skilltwo","ONLINE WITH COMPUTERS COURSE BOOK 4,HARDWARE DEVICES AND SOFTWARE",1
CBSE,Class 4,Computer Science,Online with Computer,Chapter 3 Hardware Devices And Software,,,Short Answer Questions (QPG),Define hardware.,N/A,,,,,,Other,Hard,Test Learning Outcome 1,"Skillone,skilltwo","ONLINE WITH COMPUTERS COURSE BOOK 4,HARDWARE DEVICES AND SOFTWARE",1
CBSE,Class 4,Computer Science,Online with Computer,Chapter 3 Hardware Devices And Software,,,Short Answer Questions (QPG),Define software.,N/A,,,,,,Other,Hard,Test Learning Outcome 1,"Skillone,skilltwo","ONLINE WITH COMPUTERS COURSE BOOK 4,HARDWARE DEVICES AND SOFTWARE",1
CBSE,Class 4,Computer Science,Online with Computer,Chapter 3 Hardware Devices And Software,,,Short Answer Questions (QPG),Explain different types of VDU’s.,N/A,,,,,,Other,Hard,Test Learning Outcome 1,"Skillone,skilltwo","ONLINE WITH COMPUTERS COURSE BOOK 4,HARDWARE DEVICES AND SOFTWARE",1
CBSE,Class 4,Computer Science,Online with Computer,Chapter 3 Hardware Devices And Software,,,Short Answer Questions (QPG),Explain the function of any two Input devices.,N/A,,,,,,Other,Hard,Test Learning Outcome 1,"Skillone,skilltwo","ONLINE WITH COMPUTERS COURSE BOOK 4,HARDWARE DEVICES AND SOFTWARE",1
CBSE,Class 4,Computer Science,Online with Computer,Chapter 3 Hardware Devices And Software,,,Short Answer Questions (QPG),Explain the use of a scanner.,N/A,,,,,,Other,Hard,Test Learning Outcome 1,"Skillone,skilltwo","ONLINE WITH COMPUTERS COURSE BOOK 4,HARDWARE DEVICES AND SOFTWARE",1
CBSE,Class 4,Computer Science,Online with Computer,Chapter 3 Hardware Devices And Software,,,Short Answer Questions (QPG),How many keys are there in a keyboard these days?,N/A,,,,,,Other,Hard,Test Learning Outcome 1,"Skillone,skilltwo","ONLINE WITH COMPUTERS COURSE BOOK 4,HARDWARE DEVICES AND SOFTWARE",1
CBSE,Class 4,Computer Science,Online with Computer,Chapter 3 Hardware Devices And Software,,,Short Answer Questions (QPG),What are speakers?,N/A,,,,,,Other,Hard,Test Learning Outcome 1,"Skillone,skilltwo","ONLINE WITH COMPUTERS COURSE BOOK 4,HARDWARE DEVICES AND SOFTWARE",1
CBSE,Class 4,Computer Science,Online with Computer,Chapter 3 Hardware Devices And Software,,,Short Answer Questions (QPG),What are the different types of printers?,N/A,,,,,,Other,Hard,Test Learning Outcome 1,"Skillone,skilltwo","ONLINE WITH COMPUTERS COURSE BOOK 4,HARDWARE DEVICES AND SOFTWARE",1
CBSE,Class 4,Computer Science,Online with Computer,Chapter 3 Hardware Devices And Software,,,Short Answer Questions (QPG),What is a keyboard? Explain its use.,N/A,,,,,,Other,Hard,Test Learning Outcome 1,"Skillone,skilltwo","ONLINE WITH COMPUTERS COURSE BOOK 4,HARDWARE DEVICES AND SOFTWARE",1
CBSE,Class 4,Computer Science,Online with Computer,Chapter 3 Hardware Devices And Software,,,Short Answer Questions (QPG),What is a modem?,N/A,,,,,,Other,Hard,Test Learning Outcome 1,"Skillone,skilltwo","ONLINE WITH COMPUTERS COURSE BOOK 4,HARDWARE DEVICES AND SOFTWARE",1
CBSE,Class 4,Computer Science,Online with Computer,Chapter 3 Hardware Devices And Software,,,Short Answer Questions (QPG),What is a mouse? Explain its use.,N/A,,,,,,Other,Hard,Test Learning Outcome 1,"Skillone,skilltwo","ONLINE WITH COMPUTERS COURSE BOOK 4,HARDWARE DEVICES AND SOFTWARE",1
CBSE,Class 4,Computer Science,Online with Computer,Chapter 3 Hardware Devices And Software,,,Short Answer Questions (QPG),What is a printer? Explain its use.,N/A,,,,,,Other,Hard,Test Learning Outcome 1,"Skillone,skilltwo","ONLINE WITH COMPUTERS COURSE BOOK 4,HARDWARE DEVICES AND SOFTWARE",1
CBSE,Class 4,Computer Science,Online with Computer,Chapter 3 Hardware Devices And Software,,,Short Answer Questions (QPG),What is an output device?,N/A,,,,,,Other,Hard,Test Learning Outcome 1,"Skillone,skilltwo","ONLINE WITH COMPUTERS COURSE BOOK 4,HARDWARE DEVICES AND SOFTWARE",1
CBSE,Class 4,Computer Science,Online with Computer,Chapter 3 Hardware Devices And Software,,,Short Answer Questions (QPG),What is joystick?,N/A,,,,,,Other,Hard,Test Learning Outcome 1,"Skillone,skilltwo","ONLINE WITH COMPUTERS COURSE BOOK 4,HARDWARE DEVICES AND SOFTWARE",1
CBSE,Class 4,Computer Science,Online with Computer,Chapter 3 Hardware Devices And Software,,, True or False (QPG),All physical components of a computer system constitute software. __________,N/A,,,,,,Other,Hard,Test Learning Outcome 1,"Skillone,skilltwo","ONLINE WITH COMPUTERS COURSE BOOK 4,HARDWARE DEVICES AND SOFTWARE",1
CBSE,Class 4,Computer Science,Online with Computer,Chapter 3 Hardware Devices And Software,,, True or False (QPG),Keyboard is referred to as having 101 keys. __________,N/A,,,,,,Other,Hard,Test Learning Outcome 1,"Skillone,skilltwo","ONLINE WITH COMPUTERS COURSE BOOK 4,HARDWARE DEVICES AND SOFTWARE",1
CBSE,Class 4,Computer Science,Online with Computer,Chapter 3 Hardware Devices And Software,,, True or False (QPG),Hardware cannot perform functions on its own. __________,N/A,,,,,,Other,Hard,Test Learning Outcome 1,"Skillone,skilltwo","ONLINE WITH COMPUTERS COURSE BOOK 4,HARDWARE DEVICES AND SOFTWARE",1
CBSE,Class 4,Computer Science,Online with Computer,Chapter 3 Hardware Devices And Software,,, True or False (QPG),Keyboard is an output unit. __________,N/A,,,,,,Other,Hard,Test Learning Outcome 1,"Skillone,skilltwo","ONLINE WITH COMPUTERS COURSE BOOK 4,HARDWARE DEVICES AND SOFTWARE",1
CBSE,Class 4,Computer Science,Online with Computer,Chapter 3 Hardware Devices And Software,,, True or False (QPG),Mouse is an output unit. __________,N/A,,,,,,Other,Hard,Test Learning Outcome 1,"Skillone,skilltwo","ONLINE WITH COMPUTERS COURSE BOOK 4,HARDWARE DEVICES AND SOFTWARE",1
CBSE,Class 4,Computer Science,Online with Computer,Chapter 3 Hardware Devices And Software,,, True or False (QPG),Scanner is an input unit. __________,N/A,,,,,,Other,Hard,Test Learning Outcome 1,"Skillone,skilltwo","ONLINE WITH COMPUTERS COURSE BOOK 4,HARDWARE DEVICES AND SOFTWARE",1
CBSE,Class 4,Computer Science,Online with Computer,Chapter 4 More On Paint,,,Fill in the blank (QPG),Custom zoom dialog box helps to choose the _______________ of the image.,N/A,,,,,,Other,Hard,Test Learning Outcome 1,"Skillone,skilltwo","ONLINE WITH COMPUTERS COURSE BOOK 4,MORE ON PAINT",1
CBSE,Class 4,Computer Science,Online with Computer,Chapter 4 More On Paint,,,Fill in the blank (QPG),"For Cut and Paste, click to select a _______________ area.",N/A,,,,,,Other,Hard,Test Learning Outcome 1,"Skillone,skilltwo","ONLINE WITH COMPUTERS COURSE BOOK 4,MORE ON PAINT",1
CBSE,Class 4,Computer Science,Online with Computer,Chapter 4 More On Paint,,,Fill in the blank (QPG),"In the toolbox, clicking on a _______________ area is selected.",N/A,,,,,,Other,Hard,Test Learning Outcome 1,"Skillone,skilltwo","ONLINE WITH COMPUTERS COURSE BOOK 4,MORE ON PAINT",1
CBSE,Class 4,Computer Science,Online with Computer,Chapter 4 More On Paint,,,Fill in the blank (QPG),It is possible to Skew and _______________ an image simultaneously.,N/A,,,,,,Other,Hard,Test Learning Outcome 1,"Skillone,skilltwo","ONLINE WITH COMPUTERS COURSE BOOK 4,MORE ON PAINT",1
CBSE,Class 4,Computer Science,Online with Computer,Chapter 4 More On Paint,,,Fill in the blank (QPG),"To cancel your last action, use _______________ command.",N/A,,,,,,Other,Hard,Test Learning Outcome 1,"Skillone,skilltwo","ONLINE WITH COMPUTERS COURSE BOOK 4,MORE ON PAINT",1
CBSE,Class 4,Computer Science,Online with Computer,Chapter 4 More On Paint,,,Fill in the blank (QPG),"To erase a large area on the _______________ menu, click clear selection.",N/A,,,,,,Other,Hard,Test Learning Outcome 1,"Skillone,skilltwo","ONLINE WITH COMPUTERS COURSE BOOK 4,MORE ON PAINT",1
CBSE,Class 4,Computer Science,Online with Computer,Chapter 4 More On Paint,,,Fill in the blank (QPG),"To move an area to a new location, one can also use Cut and ___________ commands.",N/A,,,,,,Other,Hard,Test Learning Outcome 1,"Skillone,skilltwo","ONLINE WITH COMPUTERS COURSE BOOK 4,MORE ON PAINT",1
CBSE,Class 4,Computer Science,Online with Computer,Chapter 4 More On Paint,,,Fill in the blank (QPG),"To zoom in a picture, viewing size is _______________.",N/A,,,,,,Other,Hard,Test Learning Outcome 1,"Skillone,skilltwo","ONLINE WITH COMPUTERS COURSE BOOK 4,MORE ON PAINT",1
CBSE,Class 4,Computer Science,Online with Computer,Chapter 4 More On Paint,,,Fill in the blank (QPG),You can enter text into a picture in _______________ view only.,N/A,,,,,,Other,Hard,Test Learning Outcome 1,"Skillone,skilltwo","ONLINE WITH COMPUTERS COURSE BOOK 4,MORE ON PAINT",1
CBSE,Class 4,Computer Science,Online with Computer,Chapter 4 More On Paint,,,Fill in the blank (QPG),You don't need to select any area in stretching the _______________ of the picture.,N/A,,,,,,Other,Hard,Test Learning Outcome 1,"Skillone,skilltwo","ONLINE WITH COMPUTERS COURSE BOOK 4,MORE ON PAINT",1
CBSE,Class 4,Computer Science,Online with Computer,Chapter 4 More On Paint,,,Short Answer Questions (QPG),Explain the process of flipping a picture.,N/A,,,,,,Other,Hard,Test Learning Outcome 1,"Skillone,skilltwo","ONLINE WITH COMPUTERS COURSE BOOK 4,MORE ON PAINT",1
CBSE,Class 4,Computer Science,Online with Computer,Chapter 4 More On Paint,,,Short Answer Questions (QPG),Explain the process of rotating a picture.,N/A,,,,,,Other,Hard,Test Learning Outcome 1,"Skillone,skilltwo","ONLINE WITH COMPUTERS COURSE BOOK 4,MORE ON PAINT",1
CBSE,Class 4,Computer Science,Online with Computer,Chapter 4 More On Paint,,,Short Answer Questions (QPG),How do you insert text in a picture?,N/A,,,,,,Other,Hard,Test Learning Outcome 1,"Skillone,skilltwo","ONLINE WITH COMPUTERS COURSE BOOK 4,MORE ON PAINT",1
CBSE,Class 4,Computer Science,Online with Computer,Chapter 4 More On Paint,,,Short Answer Questions (QPG),How do you move an area using Cut and Paste method?,N/A,,,,,,Other,Hard,Test Learning Outcome 1,"Skillone,skilltwo","ONLINE WITH COMPUTERS COURSE BOOK 4,MORE ON PAINT",1
CBSE,Class 4,Computer Science,Online with Computer,Chapter 4 More On Paint,,,Short Answer Questions (QPG),How do you print a picture?,N/A,,,,,,Other,Hard,Test Learning Outcome 1,"Skillone,skilltwo","ONLINE WITH COMPUTERS COURSE BOOK 4,MORE ON PAINT",1
CBSE,Class 4,Computer Science,Online with Computer,Chapter 4 More On Paint,,,Short Answer Questions (QPG),How do you save a picture into another file?,N/A,,,,,,Other,Hard,Test Learning Outcome 1,"Skillone,skilltwo","ONLINE WITH COMPUTERS COURSE BOOK 4,MORE ON PAINT",1
CBSE,Class 4,Computer Science,Online with Computer,Chapter 4 More On Paint,,,Short Answer Questions (QPG),How do you select an irregular area?,N/A,,,,,,Other,Hard,Test Learning Outcome 1,"Skillone,skilltwo","ONLINE WITH COMPUTERS COURSE BOOK 4,MORE ON PAINT",1
CBSE,Class 4,Computer Science,Online with Computer,Chapter 4 More On Paint,,,Short Answer Questions (QPG),How do you skew a picture?,N/A,,,,,,Other,Hard,Test Learning Outcome 1,"Skillone,skilltwo","ONLINE WITH COMPUTERS COURSE BOOK 4,MORE ON PAINT",1
CBSE,Class 4,Computer Science,Online with Computer,Chapter 4 More On Paint,,,Short Answer Questions (QPG),How do you stretch a picture?,N/A,,,,,,Other,Hard,Test Learning Outcome 1,"Skillone,skilltwo","ONLINE WITH COMPUTERS COURSE BOOK 4,MORE ON PAINT",1
CBSE,Class 4,Computer Science,Online with Computer,Chapter 4 More On Paint,,,Short Answer Questions (QPG),How do you zoom in a picture?,N/A,,,,,,Other,Hard,Test Learning Outcome 1,"Skillone,skilltwo","ONLINE WITH COMPUTERS COURSE BOOK 4,MORE ON PAINT",1
CBSE,Class 4,Computer Science,Online with Computer,Chapter 4 More On Paint,,,Short Answer Questions (QPG),How will you erase a small area?,N/A,,,,,,Other,Hard,Test Learning Outcome 1,"Skillone,skilltwo","ONLINE WITH COMPUTERS COURSE BOOK 4,MORE ON PAINT",1
CBSE,Class 4,Computer Science,Online with Computer,Chapter 4 More On Paint,,,Short Answer Questions (QPG),What are the different percentages that you can zoom to in custom zoom?,N/A,,,,,,Other,Hard,Test Learning Outcome 1,"Skillone,skilltwo","ONLINE WITH COMPUTERS COURSE BOOK 4,MORE ON PAINT",1
CBSE,Class 4,Computer Science,Online with Computer,Chapter 4 More On Paint,,,Short Answer Questions (QPG),What are the options of View > Zoom?,N/A,,,,,,Other,Hard,Test Learning Outcome 1,"Skillone,skilltwo","ONLINE WITH COMPUTERS COURSE BOOK 4,MORE ON PAINT",1
CBSE,Class 4,Computer Science,Online with Computer,Chapter 4 More On Paint,,,Short Answer Questions (QPG),What are the steps involved in moving a selected area to another position?,N/A,,,,,,Other,Hard,Test Learning Outcome 1,"Skillone,skilltwo","ONLINE WITH COMPUTERS COURSE BOOK 4,MORE ON PAINT",1
CBSE,Class 4,Computer Science,Online with Computer,Chapter 4 More On Paint,,,Short Answer Questions (QPG),What does Undo command do?,N/A,,,,,,Other,Hard,Test Learning Outcome 1,"Skillone,skilltwo","ONLINE WITH COMPUTERS COURSE BOOK 4,MORE ON PAINT",1
CBSE,Class 4,Computer Science,Online with Computer,Chapter 4 More On Paint,,,Short Answer Questions (QPG),Which command do you use to change the size of the picture?,N/A,,,,,,Other,Hard,Test Learning Outcome 1,"Skillone,skilltwo","ONLINE WITH COMPUTERS COURSE BOOK 4,MORE ON PAINT",1
CBSE,Class 4,Computer Science,Online with Computer,Chapter 4 More On Paint,,,Short Answer Questions (QPG),Which command is used to insert another file into your picture?,N/A,,,,,,Other,Hard,Test Learning Outcome 1,"Skillone,skilltwo","ONLINE WITH COMPUTERS COURSE BOOK 4,MORE ON PAINT",1
CBSE,Class 4,Computer Science,Online with Computer,Chapter 4 More On Paint,,,Short Answer Questions (QPG),Write steps to select a rectangular area?,N/A,,,,,,Other,Hard,Test Learning Outcome 1,"Skillone,skilltwo","ONLINE WITH COMPUTERS COURSE BOOK 4,MORE ON PAINT",1
CBSE,Class 4,Computer Science,Online with Computer,Chapter 4 More On Paint,,, True or False (QPG),A part of the picture cannot be saved into another file. _________,N/A,,,,,,Other,Hard,Test Learning Outcome 1,"Skillone,skilltwo","ONLINE WITH COMPUTERS COURSE BOOK 4,MORE ON PAINT",1
CBSE,Class 4,Computer Science,Online with Computer,Chapter 4 More On Paint,,, True or False (QPG),Flipping and rotating an object can't be used simultaneously at one time. _________,N/A,,,,,,Other,Hard,Test Learning Outcome 1,"Skillone,skilltwo","ONLINE WITH COMPUTERS COURSE BOOK 4,MORE ON PAINT",1
CBSE,Class 4,Computer Science,Online with Computer,Chapter 4 More On Paint,,, True or False (QPG),"For flipping/rotating, use Attributes dialog box in image menu. _________",N/A,,,,,,Other,Hard,Test Learning Outcome 1,"Skillone,skilltwo","ONLINE WITH COMPUTERS COURSE BOOK 4,MORE ON PAINT",1
CBSE,Class 4,Computer Science,Online with Computer,Chapter 4 More On Paint,,, True or False (QPG),"Once selected, an area can't be copied. _________",N/A,,,,,,Other,Hard,Test Learning Outcome 1,"Skillone,skilltwo","ONLINE WITH COMPUTERS COURSE BOOK 4,MORE ON PAINT",1
CBSE,Class 4,Computer Science,Online with Computer,Chapter 4 More On Paint,,, True or False (QPG),One can see the preview before printing a file. _________,N/A,,,,,,Other,Hard,Test Learning Outcome 1,"Skillone,skilltwo","ONLINE WITH COMPUTERS COURSE BOOK 4,MORE ON PAINT",1
CBSE,Class 4,Computer Science,Online with Computer,Chapter 4 More On Paint,,, True or False (QPG),One can use Undo command to undo upto last 3 actions. _________,N/A,,,,,,Other,Hard,Test Learning Outcome 1,"Skillone,skilltwo","ONLINE WITH COMPUTERS COURSE BOOK 4,MORE ON PAINT",1
CBSE,Class 4,Computer Science,Online with Computer,Chapter 4 More On Paint,,, True or False (QPG),Text cannot be entered in a picture in the enlarged view. _________,N/A,,,,,,Other,Hard,Test Learning Outcome 1,"Skillone,skilltwo","ONLINE WITH COMPUTERS COURSE BOOK 4,MORE ON PAINT",1
CBSE,Class 4,Computer Science,Online with Computer,Chapter 4 More On Paint,,, True or False (QPG),The image size is decreased to normal size in zoom out. _________,N/A,,,,,,Other,Hard,Test Learning Outcome 1,"Skillone,skilltwo","ONLINE WITH COMPUTERS COURSE BOOK 4,MORE ON PAINT",1
CBSE,Class 4,Computer Science,Online with Computer,Chapter 4 More On Paint,,, True or False (QPG),"To erase an area, Cut command can also be used. _________",N/A,,,,,,Other,Hard,Test Learning Outcome 1,"Skillone,skilltwo","ONLINE WITH COMPUTERS COURSE BOOK 4,MORE ON PAINT",1
CBSE,Class 4,Computer Science,Online with Computer,Chapter 4 More On Paint,,, True or False (QPG),"When an area is moved, it is erased from the previous position. _________",N/A,,,,,,Other,Hard,Test Learning Outcome 1,"Skillone,skilltwo","ONLINE WITH COMPUTERS COURSE BOOK 4,MORE ON PAINT",1
CBSE,Class 4,Computer Science,Online with Computer,Chapter 4 More On Paint,,, True or False (QPG),You can't select the free form areas from toolbox. _________,N/A,,,,,,Other,Hard,Test Learning Outcome 1,"Skillone,skilltwo","ONLINE WITH COMPUTERS COURSE BOOK 4,MORE ON PAINT",1
CBSE,Class 4,Computer Science,Online with Computer,Chapter 4 More On Paint,,, True or False (QPG),Zooming out of the picture increases the viewing area. _________,N/A,,,,,,Other,Hard,Test Learning Outcome 1,"Skillone,skilltwo","ONLINE WITH COMPUTERS COURSE BOOK 4,MORE ON PAINT",1
CBSE,Class 4,Computer Science,Online with Computer,Chapter 5 Windows Xp,,,Fill in the blank (QPG),_______________ drive is the main drive in a computer.,N/A,,,,,,Other,Hard,Test Learning Outcome 1,"Skillone,skilltwo","ONLINE WITH COMPUTERS COURSE BOOK 4,WINDOWS XP",1
CBSE,Class 4,Computer Science,Online with Computer,Chapter 5 Windows Xp,,,Fill in the blank (QPG),"Large amounts of cash dealings are done very fast with
computers in ___________________ sectors.",N/A,,,,,,Other,Hard,Test Learning Outcome 1,"Skillone,skilltwo","ONLINE WITH COMPUTERS COURSE BOOK 4,WINDOWS XP",1
CBSE,Class 4,Computer Science,Online with Computer,Chapter 5 Windows Xp,,,Fill in the blank (QPG),"Screen saver starts working after the computer has been _______________ for a set period
of time.",N/A,,,,,,Other,Hard,Test Learning Outcome 1,"Skillone,skilltwo","ONLINE WITH COMPUTERS COURSE BOOK 4,WINDOWS XP",1
CBSE,Class 4,Computer Science,Online with Computer,Chapter 5 Windows Xp,,,Fill in the blank (QPG),"To increase the window size to the left side, mouse pointer is placed on _________
edge.",N/A,,,,,,Other,Hard,Test Learning Outcome 1,"Skillone,skilltwo","ONLINE WITH COMPUTERS COURSE BOOK 4,WINDOWS XP",1
CBSE,Class 4,Computer Science,Online with Computer,Chapter 5 Windows Xp,,,Fill in the blank (QPG),"With the help of a computer, sitting in one city one can
get the ___________________ for other cities.",N/A,,,,,,Other,Hard,Test Learning Outcome 1,"Skillone,skilltwo","ONLINE WITH COMPUTERS COURSE BOOK 4,WINDOWS XP",1
CBSE,Class 4,Computer Science,Online with Computer,Chapter 5 Windows Xp,,,Fill in the blank (QPG),Combo box is a combination of text box and _______________ box.,N/A,,,,,,Other,Hard,Test Learning Outcome 1,"Skillone,skilltwo","ONLINE WITH COMPUTERS COURSE BOOK 4,WINDOWS XP",1
CBSE,Class 4,Computer Science,Online with Computer,Chapter 5 Windows Xp,,,Fill in the blank (QPG),Computers can forecast ______________ in advance.,N/A,,,,,,Other,Hard,Test Learning Outcome 1,"Skillone,skilltwo","ONLINE WITH COMPUTERS COURSE BOOK 4,WINDOWS XP",1
CBSE,Class 4,Computer Science,Online with Computer,Chapter 5 Windows Xp,,,Fill in the blank (QPG),Hard disks are given the names _______________ in a computer.,N/A,,,,,,Other,Hard,Test Learning Outcome 1,"Skillone,skilltwo","ONLINE WITH COMPUTERS COURSE BOOK 4,WINDOWS XP",1
CBSE,Class 4,Computer Science,Online with Computer,Chapter 5 Windows Xp,,,Fill in the blank (QPG),Input means collection of ______________ and entering it into a computer.,N/A,,,,,,Other,Hard,Test Learning Outcome 1,"Skillone,skilltwo","ONLINE WITH COMPUTERS COURSE BOOK 4,WINDOWS XP",1
CBSE,Class 4,Computer Science,Online with Computer,Chapter 5 Windows Xp,,,Fill in the blank (QPG),Keyboard these days have __________________ keys.,N/A,,,,,,Other,Hard,Test Learning Outcome 1,"Skillone,skilltwo","ONLINE WITH COMPUTERS COURSE BOOK 4,WINDOWS XP",1
CBSE,Class 4,Computer Science,Online with Computer,Chapter 5 Windows Xp,,,Fill in the blank (QPG),Scanner is a __________________ device.,N/A,,,,,,Other,Hard,Test Learning Outcome 1,"Skillone,skilltwo","ONLINE WITH COMPUTERS COURSE BOOK 4,WINDOWS XP",1
CBSE,Class 4,Computer Science,Online with Computer,Chapter 5 Windows Xp,,,Fill in the blank (QPG),Scroll bars are found on the bottom and _______________ side of the window.,N/A,,,,,,Other,Hard,Test Learning Outcome 1,"Skillone,skilltwo","ONLINE WITH COMPUTERS COURSE BOOK 4,WINDOWS XP",1
CBSE,Class 4,Computer Science,Online with Computer,Chapter 5 Windows Xp,,,Fill in the blank (QPG),Scroll bars are found on the botton and _______________ side of the window.,N/A,,,,,,Other,Hard,Test Learning Outcome 1,"Skillone,skilltwo","ONLINE WITH COMPUTERS COURSE BOOK 4,WINDOWS XP",1
CBSE,Class 4,Computer Science,Online with Computer,Chapter 5 Windows Xp,,,Short Answer Questions (QPG),Explain scroll boxes and their functions.,N/A,,,,,,Other,Hard,Test Learning Outcome 1,"Skillone,skilltwo","ONLINE WITH COMPUTERS COURSE BOOK 4,WINDOWS XP",1
CBSE,Class 4,Computer Science,Online with Computer,Chapter 5 Windows Xp,,,Short Answer Questions (QPG),Explain the use of dialog boxes.,N/A,,,,,,Other,Hard,Test Learning Outcome 1,"Skillone,skilltwo","ONLINE WITH COMPUTERS COURSE BOOK 4,WINDOWS XP",1
CBSE,Class 4,Computer Science,Online with Computer,Chapter 5 Windows Xp,,,Short Answer Questions (QPG),What is a screen saver?,N/A,,,,,,Other,Hard,Test Learning Outcome 1,"Skillone,skilltwo","ONLINE WITH COMPUTERS COURSE BOOK 4,WINDOWS XP",1
CBSE,Class 4,Computer Science,Online with Computer,Chapter 5 Windows Xp,,,Short Answer Questions (QPG),What is a text box?,N/A,,,,,,Other,Hard,Test Learning Outcome 1,"Skillone,skilltwo","ONLINE WITH COMPUTERS COURSE BOOK 4,WINDOWS XP",1
CBSE,Class 4,Computer Science,Online with Computer,Chapter 5 Windows Xp,,,Short Answer Questions (QPG),Define Input.,N/A,,,,,,Other,Hard,Test Learning Outcome 1,"Skillone,skilltwo","ONLINE WITH COMPUTERS COURSE BOOK 4,WINDOWS XP",1
CBSE,Class 4,Computer Science,Online with Computer,Chapter 5 Windows Xp,,,Short Answer Questions (QPG),Explain the function of any two Input devices.,N/A,,,,,,Other,Hard,Test Learning Outcome 1,"Skillone,skilltwo","ONLINE WITH COMPUTERS COURSE BOOK 4,WINDOWS XP",1
CBSE,Class 4,Computer Science,Online with Computer,Chapter 5 Windows Xp,,,Short Answer Questions (QPG),How are computers helpful in industry?,N/A,,,,,,Other,Hard,Test Learning Outcome 1,"Skillone,skilltwo","ONLINE WITH COMPUTERS COURSE BOOK 4,WINDOWS XP",1
CBSE,Class 4,Computer Science,Online with Computer,Chapter 5 Windows Xp,,,Short Answer Questions (QPG),How do we move the window from one place to another?,N/A,,,,,,Other,Hard,Test Learning Outcome 1,"Skillone,skilltwo","ONLINE WITH COMPUTERS COURSE BOOK 4,WINDOWS XP",1
CBSE,Class 4,Computer Science,Online with Computer,Chapter 5 Windows Xp,,,Short Answer Questions (QPG),How do you increase the size of the window?,N/A,,,,,,Other,Hard,Test Learning Outcome 1,"Skillone,skilltwo","ONLINE WITH COMPUTERS COURSE BOOK 4,WINDOWS XP",1
CBSE,Class 4,Computer Science,Online with Computer,Chapter 5 Windows Xp,,,Short Answer Questions (QPG),How do you set a screen saver?,N/A,,,,,,Other,Hard,Test Learning Outcome 1,"Skillone,skilltwo","ONLINE WITH COMPUTERS COURSE BOOK 4,WINDOWS XP",1
CBSE,Class 4,Computer Science,Online with Computer,Chapter 5 Windows Xp,,,Short Answer Questions (QPG),How does a computer name the CD ROM drive?,N/A,,,,,,Other,Hard,Test Learning Outcome 1,"Skillone,skilltwo","ONLINE WITH COMPUTERS COURSE BOOK 4,WINDOWS XP",1
CBSE,Class 4,Computer Science,Online with Computer,Chapter 5 Windows Xp,,,Short Answer Questions (QPG),What is done with computers in railways and airlines?,N/A,,,,,,Other,Hard,Test Learning Outcome 1,"Skillone,skilltwo","ONLINE WITH COMPUTERS COURSE BOOK 4,WINDOWS XP",1
CBSE,Class 4,Computer Science,Online with Computer,Chapter 5 Windows Xp,,,Short Answer Questions (QPG),What is input in the Wait list box of screen saver?,N/A,,,,,,Other,Hard,Test Learning Outcome 1,"Skillone,skilltwo","ONLINE WITH COMPUTERS COURSE BOOK 4,WINDOWS XP",1
CBSE,Class 4,Computer Science,Online with Computer,Chapter 5 Windows Xp,,,Short Answer Questions (QPG),What is joystick?,N/A,,,,,,Other,Hard,Test Learning Outcome 1,"Skillone,skilltwo","ONLINE WITH COMPUTERS COURSE BOOK 4,WINDOWS XP",1
CBSE,Class 4,Computer Science,Online with Computer,Chapter 5 Windows Xp,,,Short Answer Questions (QPG),What is the function of a CPU?,N/A,,,,,,Other,Hard,Test Learning Outcome 1,"Skillone,skilltwo","ONLINE WITH COMPUTERS COURSE BOOK 4,WINDOWS XP",1
CBSE,Class 4,Computer Science,Online with Computer,Chapter 5 Windows Xp,,,Short Answer Questions (QPG),What is the role of 'MY COMPUTER' folder.,N/A,,,,,,Other,Hard,Test Learning Outcome 1,"Skillone,skilltwo","ONLINE WITH COMPUTERS COURSE BOOK 4,WINDOWS XP",1
CBSE,Class 4,Computer Science,Online with Computer,Chapter 5 Windows Xp,,,Short Answer Questions (QPG),What is the use of scroll bars?,N/A,,,,,,Other,Hard,Test Learning Outcome 1,"Skillone,skilltwo","ONLINE WITH COMPUTERS COURSE BOOK 4,WINDOWS XP",1
CBSE,Class 4,Computer Science,Online with Computer,Chapter 5 Windows Xp,,,Short Answer Questions (QPG),Write steps to set a picture as a background?,N/A,,,,,,Other,Hard,Test Learning Outcome 1,"Skillone,skilltwo","ONLINE WITH COMPUTERS COURSE BOOK 4,WINDOWS XP",1
CBSE,Class 4,Computer Science,Online with Computer,Chapter 5 Windows Xp,,, True or False (QPG),"In word processing, computer checks the spellings
and corrects them automatically. ____________",N/A,,,,,,Other,Hard,Test Learning Outcome 1,"Skillone,skilltwo","ONLINE WITH COMPUTERS COURSE BOOK 4,WINDOWS XP",1
CBSE,Class 4,Computer Science,Online with Computer,Chapter 5 Windows Xp,,, True or False (QPG),Computers can detect the faults in an industrial system. ____________,N/A,,,,,,Other,Hard,Test Learning Outcome 1,"Skillone,skilltwo","ONLINE WITH COMPUTERS COURSE BOOK 4,WINDOWS XP",1
CBSE,Class 4,Computer Science,Online with Computer,Chapter 5 Windows Xp,,, True or False (QPG),Computers can't understand the data they produce. ____________,N/A,,,,,,Other,Hard,Test Learning Outcome 1,"Skillone,skilltwo","ONLINE WITH COMPUTERS COURSE BOOK 4,WINDOWS XP",1
CBSE,Class 4,Computer Science,Online with Computer,Chapter 5 Windows Xp,,, True or False (QPG),Hardware cannot perform functions on its own. ____________,N/A,,,,,,Other,Hard,Test Learning Outcome 1,"Skillone,skilltwo","ONLINE WITH COMPUTERS COURSE BOOK 4,WINDOWS XP",1
CBSE,Class 4,Computer Science,Online with Computer,Chapter 5 Windows Xp,,, True or False (QPG),Mouse is an output unit. ____________,N/A,,,,,,Other,Hard,Test Learning Outcome 1,"Skillone,skilltwo","ONLINE WITH COMPUTERS COURSE BOOK 4,WINDOWS XP",1
CBSE,Class 4,Computer Science,Online with Computer,Chapter 5 Windows Xp,,, True or False (QPG),One can replace the existing text in a text box. __________,N/A,,,,,,Other,Hard,Test Learning Outcome 1,"Skillone,skilltwo","ONLINE WITH COMPUTERS COURSE BOOK 4,WINDOWS XP",1
CBSE,Class 4,Computer Science,Online with Computer,Chapter 5 Windows Xp,,, True or False (QPG),One can replace the existing text in a text box. ____________,N/A,,,,,,Other,Hard,Test Learning Outcome 1,"Skillone,skilltwo","ONLINE WITH COMPUTERS COURSE BOOK 4,WINDOWS XP",1
CBSE,Class 4,Computer Science,Online with Computer,Chapter 5 Windows Xp,,, True or False (QPG),The control unit is used to input data. ____________,N/A,,,,,,Other,Hard,Test Learning Outcome 1,"Skillone,skilltwo","ONLINE WITH COMPUTERS COURSE BOOK 4,WINDOWS XP",1
CBSE,Class 4,Computer Science,Online with Computer,Chapter 5 Windows Xp,,, True or False (QPG),The size of the window cannot be changed. __________,N/A,,,,,,Other,Hard,Test Learning Outcome 1,"Skillone,skilltwo","ONLINE WITH COMPUTERS COURSE BOOK 4,WINDOWS XP",1
CBSE,Class 4,Computer Science,Online with Computer,Chapter 5 Windows Xp,,, True or False (QPG),"To display properties dialog box, right click the desktop away from icons. __________",N/A,,,,,,Other,Hard,Test Learning Outcome 1,"Skillone,skilltwo","ONLINE WITH COMPUTERS COURSE BOOK 4,WINDOWS XP",1
CBSE,Class 4,Computer Science,Online with Computer,Chapter 5 Windows Xp,,, True or False (QPG),You can have many open windows on a screen at a time. __________,N/A,,,,,,Other,Hard,Test Learning Outcome 1,"Skillone,skilltwo","ONLINE WITH COMPUTERS COURSE BOOK 4,WINDOWS XP",1
CBSE,Class 5,Computer Science,Online with Computer,Chapter 1 Computer Software,,,Fill in the blank (QPG),"_________________ program contains the code for file and disk buffering management
capabilities.",N/A,,,,,,Other,Hard,Test Learning Outcome 1,"Skillone,skilltwo","ONLINE WITH COMPUTERS COURSE BOOK 5,COMPUTER SOFTWARE",1
CBSE,Class 5,Computer Science,Online with Computer,Chapter 1 Computer Software,,,Fill in the blank (QPG),"The implementation of a program as per orderliness in systematic way is called
_________________ programming.",N/A,,,,,,Other,Hard,Test Learning Outcome 1,"Skillone,skilltwo","ONLINE WITH COMPUTERS COURSE BOOK 5,COMPUTER SOFTWARE",1
CBSE,Class 5,Computer Science,Online with Computer,Chapter 1 Computer Software,,,Fill in the blank (QPG),"The only programming language that a computer can understand is _________________
language.",N/A,,,,,,Other,Hard,Test Learning Outcome 1,"Skillone,skilltwo","ONLINE WITH COMPUTERS COURSE BOOK 5,COMPUTER SOFTWARE",1
CBSE,Class 5,Computer Science,Online with Computer,Chapter 1 Computer Software,,,Fill in the blank (QPG),An operating system loads and _________________ the programs specified by the user.,N/A,,,,,,Other,Hard,Test Learning Outcome 1,"Skillone,skilltwo","ONLINE WITH COMPUTERS COURSE BOOK 5,COMPUTER SOFTWARE",1
CBSE,Class 5,Computer Science,Online with Computer,Chapter 1 Computer Software,,,Fill in the blank (QPG),"If _________________ file exists, it is automatically executed during booting.",N/A,,,,,,Other,Hard,Test Learning Outcome 1,"Skillone,skilltwo","ONLINE WITH COMPUTERS COURSE BOOK 5,COMPUTER SOFTWARE",1
CBSE,Class 5,Computer Science,Online with Computer,Chapter 1 Computer Software,,,Fill in the blank (QPG),The rules that govern the set of symbols in a language are called _________________.,N/A,,,,,,Other,Hard,Test Learning Outcome 1,"Skillone,skilltwo","ONLINE WITH COMPUTERS COURSE BOOK 5,COMPUTER SOFTWARE",1
CBSE,Class 5,Computer Science,Online with Computer,Chapter 1 Computer Software,,,Short Answer Questions (QPG),Name different types of computer languages.,N/A,,,,,,Other,Hard,Test Learning Outcome 1,"Skillone,skilltwo","ONLINE WITH COMPUTERS COURSE BOOK 5,COMPUTER SOFTWARE",1
CBSE,Class 5,Computer Science,Online with Computer,Chapter 1 Computer Software,,,Short Answer Questions (QPG),Define computer language.,N/A,,,,,,Other,Hard,Test Learning Outcome 1,"Skillone,skilltwo","ONLINE WITH COMPUTERS COURSE BOOK 5,COMPUTER SOFTWARE",1
CBSE,Class 5,Computer Science,Online with Computer,Chapter 1 Computer Software,,,Short Answer Questions (QPG),Explain the use of High level language.,N/A,,,,,,Other,Hard,Test Learning Outcome 1,"Skillone,skilltwo","ONLINE WITH COMPUTERS COURSE BOOK 5,COMPUTER SOFTWARE",1
CBSE,Class 5,Computer Science,Online with Computer,Chapter 1 Computer Software,,,Short Answer Questions (QPG),What are different types of application software?,N/A,,,,,,Other,Hard,Test Learning Outcome 1,"Skillone,skilltwo","ONLINE WITH COMPUTERS COURSE BOOK 5,COMPUTER SOFTWARE",1
CBSE,Class 5,Computer Science,Online with Computer,Chapter 1 Computer Software,,,Short Answer Questions (QPG),What are different types of pre written software?,N/A,,,,,,Other,Hard,Test Learning Outcome 1,"Skillone,skilltwo","ONLINE WITH COMPUTERS COURSE BOOK 5,COMPUTER SOFTWARE",1
CBSE,Class 5,Computer Science,Online with Computer,Chapter 1 Computer Software,,,Short Answer Questions (QPG),What does an operating system do?,N/A,,,,,,Other,Hard,Test Learning Outcome 1,"Skillone,skilltwo","ONLINE WITH COMPUTERS COURSE BOOK 5,COMPUTER SOFTWARE",1
CBSE,Class 5,Computer Science,Online with Computer,Chapter 1 Computer Software,,,Short Answer Questions (QPG),What is an operating system?,N/A,,,,,,Other,Hard,Test Learning Outcome 1,"Skillone,skilltwo","ONLINE WITH COMPUTERS COURSE BOOK 5,COMPUTER SOFTWARE",1
CBSE,Class 5,Computer Science,Online with Computer,Chapter 1 Computer Software,,,Short Answer Questions (QPG),What is IO.SYS?,N/A,,,,,,Other,Hard,Test Learning Outcome 1,"Skillone,skilltwo","ONLINE WITH COMPUTERS COURSE BOOK 5,COMPUTER SOFTWARE",1
CBSE,Class 5,Computer Science,Online with Computer,Chapter 1 Computer Software,,,Short Answer Questions (QPG),What is machine language?,N/A,,,,,,Other,Hard,Test Learning Outcome 1,"Skillone,skilltwo","ONLINE WITH COMPUTERS COURSE BOOK 5,COMPUTER SOFTWARE",1
CBSE,Class 5,Computer Science,Online with Computer,Chapter 1 Computer Software,,,Short Answer Questions (QPG),What is MSDOS.SYS?,N/A,,,,,,Other,Hard,Test Learning Outcome 1,"Skillone,skilltwo","ONLINE WITH COMPUTERS COURSE BOOK 5,COMPUTER SOFTWARE",1
CBSE,Class 5,Computer Science,Online with Computer,Chapter 1 Computer Software,,,Short Answer Questions (QPG),What is syntax?,N/A,,,,,,Other,Hard,Test Learning Outcome 1,"Skillone,skilltwo","ONLINE WITH COMPUTERS COURSE BOOK 5,COMPUTER SOFTWARE",1
CBSE,Class 5,Computer Science,Online with Computer,Chapter 1 Computer Software,,,Short Answer Questions (QPG),What is system software? What are the different components of system software?,N/A,,,,,,Other,Hard,Test Learning Outcome 1,"Skillone,skilltwo","ONLINE WITH COMPUTERS COURSE BOOK 5,COMPUTER SOFTWARE",1
CBSE,Class 5,Computer Science,Online with Computer,Chapter 1 Computer Software,,,Short Answer Questions (QPG),What is the difference between a compiler and an interpreter?,N/A,,,,,,Other,Hard,Test Learning Outcome 1,"Skillone,skilltwo","ONLINE WITH COMPUTERS COURSE BOOK 5,COMPUTER SOFTWARE",1
CBSE,Class 5,Computer Science,Online with Computer,Chapter 1 Computer Software,,,Short Answer Questions (QPG),What is the difference between a language and an application?,N/A,,,,,,Other,Hard,Test Learning Outcome 1,"Skillone,skilltwo","ONLINE WITH COMPUTERS COURSE BOOK 5,COMPUTER SOFTWARE",1
CBSE,Class 5,Computer Science,Online with Computer,Chapter 1 Computer Software,,,Short Answer Questions (QPG),What is the difference between a machine and an assembly language?,N/A,,,,,,Other,Hard,Test Learning Outcome 1,"Skillone,skilltwo","ONLINE WITH COMPUTERS COURSE BOOK 5,COMPUTER SOFTWARE",1
CBSE,Class 5,Computer Science,Online with Computer,Chapter 1 Computer Software,,,Short Answer Questions (QPG),What is utility software?,N/A,,,,,,Other,Hard,Test Learning Outcome 1,"Skillone,skilltwo","ONLINE WITH COMPUTERS COURSE BOOK 5,COMPUTER SOFTWARE",1
CBSE,Class 5,Computer Science,Online with Computer,Chapter 1 Computer Software,,, True or False (QPG),"For programming in assembly language, one may not remember the exact
position of data. ___________",N/A,,,,,,Other,Hard,Test Learning Outcome 1,"Skillone,skilltwo","ONLINE WITH COMPUTERS COURSE BOOK 5,COMPUTER SOFTWARE",1
CBSE,Class 5,Computer Science,Online with Computer,Chapter 1 Computer Software,,, True or False (QPG),"Machine language is universal for all types of hardware designs in different
computers. _______________",N/A,,,,,,Other,Hard,Test Learning Outcome 1,"Skillone,skilltwo","ONLINE WITH COMPUTERS COURSE BOOK 5,COMPUTER SOFTWARE",1
CBSE,Class 5,Computer Science,Online with Computer,Chapter 1 Computer Software,,, True or False (QPG),"A compiler translates the programs into machine language, one line at a time. ___________",N/A,,,,,,Other,Hard,Test Learning Outcome 1,"Skillone,skilltwo","ONLINE WITH COMPUTERS COURSE BOOK 5,COMPUTER SOFTWARE",1
CBSE,Class 5,Computer Science,Online with Computer,Chapter 1 Computer Software,,, True or False (QPG),Assembly and machine languages are classified as low level language. ___________,N/A,,,,,,Other,Hard,Test Learning Outcome 1,"Skillone,skilltwo","ONLINE WITH COMPUTERS COURSE BOOK 5,COMPUTER SOFTWARE",1
CBSE,Class 5,Computer Science,Online with Computer,Chapter 1 Computer Software,,, True or False (QPG),"For booting, an operating system contains one or more files. _________________",N/A,,,,,,Other,Hard,Test Learning Outcome 1,"Skillone,skilltwo","ONLINE WITH COMPUTERS COURSE BOOK 5,COMPUTER SOFTWARE",1
CBSE,Class 5,Computer Science,Online with Computer,Chapter 1 Computer Software,,, True or False (QPG),MSDOS.SYS is also known as the File and Disk manager. ________________,N/A,,,,,,Other,Hard,Test Learning Outcome 1,"Skillone,skilltwo","ONLINE WITH COMPUTERS COURSE BOOK 5,COMPUTER SOFTWARE",1
CBSE,Class 5,Computer Science,Online with Computer,Chapter 2 Exploring Your Computer,,,Fill in the blank (QPG),____________________ is a means to transfer and exchange information.,N/A,,,,,,Other,Hard,Test Learning Outcome 1,"Skillone,skilltwo","ONLINE WITH COMPUTERS COURSE BOOK 5,EXPLORING YOUR COMPUTER",1
CBSE,Class 5,Computer Science,Online with Computer,Chapter 2 Exploring Your Computer,,,Fill in the blank (QPG),"Second generation computers were from __________________ to
__________________.",N/A,,,,,,Other,Hard,Test Learning Outcome 1,"Skillone,skilltwo","ONLINE WITH COMPUTERS COURSE BOOK 5,EXPLORING YOUR COMPUTER",1
CBSE,Class 5,Computer Science,Online with Computer,Chapter 2 Exploring Your Computer,,,Fill in the blank (QPG),"The name of the selected folder in the drive is highlighted in the _____________
column.",N/A,,,,,,Other,Hard,Test Learning Outcome 1,"Skillone,skilltwo","ONLINE WITH COMPUTERS COURSE BOOK 5,EXPLORING YOUR COMPUTER",1
CBSE,Class 5,Computer Science,Online with Computer,Chapter 2 Exploring Your Computer,,,Fill in the blank (QPG),"The rules that govern the set of symbols in a language are called
_________________.",N/A,,,,,,Other,Hard,Test Learning Outcome 1,"Skillone,skilltwo","ONLINE WITH COMPUTERS COURSE BOOK 5,EXPLORING YOUR COMPUTER",1
CBSE,Class 5,Computer Science,Online with Computer,Chapter 2 Exploring Your Computer,,,Fill in the blank (QPG),A _____________ sign shows that a folder has an expanded branch in Windows Explorer.,N/A,,,,,,Other,Hard,Test Learning Outcome 1,"Skillone,skilltwo","ONLINE WITH COMPUTERS COURSE BOOK 5,EXPLORING YOUR COMPUTER",1
CBSE,Class 5,Computer Science,Online with Computer,Chapter 2 Exploring Your Computer,,,Fill in the blank (QPG),Computer can understand only _______________ types of digits.,N/A,,,,,,Other,Hard,Test Learning Outcome 1,"Skillone,skilltwo","ONLINE WITH COMPUTERS COURSE BOOK 5,EXPLORING YOUR COMPUTER",1
CBSE,Class 5,Computer Science,Online with Computer,Chapter 2 Exploring Your Computer,,,Fill in the blank (QPG),Directory name can have upto _______________ alphanumeric characters.,N/A,,,,,,Other,Hard,Test Learning Outcome 1,"Skillone,skilltwo","ONLINE WITH COMPUTERS COURSE BOOK 5,EXPLORING YOUR COMPUTER",1
CBSE,Class 5,Computer Science,Online with Computer,Chapter 2 Exploring Your Computer,,,Fill in the blank (QPG),"For Renaming, click on file and select _____________ from File menu.",N/A,,,,,,Other,Hard,Test Learning Outcome 1,"Skillone,skilltwo","ONLINE WITH COMPUTERS COURSE BOOK 5,EXPLORING YOUR COMPUTER",1
CBSE,Class 5,Computer Science,Online with Computer,Chapter 2 Exploring Your Computer,,,Fill in the blank (QPG),"For renaming, click on file and select _______________ from File menu.",N/A,,,,,,Other,Hard,Test Learning Outcome 1,"Skillone,skilltwo","ONLINE WITH COMPUTERS COURSE BOOK 5,EXPLORING YOUR COMPUTER",1
CBSE,Class 5,Computer Science,Online with Computer,Chapter 2 Exploring Your Computer,,,Fill in the blank (QPG),Fourth generation used __________________ as an electronic component.,N/A,,,,,,Other,Hard,Test Learning Outcome 1,"Skillone,skilltwo","ONLINE WITH COMPUTERS COURSE BOOK 5,EXPLORING YOUR COMPUTER",1
CBSE,Class 5,Computer Science,Online with Computer,Chapter 2 Exploring Your Computer,,,Fill in the blank (QPG),The Delete command moves the file to _______________ bin.,N/A,,,,,,Other,Hard,Test Learning Outcome 1,"Skillone,skilltwo","ONLINE WITH COMPUTERS COURSE BOOK 5,EXPLORING YOUR COMPUTER",1
CBSE,Class 5,Computer Science,Online with Computer,Chapter 2 Exploring Your Computer,,,Fill in the blank (QPG),The main directory in drive C is called _______________ directory.,N/A,,,,,,Other,Hard,Test Learning Outcome 1,"Skillone,skilltwo","ONLINE WITH COMPUTERS COURSE BOOK 5,EXPLORING YOUR COMPUTER",1
CBSE,Class 5,Computer Science,Online with Computer,Chapter 2 Exploring Your Computer,,,Fill in the blank (QPG),The name of the selected folder in the drive is highlighted in the _____________ column.,N/A,,,,,,Other,Hard,Test Learning Outcome 1,"Skillone,skilltwo","ONLINE WITH COMPUTERS COURSE BOOK 5,EXPLORING YOUR COMPUTER",1
CBSE,Class 5,Computer Science,Online with Computer,Chapter 2 Exploring Your Computer,,,Fill in the blank (QPG),"To expand a branch, you need to click on the _______________ sign.",N/A,,,,,,Other,Hard,Test Learning Outcome 1,"Skillone,skilltwo","ONLINE WITH COMPUTERS COURSE BOOK 5,EXPLORING YOUR COMPUTER",1
CBSE,Class 5,Computer Science,Online with Computer,Chapter 2 Exploring Your Computer,,,Fill in the blank (QPG),"To select non continuous objects, click the first one and then use ___________ for others.",N/A,,,,,,Other,Hard,Test Learning Outcome 1,"Skillone,skilltwo","ONLINE WITH COMPUTERS COURSE BOOK 5,EXPLORING YOUR COMPUTER",1
CBSE,Class 5,Computer Science,Online with Computer,Chapter 2 Exploring Your Computer,,,Fill in the blank (QPG),Use + sign to _______________ a branch of a selected folder.,N/A,,,,,,Other,Hard,Test Learning Outcome 1,"Skillone,skilltwo","ONLINE WITH COMPUTERS COURSE BOOK 5,EXPLORING YOUR COMPUTER",1
CBSE,Class 5,Computer Science,Online with Computer,Chapter 2 Exploring Your Computer,,,Short Answer Questions (QPG),How do you move files and folders?,N/A,,,,,,Other,Hard,Test Learning Outcome 1,"Skillone,skilltwo","ONLINE WITH COMPUTERS COURSE BOOK 5,EXPLORING YOUR COMPUTER",1
CBSE,Class 5,Computer Science,Online with Computer,Chapter 2 Exploring Your Computer,,,Short Answer Questions (QPG),Explain WAN.,N/A,,,,,,Other,Hard,Test Learning Outcome 1,"Skillone,skilltwo","ONLINE WITH COMPUTERS COURSE BOOK 5,EXPLORING YOUR COMPUTER",1
CBSE,Class 5,Computer Science,Online with Computer,Chapter 2 Exploring Your Computer,,,Short Answer Questions (QPG),How do you copy files and folders?,N/A,,,,,,Other,Hard,Test Learning Outcome 1,"Skillone,skilltwo","ONLINE WITH COMPUTERS COURSE BOOK 5,EXPLORING YOUR COMPUTER",1
CBSE,Class 5,Computer Science,Online with Computer,Chapter 2 Exploring Your Computer,,,Short Answer Questions (QPG),How do you delete files and folders?,N/A,,,,,,Other,Hard,Test Learning Outcome 1,"Skillone,skilltwo","ONLINE WITH COMPUTERS COURSE BOOK 5,EXPLORING YOUR COMPUTER",1
CBSE,Class 5,Computer Science,Online with Computer,Chapter 2 Exploring Your Computer,,,Short Answer Questions (QPG),How do you move files and folders?,N/A,,,,,,Other,Hard,Test Learning Outcome 1,"Skillone,skilltwo","ONLINE WITH COMPUTERS COURSE BOOK 5,EXPLORING YOUR COMPUTER",1
CBSE,Class 5,Computer Science,Online with Computer,Chapter 2 Exploring Your Computer,,,Short Answer Questions (QPG),How do you open files and folders?,N/A,,,,,,Other,Hard,Test Learning Outcome 1,"Skillone,skilltwo","ONLINE WITH COMPUTERS COURSE BOOK 5,EXPLORING YOUR COMPUTER",1
CBSE,Class 5,Computer Science,Online with Computer,Chapter 2 Exploring Your Computer,,,Short Answer Questions (QPG),How do you rename files and folders?,N/A,,,,,,Other,Hard,Test Learning Outcome 1,"Skillone,skilltwo","ONLINE WITH COMPUTERS COURSE BOOK 5,EXPLORING YOUR COMPUTER",1
CBSE,Class 5,Computer Science,Online with Computer,Chapter 2 Exploring Your Computer,,,Short Answer Questions (QPG),How do you select continuous and non continuous files and folders?,N/A,,,,,,Other,Hard,Test Learning Outcome 1,"Skillone,skilltwo","ONLINE WITH COMPUTERS COURSE BOOK 5,EXPLORING YOUR COMPUTER",1
CBSE,Class 5,Computer Science,Online with Computer,Chapter 2 Exploring Your Computer,,,Short Answer Questions (QPG),How do you start the Windows Explorer?,N/A,,,,,,Other,Hard,Test Learning Outcome 1,"Skillone,skilltwo","ONLINE WITH COMPUTERS COURSE BOOK 5,EXPLORING YOUR COMPUTER",1
CBSE,Class 5,Computer Science,Online with Computer,Chapter 2 Exploring Your Computer,,,Short Answer Questions (QPG),How will you create a New folder? Explain with example.,N/A,,,,,,Other,Hard,Test Learning Outcome 1,"Skillone,skilltwo","ONLINE WITH COMPUTERS COURSE BOOK 5,EXPLORING YOUR COMPUTER",1
CBSE,Class 5,Computer Science,Online with Computer,Chapter 2 Exploring Your Computer,,,Short Answer Questions (QPG),How will you find out whether a folder has an expanded branch or not?,N/A,,,,,,Other,Hard,Test Learning Outcome 1,"Skillone,skilltwo","ONLINE WITH COMPUTERS COURSE BOOK 5,EXPLORING YOUR COMPUTER",1
CBSE,Class 5,Computer Science,Online with Computer,Chapter 2 Exploring Your Computer,,,Short Answer Questions (QPG),What all can you do in a Windows Explorer window?,N/A,,,,,,Other,Hard,Test Learning Outcome 1,"Skillone,skilltwo","ONLINE WITH COMPUTERS COURSE BOOK 5,EXPLORING YOUR COMPUTER",1
CBSE,Class 5,Computer Science,Online with Computer,Chapter 2 Exploring Your Computer,,,Short Answer Questions (QPG),What are the advantages of Windows Explorer?,N/A,,,,,,Other,Hard,Test Learning Outcome 1,"Skillone,skilltwo","ONLINE WITH COMPUTERS COURSE BOOK 5,EXPLORING YOUR COMPUTER",1
CBSE,Class 5,Computer Science,Online with Computer,Chapter 2 Exploring Your Computer,,,Short Answer Questions (QPG),What does + and – sign indicate in Explorer window?,N/A,,,,,,Other,Hard,Test Learning Outcome 1,"Skillone,skilltwo","ONLINE WITH COMPUTERS COURSE BOOK 5,EXPLORING YOUR COMPUTER",1
CBSE,Class 5,Computer Science,Online with Computer,Chapter 2 Exploring Your Computer,,,Short Answer Questions (QPG),What does copy button do in Explorer?,N/A,,,,,,Other,Hard,Test Learning Outcome 1,"Skillone,skilltwo","ONLINE WITH COMPUTERS COURSE BOOK 5,EXPLORING YOUR COMPUTER",1
CBSE,Class 5,Computer Science,Online with Computer,Chapter 2 Exploring Your Computer,,,Short Answer Questions (QPG),What does cut button do in Explorer?,N/A,,,,,,Other,Hard,Test Learning Outcome 1,"Skillone,skilltwo","ONLINE WITH COMPUTERS COURSE BOOK 5,EXPLORING YOUR COMPUTER",1
CBSE,Class 5,Computer Science,Online with Computer,Chapter 2 Exploring Your Computer,,,Short Answer Questions (QPG),What does paste button do in Explorer?,N/A,,,,,,Other,Hard,Test Learning Outcome 1,"Skillone,skilltwo","ONLINE WITH COMPUTERS COURSE BOOK 5,EXPLORING YOUR COMPUTER",1
CBSE,Class 5,Computer Science,Online with Computer,Chapter 2 Exploring Your Computer,,,Short Answer Questions (QPG),What is a directory?,N/A,,,,,,Other,Hard,Test Learning Outcome 1,"Skillone,skilltwo","ONLINE WITH COMPUTERS COURSE BOOK 5,EXPLORING YOUR COMPUTER",1
CBSE,Class 5,Computer Science,Online with Computer,Chapter 2 Exploring Your Computer,,,Short Answer Questions (QPG),What is a DVD?,N/A,,,,,,Other,Hard,Test Learning Outcome 1,"Skillone,skilltwo","ONLINE WITH COMPUTERS COURSE BOOK 5,EXPLORING YOUR COMPUTER",1
CBSE,Class 5,Computer Science,Online with Computer,Chapter 2 Exploring Your Computer,,,Short Answer Questions (QPG),What is a minicomputer?,N/A,,,,,,Other,Hard,Test Learning Outcome 1,"Skillone,skilltwo","ONLINE WITH COMPUTERS COURSE BOOK 5,EXPLORING YOUR COMPUTER",1
CBSE,Class 5,Computer Science,Online with Computer,Chapter 2 Exploring Your Computer,,,Short Answer Questions (QPG),What is a sub directory?,N/A,,,,,,Other,Hard,Test Learning Outcome 1,"Skillone,skilltwo","ONLINE WITH COMPUTERS COURSE BOOK 5,EXPLORING YOUR COMPUTER",1
CBSE,Class 5,Computer Science,Online with Computer,Chapter 2 Exploring Your Computer,,,Short Answer Questions (QPG),What is machine language?,N/A,,,,,,Other,Hard,Test Learning Outcome 1,"Skillone,skilltwo","ONLINE WITH COMPUTERS COURSE BOOK 5,EXPLORING YOUR COMPUTER",1
CBSE,Class 5,Computer Science,Online with Computer,Chapter 2 Exploring Your Computer,,,Short Answer Questions (QPG),What is term used for the DOS word directory?,N/A,,,,,,Other,Hard,Test Learning Outcome 1,"Skillone,skilltwo","ONLINE WITH COMPUTERS COURSE BOOK 5,EXPLORING YOUR COMPUTER",1
CBSE,Class 5,Computer Science,Online with Computer,Chapter 2 Exploring Your Computer,,,Short Answer Questions (QPG),What is the full form of ROM? What is it used for?,N/A,,,,,,Other,Hard,Test Learning Outcome 1,"Skillone,skilltwo","ONLINE WITH COMPUTERS COURSE BOOK 5,EXPLORING YOUR COMPUTER",1
CBSE,Class 5,Computer Science,Online with Computer,Chapter 2 Exploring Your Computer,,,Short Answer Questions (QPG),What was the time period of second generation computers?,N/A,,,,,,Other,Hard,Test Learning Outcome 1,"Skillone,skilltwo","ONLINE WITH COMPUTERS COURSE BOOK 5,EXPLORING YOUR COMPUTER",1
CBSE,Class 5,Computer Science,Online with Computer,Chapter 2 Exploring Your Computer,,,Short Answer Questions (QPG),Where can you see the contents of a drive?,N/A,,,,,,Other,Hard,Test Learning Outcome 1,"Skillone,skilltwo","ONLINE WITH COMPUTERS COURSE BOOK 5,EXPLORING YOUR COMPUTER",1
CBSE,Class 5,Computer Science,Online with Computer,Chapter 2 Exploring Your Computer,,, True or False (QPG),"Machine language is universal for all types of hardware designs in different
computers. ________",N/A,,,,,,Other,Hard,Test Learning Outcome 1,"Skillone,skilltwo","ONLINE WITH COMPUTERS COURSE BOOK 5,EXPLORING YOUR COMPUTER",1
CBSE,Class 5,Computer Science,Online with Computer,Chapter 2 Exploring Your Computer,,, True or False (QPG),"To run multimedia applications a small capacity RAM would conveniently work.
________",N/A,,,,,,Other,Hard,Test Learning Outcome 1,"Skillone,skilltwo","ONLINE WITH COMPUTERS COURSE BOOK 5,EXPLORING YOUR COMPUTER",1
CBSE,Class 5,Computer Science,Online with Computer,Chapter 2 Exploring Your Computer,,, True or False (QPG),Assembly and machine languages are classified as low level language. ________,N/A,,,,,,Other,Hard,Test Learning Outcome 1,"Skillone,skilltwo","ONLINE WITH COMPUTERS COURSE BOOK 5,EXPLORING YOUR COMPUTER",1
CBSE,Class 5,Computer Science,Online with Computer,Chapter 2 Exploring Your Computer,,, True or False (QPG),Development of LSI led to the birth of microcomputer. ________,N/A,,,,,,Other,Hard,Test Learning Outcome 1,"Skillone,skilltwo","ONLINE WITH COMPUTERS COURSE BOOK 5,EXPLORING YOUR COMPUTER",1
CBSE,Class 5,Computer Science,Online with Computer,Chapter 2 Exploring Your Computer,,, True or False (QPG),GB is larger than MB. ________,N/A,,,,,,Other,Hard,Test Learning Outcome 1,"Skillone,skilltwo","ONLINE WITH COMPUTERS COURSE BOOK 5,EXPLORING YOUR COMPUTER",1
CBSE,Class 5,Computer Science,Online with Computer,Chapter 2 Exploring Your Computer,,, True or False (QPG),Selection of the folder is done in left pane of Explorer window. ______________,N/A,,,,,,Other,Hard,Test Learning Outcome 1,"Skillone,skilltwo","ONLINE WITH COMPUTERS COURSE BOOK 5,EXPLORING YOUR COMPUTER",1
CBSE,Class 5,Computer Science,Online with Computer,Chapter 2 Exploring Your Computer,,, True or False (QPG),You can't use the scroll bars to see the list of folders and files. ________,N/A,,,,,,Other,Hard,Test Learning Outcome 1,"Skillone,skilltwo","ONLINE WITH COMPUTERS COURSE BOOK 5,EXPLORING YOUR COMPUTER",1
CBSE,Class 5,Computer Science,Online with Computer,Chapter 3 Generations And Types Of Computers,,,Fill in the blank (QPG),Generation distinguishes between the various__________________ technologies.,N/A,,,,,,Other,Hard,Test Learning Outcome 1,"Skillone,skilltwo","ONLINE WITH COMPUTERS COURSE BOOK 5,GENERATIONS AND TYPES OF COMPUTERS",1
CBSE,Class 5,Computer Science,Online with Computer,Chapter 3 Generations And Types Of Computers,,,Fill in the blank (QPG),First generation used __________________ as an electronic component.,N/A,,,,,,Other,Hard,Test Learning Outcome 1,"Skillone,skilltwo","ONLINE WITH COMPUTERS COURSE BOOK 5,GENERATIONS AND TYPES OF COMPUTERS",1
CBSE,Class 5,Computer Science,Online with Computer,Chapter 3 Generations And Types Of Computers,,,Fill in the blank (QPG),First generation was from __________________ to __________________.,N/A,,,,,,Other,Hard,Test Learning Outcome 1,"Skillone,skilltwo","ONLINE WITH COMPUTERS COURSE BOOK 5,GENERATIONS AND TYPES OF COMPUTERS",1
CBSE,Class 5,Computer Science,Online with Computer,Chapter 3 Generations And Types Of Computers,,,Fill in the blank (QPG),Fourth generation computers were from __________________ to __________________.,N/A,,,,,,Other,Hard,Test Learning Outcome 1,"Skillone,skilltwo","ONLINE WITH COMPUTERS COURSE BOOK 5,GENERATIONS AND TYPES OF COMPUTERS",1
CBSE,Class 5,Computer Science,Online with Computer,Chapter 3 Generations And Types Of Computers,,,Fill in the blank (QPG),Fourth generation used __________________ as an electronic component.,N/A,,,,,,Other,Hard,Test Learning Outcome 1,"Skillone,skilltwo","ONLINE WITH COMPUTERS COURSE BOOK 5,GENERATIONS AND TYPES OF COMPUTERS",1
CBSE,Class 5,Computer Science,Online with Computer,Chapter 3 Generations And Types Of Computers,,,Fill in the blank (QPG),Second generation computers were from __________________ to __________________.,N/A,,,,,,Other,Hard,Test Learning Outcome 1,"Skillone,skilltwo","ONLINE WITH COMPUTERS COURSE BOOK 5,GENERATIONS AND TYPES OF COMPUTERS",1
CBSE,Class 5,Computer Science,Online with Computer,Chapter 3 Generations And Types Of Computers,,,Fill in the blank (QPG),Second generation used __________________ as an electronic component.,N/A,,,,,,Other,Hard,Test Learning Outcome 1,"Skillone,skilltwo","ONLINE WITH COMPUTERS COURSE BOOK 5,GENERATIONS AND TYPES OF COMPUTERS",1
CBSE,Class 5,Computer Science,Online with Computer,Chapter 3 Generations And Types Of Computers,,,Fill in the blank (QPG),Third generation computers were from __________________ to __________________.,N/A,,,,,,Other,Hard,Test Learning Outcome 1,"Skillone,skilltwo","ONLINE WITH COMPUTERS COURSE BOOK 5,GENERATIONS AND TYPES OF COMPUTERS",1
CBSE,Class 5,Computer Science,Online with Computer,Chapter 3 Generations And Types Of Computers,,,Fill in the blank (QPG),Third generation used __________________ as an electronic component.,N/A,,,,,,Other,Hard,Test Learning Outcome 1,"Skillone,skilltwo","ONLINE WITH COMPUTERS COURSE BOOK 5,GENERATIONS AND TYPES OF COMPUTERS",1
CBSE,Class 5,Computer Science,Online with Computer,Chapter 3 Generations And Types Of Computers,,,Short Answer Questions (QPG),Give two examples of first generation machines.,N/A,,,,,,Other,Hard,Test Learning Outcome 1,"Skillone,skilltwo","ONLINE WITH COMPUTERS COURSE BOOK 5,GENERATIONS AND TYPES OF COMPUTERS",1
CBSE,Class 5,Computer Science,Online with Computer,Chapter 3 Generations And Types Of Computers,,,Short Answer Questions (QPG),In what different ways can you classify computers?,N/A,,,,,,Other,Hard,Test Learning Outcome 1,"Skillone,skilltwo","ONLINE WITH COMPUTERS COURSE BOOK 5,GENERATIONS AND TYPES OF COMPUTERS",1
CBSE,Class 5,Computer Science,Online with Computer,Chapter 3 Generations And Types Of Computers,,,Short Answer Questions (QPG),Name various types of computers depending upon their capacity.,N/A,,,,,,Other,Hard,Test Learning Outcome 1,"Skillone,skilltwo","ONLINE WITH COMPUTERS COURSE BOOK 5,GENERATIONS AND TYPES OF COMPUTERS",1
CBSE,Class 5,Computer Science,Online with Computer,Chapter 3 Generations And Types Of Computers,,,Short Answer Questions (QPG),What does the term generation refer to?,N/A,,,,,,Other,Hard,Test Learning Outcome 1,"Skillone,skilltwo","ONLINE WITH COMPUTERS COURSE BOOK 5,GENERATIONS AND TYPES OF COMPUTERS",1
CBSE,Class 5,Computer Science,Online with Computer,Chapter 3 Generations And Types Of Computers,,,Short Answer Questions (QPG),What electronic component was used in fourth generation of computers?,N/A,,,,,,Other,Hard,Test Learning Outcome 1,"Skillone,skilltwo","ONLINE WITH COMPUTERS COURSE BOOK 5,GENERATIONS AND TYPES OF COMPUTERS",1
CBSE,Class 5,Computer Science,Online with Computer,Chapter 3 Generations And Types Of Computers,,,Short Answer Questions (QPG),What is a mainframe computer?,N/A,,,,,,Other,Hard,Test Learning Outcome 1,"Skillone,skilltwo","ONLINE WITH COMPUTERS COURSE BOOK 5,GENERATIONS AND TYPES OF COMPUTERS",1
CBSE,Class 5,Computer Science,Online with Computer,Chapter 3 Generations And Types Of Computers,,,Short Answer Questions (QPG),What is a microcomputer?,N/A,,,,,,Other,Hard,Test Learning Outcome 1,"Skillone,skilltwo","ONLINE WITH COMPUTERS COURSE BOOK 5,GENERATIONS AND TYPES OF COMPUTERS",1
CBSE,Class 5,Computer Science,Online with Computer,Chapter 3 Generations And Types Of Computers,,,Short Answer Questions (QPG),What is a minicomputer?,N/A,,,,,,Other,Hard,Test Learning Outcome 1,"Skillone,skilltwo","ONLINE WITH COMPUTERS COURSE BOOK 5,GENERATIONS AND TYPES OF COMPUTERS",1
CBSE,Class 5,Computer Science,Online with Computer,Chapter 3 Generations And Types Of Computers,,,Short Answer Questions (QPG),What is a supercomputer?,N/A,,,,,,Other,Hard,Test Learning Outcome 1,"Skillone,skilltwo","ONLINE WITH COMPUTERS COURSE BOOK 5,GENERATIONS AND TYPES OF COMPUTERS",1
CBSE,Class 5,Computer Science,Online with Computer,Chapter 3 Generations And Types Of Computers,,,Short Answer Questions (QPG),What is the time period of first generation of computers?,N/A,,,,,,Other,Hard,Test Learning Outcome 1,"Skillone,skilltwo","ONLINE WITH COMPUTERS COURSE BOOK 5,GENERATIONS AND TYPES OF COMPUTERS",1
CBSE,Class 5,Computer Science,Online with Computer,Chapter 3 Generations And Types Of Computers,,,Short Answer Questions (QPG),What was the time period of fourth generation computers?,N/A,,,,,,Other,Hard,Test Learning Outcome 1,"Skillone,skilltwo","ONLINE WITH COMPUTERS COURSE BOOK 5,GENERATIONS AND TYPES OF COMPUTERS",1
CBSE,Class 5,Computer Science,Online with Computer,Chapter 3 Generations And Types Of Computers,,,Short Answer Questions (QPG),What was the time period of second generation computers?,N/A,,,,,,Other,Hard,Test Learning Outcome 1,"Skillone,skilltwo","ONLINE WITH COMPUTERS COURSE BOOK 5,GENERATIONS AND TYPES OF COMPUTERS",1
CBSE,Class 5,Computer Science,Online with Computer,Chapter 3 Generations And Types Of Computers,,,Short Answer Questions (QPG),Which electronic component was used in first generation of computers?,N/A,,,,,,Other,Hard,Test Learning Outcome 1,"Skillone,skilltwo","ONLINE WITH COMPUTERS COURSE BOOK 5,GENERATIONS AND TYPES OF COMPUTERS",1
CBSE,Class 5,Computer Science,Online with Computer,Chapter 3 Generations And Types Of Computers,,,Short Answer Questions (QPG),Which electronic component was used in second generation of computers?,N/A,,,,,,Other,Hard,Test Learning Outcome 1,"Skillone,skilltwo","ONLINE WITH COMPUTERS COURSE BOOK 5,GENERATIONS AND TYPES OF COMPUTERS",1
CBSE,Class 5,Computer Science,Online with Computer,Chapter 3 Generations And Types Of Computers,,,Short Answer Questions (QPG),Which electronic component was used in third generation of computers?,N/A,,,,,,Other,Hard,Test Learning Outcome 1,"Skillone,skilltwo","ONLINE WITH COMPUTERS COURSE BOOK 5,GENERATIONS AND TYPES OF COMPUTERS",1
CBSE,Class 5,Computer Science,Online with Computer,Chapter 3 Generations And Types Of Computers,,, True or False (QPG),Development of LSI led to the birth of microcomputer.,N/A,,,,,,Other,Hard,Test Learning Outcome 1,"Skillone,skilltwo","ONLINE WITH COMPUTERS COURSE BOOK 5,GENERATIONS AND TYPES OF COMPUTERS",1
CBSE,Class 5,Computer Science,Online with Computer,Chapter 3 Generations And Types Of Computers,,, True or False (QPG),IC was used in third generation computers.,N/A,,,,,,Other,Hard,Test Learning Outcome 1,"Skillone,skilltwo","ONLINE WITH COMPUTERS COURSE BOOK 5,GENERATIONS AND TYPES OF COMPUTERS",1
CBSE,Class 5,Computer Science,Online with Computer,Chapter 3 Generations And Types Of Computers,,, True or False (QPG),Minicomputers are very small in size.,N/A,,,,,,Other,Hard,Test Learning Outcome 1,"Skillone,skilltwo","ONLINE WITH COMPUTERS COURSE BOOK 5,GENERATIONS AND TYPES OF COMPUTERS",1
CBSE,Class 5,Computer Science,Online with Computer,Chapter 3 Generations And Types Of Computers,,, True or False (QPG),Supercomputer is the largest computer.,N/A,,,,,,Other,Hard,Test Learning Outcome 1,"Skillone,skilltwo","ONLINE WITH COMPUTERS COURSE BOOK 5,GENERATIONS AND TYPES OF COMPUTERS",1
CBSE,Class 5,Computer Science,Online with Computer,Chapter 4 Memory Devices,,,Fill in the blank (QPG),1 byte = _______________ bits.,N/A,,,,,,Other,Hard,Test Learning Outcome 1,"Skillone,skilltwo","ONLINE WITH COMPUTERS COURSE BOOK 5,MEMORY DEVICES",1
CBSE,Class 5,Computer Science,Online with Computer,Chapter 4 Memory Devices,,,Fill in the blank (QPG),1 MB = _______________ bytes.,N/A,,,,,,Other,Hard,Test Learning Outcome 1,"Skillone,skilltwo","ONLINE WITH COMPUTERS COURSE BOOK 5,MEMORY DEVICES",1
CBSE,Class 5,Computer Science,Online with Computer,Chapter 4 Memory Devices,,,Fill in the blank (QPG),Computer can understand only _______________ types of digits.,N/A,,,,,,Other,Hard,Test Learning Outcome 1,"Skillone,skilltwo","ONLINE WITH COMPUTERS COURSE BOOK 5,MEMORY DEVICES",1
CBSE,Class 5,Computer Science,Online with Computer,Chapter 4 Memory Devices,,,Fill in the blank (QPG),Floppy disks are generally of _______________ different sizes.,N/A,,,,,,Other,Hard,Test Learning Outcome 1,"Skillone,skilltwo","ONLINE WITH COMPUTERS COURSE BOOK 5,MEMORY DEVICES",1
CBSE,Class 5,Computer Science,Online with Computer,Chapter 4 Memory Devices,,,Fill in the blank (QPG),Primary memory is of _______________ types.,N/A,,,,,,Other,Hard,Test Learning Outcome 1,"Skillone,skilltwo","ONLINE WITH COMPUTERS COURSE BOOK 5,MEMORY DEVICES",1
CBSE,Class 5,Computer Science,Online with Computer,Chapter 4 Memory Devices,,,Fill in the blank (QPG),RAM is a _______________ memory.,N/A,,,,,,Other,Hard,Test Learning Outcome 1,"Skillone,skilltwo","ONLINE WITH COMPUTERS COURSE BOOK 5,MEMORY DEVICES",1
CBSE,Class 5,Computer Science,Online with Computer,Chapter 4 Memory Devices,,,Short Answer Questions (QPG),Explain pen drive.,N/A,,,,,,Other,Hard,Test Learning Outcome 1,"Skillone,skilltwo","ONLINE WITH COMPUTERS COURSE BOOK 5,MEMORY DEVICES",1
CBSE,Class 5,Computer Science,Online with Computer,Chapter 4 Memory Devices,,,Short Answer Questions (QPG),Give details about floppy disk.,N/A,,,,,,Other,Hard,Test Learning Outcome 1,"Skillone,skilltwo","ONLINE WITH COMPUTERS COURSE BOOK 5,MEMORY DEVICES",1
CBSE,Class 5,Computer Science,Online with Computer,Chapter 4 Memory Devices,,,Short Answer Questions (QPG),How many bytes are there in one megabyte?,N/A,,,,,,Other,Hard,Test Learning Outcome 1,"Skillone,skilltwo","ONLINE WITH COMPUTERS COURSE BOOK 5,MEMORY DEVICES",1
CBSE,Class 5,Computer Science,Online with Computer,Chapter 4 Memory Devices,,,Short Answer Questions (QPG),Name two secondary storage devices.,N/A,,,,,,Other,Hard,Test Learning Outcome 1,"Skillone,skilltwo","ONLINE WITH COMPUTERS COURSE BOOK 5,MEMORY DEVICES",1
CBSE,Class 5,Computer Science,Online with Computer,Chapter 4 Memory Devices,,,Short Answer Questions (QPG),What are different types of primary memory?,N/A,,,,,,Other,Hard,Test Learning Outcome 1,"Skillone,skilltwo","ONLINE WITH COMPUTERS COURSE BOOK 5,MEMORY DEVICES",1
CBSE,Class 5,Computer Science,Online with Computer,Chapter 4 Memory Devices,,,Short Answer Questions (QPG),What is a bit?,N/A,,,,,,Other,Hard,Test Learning Outcome 1,"Skillone,skilltwo","ONLINE WITH COMPUTERS COURSE BOOK 5,MEMORY DEVICES",1
CBSE,Class 5,Computer Science,Online with Computer,Chapter 4 Memory Devices,,,Short Answer Questions (QPG),What is a byte?,N/A,,,,,,Other,Hard,Test Learning Outcome 1,"Skillone,skilltwo","ONLINE WITH COMPUTERS COURSE BOOK 5,MEMORY DEVICES",1
CBSE,Class 5,Computer Science,Online with Computer,Chapter 4 Memory Devices,,,Short Answer Questions (QPG),What is a CD ROM drive? What is capacity of a CD?,N/A,,,,,,Other,Hard,Test Learning Outcome 1,"Skillone,skilltwo","ONLINE WITH COMPUTERS COURSE BOOK 5,MEMORY DEVICES",1
CBSE,Class 5,Computer Science,Online with Computer,Chapter 4 Memory Devices,,,Short Answer Questions (QPG),What is a DVD?,N/A,,,,,,Other,Hard,Test Learning Outcome 1,"Skillone,skilltwo","ONLINE WITH COMPUTERS COURSE BOOK 5,MEMORY DEVICES",1
CBSE,Class 5,Computer Science,Online with Computer,Chapter 4 Memory Devices,,,Short Answer Questions (QPG),What is a hard disk?,N/A,,,,,,Other,Hard,Test Learning Outcome 1,"Skillone,skilltwo","ONLINE WITH COMPUTERS COURSE BOOK 5,MEMORY DEVICES",1
CBSE,Class 5,Computer Science,Online with Computer,Chapter 4 Memory Devices,,,Short Answer Questions (QPG),What is disk drive?,N/A,,,,,,Other,Hard,Test Learning Outcome 1,"Skillone,skilltwo","ONLINE WITH COMPUTERS COURSE BOOK 5,MEMORY DEVICES",1
CBSE,Class 5,Computer Science,Online with Computer,Chapter 4 Memory Devices,,,Short Answer Questions (QPG),What is full form of RAM? What is it used for?,N/A,,,,,,Other,Hard,Test Learning Outcome 1,"Skillone,skilltwo","ONLINE WITH COMPUTERS COURSE BOOK 5,MEMORY DEVICES",1
CBSE,Class 5,Computer Science,Online with Computer,Chapter 4 Memory Devices,,,Short Answer Questions (QPG),What is gigabyte?,N/A,,,,,,Other,Hard,Test Learning Outcome 1,"Skillone,skilltwo","ONLINE WITH COMPUTERS COURSE BOOK 5,MEMORY DEVICES",1
CBSE,Class 5,Computer Science,Online with Computer,Chapter 4 Memory Devices,,,Short Answer Questions (QPG),What is primary memory?,N/A,,,,,,Other,Hard,Test Learning Outcome 1,"Skillone,skilltwo","ONLINE WITH COMPUTERS COURSE BOOK 5,MEMORY DEVICES",1
CBSE,Class 5,Computer Science,Online with Computer,Chapter 4 Memory Devices,,,Short Answer Questions (QPG),What is secondary storage?,N/A,,,,,,Other,Hard,Test Learning Outcome 1,"Skillone,skilltwo","ONLINE WITH COMPUTERS COURSE BOOK 5,MEMORY DEVICES",1
CBSE,Class 5,Computer Science,Online with Computer,Chapter 4 Memory Devices,,,Short Answer Questions (QPG),What is the capacity of CD ROM?,N/A,,,,,,Other,Hard,Test Learning Outcome 1,"Skillone,skilltwo","ONLINE WITH COMPUTERS COURSE BOOK 5,MEMORY DEVICES",1
CBSE,Class 5,Computer Science,Online with Computer,Chapter 4 Memory Devices,,,Short Answer Questions (QPG),What is the full form of ROM? What is it used for?,N/A,,,,,,Other,Hard,Test Learning Outcome 1,"Skillone,skilltwo","ONLINE WITH COMPUTERS COURSE BOOK 5,MEMORY DEVICES",1
CBSE,Class 5,Computer Science,Online with Computer,Chapter 4 Memory Devices,,,Short Answer Questions (QPG),Why is memory required in a computer?,N/A,,,,,,Other,Hard,Test Learning Outcome 1,"Skillone,skilltwo","ONLINE WITH COMPUTERS COURSE BOOK 5,MEMORY DEVICES",1
CBSE,Class 5,Computer Science,Online with Computer,Chapter 4 Memory Devices,,, True or False (QPG),1 byte = 2 Nibbles. ___________,N/A,,,,,,Other,Hard,Test Learning Outcome 1,"Skillone,skilltwo","ONLINE WITH COMPUTERS COURSE BOOK 5,MEMORY DEVICES",1
CBSE,Class 5,Computer Science,Online with Computer,Chapter 4 Memory Devices,,, True or False (QPG),"CD ROM can store up to 2,00,000 pages of text. ___________",N/A,,,,,,Other,Hard,Test Learning Outcome 1,"Skillone,skilltwo","ONLINE WITH COMPUTERS COURSE BOOK 5,MEMORY DEVICES",1
CBSE,Class 5,Computer Science,Online with Computer,Chapter 4 Memory Devices,,, True or False (QPG),Computers can understand 2 types of words only. ___________,N/A,,,,,,Other,Hard,Test Learning Outcome 1,"Skillone,skilltwo","ONLINE WITH COMPUTERS COURSE BOOK 5,MEMORY DEVICES",1
CBSE,Class 5,Computer Science,Online with Computer,Chapter 4 Memory Devices,,, True or False (QPG),GB is larger then MB. ___________,N/A,,,,,,Other,Hard,Test Learning Outcome 1,"Skillone,skilltwo","ONLINE WITH COMPUTERS COURSE BOOK 5,MEMORY DEVICES",1
CBSE,Class 5,Computer Science,Online with Computer,Chapter 4 Memory Devices,,, True or False (QPG),ROM is a permanent memory. ___________,N/A,,,,,,Other,Hard,Test Learning Outcome 1,"Skillone,skilltwo","ONLINE WITH COMPUTERS COURSE BOOK 5,MEMORY DEVICES",1
CBSE,Class 5,Computer Science,Online with Computer,Chapter 4 Memory Devices,,, True or False (QPG),Standard floppy size is 6 inches. ___________,N/A,,,,,,Other,Hard,Test Learning Outcome 1,"Skillone,skilltwo","ONLINE WITH COMPUTERS COURSE BOOK 5,MEMORY DEVICES",1
CBSE,Class 5,Computer Science,Online with Computer,Chapter 5 Networks And Multimedia,,,Fill in the blank (QPG),____________________ is a means to transfer and exchange information.,N/A,,,,,,Other,Hard,Test Learning Outcome 1,"Skillone,skilltwo","ONLINE WITH COMPUTERS COURSE BOOK 5,NETWORKS AND MULTIMEDIA",1
CBSE,Class 5,Computer Science,Online with Computer,Chapter 5 Networks And Multimedia,,,Fill in the blank (QPG),Ctrl+P is used to ______________ a song.,N/A,,,,,,Other,Hard,Test Learning Outcome 1,"Skillone,skilltwo","ONLINE WITH COMPUTERS COURSE BOOK 5,NETWORKS AND MULTIMEDIA",1
CBSE,Class 5,Computer Science,Online with Computer,Chapter 5 Networks And Multimedia,,,Fill in the blank (QPG),Transmission of data between computer networks used worldwide is called ____________.,N/A,,,,,,Other,Hard,Test Learning Outcome 1,"Skillone,skilltwo","ONLINE WITH COMPUTERS COURSE BOOK 5,NETWORKS AND MULTIMEDIA",1
CBSE,Class 5,Computer Science,Online with Computer,Chapter 5 Networks And Multimedia,,,Fill in the blank (QPG),Windows Media Player is present in _____________ folder of Accessories.,N/A,,,,,,Other,Hard,Test Learning Outcome 1,"Skillone,skilltwo","ONLINE WITH COMPUTERS COURSE BOOK 5,NETWORKS AND MULTIMEDIA",1
CBSE,Class 5,Computer Science,Online with Computer,Chapter 5 Networks And Multimedia,,,Short Answer Questions (QPG),Explain various control buttons of Windows Media Player.,N/A,,,,,,Other,Hard,Test Learning Outcome 1,"Skillone,skilltwo","ONLINE WITH COMPUTERS COURSE BOOK 5,NETWORKS AND MULTIMEDIA",1
CBSE,Class 5,Computer Science,Online with Computer,Chapter 5 Networks And Multimedia,,,Short Answer Questions (QPG),Explain WAN.,N/A,,,,,,Other,Hard,Test Learning Outcome 1,"Skillone,skilltwo","ONLINE WITH COMPUTERS COURSE BOOK 5,NETWORKS AND MULTIMEDIA",1
CBSE,Class 5,Computer Science,Online with Computer,Chapter 5 Networks And Multimedia,,,Short Answer Questions (QPG),"Give full forms of LAN, WAN, CAI, CAL.",N/A,,,,,,Other,Hard,Test Learning Outcome 1,"Skillone,skilltwo","ONLINE WITH COMPUTERS COURSE BOOK 5,NETWORKS AND MULTIMEDIA",1
CBSE,Class 5,Computer Science,Online with Computer,Chapter 5 Networks And Multimedia,,,Short Answer Questions (QPG),How do you start Windows Media Player?,N/A,,,,,,Other,Hard,Test Learning Outcome 1,"Skillone,skilltwo","ONLINE WITH COMPUTERS COURSE BOOK 5,NETWORKS AND MULTIMEDIA",1
CBSE,Class 5,Computer Science,Online with Computer,Chapter 5 Networks And Multimedia,,,Short Answer Questions (QPG),What are multimedia applications?,N/A,,,,,,Other,Hard,Test Learning Outcome 1,"Skillone,skilltwo","ONLINE WITH COMPUTERS COURSE BOOK 5,NETWORKS AND MULTIMEDIA",1
CBSE,Class 5,Computer Science,Online with Computer,Chapter 5 Networks And Multimedia,,,Short Answer Questions (QPG),What are the elements of LAN?,N/A,,,,,,Other,Hard,Test Learning Outcome 1,"Skillone,skilltwo","ONLINE WITH COMPUTERS COURSE BOOK 5,NETWORKS AND MULTIMEDIA",1
CBSE,Class 5,Computer Science,Online with Computer,Chapter 5 Networks And Multimedia,,,Short Answer Questions (QPG),What is Internet?,N/A,,,,,,Other,Hard,Test Learning Outcome 1,"Skillone,skilltwo","ONLINE WITH COMPUTERS COURSE BOOK 5,NETWORKS AND MULTIMEDIA",1
CBSE,Class 5,Computer Science,Online with Computer,Chapter 5 Networks And Multimedia,,,Short Answer Questions (QPG),What is Intranet?,N/A,,,,,,Other,Hard,Test Learning Outcome 1,"Skillone,skilltwo","ONLINE WITH COMPUTERS COURSE BOOK 5,NETWORKS AND MULTIMEDIA",1
CBSE,Class 5,Computer Science,Online with Computer,Chapter 5 Networks And Multimedia,,,Short Answer Questions (QPG),What is Multimedia?,N/A,,,,,,Other,Hard,Test Learning Outcome 1,"Skillone,skilltwo","ONLINE WITH COMPUTERS COURSE BOOK 5,NETWORKS AND MULTIMEDIA",1
CBSE,Class 5,Computer Science,Online with Computer,Chapter 5 Networks And Multimedia,,,Short Answer Questions (QPG),What is networking?,N/A,,,,,,Other,Hard,Test Learning Outcome 1,"Skillone,skilltwo","ONLINE WITH COMPUTERS COURSE BOOK 5,NETWORKS AND MULTIMEDIA",1
CBSE,Class 5,Computer Science,Online with Computer,Chapter 5 Networks And Multimedia,,,Short Answer Questions (QPG),What is point to point and multipoint video conferencing?,N/A,,,,,,Other,Hard,Test Learning Outcome 1,"Skillone,skilltwo","ONLINE WITH COMPUTERS COURSE BOOK 5,NETWORKS AND MULTIMEDIA",1
CBSE,Class 5,Computer Science,Online with Computer,Chapter 5 Networks And Multimedia,,,Short Answer Questions (QPG),What is the difference between Internet and Intranet?,N/A,,,,,,Other,Hard,Test Learning Outcome 1,"Skillone,skilltwo","ONLINE WITH COMPUTERS COURSE BOOK 5,NETWORKS AND MULTIMEDIA",1
CBSE,Class 5,Computer Science,Online with Computer,Chapter 5 Networks And Multimedia,,,Short Answer Questions (QPG),What is the full form of CAI?,N/A,,,,,,Other,Hard,Test Learning Outcome 1,"Skillone,skilltwo","ONLINE WITH COMPUTERS COURSE BOOK 5,NETWORKS AND MULTIMEDIA",1
CBSE,Class 5,Computer Science,Online with Computer,Chapter 5 Networks And Multimedia,,,Short Answer Questions (QPG),What is the other name of e mail?,N/A,,,,,,Other,Hard,Test Learning Outcome 1,"Skillone,skilltwo","ONLINE WITH COMPUTERS COURSE BOOK 5,NETWORKS AND MULTIMEDIA",1
CBSE,Class 5,Computer Science,Online with Computer,Chapter 5 Networks And Multimedia,,,Short Answer Questions (QPG),What is video conferencing?,N/A,,,,,,Other,Hard,Test Learning Outcome 1,"Skillone,skilltwo","ONLINE WITH COMPUTERS COURSE BOOK 5,NETWORKS AND MULTIMEDIA",1
CBSE,Class 5,Computer Science,Online with Computer,Chapter 5 Networks And Multimedia,,, True or False (QPG),"CAL software provides the opportunity to carry out experiments that may not be
possible because of dangers involved. _______",N/A,,,,,,Other,Hard,Test Learning Outcome 1,"Skillone,skilltwo","ONLINE WITH COMPUTERS COURSE BOOK 5,NETWORKS AND MULTIMEDIA",1
CBSE,Class 5,Computer Science,Online with Computer,Chapter 5 Networks And Multimedia,,, True or False (QPG),"LAN is an efficient way to interconnect the computers in an organisation for data
communication. _______",N/A,,,,,,Other,Hard,Test Learning Outcome 1,"Skillone,skilltwo","ONLINE WITH COMPUTERS COURSE BOOK 5,NETWORKS AND MULTIMEDIA",1
CBSE,Class 5,Computer Science,Online with Computer,Chapter 5 Networks And Multimedia,,, True or False (QPG),A microwave network sends data through radio waves. _______,N/A,,,,,,Other,Hard,Test Learning Outcome 1,"Skillone,skilltwo","ONLINE WITH COMPUTERS COURSE BOOK 5,NETWORKS AND MULTIMEDIA",1
CBSE,Class 5,Computer Science,Online with Computer,Chapter 5 Networks And Multimedia,,, True or False (QPG),To run multimedia applications a small capacity RAM would conveniently work. _______,N/A,,,,,,Other,Hard,Test Learning Outcome 1,"Skillone,skilltwo","ONLINE WITH COMPUTERS COURSE BOOK 5,NETWORKS AND MULTIMEDIA",1
CBSE,Class 6,Computer Science,Online with Computer,Chapter 1 Advance Word Features,,,Fill in the blank (QPG),______________________ buttons merge the contents of selected cells.,N/A,,,,,,Other,Hard,Test Learning Outcome 1,"Skillone,skilltwo","ONLINE WITH COMPUTERS COURSE BOOK 6,Advance Word Features",1
CBSE,Class 6,Computer Science,Online with Computer,Chapter 1 Advance Word Features,,,Fill in the blank (QPG),"Select the shadow in border of a text, from ______________________ area of Borders and
Shadings dialog box.",N/A,,,,,,Other,Hard,Test Learning Outcome 1,"Skillone,skilltwo","ONLINE WITH COMPUTERS COURSE BOOK 6,Advance Word Features",1
CBSE,Class 6,Computer Science,Online with Computer,Chapter 1 Advance Word Features,,,Fill in the blank (QPG),"To have an incomplete border, select from ______________________ of the borders and shadings
dialog box.",N/A,,,,,,Other,Hard,Test Learning Outcome 1,"Skillone,skilltwo","ONLINE WITH COMPUTERS COURSE BOOK 6,Advance Word Features",1
CBSE,Class 6,Computer Science,Online with Computer,Chapter 1 Advance Word Features,,,Fill in the blank (QPG),"To view the paragraph marks in the document, click the ______________________ button on
Standard Toolbar.",N/A,,,,,,Other,Hard,Test Learning Outcome 1,"Skillone,skilltwo","ONLINE WITH COMPUTERS COURSE BOOK 6,Advance Word Features",1
CBSE,Class 6,Computer Science,Online with Computer,Chapter 1 Advance Word Features,,,Fill in the blank (QPG),In Find option the selected text is ______________________ in the document.,N/A,,,,,,Other,Hard,Test Learning Outcome 1,"Skillone,skilltwo","ONLINE WITH COMPUTERS COURSE BOOK 6,Advance Word Features",1
CBSE,Class 6,Computer Science,Online with Computer,Chapter 1 Advance Word Features,,,Fill in the blank (QPG),The ______________________ button rotates the text in a selected cell in 90 degree jumps.,N/A,,,,,,Other,Hard,Test Learning Outcome 1,"Skillone,skilltwo","ONLINE WITH COMPUTERS COURSE BOOK 6,Advance Word Features",1
CBSE,Class 6,Computer Science,Online with Computer,Chapter 1 Advance Word Features,,,Fill in the blank (QPG),The Table Properties dialog box formats the width of column and ____________________ of rows.,N/A,,,,,,Other,Hard,Test Learning Outcome 1,"Skillone,skilltwo","ONLINE WITH COMPUTERS COURSE BOOK 6,Advance Word Features",1
CBSE,Class 6,Computer Science,Online with Computer,Chapter 1 Advance Word Features,,,Fill in the blank (QPG),"To add the border, place the ______________________ point in the paragraph.",N/A,,,,,,Other,Hard,Test Learning Outcome 1,"Skillone,skilltwo","ONLINE WITH COMPUTERS COURSE BOOK 6,Advance Word Features",1
CBSE,Class 6,Computer Science,Online with Computer,Chapter 1 Advance Word Features,,,Fill in the blank (QPG),To move to column’s bottom cell press ______________________ .,N/A,,,,,,Other,Hard,Test Learning Outcome 1,"Skillone,skilltwo","ONLINE WITH COMPUTERS COURSE BOOK 6,Advance Word Features",1
CBSE,Class 6,Computer Science,Online with Computer,Chapter 1 Advance Word Features,,,Fill in the blank (QPG),"To replace any text in Word, you use the ______________________ dialog box.",N/A,,,,,,Other,Hard,Test Learning Outcome 1,"Skillone,skilltwo","ONLINE WITH COMPUTERS COURSE BOOK 6,Advance Word Features",1
CBSE,Class 6,Computer Science,Online with Computer,Chapter 1 Advance Word Features,,,Fill in the blank (QPG),You can protect document from the ______________________ dialog box.,N/A,,,,,,Other,Hard,Test Learning Outcome 1,"Skillone,skilltwo","ONLINE WITH COMPUTERS COURSE BOOK 6,Advance Word Features",1
CBSE,Class 6,Computer Science,Online with Computer,Chapter 1 Advance Word Features,,,Short Answer Questions (QPG),Explain Find and Replace options in Word.,N/A,,,,,,Other,Hard,Test Learning Outcome 1,"Skillone,skilltwo","ONLINE WITH COMPUTERS COURSE BOOK 6,Advance Word Features",1
CBSE,Class 6,Computer Science,Online with Computer,Chapter 1 Advance Word Features,,,Short Answer Questions (QPG),"Explain Find, Replace and Go To.",N/A,,,,,,Other,Hard,Test Learning Outcome 1,"Skillone,skilltwo","ONLINE WITH COMPUTERS COURSE BOOK 6,Advance Word Features",1
CBSE,Class 6,Computer Science,Online with Computer,Chapter 1 Advance Word Features,,,Short Answer Questions (QPG),Explain how to apply borders and shading in detail.,N/A,,,,,,Other,Hard,Test Learning Outcome 1,"Skillone,skilltwo","ONLINE WITH COMPUTERS COURSE BOOK 6,Advance Word Features",1
CBSE,Class 6,Computer Science,Online with Computer,Chapter 1 Advance Word Features,,,Short Answer Questions (QPG),Explain the AutoCorrect feature of Word.,N/A,,,,,,Other,Hard,Test Learning Outcome 1,"Skillone,skilltwo","ONLINE WITH COMPUTERS COURSE BOOK 6,Advance Word Features",1
CBSE,Class 6,Computer Science,Online with Computer,Chapter 1 Advance Word Features,,,Short Answer Questions (QPG),How do you add borders to a table?,N/A,,,,,,Other,Hard,Test Learning Outcome 1,"Skillone,skilltwo","ONLINE WITH COMPUTERS COURSE BOOK 6,Advance Word Features",1
CBSE,Class 6,Computer Science,Online with Computer,Chapter 1 Advance Word Features,,,Short Answer Questions (QPG),How do you change cell height and width in a table?,N/A,,,,,,Other,Hard,Test Learning Outcome 1,"Skillone,skilltwo","ONLINE WITH COMPUTERS COURSE BOOK 6,Advance Word Features",1
CBSE,Class 6,Computer Science,Online with Computer,Chapter 1 Advance Word Features,,,Short Answer Questions (QPG),How do you create a table?,N/A,,,,,,Other,Hard,Test Learning Outcome 1,"Skillone,skilltwo","ONLINE WITH COMPUTERS COURSE BOOK 6,Advance Word Features",1
CBSE,Class 6,Computer Science,Online with Computer,Chapter 1 Advance Word Features,,,Short Answer Questions (QPG),How do you format cells of a table?,N/A,,,,,,Other,Hard,Test Learning Outcome 1,"Skillone,skilltwo","ONLINE WITH COMPUTERS COURSE BOOK 6,Advance Word Features",1
CBSE,Class 6,Computer Science,Online with Computer,Chapter 1 Advance Word Features,,,Short Answer Questions (QPG),How do you format the cells of a table?,N/A,,,,,,Other,Hard,Test Learning Outcome 1,"Skillone,skilltwo","ONLINE WITH COMPUTERS COURSE BOOK 6,Advance Word Features",1
CBSE,Class 6,Computer Science,Online with Computer,Chapter 1 Advance Word Features,,,Short Answer Questions (QPG),How do you move around in a table?,N/A,,,,,,Other,Hard,Test Learning Outcome 1,"Skillone,skilltwo","ONLINE WITH COMPUTERS COURSE BOOK 6,Advance Word Features",1
CBSE,Class 6,Computer Science,Online with Computer,Chapter 1 Advance Word Features,,,Short Answer Questions (QPG),How do you open AutoCorrect dialog box?,N/A,,,,,,Other,Hard,Test Learning Outcome 1,"Skillone,skilltwo","ONLINE WITH COMPUTERS COURSE BOOK 6,Advance Word Features",1
CBSE,Class 6,Computer Science,Online with Computer,Chapter 1 Advance Word Features,,,Short Answer Questions (QPG),How do you open Borders and Shadings dialog box?,N/A,,,,,,Other,Hard,Test Learning Outcome 1,"Skillone,skilltwo","ONLINE WITH COMPUTERS COURSE BOOK 6,Advance Word Features",1
CBSE,Class 6,Computer Science,Online with Computer,Chapter 1 Advance Word Features,,,Short Answer Questions (QPG),How do you protect documents?,N/A,,,,,,Other,Hard,Test Learning Outcome 1,"Skillone,skilltwo","ONLINE WITH COMPUTERS COURSE BOOK 6,Advance Word Features",1
CBSE,Class 6,Computer Science,Online with Computer,Chapter 1 Advance Word Features,,,Short Answer Questions (QPG),How is Tables and Borders toolbar useful to you?,N/A,,,,,,Other,Hard,Test Learning Outcome 1,"Skillone,skilltwo","ONLINE WITH COMPUTERS COURSE BOOK 6,Advance Word Features",1
CBSE,Class 6,Computer Science,Online with Computer,Chapter 1 Advance Word Features,,,Short Answer Questions (QPG),"How will you change width of a column from 6"" to 4.5""?",N/A,,,,,,Other,Hard,Test Learning Outcome 1,"Skillone,skilltwo","ONLINE WITH COMPUTERS COURSE BOOK 6,Advance Word Features",1
CBSE,Class 6,Computer Science,Online with Computer,Chapter 1 Advance Word Features,,,Short Answer Questions (QPG),How will you place a border around a page?,N/A,,,,,,Other,Hard,Test Learning Outcome 1,"Skillone,skilltwo","ONLINE WITH COMPUTERS COURSE BOOK 6,Advance Word Features",1
CBSE,Class 6,Computer Science,Online with Computer,Chapter 1 Advance Word Features,,,Short Answer Questions (QPG),How will you select line types from Borders and Shadings dialog box?,N/A,,,,,,Other,Hard,Test Learning Outcome 1,"Skillone,skilltwo","ONLINE WITH COMPUTERS COURSE BOOK 6,Advance Word Features",1
CBSE,Class 6,Computer Science,Online with Computer,Chapter 1 Advance Word Features,,,Short Answer Questions (QPG),In which different ways can the cells be aligned in a table?,N/A,,,,,,Other,Hard,Test Learning Outcome 1,"Skillone,skilltwo","ONLINE WITH COMPUTERS COURSE BOOK 6,Advance Word Features",1
CBSE,Class 6,Computer Science,Online with Computer,Chapter 1 Advance Word Features,,,Short Answer Questions (QPG),"Is it possible to give an incomplete border around text? If yes, how?",N/A,,,,,,Other,Hard,Test Learning Outcome 1,"Skillone,skilltwo","ONLINE WITH COMPUTERS COURSE BOOK 6,Advance Word Features",1
CBSE,Class 6,Computer Science,Online with Computer,Chapter 1 Advance Word Features,,,Short Answer Questions (QPG),Name the features AutoCorrect offers.,N/A,,,,,,Other,Hard,Test Learning Outcome 1,"Skillone,skilltwo","ONLINE WITH COMPUTERS COURSE BOOK 6,Advance Word Features",1
CBSE,Class 6,Computer Science,Online with Computer,Chapter 1 Advance Word Features,,,Short Answer Questions (QPG),Name the toolbar used for tables.,N/A,,,,,,Other,Hard,Test Learning Outcome 1,"Skillone,skilltwo","ONLINE WITH COMPUTERS COURSE BOOK 6,Advance Word Features",1
CBSE,Class 6,Computer Science,Online with Computer,Chapter 1 Advance Word Features,,,Short Answer Questions (QPG),Name the types available for adding a border around the text.,N/A,,,,,,Other,Hard,Test Learning Outcome 1,"Skillone,skilltwo","ONLINE WITH COMPUTERS COURSE BOOK 6,Advance Word Features",1
CBSE,Class 6,Computer Science,Online with Computer,Chapter 1 Advance Word Features,,,Short Answer Questions (QPG),What are tables?,N/A,,,,,,Other,Hard,Test Learning Outcome 1,"Skillone,skilltwo","ONLINE WITH COMPUTERS COURSE BOOK 6,Advance Word Features",1
CBSE,Class 6,Computer Science,Online with Computer,Chapter 1 Advance Word Features,,,Short Answer Questions (QPG),What are the various steps in adding a border of dotted line to a paragraph?,N/A,,,,,,Other,Hard,Test Learning Outcome 1,"Skillone,skilltwo","ONLINE WITH COMPUTERS COURSE BOOK 6,Advance Word Features",1
CBSE,Class 6,Computer Science,Online with Computer,Chapter 1 Advance Word Features,,,Short Answer Questions (QPG),What can a table contain?,N/A,,,,,,Other,Hard,Test Learning Outcome 1,"Skillone,skilltwo","ONLINE WITH COMPUTERS COURSE BOOK 6,Advance Word Features",1
CBSE,Class 6,Computer Science,Online with Computer,Chapter 1 Advance Word Features,,,Short Answer Questions (QPG),What does a cell represent in a table?,N/A,,,,,,Other,Hard,Test Learning Outcome 1,"Skillone,skilltwo","ONLINE WITH COMPUTERS COURSE BOOK 6,Advance Word Features",1
CBSE,Class 6,Computer Science,Online with Computer,Chapter 1 Advance Word Features,,,Short Answer Questions (QPG),Write various steps for shading a paragraph with orange colour.,N/A,,,,,,Other,Hard,Test Learning Outcome 1,"Skillone,skilltwo","ONLINE WITH COMPUTERS COURSE BOOK 6,Advance Word Features",1
CBSE,Class 6,Computer Science,Online with Computer,Chapter 1 Advance Word Features,,, True or False (QPG),"If Find does not find a correct text for you, you can click Next to look for other
occurrences.",N/A,,,,,,Other,Hard,Test Learning Outcome 1,"Skillone,skilltwo","ONLINE WITH COMPUTERS COURSE BOOK 6,Advance Word Features",1
CBSE,Class 6,Computer Science,Online with Computer,Chapter 1 Advance Word Features,,, True or False (QPG),Clicking the column in Table Properties dialog box changes the height of the cell. _________,N/A,,,,,,Other,Hard,Test Learning Outcome 1,"Skillone,skilltwo","ONLINE WITH COMPUTERS COURSE BOOK 6,Advance Word Features",1
CBSE,Class 6,Computer Science,Online with Computer,Chapter 1 Advance Word Features,,, True or False (QPG),"For adding borders, various line styles are also available. _________",N/A,,,,,,Other,Hard,Test Learning Outcome 1,"Skillone,skilltwo","ONLINE WITH COMPUTERS COURSE BOOK 6,Advance Word Features",1
CBSE,Class 6,Computer Science,Online with Computer,Chapter 1 Advance Word Features,,, True or False (QPG),"For placing borders, select Format > Borders and Shadings. _________",N/A,,,,,,Other,Hard,Test Learning Outcome 1,"Skillone,skilltwo","ONLINE WITH COMPUTERS COURSE BOOK 6,Advance Word Features",1
CBSE,Class 6,Computer Science,Online with Computer,Chapter 1 Advance Word Features,,, True or False (QPG),One can’t have a pattern of shading to a paragraph. _________,N/A,,,,,,Other,Hard,Test Learning Outcome 1,"Skillone,skilltwo","ONLINE WITH COMPUTERS COURSE BOOK 6,Advance Word Features",1
CBSE,Class 6,Computer Science,Online with Computer,Chapter 1 Advance Word Features,,, True or False (QPG),Press Tab to move the Table’s cursor to the next cell. _________,N/A,,,,,,Other,Hard,Test Learning Outcome 1,"Skillone,skilltwo","ONLINE WITH COMPUTERS COURSE BOOK 6,Advance Word Features",1
CBSE,Class 6,Computer Science,Online with Computer,Chapter 1 Advance Word Features,,, True or False (QPG),Separate paragraphs can be assigned borders at one time. _________,N/A,,,,,,Other,Hard,Test Learning Outcome 1,"Skillone,skilltwo","ONLINE WITH COMPUTERS COURSE BOOK 6,Advance Word Features",1
CBSE,Class 6,Computer Science,Online with Computer,Chapter 1 Advance Word Features,,, True or False (QPG),The line weight button displays a list of available shading colours for lines. _________,N/A,,,,,,Other,Hard,Test Learning Outcome 1,"Skillone,skilltwo","ONLINE WITH COMPUTERS COURSE BOOK 6,Advance Word Features",1
CBSE,Class 6,Computer Science,Online with Computer,Chapter 1 Advance Word Features,,, True or False (QPG),"To change the current shading colour, click the drop down list of Pattern colour. _________",N/A,,,,,,Other,Hard,Test Learning Outcome 1,"Skillone,skilltwo","ONLINE WITH COMPUTERS COURSE BOOK 6,Advance Word Features",1
CBSE,Class 6,Computer Science,Online with Computer,Chapter 1 Advance Word Features,,, True or False (QPG),"To equal the tallest cells in a row, click the Distribute Rows Evenly button. _________",N/A,,,,,,Other,Hard,Test Learning Outcome 1,"Skillone,skilltwo","ONLINE WITH COMPUTERS COURSE BOOK 6,Advance Word Features",1
CBSE,Class 6,Computer Science,Online with Computer,Chapter 1 Advance Word Features,,, True or False (QPG),You cannot set a password for your document. _________,N/A,,,,,,Other,Hard,Test Learning Outcome 1,"Skillone,skilltwo","ONLINE WITH COMPUTERS COURSE BOOK 6,Advance Word Features",1
CBSE,Class 6,Computer Science,Online with Computer,Chapter 2 Formatting Paragraphs In Word 2003,,,Fill in the blank (QPG),"Ellipses symbol after the command name in menu indicates that a ______________________ will
be presented.",N/A,,,,,,Other,Hard,Test Learning Outcome 1,"Skillone,skilltwo","ONLINE WITH COMPUTERS COURSE BOOK 6,Formatting Paragraphs in Word 2003",1
CBSE,Class 6,Computer Science,Online with Computer,Chapter 2 Formatting Paragraphs In Word 2003,,,Fill in the blank (QPG),In Word standard and formatting toolbars are separated by ______________________ button.,N/A,,,,,,Other,Hard,Test Learning Outcome 1,"Skillone,skilltwo","ONLINE WITH COMPUTERS COURSE BOOK 6,Formatting Paragraphs in Word 2003",1
CBSE,Class 6,Computer Science,Online with Computer,Chapter 2 Formatting Paragraphs In Word 2003,,,Fill in the blank (QPG),Page number and section indicators are displayed in ______________________ bar.,N/A,,,,,,Other,Hard,Test Learning Outcome 1,"Skillone,skilltwo","ONLINE WITH COMPUTERS COURSE BOOK 6,Formatting Paragraphs in Word 2003",1
CBSE,Class 6,Computer Science,Online with Computer,Chapter 2 Formatting Paragraphs In Word 2003,,,Fill in the blank (QPG),Paragraph dialog box helps you to ______________________ and _____________________ text.,N/A,,,,,,Other,Hard,Test Learning Outcome 1,"Skillone,skilltwo","ONLINE WITH COMPUTERS COURSE BOOK 6,Formatting Paragraphs in Word 2003",1
CBSE,Class 6,Computer Science,Online with Computer,Chapter 2 Formatting Paragraphs In Word 2003,,,Fill in the blank (QPG),Selecting Format > Paragraph displays the ______________________ dialog box.,N/A,,,,,,Other,Hard,Test Learning Outcome 1,"Skillone,skilltwo","ONLINE WITH COMPUTERS COURSE BOOK 6,Formatting Paragraphs in Word 2003",1
CBSE,Class 6,Computer Science,Online with Computer,Chapter 2 Formatting Paragraphs In Word 2003,,,Fill in the blank (QPG),Tab dialog box is displayed by selecting ______________________ > Tabs.,N/A,,,,,,Other,Hard,Test Learning Outcome 1,"Skillone,skilltwo","ONLINE WITH COMPUTERS COURSE BOOK 6,Formatting Paragraphs in Word 2003",1
CBSE,Class 6,Computer Science,Online with Computer,Chapter 2 Formatting Paragraphs In Word 2003,,,Fill in the blank (QPG),"To insert a page break, choose ______________________ menu.",N/A,,,,,,Other,Hard,Test Learning Outcome 1,"Skillone,skilltwo","ONLINE WITH COMPUTERS COURSE BOOK 6,Formatting Paragraphs in Word 2003",1
CBSE,Class 6,Computer Science,Online with Computer,Chapter 2 Formatting Paragraphs In Word 2003,,,Fill in the blank (QPG),"To set margins for the document, open ______________________ dialog box.",N/A,,,,,,Other,Hard,Test Learning Outcome 1,"Skillone,skilltwo","ONLINE WITH COMPUTERS COURSE BOOK 6,Formatting Paragraphs in Word 2003",1
CBSE,Class 6,Computer Science,Online with Computer,Chapter 2 Formatting Paragraphs In Word 2003,,,Fill in the blank (QPG),Word Offers Portrait and ______________________ page orientations for a document.,N/A,,,,,,Other,Hard,Test Learning Outcome 1,"Skillone,skilltwo","ONLINE WITH COMPUTERS COURSE BOOK 6,Formatting Paragraphs in Word 2003",1
CBSE,Class 6,Computer Science,Online with Computer,Chapter 2 Formatting Paragraphs In Word 2003,,,Short Answer Questions (QPG),"Name the special indicators in menus. What is the function of check mark and dimmed command
symbols in menus.",N/A,,,,,,Other,Hard,Test Learning Outcome 1,"Skillone,skilltwo","ONLINE WITH COMPUTERS COURSE BOOK 6,Formatting Paragraphs in Word 2003",1
CBSE,Class 6,Computer Science,Online with Computer,Chapter 2 Formatting Paragraphs In Word 2003,,,Short Answer Questions (QPG),Explain formatting of paragraphs in detail.,N/A,,,,,,Other,Hard,Test Learning Outcome 1,"Skillone,skilltwo","ONLINE WITH COMPUTERS COURSE BOOK 6,Formatting Paragraphs in Word 2003",1
CBSE,Class 6,Computer Science,Online with Computer,Chapter 2 Formatting Paragraphs In Word 2003,,,Short Answer Questions (QPG),Explain indentation.,N/A,,,,,,Other,Hard,Test Learning Outcome 1,"Skillone,skilltwo","ONLINE WITH COMPUTERS COURSE BOOK 6,Formatting Paragraphs in Word 2003",1
CBSE,Class 6,Computer Science,Online with Computer,Chapter 2 Formatting Paragraphs In Word 2003,,,Short Answer Questions (QPG),Explain Menus of word and special indicators in menus.,N/A,,,,,,Other,Hard,Test Learning Outcome 1,"Skillone,skilltwo","ONLINE WITH COMPUTERS COURSE BOOK 6,Formatting Paragraphs in Word 2003",1
CBSE,Class 6,Computer Science,Online with Computer,Chapter 2 Formatting Paragraphs In Word 2003,,,Short Answer Questions (QPG),Explain Page Setup in detail.,N/A,,,,,,Other,Hard,Test Learning Outcome 1,"Skillone,skilltwo","ONLINE WITH COMPUTERS COURSE BOOK 6,Formatting Paragraphs in Word 2003",1
CBSE,Class 6,Computer Science,Online with Computer,Chapter 2 Formatting Paragraphs In Word 2003,,,Short Answer Questions (QPG),How do you change page orientation? How do you set margins of a page?,N/A,,,,,,Other,Hard,Test Learning Outcome 1,"Skillone,skilltwo","ONLINE WITH COMPUTERS COURSE BOOK 6,Formatting Paragraphs in Word 2003",1
CBSE,Class 6,Computer Science,Online with Computer,Chapter 2 Formatting Paragraphs In Word 2003,,,Short Answer Questions (QPG),How do you move and remove a tab? How do you clear tab stops?,N/A,,,,,,Other,Hard,Test Learning Outcome 1,"Skillone,skilltwo","ONLINE WITH COMPUTERS COURSE BOOK 6,Formatting Paragraphs in Word 2003",1
CBSE,Class 6,Computer Science,Online with Computer,Chapter 2 Formatting Paragraphs In Word 2003,,,Short Answer Questions (QPG),How do you vertically align text?,N/A,,,,,,Other,Hard,Test Learning Outcome 1,"Skillone,skilltwo","ONLINE WITH COMPUTERS COURSE BOOK 6,Formatting Paragraphs in Word 2003",1
CBSE,Class 6,Computer Science,Online with Computer,Chapter 2 Formatting Paragraphs In Word 2003,,,Short Answer Questions (QPG),What are tab stops? What is decimal tab stop?,N/A,,,,,,Other,Hard,Test Learning Outcome 1,"Skillone,skilltwo","ONLINE WITH COMPUTERS COURSE BOOK 6,Formatting Paragraphs in Word 2003",1
CBSE,Class 6,Computer Science,Online with Computer,Chapter 2 Formatting Paragraphs In Word 2003,,,Short Answer Questions (QPG),What does bar tab stop do? How do you set new tab stops?,N/A,,,,,,Other,Hard,Test Learning Outcome 1,"Skillone,skilltwo","ONLINE WITH COMPUTERS COURSE BOOK 6,Formatting Paragraphs in Word 2003",1
CBSE,Class 6,Computer Science,Online with Computer,Chapter 2 Formatting Paragraphs In Word 2003,,,Short Answer Questions (QPG),What is a Page Break?,N/A,,,,,,Other,Hard,Test Learning Outcome 1,"Skillone,skilltwo","ONLINE WITH COMPUTERS COURSE BOOK 6,Formatting Paragraphs in Word 2003",1
CBSE,Class 6,Computer Science,Online with Computer,Chapter 2 Formatting Paragraphs In Word 2003,,,Short Answer Questions (QPG),What is first line indent? What is hanging indent?,N/A,,,,,,Other,Hard,Test Learning Outcome 1,"Skillone,skilltwo","ONLINE WITH COMPUTERS COURSE BOOK 6,Formatting Paragraphs in Word 2003",1
CBSE,Class 6,Computer Science,Online with Computer,Chapter 2 Formatting Paragraphs In Word 2003,,,Short Answer Questions (QPG),What is formatting of paragraphs? Name the command used for formatting of paragraphs.,N/A,,,,,,Other,Hard,Test Learning Outcome 1,"Skillone,skilltwo","ONLINE WITH COMPUTERS COURSE BOOK 6,Formatting Paragraphs in Word 2003",1
CBSE,Class 6,Computer Science,Online with Computer,Chapter 2 Formatting Paragraphs In Word 2003,,,Short Answer Questions (QPG),What is indentation? How do you change indentation?,N/A,,,,,,Other,Hard,Test Learning Outcome 1,"Skillone,skilltwo","ONLINE WITH COMPUTERS COURSE BOOK 6,Formatting Paragraphs in Word 2003",1
CBSE,Class 6,Computer Science,Online with Computer,Chapter 2 Formatting Paragraphs In Word 2003,,,Short Answer Questions (QPG),What is justifying of text? What are the four types of alignments?,N/A,,,,,,Other,Hard,Test Learning Outcome 1,"Skillone,skilltwo","ONLINE WITH COMPUTERS COURSE BOOK 6,Formatting Paragraphs in Word 2003",1
CBSE,Class 6,Computer Science,Online with Computer,Chapter 2 Formatting Paragraphs In Word 2003,,,Short Answer Questions (QPG),What is Page Layout?,N/A,,,,,,Other,Hard,Test Learning Outcome 1,"Skillone,skilltwo","ONLINE WITH COMPUTERS COURSE BOOK 6,Formatting Paragraphs in Word 2003",1
CBSE,Class 6,Computer Science,Online with Computer,Chapter 2 Formatting Paragraphs In Word 2003,,,Short Answer Questions (QPG),What is Page Setup used for? How do you set paper size?,N/A,,,,,,Other,Hard,Test Learning Outcome 1,"Skillone,skilltwo","ONLINE WITH COMPUTERS COURSE BOOK 6,Formatting Paragraphs in Word 2003",1
CBSE,Class 6,Computer Science,Online with Computer,Chapter 2 Formatting Paragraphs In Word 2003,,,Short Answer Questions (QPG),What is Word?,N/A,,,,,,Other,Hard,Test Learning Outcome 1,"Skillone,skilltwo","ONLINE WITH COMPUTERS COURSE BOOK 6,Formatting Paragraphs in Word 2003",1
CBSE,Class 6,Computer Science,Online with Computer,Chapter 2 Formatting Paragraphs In Word 2003,,,Short Answer Questions (QPG),Which are the parameters for formatting of paragraphs?,N/A,,,,,,Other,Hard,Test Learning Outcome 1,"Skillone,skilltwo","ONLINE WITH COMPUTERS COURSE BOOK 6,Formatting Paragraphs in Word 2003",1
CBSE,Class 6,Computer Science,Online with Computer,Chapter 2 Formatting Paragraphs In Word 2003,,, True or False (QPG),Decimal tab stops align list of numbers so that their decimal points align with each other. _______,N/A,,,,,,Other,Hard,Test Learning Outcome 1,"Skillone,skilltwo","ONLINE WITH COMPUTERS COURSE BOOK 6,Formatting Paragraphs in Word 2003",1
CBSE,Class 6,Computer Science,Online with Computer,Chapter 2 Formatting Paragraphs In Word 2003,,, True or False (QPG),For Creating sections select the Layout tab of Page Setup dialog box. _______,N/A,,,,,,Other,Hard,Test Learning Outcome 1,"Skillone,skilltwo","ONLINE WITH COMPUTERS COURSE BOOK 6,Formatting Paragraphs in Word 2003",1
CBSE,Class 6,Computer Science,Online with Computer,Chapter 2 Formatting Paragraphs In Word 2003,,, True or False (QPG),Indent is the blank space between lines. _______,N/A,,,,,,Other,Hard,Test Learning Outcome 1,"Skillone,skilltwo","ONLINE WITH COMPUTERS COURSE BOOK 6,Formatting Paragraphs in Word 2003",1
CBSE,Class 6,Computer Science,Online with Computer,Chapter 2 Formatting Paragraphs In Word 2003,,, True or False (QPG),Justify means no type of alignment. _______,N/A,,,,,,Other,Hard,Test Learning Outcome 1,"Skillone,skilltwo","ONLINE WITH COMPUTERS COURSE BOOK 6,Formatting Paragraphs in Word 2003",1
CBSE,Class 6,Computer Science,Online with Computer,Chapter 2 Formatting Paragraphs In Word 2003,,, True or False (QPG),Page Setup dialog box does not offer the alignment of documents. _______,N/A,,,,,,Other,Hard,Test Learning Outcome 1,"Skillone,skilltwo","ONLINE WITH COMPUTERS COURSE BOOK 6,Formatting Paragraphs in Word 2003",1
CBSE,Class 6,Computer Science,Online with Computer,Chapter 2 Formatting Paragraphs In Word 2003,,, True or False (QPG),Symbols of triangles after the command name indicates the availability of sub menu. _______,N/A,,,,,,Other,Hard,Test Learning Outcome 1,"Skillone,skilltwo","ONLINE WITH COMPUTERS COURSE BOOK 6,Formatting Paragraphs in Word 2003",1
CBSE,Class 6,Computer Science,Online with Computer,Chapter 2 Formatting Paragraphs In Word 2003,,, True or False (QPG),Text formatting can be different in sections of a document. _______,N/A,,,,,,Other,Hard,Test Learning Outcome 1,"Skillone,skilltwo","ONLINE WITH COMPUTERS COURSE BOOK 6,Formatting Paragraphs in Word 2003",1
CBSE,Class 6,Computer Science,Online with Computer,Chapter 2 Formatting Paragraphs In Word 2003,,, True or False (QPG),The File menu in Word shall always remain same after every use of computer. _______,N/A,,,,,,Other,Hard,Test Learning Outcome 1,"Skillone,skilltwo","ONLINE WITH COMPUTERS COURSE BOOK 6,Formatting Paragraphs in Word 2003",1
CBSE,Class 6,Computer Science,Online with Computer,Chapter 2 Formatting Paragraphs In Word 2003,,, True or False (QPG),We can drag the formatting toolbar adjacent to the standard toolbar as required. _______,N/A,,,,,,Other,Hard,Test Learning Outcome 1,"Skillone,skilltwo","ONLINE WITH COMPUTERS COURSE BOOK 6,Formatting Paragraphs in Word 2003",1
CBSE,Class 6,Computer Science,Online with Computer,Chapter 2 Formatting Paragraphs In Word 2003,,, True or False (QPG),Word offers only envelop sizes in Page Setup. _______,N/A,,,,,,Other,Hard,Test Learning Outcome 1,"Skillone,skilltwo","ONLINE WITH COMPUTERS COURSE BOOK 6,Formatting Paragraphs in Word 2003",1
CBSE,Class 6,Computer Science,Online with Computer,Chapter 3 Historical Development Of Computers,,,Fill in the blank (QPG),_________________________ was probably the first calculating device.,N/A,,,,,,Other,Hard,Test Learning Outcome 1,"Skillone,skilltwo","ONLINE WITH COMPUTERS COURSE BOOK 6,Historical Development of Computers",1
CBSE,Class 6,Computer Science,Online with Computer,Chapter 3 Historical Development Of Computers,,,Fill in the blank (QPG),"_________________________ machine numbers were entered by dialling a series of numbered
wheels.",N/A,,,,,,Other,Hard,Test Learning Outcome 1,"Skillone,skilltwo","ONLINE WITH COMPUTERS COURSE BOOK 6,Historical Development of Computers",1
CBSE,Class 6,Computer Science,Online with Computer,Chapter 3 Historical Development Of Computers,,,Fill in the blank (QPG),Babbage designed the difference engine in _________________________ .,N/A,,,,,,Other,Hard,Test Learning Outcome 1,"Skillone,skilltwo","ONLINE WITH COMPUTERS COURSE BOOK 6,Historical Development of Computers",1
CBSE,Class 6,Computer Science,Online with Computer,Chapter 3 Historical Development Of Computers,,,Fill in the blank (QPG),ENIAC was the result of very high speed _________________________ .,N/A,,,,,,Other,Hard,Test Learning Outcome 1,"Skillone,skilltwo","ONLINE WITH COMPUTERS COURSE BOOK 6,Historical Development of Computers",1
CBSE,Class 6,Computer Science,Online with Computer,Chapter 3 Historical Development Of Computers,,,Fill in the blank (QPG),Herman Hollerinth’s machine was used in _________________________ .,N/A,,,,,,Other,Hard,Test Learning Outcome 1,"Skillone,skilltwo","ONLINE WITH COMPUTERS COURSE BOOK 6,Historical Development of Computers",1
CBSE,Class 6,Computer Science,Online with Computer,Chapter 3 Historical Development Of Computers,,,Short Answer Questions (QPG),"Compare Harvard Mark I, ENIAC and UNIVAC.",N/A,,,,,,Other,Hard,Test Learning Outcome 1,"Skillone,skilltwo","ONLINE WITH COMPUTERS COURSE BOOK 6,Historical Development of Computers",1
CBSE,Class 6,Computer Science,Online with Computer,Chapter 3 Historical Development Of Computers,,,Short Answer Questions (QPG),Define computer.,N/A,,,,,,Other,Hard,Test Learning Outcome 1,"Skillone,skilltwo","ONLINE WITH COMPUTERS COURSE BOOK 6,Historical Development of Computers",1
CBSE,Class 6,Computer Science,Online with Computer,Chapter 3 Historical Development Of Computers,,,Short Answer Questions (QPG),"Explain the use of Abacus, Babbage’s difference engine, and Napier’s Bones.",N/A,,,,,,Other,Hard,Test Learning Outcome 1,"Skillone,skilltwo","ONLINE WITH COMPUTERS COURSE BOOK 6,Historical Development of Computers",1
CBSE,Class 6,Computer Science,Online with Computer,Chapter 3 Historical Development Of Computers,,,Short Answer Questions (QPG),Give the applications of computers.,N/A,,,,,,Other,Hard,Test Learning Outcome 1,"Skillone,skilltwo","ONLINE WITH COMPUTERS COURSE BOOK 6,Historical Development of Computers",1
CBSE,Class 6,Computer Science,Online with Computer,Chapter 3 Historical Development Of Computers,,,Short Answer Questions (QPG),In which field was Hollerith’s machine used?,N/A,,,,,,Other,Hard,Test Learning Outcome 1,"Skillone,skilltwo","ONLINE WITH COMPUTERS COURSE BOOK 6,Historical Development of Computers",1
CBSE,Class 6,Computer Science,Online with Computer,Chapter 3 Historical Development Of Computers,,,Short Answer Questions (QPG),What are the five main benefits of a computer?,N/A,,,,,,Other,Hard,Test Learning Outcome 1,"Skillone,skilltwo","ONLINE WITH COMPUTERS COURSE BOOK 6,Historical Development of Computers",1
CBSE,Class 6,Computer Science,Online with Computer,Chapter 3 Historical Development Of Computers,,,Short Answer Questions (QPG),What are the limitations of a computer?,N/A,,,,,,Other,Hard,Test Learning Outcome 1,"Skillone,skilltwo","ONLINE WITH COMPUTERS COURSE BOOK 6,Historical Development of Computers",1
CBSE,Class 6,Computer Science,Online with Computer,Chapter 3 Historical Development Of Computers,,,Short Answer Questions (QPG),What does a computer do?,N/A,,,,,,Other,Hard,Test Learning Outcome 1,"Skillone,skilltwo","ONLINE WITH COMPUTERS COURSE BOOK 6,Historical Development of Computers",1
CBSE,Class 6,Computer Science,Online with Computer,Chapter 3 Historical Development Of Computers,,,Short Answer Questions (QPG),What is a computer? What are its applications?,N/A,,,,,,Other,Hard,Test Learning Outcome 1,"Skillone,skilltwo","ONLINE WITH COMPUTERS COURSE BOOK 6,Historical Development of Computers",1
CBSE,Class 6,Computer Science,Online with Computer,Chapter 3 Historical Development Of Computers,,,Short Answer Questions (QPG),What is Abacus?,N/A,,,,,,Other,Hard,Test Learning Outcome 1,"Skillone,skilltwo","ONLINE WITH COMPUTERS COURSE BOOK 6,Historical Development of Computers",1
CBSE,Class 6,Computer Science,Online with Computer,Chapter 3 Historical Development Of Computers,,,Short Answer Questions (QPG),What is ENIAC?,N/A,,,,,,Other,Hard,Test Learning Outcome 1,"Skillone,skilltwo","ONLINE WITH COMPUTERS COURSE BOOK 6,Historical Development of Computers",1
CBSE,Class 6,Computer Science,Online with Computer,Chapter 3 Historical Development Of Computers,,,Short Answer Questions (QPG),What is Jacquard’s loom?,N/A,,,,,,Other,Hard,Test Learning Outcome 1,"Skillone,skilltwo","ONLINE WITH COMPUTERS COURSE BOOK 6,Historical Development of Computers",1
CBSE,Class 6,Computer Science,Online with Computer,Chapter 3 Historical Development Of Computers,,,Short Answer Questions (QPG),What is Leibnitz’s reckoning machine?,N/A,,,,,,Other,Hard,Test Learning Outcome 1,"Skillone,skilltwo","ONLINE WITH COMPUTERS COURSE BOOK 6,Historical Development of Computers",1
CBSE,Class 6,Computer Science,Online with Computer,Chapter 3 Historical Development Of Computers,,,Short Answer Questions (QPG),What is Pascal’s Arithmetic engine?,N/A,,,,,,Other,Hard,Test Learning Outcome 1,"Skillone,skilltwo","ONLINE WITH COMPUTERS COURSE BOOK 6,Historical Development of Computers",1
CBSE,Class 6,Computer Science,Online with Computer,Chapter 3 Historical Development Of Computers,,,Short Answer Questions (QPG),What is UNIVAC?,N/A,,,,,,Other,Hard,Test Learning Outcome 1,"Skillone,skilltwo","ONLINE WITH COMPUTERS COURSE BOOK 6,Historical Development of Computers",1
CBSE,Class 6,Computer Science,Online with Computer,Chapter 3 Historical Development Of Computers,,,Short Answer Questions (QPG),What was Lady Lovelace’s contribution towards computer programming?,N/A,,,,,,Other,Hard,Test Learning Outcome 1,"Skillone,skilltwo","ONLINE WITH COMPUTERS COURSE BOOK 6,Historical Development of Computers",1
CBSE,Class 6,Computer Science,Online with Computer,Chapter 3 Historical Development Of Computers,,,Short Answer Questions (QPG),What was Napier’s Bones made of?,N/A,,,,,,Other,Hard,Test Learning Outcome 1,"Skillone,skilltwo","ONLINE WITH COMPUTERS COURSE BOOK 6,Historical Development of Computers",1
CBSE,Class 6,Computer Science,Online with Computer,Chapter 3 Historical Development Of Computers,,, True or False (QPG),A card reader provides the interface between the card and the computer. ________,N/A,,,,,,Other,Hard,Test Learning Outcome 1,"Skillone,skilltwo","ONLINE WITH COMPUTERS COURSE BOOK 6,Historical Development of Computers",1
CBSE,Class 6,Computer Science,Online with Computer,Chapter 3 Historical Development Of Computers,,, True or False (QPG),ABACUS was the first electronic machine. ________,N/A,,,,,,Other,Hard,Test Learning Outcome 1,"Skillone,skilltwo","ONLINE WITH COMPUTERS COURSE BOOK 6,Historical Development of Computers",1
CBSE,Class 6,Computer Science,Online with Computer,Chapter 3 Historical Development Of Computers,,, True or False (QPG),Charles Babbage’s machine could do any calculations and could not take decisions. ________,N/A,,,,,,Other,Hard,Test Learning Outcome 1,"Skillone,skilltwo","ONLINE WITH COMPUTERS COURSE BOOK 6,Historical Development of Computers",1
CBSE,Class 6,Computer Science,Online with Computer,Chapter 3 Historical Development Of Computers,,, True or False (QPG),ENIAC was the first digital computer. ________,N/A,,,,,,Other,Hard,Test Learning Outcome 1,"Skillone,skilltwo","ONLINE WITH COMPUTERS COURSE BOOK 6,Historical Development of Computers",1
CBSE,Class 6,Computer Science,Online with Computer,Chapter 3 Historical Development Of Computers,,, True or False (QPG),Leibnitz’s calculator could not multiply numbers. ________,N/A,,,,,,Other,Hard,Test Learning Outcome 1,"Skillone,skilltwo","ONLINE WITH COMPUTERS COURSE BOOK 6,Historical Development of Computers",1
CBSE,Class 6,Computer Science,Online with Computer,Chapter 3 Historical Development Of Computers,,, True or False (QPG),The CPU of Babbage’s analytical engine was called “the mill”. ________,N/A,,,,,,Other,Hard,Test Learning Outcome 1,"Skillone,skilltwo","ONLINE WITH COMPUTERS COURSE BOOK 6,Historical Development of Computers",1
CBSE,Class 6,Computer Science,Online with Computer,Chapter 3 Historical Development Of Computers,,, True or False (QPG),There were 3 sides to each rod in Napier’s Bones. ________,N/A,,,,,,Other,Hard,Test Learning Outcome 1,"Skillone,skilltwo","ONLINE WITH COMPUTERS COURSE BOOK 6,Historical Development of Computers",1
CBSE,Class 6,Computer Science,Online with Computer,Chapter 3 Historical Development Of Computers,,, True or False (QPG),UNIVAC stands for Universal Algorithm Computer. ________,N/A,,,,,,Other,Hard,Test Learning Outcome 1,"Skillone,skilltwo","ONLINE WITH COMPUTERS COURSE BOOK 6,Historical Development of Computers",1
CBSE,Class 6,Computer Science,Online with Computer,Chapter 4 Introduction To Internet,,,Fill in the blank (QPG),"In ‘Connect to’ dialog box, phone number to be typed is the no. of ________________________ .",N/A,,,,,,Other,Hard,Test Learning Outcome 1,"Skillone,skilltwo","ONLINE WITH COMPUTERS COURSE BOOK 6,Introduction to Internet",1
CBSE,Class 6,Computer Science,Online with Computer,Chapter 4 Introduction To Internet,,,Fill in the blank (QPG),Interface to see a web page is called _________________________ .,N/A,,,,,,Other,Hard,Test Learning Outcome 1,"Skillone,skilltwo","ONLINE WITH COMPUTERS COURSE BOOK 6,Introduction to Internet",1
CBSE,Class 6,Computer Science,Online with Computer,Chapter 4 Introduction To Internet,,,Fill in the blank (QPG),Internet is also described as _________________________ .,N/A,,,,,,Other,Hard,Test Learning Outcome 1,"Skillone,skilltwo","ONLINE WITH COMPUTERS COURSE BOOK 6,Introduction to Internet",1
CBSE,Class 6,Computer Science,Online with Computer,Chapter 4 Introduction To Internet,,,Fill in the blank (QPG),"Opening the Web site, _________________________ page gets opened first.",N/A,,,,,,Other,Hard,Test Learning Outcome 1,"Skillone,skilltwo","ONLINE WITH COMPUTERS COURSE BOOK 6,Introduction to Internet",1
CBSE,Class 6,Computer Science,Online with Computer,Chapter 4 Introduction To Internet,,,Fill in the blank (QPG),"To open the Internet Explorer, click on its icon in the _________________________ toolbar.",N/A,,,,,,Other,Hard,Test Learning Outcome 1,"Skillone,skilltwo","ONLINE WITH COMPUTERS COURSE BOOK 6,Introduction to Internet",1
CBSE,Class 6,Computer Science,Online with Computer,Chapter 4 Introduction To Internet,,,Fill in the blank (QPG),"To see the previous viewed web sites, click ____________________ button in Standard toolbar.",N/A,,,,,,Other,Hard,Test Learning Outcome 1,"Skillone,skilltwo","ONLINE WITH COMPUTERS COURSE BOOK 6,Introduction to Internet",1
CBSE,Class 6,Computer Science,Online with Computer,Chapter 4 Introduction To Internet,,,Short Answer Questions (QPG),Define protocol.,N/A,,,,,,Other,Hard,Test Learning Outcome 1,"Skillone,skilltwo","ONLINE WITH COMPUTERS COURSE BOOK 6,Introduction to Internet",1
CBSE,Class 6,Computer Science,Online with Computer,Chapter 4 Introduction To Internet,,,Short Answer Questions (QPG),Explain Internet Explorer in detail.,N/A,,,,,,Other,Hard,Test Learning Outcome 1,"Skillone,skilltwo","ONLINE WITH COMPUTERS COURSE BOOK 6,Introduction to Internet",1
CBSE,Class 6,Computer Science,Online with Computer,Chapter 4 Introduction To Internet,,,Short Answer Questions (QPG),Explain Internet in detail.,N/A,,,,,,Other,Hard,Test Learning Outcome 1,"Skillone,skilltwo","ONLINE WITH COMPUTERS COURSE BOOK 6,Introduction to Internet",1
CBSE,Class 6,Computer Science,Online with Computer,Chapter 4 Introduction To Internet,,,Short Answer Questions (QPG),Explain LAN and WAN in detail.,N/A,,,,,,Other,Hard,Test Learning Outcome 1,"Skillone,skilltwo","ONLINE WITH COMPUTERS COURSE BOOK 6,Introduction to Internet",1
CBSE,Class 6,Computer Science,Online with Computer,Chapter 4 Introduction To Internet,,,Short Answer Questions (QPG),Explain the use of Internet Explorer.,N/A,,,,,,Other,Hard,Test Learning Outcome 1,"Skillone,skilltwo","ONLINE WITH COMPUTERS COURSE BOOK 6,Introduction to Internet",1
CBSE,Class 6,Computer Science,Online with Computer,Chapter 4 Introduction To Internet,,,Short Answer Questions (QPG),Explain web site and Home Page.,N/A,,,,,,Other,Hard,Test Learning Outcome 1,"Skillone,skilltwo","ONLINE WITH COMPUTERS COURSE BOOK 6,Introduction to Internet",1
CBSE,Class 6,Computer Science,Online with Computer,Chapter 4 Introduction To Internet,,,Short Answer Questions (QPG),How will you connect to Internet?,N/A,,,,,,Other,Hard,Test Learning Outcome 1,"Skillone,skilltwo","ONLINE WITH COMPUTERS COURSE BOOK 6,Introduction to Internet",1
CBSE,Class 6,Computer Science,Online with Computer,Chapter 4 Introduction To Internet,,,Short Answer Questions (QPG),Name the different components of Internet Explorer.,N/A,,,,,,Other,Hard,Test Learning Outcome 1,"Skillone,skilltwo","ONLINE WITH COMPUTERS COURSE BOOK 6,Introduction to Internet",1
CBSE,Class 6,Computer Science,Online with Computer,Chapter 4 Introduction To Internet,,,Short Answer Questions (QPG),What are hypermedia documents?,N/A,,,,,,Other,Hard,Test Learning Outcome 1,"Skillone,skilltwo","ONLINE WITH COMPUTERS COURSE BOOK 6,Introduction to Internet",1
CBSE,Class 6,Computer Science,Online with Computer,Chapter 4 Introduction To Internet,,,Short Answer Questions (QPG),What is a browser and WWW server?,N/A,,,,,,Other,Hard,Test Learning Outcome 1,"Skillone,skilltwo","ONLINE WITH COMPUTERS COURSE BOOK 6,Introduction to Internet",1
CBSE,Class 6,Computer Science,Online with Computer,Chapter 4 Introduction To Internet,,,Short Answer Questions (QPG),What is a hyperlink and hypertext?,N/A,,,,,,Other,Hard,Test Learning Outcome 1,"Skillone,skilltwo","ONLINE WITH COMPUTERS COURSE BOOK 6,Introduction to Internet",1
CBSE,Class 6,Computer Science,Online with Computer,Chapter 4 Introduction To Internet,,,Short Answer Questions (QPG),What is a world wide web?,N/A,,,,,,Other,Hard,Test Learning Outcome 1,"Skillone,skilltwo","ONLINE WITH COMPUTERS COURSE BOOK 6,Introduction to Internet",1
CBSE,Class 6,Computer Science,Online with Computer,Chapter 4 Introduction To Internet,,,Short Answer Questions (QPG),What is Address bar?,N/A,,,,,,Other,Hard,Test Learning Outcome 1,"Skillone,skilltwo","ONLINE WITH COMPUTERS COURSE BOOK 6,Introduction to Internet",1
CBSE,Class 6,Computer Science,Online with Computer,Chapter 4 Introduction To Internet,,,Short Answer Questions (QPG),What is an ISP?,N/A,,,,,,Other,Hard,Test Learning Outcome 1,"Skillone,skilltwo","ONLINE WITH COMPUTERS COURSE BOOK 6,Introduction to Internet",1
CBSE,Class 6,Computer Science,Online with Computer,Chapter 4 Introduction To Internet,,,Short Answer Questions (QPG),What is Internet?,N/A,,,,,,Other,Hard,Test Learning Outcome 1,"Skillone,skilltwo","ONLINE WITH COMPUTERS COURSE BOOK 6,Introduction to Internet",1
CBSE,Class 6,Computer Science,Online with Computer,Chapter 4 Introduction To Internet,,,Short Answer Questions (QPG),"What is the full form of LAN, WAN and WWW?",N/A,,,,,,Other,Hard,Test Learning Outcome 1,"Skillone,skilltwo","ONLINE WITH COMPUTERS COURSE BOOK 6,Introduction to Internet",1
CBSE,Class 6,Computer Science,Online with Computer,Chapter 4 Introduction To Internet,,, True or False (QPG),LAN’s are confined to small geographic areas. _________,N/A,,,,,,Other,Hard,Test Learning Outcome 1,"Skillone,skilltwo","ONLINE WITH COMPUTERS COURSE BOOK 6,Introduction to Internet",1
CBSE,Class 6,Computer Science,Online with Computer,Chapter 4 Introduction To Internet,,, True or False (QPG),Protocol is a set of commands for the Internet. _________,N/A,,,,,,Other,Hard,Test Learning Outcome 1,"Skillone,skilltwo","ONLINE WITH COMPUTERS COURSE BOOK 6,Introduction to Internet",1
CBSE,Class 6,Computer Science,Online with Computer,Chapter 4 Introduction To Internet,,, True or False (QPG),There are no spaces between a web site and web page address. _________,N/A,,,,,,Other,Hard,Test Learning Outcome 1,"Skillone,skilltwo","ONLINE WITH COMPUTERS COURSE BOOK 6,Introduction to Internet",1
CBSE,Class 6,Computer Science,Online with Computer,Chapter 4 Introduction To Internet,,, True or False (QPG),WAN’s cover the whole of the world. _________,N/A,,,,,,Other,Hard,Test Learning Outcome 1,"Skillone,skilltwo","ONLINE WITH COMPUTERS COURSE BOOK 6,Introduction to Internet",1
CBSE,Class 6,Computer Science,Online with Computer,Chapter 4 Introduction To Internet,,, True or False (QPG),Windows help system is a type of Hypertext document. _________,N/A,,,,,,Other,Hard,Test Learning Outcome 1,"Skillone,skilltwo","ONLINE WITH COMPUTERS COURSE BOOK 6,Introduction to Internet",1
CBSE,Class 6,Computer Science,Online with Computer,Chapter 5 Introduction To Ms Excel 2003,,,Fill in the blank (QPG),______________________ contains the cell address of the active cell.,N/A,,,,,,Other,Hard,Test Learning Outcome 1,"Skillone,skilltwo","ONLINE WITH COMPUTERS COURSE BOOK 6,Introduction to MS Excel 2003",1
CBSE,Class 6,Computer Science,Online with Computer,Chapter 5 Introduction To Ms Excel 2003,,,Fill in the blank (QPG),______________________ worksheets are automatically generated on starting Excel.,N/A,,,,,,Other,Hard,Test Learning Outcome 1,"Skillone,skilltwo","ONLINE WITH COMPUTERS COURSE BOOK 6,Introduction to MS Excel 2003",1
CBSE,Class 6,Computer Science,Online with Computer,Chapter 5 Introduction To Ms Excel 2003,,,Fill in the blank (QPG),"The ______________________ bar displays Microsoft Excel and the name of the current active
excel workbook.",N/A,,,,,,Other,Hard,Test Learning Outcome 1,"Skillone,skilltwo","ONLINE WITH COMPUTERS COURSE BOOK 6,Introduction to MS Excel 2003",1
CBSE,Class 6,Computer Science,Online with Computer,Chapter 5 Introduction To Ms Excel 2003,,,Fill in the blank (QPG),A cell can contain up to ______________________ characters.,N/A,,,,,,Other,Hard,Test Learning Outcome 1,"Skillone,skilltwo","ONLINE WITH COMPUTERS COURSE BOOK 6,Introduction to MS Excel 2003",1
CBSE,Class 6,Computer Science,Online with Computer,Chapter 5 Introduction To Ms Excel 2003,,,Fill in the blank (QPG),An electronic spreadsheet is the ______________________ of the paper spreadsheet.,N/A,,,,,,Other,Hard,Test Learning Outcome 1,"Skillone,skilltwo","ONLINE WITH COMPUTERS COURSE BOOK 6,Introduction to MS Excel 2003",1
CBSE,Class 6,Computer Science,Online with Computer,Chapter 5 Introduction To Ms Excel 2003,,,Fill in the blank (QPG),Choosing ______________________ from the File menu opens the new workbook.,N/A,,,,,,Other,Hard,Test Learning Outcome 1,"Skillone,skilltwo","ONLINE WITH COMPUTERS COURSE BOOK 6,Introduction to MS Excel 2003",1
CBSE,Class 6,Computer Science,Online with Computer,Chapter 5 Introduction To Ms Excel 2003,,,Fill in the blank (QPG),The ______________________ is the smallest unit in worksheet.,N/A,,,,,,Other,Hard,Test Learning Outcome 1,"Skillone,skilltwo","ONLINE WITH COMPUTERS COURSE BOOK 6,Introduction to MS Excel 2003",1
CBSE,Class 6,Computer Science,Online with Computer,Chapter 5 Introduction To Ms Excel 2003,,,Fill in the blank (QPG),There are ______________________ rows of cells in a worksheet.,N/A,,,,,,Other,Hard,Test Learning Outcome 1,"Skillone,skilltwo","ONLINE WITH COMPUTERS COURSE BOOK 6,Introduction to MS Excel 2003",1
CBSE,Class 6,Computer Science,Online with Computer,Chapter 5 Introduction To Ms Excel 2003,,,Short Answer Questions (QPG),"How many rows and columns are there in a worksheet? What is the total number of cells in a
worksheet?",N/A,,,,,,Other,Hard,Test Learning Outcome 1,"Skillone,skilltwo","ONLINE WITH COMPUTERS COURSE BOOK 6,Introduction to MS Excel 2003",1
CBSE,Class 6,Computer Science,Online with Computer,Chapter 5 Introduction To Ms Excel 2003,,,Short Answer Questions (QPG),Explain about Excel. Also write about workbooks and worksheets.,N/A,,,,,,Other,Hard,Test Learning Outcome 1,"Skillone,skilltwo","ONLINE WITH COMPUTERS COURSE BOOK 6,Introduction to MS Excel 2003",1
CBSE,Class 6,Computer Science,Online with Computer,Chapter 5 Introduction To Ms Excel 2003,,,Short Answer Questions (QPG),How do you create new workbooks? Enumerate the different types of data?,N/A,,,,,,Other,Hard,Test Learning Outcome 1,"Skillone,skilltwo","ONLINE WITH COMPUTERS COURSE BOOK 6,Introduction to MS Excel 2003",1
CBSE,Class 6,Computer Science,Online with Computer,Chapter 5 Introduction To Ms Excel 2003,,,Short Answer Questions (QPG),How do you enter data into cells? What is the use of apostrophe (’)?,N/A,,,,,,Other,Hard,Test Learning Outcome 1,"Skillone,skilltwo","ONLINE WITH COMPUTERS COURSE BOOK 6,Introduction to MS Excel 2003",1
CBSE,Class 6,Computer Science,Online with Computer,Chapter 5 Introduction To Ms Excel 2003,,,Short Answer Questions (QPG),How do you enter date and time?,N/A,,,,,,Other,Hard,Test Learning Outcome 1,"Skillone,skilltwo","ONLINE WITH COMPUTERS COURSE BOOK 6,Introduction to MS Excel 2003",1
CBSE,Class 6,Computer Science,Online with Computer,Chapter 5 Introduction To Ms Excel 2003,,,Short Answer Questions (QPG),How do you exit Excel?,N/A,,,,,,Other,Hard,Test Learning Outcome 1,"Skillone,skilltwo","ONLINE WITH COMPUTERS COURSE BOOK 6,Introduction to MS Excel 2003",1
CBSE,Class 6,Computer Science,Online with Computer,Chapter 5 Introduction To Ms Excel 2003,,,Short Answer Questions (QPG),How do you save a new worksheet?,N/A,,,,,,Other,Hard,Test Learning Outcome 1,"Skillone,skilltwo","ONLINE WITH COMPUTERS COURSE BOOK 6,Introduction to MS Excel 2003",1
CBSE,Class 6,Computer Science,Online with Computer,Chapter 5 Introduction To Ms Excel 2003,,,Short Answer Questions (QPG),How do you save a workbook? How do you close a workbook?,N/A,,,,,,Other,Hard,Test Learning Outcome 1,"Skillone,skilltwo","ONLINE WITH COMPUTERS COURSE BOOK 6,Introduction to MS Excel 2003",1
CBSE,Class 6,Computer Science,Online with Computer,Chapter 5 Introduction To Ms Excel 2003,,,Short Answer Questions (QPG),How do you start Excel? How do you start a new worksheet?,N/A,,,,,,Other,Hard,Test Learning Outcome 1,"Skillone,skilltwo","ONLINE WITH COMPUTERS COURSE BOOK 6,Introduction to MS Excel 2003",1
CBSE,Class 6,Computer Science,Online with Computer,Chapter 5 Introduction To Ms Excel 2003,,,Short Answer Questions (QPG),How many worksheets are generated on starting Excel? What are their names?,N/A,,,,,,Other,Hard,Test Learning Outcome 1,"Skillone,skilltwo","ONLINE WITH COMPUTERS COURSE BOOK 6,Introduction to MS Excel 2003",1
CBSE,Class 6,Computer Science,Online with Computer,Chapter 5 Introduction To Ms Excel 2003,,,Short Answer Questions (QPG),How would Excel interpret 3 5?,N/A,,,,,,Other,Hard,Test Learning Outcome 1,"Skillone,skilltwo","ONLINE WITH COMPUTERS COURSE BOOK 6,Introduction to MS Excel 2003",1
CBSE,Class 6,Computer Science,Online with Computer,Chapter 5 Introduction To Ms Excel 2003,,,Short Answer Questions (QPG),List features of Number data type.,N/A,,,,,,Other,Hard,Test Learning Outcome 1,"Skillone,skilltwo","ONLINE WITH COMPUTERS COURSE BOOK 6,Introduction to MS Excel 2003",1
CBSE,Class 6,Computer Science,Online with Computer,Chapter 5 Introduction To Ms Excel 2003,,,Short Answer Questions (QPG),List features of Text data type.,N/A,,,,,,Other,Hard,Test Learning Outcome 1,"Skillone,skilltwo","ONLINE WITH COMPUTERS COURSE BOOK 6,Introduction to MS Excel 2003",1
CBSE,Class 6,Computer Science,Online with Computer,Chapter 5 Introduction To Ms Excel 2003,,,Short Answer Questions (QPG),What are the different components of an excel worksheet?,N/A,,,,,,Other,Hard,Test Learning Outcome 1,"Skillone,skilltwo","ONLINE WITH COMPUTERS COURSE BOOK 6,Introduction to MS Excel 2003",1
CBSE,Class 6,Computer Science,Online with Computer,Chapter 5 Introduction To Ms Excel 2003,,,Short Answer Questions (QPG),What are the different kinds of Data in Excel? How do you enter data in Excel?,N/A,,,,,,Other,Hard,Test Learning Outcome 1,"Skillone,skilltwo","ONLINE WITH COMPUTERS COURSE BOOK 6,Introduction to MS Excel 2003",1
CBSE,Class 6,Computer Science,Online with Computer,Chapter 5 Introduction To Ms Excel 2003,,,Short Answer Questions (QPG),What can a number include? How can you enter numbers as text?,N/A,,,,,,Other,Hard,Test Learning Outcome 1,"Skillone,skilltwo","ONLINE WITH COMPUTERS COURSE BOOK 6,Introduction to MS Excel 2003",1
CBSE,Class 6,Computer Science,Online with Computer,Chapter 5 Introduction To Ms Excel 2003,,,Short Answer Questions (QPG),What is a cell? What is cell address?,N/A,,,,,,Other,Hard,Test Learning Outcome 1,"Skillone,skilltwo","ONLINE WITH COMPUTERS COURSE BOOK 6,Introduction to MS Excel 2003",1
CBSE,Class 6,Computer Science,Online with Computer,Chapter 5 Introduction To Ms Excel 2003,,,Short Answer Questions (QPG),What is a spreadsheet? What is an electronic spreadsheet?,N/A,,,,,,Other,Hard,Test Learning Outcome 1,"Skillone,skilltwo","ONLINE WITH COMPUTERS COURSE BOOK 6,Introduction to MS Excel 2003",1
CBSE,Class 6,Computer Science,Online with Computer,Chapter 5 Introduction To Ms Excel 2003,,,Short Answer Questions (QPG),What is a workbook? What is a worksheet?,N/A,,,,,,Other,Hard,Test Learning Outcome 1,"Skillone,skilltwo","ONLINE WITH COMPUTERS COURSE BOOK 6,Introduction to MS Excel 2003",1
CBSE,Class 6,Computer Science,Online with Computer,Chapter 5 Introduction To Ms Excel 2003,,,Short Answer Questions (QPG),What is an active cell? Which cell is active on starting Excel?,N/A,,,,,,Other,Hard,Test Learning Outcome 1,"Skillone,skilltwo","ONLINE WITH COMPUTERS COURSE BOOK 6,Introduction to MS Excel 2003",1
CBSE,Class 6,Computer Science,Online with Computer,Chapter 5 Introduction To Ms Excel 2003,,,Short Answer Questions (QPG),What is formula bar used for?,N/A,,,,,,Other,Hard,Test Learning Outcome 1,"Skillone,skilltwo","ONLINE WITH COMPUTERS COURSE BOOK 6,Introduction to MS Excel 2003",1
CBSE,Class 6,Computer Science,Online with Computer,Chapter 5 Introduction To Ms Excel 2003,,,Short Answer Questions (QPG),What is name box?,N/A,,,,,,Other,Hard,Test Learning Outcome 1,"Skillone,skilltwo","ONLINE WITH COMPUTERS COURSE BOOK 6,Introduction to MS Excel 2003",1
CBSE,Class 6,Computer Science,Online with Computer,Chapter 5 Introduction To Ms Excel 2003,,,Short Answer Questions (QPG),What is the difference between closing a workbook and exiting excel?,N/A,,,,,,Other,Hard,Test Learning Outcome 1,"Skillone,skilltwo","ONLINE WITH COMPUTERS COURSE BOOK 6,Introduction to MS Excel 2003",1
CBSE,Class 6,Computer Science,Online with Computer,Chapter 5 Introduction To Ms Excel 2003,,,Short Answer Questions (QPG),What is the difference between spreadsheet and electronic spreadsheet?,N/A,,,,,,Other,Hard,Test Learning Outcome 1,"Skillone,skilltwo","ONLINE WITH COMPUTERS COURSE BOOK 6,Introduction to MS Excel 2003",1
CBSE,Class 6,Computer Science,Online with Computer,Chapter 5 Introduction To Ms Excel 2003,,,Short Answer Questions (QPG),What is the difference between workbook and worksheet?,N/A,,,,,,Other,Hard,Test Learning Outcome 1,"Skillone,skilltwo","ONLINE WITH COMPUTERS COURSE BOOK 6,Introduction to MS Excel 2003",1
CBSE,Class 6,Computer Science,Online with Computer,Chapter 5 Introduction To Ms Excel 2003,,,Short Answer Questions (QPG),What is the name of automatically generated workbook?,N/A,,,,,,Other,Hard,Test Learning Outcome 1,"Skillone,skilltwo","ONLINE WITH COMPUTERS COURSE BOOK 6,Introduction to MS Excel 2003",1
CBSE,Class 6,Computer Science,Online with Computer,Chapter 5 Introduction To Ms Excel 2003,,,Short Answer Questions (QPG),What type of data is date and time?,N/A,,,,,,Other,Hard,Test Learning Outcome 1,"Skillone,skilltwo","ONLINE WITH COMPUTERS COURSE BOOK 6,Introduction to MS Excel 2003",1
CBSE,Class 6,Computer Science,Online with Computer,Chapter 5 Introduction To Ms Excel 2003,,, True or False (QPG),A number entered in a cell can include digits 0 9 and no special characters. _________,N/A,,,,,,Other,Hard,Test Learning Outcome 1,"Skillone,skilltwo","ONLINE WITH COMPUTERS COURSE BOOK 6,Introduction to MS Excel 2003",1
CBSE,Class 6,Computer Science,Online with Computer,Chapter 5 Introduction To Ms Excel 2003,,, True or False (QPG),A spreadsheet is a sheet of paper with lines on it. _________,N/A,,,,,,Other,Hard,Test Learning Outcome 1,"Skillone,skilltwo","ONLINE WITH COMPUTERS COURSE BOOK 6,Introduction to MS Excel 2003",1
CBSE,Class 6,Computer Science,Online with Computer,Chapter 5 Introduction To Ms Excel 2003,,, True or False (QPG),A workbook is a collection of one or more worksheets. _________,N/A,,,,,,Other,Hard,Test Learning Outcome 1,"Skillone,skilltwo","ONLINE WITH COMPUTERS COURSE BOOK 6,Introduction to MS Excel 2003",1
CBSE,Class 6,Computer Science,Online with Computer,Chapter 5 Introduction To Ms Excel 2003,,, True or False (QPG),An Excel document is a worksheet. _________,N/A,,,,,,Other,Hard,Test Learning Outcome 1,"Skillone,skilltwo","ONLINE WITH COMPUTERS COURSE BOOK 6,Introduction to MS Excel 2003",1
CBSE,Class 6,Computer Science,Online with Computer,Chapter 5 Introduction To Ms Excel 2003,,, True or False (QPG),Data is entered in rows only. _________,N/A,,,,,,Other,Hard,Test Learning Outcome 1,"Skillone,skilltwo","ONLINE WITH COMPUTERS COURSE BOOK 6,Introduction to MS Excel 2003",1
CBSE,Class 6,Computer Science,Online with Computer,Chapter 5 Introduction To Ms Excel 2003,,, True or False (QPG),"Date and time are text, but with special formatting. _________",N/A,,,,,,Other,Hard,Test Learning Outcome 1,"Skillone,skilltwo","ONLINE WITH COMPUTERS COURSE BOOK 6,Introduction to MS Excel 2003",1
CBSE,Class 6,Computer Science,Online with Computer,Chapter 5 Introduction To Ms Excel 2003,,, True or False (QPG),MS Excel is windows based application. _________,N/A,,,,,,Other,Hard,Test Learning Outcome 1,"Skillone,skilltwo","ONLINE WITH COMPUTERS COURSE BOOK 6,Introduction to MS Excel 2003",1
CBSE,Class 6,Computer Science,Online with Computer,Chapter 5 Introduction To Ms Excel 2003,,, True or False (QPG),Rows run down your screen and columns run across. _________,N/A,,,,,,Other,Hard,Test Learning Outcome 1,"Skillone,skilltwo","ONLINE WITH COMPUTERS COURSE BOOK 6,Introduction to MS Excel 2003",1
CBSE,Class 6,Computer Science,Online with Computer,Chapter 5 Introduction To Ms Excel 2003,,, True or False (QPG),Status bar displays the line and column number. _________,N/A,,,,,,Other,Hard,Test Learning Outcome 1,"Skillone,skilltwo","ONLINE WITH COMPUTERS COURSE BOOK 6,Introduction to MS Excel 2003",1
CBSE,Class 6,Computer Science,Online with Computer,Chapter 5 Introduction To Ms Excel 2003,,, True or False (QPG),The intersection of row and column is called a cell. _________,N/A,,,,,,Other,Hard,Test Learning Outcome 1,"Skillone,skilltwo","ONLINE WITH COMPUTERS COURSE BOOK 6,Introduction to MS Excel 2003",1
CBSE,Class 6,Computer Science,Online with Computer,Chapter 5 Introduction To Ms Excel 2003,,, True or False (QPG),"Title bar houses minimize, maximize and close buttons. _________",N/A,,,,,,Other,Hard,Test Learning Outcome 1,"Skillone,skilltwo","ONLINE WITH COMPUTERS COURSE BOOK 6,Introduction to MS Excel 2003",1
CBSE,Class 6,Computer Science,Online with Computer,Chapter 5 Introduction To Ms Excel 2003,,, True or False (QPG),"When an unformatted number does not fit in a cell, it is displayed as zero. _________",N/A,,,,,,Other,Hard,Test Learning Outcome 1,"Skillone,skilltwo","ONLINE WITH COMPUTERS COURSE BOOK 6,Introduction to MS Excel 2003",1
CBSE,Class 6,Computer Science,Online with Computer,Chapter 5 Introduction To Ms Excel 2003,,, True or False (QPG),You select File > Open to open an existing workbook. _________,N/A,,,,,,Other,Hard,Test Learning Outcome 1,"Skillone,skilltwo","ONLINE WITH COMPUTERS COURSE BOOK 6,Introduction to MS Excel 2003",1
CBSE,Class 7,Computer Science,Online with Computer,Chapter 1 Computer Technology Advancement,,,Fill in the blank (QPG),A user wears special gloves for _________________________ .,N/A,,,,,,Other,Hard,Test Learning Outcome 1,"Skillone,skilltwo","ONLINE WITH COMPUTERS COURSE BOOK 7,Computer Technology Advancement",1
CBSE,Class 7,Computer Science,Online with Computer,Chapter 1 Computer Technology Advancement,,,Fill in the blank (QPG),Computer can play games _________________________ with the user.,N/A,,,,,,Other,Hard,Test Learning Outcome 1,"Skillone,skilltwo","ONLINE WITH COMPUTERS COURSE BOOK 7,Computer Technology Advancement",1
CBSE,Class 7,Computer Science,Online with Computer,Chapter 1 Computer Technology Advancement,,,Fill in the blank (QPG),Computers helped in processing the information relayed from ___________________ vehicles.,N/A,,,,,,Other,Hard,Test Learning Outcome 1,"Skillone,skilltwo","ONLINE WITH COMPUTERS COURSE BOOK 7,Computer Technology Advancement",1
CBSE,Class 7,Computer Science,Online with Computer,Chapter 1 Computer Technology Advancement,,,Fill in the blank (QPG),IT is short for _________________________ .,N/A,,,,,,Other,Hard,Test Learning Outcome 1,"Skillone,skilltwo","ONLINE WITH COMPUTERS COURSE BOOK 7,Computer Technology Advancement",1
CBSE,Class 7,Computer Science,Online with Computer,Chapter 1 Computer Technology Advancement,,,Fill in the blank (QPG),The first ATM’s were _________________________ machines.,N/A,,,,,,Other,Hard,Test Learning Outcome 1,"Skillone,skilltwo","ONLINE WITH COMPUTERS COURSE BOOK 7,Computer Technology Advancement",1
CBSE,Class 7,Computer Science,Online with Computer,Chapter 1 Computer Technology Advancement,,,Short Answer Questions (QPG),"What does a multimedia computer essentially contain? What is the general requirement of RAM for
multimedia computers?",N/A,,,,,,Other,Hard,Test Learning Outcome 1,"Skillone,skilltwo","ONLINE WITH COMPUTERS COURSE BOOK 7,Computer Technology Advancement",1
CBSE,Class 7,Computer Science,Online with Computer,Chapter 1 Computer Technology Advancement,,,Short Answer Questions (QPG),"What is Virtual Reality? What is the requirement of virtual reality? What does a user wear during a virtual
reality session?",N/A,,,,,,Other,Hard,Test Learning Outcome 1,"Skillone,skilltwo","ONLINE WITH COMPUTERS COURSE BOOK 7,Computer Technology Advancement",1
CBSE,Class 7,Computer Science,Online with Computer,Chapter 1 Computer Technology Advancement,,,Short Answer Questions (QPG),Define Office Automation. How have computers helped in Office Automation?,N/A,,,,,,Other,Hard,Test Learning Outcome 1,"Skillone,skilltwo","ONLINE WITH COMPUTERS COURSE BOOK 7,Computer Technology Advancement",1
CBSE,Class 7,Computer Science,Online with Computer,Chapter 1 Computer Technology Advancement,,,Short Answer Questions (QPG),Explain about scanner and its operation.,N/A,,,,,,Other,Hard,Test Learning Outcome 1,"Skillone,skilltwo","ONLINE WITH COMPUTERS COURSE BOOK 7,Computer Technology Advancement",1
CBSE,Class 7,Computer Science,Online with Computer,Chapter 1 Computer Technology Advancement,,,Short Answer Questions (QPG),Explain working of sound card. What are its different types.,N/A,,,,,,Other,Hard,Test Learning Outcome 1,"Skillone,skilltwo","ONLINE WITH COMPUTERS COURSE BOOK 7,Computer Technology Advancement",1
CBSE,Class 7,Computer Science,Online with Computer,Chapter 1 Computer Technology Advancement,,,Short Answer Questions (QPG),What are Multimedia and PC speakers? Explain their working.,N/A,,,,,,Other,Hard,Test Learning Outcome 1,"Skillone,skilltwo","ONLINE WITH COMPUTERS COURSE BOOK 7,Computer Technology Advancement",1
CBSE,Class 7,Computer Science,Online with Computer,Chapter 1 Computer Technology Advancement,,,Short Answer Questions (QPG),What is a digital camera?,N/A,,,,,,Other,Hard,Test Learning Outcome 1,"Skillone,skilltwo","ONLINE WITH COMPUTERS COURSE BOOK 7,Computer Technology Advancement",1
CBSE,Class 7,Computer Science,Online with Computer,Chapter 1 Computer Technology Advancement,,,Short Answer Questions (QPG),What is a robot?,N/A,,,,,,Other,Hard,Test Learning Outcome 1,"Skillone,skilltwo","ONLINE WITH COMPUTERS COURSE BOOK 7,Computer Technology Advancement",1
CBSE,Class 7,Computer Science,Online with Computer,Chapter 1 Computer Technology Advancement,,,Short Answer Questions (QPG),What is multimedia? Define DTP. What are the components of DTP?,N/A,,,,,,Other,Hard,Test Learning Outcome 1,"Skillone,skilltwo","ONLINE WITH COMPUTERS COURSE BOOK 7,Computer Technology Advancement",1
CBSE,Class 7,Computer Science,Online with Computer,Chapter 1 Computer Technology Advancement,,,Short Answer Questions (QPG),When and where was the first robot used? Where are ATM’s generally used?,N/A,,,,,,Other,Hard,Test Learning Outcome 1,"Skillone,skilltwo","ONLINE WITH COMPUTERS COURSE BOOK 7,Computer Technology Advancement",1
CBSE,Class 7,Computer Science,Online with Computer,Chapter 1 Computer Technology Advancement,,, True or False (QPG),A computer should possess sound card and speakers to be a multimedia computer. _________,N/A,,,,,,Other,Hard,Test Learning Outcome 1,"Skillone,skilltwo","ONLINE WITH COMPUTERS COURSE BOOK 7,Computer Technology Advancement",1
CBSE,Class 7,Computer Science,Online with Computer,Chapter 1 Computer Technology Advancement,,, True or False (QPG),Goggles in virtual reality track the eye movements. ___________,N/A,,,,,,Other,Hard,Test Learning Outcome 1,"Skillone,skilltwo","ONLINE WITH COMPUTERS COURSE BOOK 7,Computer Technology Advancement",1
CBSE,Class 7,Computer Science,Online with Computer,Chapter 1 Computer Technology Advancement,,, True or False (QPG),Office Automation does not include Fax. ___________,N/A,,,,,,Other,Hard,Test Learning Outcome 1,"Skillone,skilltwo","ONLINE WITH COMPUTERS COURSE BOOK 7,Computer Technology Advancement",1
CBSE,Class 7,Computer Science,Online with Computer,Chapter 1 Computer Technology Advancement,,, True or False (QPG),Virtual reality is a 3D movie. ___________,N/A,,,,,,Other,Hard,Test Learning Outcome 1,"Skillone,skilltwo","ONLINE WITH COMPUTERS COURSE BOOK 7,Computer Technology Advancement",1
CBSE,Class 7,Computer Science,Online with Computer,Chapter 1 Computer Technology Advancement,,, True or False (QPG),You can play a game of chess alone with the computer. ___________,N/A,,,,,,Other,Hard,Test Learning Outcome 1,"Skillone,skilltwo","ONLINE WITH COMPUTERS COURSE BOOK 7,Computer Technology Advancement",1
CBSE,Class 7,Computer Science,Online with Computer,Chapter 2 Enhancing Your Document,,,Fill in the blank (QPG),_________________________ dialog box is displayed on selecting WordArt.,N/A,,,,,,Other,Hard,Test Learning Outcome 1,"Skillone,skilltwo","ONLINE WITH COMPUTERS COURSE BOOK 7,Enhancing Your Document",1
CBSE,Class 7,Computer Science,Online with Computer,Chapter 2 Enhancing Your Document,,,Fill in the blank (QPG),Choose View > _________________________ to insert header and footer.,N/A,,,,,,Other,Hard,Test Learning Outcome 1,"Skillone,skilltwo","ONLINE WITH COMPUTERS COURSE BOOK 7,Enhancing Your Document",1
CBSE,Class 7,Computer Science,Online with Computer,Chapter 2 Enhancing Your Document,,,Fill in the blank (QPG),There are _________________________ different styles of WordArt to apply.,N/A,,,,,,Other,Hard,Test Learning Outcome 1,"Skillone,skilltwo","ONLINE WITH COMPUTERS COURSE BOOK 7,Enhancing Your Document",1
CBSE,Class 7,Computer Science,Online with Computer,Chapter 2 Enhancing Your Document,,,Fill in the blank (QPG),WordArt can be inserted from the _________________________ menu.,N/A,,,,,,Other,Hard,Test Learning Outcome 1,"Skillone,skilltwo","ONLINE WITH COMPUTERS COURSE BOOK 7,Enhancing Your Document",1
CBSE,Class 7,Computer Science,Online with Computer,Chapter 2 Enhancing Your Document,,,Short Answer Questions (QPG),"How do you change line colour, line style and dash style? Give the process of filling an object with colour
and applying shadow?",N/A,,,,,,Other,Hard,Test Learning Outcome 1,"Skillone,skilltwo","ONLINE WITH COMPUTERS COURSE BOOK 7,Enhancing Your Document",1
CBSE,Class 7,Computer Science,Online with Computer,Chapter 2 Enhancing Your Document,,,Short Answer Questions (QPG),How do you draw perfect squares and circles?,N/A,,,,,,Other,Hard,Test Learning Outcome 1,"Skillone,skilltwo","ONLINE WITH COMPUTERS COURSE BOOK 7,Enhancing Your Document",1
CBSE,Class 7,Computer Science,Online with Computer,Chapter 2 Enhancing Your Document,,,Short Answer Questions (QPG),"How do you edit and format WordArt text, change WordArt shape and style?",N/A,,,,,,Other,Hard,Test Learning Outcome 1,"Skillone,skilltwo","ONLINE WITH COMPUTERS COURSE BOOK 7,Enhancing Your Document",1
CBSE,Class 7,Computer Science,Online with Computer,Chapter 2 Enhancing Your Document,,,Short Answer Questions (QPG),How do you insert AutoShapes?,N/A,,,,,,Other,Hard,Test Learning Outcome 1,"Skillone,skilltwo","ONLINE WITH COMPUTERS COURSE BOOK 7,Enhancing Your Document",1
CBSE,Class 7,Computer Science,Online with Computer,Chapter 2 Enhancing Your Document,,,Short Answer Questions (QPG),How do you insert page number through headers and footers? How do you insert number of pages?,N/A,,,,,,Other,Hard,Test Learning Outcome 1,"Skillone,skilltwo","ONLINE WITH COMPUTERS COURSE BOOK 7,Enhancing Your Document",1
CBSE,Class 7,Computer Science,Online with Computer,Chapter 2 Enhancing Your Document,,,Short Answer Questions (QPG),"How do you insert shapes like lines, arrows, ovals, and rectangles?",N/A,,,,,,Other,Hard,Test Learning Outcome 1,"Skillone,skilltwo","ONLINE WITH COMPUTERS COURSE BOOK 7,Enhancing Your Document",1
CBSE,Class 7,Computer Science,Online with Computer,Chapter 2 Enhancing Your Document,,,Short Answer Questions (QPG),"How do you move, rotate and change angle of WordArt?",N/A,,,,,,Other,Hard,Test Learning Outcome 1,"Skillone,skilltwo","ONLINE WITH COMPUTERS COURSE BOOK 7,Enhancing Your Document",1
CBSE,Class 7,Computer Science,Online with Computer,Chapter 2 Enhancing Your Document,,,Short Answer Questions (QPG),How do you switch between header and footer?,N/A,,,,,,Other,Hard,Test Learning Outcome 1,"Skillone,skilltwo","ONLINE WITH COMPUTERS COURSE BOOK 7,Enhancing Your Document",1
CBSE,Class 7,Computer Science,Online with Computer,Chapter 2 Enhancing Your Document,,,Short Answer Questions (QPG),What are the different categories of AutoShapes?,N/A,,,,,,Other,Hard,Test Learning Outcome 1,"Skillone,skilltwo","ONLINE WITH COMPUTERS COURSE BOOK 7,Enhancing Your Document",1
CBSE,Class 7,Computer Science,Online with Computer,Chapter 2 Enhancing Your Document,,,Short Answer Questions (QPG),What is a header? How do you insert date and time in a header?,N/A,,,,,,Other,Hard,Test Learning Outcome 1,"Skillone,skilltwo","ONLINE WITH COMPUTERS COURSE BOOK 7,Enhancing Your Document",1
CBSE,Class 7,Computer Science,Online with Computer,Chapter 2 Enhancing Your Document,,,Short Answer Questions (QPG),What is Clip Art? How do you insert Clip Art?,N/A,,,,,,Other,Hard,Test Learning Outcome 1,"Skillone,skilltwo","ONLINE WITH COMPUTERS COURSE BOOK 7,Enhancing Your Document",1
CBSE,Class 7,Computer Science,Online with Computer,Chapter 2 Enhancing Your Document,,,Short Answer Questions (QPG),What is footer? Name the command to insert header and footer?,N/A,,,,,,Other,Hard,Test Learning Outcome 1,"Skillone,skilltwo","ONLINE WITH COMPUTERS COURSE BOOK 7,Enhancing Your Document",1
CBSE,Class 7,Computer Science,Online with Computer,Chapter 2 Enhancing Your Document,,,Short Answer Questions (QPG),What is WordArt? How do you insert WordArt?,N/A,,,,,,Other,Hard,Test Learning Outcome 1,"Skillone,skilltwo","ONLINE WITH COMPUTERS COURSE BOOK 7,Enhancing Your Document",1
CBSE,Class 7,Computer Science,Online with Computer,Chapter 2 Enhancing Your Document,,,Short Answer Questions (QPG),"Write in detail, how you insert headers and footers.",N/A,,,,,,Other,Hard,Test Learning Outcome 1,"Skillone,skilltwo","ONLINE WITH COMPUTERS COURSE BOOK 7,Enhancing Your Document",1
CBSE,Class 7,Computer Science,Online with Computer,Chapter 2 Enhancing Your Document,,, True or False (QPG),Clipart is collection of fonts. ___________,N/A,,,,,,Other,Hard,Test Learning Outcome 1,"Skillone,skilltwo","ONLINE WITH COMPUTERS COURSE BOOK 7,Enhancing Your Document",1
CBSE,Class 7,Computer Science,Online with Computer,Chapter 2 Enhancing Your Document,,, True or False (QPG),Clipart is inserted from Insert menu. ___________,N/A,,,,,,Other,Hard,Test Learning Outcome 1,"Skillone,skilltwo","ONLINE WITH COMPUTERS COURSE BOOK 7,Enhancing Your Document",1
CBSE,Class 7,Computer Science,Online with Computer,Chapter 2 Enhancing Your Document,,, True or False (QPG),Header is at the bottom of the document. ___________,N/A,,,,,,Other,Hard,Test Learning Outcome 1,"Skillone,skilltwo","ONLINE WITH COMPUTERS COURSE BOOK 7,Enhancing Your Document",1
CBSE,Class 7,Computer Science,Online with Computer,Chapter 2 Enhancing Your Document,,, True or False (QPG),Time can be inserted in footer. ___________,N/A,,,,,,Other,Hard,Test Learning Outcome 1,"Skillone,skilltwo","ONLINE WITH COMPUTERS COURSE BOOK 7,Enhancing Your Document",1
CBSE,Class 7,Computer Science,Online with Computer,Chapter 2 Enhancing Your Document,,, True or False (QPG),You cannot insert page number in a header. ___________,N/A,,,,,,Other,Hard,Test Learning Outcome 1,"Skillone,skilltwo","ONLINE WITH COMPUTERS COURSE BOOK 7,Enhancing Your Document",1
CBSE,Class 7,Computer Science,Online with Computer,Chapter 3 Formatting Workbooks In Excel 2003,,,Fill in the blank (QPG),"In delete menu, choosing Shift cells left moves the cells on _________________________ side of selected
range to the left.",N/A,,,,,,Other,Hard,Test Learning Outcome 1,"Skillone,skilltwo","ONLINE WITH COMPUTERS COURSE BOOK 7,Formatting Workbooks in Excel 2003",1
CBSE,Class 7,Computer Science,Online with Computer,Chapter 3 Formatting Workbooks In Excel 2003,,,Fill in the blank (QPG),By default the text is _________________________ aligned in the cell.,N/A,,,,,,Other,Hard,Test Learning Outcome 1,"Skillone,skilltwo","ONLINE WITH COMPUTERS COURSE BOOK 7,Formatting Workbooks in Excel 2003",1
CBSE,Class 7,Computer Science,Online with Computer,Chapter 3 Formatting Workbooks In Excel 2003,,,Fill in the blank (QPG),"Editing a cell, to activate double click or press _________________________ function key.",N/A,,,,,,Other,Hard,Test Learning Outcome 1,"Skillone,skilltwo","ONLINE WITH COMPUTERS COURSE BOOK 7,Formatting Workbooks in Excel 2003",1
CBSE,Class 7,Computer Science,Online with Computer,Chapter 3 Formatting Workbooks In Excel 2003,,,Fill in the blank (QPG),Mouse pointer turns into a _________________________ on moving to the edge of the range.,N/A,,,,,,Other,Hard,Test Learning Outcome 1,"Skillone,skilltwo","ONLINE WITH COMPUTERS COURSE BOOK 7,Formatting Workbooks in Excel 2003",1
CBSE,Class 7,Computer Science,Online with Computer,Chapter 3 Formatting Workbooks In Excel 2003,,,Fill in the blank (QPG),The _________________________ bar contains the value of active cell.,N/A,,,,,,Other,Hard,Test Learning Outcome 1,"Skillone,skilltwo","ONLINE WITH COMPUTERS COURSE BOOK 7,Formatting Workbooks in Excel 2003",1
CBSE,Class 7,Computer Science,Online with Computer,Chapter 3 Formatting Workbooks In Excel 2003,,,Fill in the blank (QPG),"To clear the formats of a cell, choose clear from _________________________ menu.",N/A,,,,,,Other,Hard,Test Learning Outcome 1,"Skillone,skilltwo","ONLINE WITH COMPUTERS COURSE BOOK 7,Formatting Workbooks in Excel 2003",1
CBSE,Class 7,Computer Science,Online with Computer,Chapter 3 Formatting Workbooks In Excel 2003,,,Fill in the blank (QPG),To delete the automatically repeated entries in the column press _______________________ .,N/A,,,,,,Other,Hard,Test Learning Outcome 1,"Skillone,skilltwo","ONLINE WITH COMPUTERS COURSE BOOK 7,Formatting Workbooks in Excel 2003",1
CBSE,Class 7,Computer Science,Online with Computer,Chapter 3 Formatting Workbooks In Excel 2003,,,Fill in the blank (QPG),"To make horizontal and vertical alignment, select Format > _________________________ .",N/A,,,,,,Other,Hard,Test Learning Outcome 1,"Skillone,skilltwo","ONLINE WITH COMPUTERS COURSE BOOK 7,Formatting Workbooks in Excel 2003",1
CBSE,Class 7,Computer Science,Online with Computer,Chapter 3 Formatting Workbooks In Excel 2003,,,Fill in the blank (QPG),To make the text Bold or Italic choose it from the _________________________ toolbar.,N/A,,,,,,Other,Hard,Test Learning Outcome 1,"Skillone,skilltwo","ONLINE WITH COMPUTERS COURSE BOOK 7,Formatting Workbooks in Excel 2003",1
CBSE,Class 7,Computer Science,Online with Computer,Chapter 3 Formatting Workbooks In Excel 2003,,,Fill in the blank (QPG),To move to the Last worksheet press the _________________________ button.,N/A,,,,,,Other,Hard,Test Learning Outcome 1,"Skillone,skilltwo","ONLINE WITH COMPUTERS COURSE BOOK 7,Formatting Workbooks in Excel 2003",1
CBSE,Class 7,Computer Science,Online with Computer,Chapter 3 Formatting Workbooks In Excel 2003,,,Short Answer Questions (QPG),"How do you change and delete a range name? How do you select and move cells? How do you clear cell
formats?",N/A,,,,,,Other,Hard,Test Learning Outcome 1,"Skillone,skilltwo","ONLINE WITH COMPUTERS COURSE BOOK 7,Formatting Workbooks in Excel 2003",1
CBSE,Class 7,Computer Science,Online with Computer,Chapter 3 Formatting Workbooks In Excel 2003,,,Short Answer Questions (QPG),During delete what does Shift Cells up and Shift cells left do?,N/A,,,,,,Other,Hard,Test Learning Outcome 1,"Skillone,skilltwo","ONLINE WITH COMPUTERS COURSE BOOK 7,Formatting Workbooks in Excel 2003",1
CBSE,Class 7,Computer Science,Online with Computer,Chapter 3 Formatting Workbooks In Excel 2003,,,Short Answer Questions (QPG),Explain Auto Formatting in detail.,N/A,,,,,,Other,Hard,Test Learning Outcome 1,"Skillone,skilltwo","ONLINE WITH COMPUTERS COURSE BOOK 7,Formatting Workbooks in Excel 2003",1
CBSE,Class 7,Computer Science,Online with Computer,Chapter 3 Formatting Workbooks In Excel 2003,,,Short Answer Questions (QPG),Explain formatting of worksheets in detail. Explain how do you change row height and column width.,N/A,,,,,,Other,Hard,Test Learning Outcome 1,"Skillone,skilltwo","ONLINE WITH COMPUTERS COURSE BOOK 7,Formatting Workbooks in Excel 2003",1
CBSE,Class 7,Computer Science,Online with Computer,Chapter 3 Formatting Workbooks In Excel 2003,,,Short Answer Questions (QPG),How do you change column width?,N/A,,,,,,Other,Hard,Test Learning Outcome 1,"Skillone,skilltwo","ONLINE WITH COMPUTERS COURSE BOOK 7,Formatting Workbooks in Excel 2003",1
CBSE,Class 7,Computer Science,Online with Computer,Chapter 3 Formatting Workbooks In Excel 2003,,,Short Answer Questions (QPG),How do you change row height?,N/A,,,,,,Other,Hard,Test Learning Outcome 1,"Skillone,skilltwo","ONLINE WITH COMPUTERS COURSE BOOK 7,Formatting Workbooks in Excel 2003",1
CBSE,Class 7,Computer Science,Online with Computer,Chapter 3 Formatting Workbooks In Excel 2003,,,Short Answer Questions (QPG),How do you delete cells? How do you delete a range of cells?,N/A,,,,,,Other,Hard,Test Learning Outcome 1,"Skillone,skilltwo","ONLINE WITH COMPUTERS COURSE BOOK 7,Formatting Workbooks in Excel 2003",1
CBSE,Class 7,Computer Science,Online with Computer,Chapter 3 Formatting Workbooks In Excel 2003,,,Short Answer Questions (QPG),How do you insert and delete rows and columns?,N/A,,,,,,Other,Hard,Test Learning Outcome 1,"Skillone,skilltwo","ONLINE WITH COMPUTERS COURSE BOOK 7,Formatting Workbooks in Excel 2003",1
CBSE,Class 7,Computer Science,Online with Computer,Chapter 3 Formatting Workbooks In Excel 2003,,,Short Answer Questions (QPG),"How do you move among worksheets? How do you select, insert and delete a single worksheet?",N/A,,,,,,Other,Hard,Test Learning Outcome 1,"Skillone,skilltwo","ONLINE WITH COMPUTERS COURSE BOOK 7,Formatting Workbooks in Excel 2003",1
CBSE,Class 7,Computer Science,Online with Computer,Chapter 3 Formatting Workbooks In Excel 2003,,,Short Answer Questions (QPG),"How do you select, move and delete cells? How do you enter data series?",N/A,,,,,,Other,Hard,Test Learning Outcome 1,"Skillone,skilltwo","ONLINE WITH COMPUTERS COURSE BOOK 7,Formatting Workbooks in Excel 2003",1
CBSE,Class 7,Computer Science,Online with Computer,Chapter 3 Formatting Workbooks In Excel 2003,,,Short Answer Questions (QPG),What does Excel’s AutoFill feature help you to do?,N/A,,,,,,Other,Hard,Test Learning Outcome 1,"Skillone,skilltwo","ONLINE WITH COMPUTERS COURSE BOOK 7,Formatting Workbooks in Excel 2003",1
CBSE,Class 7,Computer Science,Online with Computer,Chapter 3 Formatting Workbooks In Excel 2003,,,Short Answer Questions (QPG),What is a range? Explain. How do you name a range and go to the same using name box?,N/A,,,,,,Other,Hard,Test Learning Outcome 1,"Skillone,skilltwo","ONLINE WITH COMPUTERS COURSE BOOK 7,Formatting Workbooks in Excel 2003",1
CBSE,Class 7,Computer Science,Online with Computer,Chapter 3 Formatting Workbooks In Excel 2003,,,Short Answer Questions (QPG),What is AutoComplete?,N/A,,,,,,Other,Hard,Test Learning Outcome 1,"Skillone,skilltwo","ONLINE WITH COMPUTERS COURSE BOOK 7,Formatting Workbooks in Excel 2003",1
CBSE,Class 7,Computer Science,Online with Computer,Chapter 3 Formatting Workbooks In Excel 2003,,,Short Answer Questions (QPG),What is AutoComplete? Explain.,N/A,,,,,,Other,Hard,Test Learning Outcome 1,"Skillone,skilltwo","ONLINE WITH COMPUTERS COURSE BOOK 7,Formatting Workbooks in Excel 2003",1
CBSE,Class 7,Computer Science,Online with Computer,Chapter 3 Formatting Workbooks In Excel 2003,,,Short Answer Questions (QPG),What is formatting? What is the command used to format cells? How do you format cells as date or time?,N/A,,,,,,Other,Hard,Test Learning Outcome 1,"Skillone,skilltwo","ONLINE WITH COMPUTERS COURSE BOOK 7,Formatting Workbooks in Excel 2003",1
CBSE,Class 7,Computer Science,Online with Computer,Chapter 3 Formatting Workbooks In Excel 2003,,,Short Answer Questions (QPG),What is number formatting? In what different ways can a number be formatted?,N/A,,,,,,Other,Hard,Test Learning Outcome 1,"Skillone,skilltwo","ONLINE WITH COMPUTERS COURSE BOOK 7,Formatting Workbooks in Excel 2003",1
CBSE,Class 7,Computer Science,Online with Computer,Chapter 3 Formatting Workbooks In Excel 2003,,,Short Answer Questions (QPG),What is text formatting? In what ways can a worksheet be formatted? How do you change font and font size?,N/A,,,,,,Other,Hard,Test Learning Outcome 1,"Skillone,skilltwo","ONLINE WITH COMPUTERS COURSE BOOK 7,Formatting Workbooks in Excel 2003",1
CBSE,Class 7,Computer Science,Online with Computer,Chapter 3 Formatting Workbooks In Excel 2003,,,Short Answer Questions (QPG),What is Undo? What is the shortcut for undo? How many actions can you undo?,N/A,,,,,,Other,Hard,Test Learning Outcome 1,"Skillone,skilltwo","ONLINE WITH COMPUTERS COURSE BOOK 7,Formatting Workbooks in Excel 2003",1
CBSE,Class 7,Computer Science,Online with Computer,Chapter 3 Formatting Workbooks In Excel 2003,,,Short Answer Questions (QPG),Which is the key that is used to edit a cell?,N/A,,,,,,Other,Hard,Test Learning Outcome 1,"Skillone,skilltwo","ONLINE WITH COMPUTERS COURSE BOOK 7,Formatting Workbooks in Excel 2003",1
CBSE,Class 7,Computer Science,Online with Computer,Chapter 3 Formatting Workbooks In Excel 2003,,, True or False (QPG),"Height of a column can be adjusted by dragging the boundary to
the right of column. ___________",N/A,,,,,,Other,Hard,Test Learning Outcome 1,"Skillone,skilltwo","ONLINE WITH COMPUTERS COURSE BOOK 7,Formatting Workbooks in Excel 2003",1
CBSE,Class 7,Computer Science,Online with Computer,Chapter 3 Formatting Workbooks In Excel 2003,,, True or False (QPG),A range of cells can be selected and moved from one location to another. ___________,N/A,,,,,,Other,Hard,Test Learning Outcome 1,"Skillone,skilltwo","ONLINE WITH COMPUTERS COURSE BOOK 7,Formatting Workbooks in Excel 2003",1
CBSE,Class 7,Computer Science,Online with Computer,Chapter 3 Formatting Workbooks In Excel 2003,,, True or False (QPG),"After editing a cell, press Home to go to end. ___________",N/A,,,,,,Other,Hard,Test Learning Outcome 1,"Skillone,skilltwo","ONLINE WITH COMPUTERS COURSE BOOK 7,Formatting Workbooks in Excel 2003",1
CBSE,Class 7,Computer Science,Online with Computer,Chapter 3 Formatting Workbooks In Excel 2003,,, True or False (QPG),Autocomplete facility repeats the entries only for a column. ___________,N/A,,,,,,Other,Hard,Test Learning Outcome 1,"Skillone,skilltwo","ONLINE WITH COMPUTERS COURSE BOOK 7,Formatting Workbooks in Excel 2003",1
CBSE,Class 7,Computer Science,Online with Computer,Chapter 3 Formatting Workbooks In Excel 2003,,, True or False (QPG),AutoFill will not fill the series of numbers increasingly by a given amount. ___________,N/A,,,,,,Other,Hard,Test Learning Outcome 1,"Skillone,skilltwo","ONLINE WITH COMPUTERS COURSE BOOK 7,Formatting Workbooks in Excel 2003",1
CBSE,Class 7,Computer Science,Online with Computer,Chapter 3 Formatting Workbooks In Excel 2003,,, True or False (QPG),"By default, the dates and time are right aligned. ___________",N/A,,,,,,Other,Hard,Test Learning Outcome 1,"Skillone,skilltwo","ONLINE WITH COMPUTERS COURSE BOOK 7,Formatting Workbooks in Excel 2003",1
CBSE,Class 7,Computer Science,Online with Computer,Chapter 3 Formatting Workbooks In Excel 2003,,, True or False (QPG),"Numbers can be formatted in date, time, currency & scientific formats. ___________",N/A,,,,,,Other,Hard,Test Learning Outcome 1,"Skillone,skilltwo","ONLINE WITH COMPUTERS COURSE BOOK 7,Formatting Workbooks in Excel 2003",1
CBSE,Class 7,Computer Science,Online with Computer,Chapter 3 Formatting Workbooks In Excel 2003,,, True or False (QPG),The colours once selected for a group of cells can’t be changed. ___________,N/A,,,,,,Other,Hard,Test Learning Outcome 1,"Skillone,skilltwo","ONLINE WITH COMPUTERS COURSE BOOK 7,Formatting Workbooks in Excel 2003",1
CBSE,Class 7,Computer Science,Online with Computer,Chapter 3 Formatting Workbooks In Excel 2003,,, True or False (QPG),"To delete the contents of a single cell, make it active & press delete. ___________",N/A,,,,,,Other,Hard,Test Learning Outcome 1,"Skillone,skilltwo","ONLINE WITH COMPUTERS COURSE BOOK 7,Formatting Workbooks in Excel 2003",1
CBSE,Class 7,Computer Science,Online with Computer,Chapter 4 Viewing Worksheets And Entering Formulas,,,Fill in the blank (QPG),_________________________ is the shortcut key for pasting the cell contents.,N/A,,,,,,Other,Hard,Test Learning Outcome 1,"Skillone,skilltwo","ONLINE WITH COMPUTERS COURSE BOOK 7,Viewing Worksheets and Entering Formulas",1
CBSE,Class 7,Computer Science,Online with Computer,Chapter 4 Viewing Worksheets And Entering Formulas,,,Fill in the blank (QPG),"A worksheet can be viewed in many ways, i.e., by _______________, _______________, _______________
and _____________________.",N/A,,,,,,Other,Hard,Test Learning Outcome 1,"Skillone,skilltwo","ONLINE WITH COMPUTERS COURSE BOOK 7,Viewing Worksheets and Entering Formulas",1
CBSE,Class 7,Computer Science,Online with Computer,Chapter 4 Viewing Worksheets And Entering Formulas,,,Fill in the blank (QPG),"Footer is a ______________________ or a group of ______________________ displayed at the
_________________________ of the page.",N/A,,,,,,Other,Hard,Test Learning Outcome 1,"Skillone,skilltwo","ONLINE WITH COMPUTERS COURSE BOOK 7,Viewing Worksheets and Entering Formulas",1
CBSE,Class 7,Computer Science,Online with Computer,Chapter 4 Viewing Worksheets And Entering Formulas,,,Fill in the blank (QPG),"To close full screen view and return to the view you are in previously, click the ________________ button
on the _________________________ toolbar.",N/A,,,,,,Other,Hard,Test Learning Outcome 1,"Skillone,skilltwo","ONLINE WITH COMPUTERS COURSE BOOK 7,Viewing Worksheets and Entering Formulas",1
CBSE,Class 7,Computer Science,Online with Computer,Chapter 4 Viewing Worksheets And Entering Formulas,,,Fill in the blank (QPG),"You can split the Excel window so you can see _________________________ parts of one worksheet at
once.",N/A,,,,,,Other,Hard,Test Learning Outcome 1,"Skillone,skilltwo","ONLINE WITH COMPUTERS COURSE BOOK 7,Viewing Worksheets and Entering Formulas",1
CBSE,Class 7,Computer Science,Online with Computer,Chapter 4 Viewing Worksheets And Entering Formulas,,,Fill in the blank (QPG),"For totaling of rows and columns, type in the _________________________ bar.",N/A,,,,,,Other,Hard,Test Learning Outcome 1,"Skillone,skilltwo","ONLINE WITH COMPUTERS COURSE BOOK 7,Viewing Worksheets and Entering Formulas",1
CBSE,Class 7,Computer Science,Online with Computer,Chapter 4 Viewing Worksheets And Entering Formulas,,,Fill in the blank (QPG),"Range of cells, where the formulas are to be copied to are known as ____________________ .",N/A,,,,,,Other,Hard,Test Learning Outcome 1,"Skillone,skilltwo","ONLINE WITH COMPUTERS COURSE BOOK 7,Viewing Worksheets and Entering Formulas",1
CBSE,Class 7,Computer Science,Online with Computer,Chapter 4 Viewing Worksheets And Entering Formulas,,,Short Answer Questions (QPG),"How do you insert a custom header or footer? How do you insert page number and current date in a header
or footer?",N/A,,,,,,Other,Hard,Test Learning Outcome 1,"Skillone,skilltwo","ONLINE WITH COMPUTERS COURSE BOOK 7,Viewing Worksheets and Entering Formulas",1
CBSE,Class 7,Computer Science,Online with Computer,Chapter 4 Viewing Worksheets And Entering Formulas,,,Short Answer Questions (QPG),"Which key is used to quickly change one type of reference to another? When you copy formulas which type
of reference is followed by default?",N/A,,,,,,Other,Hard,Test Learning Outcome 1,"Skillone,skilltwo","ONLINE WITH COMPUTERS COURSE BOOK 7,Viewing Worksheets and Entering Formulas",1
CBSE,Class 7,Computer Science,Online with Computer,Chapter 4 Viewing Worksheets And Entering Formulas,,,Short Answer Questions (QPG),Explain the process of adding headers and footers in detail.,N/A,,,,,,Other,Hard,Test Learning Outcome 1,"Skillone,skilltwo","ONLINE WITH COMPUTERS COURSE BOOK 7,Viewing Worksheets and Entering Formulas",1
CBSE,Class 7,Computer Science,Online with Computer,Chapter 4 Viewing Worksheets And Entering Formulas,,,Short Answer Questions (QPG),Explin the working of function wizard.,N/A,,,,,,Other,Hard,Test Learning Outcome 1,"Skillone,skilltwo","ONLINE WITH COMPUTERS COURSE BOOK 7,Viewing Worksheets and Entering Formulas",1
CBSE,Class 7,Computer Science,Online with Computer,Chapter 4 Viewing Worksheets And Entering Formulas,,,Short Answer Questions (QPG),How do you adjust the split size?,N/A,,,,,,Other,Hard,Test Learning Outcome 1,"Skillone,skilltwo","ONLINE WITH COMPUTERS COURSE BOOK 7,Viewing Worksheets and Entering Formulas",1
CBSE,Class 7,Computer Science,Online with Computer,Chapter 4 Viewing Worksheets And Entering Formulas,,,Short Answer Questions (QPG),How do you close Full Screen view?,N/A,,,,,,Other,Hard,Test Learning Outcome 1,"Skillone,skilltwo","ONLINE WITH COMPUTERS COURSE BOOK 7,Viewing Worksheets and Entering Formulas",1
CBSE,Class 7,Computer Science,Online with Computer,Chapter 4 Viewing Worksheets And Entering Formulas,,,Short Answer Questions (QPG),How do you copy formulas?,N/A,,,,,,Other,Hard,Test Learning Outcome 1,"Skillone,skilltwo","ONLINE WITH COMPUTERS COURSE BOOK 7,Viewing Worksheets and Entering Formulas",1
CBSE,Class 7,Computer Science,Online with Computer,Chapter 4 Viewing Worksheets And Entering Formulas,,,Short Answer Questions (QPG),"How do you copy formulas? Explain the concept of absolute, relative and mixed reference.",N/A,,,,,,Other,Hard,Test Learning Outcome 1,"Skillone,skilltwo","ONLINE WITH COMPUTERS COURSE BOOK 7,Viewing Worksheets and Entering Formulas",1
CBSE,Class 7,Computer Science,Online with Computer,Chapter 4 Viewing Worksheets And Entering Formulas,,,Short Answer Questions (QPG),"How do you enter formulas, and use the Auto Sum function to find sum, average, maximum and minimum?",N/A,,,,,,Other,Hard,Test Learning Outcome 1,"Skillone,skilltwo","ONLINE WITH COMPUTERS COURSE BOOK 7,Viewing Worksheets and Entering Formulas",1
CBSE,Class 7,Computer Science,Online with Computer,Chapter 4 Viewing Worksheets And Entering Formulas,,,Short Answer Questions (QPG),How do you enter formulas?,N/A,,,,,,Other,Hard,Test Learning Outcome 1,"Skillone,skilltwo","ONLINE WITH COMPUTERS COURSE BOOK 7,Viewing Worksheets and Entering Formulas",1
CBSE,Class 7,Computer Science,Online with Computer,Chapter 4 Viewing Worksheets And Entering Formulas,,,Short Answer Questions (QPG),How do you unfreeze the panes? What does freezing of cells do?,N/A,,,,,,Other,Hard,Test Learning Outcome 1,"Skillone,skilltwo","ONLINE WITH COMPUTERS COURSE BOOK 7,Viewing Worksheets and Entering Formulas",1
CBSE,Class 7,Computer Science,Online with Computer,Chapter 4 Viewing Worksheets And Entering Formulas,,,Short Answer Questions (QPG),"What are constants, references and operators? What are the different arithmetic operators?",N/A,,,,,,Other,Hard,Test Learning Outcome 1,"Skillone,skilltwo","ONLINE WITH COMPUTERS COURSE BOOK 7,Viewing Worksheets and Entering Formulas",1
CBSE,Class 7,Computer Science,Online with Computer,Chapter 4 Viewing Worksheets And Entering Formulas,,,Short Answer Questions (QPG),What are the different zoom percentages in the zoom drop down list?,N/A,,,,,,Other,Hard,Test Learning Outcome 1,"Skillone,skilltwo","ONLINE WITH COMPUTERS COURSE BOOK 7,Viewing Worksheets and Entering Formulas",1
CBSE,Class 7,Computer Science,Online with Computer,Chapter 4 Viewing Worksheets And Entering Formulas,,,Short Answer Questions (QPG),"What is absolute, relative and mixed reference?",N/A,,,,,,Other,Hard,Test Learning Outcome 1,"Skillone,skilltwo","ONLINE WITH COMPUTERS COURSE BOOK 7,Viewing Worksheets and Entering Formulas",1
CBSE,Class 7,Computer Science,Online with Computer,Chapter 4 Viewing Worksheets And Entering Formulas,,,Short Answer Questions (QPG),What is AutoSum? What are the different options and argumnets it takes?,N/A,,,,,,Other,Hard,Test Learning Outcome 1,"Skillone,skilltwo","ONLINE WITH COMPUTERS COURSE BOOK 7,Viewing Worksheets and Entering Formulas",1
CBSE,Class 7,Computer Science,Online with Computer,Chapter 4 Viewing Worksheets And Entering Formulas,,,Short Answer Questions (QPG),What is splitting of a Worksheet? How do you unsplit the window?,N/A,,,,,,Other,Hard,Test Learning Outcome 1,"Skillone,skilltwo","ONLINE WITH COMPUTERS COURSE BOOK 7,Viewing Worksheets and Entering Formulas",1
CBSE,Class 7,Computer Science,Online with Computer,Chapter 4 Viewing Worksheets And Entering Formulas,,,Short Answer Questions (QPG),What is Zooming?,N/A,,,,,,Other,Hard,Test Learning Outcome 1,"Skillone,skilltwo","ONLINE WITH COMPUTERS COURSE BOOK 7,Viewing Worksheets and Entering Formulas",1
CBSE,Class 7,Computer Science,Online with Computer,Chapter 4 Viewing Worksheets And Entering Formulas,,, True or False (QPG),"Mixed references are created with either the column fixed & row relative or
vice versa. ___________",N/A,,,,,,Other,Hard,Test Learning Outcome 1,"Skillone,skilltwo","ONLINE WITH COMPUTERS COURSE BOOK 7,Viewing Worksheets and Entering Formulas",1
CBSE,Class 7,Computer Science,Online with Computer,Chapter 4 Viewing Worksheets And Entering Formulas,,, True or False (QPG),"The cell reference in the formula gets adjusted for a respective column in the
Absolute reference. ___________",N/A,,,,,,Other,Hard,Test Learning Outcome 1,"Skillone,skilltwo","ONLINE WITH COMPUTERS COURSE BOOK 7,Viewing Worksheets and Entering Formulas",1
CBSE,Class 7,Computer Science,Online with Computer,Chapter 4 Viewing Worksheets And Entering Formulas,,, True or False (QPG),Excel does not offer the multiplication & division calculations. ___________,N/A,,,,,,Other,Hard,Test Learning Outcome 1,"Skillone,skilltwo","ONLINE WITH COMPUTERS COURSE BOOK 7,Viewing Worksheets and Entering Formulas",1
CBSE,Class 7,Computer Science,Online with Computer,Chapter 4 Viewing Worksheets And Entering Formulas,,, True or False (QPG),Footer appears on top of the printed worksheet page. ___________,N/A,,,,,,Other,Hard,Test Learning Outcome 1,"Skillone,skilltwo","ONLINE WITH COMPUTERS COURSE BOOK 7,Viewing Worksheets and Entering Formulas",1
CBSE,Class 7,Computer Science,Online with Computer,Chapter 4 Viewing Worksheets And Entering Formulas,,, True or False (QPG),"For deleting or removing the cell contents, Ctrl+X is the shortcut key. ___________",N/A,,,,,,Other,Hard,Test Learning Outcome 1,"Skillone,skilltwo","ONLINE WITH COMPUTERS COURSE BOOK 7,Viewing Worksheets and Entering Formulas",1
CBSE,Class 7,Computer Science,Online with Computer,Chapter 4 Viewing Worksheets And Entering Formulas,,, True or False (QPG),Full Screen View is used to display the maximum size of the worksheet on screen. ___________,N/A,,,,,,Other,Hard,Test Learning Outcome 1,"Skillone,skilltwo","ONLINE WITH COMPUTERS COURSE BOOK 7,Viewing Worksheets and Entering Formulas",1
CBSE,Class 7,Computer Science,Online with Computer,Chapter 4 Viewing Worksheets And Entering Formulas,,, True or False (QPG),Splitting is done to see the top 3 lines of a spreadsheet. ___________,N/A,,,,,,Other,Hard,Test Learning Outcome 1,"Skillone,skilltwo","ONLINE WITH COMPUTERS COURSE BOOK 7,Viewing Worksheets and Entering Formulas",1
CBSE,Class 7,Computer Science,Online with Computer,Chapter 4 Viewing Worksheets And Entering Formulas,,, True or False (QPG),You can zoom the worksheet up to 500% ___________,N/A,,,,,,Other,Hard,Test Learning Outcome 1,"Skillone,skilltwo","ONLINE WITH COMPUTERS COURSE BOOK 7,Viewing Worksheets and Entering Formulas",1
CBSE,Class 7,Computer Science,Online with Computer,"Chapter 5 Views, Styles And Mail Merge",,,Fill in the blank (QPG),Mail Merge means to _________________________ the contents of two files.,N/A,,,,,,Other,Hard,Test Learning Outcome 1,"Skillone,skilltwo","ONLINE WITH COMPUTERS COURSE BOOK 7,Views, Styles and Mail Merge",1
CBSE,Class 7,Computer Science,Online with Computer,"Chapter 5 Views, Styles And Mail Merge",,,Fill in the blank (QPG),Normal view displays Footnotes only in _______ pane.,N/A,,,,,,Other,Hard,Test Learning Outcome 1,"Skillone,skilltwo","ONLINE WITH COMPUTERS COURSE BOOK 7,Views, Styles and Mail Merge",1
CBSE,Class 7,Computer Science,Online with Computer,"Chapter 5 Views, Styles And Mail Merge",,,Fill in the blank (QPG),Normal word view is used for _________________________ tasks.,N/A,,,,,,Other,Hard,Test Learning Outcome 1,"Skillone,skilltwo","ONLINE WITH COMPUTERS COURSE BOOK 7,Views, Styles and Mail Merge",1
CBSE,Class 7,Computer Science,Online with Computer,"Chapter 5 Views, Styles And Mail Merge",,,Fill in the blank (QPG),"To move a field to a new location, click the _________________________ button.",N/A,,,,,,Other,Hard,Test Learning Outcome 1,"Skillone,skilltwo","ONLINE WITH COMPUTERS COURSE BOOK 7,Views, Styles and Mail Merge",1
CBSE,Class 7,Computer Science,Online with Computer,"Chapter 5 Views, Styles And Mail Merge",,,Fill in the blank (QPG),"To open document map, select it from _________________________ menu.",N/A,,,,,,Other,Hard,Test Learning Outcome 1,"Skillone,skilltwo","ONLINE WITH COMPUTERS COURSE BOOK 7,Views, Styles and Mail Merge",1
CBSE,Class 7,Computer Science,Online with Computer,"Chapter 5 Views, Styles And Mail Merge",,,Fill in the blank (QPG),"To organise a document, one can collapse & _________________________ the outline.",N/A,,,,,,Other,Hard,Test Learning Outcome 1,"Skillone,skilltwo","ONLINE WITH COMPUTERS COURSE BOOK 7,Views, Styles and Mail Merge",1
CBSE,Class 7,Computer Science,Online with Computer,"Chapter 5 Views, Styles And Mail Merge",,,Fill in the blank (QPG),"To switch to Print layout view, click Print layout icon on _________________________ toolbar.",N/A,,,,,,Other,Hard,Test Learning Outcome 1,"Skillone,skilltwo","ONLINE WITH COMPUTERS COURSE BOOK 7,Views, Styles and Mail Merge",1
CBSE,Class 7,Computer Science,Online with Computer,"Chapter 5 Views, Styles And Mail Merge",,,Short Answer Questions (QPG),"In which views can we use the zooming in and out document? How do you view multiple pages in Zoom
dialog box?",N/A,,,,,,Other,Hard,Test Learning Outcome 1,"Skillone,skilltwo","ONLINE WITH COMPUTERS COURSE BOOK 7,Views, Styles and Mail Merge",1
CBSE,Class 7,Computer Science,Online with Computer,"Chapter 5 Views, Styles And Mail Merge",,,Short Answer Questions (QPG),Explain all the views in detail.,N/A,,,,,,Other,Hard,Test Learning Outcome 1,"Skillone,skilltwo","ONLINE WITH COMPUTERS COURSE BOOK 7,Views, Styles and Mail Merge",1
CBSE,Class 7,Computer Science,Online with Computer,"Chapter 5 Views, Styles And Mail Merge",,,Short Answer Questions (QPG),Explain Full Screen view.,N/A,,,,,,Other,Hard,Test Learning Outcome 1,"Skillone,skilltwo","ONLINE WITH COMPUTERS COURSE BOOK 7,Views, Styles and Mail Merge",1
CBSE,Class 7,Computer Science,Online with Computer,"Chapter 5 Views, Styles And Mail Merge",,,Short Answer Questions (QPG),"Explain in detail, what does Normal view display. How are graphics positioned in Print Layout view?",N/A,,,,,,Other,Hard,Test Learning Outcome 1,"Skillone,skilltwo","ONLINE WITH COMPUTERS COURSE BOOK 7,Views, Styles and Mail Merge",1
CBSE,Class 7,Computer Science,Online with Computer,"Chapter 5 Views, Styles And Mail Merge",,,Short Answer Questions (QPG),Explain Mail Merge in detail.,N/A,,,,,,Other,Hard,Test Learning Outcome 1,"Skillone,skilltwo","ONLINE WITH COMPUTERS COURSE BOOK 7,Views, Styles and Mail Merge",1
CBSE,Class 7,Computer Science,Online with Computer,"Chapter 5 Views, Styles And Mail Merge",,,Short Answer Questions (QPG),Explain the difference between Document Map view and Outline view.,N/A,,,,,,Other,Hard,Test Learning Outcome 1,"Skillone,skilltwo","ONLINE WITH COMPUTERS COURSE BOOK 7,Views, Styles and Mail Merge",1
CBSE,Class 7,Computer Science,Online with Computer,"Chapter 5 Views, Styles And Mail Merge",,,Short Answer Questions (QPG),How do you select and deselect document map?,N/A,,,,,,Other,Hard,Test Learning Outcome 1,"Skillone,skilltwo","ONLINE WITH COMPUTERS COURSE BOOK 7,Views, Styles and Mail Merge",1
CBSE,Class 7,Computer Science,Online with Computer,"Chapter 5 Views, Styles And Mail Merge",,,Short Answer Questions (QPG),How many files are required for mail merge? What are merge fields? What is data source?,N/A,,,,,,Other,Hard,Test Learning Outcome 1,"Skillone,skilltwo","ONLINE WITH COMPUTERS COURSE BOOK 7,Views, Styles and Mail Merge",1
CBSE,Class 7,Computer Science,Online with Computer,"Chapter 5 Views, Styles And Mail Merge",,,Short Answer Questions (QPG),How will you view two different parts of the document at the same time?,N/A,,,,,,Other,Hard,Test Learning Outcome 1,"Skillone,skilltwo","ONLINE WITH COMPUTERS COURSE BOOK 7,Views, Styles and Mail Merge",1
CBSE,Class 7,Computer Science,Online with Computer,"Chapter 5 Views, Styles And Mail Merge",,,Short Answer Questions (QPG),Name the views in Word and their usage. What is the use of view buttons?,N/A,,,,,,Other,Hard,Test Learning Outcome 1,"Skillone,skilltwo","ONLINE WITH COMPUTERS COURSE BOOK 7,Views, Styles and Mail Merge",1
CBSE,Class 7,Computer Science,Online with Computer,"Chapter 5 Views, Styles And Mail Merge",,,Short Answer Questions (QPG),What are styles? How do you apply and create a new style?,N/A,,,,,,Other,Hard,Test Learning Outcome 1,"Skillone,skilltwo","ONLINE WITH COMPUTERS COURSE BOOK 7,Views, Styles and Mail Merge",1
CBSE,Class 7,Computer Science,Online with Computer,"Chapter 5 Views, Styles And Mail Merge",,,Short Answer Questions (QPG),What are the advantages of Print Layout view? How do you move a heading & text in Outline view?,N/A,,,,,,Other,Hard,Test Learning Outcome 1,"Skillone,skilltwo","ONLINE WITH COMPUTERS COURSE BOOK 7,Views, Styles and Mail Merge",1
CBSE,Class 7,Computer Science,Online with Computer,"Chapter 5 Views, Styles And Mail Merge",,,Short Answer Questions (QPG),What does ‘Zoom in’ mean?,N/A,,,,,,Other,Hard,Test Learning Outcome 1,"Skillone,skilltwo","ONLINE WITH COMPUTERS COURSE BOOK 7,Views, Styles and Mail Merge",1
CBSE,Class 7,Computer Science,Online with Computer,"Chapter 5 Views, Styles And Mail Merge",,,Short Answer Questions (QPG),What does plus (+) symbol to the left of text in outline view do?,N/A,,,,,,Other,Hard,Test Learning Outcome 1,"Skillone,skilltwo","ONLINE WITH COMPUTERS COURSE BOOK 7,Views, Styles and Mail Merge",1
CBSE,Class 7,Computer Science,Online with Computer,"Chapter 5 Views, Styles And Mail Merge",,,Short Answer Questions (QPG),What does Web Layout view display?,N/A,,,,,,Other,Hard,Test Learning Outcome 1,"Skillone,skilltwo","ONLINE WITH COMPUTERS COURSE BOOK 7,Views, Styles and Mail Merge",1
CBSE,Class 7,Computer Science,Online with Computer,"Chapter 5 Views, Styles And Mail Merge",,,Short Answer Questions (QPG),What is Mail Merge? How do you start mail merge?,N/A,,,,,,Other,Hard,Test Learning Outcome 1,"Skillone,skilltwo","ONLINE WITH COMPUTERS COURSE BOOK 7,Views, Styles and Mail Merge",1
CBSE,Class 7,Computer Science,Online with Computer,"Chapter 5 Views, Styles And Mail Merge",,, True or False (QPG),Any backgrounds present on the page are displayed in Web layout view. ___________,N/A,,,,,,Other,Hard,Test Learning Outcome 1,"Skillone,skilltwo","ONLINE WITH COMPUTERS COURSE BOOK 7,Views, Styles and Mail Merge",1
CBSE,Class 7,Computer Science,Online with Computer,"Chapter 5 Views, Styles And Mail Merge",,, True or False (QPG),Heading assigned the ‘HEADING1’ would be a ‘LEVEL2’ in Outline view. ___________,N/A,,,,,,Other,Hard,Test Learning Outcome 1,"Skillone,skilltwo","ONLINE WITH COMPUTERS COURSE BOOK 7,Views, Styles and Mail Merge",1
CBSE,Class 7,Computer Science,Online with Computer,"Chapter 5 Views, Styles And Mail Merge",,, True or False (QPG),"In window split panes, no changes can be made to document. ___________",N/A,,,,,,Other,Hard,Test Learning Outcome 1,"Skillone,skilltwo","ONLINE WITH COMPUTERS COURSE BOOK 7,Views, Styles and Mail Merge",1
CBSE,Class 7,Computer Science,Online with Computer,"Chapter 5 Views, Styles And Mail Merge",,, True or False (QPG),Outline view offers to collapse & condense the outline of document. ___________,N/A,,,,,,Other,Hard,Test Learning Outcome 1,"Skillone,skilltwo","ONLINE WITH COMPUTERS COURSE BOOK 7,Views, Styles and Mail Merge",1
CBSE,Class 7,Computer Science,Online with Computer,"Chapter 5 Views, Styles And Mail Merge",,, True or False (QPG),To start Mail Merge select Tools > Mail Merge. ___________,N/A,,,,,,Other,Hard,Test Learning Outcome 1,"Skillone,skilltwo","ONLINE WITH COMPUTERS COURSE BOOK 7,Views, Styles and Mail Merge",1
CBSE,Class 7,Computer Science,Online with Computer,"Chapter 5 Views, Styles And Mail Merge",,, True or False (QPG),You cannot add new field name to a merge document. ___________,N/A,,,,,,Other,Hard,Test Learning Outcome 1,"Skillone,skilltwo","ONLINE WITH COMPUTERS COURSE BOOK 7,Views, Styles and Mail Merge",1
CBSE,Class 7,Computer Science,Online with Computer,"Chapter 5 Views, Styles And Mail Merge",,, True or False (QPG),Zooming of document is applicable for all views. ___________,N/A,,,,,,Other,Hard,Test Learning Outcome 1,"Skillone,skilltwo","ONLINE WITH COMPUTERS COURSE BOOK 7,Views, Styles and Mail Merge",1
CBSE,Class 8,Computer Science,Online with Computer,Chapter 1 Advance Features Of Excel 2003,,,Fill in the blank (QPG),____________________ charts are good for showing changes in data series over time,N/A,,,,,,Other,Hard,Test Learning Outcome 1,"Skillone,skilltwo","ONLINE WITH COMPUTERS COURSE BOOK 8,Advance Features of Excel 2003",1
CBSE,Class 8,Computer Science,Online with Computer,Chapter 1 Advance Features Of Excel 2003,,,Fill in the blank (QPG),"Select Open published web page in browser to launch the _________________________ and view HTML
file.",N/A,,,,,,Other,Hard,Test Learning Outcome 1,"Skillone,skilltwo","ONLINE WITH COMPUTERS COURSE BOOK 8,Advance Features of Excel 2003",1
CBSE,Class 8,Computer Science,Online with Computer,Chapter 1 Advance Features Of Excel 2003,,,Fill in the blank (QPG),Bar charts are good for showing performance against _________________________ .,N/A,,,,,,Other,Hard,Test Learning Outcome 1,"Skillone,skilltwo","ONLINE WITH COMPUTERS COURSE BOOK 8,Advance Features of Excel 2003",1
CBSE,Class 8,Computer Science,Online with Computer,Chapter 1 Advance Features Of Excel 2003,,,Fill in the blank (QPG),"For Inserting hyperlinks, click __________________________ button on toolbar.",N/A,,,,,,Other,Hard,Test Learning Outcome 1,"Skillone,skilltwo","ONLINE WITH COMPUTERS COURSE BOOK 8,Advance Features of Excel 2003",1
CBSE,Class 8,Computer Science,Online with Computer,Chapter 1 Advance Features Of Excel 2003,,,Fill in the blank (QPG),"Inserting hyperlinks dialog box, select Recent files or _________________________from the list.",N/A,,,,,,Other,Hard,Test Learning Outcome 1,"Skillone,skilltwo","ONLINE WITH COMPUTERS COURSE BOOK 8,Advance Features of Excel 2003",1
CBSE,Class 8,Computer Science,Online with Computer,Chapter 1 Advance Features Of Excel 2003,,,Fill in the blank (QPG),Lines across the chart from the axes for visual reference is called _________________________ .,N/A,,,,,,Other,Hard,Test Learning Outcome 1,"Skillone,skilltwo","ONLINE WITH COMPUTERS COURSE BOOK 8,Advance Features of Excel 2003",1
CBSE,Class 8,Computer Science,Online with Computer,Chapter 1 Advance Features Of Excel 2003,,,Fill in the blank (QPG),"Saving the work from Save as dialog box, choose Entire worksheet or ______________________ .",N/A,,,,,,Other,Hard,Test Learning Outcome 1,"Skillone,skilltwo","ONLINE WITH COMPUTERS COURSE BOOK 8,Advance Features of Excel 2003",1
CBSE,Class 8,Computer Science,Online with Computer,Chapter 1 Advance Features Of Excel 2003,,,Fill in the blank (QPG),X axis is the _________________________ axis.,N/A,,,,,,Other,Hard,Test Learning Outcome 1,"Skillone,skilltwo","ONLINE WITH COMPUTERS COURSE BOOK 8,Advance Features of Excel 2003",1
CBSE,Class 8,Computer Science,Online with Computer,Chapter 1 Advance Features Of Excel 2003,,,Short Answer Questions (QPG),"By Inserting Hyperlinks, how do you create a link to an e mail address?",N/A,,,,,,Other,Hard,Test Learning Outcome 1,"Skillone,skilltwo","ONLINE WITH COMPUTERS COURSE BOOK 8,Advance Features of Excel 2003",1
CBSE,Class 8,Computer Science,Online with Computer,Chapter 1 Advance Features Of Excel 2003,,,Short Answer Questions (QPG),Explain about the various options of chart toolbar.,N/A,,,,,,Other,Hard,Test Learning Outcome 1,"Skillone,skilltwo","ONLINE WITH COMPUTERS COURSE BOOK 8,Advance Features of Excel 2003",1
CBSE,Class 8,Computer Science,Online with Computer,Chapter 1 Advance Features Of Excel 2003,,,Short Answer Questions (QPG),Explain all the chart terms and chart types.,N/A,,,,,,Other,Hard,Test Learning Outcome 1,"Skillone,skilltwo","ONLINE WITH COMPUTERS COURSE BOOK 8,Advance Features of Excel 2003",1
CBSE,Class 8,Computer Science,Online with Computer,Chapter 1 Advance Features Of Excel 2003,,,Short Answer Questions (QPG),Explain how do you save Excel workbooks for the web.,N/A,,,,,,Other,Hard,Test Learning Outcome 1,"Skillone,skilltwo","ONLINE WITH COMPUTERS COURSE BOOK 8,Advance Features of Excel 2003",1
CBSE,Class 8,Computer Science,Online with Computer,Chapter 1 Advance Features Of Excel 2003,,,Short Answer Questions (QPG),How do you add Hyperlinks to a worksheet?,N/A,,,,,,Other,Hard,Test Learning Outcome 1,"Skillone,skilltwo","ONLINE WITH COMPUTERS COURSE BOOK 8,Advance Features of Excel 2003",1
CBSE,Class 8,Computer Science,Online with Computer,Chapter 1 Advance Features Of Excel 2003,,,Short Answer Questions (QPG),How do you change the title of a web page made through Excel? Where does the title of Web page appear?,N/A,,,,,,Other,Hard,Test Learning Outcome 1,"Skillone,skilltwo","ONLINE WITH COMPUTERS COURSE BOOK 8,Advance Features of Excel 2003",1
CBSE,Class 8,Computer Science,Online with Computer,Chapter 1 Advance Features Of Excel 2003,,,Short Answer Questions (QPG),How do you edit the chart? What are various options of Format data series?,N/A,,,,,,Other,Hard,Test Learning Outcome 1,"Skillone,skilltwo","ONLINE WITH COMPUTERS COURSE BOOK 8,Advance Features of Excel 2003",1
CBSE,Class 8,Computer Science,Online with Computer,Chapter 1 Advance Features Of Excel 2003,,,Short Answer Questions (QPG),How do you insert a chart in Excel? Explain in detail.,N/A,,,,,,Other,Hard,Test Learning Outcome 1,"Skillone,skilltwo","ONLINE WITH COMPUTERS COURSE BOOK 8,Advance Features of Excel 2003",1
CBSE,Class 8,Computer Science,Online with Computer,Chapter 1 Advance Features Of Excel 2003,,,Short Answer Questions (QPG),How do you insert an element in a chart? How do you change a chart’s type?,N/A,,,,,,Other,Hard,Test Learning Outcome 1,"Skillone,skilltwo","ONLINE WITH COMPUTERS COURSE BOOK 8,Advance Features of Excel 2003",1
CBSE,Class 8,Computer Science,Online with Computer,Chapter 1 Advance Features Of Excel 2003,,,Short Answer Questions (QPG),How do you insert chart?,N/A,,,,,,Other,Hard,Test Learning Outcome 1,"Skillone,skilltwo","ONLINE WITH COMPUTERS COURSE BOOK 8,Advance Features of Excel 2003",1
CBSE,Class 8,Computer Science,Online with Computer,Chapter 1 Advance Features Of Excel 2003,,,Short Answer Questions (QPG),How do you move and resize a chart?,N/A,,,,,,Other,Hard,Test Learning Outcome 1,"Skillone,skilltwo","ONLINE WITH COMPUTERS COURSE BOOK 8,Advance Features of Excel 2003",1
CBSE,Class 8,Computer Science,Online with Computer,Chapter 1 Advance Features Of Excel 2003,,,Short Answer Questions (QPG),How do you sort data on more than one column? Explain.,N/A,,,,,,Other,Hard,Test Learning Outcome 1,"Skillone,skilltwo","ONLINE WITH COMPUTERS COURSE BOOK 8,Advance Features of Excel 2003",1
CBSE,Class 8,Computer Science,Online with Computer,Chapter 1 Advance Features Of Excel 2003,,,Short Answer Questions (QPG),How will you publish an entire workbook containing static data?,N/A,,,,,,Other,Hard,Test Learning Outcome 1,"Skillone,skilltwo","ONLINE WITH COMPUTERS COURSE BOOK 8,Advance Features of Excel 2003",1
CBSE,Class 8,Computer Science,Online with Computer,Chapter 1 Advance Features Of Excel 2003,,,Short Answer Questions (QPG),Name the different types of charts. Name the command to insert chart.,N/A,,,,,,Other,Hard,Test Learning Outcome 1,"Skillone,skilltwo","ONLINE WITH COMPUTERS COURSE BOOK 8,Advance Features of Excel 2003",1
CBSE,Class 8,Computer Science,Online with Computer,Chapter 1 Advance Features Of Excel 2003,,,Short Answer Questions (QPG),What are axes?,N/A,,,,,,Other,Hard,Test Learning Outcome 1,"Skillone,skilltwo","ONLINE WITH COMPUTERS COURSE BOOK 8,Advance Features of Excel 2003",1
CBSE,Class 8,Computer Science,Online with Computer,Chapter 1 Advance Features Of Excel 2003,,,Short Answer Questions (QPG),What is a ‘Screen Tip’?,N/A,,,,,,Other,Hard,Test Learning Outcome 1,"Skillone,skilltwo","ONLINE WITH COMPUTERS COURSE BOOK 8,Advance Features of Excel 2003",1
CBSE,Class 8,Computer Science,Online with Computer,Chapter 1 Advance Features Of Excel 2003,,,Short Answer Questions (QPG),"What is a title, legend, data series and categories?",N/A,,,,,,Other,Hard,Test Learning Outcome 1,"Skillone,skilltwo","ONLINE WITH COMPUTERS COURSE BOOK 8,Advance Features of Excel 2003",1
CBSE,Class 8,Computer Science,Online with Computer,Chapter 1 Advance Features Of Excel 2003,,,Short Answer Questions (QPG),What is sorting? How do you sort data using simple sorting?,N/A,,,,,,Other,Hard,Test Learning Outcome 1,"Skillone,skilltwo","ONLINE WITH COMPUTERS COURSE BOOK 8,Advance Features of Excel 2003",1
CBSE,Class 8,Computer Science,Online with Computer,Chapter 1 Advance Features Of Excel 2003,,,Short Answer Questions (QPG),Write the steps to update data.,N/A,,,,,,Other,Hard,Test Learning Outcome 1,"Skillone,skilltwo","ONLINE WITH COMPUTERS COURSE BOOK 8,Advance Features of Excel 2003",1
CBSE,Class 8,Computer Science,Online with Computer,Chapter 1 Advance Features Of Excel 2003,,, True or False (QPG),Bookmark button is located on the places bar of Insert Hyperlink box. _________,N/A,,,,,,Other,Hard,Test Learning Outcome 1,"Skillone,skilltwo","ONLINE WITH COMPUTERS COURSE BOOK 8,Advance Features of Excel 2003",1
CBSE,Class 8,Computer Science,Online with Computer,Chapter 1 Advance Features Of Excel 2003,,, True or False (QPG),Chart wizard helps us to make charts. _________,N/A,,,,,,Other,Hard,Test Learning Outcome 1,"Skillone,skilltwo","ONLINE WITH COMPUTERS COURSE BOOK 8,Advance Features of Excel 2003",1
CBSE,Class 8,Computer Science,Online with Computer,Chapter 1 Advance Features Of Excel 2003,,, True or False (QPG),Insert Hyperlink button is located on Standard toolbar. _________,N/A,,,,,,Other,Hard,Test Learning Outcome 1,"Skillone,skilltwo","ONLINE WITH COMPUTERS COURSE BOOK 8,Advance Features of Excel 2003",1
CBSE,Class 8,Computer Science,Online with Computer,Chapter 1 Advance Features Of Excel 2003,,, True or False (QPG),The colour of text of link changes to indicate that you have used the link. _________,N/A,,,,,,Other,Hard,Test Learning Outcome 1,"Skillone,skilltwo","ONLINE WITH COMPUTERS COURSE BOOK 8,Advance Features of Excel 2003",1
CBSE,Class 8,Computer Science,Online with Computer,Chapter 1 Advance Features Of Excel 2003,,, True or False (QPG),You can change the data series during a chart wizard operation. _________,N/A,,,,,,Other,Hard,Test Learning Outcome 1,"Skillone,skilltwo","ONLINE WITH COMPUTERS COURSE BOOK 8,Advance Features of Excel 2003",1
CBSE,Class 8,Computer Science,Online with Computer,Chapter 1 Advance Features Of Excel 2003,,, True or False (QPG),You cannot insert a pie chart in Excel. _________,N/A,,,,,,Other,Hard,Test Learning Outcome 1,"Skillone,skilltwo","ONLINE WITH COMPUTERS COURSE BOOK 8,Advance Features of Excel 2003",1
CBSE,Class 8,Computer Science,Online with Computer,Chapter 2 Downloading And Installing Files,,,Fill in the blank (QPG),_________________________ program asks you to send the programmer certain amount of fees.,N/A,,,,,,Other,Hard,Test Learning Outcome 1,"Skillone,skilltwo","ONLINE WITH COMPUTERS COURSE BOOK 8,Downloading and Installing Files",1
CBSE,Class 8,Computer Science,Online with Computer,Chapter 2 Downloading And Installing Files,,,Fill in the blank (QPG),_________________________ web site has its own search engine to locate files.,N/A,,,,,,Other,Hard,Test Learning Outcome 1,"Skillone,skilltwo","ONLINE WITH COMPUTERS COURSE BOOK 8,Downloading and Installing Files",1
CBSE,Class 8,Computer Science,Online with Computer,Chapter 2 Downloading And Installing Files,,,Fill in the blank (QPG),An _________________________ is a keyword seperetted by space within single brackets.,N/A,,,,,,Other,Hard,Test Learning Outcome 1,"Skillone,skilltwo","ONLINE WITH COMPUTERS COURSE BOOK 8,Downloading and Installing Files",1
CBSE,Class 8,Computer Science,Online with Computer,Chapter 2 Downloading And Installing Files,,,Fill in the blank (QPG),B> tag means to make text _________________________ .,N/A,,,,,,Other,Hard,Test Learning Outcome 1,"Skillone,skilltwo","ONLINE WITH COMPUTERS COURSE BOOK 8,Downloading and Installing Files",1
CBSE,Class 8,Computer Science,Online with Computer,Chapter 2 Downloading And Installing Files,,,Fill in the blank (QPG),Display platforms are combinations of computer hardware and _____________________ system.,N/A,,,,,,Other,Hard,Test Learning Outcome 1,"Skillone,skilltwo","ONLINE WITH COMPUTERS COURSE BOOK 8,Downloading and Installing Files",1
CBSE,Class 8,Computer Science,Online with Computer,Chapter 2 Downloading And Installing Files,,,Fill in the blank (QPG),HTML is _________________________ markup language.,N/A,,,,,,Other,Hard,Test Learning Outcome 1,"Skillone,skilltwo","ONLINE WITH COMPUTERS COURSE BOOK 8,Downloading and Installing Files",1
CBSE,Class 8,Computer Science,Online with Computer,Chapter 2 Downloading And Installing Files,,,Fill in the blank (QPG),Tag is a unit of _________________________ .,N/A,,,,,,Other,Hard,Test Learning Outcome 1,"Skillone,skilltwo","ONLINE WITH COMPUTERS COURSE BOOK 8,Downloading and Installing Files",1
CBSE,Class 8,Computer Science,Online with Computer,Chapter 2 Downloading And Installing Files,,,Short Answer Questions (QPG),Define HTML? What does HTML do?,N/A,,,,,,Other,Hard,Test Learning Outcome 1,"Skillone,skilltwo","ONLINE WITH COMPUTERS COURSE BOOK 8,Downloading and Installing Files",1
CBSE,Class 8,Computer Science,Online with Computer,Chapter 2 Downloading And Installing Files,,,Short Answer Questions (QPG),Explain installation of zipped and auto executable software.,N/A,,,,,,Other,Hard,Test Learning Outcome 1,"Skillone,skilltwo","ONLINE WITH COMPUTERS COURSE BOOK 8,Downloading and Installing Files",1
CBSE,Class 8,Computer Science,Online with Computer,Chapter 2 Downloading And Installing Files,,,Short Answer Questions (QPG),Explain the detail of software contained in Microsoft and Winfiles.com sites.,N/A,,,,,,Other,Hard,Test Learning Outcome 1,"Skillone,skilltwo","ONLINE WITH COMPUTERS COURSE BOOK 8,Downloading and Installing Files",1
CBSE,Class 8,Computer Science,Online with Computer,Chapter 2 Downloading And Installing Files,,,Short Answer Questions (QPG),How can the tags be nested with each other? Give examples.,N/A,,,,,,Other,Hard,Test Learning Outcome 1,"Skillone,skilltwo","ONLINE WITH COMPUTERS COURSE BOOK 8,Downloading and Installing Files",1
CBSE,Class 8,Computer Science,Online with Computer,Chapter 2 Downloading And Installing Files,,,Short Answer Questions (QPG),Name the platforms where HTML can display the documents. Name a few applications of HTML.,N/A,,,,,,Other,Hard,Test Learning Outcome 1,"Skillone,skilltwo","ONLINE WITH COMPUTERS COURSE BOOK 8,Downloading and Installing Files",1
CBSE,Class 8,Computer Science,Online with Computer,Chapter 2 Downloading And Installing Files,,,Short Answer Questions (QPG),What are tags? What are tag attributes? Give examples.,N/A,,,,,,Other,Hard,Test Learning Outcome 1,"Skillone,skilltwo","ONLINE WITH COMPUTERS COURSE BOOK 8,Downloading and Installing Files",1
CBSE,Class 8,Computer Science,Online with Computer,Chapter 2 Downloading And Installing Files,,,Short Answer Questions (QPG),What are the different types of HTML tags?,N/A,,,,,,Other,Hard,Test Learning Outcome 1,"Skillone,skilltwo","ONLINE WITH COMPUTERS COURSE BOOK 8,Downloading and Installing Files",1
CBSE,Class 8,Computer Science,Online with Computer,Chapter 2 Downloading And Installing Files,,,Short Answer Questions (QPG),What are the steps taken to download a file from a web site?,N/A,,,,,,Other,Hard,Test Learning Outcome 1,"Skillone,skilltwo","ONLINE WITH COMPUTERS COURSE BOOK 8,Downloading and Installing Files",1
CBSE,Class 8,Computer Science,Online with Computer,Chapter 2 Downloading And Installing Files,,,Short Answer Questions (QPG),What are the steps taken to Install WinZip? How do Zip archives appear?,N/A,,,,,,Other,Hard,Test Learning Outcome 1,"Skillone,skilltwo","ONLINE WITH COMPUTERS COURSE BOOK 8,Downloading and Installing Files",1
CBSE,Class 8,Computer Science,Online with Computer,Chapter 2 Downloading And Installing Files,,,Short Answer Questions (QPG),What are the steps to unzip a downloaded application? How do you install the Unzipped application?,N/A,,,,,,Other,Hard,Test Learning Outcome 1,"Skillone,skilltwo","ONLINE WITH COMPUTERS COURSE BOOK 8,Downloading and Installing Files",1
CBSE,Class 8,Computer Science,Online with Computer,Chapter 2 Downloading And Installing Files,,,Short Answer Questions (QPG),What do you understand by freeware and shareware programs?,N/A,,,,,,Other,Hard,Test Learning Outcome 1,"Skillone,skilltwo","ONLINE WITH COMPUTERS COURSE BOOK 8,Downloading and Installing Files",1
CBSE,Class 8,Computer Science,Online with Computer,Chapter 2 Downloading And Installing Files,,,Short Answer Questions (QPG),What does Win Zip do to the downloaded files? Name two web sites from where one can load WinZip.,N/A,,,,,,Other,Hard,Test Learning Outcome 1,"Skillone,skilltwo","ONLINE WITH COMPUTERS COURSE BOOK 8,Downloading and Installing Files",1
CBSE,Class 8,Computer Science,Online with Computer,Chapter 2 Downloading And Installing Files,,,Short Answer Questions (QPG),What is an archive? How do you start your own search for software sites?,N/A,,,,,,Other,Hard,Test Learning Outcome 1,"Skillone,skilltwo","ONLINE WITH COMPUTERS COURSE BOOK 8,Downloading and Installing Files",1
CBSE,Class 8,Computer Science,Online with Computer,Chapter 2 Downloading And Installing Files,,,Short Answer Questions (QPG),Which software will you use to install compressed software?,N/A,,,,,,Other,Hard,Test Learning Outcome 1,"Skillone,skilltwo","ONLINE WITH COMPUTERS COURSE BOOK 8,Downloading and Installing Files",1
CBSE,Class 8,Computer Science,Online with Computer,Chapter 2 Downloading And Installing Files,,,Short Answer Questions (QPG),Why the downloaded applications are compressed?,N/A,,,,,,Other,Hard,Test Learning Outcome 1,"Skillone,skilltwo","ONLINE WITH COMPUTERS COURSE BOOK 8,Downloading and Installing Files",1
CBSE,Class 8,Computer Science,Online with Computer,Chapter 2 Downloading And Installing Files,,, True or False (QPG),"The folders holding the downloaded files reside in the right pane of
windows explorer. __________",N/A,,,,,,Other,Hard,Test Learning Outcome 1,"Skillone,skilltwo","ONLINE WITH COMPUTERS COURSE BOOK 8,Downloading and Installing Files",1
CBSE,Class 8,Computer Science,Online with Computer,Chapter 2 Downloading And Installing Files,,, True or False (QPG),All downloaded files are always zipped. __________,N/A,,,,,,Other,Hard,Test Learning Outcome 1,"Skillone,skilltwo","ONLINE WITH COMPUTERS COURSE BOOK 8,Downloading and Installing Files",1
CBSE,Class 8,Computer Science,Online with Computer,Chapter 2 Downloading And Installing Files,,, True or False (QPG),Every tag in HTML has meaning. __________,N/A,,,,,,Other,Hard,Test Learning Outcome 1,"Skillone,skilltwo","ONLINE WITH COMPUTERS COURSE BOOK 8,Downloading and Installing Files",1
CBSE,Class 8,Computer Science,Online with Computer,Chapter 2 Downloading And Installing Files,,, True or False (QPG),HTML is case sensitive. __________,N/A,,,,,,Other,Hard,Test Learning Outcome 1,"Skillone,skilltwo","ONLINE WITH COMPUTERS COURSE BOOK 8,Downloading and Installing Files",1
CBSE,Class 8,Computer Science,Online with Computer,Chapter 2 Downloading And Installing Files,,, True or False (QPG),HTML works on more than one platform also. __________,N/A,,,,,,Other,Hard,Test Learning Outcome 1,"Skillone,skilltwo","ONLINE WITH COMPUTERS COURSE BOOK 8,Downloading and Installing Files",1
CBSE,Class 8,Computer Science,Online with Computer,Chapter 2 Downloading And Installing Files,,, True or False (QPG),It is faster to download the zipped files from the web. __________,N/A,,,,,,Other,Hard,Test Learning Outcome 1,"Skillone,skilltwo","ONLINE WITH COMPUTERS COURSE BOOK 8,Downloading and Installing Files",1
CBSE,Class 8,Computer Science,Online with Computer,Chapter 2 Downloading And Installing Files,,, True or False (QPG),"Once the parts of a document are indicated by tags, HTML will display it correctly. __________",N/A,,,,,,Other,Hard,Test Learning Outcome 1,"Skillone,skilltwo","ONLINE WITH COMPUTERS COURSE BOOK 8,Downloading and Installing Files",1
CBSE,Class 8,Computer Science,Online with Computer,Chapter 2 Downloading And Installing Files,,, True or False (QPG),Some freeware programs are also called malware programs. __________,N/A,,,,,,Other,Hard,Test Learning Outcome 1,"Skillone,skilltwo","ONLINE WITH COMPUTERS COURSE BOOK 8,Downloading and Installing Files",1
CBSE,Class 8,Computer Science,Online with Computer,Chapter 2 Downloading And Installing Files,,, True or False (QPG),The time taken for downloading the file depends upon internet speed. __________,N/A,,,,,,Other,Hard,Test Learning Outcome 1,"Skillone,skilltwo","ONLINE WITH COMPUTERS COURSE BOOK 8,Downloading and Installing Files",1
CBSE,Class 8,Computer Science,Online with Computer,Chapter 2 Downloading And Installing Files,,, True or False (QPG),"To unzip an application, one necessarily need not be online. __________",N/A,,,,,,Other,Hard,Test Learning Outcome 1,"Skillone,skilltwo","ONLINE WITH COMPUTERS COURSE BOOK 8,Downloading and Installing Files",1
CBSE,Class 8,Computer Science,Online with Computer,Chapter 2 Downloading And Installing Files,,, True or False (QPG),Unknown tags in HTML are ignored. __________,N/A,,,,,,Other,Hard,Test Learning Outcome 1,"Skillone,skilltwo","ONLINE WITH COMPUTERS COURSE BOOK 8,Downloading and Installing Files",1
CBSE,Class 8,Computer Science,Online with Computer,Chapter 2 Downloading And Installing Files,,, True or False (QPG),Windows explorer is used to unzip & install the downloaded application. __________,N/A,,,,,,Other,Hard,Test Learning Outcome 1,"Skillone,skilltwo","ONLINE WITH COMPUTERS COURSE BOOK 8,Downloading and Installing Files",1
CBSE,Class 8,Computer Science,Online with Computer,Chapter 3 Malware And Antivirus,,,Fill in the blank (QPG),A _________________________ is a self replicating program.,N/A,,,,,,Other,Hard,Test Learning Outcome 1,"Skillone,skilltwo","ONLINE WITH COMPUTERS COURSE BOOK 8,Malware and Antivirus",1
CBSE,Class 8,Computer Science,Online with Computer,Chapter 3 Malware And Antivirus,,,Fill in the blank (QPG),E mail & secuirty status are available in opening _________________________ screen.,N/A,,,,,,Other,Hard,Test Learning Outcome 1,"Skillone,skilltwo","ONLINE WITH COMPUTERS COURSE BOOK 8,Malware and Antivirus",1
CBSE,Class 8,Computer Science,Online with Computer,Chapter 3 Malware And Antivirus,,,Fill in the blank (QPG),File infector generally infects files of types ____________________ and ___________________ .,N/A,,,,,,Other,Hard,Test Learning Outcome 1,"Skillone,skilltwo","ONLINE WITH COMPUTERS COURSE BOOK 8,Malware and Antivirus",1
CBSE,Class 8,Computer Science,Online with Computer,Chapter 3 Malware And Antivirus,,,Fill in the blank (QPG),Heuristics means _________________________ .,N/A,,,,,,Other,Hard,Test Learning Outcome 1,"Skillone,skilltwo","ONLINE WITH COMPUTERS COURSE BOOK 8,Malware and Antivirus",1
CBSE,Class 8,Computer Science,Online with Computer,Chapter 3 Malware And Antivirus,,,Fill in the blank (QPG),The other name of payload is _________________________ .,N/A,,,,,,Other,Hard,Test Learning Outcome 1,"Skillone,skilltwo","ONLINE WITH COMPUTERS COURSE BOOK 8,Malware and Antivirus",1
CBSE,Class 8,Computer Science,Online with Computer,Chapter 3 Malware And Antivirus,,,Fill in the blank (QPG),"To scan individual files, click on _________________________ in options dropdown menu.",N/A,,,,,,Other,Hard,Test Learning Outcome 1,"Skillone,skilltwo","ONLINE WITH COMPUTERS COURSE BOOK 8,Malware and Antivirus",1
CBSE,Class 8,Computer Science,Online with Computer,Chapter 3 Malware And Antivirus,,,Fill in the blank (QPG),"To start updating, click on _________________________ button below the Title bar.",N/A,,,,,,Other,Hard,Test Learning Outcome 1,"Skillone,skilltwo","ONLINE WITH COMPUTERS COURSE BOOK 8,Malware and Antivirus",1
CBSE,Class 8,Computer Science,Online with Computer,Chapter 3 Malware And Antivirus,,,Short Answer Questions (QPG),Define payload.,N/A,,,,,,Other,Hard,Test Learning Outcome 1,"Skillone,skilltwo","ONLINE WITH COMPUTERS COURSE BOOK 8,Malware and Antivirus",1
CBSE,Class 8,Computer Science,Online with Computer,Chapter 3 Malware And Antivirus,,,Short Answer Questions (QPG),Explain different types of viruses in detail.,N/A,,,,,,Other,Hard,Test Learning Outcome 1,"Skillone,skilltwo","ONLINE WITH COMPUTERS COURSE BOOK 8,Malware and Antivirus",1
CBSE,Class 8,Computer Science,Online with Computer,Chapter 3 Malware And Antivirus,,,Short Answer Questions (QPG),Explain Norton AntiVirus operation in detail.,N/A,,,,,,Other,Hard,Test Learning Outcome 1,"Skillone,skilltwo","ONLINE WITH COMPUTERS COURSE BOOK 8,Malware and Antivirus",1
CBSE,Class 8,Computer Science,Online with Computer,Chapter 3 Malware And Antivirus,,,Short Answer Questions (QPG),How will you update your AntiVirus? Explain.,N/A,,,,,,Other,Hard,Test Learning Outcome 1,"Skillone,skilltwo","ONLINE WITH COMPUTERS COURSE BOOK 8,Malware and Antivirus",1
CBSE,Class 8,Computer Science,Online with Computer,Chapter 3 Malware And Antivirus,,,Short Answer Questions (QPG),Name the options offered on opening AVG AntiVirus.,N/A,,,,,,Other,Hard,Test Learning Outcome 1,"Skillone,skilltwo","ONLINE WITH COMPUTERS COURSE BOOK 8,Malware and Antivirus",1
CBSE,Class 8,Computer Science,Online with Computer,Chapter 3 Malware And Antivirus,,,Short Answer Questions (QPG),What are macro viruses? In which language are macro viruses written?,N/A,,,,,,Other,Hard,Test Learning Outcome 1,"Skillone,skilltwo","ONLINE WITH COMPUTERS COURSE BOOK 8,Malware and Antivirus",1
CBSE,Class 8,Computer Science,Online with Computer,Chapter 3 Malware And Antivirus,,,Short Answer Questions (QPG),What are the steps for scanning viruses after you have made the choice of folders or files?,N/A,,,,,,Other,Hard,Test Learning Outcome 1,"Skillone,skilltwo","ONLINE WITH COMPUTERS COURSE BOOK 8,Malware and Antivirus",1
CBSE,Class 8,Computer Science,Online with Computer,Chapter 3 Malware And Antivirus,,,Short Answer Questions (QPG),What are worms? Name some worms.,N/A,,,,,,Other,Hard,Test Learning Outcome 1,"Skillone,skilltwo","ONLINE WITH COMPUTERS COURSE BOOK 8,Malware and Antivirus",1
CBSE,Class 8,Computer Science,Online with Computer,Chapter 3 Malware And Antivirus,,,Short Answer Questions (QPG),What is a slow mailer? What is a mass mailer?,N/A,,,,,,Other,Hard,Test Learning Outcome 1,"Skillone,skilltwo","ONLINE WITH COMPUTERS COURSE BOOK 8,Malware and Antivirus",1
CBSE,Class 8,Computer Science,Online with Computer,Chapter 3 Malware And Antivirus,,,Short Answer Questions (QPG),What is a virus? What are the features of a virus?,N/A,,,,,,Other,Hard,Test Learning Outcome 1,"Skillone,skilltwo","ONLINE WITH COMPUTERS COURSE BOOK 8,Malware and Antivirus",1
CBSE,Class 8,Computer Science,Online with Computer,Chapter 3 Malware And Antivirus,,,Short Answer Questions (QPG),What is AntiVirus? What does AVG AntiVirus do?,N/A,,,,,,Other,Hard,Test Learning Outcome 1,"Skillone,skilltwo","ONLINE WITH COMPUTERS COURSE BOOK 8,Malware and Antivirus",1
CBSE,Class 8,Computer Science,Online with Computer,Chapter 3 Malware And Antivirus,,,Short Answer Questions (QPG),What is resident virus? What is a file infector?,N/A,,,,,,Other,Hard,Test Learning Outcome 1,"Skillone,skilltwo","ONLINE WITH COMPUTERS COURSE BOOK 8,Malware and Antivirus",1
CBSE,Class 8,Computer Science,Online with Computer,Chapter 3 Malware And Antivirus,,,Short Answer Questions (QPG),What is system boot sector? What is boot sector virus?,N/A,,,,,,Other,Hard,Test Learning Outcome 1,"Skillone,skilltwo","ONLINE WITH COMPUTERS COURSE BOOK 8,Malware and Antivirus",1
CBSE,Class 8,Computer Science,Online with Computer,Chapter 3 Malware And Antivirus,,, True or False (QPG),Boot sector is not present in floppy drives. __________,N/A,,,,,,Other,Hard,Test Learning Outcome 1,"Skillone,skilltwo","ONLINE WITH COMPUTERS COURSE BOOK 8,Malware and Antivirus",1
CBSE,Class 8,Computer Science,Online with Computer,Chapter 3 Malware And Antivirus,,, True or False (QPG),File infector can even infect screen saver (.SCR) files. __________,N/A,,,,,,Other,Hard,Test Learning Outcome 1,"Skillone,skilltwo","ONLINE WITH COMPUTERS COURSE BOOK 8,Malware and Antivirus",1
CBSE,Class 8,Computer Science,Online with Computer,Chapter 3 Malware And Antivirus,,, True or False (QPG),Heuristics means rule based. __________,N/A,,,,,,Other,Hard,Test Learning Outcome 1,"Skillone,skilltwo","ONLINE WITH COMPUTERS COURSE BOOK 8,Malware and Antivirus",1
CBSE,Class 8,Computer Science,Online with Computer,Chapter 3 Malware And Antivirus,,, True or False (QPG),There are good viruses also. __________,N/A,,,,,,Other,Hard,Test Learning Outcome 1,"Skillone,skilltwo","ONLINE WITH COMPUTERS COURSE BOOK 8,Malware and Antivirus",1
CBSE,Class 8,Computer Science,Online with Computer,Chapter 3 Malware And Antivirus,,, True or False (QPG),"To update AVG Antivirus, downloaded files are automatically executed. __________",N/A,,,,,,Other,Hard,Test Learning Outcome 1,"Skillone,skilltwo","ONLINE WITH COMPUTERS COURSE BOOK 8,Malware and Antivirus",1
CBSE,Class 8,Computer Science,Online with Computer,Chapter 3 Malware And Antivirus,,, True or False (QPG),Worms are not similar to viruses. __________,N/A,,,,,,Other,Hard,Test Learning Outcome 1,"Skillone,skilltwo","ONLINE WITH COMPUTERS COURSE BOOK 8,Malware and Antivirus",1
CBSE,Class 8,Computer Science,Online with Computer,Chapter 4 Using Internet,,,Fill in the blank (QPG),_________________________ list contains all your preferred web sites.,N/A,,,,,,Other,Hard,Test Learning Outcome 1,"Skillone,skilltwo","ONLINE WITH COMPUTERS COURSE BOOK 8,Using Internet",1
CBSE,Class 8,Computer Science,Online with Computer,Chapter 4 Using Internet,,,Fill in the blank (QPG),Favorites list contain the addresses of _________________________ .,N/A,,,,,,Other,Hard,Test Learning Outcome 1,"Skillone,skilltwo","ONLINE WITH COMPUTERS COURSE BOOK 8,Using Internet",1
CBSE,Class 8,Computer Science,Online with Computer,Chapter 4 Using Internet,,,Fill in the blank (QPG),Place a _________________________ to exclude a word under Lycos search option.,N/A,,,,,,Other,Hard,Test Learning Outcome 1,"Skillone,skilltwo","ONLINE WITH COMPUTERS COURSE BOOK 8,Using Internet",1
CBSE,Class 8,Computer Science,Online with Computer,Chapter 4 Using Internet,,,Fill in the blank (QPG),To add a web site to favorites select _________________________ > Add to Favorites.,N/A,,,,,,Other,Hard,Test Learning Outcome 1,"Skillone,skilltwo","ONLINE WITH COMPUTERS COURSE BOOK 8,Using Internet",1
CBSE,Class 8,Computer Science,Online with Computer,Chapter 4 Using Internet,,,Fill in the blank (QPG),"Under Google web site, click on ________________________ to see a snapshot of the web page.",N/A,,,,,,Other,Hard,Test Learning Outcome 1,"Skillone,skilltwo","ONLINE WITH COMPUTERS COURSE BOOK 8,Using Internet",1
CBSE,Class 8,Computer Science,Online with Computer,Chapter 4 Using Internet,,,Short Answer Questions (QPG),Explain the search results page in detail.,N/A,,,,,,Other,Hard,Test Learning Outcome 1,"Skillone,skilltwo","ONLINE WITH COMPUTERS COURSE BOOK 8,Using Internet",1
CBSE,Class 8,Computer Science,Online with Computer,Chapter 4 Using Internet,,,Short Answer Questions (QPG),How do you add a web site to Favorites and view the same using Favorites list?,N/A,,,,,,Other,Hard,Test Learning Outcome 1,"Skillone,skilltwo","ONLINE WITH COMPUTERS COURSE BOOK 8,Using Internet",1
CBSE,Class 8,Computer Science,Online with Computer,Chapter 4 Using Internet,,,Short Answer Questions (QPG),How do you search for phrases and synonyms?,N/A,,,,,,Other,Hard,Test Learning Outcome 1,"Skillone,skilltwo","ONLINE WITH COMPUTERS COURSE BOOK 8,Using Internet",1
CBSE,Class 8,Computer Science,Online with Computer,Chapter 4 Using Internet,,,Short Answer Questions (QPG),How do you view a web site with the Favorites list?,N/A,,,,,,Other,Hard,Test Learning Outcome 1,"Skillone,skilltwo","ONLINE WITH COMPUTERS COURSE BOOK 8,Using Internet",1
CBSE,Class 8,Computer Science,Online with Computer,Chapter 4 Using Internet,,,Short Answer Questions (QPG),In the Add favorite dialog box “Make Available Offline” do?,N/A,,,,,,Other,Hard,Test Learning Outcome 1,"Skillone,skilltwo","ONLINE WITH COMPUTERS COURSE BOOK 8,Using Internet",1
CBSE,Class 8,Computer Science,Online with Computer,Chapter 4 Using Internet,,,Short Answer Questions (QPG),What are bots? How do bots help the search engine in getting site lists?,N/A,,,,,,Other,Hard,Test Learning Outcome 1,"Skillone,skilltwo","ONLINE WITH COMPUTERS COURSE BOOK 8,Using Internet",1
CBSE,Class 8,Computer Science,Online with Computer,Chapter 4 Using Internet,,,Short Answer Questions (QPG),What are favorites? How do you add a website to Favorites list?,N/A,,,,,,Other,Hard,Test Learning Outcome 1,"Skillone,skilltwo","ONLINE WITH COMPUTERS COURSE BOOK 8,Using Internet",1
CBSE,Class 8,Computer Science,Online with Computer,Chapter 4 Using Internet,,,Short Answer Questions (QPG),What are the various search options in a search engine?,N/A,,,,,,Other,Hard,Test Learning Outcome 1,"Skillone,skilltwo","ONLINE WITH COMPUTERS COURSE BOOK 8,Using Internet",1
CBSE,Class 8,Computer Science,Online with Computer,Chapter 4 Using Internet,,,Short Answer Questions (QPG),What do you understand by Internet search engine? What is a web directory?,N/A,,,,,,Other,Hard,Test Learning Outcome 1,"Skillone,skilltwo","ONLINE WITH COMPUTERS COURSE BOOK 8,Using Internet",1
CBSE,Class 8,Computer Science,Online with Computer,Chapter 4 Using Internet,,,Short Answer Questions (QPG),What does Name in Add Favorite dialog box do? What does Create in Add Favorite dialog box do?,N/A,,,,,,Other,Hard,Test Learning Outcome 1,"Skillone,skilltwo","ONLINE WITH COMPUTERS COURSE BOOK 8,Using Internet",1
CBSE,Class 8,Computer Science,Online with Computer,Chapter 4 Using Internet,,,Short Answer Questions (QPG),What is Google site used for?,N/A,,,,,,Other,Hard,Test Learning Outcome 1,"Skillone,skilltwo","ONLINE WITH COMPUTERS COURSE BOOK 8,Using Internet",1
CBSE,Class 8,Computer Science,Online with Computer,Chapter 4 Using Internet,,,Short Answer Questions (QPG),What is the use of OR? What is stemming?,N/A,,,,,,Other,Hard,Test Learning Outcome 1,"Skillone,skilltwo","ONLINE WITH COMPUTERS COURSE BOOK 8,Using Internet",1
CBSE,Class 8,Computer Science,Online with Computer,Chapter 4 Using Internet,,,Short Answer Questions (QPG),Where do we use Parenthesis operator & how?,N/A,,,,,,Other,Hard,Test Learning Outcome 1,"Skillone,skilltwo","ONLINE WITH COMPUTERS COURSE BOOK 8,Using Internet",1
CBSE,Class 8,Computer Science,Online with Computer,Chapter 4 Using Internet,,, True or False (QPG),All Internet sites have bots for getting information & checking out sites. _________,N/A,,,,,,Other,Hard,Test Learning Outcome 1,"Skillone,skilltwo","ONLINE WITH COMPUTERS COURSE BOOK 8,Using Internet",1
CBSE,Class 8,Computer Science,Online with Computer,Chapter 4 Using Internet,,, True or False (QPG),You can change the name reference to the web site in the Add Favorite dialog box. _________,N/A,,,,,,Other,Hard,Test Learning Outcome 1,"Skillone,skilltwo","ONLINE WITH COMPUTERS COURSE BOOK 8,Using Internet",1
CBSE,Class 8,Computer Science,Online with Computer,Chapter 4 Using Internet,,, True or False (QPG),You can close the Favorites pane in the Explorer window. _________,N/A,,,,,,Other,Hard,Test Learning Outcome 1,"Skillone,skilltwo","ONLINE WITH COMPUTERS COURSE BOOK 8,Using Internet",1
CBSE,Class 8,Computer Science,Online with Computer,Chapter 4 Using Internet,,, True or False (QPG),You cannot create a new folder to keep your favorites in. _________,N/A,,,,,,Other,Hard,Test Learning Outcome 1,"Skillone,skilltwo","ONLINE WITH COMPUTERS COURSE BOOK 8,Using Internet",1
CBSE,Class 8,Computer Science,Online with Computer,Chapter 5 Word And Web,,,Fill in the blank (QPG),"By default, in addition to Personal web page, there are ________________________ blank pages.",N/A,,,,,,Other,Hard,Test Learning Outcome 1,"Skillone,skilltwo","ONLINE WITH COMPUTERS COURSE BOOK 8,Word and WEB",1
CBSE,Class 8,Computer Science,Online with Computer,Chapter 5 Word And Web,,,Fill in the blank (QPG),Editing of a HTML document is done in _________________________ window.,N/A,,,,,,Other,Hard,Test Learning Outcome 1,"Skillone,skilltwo","ONLINE WITH COMPUTERS COURSE BOOK 8,Word and WEB",1
CBSE,Class 8,Computer Science,Online with Computer,Chapter 5 Word And Web,,,Fill in the blank (QPG),"For saving word documents as web page, it is necessary to type the ________________________ address.",N/A,,,,,,Other,Hard,Test Learning Outcome 1,"Skillone,skilltwo","ONLINE WITH COMPUTERS COURSE BOOK 8,Word and WEB",1
CBSE,Class 8,Computer Science,Online with Computer,Chapter 5 Word And Web,,,Fill in the blank (QPG),Frame is a pane in web page containing _________________________ links.,N/A,,,,,,Other,Hard,Test Learning Outcome 1,"Skillone,skilltwo","ONLINE WITH COMPUTERS COURSE BOOK 8,Word and WEB",1
CBSE,Class 8,Computer Science,Online with Computer,Chapter 5 Word And Web,,,Fill in the blank (QPG),"In organising pages, to move a page down use _________________________ button.",N/A,,,,,,Other,Hard,Test Learning Outcome 1,"Skillone,skilltwo","ONLINE WITH COMPUTERS COURSE BOOK 8,Word and WEB",1
CBSE,Class 8,Computer Science,Online with Computer,Chapter 5 Word And Web,,,Fill in the blank (QPG),"Navigating the page, select _________________________ option to have a frame on left side of web page.",N/A,,,,,,Other,Hard,Test Learning Outcome 1,"Skillone,skilltwo","ONLINE WITH COMPUTERS COURSE BOOK 8,Word and WEB",1
CBSE,Class 8,Computer Science,Online with Computer,Chapter 5 Word And Web,,,Fill in the blank (QPG),"Once a Hyperlink is inserted, it is _________________________ and appears in different colour.",N/A,,,,,,Other,Hard,Test Learning Outcome 1,"Skillone,skilltwo","ONLINE WITH COMPUTERS COURSE BOOK 8,Word and WEB",1
CBSE,Class 8,Computer Science,Online with Computer,Chapter 5 Word And Web,,,Short Answer Questions (QPG),"What are the steps to save a web page using Web wizard? Name the options available for a web page
using web wizard.",N/A,,,,,,Other,Hard,Test Learning Outcome 1,"Skillone,skilltwo","ONLINE WITH COMPUTERS COURSE BOOK 8,Word and WEB",1
CBSE,Class 8,Computer Science,Online with Computer,Chapter 5 Word And Web,,,Short Answer Questions (QPG),Define a frame. What are frames used for?,N/A,,,,,,Other,Hard,Test Learning Outcome 1,"Skillone,skilltwo","ONLINE WITH COMPUTERS COURSE BOOK 8,Word and WEB",1
CBSE,Class 8,Computer Science,Online with Computer,Chapter 5 Word And Web,,,Short Answer Questions (QPG),Explain how to add hyperlinks to your documents.,N/A,,,,,,Other,Hard,Test Learning Outcome 1,"Skillone,skilltwo","ONLINE WITH COMPUTERS COURSE BOOK 8,Word and WEB",1
CBSE,Class 8,Computer Science,Online with Computer,Chapter 5 Word And Web,,,Short Answer Questions (QPG),Explain how to Preview a web page.,N/A,,,,,,Other,Hard,Test Learning Outcome 1,"Skillone,skilltwo","ONLINE WITH COMPUTERS COURSE BOOK 8,Word and WEB",1
CBSE,Class 8,Computer Science,Online with Computer,Chapter 5 Word And Web,,,Short Answer Questions (QPG),Explain in detail how to save a word document as web page.,N/A,,,,,,Other,Hard,Test Learning Outcome 1,"Skillone,skilltwo","ONLINE WITH COMPUTERS COURSE BOOK 8,Word and WEB",1
CBSE,Class 8,Computer Science,Online with Computer,Chapter 5 Word And Web,,,Short Answer Questions (QPG),Explain Themes.,N/A,,,,,,Other,Hard,Test Learning Outcome 1,"Skillone,skilltwo","ONLINE WITH COMPUTERS COURSE BOOK 8,Word and WEB",1
CBSE,Class 8,Computer Science,Online with Computer,Chapter 5 Word And Web,,,Short Answer Questions (QPG),Give steps to add files and pages to a web page in web wizard?,N/A,,,,,,Other,Hard,Test Learning Outcome 1,"Skillone,skilltwo","ONLINE WITH COMPUTERS COURSE BOOK 8,Word and WEB",1
CBSE,Class 8,Computer Science,Online with Computer,Chapter 5 Word And Web,,,Short Answer Questions (QPG),Give steps to go to a bookmark? How do you delete bookmarks?,N/A,,,,,,Other,Hard,Test Learning Outcome 1,"Skillone,skilltwo","ONLINE WITH COMPUTERS COURSE BOOK 8,Word and WEB",1
CBSE,Class 8,Computer Science,Online with Computer,Chapter 5 Word And Web,,,Short Answer Questions (QPG),How do you add existing web files to a web site?,N/A,,,,,,Other,Hard,Test Learning Outcome 1,"Skillone,skilltwo","ONLINE WITH COMPUTERS COURSE BOOK 8,Word and WEB",1
CBSE,Class 8,Computer Science,Online with Computer,Chapter 5 Word And Web,,,Short Answer Questions (QPG),How do you create columns with columns dialog box? How do you change the number of columns?,N/A,,,,,,Other,Hard,Test Learning Outcome 1,"Skillone,skilltwo","ONLINE WITH COMPUTERS COURSE BOOK 8,Word and WEB",1
CBSE,Class 8,Computer Science,Online with Computer,Chapter 5 Word And Web,,,Short Answer Questions (QPG),How do you insert a caption? Which key is used to update captions.,N/A,,,,,,Other,Hard,Test Learning Outcome 1,"Skillone,skilltwo","ONLINE WITH COMPUTERS COURSE BOOK 8,Word and WEB",1
CBSE,Class 8,Computer Science,Online with Computer,Chapter 5 Word And Web,,,Short Answer Questions (QPG),How do you locate a Hyperlink? What are the advantages of Hyperlinks in a web page?,N/A,,,,,,Other,Hard,Test Learning Outcome 1,"Skillone,skilltwo","ONLINE WITH COMPUTERS COURSE BOOK 8,Word and WEB",1
CBSE,Class 8,Computer Science,Online with Computer,Chapter 5 Word And Web,,,Short Answer Questions (QPG),How do you save a word document as a web page?,N/A,,,,,,Other,Hard,Test Learning Outcome 1,"Skillone,skilltwo","ONLINE WITH COMPUTERS COURSE BOOK 8,Word and WEB",1
CBSE,Class 8,Computer Science,Online with Computer,Chapter 5 Word And Web,,,Short Answer Questions (QPG),How will you edit the HTML document?,N/A,,,,,,Other,Hard,Test Learning Outcome 1,"Skillone,skilltwo","ONLINE WITH COMPUTERS COURSE BOOK 8,Word and WEB",1
CBSE,Class 8,Computer Science,Online with Computer,Chapter 5 Word And Web,,,Short Answer Questions (QPG),What are section breaks? How will you create a section break?,N/A,,,,,,Other,Hard,Test Learning Outcome 1,"Skillone,skilltwo","ONLINE WITH COMPUTERS COURSE BOOK 8,Word and WEB",1
CBSE,Class 8,Computer Science,Online with Computer,Chapter 5 Word And Web,,,Short Answer Questions (QPG),What are the different formats that can be applied to sections?,N/A,,,,,,Other,Hard,Test Learning Outcome 1,"Skillone,skilltwo","ONLINE WITH COMPUTERS COURSE BOOK 8,Word and WEB",1
CBSE,Class 8,Computer Science,Online with Computer,Chapter 5 Word And Web,,,Short Answer Questions (QPG),What are the steps involved in Web page wizard?,N/A,,,,,,Other,Hard,Test Learning Outcome 1,"Skillone,skilltwo","ONLINE WITH COMPUTERS COURSE BOOK 8,Word and WEB",1
CBSE,Class 8,Computer Science,Online with Computer,Chapter 5 Word And Web,,,Short Answer Questions (QPG),What is a bookmark? How do you create it?,N/A,,,,,,Other,Hard,Test Learning Outcome 1,"Skillone,skilltwo","ONLINE WITH COMPUTERS COURSE BOOK 8,Word and WEB",1
CBSE,Class 8,Computer Science,Online with Computer,Chapter 5 Word And Web,,,Short Answer Questions (QPG),What steps do you take to select and change the theme for your web site?,N/A,,,,,,Other,Hard,Test Learning Outcome 1,"Skillone,skilltwo","ONLINE WITH COMPUTERS COURSE BOOK 8,Word and WEB",1
CBSE,Class 8,Computer Science,Online with Computer,Chapter 5 Word And Web,,,Short Answer Questions (QPG),You are to create a web page without a wizard. What should you do?,N/A,,,,,,Other,Hard,Test Learning Outcome 1,"Skillone,skilltwo","ONLINE WITH COMPUTERS COURSE BOOK 8,Word and WEB",1
CBSE,Class 8,Computer Science,Online with Computer,Chapter 5 Word And Web,,, True or False (QPG),Already existing files can be added to the created web site. ____________,N/A,,,,,,Other,Hard,Test Learning Outcome 1,"Skillone,skilltwo","ONLINE WITH COMPUTERS COURSE BOOK 8,Word and WEB",1
CBSE,Class 8,Computer Science,Online with Computer,Chapter 5 Word And Web,,, True or False (QPG),"Changing the theme of web page, choose Format menu. ____________",N/A,,,,,,Other,Hard,Test Learning Outcome 1,"Skillone,skilltwo","ONLINE WITH COMPUTERS COURSE BOOK 8,Word and WEB",1
CBSE,Class 8,Computer Science,Online with Computer,Chapter 5 Word And Web,,, True or False (QPG),Hyperlinks can be used to open another word file on hard drive. ____________,N/A,,,,,,Other,Hard,Test Learning Outcome 1,"Skillone,skilltwo","ONLINE WITH COMPUTERS COURSE BOOK 8,Word and WEB",1
CBSE,Class 8,Computer Science,Online with Computer,Chapter 5 Word And Web,,, True or False (QPG),"More blank pages can be added in a web page, in addition to two default ones. ____________",N/A,,,,,,Other,Hard,Test Learning Outcome 1,"Skillone,skilltwo","ONLINE WITH COMPUTERS COURSE BOOK 8,Word and WEB",1
CBSE,Class 8,Computer Science,Online with Computer,Chapter 5 Word And Web,,, True or False (QPG),"Once determined, theme to a web site cannot be changed. ____________",N/A,,,,,,Other,Hard,Test Learning Outcome 1,"Skillone,skilltwo","ONLINE WITH COMPUTERS COURSE BOOK 8,Word and WEB",1
