Board Name,Class Name,Subject Name,Series Name,Chapter Name,Topic Name,Subtopic Name,Question Type,"Question(If question is mcq or Assertion & Reason  use option 1 to option 4 and in answer give 1,2,3,4 number only not option value, if true false, or any other type question give answer in answer coloumn and for fill in the blanks you can use comma seprator for multiple filling answers eg fill1,fill2, fill3)",Answer,Option1,Option2,Option3,Option4,Explanation,Question Weight(optional),Difficulty Level,Learning Outcomes(optional),"Skills(optional if any seprate with comma ,)","Tags(optional if any seprate with comma ,)","Status(1==active,0=Inactive)"
CBSE,Class 3,English,Elementary English Grammar and Composition ,Chapter 5 The Adjective Kinds Of Adjectives,,,Fill in the Blanks,_________________________ boys throw stones at birds.,N/A,,,,,,Other,Hard,Test Learning Outcome 1,"Skillone,skilltwo",Elementary English Grammar and Composition Class 3,1
CBSE,Class 3,English,Elementary English Grammar and Composition ,Chapter 5 The Adjective- Kinds Of Adjectives,,,Fill in the Blanks,_______________________________ boys never tell lies.,N/A,,,,,,Other,Hard,Test Learning Outcome 1,"Skillone,skilltwo",Elementary English Grammar and Composition Class 3,1
CBSE,Class 3,English,Elementary English Grammar and Composition ,Chapter 5 The Adjective- Kinds Of Adjectives,,,Fill in the Blanks,"In India we have _____________ weather in summer and _______________
weather in winter.",N/A,,,,,,Other,Hard,Test Learning Outcome 1,"Skillone,skilltwo",Elementary English Grammar and Composition Class 3,1
CBSE,Class 3,English,Elementary English Grammar and Composition ,Chapter 5 The Adjective- Kinds Of Adjectives,,,Fill in the Blanks,"An elephant is a ____________ animal, a mouse is a ____________ animal.",N/A,,,,,,Other,Hard,Test Learning Outcome 1,"Skillone,skilltwo",Elementary English Grammar and Composition Class 3,1
CBSE,Class 3,English,Elementary English Grammar and Composition ,Chapter 5 The Adjective- Kinds Of Adjectives,,,Fill in the Blanks,Each boy __________________ a pen from the chief guest.,N/A,,,,,,Other,Hard,Test Learning Outcome 1,"Skillone,skilltwo",Elementary English Grammar and Composition Class 3,1
CBSE,Class 3,English,Elementary English Grammar and Composition ,Chapter 5 The Adjective- Kinds Of Adjectives,,,Fill in the Blanks,Every student ___________________ a uniform to school.,N/A,,,,,,Other,Hard,Test Learning Outcome 1,"Skillone,skilltwo",Elementary English Grammar and Composition Class 3,1
CBSE,Class 3,English,Elementary English Grammar and Composition ,Chapter 5 The Adjective- Kinds Of Adjectives,,,Fill in the Blanks,Farmers ________________ very hard to grow food.,N/A,,,,,,Other,Hard,Test Learning Outcome 1,"Skillone,skilltwo",Elementary English Grammar and Composition Class 3,1
CBSE,Class 3,English,Elementary English Grammar and Composition ,Chapter 5 The Adjective- Kinds Of Adjectives,,,Fill in the Blanks,Good children _________________________ their parents and teachers.,N/A,,,,,,Other,Hard,Test Learning Outcome 1,"Skillone,skilltwo",Elementary English Grammar and Composition Class 3,1
CBSE,Class 3,English,Elementary English Grammar and Composition ,Chapter 5 The Adjective- Kinds Of Adjectives,,,Fill in the Blanks,I ______________________ to have a good sleep in the afternoon.,N/A,,,,,,Other,Hard,Test Learning Outcome 1,"Skillone,skilltwo",Elementary English Grammar and Composition Class 3,1
CBSE,Class 3,English,Elementary English Grammar and Composition ,Chapter 5 The Adjective- Kinds Of Adjectives,,,Fill in the Blanks,Lemons are _______________ grapes are _____________________ .,N/A,,,,,,Other,Hard,Test Learning Outcome 1,"Skillone,skilltwo",Elementary English Grammar and Composition Class 3,1
CBSE,Class 3,English,Elementary English Grammar and Composition ,Chapter 5 The Adjective- Kinds Of Adjectives,,,Fill in the Blanks,Monkeys have _____________________________________________ tails.,N/A,,,,,,Other,Hard,Test Learning Outcome 1,"Skillone,skilltwo",Elementary English Grammar and Composition Class 3,1
CBSE,Class 3,English,Elementary English Grammar and Composition ,Chapter 5 The Adjective- Kinds Of Adjectives,,,Fill in the Blanks,My friend is _________________ to a movie.,N/A,,,,,,Other,Hard,Test Learning Outcome 1,"Skillone,skilltwo",Elementary English Grammar and Composition Class 3,1
CBSE,Class 3,English,Elementary English Grammar and Composition ,Chapter 5 The Adjective- Kinds Of Adjectives,,,Fill in the Blanks,My knife is ________________________________,N/A,,,,,,Other,Hard,Test Learning Outcome 1,"Skillone,skilltwo",Elementary English Grammar and Composition Class 3,1
CBSE,Class 3,English,Elementary English Grammar and Composition ,Chapter 5 The Adjective- Kinds Of Adjectives,,,Fill in the Blanks,My uncle is ____________________ for dinner tonight.,N/A,,,,,,Other,Hard,Test Learning Outcome 1,"Skillone,skilltwo",Elementary English Grammar and Composition Class 3,1
CBSE,Class 3,English,Elementary English Grammar and Composition ,Chapter 5 The Adjective- Kinds Of Adjectives,,,Fill in the Blanks,Rani is _________________ in the pool.,N/A,,,,,,Other,Hard,Test Learning Outcome 1,"Skillone,skilltwo",Elementary English Grammar and Composition Class 3,1
CBSE,Class 3,English,Elementary English Grammar and Composition ,Chapter 5 The Adjective- Kinds Of Adjectives,,,Fill in the Blanks,The camel is a _______________________ animal.,N/A,,,,,,Other,Hard,Test Learning Outcome 1,"Skillone,skilltwo",Elementary English Grammar and Composition Class 3,1
CBSE,Class 3,English,Elementary English Grammar and Composition ,Chapter 5 The Adjective- Kinds Of Adjectives,,,Fill in the Blanks,The Sharma family is ___________________ T.V.,N/A,,,,,,Other,Hard,Test Learning Outcome 1,"Skillone,skilltwo",Elementary English Grammar and Composition Class 3,1
CBSE,Class 3,English,Elementary English Grammar and Composition ,Chapter 5 The Adjective- Kinds Of Adjectives,,,Fill in the Blanks,What a ______________________________________ boy you are!,N/A,,,,,,Other,Hard,Test Learning Outcome 1,"Skillone,skilltwo",Elementary English Grammar and Composition Class 3,1
CBSE,Class 3,English,Elementary English Grammar and Composition ,Chapter 5 The Adjective- Kinds Of Adjectives,,,Fill in the Blanks,What are you _________________ at?,N/A,,,,,,Other,Hard,Test Learning Outcome 1,"Skillone,skilltwo",Elementary English Grammar and Composition Class 3,1
CBSE,Class 3,English,Elementary English Grammar and Composition ,Chapter 3 The Noun-Kinds Of Nouns,,,Fill in the Blanks,A _________________________ of bees flew out of the hive.,N/A,,,,,,Other,Hard,Test Learning Outcome 1,"Skillone,skilltwo",Elementary English Grammar and Composition Class 3,1
CBSE,Class 3,English,Elementary English Grammar and Composition ,Chapter 3 The Noun-Kinds Of Nouns,,,Fill in the Blanks,A ___________________________ of sheep was grazing in the valley.,N/A,,,,,,Other,Hard,Test Learning Outcome 1,"Skillone,skilltwo",Elementary English Grammar and Composition Class 3,1
CBSE,Class 3,English,Elementary English Grammar and Composition ,Chapter 3 The Noun-Kinds Of Nouns,,,Fill in the Blanks,A large __________________ of people gathered in the street.,N/A,,,,,,Other,Hard,Test Learning Outcome 1,"Skillone,skilltwo",Elementary English Grammar and Composition Class 3,1
CBSE,Class 3,English,Elementary English Grammar and Composition ,Chapter 3 The Noun-Kinds Of Nouns,,,Fill in the Blanks,An ____________________ consists of soldiers and commanders.,N/A,,,,,,Other,Hard,Test Learning Outcome 1,"Skillone,skilltwo",Elementary English Grammar and Composition Class 3,1
CBSE,Class 3,English,Elementary English Grammar and Composition ,Chapter 3 The Noun-Kinds Of Nouns,,,Fill in the Blanks,Our __________________________ consists of forty pupils.,N/A,,,,,,Other,Hard,Test Learning Outcome 1,"Skillone,skilltwo",Elementary English Grammar and Composition Class 3,1
CBSE,Class 3,English,Elementary English Grammar and Composition ,Chapter 3 The Noun-Kinds Of Nouns,,,Fill in the Blanks,Our ___________________________ won the match.,N/A,,,,,,Other,Hard,Test Learning Outcome 1,"Skillone,skilltwo",Elementary English Grammar and Composition Class 3,1
CBSE,Class 3,English,Elementary English Grammar and Composition ,Chapter 3 The Noun-Kinds Of Nouns,,,Fill in the Blanks,The _____________________________ is holding its meeting.,N/A,,,,,,Other,Hard,Test Learning Outcome 1,"Skillone,skilltwo",Elementary English Grammar and Composition Class 3,1
CBSE,Class 3,English,Elementary English Grammar and Composition ,Chapter 3 The Noun-Kinds Of Nouns,,,Fill in the Blanks,The _______________________________ attacked the police.,N/A,,,,,,Other,Hard,Test Learning Outcome 1,"Skillone,skilltwo",Elementary English Grammar and Composition Class 3,1
CBSE,Class 3,English,Elementary English Grammar and Composition ,Chapter 3 The Noun-Kinds Of Nouns,,,Fill in the Blanks,The old woman was carrying a ______________________ of sticks.,N/A,,,,,,Other,Hard,Test Learning Outcome 1,"Skillone,skilltwo",Elementary English Grammar and Composition Class 3,1
CBSE,Class 3,English,Elementary English Grammar and Composition ,Chapter 3 The Noun-Kinds Of Nouns,,,Fill in the Blanks,We saw a ___________________ of cattle in the field.,N/A,,,,,,Other,Hard,Test Learning Outcome 1,"Skillone,skilltwo",Elementary English Grammar and Composition Class 3,1
CBSE,Class 4,English,Elementary English Grammar and Composition ,Chapter 5. The  Adjective- Kinds  Of Adjectives,,,Fill in the Blanks,Kanta is carrying ______________________ b rother.,N/A,,,,,,Other,Hard,Test Learning Outcome 1,"Skillone,skilltwo",Elementary English Grammar and Composition Class 4,1
CBSE,Class 4,English,Elementary English Grammar and Composition ,Chapter 5. The  Adjective- Kinds  Of Adjectives,,,Fill in the Blanks,Meera is walking with _______________________ father.,N/A,,,,,,Other,Hard,Test Learning Outcome 1,"Skillone,skilltwo",Elementary English Grammar and Composition Class 4,1
CBSE,Class 4,English,Elementary English Grammar and Composition ,Chapter 5. The  Adjective- Kinds  Of Adjectives,,,Fill in the Blanks,The father is walking with ___________________ daughter.,N/A,,,,,,Other,Hard,Test Learning Outcome 1,"Skillone,skilltwo",Elementary English Grammar and Composition Class 4,1
CBSE,Class 4,English,Elementary English Grammar and Composition ,Chapter 5. The  Adjective- Kinds  Of Adjectives,,,Fill in the Blanks,The husband is walking with ___________________ wife.,N/A,,,,,,Other,Hard,Test Learning Outcome 1,"Skillone,skilltwo",Elementary English Grammar and Composition Class 4,1
CBSE,Class 4,English,Elementary English Grammar and Composition ,Chapter 5. The  Adjective- Kinds  Of Adjectives,,,Fill in the Blanks,The mother is walking with _____________________ son.,N/A,,,,,,Other,Hard,Test Learning Outcome 1,"Skillone,skilltwo",Elementary English Grammar and Composition Class 4,1
CBSE,Class 4,English,Elementary English Grammar and Composition ,Chapter 5. The  Adjective- Kinds  Of Adjectives,,,Fill in the Blanks,The tree is losing ___________________________ leaves.,N/A,,,,,,Other,Hard,Test Learning Outcome 1,"Skillone,skilltwo",Elementary English Grammar and Composition Class 4,1
CBSE,Class 4,English,Elementary English Grammar and Composition ,Chapter 5. The  Adjective- Kinds  Of Adjectives,,,Fill in the Blanks,The trees are losing _____________________ leaves.,N/A,,,,,,Other,Hard,Test Learning Outcome 1,"Skillone,skilltwo",Elementary English Grammar and Composition Class 4,1
CBSE,Class 4,English,Elementary English Grammar and Composition ,Chapter 5. The  Adjective- Kinds  Of Adjectives,,,Fill in the Blanks,The wife is walking with _____________________ husband.,N/A,,,,,,Other,Hard,Test Learning Outcome 1,"Skillone,skilltwo",Elementary English Grammar and Composition Class 4,1
CBSE,Class 4,English,Elementary English Grammar and Composition ,Chapter 5. The  Adjective- Kinds  Of Adjectives,,,Fill in the Blanks,"Where are ____________________ books, children?",N/A,,,,,,Other,Hard,Test Learning Outcome 1,"Skillone,skilltwo",Elementary English Grammar and Composition Class 4,1
CBSE,Class 4,English,Elementary English Grammar and Composition ,Chapter 5. The  Adjective- Kinds  Of Adjectives,,,Fill in the Blanks,You have a name; _______________________ name is Rama.,N/A,,,,,,Other,Hard,Test Learning Outcome 1,"Skillone,skilltwo",Elementary English Grammar and Composition Class 4,1
CBSE,Class 4,English,Elementary English Grammar and Composition ,Chapter 3.   The  Noun - Kinds  Of  Nouns,,,Fill in the Blanks,A ___________________ of five was appointed.,N/A,,,,,,Other,Hard,Test Learning Outcome 1,"Skillone,skilltwo",Elementary English Grammar and Composition Class 4,1
CBSE,Class 4,English,Elementary English Grammar and Composition ,Chapter 3.   The  Noun - Kinds  Of  Nouns,,,Fill in the Blanks,A ____________________ of wolves attacked the travellers.,N/A,,,,,,Other,Hard,Test Learning Outcome 1,"Skillone,skilltwo",Elementary English Grammar and Composition Class 4,1
CBSE,Class 4,English,Elementary English Grammar and Composition ,Chapter 3.   The  Noun - Kinds  Of  Nouns,,,Fill in the Blanks,A _____________________ of bees flew out of the hive.,N/A,,,,,,Other,Hard,Test Learning Outcome 1,"Skillone,skilltwo",Elementary English Grammar and Composition Class 4,1
CBSE,Class 4,English,Elementary English Grammar and Composition ,Chapter 3.   The  Noun - Kinds  Of  Nouns,,,Fill in the Blanks,A _____________________ of thieves entered the village at night.,N/A,,,,,,Other,Hard,Test Learning Outcome 1,"Skillone,skilltwo",Elementary English Grammar and Composition Class 4,1
CBSE,Class 4,English,Elementary English Grammar and Composition ,Chapter 3.   The  Noun - Kinds  Of  Nouns,,,Fill in the Blanks,He had a whole _______________________ of clothes.,N/A,,,,,,Other,Hard,Test Learning Outcome 1,"Skillone,skilltwo",Elementary English Grammar and Composition Class 4,1
CBSE,Class 4,English,Elementary English Grammar and Composition ,Chapter 3.   The  Noun - Kinds  Of  Nouns,,,Fill in the Blanks,Our teacher has a whole __________________ of books.,N/A,,,,,,Other,Hard,Test Learning Outcome 1,"Skillone,skilltwo",Elementary English Grammar and Composition Class 4,1
CBSE,Class 4,English,Elementary English Grammar and Composition ,Chapter 3.   The  Noun - Kinds  Of  Nouns,,,Fill in the Blanks,The ______________________ of soldiers marched into battle.,N/A,,,,,,Other,Hard,Test Learning Outcome 1,"Skillone,skilltwo",Elementary English Grammar and Composition Class 4,1
CBSE,Class 4,English,Elementary English Grammar and Composition ,Chapter 3.   The  Noun - Kinds  Of  Nouns,,,Fill in the Blanks,The fisherman saw a big ______________________ of fish.,N/A,,,,,,Other,Hard,Test Learning Outcome 1,"Skillone,skilltwo",Elementary English Grammar and Composition Class 4,1
CBSE,Class 4,English,Elementary English Grammar and Composition ,Chapter 3.   The  Noun - Kinds  Of  Nouns,,,Fill in the Blanks,The police were trying to control the _________________________ .,N/A,,,,,,Other,Hard,Test Learning Outcome 1,"Skillone,skilltwo",Elementary English Grammar and Composition Class 4,1
CBSE,Class 4,English,Elementary English Grammar and Composition ,Chapter 3.   The  Noun - Kinds  Of  Nouns,,,Fill in the Blanks,The ship had a ____________________ of a hundred sailors.,N/A,,,,,,Other,Hard,Test Learning Outcome 1,"Skillone,skilltwo",Elementary English Grammar and Composition Class 4,1
CBSE,Class 4,English,Elementary English Grammar and Composition ,Chapter 4.  The  Verb - Kinds  Of Verbs,,,Fill in the Blanks,"Do you ______________________ a pen to lend me, Rati?",N/A,,,,,,Other,Hard,Test Learning Outcome 1,"Skillone,skilltwo",Elementary English Grammar and Composition Class 4,1
CBSE,Class 4,English,Elementary English Grammar and Composition ,Chapter 4.  The  Verb - Kinds  Of Verbs,,,Fill in the Blanks,"Mani, Kabeer __________________ a lot of books in their house to read.",N/A,,,,,,Other,Hard,Test Learning Outcome 1,"Skillone,skilltwo",Elementary English Grammar and Composition Class 4,1
CBSE,Class 4,English,Elementary English Grammar and Composition ,Chapter 4.  The  Verb - Kinds  Of Verbs,,,Fill in the Blanks,"Rajni __________________ a new friend now, she is very happy.",N/A,,,,,,Other,Hard,Test Learning Outcome 1,"Skillone,skilltwo",Elementary English Grammar and Composition Class 4,1
CBSE,Class 4,English,Elementary English Grammar and Composition ,Chapter 4.  The  Verb - Kinds  Of Verbs,,,Fill in the Blanks,Roshan _________________ a bicycle and he exercises every day on it.,N/A,,,,,,Other,Hard,Test Learning Outcome 1,"Skillone,skilltwo",Elementary English Grammar and Composition Class 4,1
CBSE,Class 4,English,Elementary English Grammar and Composition ,Chapter 4.  The  Verb - Kinds  Of Verbs,,,Fill in the Blanks,They ______________ lots of games in their house to play with.,N/A,,,,,,Other,Hard,Test Learning Outcome 1,"Skillone,skilltwo",Elementary English Grammar and Composition Class 4,1
CBSE,Class 4,English,Elementary English Grammar and Composition ,Chapter 4.  The  Verb - Kinds  Of Verbs,,,Fill in the Blanks,We ___________________ three dogs as pets.,N/A,,,,,,Other,Hard,Test Learning Outcome 1,"Skillone,skilltwo",Elementary English Grammar and Composition Class 4,1
CBSE,Class 5,English,Elementary English Grammar and Composition ,Chapter 2 Kinds Of Sentences,,,Short Answer type Questions,All that glitters is not gold. __________________,N/A,,,,,,Other,Hard,Test Learning Outcome 1,"Skillone,skilltwo",Elementary English Grammar and Composition Class 5,1
CBSE,Class 5,English,Elementary English Grammar and Composition ,Chapter 2 Kinds Of Sentences,,,Short Answer type Questions,Honesty is the best policy. ________________,N/A,,,,,,Other,Hard,Test Learning Outcome 1,"Skillone,skilltwo",Elementary English Grammar and Composition Class 5,1
CBSE,Class 5,English,Elementary English Grammar and Composition ,Chapter 2 Kinds Of Sentences,,,Short Answer type Questions,How do you do? _______________,N/A,,,,,,Other,Hard,Test Learning Outcome 1,"Skillone,skilltwo",Elementary English Grammar and Composition Class 5,1
CBSE,Class 5,English,Elementary English Grammar and Composition ,Chapter 2 Kinds Of Sentences,,,Short Answer type Questions,How foolish I have been! ________________,N/A,,,,,,Other,Hard,Test Learning Outcome 1,"Skillone,skilltwo",Elementary English Grammar and Composition Class 5,1
CBSE,Class 5,English,Elementary English Grammar and Composition ,Chapter 2 Kinds Of Sentences,,,Short Answer type Questions,How many people were there? ________________,N/A,,,,,,Other,Hard,Test Learning Outcome 1,"Skillone,skilltwo",Elementary English Grammar and Composition Class 5,1
CBSE,Class 5,English,Elementary English Grammar and Composition ,Chapter 2 Kinds Of Sentences,,,Short Answer type Questions,How old is your elder sister? ______________,N/A,,,,,,Other,Hard,Test Learning Outcome 1,"Skillone,skilltwo",Elementary English Grammar and Composition Class 5,1
CBSE,Class 5,English,Elementary English Grammar and Composition ,Chapter 2 Kinds Of Sentences,,,Short Answer type Questions,Keep off the grass. _____________,N/A,,,,,,Other,Hard,Test Learning Outcome 1,"Skillone,skilltwo",Elementary English Grammar and Composition Class 5,1
CBSE,Class 5,English,Elementary English Grammar and Composition ,Chapter 2 Kinds Of Sentences,,,Short Answer type Questions,The earth goes round the sun. _________________,N/A,,,,,,Other,Hard,Test Learning Outcome 1,"Skillone,skilltwo",Elementary English Grammar and Composition Class 5,1
CBSE,Class 5,English,Elementary English Grammar and Composition ,Chapter 2 Kinds Of Sentences,,,Short Answer type Questions,What a horrible sight it was! ________________,N/A,,,,,,Other,Hard,Test Learning Outcome 1,"Skillone,skilltwo",Elementary English Grammar and Composition Class 5,1
CBSE,Class 5,English,Elementary English Grammar and Composition ,Chapter 2 Kinds Of Sentences,,,Short Answer type Questions,Will you please allow me to sit down here. ______________,N/A,,,,,,Other,Hard,Test Learning Outcome 1,"Skillone,skilltwo",Elementary English Grammar and Composition Class 5,1
CBSE,Class 5,English,Elementary English Grammar and Composition ,Chapter 3 Subject And Predicate,,,Fill in the Blanks,.......................... (subject) gave it to you?,N/A,,,,,,Other,Hard,Test Learning Outcome 1,"Skillone,skilltwo",Elementary English Grammar and Composition Class 5,1
CBSE,Class 5,English,Elementary English Grammar and Composition ,Chapter 3 Subject And Predicate,,,Fill in the Blanks,".......................... (subject) will, if you .......................... (verb) hard.",N/A,,,,,,Other,Hard,Test Learning Outcome 1,"Skillone,skilltwo",Elementary English Grammar and Composition Class 5,1
CBSE,Class 5,English,Elementary English Grammar and Composition ,Chapter 3 Subject And Predicate,,,Fill in the Blanks,Hello Rashid. What is it that you have in your hand?,N/A,,,,,,Other,Hard,Test Learning Outcome 1,"Skillone,skilltwo",Elementary English Grammar and Composition Class 5,1
CBSE,Class 5,English,Elementary English Grammar and Composition ,Chapter 3 Subject And Predicate,,,Fill in the Blanks,I .......................... (verb) the 1500 mt race in school yesterday.,N/A,,,,,,Other,Hard,Test Learning Outcome 1,"Skillone,skilltwo",Elementary English Grammar and Composition Class 5,1
CBSE,Class 5,English,Elementary English Grammar and Composition ,Chapter 3 Subject And Predicate,,,Fill in the Blanks,The principal ............. (verb) it to ................ (object).,N/A,,,,,,Other,Hard,Test Learning Outcome 1,"Skillone,skilltwo",Elementary English Grammar and Composition Class 5,1
CBSE,Class 5,English,Elementary English Grammar and Composition ,Chapter 3 Subject And Predicate,,,Fill in the Blanks,This is a .......................... (object),N/A,,,,,,Other,Hard,Test Learning Outcome 1,"Skillone,skilltwo",Elementary English Grammar and Composition Class 5,1
CBSE,Class 5,English,Elementary English Grammar and Composition ,Chapter 3 Subject And Predicate,,,Fill in the Blanks,Why?,N/A,,,,,,Other,Hard,Test Learning Outcome 1,"Skillone,skilltwo",Elementary English Grammar and Composition Class 5,1
CBSE,Class 5,English,Elementary English Grammar and Composition ,Chapter 3 Subject And Predicate,,,Fill in the Blanks,Wow! .......................... (subject) wish I also won a medal in the races!,N/A,,,,,,Other,Hard,Test Learning Outcome 1,"Skillone,skilltwo",Elementary English Grammar and Composition Class 5,1
CBSE,Class 5,English,Elementary English Grammar and Composition ,Chapter 3 Subject And Predicate,,,Short Answer type Questions,Breakfast is the first meal of the day.,N/A,,,,,,Other,Hard,Test Learning Outcome 1,"Skillone,skilltwo",Elementary English Grammar and Composition Class 5,1
CBSE,Class 5,English,Elementary English Grammar and Composition ,Chapter 3 Subject And Predicate,,,Short Answer type Questions,Gandhiji was respected by all his countrymen.,N/A,,,,,,Other,Hard,Test Learning Outcome 1,"Skillone,skilltwo",Elementary English Grammar and Composition Class 5,1
CBSE,Class 5,English,Elementary English Grammar and Composition ,Chapter 3 Subject And Predicate,,,Short Answer type Questions,The earth moves round the sun.,N/A,,,,,,Other,Hard,Test Learning Outcome 1,"Skillone,skilltwo",Elementary English Grammar and Composition Class 5,1
CBSE,Class 5,English,Elementary English Grammar and Composition ,Chapter 3 Subject And Predicate,,,Short Answer type Questions,The elephant has a long trunk.,N/A,,,,,,Other,Hard,Test Learning Outcome 1,"Skillone,skilltwo",Elementary English Grammar and Composition Class 5,1
CBSE,Class 5,English,Elementary English Grammar and Composition ,Chapter 3 Subject And Predicate,,,Short Answer type Questions,The man standing in the corner is a policeman.,N/A,,,,,,Other,Hard,Test Learning Outcome 1,"Skillone,skilltwo",Elementary English Grammar and Composition Class 5,1
CBSE,Class 5,English,Elementary English Grammar and Composition ,Chapter 3 Subject And Predicate,,,Short Answer type Questions,The mother of these children is a doctor.,N/A,,,,,,Other,Hard,Test Learning Outcome 1,"Skillone,skilltwo",Elementary English Grammar and Composition Class 5,1
CBSE,Class 5,English,Elementary English Grammar and Composition ,Chapter 3 Subject And Predicate,,,Short Answer type Questions,The poor little boy’s sums are all wrong.,N/A,,,,,,Other,Hard,Test Learning Outcome 1,"Skillone,skilltwo",Elementary English Grammar and Composition Class 5,1
CBSE,Class 5,English,Elementary English Grammar and Composition ,Chapter 3 Subject And Predicate,,,Short Answer type Questions,The sheep are grazing in the field.,N/A,,,,,,Other,Hard,Test Learning Outcome 1,"Skillone,skilltwo",Elementary English Grammar and Composition Class 5,1
CBSE,Class 5,English,Elementary English Grammar and Composition ,Chapter 3 Subject And Predicate,,,Short Answer type Questions,The village schoolmaster taught in his little school.,N/A,,,,,,Other,Hard,Test Learning Outcome 1,"Skillone,skilltwo",Elementary English Grammar and Composition Class 5,1
CBSE,Class 5,English,Elementary English Grammar and Composition ,Chapter 3 Subject And Predicate,,,Short Answer type Questions,Tom always does his lessons well.,N/A,,,,,,Other,Hard,Test Learning Outcome 1,"Skillone,skilltwo",Elementary English Grammar and Composition Class 5,1
CBSE,Class 5,English,Elementary English Grammar and Composition ,Chapter 6 The Adjective- Kinds Of Adjectives,,,Short Answer type Questions,A bad workman blames his tools. ............................................................,N/A,,,,,,Other,Hard,Test Learning Outcome 1,"Skillone,skilltwo",Elementary English Grammar and Composition Class 5,1
CBSE,Class 5,English,Elementary English Grammar and Composition ,Chapter 6 The Adjective- Kinds Of Adjectives,,,Short Answer type Questions,Every man has his duties. ............................................................,N/A,,,,,,Other,Hard,Test Learning Outcome 1,"Skillone,skilltwo",Elementary English Grammar and Composition Class 5,1
CBSE,Class 5,English,Elementary English Grammar and Composition ,Chapter 6 The Adjective- Kinds Of Adjectives,,,Short Answer type Questions,Few men came to see the match. ............................................................,N/A,,,,,,Other,Hard,Test Learning Outcome 1,"Skillone,skilltwo",Elementary English Grammar and Composition Class 5,1
CBSE,Class 5,English,Elementary English Grammar and Composition ,Chapter 6 The Adjective- Kinds Of Adjectives,,,Short Answer type Questions,He made several mistakes. ............................................................,N/A,,,,,,Other,Hard,Test Learning Outcome 1,"Skillone,skilltwo",Elementary English Grammar and Composition Class 5,1
CBSE,Class 5,English,Elementary English Grammar and Composition ,Chapter 6 The Adjective- Kinds Of Adjectives,,,Short Answer type Questions,I do not like those foolish people. ............................................................,N/A,,,,,,Other,Hard,Test Learning Outcome 1,"Skillone,skilltwo",Elementary English Grammar and Composition Class 5,1
CBSE,Class 5,English,Elementary English Grammar and Composition ,Chapter 6 The Adjective- Kinds Of Adjectives,,,Short Answer type Questions,Japanese goods are cheaper than English goods. ..........................................................,N/A,,,,,,Other,Hard,Test Learning Outcome 1,"Skillone,skilltwo",Elementary English Grammar and Composition Class 5,1
CBSE,Class 5,English,Elementary English Grammar and Composition ,Chapter 6 The Adjective- Kinds Of Adjectives,,,Short Answer type Questions,Neither party has done the right thing. ............................................................,N/A,,,,,,Other,Hard,Test Learning Outcome 1,"Skillone,skilltwo",Elementary English Grammar and Composition Class 5,1
CBSE,Class 5,English,Elementary English Grammar and Composition ,Chapter 6 The Adjective- Kinds Of Adjectives,,,Short Answer type Questions,Such men are dangerous. ............................................................,N/A,,,,,,Other,Hard,Test Learning Outcome 1,"Skillone,skilltwo",Elementary English Grammar and Composition Class 5,1
CBSE,Class 5,English,Elementary English Grammar and Composition ,Chapter 6 The Adjective- Kinds Of Adjectives,,,Short Answer type Questions,The blind beggar had a little money. ............................................................,N/A,,,,,,Other,Hard,Test Learning Outcome 1,"Skillone,skilltwo",Elementary English Grammar and Composition Class 5,1
CBSE,Class 5,English,Elementary English Grammar and Composition ,Chapter 6 The Adjective- Kinds Of Adjectives,,,Short Answer type Questions,The old man put on a black coat. ............................................................,N/A,,,,,,Other,Hard,Test Learning Outcome 1,"Skillone,skilltwo",Elementary English Grammar and Composition Class 5,1
CBSE,Class 5,English,Elementary English Grammar and Composition ,Chapter 6 The Adjective- Kinds Of Adjectives,,,Short Answer type Questions,The rich man gave the poor beggar ten rupees. ............................................................,N/A,,,,,,Other,Hard,Test Learning Outcome 1,"Skillone,skilltwo",Elementary English Grammar and Composition Class 5,1
CBSE,Class 5,English,Elementary English Grammar and Composition ,Chapter 6 The Adjective- Kinds Of Adjectives,,,Short Answer type Questions,The thirsty crow drank the cold water. ............................................................,N/A,,,,,,Other,Hard,Test Learning Outcome 1,"Skillone,skilltwo",Elementary English Grammar and Composition Class 5,1
CBSE,Class 5,English,Elementary English Grammar and Composition ,Chapter 6 The Adjective- Kinds Of Adjectives,,,Short Answer type Questions,The young man climbed a tall tree. ............................................................,N/A,,,,,,Other,Hard,Test Learning Outcome 1,"Skillone,skilltwo",Elementary English Grammar and Composition Class 5,1
CBSE,Class 5,English,Elementary English Grammar and Composition ,Chapter 6 The Adjective- Kinds Of Adjectives,,,Short Answer type Questions,There are twenty-five boys in this class. ...........................................................,N/A,,,,,,Other,Hard,Test Learning Outcome 1,"Skillone,skilltwo",Elementary English Grammar and Composition Class 5,1
CBSE,Class 5,English,Elementary English Grammar and Composition ,Chapter 6 The Adjective- Kinds Of Adjectives,,,Short Answer type Questions,There is little hope of her recovery. ............................................................,N/A,,,,,,Other,Hard,Test Learning Outcome 1,"Skillone,skilltwo",Elementary English Grammar and Composition Class 5,1
CBSE,Class 5,English,Elementary English Grammar and Composition ,Chapter 6 The Adjective- Kinds Of Adjectives,,,Short Answer type Questions,Those women belonged to a small village. ............................................................,N/A,,,,,,Other,Hard,Test Learning Outcome 1,"Skillone,skilltwo",Elementary English Grammar and Composition Class 5,1
CBSE,Class 5,English,Elementary English Grammar and Composition ,Chapter 6 The Adjective- Kinds Of Adjectives,,,Short Answer type Questions,What book are you reading? ............................................................,N/A,,,,,,Other,Hard,Test Learning Outcome 1,"Skillone,skilltwo",Elementary English Grammar and Composition Class 5,1
CBSE,Class 5,English,Elementary English Grammar and Composition ,Chapter 6 The Adjective- Kinds Of Adjectives,,,Short Answer type Questions,What kind of man is he? ............................................................,N/A,,,,,,Other,Hard,Test Learning Outcome 1,"Skillone,skilltwo",Elementary English Grammar and Composition Class 5,1
CBSE,Class 5,English,Elementary English Grammar and Composition ,Chapter 6 The Adjective- Kinds Of Adjectives,,,Short Answer type Questions,Which book contains beautiful pictures? ............................................................,N/A,,,,,,Other,Hard,Test Learning Outcome 1,"Skillone,skilltwo",Elementary English Grammar and Composition Class 5,1
CBSE,Class 5,English,Elementary English Grammar and Composition ,Chapter 6 The Adjective- Kinds Of Adjectives,,,Short Answer type Questions,Which way shall we go? ............................................................,N/A,,,,,,Other,Hard,Test Learning Outcome 1,"Skillone,skilltwo",Elementary English Grammar and Composition Class 5,1
CBSE,Class 5,English,Elementary English Grammar and Composition ,Chapter 7 The Adverb- Kinds Of Adverbs,,,Fill in the Blanks,He always comes home ............................................................................. .,N/A,,,,,,Other,Hard,Test Learning Outcome 1,"Skillone,skilltwo",Elementary English Grammar and Composition Class 5,1
CBSE,Class 5,English,Elementary English Grammar and Composition ,Chapter 7 The Adverb- Kinds Of Adverbs,,,Fill in the Blanks,He never does his work ....................................................................... .,N/A,,,,,,Other,Hard,Test Learning Outcome 1,"Skillone,skilltwo",Elementary English Grammar and Composition Class 5,1
CBSE,Class 5,English,Elementary English Grammar and Composition ,Chapter 7 The Adverb- Kinds Of Adverbs,,,Fill in the Blanks,He ran ............................................................ .,N/A,,,,,,Other,Hard,Test Learning Outcome 1,"Skillone,skilltwo",Elementary English Grammar and Composition Class 5,1
CBSE,Class 5,English,Elementary English Grammar and Composition ,Chapter 7 The Adverb- Kinds Of Adverbs,,,Fill in the Blanks,He went to bed .............................................................. .,N/A,,,,,,Other,Hard,Test Learning Outcome 1,"Skillone,skilltwo",Elementary English Grammar and Composition Class 5,1
CBSE,Class 5,English,Elementary English Grammar and Composition ,Chapter 7 The Adverb- Kinds Of Adverbs,,,Fill in the Blanks,Never speak .................................................. to anyone.,N/A,,,,,,Other,Hard,Test Learning Outcome 1,"Skillone,skilltwo",Elementary English Grammar and Composition Class 5,1
CBSE,Class 5,English,Elementary English Grammar and Composition ,Chapter 7 The Adverb- Kinds Of Adverbs,,,Fill in the Blanks,Our team played ........................................................................................... .,N/A,,,,,,Other,Hard,Test Learning Outcome 1,"Skillone,skilltwo",Elementary English Grammar and Composition Class 5,1
CBSE,Class 5,English,Elementary English Grammar and Composition ,Chapter 7 The Adverb- Kinds Of Adverbs,,,Fill in the Blanks,Some of the children behave .................................................................. .,N/A,,,,,,Other,Hard,Test Learning Outcome 1,"Skillone,skilltwo",Elementary English Grammar and Composition Class 5,1
CBSE,Class 5,English,Elementary English Grammar and Composition ,Chapter 7 The Adverb- Kinds Of Adverbs,,,Fill in the Blanks,The boys spoke .......................................................... to the old beggar.,N/A,,,,,,Other,Hard,Test Learning Outcome 1,"Skillone,skilltwo",Elementary English Grammar and Composition Class 5,1
CBSE,Class 5,English,Elementary English Grammar and Composition ,Chapter 7 The Adverb- Kinds Of Adverbs,,,Fill in the Blanks,The burglar crept ............................................................. .,N/A,,,,,,Other,Hard,Test Learning Outcome 1,"Skillone,skilltwo",Elementary English Grammar and Composition Class 5,1
CBSE,Class 5,English,Elementary English Grammar and Composition ,Chapter 7 The Adverb- Kinds Of Adverbs,,,Fill in the Blanks,The children played ................................................... .,N/A,,,,,,Other,Hard,Test Learning Outcome 1,"Skillone,skilltwo",Elementary English Grammar and Composition Class 5,1
CBSE,Class 5,English,Elementary English Grammar and Composition ,Chapter 7 The Adverb- Kinds Of Adverbs,,,Fill in the Blanks,The choir sang .................................................. .,N/A,,,,,,Other,Hard,Test Learning Outcome 1,"Skillone,skilltwo",Elementary English Grammar and Composition Class 5,1
CBSE,Class 5,English,Elementary English Grammar and Composition ,Chapter 7 The Adverb- Kinds Of Adverbs,,,Fill in the Blanks,The farmer looked ................................................................... at the sky.,N/A,,,,,,Other,Hard,Test Learning Outcome 1,"Skillone,skilltwo",Elementary English Grammar and Composition Class 5,1
CBSE,Class 5,English,Elementary English Grammar and Composition ,Chapter 7 The Adverb- Kinds Of Adverbs,,,Fill in the Blanks,The king treated the queen ...................................................................... .,N/A,,,,,,Other,Hard,Test Learning Outcome 1,"Skillone,skilltwo",Elementary English Grammar and Composition Class 5,1
CBSE,Class 5,English,Elementary English Grammar and Composition ,Chapter 7 The Adverb- Kinds Of Adverbs,,,Fill in the Blanks,The old man walked home very ........................................... .,N/A,,,,,,Other,Hard,Test Learning Outcome 1,"Skillone,skilltwo",Elementary English Grammar and Composition Class 5,1
CBSE,Class 5,English,Elementary English Grammar and Composition ,Chapter 7 The Adverb- Kinds Of Adverbs,,,Fill in the Blanks,The orphan had been .................................................... treated.,N/A,,,,,,Other,Hard,Test Learning Outcome 1,"Skillone,skilltwo",Elementary English Grammar and Composition Class 5,1
CBSE,Class 5,English,Elementary English Grammar and Composition ,Chapter 7 The Adverb- Kinds Of Adverbs,,,Fill in the Blanks,The servant has gone ....................................................................... .,N/A,,,,,,Other,Hard,Test Learning Outcome 1,"Skillone,skilltwo",Elementary English Grammar and Composition Class 5,1
CBSE,Class 5,English,Elementary English Grammar and Composition ,Chapter 7 The Adverb- Kinds Of Adverbs,,,Fill in the Blanks,The teacher explained the lesson .................................. to the child.,N/A,,,,,,Other,Hard,Test Learning Outcome 1,"Skillone,skilltwo",Elementary English Grammar and Composition Class 5,1
CBSE,Class 5,English,Elementary English Grammar and Composition ,Chapter 7 The Adverb- Kinds Of Adverbs,,,Fill in the Blanks,Twice the man dived ................................... into the river.,N/A,,,,,,Other,Hard,Test Learning Outcome 1,"Skillone,skilltwo",Elementary English Grammar and Composition Class 5,1
CBSE,Class 5,English,Elementary English Grammar and Composition ,Chapter 7 The Adverb- Kinds Of Adverbs,,,Fill in the Blanks,You have spelt these words ................................................................ .,N/A,,,,,,Other,Hard,Test Learning Outcome 1,"Skillone,skilltwo",Elementary English Grammar and Composition Class 5,1
CBSE,Class 5,English,Elementary English Grammar and Composition ,Chapter 7 The Adverb- Kinds Of Adverbs,,,Fill in the Blanks,You must not eat your food .................................................................... .,N/A,,,,,,Other,Hard,Test Learning Outcome 1,"Skillone,skilltwo",Elementary English Grammar and Composition Class 5,1
CBSE,Class 5,English,Elementary English Grammar and Composition ,Chapter 7 The Adverb- Kinds Of Adverbs,,,Short Answer type Questions,"The door opened slowly and the queen walked out.
...........................................................................",N/A,,,,,,Other,Hard,Test Learning Outcome 1,"Skillone,skilltwo",Elementary English Grammar and Composition Class 5,1
CBSE,Class 5,English,Elementary English Grammar and Composition ,Chapter 7 The Adverb- Kinds Of Adverbs,,,Short Answer type Questions,"All the children shouted suddenly, “The mother is here!” .............................................",N/A,,,,,,Other,Hard,Test Learning Outcome 1,"Skillone,skilltwo",Elementary English Grammar and Composition Class 5,1
CBSE,Class 5,English,Elementary English Grammar and Composition ,Chapter 7 The Adverb- Kinds Of Adverbs,,,Short Answer type Questions,He cannot spell these words correctly. ..........................................................................,N/A,,,,,,Other,Hard,Test Learning Outcome 1,"Skillone,skilltwo",Elementary English Grammar and Composition Class 5,1
CBSE,Class 5,English,Elementary English Grammar and Composition ,Chapter 7 The Adverb- Kinds Of Adverbs,,,Short Answer type Questions,He never comes home late. ..............................................................................................,N/A,,,,,,Other,Hard,Test Learning Outcome 1,"Skillone,skilltwo",Elementary English Grammar and Composition Class 5,1
CBSE,Class 5,English,Elementary English Grammar and Composition ,Chapter 7 The Adverb- Kinds Of Adverbs,,,Short Answer type Questions,He seldom comes here now. ......................................................................,N/A,,,,,,Other,Hard,Test Learning Outcome 1,"Skillone,skilltwo",Elementary English Grammar and Composition Class 5,1
CBSE,Class 5,English,Elementary English Grammar and Composition ,Chapter 7 The Adverb- Kinds Of Adverbs,,,Short Answer type Questions,I hope you will soon be well. .....................................................................,N/A,,,,,,Other,Hard,Test Learning Outcome 1,"Skillone,skilltwo",Elementary English Grammar and Composition Class 5,1
CBSE,Class 5,English,Elementary English Grammar and Composition ,Chapter 7 The Adverb- Kinds Of Adverbs,,,Short Answer type Questions,I sometimes work very hard. .............................................................................................,N/A,,,,,,Other,Hard,Test Learning Outcome 1,"Skillone,skilltwo",Elementary English Grammar and Composition Class 5,1
CBSE,Class 5,English,Elementary English Grammar and Composition ,Chapter 7 The Adverb- Kinds Of Adverbs,,,Short Answer type Questions,She came here late today; tell her to come early tomorrow. ...................................,N/A,,,,,,Other,Hard,Test Learning Outcome 1,"Skillone,skilltwo",Elementary English Grammar and Composition Class 5,1
CBSE,Class 5,English,Elementary English Grammar and Composition ,Chapter 7 The Adverb- Kinds Of Adverbs,,,Short Answer type Questions,She is somewhat better today. ....................................................................,N/A,,,,,,Other,Hard,Test Learning Outcome 1,"Skillone,skilltwo",Elementary English Grammar and Composition Class 5,1
CBSE,Class 5,English,Elementary English Grammar and Composition ,Chapter 7 The Adverb- Kinds Of Adverbs,,,Short Answer type Questions,The king treated the queen very cruelly. .......................................................................,N/A,,,,,,Other,Hard,Test Learning Outcome 1,"Skillone,skilltwo",Elementary English Grammar and Composition Class 5,1
CBSE,Class 5,English,Elementary English Grammar and Composition ,Chapter 7 The Adverb- Kinds Of Adverbs,,,Short Answer type Questions,The servant has gone downstairs. ....................................................................................,N/A,,,,,,Other,Hard,Test Learning Outcome 1,"Skillone,skilltwo",Elementary English Grammar and Composition Class 5,1
CBSE,Class 5,English,Elementary English Grammar and Composition ,Chapter 7 The Adverb- Kinds Of Adverbs,,,Short Answer type Questions,The smoke rises upwards. ............................................................................,N/A,,,,,,Other,Hard,Test Learning Outcome 1,"Skillone,skilltwo",Elementary English Grammar and Composition Class 5,1
CBSE,Class 5,English,Elementary English Grammar and Composition ,Chapter 7 The Adverb- Kinds Of Adverbs,,,Short Answer type Questions,The sun shines everywhere. ..........................................................................,N/A,,,,,,Other,Hard,Test Learning Outcome 1,"Skillone,skilltwo",Elementary English Grammar and Composition Class 5,1
CBSE,Class 5,English,Elementary English Grammar and Composition ,Chapter 7 The Adverb- Kinds Of Adverbs,,,Short Answer type Questions,The young girl opened the door of the cage and the bird flew out.......................................................................................,N/A,,,,,,Other,Hard,Test Learning Outcome 1,"Skillone,skilltwo",Elementary English Grammar and Composition Class 5,1
CBSE,Class 5,English,Elementary English Grammar and Composition ,Chapter 7 The Adverb- Kinds Of Adverbs,,,Short Answer type Questions,Today you have not done your lessons well. ............................................,N/A,,,,,,Other,Hard,Test Learning Outcome 1,"Skillone,skilltwo",Elementary English Grammar and Composition Class 5,1
CBSE,Class 5,English,Elementary English Grammar and Composition ,Chapter 7 The Adverb- Kinds Of Adverbs,,,Short Answer type Questions,Walk forward and then walk back slowly. .......................................,N/A,,,,,,Other,Hard,Test Learning Outcome 1,"Skillone,skilltwo",Elementary English Grammar and Composition Class 5,1
CBSE,Class 5,English,Elementary English Grammar and Composition ,Chapter 7 The Adverb- Kinds Of Adverbs,,,Short Answer type Questions,Yesterday she wrote her exercise neatly. ...................................................,N/A,,,,,,Other,Hard,Test Learning Outcome 1,"Skillone,skilltwo",Elementary English Grammar and Composition Class 5,1
CBSE,Class 5,English,Elementary English Grammar and Composition ,Chapter 7 The Adverb- Kinds Of Adverbs,,,Short Answer type Questions,Your watch is not quite right. ......................................................................,N/A,,,,,,Other,Hard,Test Learning Outcome 1,"Skillone,skilltwo",Elementary English Grammar and Composition Class 5,1
CBSE,Class 5,English,Elementary English Grammar and Composition ,Chapter 10 The Conjunction,,,Fill in the Blanks,Anne is tall ......................................................... Mary is taller.,N/A,,,,,,Other,Hard,Test Learning Outcome 1,"Skillone,skilltwo",Elementary English Grammar and Composition Class 5,1
CBSE,Class 5,English,Elementary English Grammar and Composition ,Chapter 10 The Conjunction,,,Fill in the Blanks,Catch me ......................................................... you can.,N/A,,,,,,Other,Hard,Test Learning Outcome 1,"Skillone,skilltwo",Elementary English Grammar and Composition Class 5,1
CBSE,Class 5,English,Elementary English Grammar and Composition ,Chapter 10 The Conjunction,,,Fill in the Blanks,He is happy ......................................................... he is poor.,N/A,,,,,,Other,Hard,Test Learning Outcome 1,"Skillone,skilltwo",Elementary English Grammar and Composition Class 5,1
CBSE,Class 5,English,Elementary English Grammar and Composition ,Chapter 10 The Conjunction,,,Fill in the Blanks,"He is poor, ......................................................... he is honest.",N/A,,,,,,Other,Hard,Test Learning Outcome 1,"Skillone,skilltwo",Elementary English Grammar and Composition Class 5,1
CBSE,Class 5,English,Elementary English Grammar and Composition ,Chapter 10 The Conjunction,,,Fill in the Blanks,He is very rich ......................................................... he is unhappy.,N/A,,,,,,Other,Hard,Test Learning Outcome 1,"Skillone,skilltwo",Elementary English Grammar and Composition Class 5,1
CBSE,Class 5,English,Elementary English Grammar and Composition ,Chapter 10 The Conjunction,,,Fill in the Blanks,He ran fast ......................................................... caught the train.,N/A,,,,,,Other,Hard,Test Learning Outcome 1,"Skillone,skilltwo",Elementary English Grammar and Composition Class 5,1
CBSE,Class 5,English,Elementary English Grammar and Composition ,Chapter 10 The Conjunction,,,Fill in the Blanks,He will not pass ......................................................... he works hard.,N/A,,,,,,Other,Hard,Test Learning Outcome 1,"Skillone,skilltwo",Elementary English Grammar and Composition Class 5,1
CBSE,Class 5,English,Elementary English Grammar and Composition ,Chapter 10 The Conjunction,,,Fill in the Blanks,I like him ......................................................... he is honest.,N/A,,,,,,Other,Hard,Test Learning Outcome 1,"Skillone,skilltwo",Elementary English Grammar and Composition Class 5,1
CBSE,Class 5,English,Elementary English Grammar and Composition ,Chapter 10 The Conjunction,,,Fill in the Blanks,I shall buy it ......................................................... I have money.,N/A,,,,,,Other,Hard,Test Learning Outcome 1,"Skillone,skilltwo",Elementary English Grammar and Composition Class 5,1
CBSE,Class 5,English,Elementary English Grammar and Composition ,Chapter 10 The Conjunction,,,Fill in the Blanks,I shall not come ......................................................... it rains.,N/A,,,,,,Other,Hard,Test Learning Outcome 1,"Skillone,skilltwo",Elementary English Grammar and Composition Class 5,1
CBSE,Class 5,English,Elementary English Grammar and Composition ,Chapter 10 The Conjunction,,,Fill in the Blanks,Run fast ......................................................... you will miss the train.,N/A,,,,,,Other,Hard,Test Learning Outcome 1,"Skillone,skilltwo",Elementary English Grammar and Composition Class 5,1
CBSE,Class 5,English,Elementary English Grammar and Composition ,Chapter 10 The Conjunction,,,Fill in the Blanks,Tom goes to school ......................................................... his sister stays at home.,N/A,,,,,,Other,Hard,Test Learning Outcome 1,"Skillone,skilltwo",Elementary English Grammar and Composition Class 5,1
CBSE,Class 5,English,Elementary English Grammar and Composition ,Chapter 10 The Conjunction,,,Fill in the Blanks,Trust in God ......................................................... do the right.,N/A,,,,,,Other,Hard,Test Learning Outcome 1,"Skillone,skilltwo",Elementary English Grammar and Composition Class 5,1
CBSE,Class 5,English,Elementary English Grammar and Composition ,Chapter 10 The Conjunction,,,Fill in the Blanks,Wait here ......................................................... I return.,N/A,,,,,,Other,Hard,Test Learning Outcome 1,"Skillone,skilltwo",Elementary English Grammar and Composition Class 5,1
CBSE,Class 5,English,Elementary English Grammar and Composition ,Chapter 10 The Conjunction,,,Fill in the Blanks,We must eat ......................................................... die.,N/A,,,,,,Other,Hard,Test Learning Outcome 1,"Skillone,skilltwo",Elementary English Grammar and Composition Class 5,1
CBSE,Class 5,English,Elementary English Grammar and Composition ,Chapter 10 The Conjunction,,,Short Answer type Questions,Hari was present but Rama was absent.,N/A,,,,,,Other,Hard,Test Learning Outcome 1,"Skillone,skilltwo",Elementary English Grammar and Composition Class 5,1
CBSE,Class 5,English,Elementary English Grammar and Composition ,Chapter 10 The Conjunction,,,Short Answer type Questions,He failed because he did not work hard.,N/A,,,,,,Other,Hard,Test Learning Outcome 1,"Skillone,skilltwo",Elementary English Grammar and Composition Class 5,1
CBSE,Class 5,English,Elementary English Grammar and Composition ,Chapter 10 The Conjunction,,,Short Answer type Questions,He failed but his brother passed.,N/A,,,,,,Other,Hard,Test Learning Outcome 1,"Skillone,skilltwo",Elementary English Grammar and Composition Class 5,1
CBSE,Class 5,English,Elementary English Grammar and Composition ,Chapter 10 The Conjunction,,,Short Answer type Questions,"He is very rich, yet he is unhappy.",N/A,,,,,,Other,Hard,Test Learning Outcome 1,"Skillone,skilltwo",Elementary English Grammar and Composition Class 5,1
CBSE,Class 5,English,Elementary English Grammar and Composition ,Chapter 10 The Conjunction,,,Short Answer type Questions,He worked hard; therefore he passed.,N/A,,,,,,Other,Hard,Test Learning Outcome 1,"Skillone,skilltwo",Elementary English Grammar and Composition Class 5,1
CBSE,Class 5,English,Elementary English Grammar and Composition ,Chapter 10 The Conjunction,,,Short Answer type Questions,I shall not be surprised if he fails.,N/A,,,,,,Other,Hard,Test Learning Outcome 1,"Skillone,skilltwo",Elementary English Grammar and Composition Class 5,1
CBSE,Class 5,English,Elementary English Grammar and Composition ,Chapter 10 The Conjunction,,,Short Answer type Questions,Let us go to bed as it is now late.,N/A,,,,,,Other,Hard,Test Learning Outcome 1,"Skillone,skilltwo",Elementary English Grammar and Composition Class 5,1
CBSE,Class 5,English,Elementary English Grammar and Composition ,Chapter 10 The Conjunction,,,Short Answer type Questions,When I was young I enjoyed riding.,N/A,,,,,,Other,Hard,Test Learning Outcome 1,"Skillone,skilltwo",Elementary English Grammar and Composition Class 5,1
CBSE,Class 5,English,Elementary English Grammar and Composition ,Chapter 10 The Conjunction,,,Short Answer type Questions,Work hard or you will fail.,N/A,,,,,,Other,Hard,Test Learning Outcome 1,"Skillone,skilltwo",Elementary English Grammar and Composition Class 5,1
CBSE,Class 5,English,Elementary English Grammar and Composition ,Chapter 10 The Conjunction,,,Short Answer type Questions,You must wait here until I come back.,N/A,,,,,,Other,Hard,Test Learning Outcome 1,"Skillone,skilltwo",Elementary English Grammar and Composition Class 5,1
CBSE,Class 5,English,Elementary English Grammar and Composition ,Chapter 4 The Noun - Kinds Of Nouns,,,Fill in the Blanks,A _____________________ of sheep was grazing in the valley.,N/A,,,,,,Other,Hard,Test Learning Outcome 1,"Skillone,skilltwo",Elementary English Grammar and Composition Class 5,1
CBSE,Class 5,English,Elementary English Grammar and Composition ,Chapter 4 The Noun - Kinds Of Nouns,,,Fill in the Blanks,A ______________________ of bees flew out of the hive.,N/A,,,,,,Other,Hard,Test Learning Outcome 1,"Skillone,skilltwo",Elementary English Grammar and Composition Class 5,1
CBSE,Class 5,English,Elementary English Grammar and Composition ,Chapter 4 The Noun - Kinds Of Nouns,,,Fill in the Blanks,A large _____________________ of people gathered in the street.,N/A,,,,,,Other,Hard,Test Learning Outcome 1,"Skillone,skilltwo",Elementary English Grammar and Composition Class 5,1
CBSE,Class 5,English,Elementary English Grammar and Composition ,Chapter 4 The Noun - Kinds Of Nouns,,,Fill in the Blanks,An ____________________ consists of soldiers and commanders.,N/A,,,,,,Other,Hard,Test Learning Outcome 1,"Skillone,skilltwo",Elementary English Grammar and Composition Class 5,1
CBSE,Class 5,English,Elementary English Grammar and Composition ,Chapter 4 The Noun - Kinds Of Nouns,,,Fill in the Blanks,Our ____________________ won the match.,N/A,,,,,,Other,Hard,Test Learning Outcome 1,"Skillone,skilltwo",Elementary English Grammar and Composition Class 5,1
CBSE,Class 5,English,Elementary English Grammar and Composition ,Chapter 4 The Noun - Kinds Of Nouns,,,Fill in the Blanks,Our ______________________ consists of forty pupils.,N/A,,,,,,Other,Hard,Test Learning Outcome 1,"Skillone,skilltwo",Elementary English Grammar and Composition Class 5,1
CBSE,Class 5,English,Elementary English Grammar and Composition ,Chapter 4 The Noun - Kinds Of Nouns,,,Fill in the Blanks,The ___________________ attacked the police.,N/A,,,,,,Other,Hard,Test Learning Outcome 1,"Skillone,skilltwo",Elementary English Grammar and Composition Class 5,1
CBSE,Class 5,English,Elementary English Grammar and Composition ,Chapter 4 The Noun - Kinds Of Nouns,,,Fill in the Blanks,The ____________________ is holding its meeting.,N/A,,,,,,Other,Hard,Test Learning Outcome 1,"Skillone,skilltwo",Elementary English Grammar and Composition Class 5,1
CBSE,Class 5,English,Elementary English Grammar and Composition ,Chapter 4 The Noun - Kinds Of Nouns,,,Fill in the Blanks,The old man asked his sons to bring him a _______________________ of sticks.,N/A,,,,,,Other,Hard,Test Learning Outcome 1,"Skillone,skilltwo",Elementary English Grammar and Composition Class 5,1
CBSE,Class 5,English,Elementary English Grammar and Composition ,Chapter 4 The Noun - Kinds Of Nouns,,,Fill in the Blanks,We saw a ______________________ of cattle in the field.,N/A,,,,,,Other,Hard,Test Learning Outcome 1,"Skillone,skilltwo",Elementary English Grammar and Composition Class 5,1
CBSE,Class 5,English,Elementary English Grammar and Composition ,Chapter 4 The Noun - Kinds Of Nouns,,,Short Answer type Questions,connaught circus is in new delhi.,N/A,,,,,,Other,Hard,Test Learning Outcome 1,"Skillone,skilltwo",Elementary English Grammar and Composition Class 5,1
CBSE,Class 5,English,Elementary English Grammar and Composition ,Chapter 4 The Noun - Kinds Of Nouns,,,Short Answer type Questions,king george was the ruler of great britain.,N/A,,,,,,Other,Hard,Test Learning Outcome 1,"Skillone,skilltwo",Elementary English Grammar and Composition Class 5,1
CBSE,Class 5,English,Elementary English Grammar and Composition ,Chapter 4 The Noun - Kinds Of Nouns,,,Short Answer type Questions,"last saturday henry brown took his sons george, peter and john to see jaipur.",N/A,,,,,,Other,Hard,Test Learning Outcome 1,"Skillone,skilltwo",Elementary English Grammar and Composition Class 5,1
CBSE,Class 5,English,Elementary English Grammar and Composition ,Chapter 4 The Noun - Kinds Of Nouns,,,Short Answer type Questions,paris is the capital of france.,N/A,,,,,,Other,Hard,Test Learning Outcome 1,"Skillone,skilltwo",Elementary English Grammar and Composition Class 5,1
CBSE,Class 5,English,Elementary English Grammar and Composition ,Chapter 4 The Noun - Kinds Of Nouns,,,Short Answer type Questions,the golden temple is at amritsar.,N/A,,,,,,Other,Hard,Test Learning Outcome 1,"Skillone,skilltwo",Elementary English Grammar and Composition Class 5,1
CBSE,Class 5,English,Elementary English Grammar and Composition ,Chapter 4 The Noun - Kinds Of Nouns,,,Short Answer type Questions,the largest city in america is new york.,N/A,,,,,,Other,Hard,Test Learning Outcome 1,"Skillone,skilltwo",Elementary English Grammar and Composition Class 5,1
CBSE,Class 5,English,Elementary English Grammar and Composition ,Chapter 4 The Noun - Kinds Of Nouns,,,Short Answer type Questions,the man who first sailed to america was christopher columbus.,N/A,,,,,,Other,Hard,Test Learning Outcome 1,"Skillone,skilltwo",Elementary English Grammar and Composition Class 5,1
CBSE,Class 5,English,Elementary English Grammar and Composition ,Chapter 4 The Noun - Kinds Of Nouns,,,Short Answer type Questions,the nile is a large river in egypt.,N/A,,,,,,Other,Hard,Test Learning Outcome 1,"Skillone,skilltwo",Elementary English Grammar and Composition Class 5,1
CBSE,Class 5,English,Elementary English Grammar and Composition ,Chapter 4 The Noun - Kinds Of Nouns,,,Short Answer type Questions,the red sea is to the east of egypt.,N/A,,,,,,Other,Hard,Test Learning Outcome 1,"Skillone,skilltwo",Elementary English Grammar and Composition Class 5,1
CBSE,Class 5,English,Elementary English Grammar and Composition ,Chapter 4 The Noun - Kinds Of Nouns,,,Short Answer type Questions,we sailed to england on the queen elizabeth.,N/A,,,,,,Other,Hard,Test Learning Outcome 1,"Skillone,skilltwo",Elementary English Grammar and Composition Class 5,1
CBSE,Class 5,English,Elementary English Grammar and Composition ,Chapter 9 The Preposition,,,Fill in the Blanks,Children are reading .................................... the library.,N/A,,,,,,Other,Hard,Test Learning Outcome 1,"Skillone,skilltwo",Elementary English Grammar and Composition Class 5,1
CBSE,Class 5,English,Elementary English Grammar and Composition ,Chapter 9 The Preposition,,,Fill in the Blanks,Draw a square and then draw a circle .............................. it.,N/A,,,,,,Other,Hard,Test Learning Outcome 1,"Skillone,skilltwo",Elementary English Grammar and Composition Class 5,1
CBSE,Class 5,English,Elementary English Grammar and Composition ,Chapter 9 The Preposition,,,Fill in the Blanks,He has recovered ...................................... illness.,N/A,,,,,,Other,Hard,Test Learning Outcome 1,"Skillone,skilltwo",Elementary English Grammar and Composition Class 5,1
CBSE,Class 5,English,Elementary English Grammar and Composition ,Chapter 9 The Preposition,,,Fill in the Blanks,He hung the picture .................................... the fireplace.,N/A,,,,,,Other,Hard,Test Learning Outcome 1,"Skillone,skilltwo",Elementary English Grammar and Composition Class 5,1
CBSE,Class 5,English,Elementary English Grammar and Composition ,Chapter 9 The Preposition,,,Fill in the Blanks,He lives .............................. 20 Mall Avenue.,N/A,,,,,,Other,Hard,Test Learning Outcome 1,"Skillone,skilltwo",Elementary English Grammar and Composition Class 5,1
CBSE,Class 5,English,Elementary English Grammar and Composition ,Chapter 9 The Preposition,,,Fill in the Blanks,He readily parted ...................................... his money to help his friend.,N/A,,,,,,Other,Hard,Test Learning Outcome 1,"Skillone,skilltwo",Elementary English Grammar and Composition Class 5,1
CBSE,Class 5,English,Elementary English Grammar and Composition ,Chapter 9 The Preposition,,,Fill in the Blanks,He was siting .................................... his sister.,N/A,,,,,,Other,Hard,Test Learning Outcome 1,"Skillone,skilltwo",Elementary English Grammar and Composition Class 5,1
CBSE,Class 5,English,Elementary English Grammar and Composition ,Chapter 9 The Preposition,,,Fill in the Blanks,Her house is .............................. a small public library.,N/A,,,,,,Other,Hard,Test Learning Outcome 1,"Skillone,skilltwo",Elementary English Grammar and Composition Class 5,1
CBSE,Class 5,English,Elementary English Grammar and Composition ,Chapter 9 The Preposition,,,Fill in the Blanks,I am afraid ...................................... big dogs.,N/A,,,,,,Other,Hard,Test Learning Outcome 1,"Skillone,skilltwo",Elementary English Grammar and Composition Class 5,1
CBSE,Class 5,English,Elementary English Grammar and Composition ,Chapter 9 The Preposition,,,Fill in the Blanks,I bought this pen ...................................... Rs 100.,N/A,,,,,,Other,Hard,Test Learning Outcome 1,"Skillone,skilltwo",Elementary English Grammar and Composition Class 5,1
CBSE,Class 5,English,Elementary English Grammar and Composition ,Chapter 9 The Preposition,,,Fill in the Blanks,Learn this poem ...................................... heart.,N/A,,,,,,Other,Hard,Test Learning Outcome 1,"Skillone,skilltwo",Elementary English Grammar and Composition Class 5,1
CBSE,Class 5,English,Elementary English Grammar and Composition ,Chapter 9 The Preposition,,,Fill in the Blanks,Listen ...................................... what I say.,N/A,,,,,,Other,Hard,Test Learning Outcome 1,"Skillone,skilltwo",Elementary English Grammar and Composition Class 5,1
CBSE,Class 5,English,Elementary English Grammar and Composition ,Chapter 9 The Preposition,,,Fill in the Blanks,My house is very .............................. the beach.,N/A,,,,,,Other,Hard,Test Learning Outcome 1,"Skillone,skilltwo",Elementary English Grammar and Composition Class 5,1
CBSE,Class 5,English,Elementary English Grammar and Composition ,Chapter 9 The Preposition,,,Fill in the Blanks,People are fighting ...................................... their rights.,N/A,,,,,,Other,Hard,Test Learning Outcome 1,"Skillone,skilltwo",Elementary English Grammar and Composition Class 5,1
CBSE,Class 5,English,Elementary English Grammar and Composition ,Chapter 9 The Preposition,,,Fill in the Blanks,Tajinder is running .................................... his new dog.,N/A,,,,,,Other,Hard,Test Learning Outcome 1,"Skillone,skilltwo",Elementary English Grammar and Composition Class 5,1
CBSE,Class 5,English,Elementary English Grammar and Composition ,Chapter 9 The Preposition,,,Fill in the Blanks,The bottle of honey is ............................... the cupboard.,N/A,,,,,,Other,Hard,Test Learning Outcome 1,"Skillone,skilltwo",Elementary English Grammar and Composition Class 5,1
CBSE,Class 5,English,Elementary English Grammar and Composition ,Chapter 9 The Preposition,,,Fill in the Blanks,The boys are jumping ...................................... joy.,N/A,,,,,,Other,Hard,Test Learning Outcome 1,"Skillone,skilltwo",Elementary English Grammar and Composition Class 5,1
CBSE,Class 5,English,Elementary English Grammar and Composition ,Chapter 9 The Preposition,,,Fill in the Blanks,The ladies are sitting .................................... the table and chatting.,N/A,,,,,,Other,Hard,Test Learning Outcome 1,"Skillone,skilltwo",Elementary English Grammar and Composition Class 5,1
CBSE,Class 5,English,Elementary English Grammar and Composition ,Chapter 9 The Preposition,,,Fill in the Blanks,The picture is ............................... page 32.,N/A,,,,,,Other,Hard,Test Learning Outcome 1,"Skillone,skilltwo",Elementary English Grammar and Composition Class 5,1
CBSE,Class 5,English,Elementary English Grammar and Composition ,Chapter 9 The Preposition,,,Fill in the Blanks,The teacher is standing ............................... class.,N/A,,,,,,Other,Hard,Test Learning Outcome 1,"Skillone,skilltwo",Elementary English Grammar and Composition Class 5,1
CBSE,Class 5,English,Elementary English Grammar and Composition ,Chapter 9 The Preposition,,,Fill in the Blanks,The train went ............................... a tunnel.,N/A,,,,,,Other,Hard,Test Learning Outcome 1,"Skillone,skilltwo",Elementary English Grammar and Composition Class 5,1
CBSE,Class 5,English,Elementary English Grammar and Composition ,Chapter 9 The Preposition,,,Fill in the Blanks,There is a girl sitting .................................... the sheep.,N/A,,,,,,Other,Hard,Test Learning Outcome 1,"Skillone,skilltwo",Elementary English Grammar and Composition Class 5,1
CBSE,Class 5,English,Elementary English Grammar and Composition ,Chapter 9 The Preposition,,,Fill in the Blanks,There is a long queue ............................... the bus stop.,N/A,,,,,,Other,Hard,Test Learning Outcome 1,"Skillone,skilltwo",Elementary English Grammar and Composition Class 5,1
CBSE,Class 5,English,Elementary English Grammar and Composition ,Chapter 9 The Preposition,,,Fill in the Blanks,There is a new mall .................................... the street.,N/A,,,,,,Other,Hard,Test Learning Outcome 1,"Skillone,skilltwo",Elementary English Grammar and Composition Class 5,1
CBSE,Class 5,English,Elementary English Grammar and Composition ,Chapter 9 The Preposition,,,Fill in the Blanks,They have built a fence .............................. their garden.,N/A,,,,,,Other,Hard,Test Learning Outcome 1,"Skillone,skilltwo",Elementary English Grammar and Composition Class 5,1
CBSE,Class 5,English,Elementary English Grammar and Composition ,Chapter 9 The Preposition,,,Fill in the Blanks,We admired the full moon shining .................................... .,N/A,,,,,,Other,Hard,Test Learning Outcome 1,"Skillone,skilltwo",Elementary English Grammar and Composition Class 5,1
CBSE,Class 5,English,Elementary English Grammar and Composition ,Chapter 9 The Preposition,,,Fill in the Blanks,We are playing .................................... St. Mary’s Netball team.,N/A,,,,,,Other,Hard,Test Learning Outcome 1,"Skillone,skilltwo",Elementary English Grammar and Composition Class 5,1
CBSE,Class 5,English,Elementary English Grammar and Composition ,Chapter 9 The Preposition,,,Fill in the Blanks,We are tired ...................................... waiting for so long.,N/A,,,,,,Other,Hard,Test Learning Outcome 1,"Skillone,skilltwo",Elementary English Grammar and Composition Class 5,1
CBSE,Class 5,English,Elementary English Grammar and Composition ,Chapter 9 The Preposition,,,Fill in the Blanks,We enjoyed our picnic .................................... the beach.,N/A,,,,,,Other,Hard,Test Learning Outcome 1,"Skillone,skilltwo",Elementary English Grammar and Composition Class 5,1
CBSE,Class 5,English,Elementary English Grammar and Composition ,Chapter 9 The Preposition,,,Fill in the Blanks,You cannot mix oil ...................................... water.,N/A,,,,,,Other,Hard,Test Learning Outcome 1,"Skillone,skilltwo",Elementary English Grammar and Composition Class 5,1
CBSE,Class 5,English,Elementary English Grammar and Composition ,Chapter 9 The Preposition,,,Short Answer type Questions,Arun is related with Nina. .........................,N/A,,,,,,Other,Hard,Test Learning Outcome 1,"Skillone,skilltwo",Elementary English Grammar and Composition Class 5,1
CBSE,Class 5,English,Elementary English Grammar and Composition ,Chapter 9 The Preposition,,,Short Answer type Questions,"At night, we had a shower with rain. .........................",N/A,,,,,,Other,Hard,Test Learning Outcome 1,"Skillone,skilltwo",Elementary English Grammar and Composition Class 5,1
CBSE,Class 5,English,Elementary English Grammar and Composition ,Chapter 9 The Preposition,,,Short Answer type Questions,He lives along the river bank. .........................,N/A,,,,,,Other,Hard,Test Learning Outcome 1,"Skillone,skilltwo",Elementary English Grammar and Composition Class 5,1
CBSE,Class 5,English,Elementary English Grammar and Composition ,Chapter 9 The Preposition,,,Short Answer type Questions,Is it far by Delhi to Jaipur. ..........................,N/A,,,,,,Other,Hard,Test Learning Outcome 1,"Skillone,skilltwo",Elementary English Grammar and Composition Class 5,1
CBSE,Class 5,English,Elementary English Grammar and Composition ,Chapter 9 The Preposition,,,Short Answer type Questions,John kept his suitcase behind his seat in the train. ..........................,N/A,,,,,,Other,Hard,Test Learning Outcome 1,"Skillone,skilltwo",Elementary English Grammar and Composition Class 5,1
CBSE,Class 5,English,Elementary English Grammar and Composition ,Chapter 9 The Preposition,,,Short Answer type Questions,My neighbour always parks his car before my garage. ..........................,N/A,,,,,,Other,Hard,Test Learning Outcome 1,"Skillone,skilltwo",Elementary English Grammar and Composition Class 5,1
CBSE,Class 5,English,Elementary English Grammar and Composition ,Chapter 9 The Preposition,,,Short Answer type Questions,Pick a number behind one and tell. .........................,N/A,,,,,,Other,Hard,Test Learning Outcome 1,"Skillone,skilltwo",Elementary English Grammar and Composition Class 5,1
CBSE,Class 5,English,Elementary English Grammar and Composition ,Chapter 9 The Preposition,,,Short Answer type Questions,Stupid children make fun on everybody. ..........................,N/A,,,,,,Other,Hard,Test Learning Outcome 1,"Skillone,skilltwo",Elementary English Grammar and Composition Class 5,1
CBSE,Class 5,English,Elementary English Grammar and Composition ,Chapter 9 The Preposition,,,Short Answer type Questions,The foolish merchant had to part with his money and valuables. .........................,N/A,,,,,,Other,Hard,Test Learning Outcome 1,"Skillone,skilltwo",Elementary English Grammar and Composition Class 5,1
CBSE,Class 5,English,Elementary English Grammar and Composition ,Chapter 9 The Preposition,,,Short Answer type Questions,The man is still in the hospital. He has not yet recovered with his illness. ..................,N/A,,,,,,Other,Hard,Test Learning Outcome 1,"Skillone,skilltwo",Elementary English Grammar and Composition Class 5,1
CBSE,Class 5,English,Elementary English Grammar and Composition ,Chapter 9 The Preposition,,,Short Answer type Questions,The new servant is not fit with anything. .........................,N/A,,,,,,Other,Hard,Test Learning Outcome 1,"Skillone,skilltwo",Elementary English Grammar and Composition Class 5,1
CBSE,Class 5,English,Elementary English Grammar and Composition ,Chapter 9 The Preposition,,,Short Answer type Questions,The school is in need for money to construct the new building. ..........................,N/A,,,,,,Other,Hard,Test Learning Outcome 1,"Skillone,skilltwo",Elementary English Grammar and Composition Class 5,1
CBSE,Class 5,English,Elementary English Grammar and Composition ,Chapter 9 The Preposition,,,Short Answer type Questions,The teacher told him that he was weak in all subjects. ..........................,N/A,,,,,,Other,Hard,Test Learning Outcome 1,"Skillone,skilltwo",Elementary English Grammar and Composition Class 5,1
CBSE,Class 5,English,Elementary English Grammar and Composition ,Chapter 9 The Preposition,,,Short Answer type Questions,The thief begged with mercy when he was caught and punished. ..........................,N/A,,,,,,Other,Hard,Test Learning Outcome 1,"Skillone,skilltwo",Elementary English Grammar and Composition Class 5,1
CBSE,Class 5,English,Elementary English Grammar and Composition ,Chapter 9 The Preposition,,,Short Answer type Questions,The two men quarrelled at each other everyday. ..........................,N/A,,,,,,Other,Hard,Test Learning Outcome 1,"Skillone,skilltwo",Elementary English Grammar and Composition Class 5,1
CBSE,Class 5,English,Elementary English Grammar and Composition ,Chapter 9 The Preposition,,,Short Answer type Questions,The weary soldiers returned on months at sea. .........................,N/A,,,,,,Other,Hard,Test Learning Outcome 1,"Skillone,skilltwo",Elementary English Grammar and Composition Class 5,1
CBSE,Class 5,English,Elementary English Grammar and Composition ,Chapter 9 The Preposition,,,Short Answer type Questions,They are walking among the beach. .........................,N/A,,,,,,Other,Hard,Test Learning Outcome 1,"Skillone,skilltwo",Elementary English Grammar and Composition Class 5,1
CBSE,Class 5,English,Elementary English Grammar and Composition ,Chapter 9 The Preposition,,,Short Answer type Questions,Two old ladies were sitting opposite us in the bus. ..........................,N/A,,,,,,Other,Hard,Test Learning Outcome 1,"Skillone,skilltwo",Elementary English Grammar and Composition Class 5,1
CBSE,Class 5,English,Elementary English Grammar and Composition ,Chapter 9 The Preposition,,,Short Answer type Questions,We are having a party at Shanti house. ..........................,N/A,,,,,,Other,Hard,Test Learning Outcome 1,"Skillone,skilltwo",Elementary English Grammar and Composition Class 5,1
CBSE,Class 5,English,Elementary English Grammar and Composition ,Chapter 9 The Preposition,,,Short Answer type Questions,You should not swim on such polluted water. .........................,N/A,,,,,,Other,Hard,Test Learning Outcome 1,"Skillone,skilltwo",Elementary English Grammar and Composition Class 5,1
CBSE,Class 5,English,Elementary English Grammar and Composition ,Chapter 8 The Pronoun - Kinds Of Pronouns,,,Fill in the Blanks,............................. am sorry if .............................have hurt ...........................,N/A,,,,,,Other,Hard,Test Learning Outcome 1,"Skillone,skilltwo",Elementary English Grammar and Composition Class 5,1
CBSE,Class 5,English,Elementary English Grammar and Composition ,Chapter 8 The Pronoun - Kinds Of Pronouns,,,Fill in the Blanks,........................................ is the merchant here and ................................. the Jew?,N/A,,,,,,Other,Hard,Test Learning Outcome 1,"Skillone,skilltwo",Elementary English Grammar and Composition Class 5,1
CBSE,Class 5,English,Elementary English Grammar and Composition ,Chapter 8 The Pronoun - Kinds Of Pronouns,,,Fill in the Blanks,...................................................... did you enjoy at the party?,N/A,,,,,,Other,Hard,Test Learning Outcome 1,"Skillone,skilltwo",Elementary English Grammar and Composition Class 5,1
CBSE,Class 5,English,Elementary English Grammar and Composition ,Chapter 8 The Pronoun - Kinds Of Pronouns,,,Fill in the Blanks,...................................................... did you give my message to?,N/A,,,,,,Other,Hard,Test Learning Outcome 1,"Skillone,skilltwo",Elementary English Grammar and Composition Class 5,1
CBSE,Class 5,English,Elementary English Grammar and Composition ,Chapter 8 The Pronoun - Kinds Of Pronouns,,,Fill in the Blanks,...................................................... is your brother’s bicycle?,N/A,,,,,,Other,Hard,Test Learning Outcome 1,"Skillone,skilltwo",Elementary English Grammar and Composition Class 5,1
CBSE,Class 5,English,Elementary English Grammar and Composition ,Chapter 8 The Pronoun - Kinds Of Pronouns,,,Fill in the Blanks,"...................................................like Meera because ..................................... feel
..................................... can trust .....................................",N/A,,,,,,Other,Hard,Test Learning Outcome 1,"Skillone,skilltwo",Elementary English Grammar and Composition Class 5,1
CBSE,Class 5,English,Elementary English Grammar and Composition ,Chapter 8 The Pronoun - Kinds Of Pronouns,,,Fill in the Blanks,"The teacher told Mohan that .............................................should obey
.........................................",N/A,,,,,,Other,Hard,Test Learning Outcome 1,"Skillone,skilltwo",Elementary English Grammar and Composition Class 5,1
CBSE,Class 5,English,Elementary English Grammar and Composition ,Chapter 8 The Pronoun - Kinds Of Pronouns,,,Fill in the Blanks,"You have forgotten to bring ....................................................................... book; you can
have ....................................................., if you please.",N/A,,,,,,Other,Hard,Test Learning Outcome 1,"Skillone,skilltwo",Elementary English Grammar and Composition Class 5,1
CBSE,Class 5,English,Elementary English Grammar and Composition ,Chapter 8 The Pronoun - Kinds Of Pronouns,,,Fill in the Blanks,Anil has lost ............................... pen. Ask Maya if she can lend him ............................,N/A,,,,,,Other,Hard,Test Learning Outcome 1,"Skillone,skilltwo",Elementary English Grammar and Composition Class 5,1
CBSE,Class 5,English,Elementary English Grammar and Composition ,Chapter 8 The Pronoun - Kinds Of Pronouns,,,Fill in the Blanks,By ...................................................... were you instructed in this matter?,N/A,,,,,,Other,Hard,Test Learning Outcome 1,"Skillone,skilltwo",Elementary English Grammar and Composition Class 5,1
CBSE,Class 5,English,Elementary English Grammar and Composition ,Chapter 8 The Pronoun - Kinds Of Pronouns,,,Fill in the Blanks,Give me the letters .................................................... the postman left.,N/A,,,,,,Other,Hard,Test Learning Outcome 1,"Skillone,skilltwo",Elementary English Grammar and Composition Class 5,1
CBSE,Class 5,English,Elementary English Grammar and Composition ,Chapter 8 The Pronoun - Kinds Of Pronouns,,,Fill in the Blanks,God helps those .................................................... help themselves.,N/A,,,,,,Other,Hard,Test Learning Outcome 1,"Skillone,skilltwo",Elementary English Grammar and Composition Class 5,1
CBSE,Class 5,English,Elementary English Grammar and Composition ,Chapter 8 The Pronoun - Kinds Of Pronouns,,,Fill in the Blanks,He ...................................................... went to see the prisoner.,N/A,,,,,,Other,Hard,Test Learning Outcome 1,"Skillone,skilltwo",Elementary English Grammar and Composition Class 5,1
CBSE,Class 5,English,Elementary English Grammar and Composition ,Chapter 8 The Pronoun - Kinds Of Pronouns,,,Fill in the Blanks,I have lost ....................................... pen. Can I have one of ...................................... ?,N/A,,,,,,Other,Hard,Test Learning Outcome 1,"Skillone,skilltwo",Elementary English Grammar and Composition Class 5,1
CBSE,Class 5,English,Elementary English Grammar and Composition ,Chapter 8 The Pronoun - Kinds Of Pronouns,,,Fill in the Blanks,I wash ...................................................... when I get up in the morning.,N/A,,,,,,Other,Hard,Test Learning Outcome 1,"Skillone,skilltwo",Elementary English Grammar and Composition Class 5,1
CBSE,Class 5,English,Elementary English Grammar and Composition ,Chapter 8 The Pronoun - Kinds Of Pronouns,,,Fill in the Blanks,Is this the road .................................................... leads to the station?,N/A,,,,,,Other,Hard,Test Learning Outcome 1,"Skillone,skilltwo",Elementary English Grammar and Composition Class 5,1
CBSE,Class 5,English,Elementary English Grammar and Composition ,Chapter 8 The Pronoun - Kinds Of Pronouns,,,Fill in the Blanks,Look at the house! How .......................................... burns!,N/A,,,,,,Other,Hard,Test Learning Outcome 1,"Skillone,skilltwo",Elementary English Grammar and Composition Class 5,1
CBSE,Class 5,English,Elementary English Grammar and Composition ,Chapter 8 The Pronoun - Kinds Of Pronouns,,,Fill in the Blanks,"Now girls, ............................................ must not get excited.",N/A,,,,,,Other,Hard,Test Learning Outcome 1,"Skillone,skilltwo",Elementary English Grammar and Composition Class 5,1
CBSE,Class 5,English,Elementary English Grammar and Composition ,Chapter 8 The Pronoun - Kinds Of Pronouns,,,Fill in the Blanks,Pinky dressed ...................................................... beautifully for the party.,N/A,,,,,,Other,Hard,Test Learning Outcome 1,"Skillone,skilltwo",Elementary English Grammar and Composition Class 5,1
CBSE,Class 5,English,Elementary English Grammar and Composition ,Chapter 8 The Pronoun - Kinds Of Pronouns,,,Fill in the Blanks,"Rita, you will hurt .......................................................",N/A,,,,,,Other,Hard,Test Learning Outcome 1,"Skillone,skilltwo",Elementary English Grammar and Composition Class 5,1
CBSE,Class 5,English,Elementary English Grammar and Composition ,Chapter 8 The Pronoun - Kinds Of Pronouns,,,Fill in the Blanks,She ...................................................... is to blame for it.,N/A,,,,,,Other,Hard,Test Learning Outcome 1,"Skillone,skilltwo",Elementary English Grammar and Composition Class 5,1
CBSE,Class 5,English,Elementary English Grammar and Composition ,Chapter 8 The Pronoun - Kinds Of Pronouns,,,Fill in the Blanks,The boys helped ...................................................... to the cakes.,N/A,,,,,,Other,Hard,Test Learning Outcome 1,"Skillone,skilltwo",Elementary English Grammar and Composition Class 5,1
CBSE,Class 5,English,Elementary English Grammar and Composition ,Chapter 8 The Pronoun - Kinds Of Pronouns,,,Fill in the Blanks,The girl .................................................... you see standing there is my sister.,N/A,,,,,,Other,Hard,Test Learning Outcome 1,"Skillone,skilltwo",Elementary English Grammar and Composition Class 5,1
CBSE,Class 5,English,Elementary English Grammar and Composition ,Chapter 8 The Pronoun - Kinds Of Pronouns,,,Fill in the Blanks,The horse has hurt .......................................................,N/A,,,,,,Other,Hard,Test Learning Outcome 1,"Skillone,skilltwo",Elementary English Grammar and Composition Class 5,1
CBSE,Class 5,English,Elementary English Grammar and Composition ,Chapter 8 The Pronoun - Kinds Of Pronouns,,,Fill in the Blanks,The thieves hid .......................................................,N/A,,,,,,Other,Hard,Test Learning Outcome 1,"Skillone,skilltwo",Elementary English Grammar and Composition Class 5,1
CBSE,Class 5,English,Elementary English Grammar and Composition ,Chapter 8 The Pronoun - Kinds Of Pronouns,,,Fill in the Blanks,These are the dogs .................................................... bit the children.,N/A,,,,,,Other,Hard,Test Learning Outcome 1,"Skillone,skilltwo",Elementary English Grammar and Composition Class 5,1
CBSE,Class 5,English,Elementary English Grammar and Composition ,Chapter 8 The Pronoun - Kinds Of Pronouns,,,Fill in the Blanks,"They have lost ................................. bicycle; they can use ..........................., if they like.",N/A,,,,,,Other,Hard,Test Learning Outcome 1,"Skillone,skilltwo",Elementary English Grammar and Composition Class 5,1
CBSE,Class 5,English,Elementary English Grammar and Composition ,Chapter 8 The Pronoun - Kinds Of Pronouns,,,Fill in the Blanks,They never fail .................................................... die in a great cause.,N/A,,,,,,Other,Hard,Test Learning Outcome 1,"Skillone,skilltwo",Elementary English Grammar and Composition Class 5,1
CBSE,Class 5,English,Elementary English Grammar and Composition ,Chapter 8 The Pronoun - Kinds Of Pronouns,,,Fill in the Blanks,This is the juggler .................................................... we met yesterday.,N/A,,,,,,Other,Hard,Test Learning Outcome 1,"Skillone,skilltwo",Elementary English Grammar and Composition Class 5,1
CBSE,Class 5,English,Elementary English Grammar and Composition ,Chapter 8 The Pronoun - Kinds Of Pronouns,,,Fill in the Blanks,This is the man .................................................... courage saved us.,N/A,,,,,,Other,Hard,Test Learning Outcome 1,"Skillone,skilltwo",Elementary English Grammar and Composition Class 5,1
CBSE,Class 5,English,Elementary English Grammar and Composition ,Chapter 8 The Pronoun - Kinds Of Pronouns,,,Fill in the Blanks,Time .................................................... is lost is never found again.,N/A,,,,,,Other,Hard,Test Learning Outcome 1,"Skillone,skilltwo",Elementary English Grammar and Composition Class 5,1
CBSE,Class 5,English,Elementary English Grammar and Composition ,Chapter 8 The Pronoun - Kinds Of Pronouns,,,Fill in the Blanks,We love those persons .................................................... are kind to us.,N/A,,,,,,Other,Hard,Test Learning Outcome 1,"Skillone,skilltwo",Elementary English Grammar and Composition Class 5,1
CBSE,Class 5,English,Elementary English Grammar and Composition ,Chapter 8 The Pronoun - Kinds Of Pronouns,,,Fill in the Blanks,We often deceive .......................................................,N/A,,,,,,Other,Hard,Test Learning Outcome 1,"Skillone,skilltwo",Elementary English Grammar and Composition Class 5,1
CBSE,Class 5,English,Elementary English Grammar and Composition ,Chapter 8 The Pronoun - Kinds Of Pronouns,,,Fill in the Blanks,We’ve had ..................................... breakfast. Have they had ....................................... ?,N/A,,,,,,Other,Hard,Test Learning Outcome 1,"Skillone,skilltwo",Elementary English Grammar and Composition Class 5,1
CBSE,Class 5,English,Elementary English Grammar and Composition ,Chapter 8 The Pronoun - Kinds Of Pronouns,,,Fill in the Blanks,You ...................................................... wanted this.,N/A,,,,,,Other,Hard,Test Learning Outcome 1,"Skillone,skilltwo",Elementary English Grammar and Composition Class 5,1
CBSE,Class 5,English,Elementary English Grammar and Composition ,Chapter 1 The Sentence,,,Match the Column,"at ten o’clock; for two hours:
in a corner; on the table;
in the east; in the west;
by day; by night;
at daybreak; in the daytime;",N/A,,,,,,Other,Hard,Test Learning Outcome 1,"Skillone,skilltwo",Elementary English Grammar and Composition Class 5,1
CBSE,Class 5,English,Elementary English Grammar and Composition ,Chapter 1 The Sentence,,,Short Answer type Questions,a corner sat in boy the little poor,N/A,,,,,,Other,Hard,Test Learning Outcome 1,"Skillone,skilltwo",Elementary English Grammar and Composition Class 5,1
CBSE,Class 5,English,Elementary English Grammar and Composition ,Chapter 1 The Sentence,,,Short Answer type Questions,"cheese butter and milk, made, are, from",N/A,,,,,,Other,Hard,Test Learning Outcome 1,"Skillone,skilltwo",Elementary English Grammar and Composition Class 5,1
CBSE,Class 5,English,Elementary English Grammar and Composition ,Chapter 1 The Sentence,,,Short Answer type Questions,fly bees flower to flower from.,N/A,,,,,,Other,Hard,Test Learning Outcome 1,"Skillone,skilltwo",Elementary English Grammar and Composition Class 5,1
CBSE,Class 5,English,Elementary English Grammar and Composition ,Chapter 1 The Sentence,,,Short Answer type Questions,happiness is there no health without good,N/A,,,,,,Other,Hard,Test Learning Outcome 1,"Skillone,skilltwo",Elementary English Grammar and Composition Class 5,1
CBSE,Class 5,English,Elementary English Grammar and Composition ,Chapter 1 The Sentence,,,Short Answer type Questions,here came Ashok ago minutes a few,N/A,,,,,,Other,Hard,Test Learning Outcome 1,"Skillone,skilltwo",Elementary English Grammar and Composition Class 5,1
CBSE,Class 5,English,Elementary English Grammar and Composition ,Chapter 1 The Sentence,,,Short Answer type Questions,his bad tools blames a workman,N/A,,,,,,Other,Hard,Test Learning Outcome 1,"Skillone,skilltwo",Elementary English Grammar and Composition Class 5,1
CBSE,Class 5,English,Elementary English Grammar and Composition ,Chapter 1 The Sentence,,,Short Answer type Questions,in a months twelve are there year,N/A,,,,,,Other,Hard,Test Learning Outcome 1,"Skillone,skilltwo",Elementary English Grammar and Composition Class 5,1
CBSE,Class 5,English,Elementary English Grammar and Composition ,Chapter 1 The Sentence,,,Short Answer type Questions,mother my early gets up in the morning,N/A,,,,,,Other,Hard,Test Learning Outcome 1,"Skillone,skilltwo",Elementary English Grammar and Composition Class 5,1
CBSE,Class 5,English,Elementary English Grammar and Composition ,Chapter 1 The Sentence,,,Short Answer type Questions,something to father our mother told us about.,N/A,,,,,,Other,Hard,Test Learning Outcome 1,"Skillone,skilltwo",Elementary English Grammar and Composition Class 5,1
CBSE,Class 5,English,Elementary English Grammar and Composition ,Chapter 1 The Sentence,,,Short Answer type Questions,washes and cups saucers she the tea after,N/A,,,,,,Other,Hard,Test Learning Outcome 1,"Skillone,skilltwo",Elementary English Grammar and Composition Class 5,1
CBSE,Class 5,English,Elementary English Grammar and Composition ,Chapter 1 The Sentence,,,Short Answer type Questions,with floor cleaned she a the brush,N/A,,,,,,Other,Hard,Test Learning Outcome 1,"Skillone,skilltwo",Elementary English Grammar and Composition Class 5,1
CBSE,Class 5,English,Elementary English Grammar and Composition ,Chapter 5 The Verb - Kinds Of Verbs,,,Short Answer type Questions,He dropped the ring into the well. ..........................................,N/A,,,,,,Other,Hard,Test Learning Outcome 1,"Skillone,skilltwo",Elementary English Grammar and Composition Class 5,1
CBSE,Class 5,English,Elementary English Grammar and Composition ,Chapter 5 The Verb - Kinds Of Verbs,,,Short Answer type Questions,He met a beggar-maid. .................................................,N/A,,,,,,Other,Hard,Test Learning Outcome 1,"Skillone,skilltwo",Elementary English Grammar and Composition Class 5,1
CBSE,Class 5,English,Elementary English Grammar and Composition ,Chapter 5 The Verb - Kinds Of Verbs,,,Short Answer type Questions,He seems innocent. .................................................,N/A,,,,,,Other,Hard,Test Learning Outcome 1,"Skillone,skilltwo",Elementary English Grammar and Composition Class 5,1
CBSE,Class 5,English,Elementary English Grammar and Composition ,Chapter 5 The Verb - Kinds Of Verbs,,,Short Answer type Questions,Mohan saw a snake. .................................................,N/A,,,,,,Other,Hard,Test Learning Outcome 1,"Skillone,skilltwo",Elementary English Grammar and Composition Class 5,1
CBSE,Class 5,English,Elementary English Grammar and Composition ,Chapter 5 The Verb - Kinds Of Verbs,,,Short Answer type Questions,Satish opened the door. .................................................,N/A,,,,,,Other,Hard,Test Learning Outcome 1,"Skillone,skilltwo",Elementary English Grammar and Composition Class 5,1
CBSE,Class 5,English,Elementary English Grammar and Composition ,Chapter 5 The Verb - Kinds Of Verbs,,,Short Answer type Questions,She became sad. .................................................,N/A,,,,,,Other,Hard,Test Learning Outcome 1,"Skillone,skilltwo",Elementary English Grammar and Composition Class 5,1
CBSE,Class 5,English,Elementary English Grammar and Composition ,Chapter 5 The Verb - Kinds Of Verbs,,,Short Answer type Questions,She looks guilty. .................................................,N/A,,,,,,Other,Hard,Test Learning Outcome 1,"Skillone,skilltwo",Elementary English Grammar and Composition Class 5,1
CBSE,Class 5,English,Elementary English Grammar and Composition ,Chapter 5 The Verb - Kinds Of Verbs,,,Short Answer type Questions,She made a doll. .................................................,N/A,,,,,,Other,Hard,Test Learning Outcome 1,"Skillone,skilltwo",Elementary English Grammar and Composition Class 5,1
CBSE,Class 5,English,Elementary English Grammar and Composition ,Chapter 5 The Verb - Kinds Of Verbs,,,Short Answer type Questions,The boy laughed. .................................................,N/A,,,,,,Other,Hard,Test Learning Outcome 1,"Skillone,skilltwo",Elementary English Grammar and Composition Class 5,1
CBSE,Class 5,English,Elementary English Grammar and Composition ,Chapter 5 The Verb - Kinds Of Verbs,,,Short Answer type Questions,The driver stopped the train. .................................................,N/A,,,,,,Other,Hard,Test Learning Outcome 1,"Skillone,skilltwo",Elementary English Grammar and Composition Class 5,1
CBSE,Class 5,English,Elementary English Grammar and Composition ,Chapter 5 The Verb - Kinds Of Verbs,,,Short Answer type Questions,The fire burnt the house. .................................................,N/A,,,,,,Other,Hard,Test Learning Outcome 1,"Skillone,skilltwo",Elementary English Grammar and Composition Class 5,1
CBSE,Class 5,English,Elementary English Grammar and Composition ,Chapter 5 The Verb - Kinds Of Verbs,,,Short Answer type Questions,The hare fell into the well. .................................................,N/A,,,,,,Other,Hard,Test Learning Outcome 1,"Skillone,skilltwo",Elementary English Grammar and Composition Class 5,1
CBSE,Class 5,English,Elementary English Grammar and Composition ,Chapter 5 The Verb - Kinds Of Verbs,,,Short Answer type Questions,The little girl hurt her finger. .................................................,N/A,,,,,,Other,Hard,Test Learning Outcome 1,"Skillone,skilltwo",Elementary English Grammar and Composition Class 5,1
CBSE,Class 5,English,Elementary English Grammar and Composition ,Chapter 5 The Verb - Kinds Of Verbs,,,Short Answer type Questions,The man died. .................................................,N/A,,,,,,Other,Hard,Test Learning Outcome 1,"Skillone,skilltwo",Elementary English Grammar and Composition Class 5,1
CBSE,Class 5,English,Elementary English Grammar and Composition ,Chapter 5 The Verb - Kinds Of Verbs,,,Short Answer type Questions,The poor girl cried bitterly. .................................................,N/A,,,,,,Other,Hard,Test Learning Outcome 1,"Skillone,skilltwo",Elementary English Grammar and Composition Class 5,1
CBSE,Class 5,English,Elementary English Grammar and Composition ,Chapter 5 The Verb - Kinds Of Verbs,,,Short Answer type Questions,The sky grew dark. .................................................,N/A,,,,,,Other,Hard,Test Learning Outcome 1,"Skillone,skilltwo",Elementary English Grammar and Composition Class 5,1
CBSE,Class 5,English,Elementary English Grammar and Composition ,Chapter 5 The Verb - Kinds Of Verbs,,,Short Answer type Questions,The sun sets in the west. .................................................,N/A,,,,,,Other,Hard,Test Learning Outcome 1,"Skillone,skilltwo",Elementary English Grammar and Composition Class 5,1
CBSE,Class 5,English,Elementary English Grammar and Composition ,Chapter 5 The Verb - Kinds Of Verbs,,,Short Answer type Questions,The train started. .................................................,N/A,,,,,,Other,Hard,Test Learning Outcome 1,"Skillone,skilltwo",Elementary English Grammar and Composition Class 5,1
CBSE,Class 5,English,Elementary English Grammar and Composition ,Chapter 5 The Verb - Kinds Of Verbs,,,Short Answer type Questions,The train stopped suddenly. .................................................,N/A,,,,,,Other,Hard,Test Learning Outcome 1,"Skillone,skilltwo",Elementary English Grammar and Composition Class 5,1
CBSE,Class 5,English,Elementary English Grammar and Composition ,Chapter 5 The Verb - Kinds Of Verbs,,,Short Answer type Questions,The water is boiling. .................................................,N/A,,,,,,Other,Hard,Test Learning Outcome 1,"Skillone,skilltwo",Elementary English Grammar and Composition Class 5,1
,,,,,,,,,,,,,,,,,,,,
,,,,,,,,,,,,,,,,,,,,
,,,,,,,,,,,,,,,,,,,,
,,,,,,,,,,,,,,,,,,,,
,,,,,,,,,,,,,,,,,,,,
,,,,,,,,,,,,,,,,,,,,
,,,,,,,,,,,,,,,,,,,,
,,,,,,,,,,,,,,,,,,,,
,,,,,,,,,,,,,,,,,,,,
,,,,,,,,,,,,,,,,,,,,
,,,,,,,,,,,,,,,,,,,,
,,,,,,,,,,,,,,,,,,,,
,,,,,,,,,,,,,,,,,,,,
,,,,,,,,,,,,,,,,,,,,
,,,,,,,,,,,,,,,,,,,,
,,,,,,,,,,,,,,,,,,,,
,,,,,,,,,,,,,,,,,,,,
,,,,,,,,,,,,,,,,,,,,
,,,,,,,,,,,,,,,,,,,,
,,,,,,,,,,,,,,,,,,,,
,,,,,,,,,,,,,,,,,,,,
,,,,,,,,,,,,,,,,,,,,
,,,,,,,,,,,,,,,,,,,,
,,,,,,,,,,,,,,,,,,,,
,,,,,,,,,,,,,,,,,,,,
,,,,,,,,,,,,,,,,,,,,
,,,,,,,,,,,,,,,,,,,,
,,,,,,,,,,,,,,,,,,,,
,,,,,,,,,,,,,,,,,,,,
,,,,,,,,,,,,,,,,,,,,
,,,,,,,,,,,,,,,,,,,,
,,,,,,,,,,,,,,,,,,,,
,,,,,,,,,,,,,,,,,,,,
,,,,,,,,,,,,,,,,,,,,
,,,,,,,,,,,,,,,,,,,,
,,,,,,,,,,,,,,,,,,,,
,,,,,,,,,,,,,,,,,,,,
,,,,,,,,,,,,,,,,,,,,
,,,,,,,,,,,,,,,,,,,,
,,,,,,,,,,,,,,,,,,,,
,,,,,,,,,,,,,,,,,,,,
,,,,,,,,,,,,,,,,,,,,
,,,,,,,,,,,,,,,,,,,,
,,,,,,,,,,,,,,,,,,,,
,,,,,,,,,,,,,,,,,,,,
,,,,,,,,,,,,,,,,,,,,
,,,,,,,,,,,,,,,,,,,,
,,,,,,,,,,,,,,,,,,,,
,,,,,,,,,,,,,,,,,,,,
,,,,,,,,,,,,,,,,,,,,
,,,,,,,,,,,,,,,,,,,,
,,,,,,,,,,,,,,,,,,,,
,,,,,,,,,,,,,,,,,,,,
,,,,,,,,,,,,,,,,,,,,
,,,,,,,,,,,,,,,,,,,,
,,,,,,,,,,,,,,,,,,,,
,,,,,,,,,,,,,,,,,,,,
,,,,,,,,,,,,,,,,,,,,
,,,,,,,,,,,,,,,,,,,,
,,,,,,,,,,,,,,,,,,,,
,,,,,,,,,,,,,,,,,,,,
,,,,,,,,,,,,,,,,,,,,
,,,,,,,,,,,,,,,,,,,,
,,,,,,,,,,,,,,,,,,,,
,,,,,,,,,,,,,,,,,,,,
,,,,,,,,,,,,,,,,,,,,
,,,,,,,,,,,,,,,,,,,,
,,,,,,,,,,,,,,,,,,,,
,,,,,,,,,,,,,,,,,,,,
,,,,,,,,,,,,,,,,,,,,
,,,,,,,,,,,,,,,,,,,,
,,,,,,,,,,,,,,,,,,,,
,,,,,,,,,,,,,,,,,,,,
,,,,,,,,,,,,,,,,,,,,
,,,,,,,,,,,,,,,,,,,,
,,,,,,,,,,,,,,,,,,,,
,,,,,,,,,,,,,,,,,,,,
,,,,,,,,,,,,,,,,,,,,
,,,,,,,,,,,,,,,,,,,,
,,,,,,,,,,,,,,,,,,,,
,,,,,,,,,,,,,,,,,,,,
,,,,,,,,,,,,,,,,,,,,
,,,,,,,,,,,,,,,,,,,,
,,,,,,,,,,,,,,,,,,,,
,,,,,,,,,,,,,,,,,,,,
,,,,,,,,,,,,,,,,,,,,
,,,,,,,,,,,,,,,,,,,,
,,,,,,,,,,,,,,,,,,,,
,,,,,,,,,,,,,,,,,,,,
,,,,,,,,,,,,,,,,,,,,
,,,,,,,,,,,,,,,,,,,,
,,,,,,,,,,,,,,,,,,,,
,,,,,,,,,,,,,,,,,,,,
,,,,,,,,,,,,,,,,,,,,
,,,,,,,,,,,,,,,,,,,,
,,,,,,,,,,,,,,,,,,,,
,,,,,,,,,,,,,,,,,,,,
,,,,,,,,,,,,,,,,,,,,
,,,,,,,,,,,,,,,,,,,,
,,,,,,,,,,,,,,,,,,,,
,,,,,,,,,,,,,,,,,,,,
,,,,,,,,,,,,,,,,,,,,
,,,,,,,,,,,,,,,,,,,,
,,,,,,,,,,,,,,,,,,,,
,,,,,,,,,,,,,,,,,,,,
,,,,,,,,,,,,,,,,,,,,
,,,,,,,,,,,,,,,,,,,,
,,,,,,,,,,,,,,,,,,,,
,,,,,,,,,,,,,,,,,,,,
,,,,,,,,,,,,,,,,,,,,
,,,,,,,,,,,,,,,,,,,,
,,,,,,,,,,,,,,,,,,,,
,,,,,,,,,,,,,,,,,,,,
,,,,,,,,,,,,,,,,,,,,
,,,,,,,,,,,,,,,,,,,,
,,,,,,,,,,,,,,,,,,,,
,,,,,,,,,,,,,,,,,,,,
,,,,,,,,,,,,,,,,,,,,
,,,,,,,,,,,,,,,,,,,,
,,,,,,,,,,,,,,,,,,,,
,,,,,,,,,,,,,,,,,,,,
,,,,,,,,,,,,,,,,,,,,
,,,,,,,,,,,,,,,,,,,,
,,,,,,,,,,,,,,,,,,,,
,,,,,,,,,,,,,,,,,,,,
,,,,,,,,,,,,,,,,,,,,
,,,,,,,,,,,,,,,,,,,,
,,,,,,,,,,,,,,,,,,,,
,,,,,,,,,,,,,,,,,,,,
,,,,,,,,,,,,,,,,,,,,
,,,,,,,,,,,,,,,,,,,,
,,,,,,,,,,,,,,,,,,,,
,,,,,,,,,,,,,,,,,,,,
,,,,,,,,,,,,,,,,,,,,
,,,,,,,,,,,,,,,,,,,,
,,,,,,,,,,,,,,,,,,,,
,,,,,,,,,,,,,,,,,,,,
,,,,,,,,,,,,,,,,,,,,
,,,,,,,,,,,,,,,,,,,,
,,,,,,,,,,,,,,,,,,,,
,,,,,,,,,,,,,,,,,,,,
,,,,,,,,,,,,,,,,,,,,
,,,,,,,,,,,,,,,,,,,,
,,,,,,,,,,,,,,,,,,,,
,,,,,,,,,,,,,,,,,,,,
,,,,,,,,,,,,,,,,,,,,
,,,,,,,,,,,,,,,,,,,,
,,,,,,,,,,,,,,,,,,,,
,,,,,,,,,,,,,,,,,,,,
,,,,,,,,,,,,,,,,,,,,
,,,,,,,,,,,,,,,,,,,,
,,,,,,,,,,,,,,,,,,,,
,,,,,,,,,,,,,,,,,,,,
,,,,,,,,,,,,,,,,,,,,
,,,,,,,,,,,,,,,,,,,,
,,,,,,,,,,,,,,,,,,,,
,,,,,,,,,,,,,,,,,,,,
,,,,,,,,,,,,,,,,,,,,
,,,,,,,,,,,,,,,,,,,,
,,,,,,,,,,,,,,,,,,,,
,,,,,,,,,,,,,,,,,,,,
,,,,,,,,,,,,,,,,,,,,
,,,,,,,,,,,,,,,,,,,,
,,,,,,,,,,,,,,,,,,,,
,,,,,,,,,,,,,,,,,,,,
,,,,,,,,,,,,,,,,,,,,
,,,,,,,,,,,,,,,,,,,,
,,,,,,,,,,,,,,,,,,,,
,,,,,,,,,,,,,,,,,,,,
,,,,,,,,,,,,,,,,,,,,
,,,,,,,,,,,,,,,,,,,,
,,,,,,,,,,,,,,,,,,,,
,,,,,,,,,,,,,,,,,,,,
,,,,,,,,,,,,,,,,,,,,
,,,,,,,,,,,,,,,,,,,,
,,,,,,,,,,,,,,,,,,,,
,,,,,,,,,,,,,,,,,,,,
,,,,,,,,,,,,,,,,,,,,
,,,,,,,,,,,,,,,,,,,,
,,,,,,,,,,,,,,,,,,,,
,,,,,,,,,,,,,,,,,,,,
,,,,,,,,,,,,,,,,,,,,
,,,,,,,,,,,,,,,,,,,,
,,,,,,,,,,,,,,,,,,,,
,,,,,,,,,,,,,,,,,,,,
,,,,,,,,,,,,,,,,,,,,
,,,,,,,,,,,,,,,,,,,,
,,,,,,,,,,,,,,,,,,,,
,,,,,,,,,,,,,,,,,,,,
,,,,,,,,,,,,,,,,,,,,
,,,,,,,,,,,,,,,,,,,,
,,,,,,,,,,,,,,,,,,,,
,,,,,,,,,,,,,,,,,,,,
,,,,,,,,,,,,,,,,,,,,
,,,,,,,,,,,,,,,,,,,,
,,,,,,,,,,,,,,,,,,,,
,,,,,,,,,,,,,,,,,,,,
,,,,,,,,,,,,,,,,,,,,
,,,,,,,,,,,,,,,,,,,,
,,,,,,,,,,,,,,,,,,,,
,,,,,,,,,,,,,,,,,,,,
,,,,,,,,,,,,,,,,,,,,
,,,,,,,,,,,,,,,,,,,,
,,,,,,,,,,,,,,,,,,,,
,,,,,,,,,,,,,,,,,,,,
,,,,,,,,,,,,,,,,,,,,
,,,,,,,,,,,,,,,,,,,,
,,,,,,,,,,,,,,,,,,,,
,,,,,,,,,,,,,,,,,,,,
,,,,,,,,,,,,,,,,,,,,
,,,,,,,,,,,,,,,,,,,,
,,,,,,,,,,,,,,,,,,,,
,,,,,,,,,,,,,,,,,,,,
,,,,,,,,,,,,,,,,,,,,
,,,,,,,,,,,,,,,,,,,,
,,,,,,,,,,,,,,,,,,,,
,,,,,,,,,,,,,,,,,,,,
,,,,,,,,,,,,,,,,,,,,
,,,,,,,,,,,,,,,,,,,,
,,,,,,,,,,,,,,,,,,,,
,,,,,,,,,,,,,,,,,,,,
,,,,,,,,,,,,,,,,,,,,
,,,,,,,,,,,,,,,,,,,,
,,,,,,,,,,,,,,,,,,,,
,,,,,,,,,,,,,,,,,,,,
,,,,,,,,,,,,,,,,,,,,
,,,,,,,,,,,,,,,,,,,,
,,,,,,,,,,,,,,,,,,,,
,,,,,,,,,,,,,,,,,,,,
,,,,,,,,,,,,,,,,,,,,
,,,,,,,,,,,,,,,,,,,,
,,,,,,,,,,,,,,,,,,,,
,,,,,,,,,,,,,,,,,,,,
,,,,,,,,,,,,,,,,,,,,
,,,,,,,,,,,,,,,,,,,,
,,,,,,,,,,,,,,,,,,,,
,,,,,,,,,,,,,,,,,,,,
,,,,,,,,,,,,,,,,,,,,
,,,,,,,,,,,,,,,,,,,,
,,,,,,,,,,,,,,,,,,,,
,,,,,,,,,,,,,,,,,,,,
,,,,,,,,,,,,,,,,,,,,
,,,,,,,,,,,,,,,,,,,,
,,,,,,,,,,,,,,,,,,,,
,,,,,,,,,,,,,,,,,,,,
,,,,,,,,,,,,,,,,,,,,
,,,,,,,,,,,,,,,,,,,,
,,,,,,,,,,,,,,,,,,,,
,,,,,,,,,,,,,,,,,,,,
,,,,,,,,,,,,,,,,,,,,
,,,,,,,,,,,,,,,,,,,,
,,,,,,,,,,,,,,,,,,,,
,,,,,,,,,,,,,,,,,,,,
,,,,,,,,,,,,,,,,,,,,
,,,,,,,,,,,,,,,,,,,,
,,,,,,,,,,,,,,,,,,,,
,,,,,,,,,,,,,,,,,,,,
,,,,,,,,,,,,,,,,,,,,
,,,,,,,,,,,,,,,,,,,,
,,,,,,,,,,,,,,,,,,,,
,,,,,,,,,,,,,,,,,,,,
,,,,,,,,,,,,,,,,,,,,
,,,,,,,,,,,,,,,,,,,,
,,,,,,,,,,,,,,,,,,,,
,,,,,,,,,,,,,,,,,,,,
,,,,,,,,,,,,,,,,,,,,
,,,,,,,,,,,,,,,,,,,,
,,,,,,,,,,,,,,,,,,,,
,,,,,,,,,,,,,,,,,,,,
,,,,,,,,,,,,,,,,,,,,
,,,,,,,,,,,,,,,,,,,,
,,,,,,,,,,,,,,,,,,,,
,,,,,,,,,,,,,,,,,,,,
,,,,,,,,,,,,,,,,,,,,
,,,,,,,,,,,,,,,,,,,,
,,,,,,,,,,,,,,,,,,,,
,,,,,,,,,,,,,,,,,,,,
,,,,,,,,,,,,,,,,,,,,
,,,,,,,,,,,,,,,,,,,,
,,,,,,,,,,,,,,,,,,,,
,,,,,,,,,,,,,,,,,,,,
,,,,,,,,,,,,,,,,,,,,
,,,,,,,,,,,,,,,,,,,,
,,,,,,,,,,will have been travelling,will have travelled,will travel,None of these,,,,,,,
,,,,,,,,,,floated,floats,will float,None of these,,,,,,,
,,,,,,,,,,will have been,will be,shall have been,None of these,,,,,,,
,,,,,,,,,,your are using,will you be using,you using.,None of these,,,,,,,
,,,,,,,,,,will reach,reached,have reached,None of these,,,,,,,
,,,,,,,,,,was crying,has been crying,had cried,None of these,,,,,,,
,,,,,,,,,,are keeping,will keep,will be keeping,None of these,,,,,,,
,,,,,,,,,,will investigate,will have investigated,will be investigating,None of these,,,,,,,
,,,,,,,,,,had been seeing,will see,have seen,None of these,,,,,,,
,,,,,,,,,,,,,,,,,,,,
,,,,,,,,,,,,,,,,,,,,
,,,,,,,,,,,,,,,,,,,,
,,,,,,,,,,,,,,,,,,,,
,,,,,,,,,,,,,,,,,,,,
,,,,,,,,,,,,,,,,,,,,
,,,,,,,,,,,,,,,,,,,,
,,,,,,,,,,,,,,,,,,,,
,,,,,,,,,,,,,,,,,,,,
,,,,,,,,,,,,,,,,,,,,
,,,,,,,,,,,,,,,,,,,,
,,,,,,,,,,,,,,,,,,,,
,,,,,,,,,,,,,,,,,,,,
,,,,,,,,,,,,,,,,,,,,
,,,,,,,,,,,,,,,,,,,,
,,,,,,,,,,Future Continuous,Future Perfect,Simple Future,None of these,,,,,,,
,,,,,,,,,,Simple Past,Past Perfect,Simple Present,None of these,,,,,,,
,,,,,,,,,,Simple Present,Simple Past,Present Perfect,None of these,,,,,,,
,,,,,,,,,,Simple past,Past Perfect Continuous,Present Perfect,None of these,,,,,,,
,,,,,,,,,,Simple Past,Past Perfect Continuous,Past Continuous,None of these,,,,,,,
,,,,,,,,,,Present Perfect Continuous,Past Continuous,Present Perfect,None of these,,,,,,,
,,,,,,,,,,Simple Present,Simple Past,Simple Future,None of these,,,,,,,
,,,,,,,,,,Simple Future,Future Continuous,Future Perfect,None of these,,,,,,,
