#ID,Chapter Name,Chapter No,Board,Class,Subject,Series,Image,Position,Status,Action
1,,0,CBSE,Class 2,Integrated Subjects,Rise & Shine,,0,Inactive,
2,,0,CBSE,Class 2,Integrated Subjects,Rise & Shine,,0,Inactive,
3,,0,CBSE,Class 2,Integrated Subjects,Rise & Shine,,0,Inactive,
4,,0,CBSE,Class 2,Integrated Subjects,Rise & Shine,,0,Inactive,
5,,0,CBSE,Class 2,Integrated Subjects,Rise & Shine,,0,Inactive,
6,,0,CBSE,Class 2,Integrated Subjects,Rise & Shine,,0,Inactive,
7,Chapter 1. Globe : A Model of the Earth,1,CBSE,Class 5,Social Studies,Social Studies for Juniors (2023-24),,1,Active,
8,Chapter 1. Myself,1,CBSE,Class 1,Social Studies,Social Studies for Juniors (2023-24),,1,Active,
9,Chapter 1. Myself,1,CBSE,Class 2,Social Studies,Social Studies for Juniors (2023-24),,1,Active,
10,Chapter 1. Our Motherland,1,CBSE,Class 4,Social Studies,Social Studies for Juniors (2023-24),,1,Active,
11,Chapter 1. The Earth,1,CBSE,Class 3,Social Studies,Social Studies for Juniors (2023-24),,1,Active,
12,Chapter 10. Forests and Wildlife,10,CBSE,Class 4,Social Studies,Social Studies for Juniors (2023-24),,10,Active,
13,Chapter 10. Means of Communication,10,CBSE,Class 3,Social Studies,Social Studies for Juniors (2023-24),,10,Active,
14,Chapter 10. School,10,CBSE,Class 2,Social Studies,Social Studies for Juniors (2023-24),,10,Active,
15,Chapter 10. Sharing Work: Parents and Children,10,CBSE,Class 1,Social Studies,Social Studies for Juniors (2023-24),,10,Active,
16,Chapter 10. The World of Growing Knowledge,10,CBSE,Class 5,Social Studies,Social Studies for Juniors (2023-24),,10,Active,
17,Chapter 11. Festivals,11,CBSE,Class 2,Social Studies,Social Studies for Juniors (2023-24),,11,Active,
18,Chapter 11. Fun and Play,11,CBSE,Class 1,Social Studies,Social Studies for Juniors (2023-24),,11,Active,
19,Chapter 11. Healthcare,11,CBSE,Class 5,Social Studies,Social Studies for Juniors (2023-24),,11,Active,
20,Chapter 11. People Who Help Us,11,CBSE,Class 3,Social Studies,Social Studies for Juniors (2023-24),,11,Active,
21,Chapter 11. Water Resources,11,CBSE,Class 4,Social Studies,Social Studies for Juniors (2023-24),,11,Active,
22,Chapter 12. Local Bodies,12,CBSE,Class 3,Social Studies,Social Studies for Juniors (2023-24),,12,Active,
23,Chapter 12. My School,12,CBSE,Class 1,Social Studies,Social Studies for Juniors (2023-24),,12,Active,
24,Chapter 12. National Festivals,12,CBSE,Class 2,Social Studies,Social Studies for Juniors (2023-24),,12,Active,
25,Chapter 12. Our Mineral Resources,12,CBSE,Class 4,Social Studies,Social Studies for Juniors (2023-24),,12,Active,
26,Chapter 12. The Age of Machines,12,CBSE,Class 5,Social Studies,Social Studies for Juniors (2023-24),,12,Active,
27,Chapter 13 : Section And Mid Point Formulae,13,ICSE,Class 10,Mathematics,I.C.S.E. Foundation Mathematics (2023-24),,13,Active,
28,Chapter 13. Agriculture,13,CBSE,Class 4,Social Studies,Social Studies for Juniors (2023-24),,13,Active,
29,Chapter 13. Delhi,13,CBSE,Class 3,Social Studies,Social Studies for Juniors (2023-24),,13,Active,
30,Chapter 13. Great People Never Die,13,CBSE,Class 5,Social Studies,Social Studies for Juniors (2023-24),,13,Active,
31,Chapter 13. My Classroom,13,CBSE,Class 1,Social Studies,Social Studies for Juniors (2023-24),,13,Active,
32,Chapter 13. People Who Help Us,13,CBSE,Class 2,Social Studies,Social Studies for Juniors (2023-24),,13,Active,
33,Chapter 14 : Equation Of A Straight Line,14,ICSE,Class 10,Mathematics,I.C.S.E. Foundation Mathematics (2023-24),,14,Active,
34,Chapter 14. Good Manners and Good Habits,14,CBSE,Class 1,Social Studies,Social Studies for Juniors (2023-24),,14,Active,
35,Chapter 14. Mumbai,14,CBSE,Class 3,Social Studies,Social Studies for Juniors (2023-24),,14,Active,
36,Chapter 14. Our Human Resources,14,CBSE,Class 4,Social Studies,Social Studies for Juniors (2023-24),,14,Active,
37,Chapter 14. The Birth of the United Nations,14,CBSE,Class 5,Social Studies,Social Studies for Juniors (2023-24),,14,Active,
38,Chapter 14. Wheel,14,CBSE,Class 2,Social Studies,Social Studies for Juniors (2023-24),,14,Active,
39,Chapter 15 : Similarity As A Size Transformation,15,ICSE,Class 10,Mathematics,I.C.S.E. Foundation Mathematics (2023-24),,15,Active,
40,Chapter 15. Chennai,15,CBSE,Class 3,Social Studies,Social Studies for Juniors (2023-24),,15,Active,
41,Chapter 15. Means of Transport,15,CBSE,Class 2,Social Studies,Social Studies for Juniors (2023-24),,15,Active,
42,Chapter 15. Means of Transport,15,CBSE,Class 4,Social Studies,Social Studies for Juniors (2023-24),,15,Active,
43,Chapter 15. People who help us,15,CBSE,Class 1,Social Studies,Social Studies for Juniors (2023-24),,15,Active,
44,Chapter 15. The Working of the UN,15,CBSE,Class 5,Social Studies,Social Studies for Juniors (2023-24),,15,Active,
45,Chapter 16 : Similarity Of Triangle,16,ICSE,Class 10,Mathematics,I.C.S.E. Foundation Mathematics (2023-24),,16,Active,
46,Chapter 16. Directions,16,CBSE,Class 2,Social Studies,Social Studies for Juniors (2023-24),,16,Active,
47,Chapter 16. Festivals,16,CBSE,Class 1,Social Studies,Social Studies for Juniors (2023-24),,16,Active,
48,Chapter 16. India and the United Nations,16,CBSE,Class 5,Social Studies,Social Studies for Juniors (2023-24),,16,Active,
49,Chapter 16. Kolkata,16,CBSE,Class 3,Social Studies,Social Studies for Juniors (2023-24),,16,Active,
50,Chapter 16. Means of Communication,16,CBSE,Class 4,Social Studies,Social Studies for Juniors (2023-24),,16,Active,
51,Chapter 17 : Loci,17,ICSE,Class 10,Mathematics,I.C.S.E. Foundation Mathematics (2023-24),,17,Active,
52,Chapter 17. Great Persons,17,CBSE,Class 1,Social Studies,Social Studies for Juniors (2023-24),,17,Active,
53,Chapter 17. Our Rich Heritage,17,CBSE,Class 4,Social Studies,Social Studies for Juniors (2023-24),,17,Active,
54,Chapter 17. The History of Man,17,CBSE,Class 3,Social Studies,Social Studies for Juniors (2023-24),,17,Active,
55,Chapter 17. The Revolt of 1857,17,CBSE,Class 5,Social Studies,Social Studies for Juniors (2023-24),,17,Active,
56,Chapter 17. Time,17,CBSE,Class 2,Social Studies,Social Studies for Juniors (2023-24),,17,Active,
57,Chapter 18 : Angle And Cyclic Properties Of A Circle,18,ICSE,Class 10,Mathematics,I.C.S.E. Foundation Mathematics (2023-24),,18,Active,
58,Chapter 18. Early Human Beings,18,CBSE,Class 1,Social Studies,Social Studies for Juniors (2023-24),,18,Active,
59,Chapter 18. Our Government,18,CBSE,Class 4,Social Studies,Social Studies for Juniors (2023-24),,18,Active,
60,Chapter 18. Seasons,18,CBSE,Class 2,Social Studies,Social Studies for Juniors (2023-24),,18,Active,
61,Chapter 18. The Beginning of The Freedom Struggle,18,CBSE,Class 5,Social Studies,Social Studies for Juniors (2023-24),,18,Active,
62,Chapter 18. The Invention of the Wheel,18,CBSE,Class 3,Social Studies,Social Studies for Juniors (2023-24),,18,Active,
63,Chapter 19 : Tangent Properties Of Circle,19,ICSE,Class 10,Mathematics,I.C.S.E. Foundation Mathematics (2023-24),,19,Active,
64,Chapter 19. India,19,CBSE,Class 5,Social Studies,Social Studies for Juniors (2023-24),,19,Active,
65,"Chapter 19. Our Goals, Rights and Duties",19,CBSE,Class 4,Social Studies,Social Studies for Juniors (2023-24),,19,Active,
66,Chapter 19. Water,19,CBSE,Class 2,Social Studies,Social Studies for Juniors (2023-24),,19,Active,
67,Chapter 2. How Our Earth Looks,2,CBSE,Class 3,Social Studies,Social Studies for Juniors (2023-24),,2,Active,
68,Chapter 2. Maps : Our Guide,2,CBSE,Class 5,Social Studies,Social Studies for Juniors (2023-24),,2,Active,
69,Chapter 2. Our Food,2,CBSE,Class 1,Social Studies,Social Studies for Juniors (2023-24),,2,Active,
70,Chapter 2. Our Food,2,CBSE,Class 2,Social Studies,Social Studies for Juniors (2023-24),,2,Active,
71,Chapter 2. The Northern Mountain Wall,2,CBSE,Class 4,Social Studies,Social Studies for Juniors (2023-24),,2,Active,
72,Chapter 20 : Constructions,20,ICSE,Class 10,Mathematics,I.C.S.E. Foundation Mathematics (2023-24),,20,Active,
73,Chapter 20. Our Beautiful Earth,20,CBSE,Class 2,Social Studies,Social Studies for Juniors (2023-24),,20,Active,
74,Chapter 22 : Trignometrical Identites,22,ICSE,Class 10,Mathematics,I.C.S.E. Foundation Mathematics (2023-24),,22,Active,
75,Chapter 23 : Heights And Distances,23,ICSE,Class 10,Mathematics,I.C.S.E. Foundation Mathematics (2023-24),,23,Active,
76,Chapter 24 : Graphical Representation Of Statistical Data,24,ICSE,Class 10,Mathematics,I.C.S.E. Foundation Mathematics (2023-24),,24,Active,
77,Chapter 25 : Measures Of Central Tendency (Mean),25,ICSE,Class 10,Mathematics,I.C.S.E. Foundation Mathematics (2023-24),,25,Active,
78,"Chapter 26 : Median, Quartile And Mode",26,ICSE,Class 10,Mathematics,I.C.S.E. Foundation Mathematics (2023-24),,26,Active,
79,Chapter 27 : Probability,27,ICSE,Class 10,Mathematics,I.C.S.E. Foundation Mathematics (2023-24),,27,Active,
80,Chapter 3. Clothes,3,CBSE,Class 1,Social Studies,Social Studies for Juniors (2023-24),,3,Active,
81,Chapter 3. Clothes,3,CBSE,Class 2,Social Studies,Social Studies for Juniors (2023-24),,3,Active,
82,Chapter 3. Physical Divisions of India,3,CBSE,Class 3,Social Studies,Social Studies for Juniors (2023-24),,3,Active,
83,Chapter 3. The Northern Plains,3,CBSE,Class 4,Social Studies,Social Studies for Juniors (2023-24),,3,Active,
84,Chapter 3. Weather and Climate,3,CBSE,Class 5,Social Studies,Social Studies for Juniors (2023-24),,3,Active,
85,Chapter 4. Keeping Healthy,4,CBSE,Class 1,Social Studies,Social Studies for Juniors (2023-24),,4,Active,
86,Chapter 4. Safety Rules,4,CBSE,Class 2,Social Studies,Social Studies for Juniors (2023-24),,4,Active,
87,Chapter 4. The Democratic Republic of Congo,4,CBSE,Class 5,Social Studies,Social Studies for Juniors (2023-24),,4,Active,
88,Chapter 4. The States of India,4,CBSE,Class 3,Social Studies,Social Studies for Juniors (2023-24),,4,Active,
89,Chapter 4. The Western Desert of India,4,CBSE,Class 4,Social Studies,Social Studies for Juniors (2023-24),,4,Active,
90,Chapter 5. Greenland : The Land of Ice and Snow,5,CBSE,Class 5,Social Studies,Social Studies for Juniors (2023-24),,5,Active,
91,Chapter 5. Houses,5,CBSE,Class 2,Social Studies,Social Studies for Juniors (2023-24),,5,Active,
92,Chapter 5. Our Food,5,CBSE,Class 3,Social Studies,Social Studies for Juniors (2023-24),,5,Active,
93,Chapter 5. Safety Rules,5,CBSE,Class 1,Social Studies,Social Studies for Juniors (2023-24),,5,Active,
94,Chapter 5. The Southern Plateaus,5,CBSE,Class 4,Social Studies,Social Studies for Juniors (2023-24),,5,Active,
95,Chapter 6. Life in the Coastal Regions,6,CBSE,Class 4,Social Studies,Social Studies for Juniors (2023-24),,6,Active,
96,Chapter 6. Makers of Our House,6,CBSE,Class 2,Social Studies,Social Studies for Juniors (2023-24),,6,Active,
97,Chapter 6. Our Dresses,6,CBSE,Class 3,Social Studies,Social Studies for Juniors (2023-24),,6,Active,
98,Chapter 6. Saudi Arabia : The Land of Hot Sands,6,CBSE,Class 5,Social Studies,Social Studies for Juniors (2023-24),,6,Active,
99,Chapter 6. Types of Houses,6,CBSE,Class 1,Social Studies,Social Studies for Juniors (2023-24),,6,Active,
100,Chapter 7. Our Festivals,7,CBSE,Class 3,Social Studies,Social Studies for Juniors (2023-24),,7,Active,
101,Chapter 7. Rooms in a House,7,CBSE,Class 1,Social Studies,Social Studies for Juniors (2023-24),,7,Active,
102,Chapter 7. Temperate Grasslands : Prairies,7,CBSE,Class 5,Social Studies,Social Studies for Juniors (2023-24),,7,Active,
103,Chapter 7. The Islands,7,CBSE,Class 4,Social Studies,Social Studies for Juniors (2023-24),,7,Active,
104,Chapter 8. Conquering Distances,8,CBSE,Class 5,Social Studies,Social Studies for Juniors (2023-24),,8,Active,
105,Chapter 8. Homes of Animals,8,CBSE,Class 1,Social Studies,Social Studies for Juniors (2023-24),,8,Active,
106,Chapter 8. Our Occupations,8,CBSE,Class 3,Social Studies,Social Studies for Juniors (2023-24),,8,Active,
107,Chapter 8. Places of Worship,8,CBSE,Class 2,Social Studies,Social Studies for Juniors (2023-24),,8,Active,
108,Chapter 8. The Climate of Our Country,8,CBSE,Class 4,Social Studies,Social Studies for Juniors (2023-24),,8,Active,
109,Chapter 9. Communication,9,CBSE,Class 5,Social Studies,Social Studies for Juniors (2023-24),,9,Active,
110,Chapter 9. Means of Transport,9,CBSE,Class 3,Social Studies,Social Studies for Juniors (2023-24),,9,Active,
111,Chapter 9. My Family,9,CBSE,Class 1,Social Studies,Social Studies for Juniors (2023-24),,9,Active,
112,Chapter 9. Neighbourhood Services,9,CBSE,Class 2,Social Studies,Social Studies for Juniors (2023-24),,9,Active,
113,Chapter 9. Soils of India,9,CBSE,Class 4,Social Studies,Social Studies for Juniors (2023-24),,9,Active,
114,"""Activity 29 (i) To compare the curved surface areas of two right circular cylinders which are formed from rectangular sheets Of paper having same dimensions (ii) To compare the Total surface areas Of two right circular cylinders which are formed from rectangular sheets Of paper having same dimensions""",29,CBSE,Class 10,Mathematics,Mathematics Enrichment Lab Activities,,29,Active,
115,A Good House,5,CBSE,Class 2,Social Studies,Illustrative Social Studies,,5,Active,
116,About Myself,1,CBSE,Class 2,Social Studies,Illustrative Social Studies,,1,Active,
117,Activity 1 To find the HCF of two numbers experimentally based on Euclid's Division Lemma,1,CBSE,Class 10,Mathematics,Mathematics Enrichment Lab Activities,,1,Active,
118,Activity 1 To fold a paper 8 times in any way. Unfold and locate various convex and concave polygons,1,CBSE,Class 8,Mathematics,Mathematics Enrichment Lab Activities,,1,Active,
119,Activity 1 To make a square root spiral,1,CBSE,Class 9,Mathematics,Mathematics Enrichment Lab Activities,,1,Active,
120,Activity 1 To multiply a fraction by a number,1,CBSE,Class 7,Mathematics,Mathematics Enrichment Lab Activities,,1,Active,
121,Activity 1 To obtain square roots of natural numbers geometrically,1,CBSE,Class 9,Mathematics,I Do — I Understand Mathematics Laboratory Manual,,1,Active,
122,Activity 1 To verify that addition is commutative for whole numbers by paper cutting and pasting method.,1,CBSE,Class 6,Mathematics,I Do — I Understand Mathematics Laboratory Manual,,1,Active,
123,"ACTIVITY 1 To verify that addition is commutative for whole numbers,by paper cutting and pasting",1,CBSE,Class 6,Mathematics,Mathematics Enrichment Lab Activities,,1,Active,
124,Activity 1. To find the product of two integers with unlike signs by means of a pattern,1,CBSE,Class 7,Mathematics,I Do — I Understand Mathematics Laboratory Manual,,1,Active,
125,Activity 1. To verify experimentally the identity (a + b)2 = a2 + 2 ab + b2.,1,CBSE,Class 8,Mathematics,I Do — I Understand Mathematics Laboratory Manual,,1,Active,
126,Activity 1.To learn about an amazing method of calculation by using the Vedic mathematics,1,CBSE,Class 10,Mathematics,I Do — I Understand Mathematics Laboratory Manual,,1,Active,
127,Activity 10 To draw a perpendicular line to a given line from a given point outside the line by paper folding method.,10,CBSE,Class 6,Mathematics,I Do — I Understand Mathematics Laboratory Manual,,10,Active,
128,Activity 10 To find a hidden picture by plotting and joining with given coordinates in a plane,10,CBSE,Class 9,Mathematics,Mathematics Enrichment Lab Activities,,10,Active,
129,Activity 10 To make a clinometer and use it To measure height Of an Object,10,CBSE,Class 10,Mathematics,Mathematics Enrichment Lab Activities,,10,Active,
130,ACTIVITY 10 To make a protractor,10,CBSE,Class 6,Mathematics,Mathematics Enrichment Lab Activities,,10,Active,
131,Activity 10 To study properties of an isosceles triangle by paper folding,10,CBSE,Class 9,Mathematics,I Do — I Understand Mathematics Laboratory Manual,,10,Active,
132,Activity 10 To verify the following algebraic identity by paper cutting and pasting. (a + b)2 = a2 + 2 ab + b2.,10,CBSE,Class 8,Mathematics,Mathematics Enrichment Lab Activities,,10,Active,
133,Activity 10. To discover the relation between triangular numbers and square numbers by the activity method.,10,CBSE,Class 8,Mathematics,I Do — I Understand Mathematics Laboratory Manual,,10,Active,
134,Activity 10. To find the relation between the measure of an exterior angle of a triangle and the interior opposite angles.,10,CBSE,Class 7,Mathematics,I Do — I Understand Mathematics Laboratory Manual,,10,Active,
135,Activity 10. To represent quadratic polynomials geometrically,10,CBSE,Class 10,Mathematics,I Do — I Understand Mathematics Laboratory Manual,,10,Active,
136,Activity 10To verify by paper cutting and pasting that an exterior angle of a triangle is equal To the sum of the two interior opposite angles,10,CBSE,Class 7,Mathematics,Mathematics Enrichment Lab Activities,,10,Active,
137,Activity 11 (a) To make two intersecting lines by paper folding (b) To make parallel lines by paper folding,11,CBSE,Class 6,Mathematics,I Do — I Understand Mathematics Laboratory Manual,,11,Active,
138,"ACTIVITY 11 To make the following shapes, using a pair Of set squares (a) Square (b) Rectangle (c) Parallelogram (d) Rhombus (e) Trapezium",11,CBSE,Class 6,Mathematics,Mathematics Enrichment Lab Activities,,11,Active,
139,Activity 11 To obtain the mirror image of a given geometrical figure with respect To the x axis and the y axis,11,CBSE,Class 9,Mathematics,Mathematics Enrichment Lab Activities,,11,Active,
140,Activity 11 To study the relation between unequal sides of a triangle and the angles opposite to them,11,CBSE,Class 9,Mathematics,I Do — I Understand Mathematics Laboratory Manual,,11,Active,
141,Activity 11 To verify the distance formula by graphical method,11,CBSE,Class 10,Mathematics,Mathematics Enrichment Lab Activities,,11,Active,
142,Activity 11 To verify the following algebraic identity by paper cutting and pasting. (a  b)2 = a2  2 ab + b2,11,CBSE,Class 8,Mathematics,Mathematics Enrichment Lab Activities,,11,Active,
143,Activity 11 To verify using broom sticks that a triangle can be drawn only if the sum Of the lengths of any two sides is greater than the third side,11,CBSE,Class 7,Mathematics,Mathematics Enrichment Lab Activities,,11,Active,
144,Activity 11. To find the formula for the surface area of a cuboid by activity method. ...,11,CBSE,Class 8,Mathematics,I Do — I Understand Mathematics Laboratory Manual,,11,Active,
145,Activity 11. To verify that the sum of the three exterior angles of a triangle is 360°. ... 22,11,CBSE,Class 7,Mathematics,I Do — I Understand Mathematics Laboratory Manual,,11,Active,
146,Activity 11. To verify the Basic Proportionality Theorem (Thale's Theorem) by activity method,11,CBSE,Class 10,Mathematics,I Do — I Understand Mathematics Laboratory Manual,,11,Active,
147,ACTIVITY 12 Drawing some regular polygons,12,CBSE,Class 6,Mathematics,Mathematics Enrichment Lab Activities,,12,Active,
148,Activity 12 To carry out the following paper folding activities . Finding (i) the mid point of a line segment.,12,CBSE,Class 9,Mathematics,Mathematics Enrichment Lab Activities,,12,Active,
149,Activity 12 To mark the following on a circular cut out : (a) a chord (b) a diameter (c) minor and major segment (d) sector of a circle,12,CBSE,Class 6,Mathematics,I Do — I Understand Mathematics Laboratory Manual,,12,Active,
150,Activity 12 To verify Pythagoras theorem,12,CBSE,Class 7,Mathematics,Mathematics Enrichment Lab Activities,,12,Active,
151,Activity 12 To verify section formula by graphical method,12,CBSE,Class 10,Mathematics,Mathematics Enrichment Lab Activities,,12,Active,
152,Activity 12 To verify the following algebraic identity by paper cutting and pasting. (a2  b2) = (a + b) (a  b),12,CBSE,Class 8,Mathematics,Mathematics Enrichment Lab Activities,,12,Active,
153,"Activity 12. (a) To get a median of a triangle from any vertex, by paper folding.",12,CBSE,Class 7,Mathematics,I Do — I Understand Mathematics Laboratory Manual,,12,Active,
154,Activity 12. To find the formula for the volume of a cuboid by activity method.,12,CBSE,Class 8,Mathematics,I Do — I Understand Mathematics Laboratory Manual,,12,Active,
155,Activity 12. To find the incentre of a triangle by activity method,12,CBSE,Class 9,Mathematics,I Do — I Understand Mathematics Laboratory Manual,,12,Active,
156,"Activity 12. To verify by activity method that: ""In two triangles, if the corresponding angles are equal, then their corresponding sides are proportional and the triangles are similar""",12,CBSE,Class 10,Mathematics,I Do — I Understand Mathematics Laboratory Manual,,12,Active,
157,Activity 13 To carry out the following activities using a geoboard,13,CBSE,Class 9,Mathematics,Mathematics Enrichment Lab Activities,,13,Active,
158,"Activity 13 To draw front view, Top view and side view Of three dimensional shapes made by combining unit cubes",13,CBSE,Class 8,Mathematics,Mathematics Enrichment Lab Activities,,13,Active,
159,"ACTIVITY 13 To make a prism and a pyramid using their nets and to find their number of vertices, edges and faces",13,CBSE,Class 6,Mathematics,Mathematics Enrichment Lab Activities,,13,Active,
160,Activity 13 To represent decimals on a 10 x 10 grid,13,CBSE,Class 6,Mathematics,I Do — I Understand Mathematics Laboratory Manual,,13,Active,
161,Activity 13 To verify Pythagoras theorem using a grid paper,13,CBSE,Class 7,Mathematics,Mathematics Enrichment Lab Activities,,13,Active,
162,Activity 13 To verify the formula for the area Of a triangle by graphical method,13,CBSE,Class 10,Mathematics,Mathematics Enrichment Lab Activities,,13,Active,
163,Activity 13. (a) To get an angle bisector of a triangle by paper folding method.,13,CBSE,Class 7,Mathematics,I Do — I Understand Mathematics Laboratory Manual,,13,Active,
164,Activity 13. To find the circumcentre of a triangle by paper folding,13,CBSE,Class 9,Mathematics,I Do — I Understand Mathematics Laboratory Manual,,13,Active,
165,Activity 13. To organize a set of data into a frequency table involving activities and to represent the same as a bar graph. .,13,CBSE,Class 8,Mathematics,I Do — I Understand Mathematics Laboratory Manual,,13,Active,
166,"Activity 13.To verify by activity method that ""If a perpendicular is drawn from the vertex of the right angle of a right triangle to the hypotenuse, the triangle on each side of the perpendicular are similar to the whole triangle and to each other""....",13,CBSE,Class 10,Mathematics,I Do — I Understand Mathematics Laboratory Manual,,13,Active,
167,ACTIVITY 14 To perform addition and subtraction of integers using different coloured buttons/counters,14,CBSE,Class 6,Mathematics,Mathematics Enrichment Lab Activities,,14,Active,
168,Activity 14 (i) To verify by proper cutting and superimposing that the diagonal Of a parallelogram divides it inTo two congruent triangles (ii) To verify using a squared paper that all congruent triangles are equal in area but the triangles equal in area may not be congruent,14,CBSE,Class 7,Mathematics,Mathematics Enrichment Lab Activities,,14,Active,
169,Activity 14 To divide a given strip Of paper inTo a specified number of equal parts using a ruled paper,14,CBSE,Class 9,Mathematics,Mathematics Enrichment Lab Activities,,14,Active,
170,Activity 14 To draw a quadrilateral similar To a given quadrilateral as per given scale facTor (less than 1),14,CBSE,Class 10,Mathematics,Mathematics Enrichment Lab Activities,,14,Active,
171,Activity 14 To make different types of prisms and pyramids and verifying Euler's formula,14,CBSE,Class 8,Mathematics,Mathematics Enrichment Lab Activities,,14,Active,
172,Activity 14 To represent certain addition and multiplication on a 10 x 10 grid,14,CBSE,Class 6,Mathematics,I Do — I Understand Mathematics Laboratory Manual,,14,Active,
173,"Activity 14. (Group activity) Collecting, tabulating data and representing them diagrammatically.",14,CBSE,Class 8,Mathematics,I Do — I Understand Mathematics Laboratory Manual,,14,Active,
174,Activity 14. To find the orthocentre of a triangle by paper folding,14,CBSE,Class 9,Mathematics,I Do — I Understand Mathematics Laboratory Manual,,14,Active,
175,Activity 14. To make an equilateral triangle by paper folding method.,14,CBSE,Class 7,Mathematics,I Do — I Understand Mathematics Laboratory Manual,,14,Active,
176,Activity 14.To discover the relationship between sides and areas of similar triangles,14,CBSE,Class 10,Mathematics,I Do — I Understand Mathematics Laboratory Manual,,14,Active,
177,"ACTIVITY 15 : To represent decimal numbers 0.25, 0.5, 0.75, 0.68, etc., using a 10 x 10 grid",15,CBSE,Class 6,Mathematics,Mathematics Enrichment Lab Activities,,15,Active,
178,"Activity 15 (i) To verify that Sum of any two sides of a triangle is always greater than the third side. (ii) To verify that difference of any two sides of a triangle is always less than the third Side""",15,CBSE,Class 9,Mathematics,Mathematics Enrichment Lab Activities,,15,Active,
179,"Activity 15 To construct a system of similar squares, using two intersecting strips with nails",15,CBSE,Class 10,Mathematics,Mathematics Enrichment Lab Activities,,15,Active,
180,Activity 15 To derive the formula for Total surface area of a cuboid,15,CBSE,Class 8,Mathematics,Mathematics Enrichment Lab Activities,,15,Active,
181,Activity 15 To determine the number of lines of symmetry by paper folding in (a) an isosceles triangle (b) an equilateral triangle (c) a square (d) a rectangle (e) a rhombus,15,CBSE,Class 6,Mathematics,I Do — I Understand Mathematics Laboratory Manual,,15,Active,
182,Activity 15 To obtain formula for the area of a parallelogram,15,CBSE,Class 7,Mathematics,Mathematics Enrichment Lab Activities,,15,Active,
183,"Activity 15. To collect, classify and tabulate data and to represent the same as a histogram.",15,CBSE,Class 8,Mathematics,I Do — I Understand Mathematics Laboratory Manual,,15,Active,
184,Activity 15. To show by activity method that the diagonals divide a parallelogram into two congruent triangles,15,CBSE,Class 9,Mathematics,I Do — I Understand Mathematics Laboratory Manual,,15,Active,
185,Activity 15. To verify the Pythagoras’ Theorem by activity method.,15,CBSE,Class 7,Mathematics,I Do — I Understand Mathematics Laboratory Manual,,15,Active,
186,Activity 15.To verify the Pythagoras theorem by activity method,15,CBSE,Class 10,Mathematics,I Do — I Understand Mathematics Laboratory Manual,,15,Active,
187,"ACTIVITY 16 (a) To find the areas of palm impressions on a grid paper of each group member, by counting the squares (b) TO represent the data so obtained by means Of a bar graph",16,CBSE,Class 6,Mathematics,Mathematics Enrichment Lab Activities,,16,Active,
188,Activity 16 To compare the surface areas of unit cubes and the cuboid formed by joining these unit cubes,16,CBSE,Class 8,Mathematics,Mathematics Enrichment Lab Activities,,16,Active,
189,Activity 16 To construct a system of similar triangles. using Y shaped strips and nails,16,CBSE,Class 10,Mathematics,Mathematics Enrichment Lab Activities,,16,Active,
190,Activity 16 To define a regular polygon in terms of lines of symmetry by activity method,16,CBSE,Class 6,Mathematics,I Do — I Understand Mathematics Laboratory Manual,,16,Active,
191,Activity 16 To find the ratio of circumference of a circle To its diameter,16,CBSE,Class 7,Mathematics,Mathematics Enrichment Lab Activities,,16,Active,
192,"Activity 16 To verify experimentally that in a triangle, the longer side has greater angle opposite To it",16,CBSE,Class 9,Mathematics,Mathematics Enrichment Lab Activities,,16,Active,
193,Activity 16. To represent given information as a pie chart.,16,CBSE,Class 8,Mathematics,I Do — I Understand Mathematics Laboratory Manual,,16,Active,
194,Activity 16. To verify that diagonals of a parallelogram bisect each other …,16,CBSE,Class 9,Mathematics,I Do — I Understand Mathematics Laboratory Manual,,16,Active,
195,Activity 16. To work out measurements of a rectangle.,16,CBSE,Class 7,Mathematics,I Do — I Understand Mathematics Laboratory Manual,,16,Active,
196,"Activity 16.To verify by paper folding that ""The tangent at any point of a circle is perpendicular to the radius through the point of contact",16,CBSE,Class 10,Mathematics,I Do — I Understand Mathematics Laboratory Manual,,16,Active,
197,ACTIVITY 17 To determine the number Of lines Of symmetry Of following shapes by paper folding : (a) isosceles triangle (b) equilateral triangle (c) square (d) rectangle (e) rhombus,17,CBSE,Class 6,Mathematics,Mathematics Enrichment Lab Activities,,17,Active,
198,Activity 17 To find approximate area of a leaf,17,CBSE,Class 6,Mathematics,I Do — I Understand Mathematics Laboratory Manual,,17,Active,
199,"Activity 17 To make cuboids and cubes of given dimensions (4 x 3 x 2, 3 x 3 x 3) using unit cubes and To calculate the volume Of each",17,CBSE,Class 8,Mathematics,Mathematics Enrichment Lab Activities,,17,Active,
200,Activity 17 To obtain a formula for the area of a circle,17,CBSE,Class 7,Mathematics,Mathematics Enrichment Lab Activities,,17,Active,
201,Activity 17 To verify experimentally the different criteria for congruency Of triangles using triangle cut outs,17,CBSE,Class 9,Mathematics,Mathematics Enrichment Lab Activities,,17,Active,
202,Activity 17 To verify the Basic Proportionality Theorem using parallel line board and triangle cut outs,17,CBSE,Class 10,Mathematics,Mathematics Enrichment Lab Activities,,17,Active,
203,"Activity 17. Given perimeter, to find dimensions of a rectangle or a square which encloses maximum area",17,CBSE,Class 7,Mathematics,I Do — I Understand Mathematics Laboratory Manual,,17,Active,
204,Activity 17. To demonstrate by paper folding that the lengths of tangents drawn to a circle from an external point are equal,17,CBSE,Class 10,Mathematics,I Do — I Understand Mathematics Laboratory Manual,,17,Active,
205,Activity 17. To observe number patterns and to generate further steps.,17,CBSE,Class 8,Mathematics,I Do — I Understand Mathematics Laboratory Manual,,17,Active,
206,Activity 17. To verify the mid point theorem by activity approach,17,CBSE,Class 9,Mathematics,I Do — I Understand Mathematics Laboratory Manual,,17,Active,
207,ACTIVITY 18 To collect the data from the students regarding time spent (more than 2 hours) in watching T.V. and to present the data in the form of a bar graph by paper cutting and pasting,18,CBSE,Class 6,Mathematics,Mathematics Enrichment Lab Activities,,18,Active,
208,Activity 18 To draw a cube with given edge (say 5 cm long) On an isometric dot paper and To draw its oblique sketch on the squared paper,18,CBSE,Class 7,Mathematics,Mathematics Enrichment Lab Activities,,18,Active,
209,Activity 18 To establish the criteria for similarity Of two triangles,18,CBSE,Class 10,Mathematics,Mathematics Enrichment Lab Activities,,18,Active,
210,Activity 18 To explore the relationship between (i) length (in cm) and perimeter in (cm) (ii) length (in cm) and area in (cm2) of 5 squares of different dimensions drawn on a squared paper,18,CBSE,Class 8,Mathematics,Mathematics Enrichment Lab Activities,,18,Active,
211,Activity 18 To find the perimeter and area of irregular shapes.,18,CBSE,Class 6,Mathematics,I Do — I Understand Mathematics Laboratory Manual,,18,Active,
212,Activity 18 To obtain a parallelogram by paper folding,18,CBSE,Class 9,Mathematics,Mathematics Enrichment Lab Activities,,18,Active,
213,Activity 18. To derive the formula for the area of a rhombus,18,CBSE,Class 9,Mathematics,I Do — I Understand Mathematics Laboratory Manual,,18,Active,
214,Activity 18. To determine a formula for finding the area of a rectangle.,18,CBSE,Class 7,Mathematics,I Do — I Understand Mathematics Laboratory Manual,,18,Active,
215,Activity 18. To introduce some interesting and single step methods of calculations from Vedic Mathematics.,18,CBSE,Class 8,Mathematics,I Do — I Understand Mathematics Laboratory Manual,,18,Active,
216,Activity 18.To find the surface area and volume of combined solids by activity method,18,CBSE,Class 10,Mathematics,I Do — I Understand Mathematics Laboratory Manual,,18,Active,
217,"Activity 19 To draw a cuboid of given dimensions (say 7 units, 4 units and 2 units) on an isometric dot paper and To draw its oblique sketch on the squared paper",19,CBSE,Class 7,Mathematics,Mathematics Enrichment Lab Activities,,19,Active,
218,"Activity 19 To explore the similarities and differences in properties With respect To diagonals Of the following quadrilaterals — a parallelogram, a square, a rectangle and a rhombus.",19,CBSE,Class 9,Mathematics,Mathematics Enrichment Lab Activities,,19,Active,
219,"Activity 19 To illustrate that the medians Of a triangle concur at a point (called the centroid), which always lies inside the triangle",19,CBSE,Class 10,Mathematics,Mathematics Enrichment Lab Activities,,19,Active,
220,Activity 19 To obtain a formula for the area of a trapezium,19,CBSE,Class 8,Mathematics,Mathematics Enrichment Lab Activities,,19,Active,
221,"Activity 19. Collection, tabulation, diagrammatic representation of data. Computation of mean, median and mode of data",19,CBSE,Class 10,Mathematics,I Do — I Understand Mathematics Laboratory Manual,,19,Active,
222,Activity 19. To determine a formula for finding the area of a square.,19,CBSE,Class 7,Mathematics,I Do — I Understand Mathematics Laboratory Manual,,19,Active,
223,Activity 2 To verify that multiplication is commutative for whole numbers by paper cutting and pasting method.,2,CBSE,Class 6,Mathematics,I Do — I Understand Mathematics Laboratory Manual,,2,Active,
224,"Activity 2 To draw the graph of a quadratic polynomial and observe : (i) the shape of the curve when the coefficient of x? is positive (ii) the shape of the curve when the coefficient of x? is negative (iii) number of zeros""",2,CBSE,Class 10,Mathematics,Mathematics Enrichment Lab Activities,,2,Active,
225,"Activity 2 To find an approximate value of the sum of two irrational numbers of the form geometrically, where a and b are natural numbers",2,CBSE,Class 9,Mathematics,I Do — I Understand Mathematics Laboratory Manual,,2,Active,
226,Activity 2 To multiply two fractions,2,CBSE,Class 7,Mathematics,Mathematics Enrichment Lab Activities,,2,Active,
227,Activity 2 To represent some irrational numbers on the number line,2,CBSE,Class 9,Mathematics,Mathematics Enrichment Lab Activities,,2,Active,
228,Activity 2 To verify by paper cutting and pasting that the sum of the interior angles of a quadrilateral is 360*,2,CBSE,Class 8,Mathematics,Mathematics Enrichment Lab Activities,,2,Active,
229,"ACTIVITY 2 To verify that Multiplication is commutative for whole numbers,by paper cutting and pasting",2,CBSE,Class 6,Mathematics,Mathematics Enrichment Lab Activities,,2,Active,
230,Activity 2. To find the product of two integers with negative signs by means of a pattern,2,CBSE,Class 7,Mathematics,I Do — I Understand Mathematics Laboratory Manual,,2,Active,
231,Activity 2. To verify that (a – b)2 = a2 – 2 ab + b2 by activity method.,2,CBSE,Class 8,Mathematics,I Do — I Understand Mathematics Laboratory Manual,,2,Active,
232,Activity 2. To verify the conditions for consistency and inconsistency of a system of linear equations in two variables graphically,2,CBSE,Class 10,Mathematics,I Do — I Understand Mathematics Laboratory Manual,,2,Active,
233,Activity 20 To make shapes using unit cubes,20,CBSE,Class 7,Mathematics,Mathematics Enrichment Lab Activities,,20,Active,
234,Activity 20 To obtain a formula for the curved surface area of a circular cylinder,20,CBSE,Class 8,Mathematics,Mathematics Enrichment Lab Activities,,20,Active,
235,Activity 20 To verify experimentally that the ratio of the areas of two similar triangles is equal To the ratio of the squares of their corresponding sides,20,CBSE,Class 10,Mathematics,Mathematics Enrichment Lab Activities,,20,Active,
236,Activity 20 To verify the mid•point theorem for a triangle using paper cutting and pasting,20,CBSE,Class 9,Mathematics,Mathematics Enrichment Lab Activities,,20,Active,
237,Activity 20. To make a frequency table involving activity and to represent the same as a bar graph.,20,CBSE,Class 7,Mathematics,I Do — I Understand Mathematics Laboratory Manual,,20,Active,
238,"Activity 20. To verify by activity method that parallelograms on the same base and between the same parallels areequal in area,.",20,CBSE,Class 9,Mathematics,I Do — I Understand Mathematics Laboratory Manual,,20,Active,
239,Activity 20.To find the probability of an outcome and compare it with its theoretical probability,20,CBSE,Class 10,Mathematics,I Do — I Understand Mathematics Laboratory Manual,,20,Active,
240,Activity 21 To show that the figure obtained by joining the mid points of the consecutive sides of any quadrilateral is a parallelogram,21,CBSE,Class 9,Mathematics,Mathematics Enrichment Lab Activities,,21,Active,
241,Activity 21 To verify the Pythagoras theorem by the method Of paper cutting and pasting,21,CBSE,Class 10,Mathematics,Mathematics Enrichment Lab Activities,,21,Active,
242,Activity 21. Making a Geo Board and use it to verify that triangles on the same base and between the sameparallels are equal in area,21,CBSE,Class 9,Mathematics,I Do — I Understand Mathematics Laboratory Manual,,21,Active,
243,Activity 21. To introduce certain tricks in mathematics for enrichment and to develop interest in mathematics.,21,CBSE,Class 7,Mathematics,I Do — I Understand Mathematics Laboratory Manual,,21,Active,
244,Activity 22 To verify experimentally that the parallelograms on the same base and between the same parallels are equal in area,22,CBSE,Class 9,Mathematics,Mathematics Enrichment Lab Activities,,22,Active,
245,Activity 22 To verify Pythagoras theorem by Bhaskara method,22,CBSE,Class 10,Mathematics,Mathematics Enrichment Lab Activities,,22,Active,
246,Activity 22. To verify by activity method :(i) Equal chords of a circle are equidistant from the centre(ii) Equal chords of congruent circles are equidistant from the centres of the circles,22,CBSE,Class 9,Mathematics,I Do — I Understand Mathematics Laboratory Manual,,22,Active,
247,Activity 23 To verify by activity method that the triangles on the same base and between the same parallels are equal in area,23,CBSE,Class 9,Mathematics,Mathematics Enrichment Lab Activities,,23,Active,
248,"Activity 23 To verify experimentally that ""the tangent at any point To a circle is perpendicular To the radius through the point at contact",23,CBSE,Class 10,Mathematics,Mathematics Enrichment Lab Activities,,23,Active,
249,Activity 23. To verify by activity method that equidistant chords from the centre of a circle are equal …,23,CBSE,Class 9,Mathematics,I Do — I Understand Mathematics Laboratory Manual,,23,Active,
250,Activity 24 To find the number Of tangents from a point To the circle,24,CBSE,Class 10,Mathematics,Mathematics Enrichment Lab Activities,,24,Active,
251,Activity 24 To verify that the ratio of the areas of a parallelogram and a triangle on the same base and between the same parallels is 2 : 1,24,CBSE,Class 9,Mathematics,Mathematics Enrichment Lab Activities,,24,Active,
252,Activity 24. To make a working model to demonstrate that the angles in the same or equal segments of a circle are equal …,24,CBSE,Class 9,Mathematics,I Do — I Understand Mathematics Laboratory Manual,,24,Active,
253,"Activity 25 To show that the area of a parallelogram is product of its base and height, using paper cutting and pasting",25,CBSE,Class 9,Mathematics,Mathematics Enrichment Lab Activities,,25,Active,
254,Activity 25 To verify that the lengths Of tangents drawn from an external point To a circle are equal,25,CBSE,Class 10,Mathematics,Mathematics Enrichment Lab Activities,,25,Active,
255,Activity 25. To discover the relationship between the angle subtended by an arc of a circle at its centre and at any point on the remaining part of the circle …,25,CBSE,Class 9,Mathematics,I Do — I Understand Mathematics Laboratory Manual,,25,Active,
256,"Activity 26 To give a suggestive demonstration of the formula that the area of the circle is half the product of its circumference and radius, by coiling method",26,CBSE,Class 10,Mathematics,Mathematics Enrichment Lab Activities,,26,Active,
257,"Activity 26 To show that the area Of a triangle is half the product Of its base and height, using paper cutting and pasting",26,CBSE,Class 9,Mathematics,Mathematics Enrichment Lab Activities,,26,Active,
258,Activity 26. To verify that equal chords of a circle subtend equal angles at the centre of the circle …,26,CBSE,Class 9,Mathematics,I Do — I Understand Mathematics Laboratory Manual,,26,Active,
259,"Activity 27 To give a suggestive demonstration of the formula that the area Of the circle is half the product Of its circumference and radius, by paper cutting and pasting",27,CBSE,Class 10,Mathematics,Mathematics Enrichment Lab Activities,,27,Active,
260,Activity 27 To verify that the angle subtended by an arc at the centre of a circle is twice the angle subtended by the same arc at any other point on the remaining part of the Circle.using the method of paper cutting and pasting,27,CBSE,Class 9,Mathematics,Mathematics Enrichment Lab Activities,,27,Active,
261,Activity 27. To verify by paper folding : “the perpendicular from the centre of a circle to a chord of the circle bisects the chord”,27,CBSE,Class 9,Mathematics,I Do — I Understand Mathematics Laboratory Manual,,27,Active,
262,"Activity 28 To verify that the angles in the same Segment of a circle are equal, using the method of paper cutting and pasting",28,CBSE,Class 9,Mathematics,Mathematics Enrichment Lab Activities,,28,Active,
263,"Activity 28 To verify that the sum Of areas Of three secTors Of same radii r formed at the vertices (as centres) of any triangle is , πr2/2 using paper cutting and pasting",28,CBSE,Class 10,Mathematics,Mathematics Enrichment Lab Activities,,28,Active,
264,Activity 28. To verify by paper folding : “The line drawn through the centre of a circle to bisect a chord is perpendicular to the chord”,28,CBSE,Class 9,Mathematics,I Do — I Understand Mathematics Laboratory Manual,,28,Active,
265,Activity 29 To verify using the method of paper cutting and pasting that,29,CBSE,Class 9,Mathematics,Mathematics Enrichment Lab Activities,,29,Active,
266,Activity 29. To verify that “opposite angles of a cyclic quadrilateral are supplementary” …,29,CBSE,Class 9,Mathematics,I Do — I Understand Mathematics Laboratory Manual,,29,Active,
267,Activity 3 To find an approximate value of the difference of two irrational numbers of the form N/¯a vib geometrically,3,CBSE,Class 9,Mathematics,I Do — I Understand Mathematics Laboratory Manual,,3,Active,
268,ACTIVITY 3 To find prime numbers between 1 to 100 by Eratosthenes Sieve's method,3,CBSE,Class 6,Mathematics,Mathematics Enrichment Lab Activities,,3,Active,
269,Activity 3 To find prime numbers from 1 to 100 using Sieve of Eratosthenes.,3,CBSE,Class 6,Mathematics,I Do — I Understand Mathematics Laboratory Manual,,3,Active,
270,Activity 3 To obtain the conditions for consistency or inconsistency of given pairs of linear equations in two variables by graphical method,3,CBSE,Class 10,Mathematics,Mathematics Enrichment Lab Activities,,3,Active,
271,Activity 3 To represent the products Of decimal numbers such as (i) 0.7 x 0.3 (ii) 0.5 x 0.5 on a squared sheet,3,CBSE,Class 7,Mathematics,Mathematics Enrichment Lab Activities,,3,Active,
272,Activity 3 To verify by paper cutting and pasting that the sum of the exterior angles drawn in order of any polygon is 360*,3,CBSE,Class 8,Mathematics,Mathematics Enrichment Lab Activities,,3,Active,
273,"Activity 3 To verify the identity (a + b + c)? = a? + b2 + c2 + 2ab + 2bc + 2ca, by activity method",3,CBSE,Class 9,Mathematics,Mathematics Enrichment Lab Activities,,3,Active,
274,Activity 3. To show the process of multiplication of decimals with the help of squared paper.,3,CBSE,Class 7,Mathematics,I Do — I Understand Mathematics Laboratory Manual,,3,Active,
275,Activity 3. To verify that (x2 – y2) = (x + y) (x – y) by the activity method.,3,CBSE,Class 8,Mathematics,I Do — I Understand Mathematics Laboratory Manual,,3,Active,
276,Activity 3.To verify that the given sequence is an arithmetic progression by activity method,3,CBSE,Class 10,Mathematics,I Do — I Understand Mathematics Laboratory Manual,,3,Active,
277,Activity 30 To compare the volumes of two right circular cylinders which are formed from rectangular sheets of paper having same dimensions,30,CBSE,Class 10,Mathematics,Mathematics Enrichment Lab Activities,,30,Active,
278,Activity 30 To verify using the method Of paper cutting and pasting that,30,CBSE,Class 9,Mathematics,Mathematics Enrichment Lab Activities,,30,Active,
279,Activity 30. To construct a triangle whose perimeter and base angles are given (by paper folding) …,30,CBSE,Class 9,Mathematics,I Do — I Understand Mathematics Laboratory Manual,,30,Active,
280,Activity 31 To form a cube and a cuboid and find their surface areas experimentally.,31,CBSE,Class 9,Mathematics,Mathematics Enrichment Lab Activities,,31,Active,
281,Activity 31 To give a suggestive demonstration Of the formula for the volume Of a right circular cylinder in terms Of its height (h) and radius (r) of the base circle,31,CBSE,Class 10,Mathematics,Mathematics Enrichment Lab Activities,,31,Active,
282,Activity 31. To make models of a cube and a cuboid. Finding their surface areas and volumes …,31,CBSE,Class 9,Mathematics,I Do — I Understand Mathematics Laboratory Manual,,31,Active,
283,Activity 32 To form a cone from a secTor Of a circle and To find the formula for its curved surface area.,32,CBSE,Class 9,Mathematics,Mathematics Enrichment Lab Activities,,32,Active,
284,Activity 32 To make a cone of given slant height (l) and base circumference (2πr),32,CBSE,Class 10,Mathematics,Mathematics Enrichment Lab Activities,,32,Active,
285,"Activity 32. To find the curved surface area, total surface area and volume of a closed cylinder of given base radius and height … …",32,CBSE,Class 9,Mathematics,I Do — I Understand Mathematics Laboratory Manual,,32,Active,
286,"Activity 33 To find the relationship among the volumes of a right circular cone, a hemisphere and a right circular cylinder, Of equal radii and equal heights",33,CBSE,Class 9,Mathematics,Mathematics Enrichment Lab Activities,,33,Active,
287,Activity 33 To give a suggestive demonstration of the formula for the lateral surface area of a cone,33,CBSE,Class 10,Mathematics,Mathematics Enrichment Lab Activities,,33,Active,
288,"Activity 33. Collection, tabulation of data obtained by an activity.Representing the information diagrammatically",33,CBSE,Class 9,Mathematics,I Do — I Understand Mathematics Laboratory Manual,,33,Active,
289,"Activity 34 To find a formula for the curved surface area of a right circular cylinder, experimentally.",34,CBSE,Class 9,Mathematics,Mathematics Enrichment Lab Activities,,34,Active,
290,Activity 34 To give a suggestive demonstration of the formula for the volume of a right circular cone,34,CBSE,Class 10,Mathematics,Mathematics Enrichment Lab Activities,,34,Active,
291,Activity 34. To find experimental probability when a coin is tossed different number of times by different persons …,34,CBSE,Class 9,Mathematics,I Do — I Understand Mathematics Laboratory Manual,,34,Active,
292,Activity 35 To form frustum of a cone,35,CBSE,Class 10,Mathematics,Mathematics Enrichment Lab Activities,,35,Active,
293,Activity 35 To obtain the formula for the surface area Of a sphere,35,CBSE,Class 9,Mathematics,Mathematics Enrichment Lab Activities,,35,Active,
294,Activity 35. To obtain the experimental probability when a die is tossed different number of times and study the results,35,CBSE,Class 9,Mathematics,I Do — I Understand Mathematics Laboratory Manual,,35,Active,
295,Activity 36 To draw hisTogram for classes of equal widths and varying widths,36,CBSE,Class 9,Mathematics,Mathematics Enrichment Lab Activities,,36,Active,
296,Activity 36 To obtain formulae for the surface area and volume of a frustum of a cone,36,CBSE,Class 10,Mathematics,Mathematics Enrichment Lab Activities,,36,Active,
297,Activity 36. How much water do we waste? …,36,CBSE,Class 9,Mathematics,I Do — I Understand Mathematics Laboratory Manual,,36,Active,
298,Activity 37 To find the experimental probability of unit's digits of telephone numbers listed on a page selected at random of a telephone direcTory.,37,CBSE,Class 9,Mathematics,Mathematics Enrichment Lab Activities,,37,Active,
299,Activity 37 To give a suggestive demonstration of the formula fo rthe sufrace area of a sphere in terms of its radius,37,CBSE,Class 10,Mathematics,Mathematics Enrichment Lab Activities,,37,Active,
300,Activity 37. To follow the given Instructions. …,37,CBSE,Class 9,Mathematics,I Do — I Understand Mathematics Laboratory Manual,,37,Active,
301,Activity 38 To find the experimental probability Of each outcome Of a die when it is thrown a large number of times. Compare it with its theoretical probability,38,CBSE,Class 9,Mathematics,Mathematics Enrichment Lab Activities,,38,Active,
302,Activity 38 To give a suggestive demonstration of the formula for the volume of a sphere in terms of tis radius,38,CBSE,Class 10,Mathematics,Mathematics Enrichment Lab Activities,,38,Active,
303,Activity 38. Discovering the relationship between the area of a circle and the area of a square drawn on its radius,38,CBSE,Class 9,Mathematics,I Do — I Understand Mathematics Laboratory Manual,,38,Active,
304,Activity 39 To draw a cumulative frequently curve (or an ogive) of less thean type,39,CBSE,Class 10,Mathematics,Mathematics Enrichment Lab Activities,,39,Active,
305,Activity 39. A survey of different types of vehicles passing at a busy traffic crossing …,39,CBSE,Class 9,Mathematics,I Do — I Understand Mathematics Laboratory Manual,,39,Active,
306,Activity 4 (i) To make the following shapes by paper folding and cutting : (a) A kite (b) A rhombus (ii) To find the area of each of the above shapes,4,CBSE,Class 8,Mathematics,Mathematics Enrichment Lab Activities,,4,Active,
307,"Activity 4 To compare the marks obtained in all the subjects by a student in the first and second term examination, by drawing a bar graph, using paper cutting and pasting",4,CBSE,Class 7,Mathematics,Mathematics Enrichment Lab Activities,,4,Active,
308,"ACTIVITY 4 To make a cube using the given net and find the number of faces, vertices and edges",4,CBSE,Class 6,Mathematics,Mathematics Enrichment Lab Activities,,4,Active,
309,"Activity 4 To make a cube using the given net and find the number of faces, vertices and edges.",4,CBSE,Class 6,Mathematics,I Do — I Understand Mathematics Laboratory Manual,,4,Active,
310,"Activity 4 To obtain the solution of a quadratic equation by the square geometrically""",4,CBSE,Class 10,Mathematics,Mathematics Enrichment Lab Activities,,4,Active,
311,Activity 4 To verify the identity (x + y + = x2 + ye + ze + 2xy + 2yz + 2zx) by activity method,4,CBSE,Class 9,Mathematics,I Do — I Understand Mathematics Laboratory Manual,,4,Active,
312,Activity 4 To verify the identity a3 — b3 = (a — b) (a2 + ab + b2) for simple cases,4,CBSE,Class 9,Mathematics,Mathematics Enrichment Lab Activities,,4,Active,
313,Activity 4. To verify experimentally that the sum of the interior angles of a quadrilateral is 360°,4,CBSE,Class 8,Mathematics,I Do — I Understand Mathematics Laboratory Manual,,4,Active,
314,"Activity 4. To verify that when two lines intersect, the vertically opposite angles are equal, using activity method.",4,CBSE,Class 7,Mathematics,I Do — I Understand Mathematics Laboratory Manual,,4,Active,
315,Activity 4.To find the formula for the nth term of an Arithmetic Progression by activity method,4,CBSE,Class 10,Mathematics,I Do — I Understand Mathematics Laboratory Manual,,4,Active,
316,Activity 40 To draw a cumulative frequency curve (or an ogive) of more than type,40,CBSE,Class 10,Mathematics,Mathematics Enrichment Lab Activities,,40,Active,
317,Activity 40. A newspaper survey …,40,CBSE,Class 9,Mathematics,I Do — I Understand Mathematics Laboratory Manual,,40,Active,
318,Activity 41 To get familiar with the idea of probability of an event through a doublecolour card experiment,41,CBSE,Class 10,Mathematics,Mathematics Enrichment Lab Activities,,41,Active,
319,Activity 42 To determine experimental probability of a head (or a tail) by Tossing a coin 10000 times and compare it with its theoretical probability,42,CBSE,Class 10,Mathematics,Mathematics Enrichment Lab Activities,,42,Active,
320,ACTIVITY 5 TO check which Of the given nets can be folded to form a cube,5,CBSE,Class 6,Mathematics,Mathematics Enrichment Lab Activities,,5,Active,
321,Activity 5 To make a cuboid by drawing its net.,5,CBSE,Class 6,Mathematics,I Do — I Understand Mathematics Laboratory Manual,,5,Active,
322,Activity 5 To make a working model to verify the identity,5,CBSE,Class 9,Mathematics,I Do — I Understand Mathematics Laboratory Manual,,5,Active,
323,Activity 5 To verify that in a parallelogram. (i) the opposite angles are equal (ii) the opposite sides are equal (iii) the diagonals bisect each other,5,CBSE,Class 8,Mathematics,Mathematics Enrichment Lab Activities,,5,Active,
324,Activity 5 To Verify that the given sequence is an Arithmetic Progression by paper cutting and pasting method,5,CBSE,Class 10,Mathematics,Mathematics Enrichment Lab Activities,,5,Active,
325,"Activity 5 To verify that when two lines intersect, the vertically opposite angles are equal",5,CBSE,Class 7,Mathematics,Mathematics Enrichment Lab Activities,,5,Active,
326,Activity 5 To verify the identity a3 + b3 = (a + b) (a2 — ab + b?) for simple cases,5,CBSE,Class 9,Mathematics,Mathematics Enrichment Lab Activities,,5,Active,
327,Activity 5. To obtain the sum of an arithmetic progression geometrically...,5,CBSE,Class 10,Mathematics,I Do — I Understand Mathematics Laboratory Manual,,5,Active,
328,Activity 5. To verify properties of diagonals of a parallelogram by the activity method.,5,CBSE,Class 8,Mathematics,I Do — I Understand Mathematics Laboratory Manual,,5,Active,
329,"Activity 5. To verify that when two parallel lines are cut by a transversal, the alternate angles are equal",5,CBSE,Class 7,Mathematics,I Do — I Understand Mathematics Laboratory Manual,,5,Active,
330,Activity 6 To draw a cube on a squared paper.,6,CBSE,Class 6,Mathematics,I Do — I Understand Mathematics Laboratory Manual,,6,Active,
331,ACTIVITY 6 To find the HCF of two given numbers by paper cutting and pasting,6,CBSE,Class 6,Mathematics,Mathematics Enrichment Lab Activities,,6,Active,
332,Activity 6 To make a working model to verify the identity (a — = a 3 — 3ab (a — b) — b3,6,CBSE,Class 9,Mathematics,I Do — I Understand Mathematics Laboratory Manual,,6,Active,
333,"Activity 6 To verify by paper cutting and pasting that, if two parallel lines are intersected by a transversal, then (i) each pair Of corresponding angles are equal (ii) each pair of alternate interior angles are equal. (iii) each pair of interior angles on the same side of the transversal are supplementary.",6,CBSE,Class 7,Mathematics,Mathematics Enrichment Lab Activities,,6,Active,
334,Activity 6 To verify that (i) the diagonals of a rectangle are equal (ii) the diagonals Of a square are equal,6,CBSE,Class 8,Mathematics,Mathematics Enrichment Lab Activities,,6,Active,
335,"Activity 6 To verify that the sum Of first n natural numbers is n(n + 1)/ 2 i.e n(n + 1)/ 2, by graphical method",6,CBSE,Class 10,Mathematics,Mathematics Enrichment Lab Activities,,6,Active,
336,Activity 6 To verify the identity : (a + = a3 + 3ab (a + b) + b3,6,CBSE,Class 9,Mathematics,Mathematics Enrichment Lab Activities,,6,Active,
337,Activity 6. To verify properties of a parallelogram by activity method.,6,CBSE,Class 8,Mathematics,I Do — I Understand Mathematics Laboratory Manual,,6,Active,
338,"Activity 6. To verify that when two parallel lines are cut by a transversal, the interior angles on the same side of the transversal are supplementary.",6,CBSE,Class 7,Mathematics,I Do — I Understand Mathematics Laboratory Manual,,6,Active,
339,"Activity 6.To verify diagrammatically that the sum of first ""I natural numbers n (n+l) i 2",6,CBSE,Class 10,Mathematics,I Do — I Understand Mathematics Laboratory Manual,,6,Active,
340,Activity 7 To find the H.C.F. of two numbers by activity method.,7,CBSE,Class 6,Mathematics,I Do — I Understand Mathematics Laboratory Manual,,7,Active,
341,ACTIVITY 7 To find the L.C.M. of two numbers,7,CBSE,Class 6,Mathematics,Mathematics Enrichment Lab Activities,,7,Active,
342,Activity 7 To get a median of a triangle from any vertex by paper folding andTo verify that in a triangle medians pass through a single point,7,CBSE,Class 7,Mathematics,Mathematics Enrichment Lab Activities,,7,Active,
343,Activity 7 To prepare a working model to demonstrate the identity+ 53 = (a b) —,7,CBSE,Class 9,Mathematics,I Do — I Understand Mathematics Laboratory Manual,,7,Active,
344,Activity 7 To verify that the diagonals Of a rhombus or a parallelogram are not equal,7,CBSE,Class 8,Mathematics,Mathematics Enrichment Lab Activities,,7,Active,
345,Activity 7 To verify that the sum Of first n Odd natural numbers n2 by an activity method,7,CBSE,Class 10,Mathematics,Mathematics Enrichment Lab Activities,,7,Active,
346,Activity 7 To verify the identity : (a — = a3 — 3ab (a — b) — b3 for simple cases,7,CBSE,Class 9,Mathematics,Mathematics Enrichment Lab Activities,,7,Active,
347,Activity 7. (a) To verify that diagonals of a rectangle are of equal length. (b) To verify that diagonals of a square are of equal length.,7,CBSE,Class 8,Mathematics,I Do — I Understand Mathematics Laboratory Manual,,7,Active,
348,"Activity 7. To verify that when two parallel lines are cut by a transversal, the exterior angles on the same side of the transversal are supplementary",7,CBSE,Class 7,Mathematics,I Do — I Understand Mathematics Laboratory Manual,,7,Active,
349,Activity 7.To find the sum of the first n odd numbers geometrically,7,CBSE,Class 10,Mathematics,I Do — I Understand Mathematics Laboratory Manual,,7,Active,
350,ACTIVITY 8 (a) TO draw a perpendicular to a given line at a given point on the line by paper folding (b) To draw a perpendicular line to a given line from a given point outside the line by paper folding,8,CBSE,Class 6,Mathematics,Mathematics Enrichment Lab Activities,,8,Active,
351,Activity 8 To find the L.C.M. of two numbers by using grid.,8,CBSE,Class 6,Mathematics,I Do — I Understand Mathematics Laboratory Manual,,8,Active,
352,Activity 8 To find the sum Of first n even natural numbers,8,CBSE,Class 10,Mathematics,Mathematics Enrichment Lab Activities,,8,Active,
353,Activity 8 To get an altitude Of a given triangle from any vertex by paper folding and To verify that in a triangle altitudes pass through a single point,8,CBSE,Class 7,Mathematics,Mathematics Enrichment Lab Activities,,8,Active,
354,"Activity 8 To interpret geometrically the facTors of a quadratic expression of the type x2 + bx + c, using square grids, strips and paper slips",8,CBSE,Class 9,Mathematics,Mathematics Enrichment Lab Activities,,8,Active,
355,"Activity 8 To make a paper die using a paper net Of a cube and To observe the occurrence of different outcomes 1, 2, 3, 4, 5 and 6 appearing on its Top face when it is thrown 100 times",8,CBSE,Class 8,Mathematics,Mathematics Enrichment Lab Activities,,8,Active,
356,Activity 8 To make a working model to verify the identity a3 — b3 = (a — b) (a2 + ab + If),8,CBSE,Class 9,Mathematics,I Do — I Understand Mathematics Laboratory Manual,,8,Active,
357,Activity 8. To discover triangular numbers using a pegboard.,8,CBSE,Class 8,Mathematics,I Do — I Understand Mathematics Laboratory Manual,,8,Active,
358,Activity 8. To verify that the sum of the angles of a triangle is 180° (by paper cutting method) ... 16,8,CBSE,Class 7,Mathematics,I Do — I Understand Mathematics Laboratory Manual,,8,Active,
359,ACTIVITY 9 TO classify the triangles on the basis Of sides and angles from the given set of triangles,9,CBSE,Class 6,Mathematics,Mathematics Enrichment Lab Activities,,9,Active,
360,Activity 9 To demonstrate an easy method of drawing the graph of a linear equation using the form y = mx + c,9,CBSE,Class 9,Mathematics,I Do — I Understand Mathematics Laboratory Manual,,9,Active,
361,Activity 9 To draw a perpendicular line to a given line at a given point on the line by paper folding method.,9,CBSE,Class 6,Mathematics,I Do — I Understand Mathematics Laboratory Manual,,9,Active,
362,Activity 9 To establish a formula for the sum Of first n terms Of an Arithmetic Progression,9,CBSE,Class 10,Mathematics,Mathematics Enrichment Lab Activities,,9,Active,
363,Activity 9 To find the values Of abscissa and ordinates Of various points given in a cartesian plane,9,CBSE,Class 9,Mathematics,Mathematics Enrichment Lab Activities,,9,Active,
364,Activity 9 To observe some given number patterns and write their next three steps/rows,9,CBSE,Class 8,Mathematics,Mathematics Enrichment Lab Activities,,9,Active,
365,Activity 9 To verify by paper cutting and pasting that Sum Of angles Of a triangle is 180*,9,CBSE,Class 7,Mathematics,Mathematics Enrichment Lab Activities,,9,Active,
366,Activity 9. To discover square numbers using a pegboard.,9,CBSE,Class 8,Mathematics,I Do — I Understand Mathematics Laboratory Manual,,9,Active,
367,Activity 9. To make a clinometer to find angles of elevation and depression of distant objects and use it to measure heights or depths ofdistant objects,9,CBSE,Class 10,Mathematics,I Do — I Understand Mathematics Laboratory Manual,,9,Active,
368,Activity 9. To verify the angle sum property of a triangle by paper folding method. ... 18,9,CBSE,Class 7,Mathematics,I Do — I Understand Mathematics Laboratory Manual,,9,Active,
369,Activity19. To verify by activity method : “A p arallelogram and a rectangle standing on the same base and between the same parallels are equal in area” …,19,CBSE,Class 9,Mathematics,I Do — I Understand Mathematics Laboratory Manual,,19,Active,
370,Activity8.To construct a Simple Height Estimator and use it to estimate the height of a distant object,8,CBSE,Class 10,Mathematics,I Do — I Understand Mathematics Laboratory Manual,,8,Active,
371,Addition,2,ICSE,Class 2,Mathematics,Foundation Mathematics,,2,Active,
372,ADJECTIVES,1,CBSE,Class 7,English,Grammar Success with Composition,,1,Active,
373,ADJECTIVES,1,CBSE,Class 8,English,Grammar Success with Composition,,1,Active,
374,Air,1,ICSE,Class 2,Environmental Studies,Essential Environmental Studies,,1,Active,
375,"Air, Water and Weather",11,CBSE,Class 4,Science,Science Success,,1,Active,
376,Always Be On Time,1,CBSE,Class 2,Moral Science,My Book of Life Skills,,1,Active,
377,Always Be On Time,1,CBSE,Class 1,Computer Science,Fun with Linux,,1,Active,
378,Animals,2,ICSE,Class 2,Environmental Studies,Essential Environmental Studies,,2,Active,
379,Be Kind To All,2,CBSE,Class 2,Moral Science,My Book of Life Skills,,2,Active,
380,Be Kind To All,2,CBSE,Class 1,Computer Science,Fun with Linux,,2,Active,
381,Be Truthful,3,CBSE,Class 2,Moral Science,My Book of Life Skills,,3,Active,
382,Be Truthful,3,CBSE,Class 1,Computer Science,Fun with Linux,,3,Active,
383,Be Your Own Best Friend,4,CBSE,Class 2,Moral Science,My Book of Life Skills,,4,Active,
384,Be Your Own Best Friend,4,CBSE,Class 1,Computer Science,Fun with Linux,,4,Active,
385,Biology,1,Test Board,Class 10,All Subject ( Test),Meghalaya Board Social Science,,1,Active,
386,Care of My House,3,ICSE,Class 2,Environmental Studies,Essential Environmental Studies,,3,Active,
387,Ch 10 God Habbit Good Manners,10,CBSE,Class 1,Moral Science,The Mirror of Values,,10,Active,
388,Chaoter 5 Safety First,5,CBSE,Class 4,Science,Science Success,,1,Active,
389,Chapter 1 Matter and its Composition,1,ICSE,Class 7,Chemistry,Learning Elementary Chemistry,,1,Active,
390,Chapter 10 Understanding Elementary Shapes,10,CBSE,Class 6,Mathematics,Progress in Mathematics,,10,Active,
391,"Chapter 10. Force, Work and Energy",10,CBSE,Class 4,Science,Science Success,,10,Active,
392,Chapter 10. Geometry,10,CBSE,Class 4,Mathematics,Star Maths,,10,Active,
393,Chapter 10. Integers,10,CBSE,Class 5,Mathematics,Star Maths,,10,Active,
394,Chapter 11 Symmetry,11,CBSE,Class 6,Mathematics,Progress in Mathematics,,11,Active,
395,"Chapter 11. Air, Water and Weather",11,CBSE,Class 4,Science,Science Success,,11,Active,
396,Chapter 12 Constructions,12,CBSE,Class 6,Mathematics,Progress in Mathematics,,12,Active,
397,Chapter 13 Perimeter and Area,13,CBSE,Class 6,Mathematics,Progress in Mathematics,,13,Active,
398,Chapter 14 Data Handling,14,CBSE,Class 6,Mathematics,Progress in Mathematics,,14,Active,
399,Chapter 2 Physical and Chemical Changes,2,ICSE,Class 7,Chemistry,Learning Elementary Chemistry,,2,Active,
400,Chapter 2. Arranging And Collecting Data,2,CBSE,Class 9,Data Science,A text Book of Data Science,,2,Active,
401,"Chapter 3 Elements, Compounds and Mixtures",3,ICSE,Class 7,Chemistry,Learning Elementary Chemistry,,3,Active,
402,Chapter 4 Atomic Structure,4,ICSE,Class 7,Chemistry,Learning Elementary Chemistry,,4,Active,
403,Chapter 5 Language of Chemistry,5,ICSE,Class 7,Chemistry,Learning Elementary Chemistry,,5,Active,
404,Chapter 6 Decimals,6,CBSE,Class 6,Mathematics,Progress in Mathematics,,6,Active,
405,Chapter 6 Metals and Non Metals,6,ICSE,Class 7,Chemistry,Learning Elementary Chemistry,,6,Active,
406,Chapter 6. Food and Homes of Animals,6,CBSE,Class 1,Science,Science Success,,6,Active,
407,Chapter 6. Rocks and Minerals,6,CBSE,Class 5,Science,Science Success,,6,Active,
408,Chapter 7 Air and Atmosphere,7,ICSE,Class 7,Chemistry,Learning Elementary Chemistry,,7,Active,
409,Chapter 7 Algebra,7,CBSE,Class 6,Mathematics,Progress in Mathematics,,7,Active,
410,"Chapter 8 Ratio, Proportion and Unitary Method",8,CBSE,Class 6,Mathematics,Progress in Mathematics,,8,Active,
411,Chapter 8. Food for Healthy Body,8,CBSE,Class 1,Science,Science Success,,8,Active,
412,Chapter 8. Reproduction in Animals,8,CBSE,Class 4,Science,Science Success,,8,Active,
413,Chapter 9 Basic Geometrical Ideas,9,CBSE,Class 6,Mathematics,Progress in Mathematics,,9,Active,
414,Chapter – 10 : Practical Geometry,10,CBSE,Class 7,Mathematics,NCERT Mathematics,,10,Active,
415,Chapter 01 Resources & Development,1,CBSE,Class 10,Geography,NCQRT Geography,,1,Active,
416,Chapter 01: Development,1,CBSE,Class 10,Economics,NCQRT Economics,,1,Active,
417,Chapter 01: Power Sharing,1,CBSE,Class 10,Political Science,NCQRT Political Science,,1,Active,
418,Chapter 01. What Is Democracy? Why Democracy?,1,CBSE,Class 9,Political Science,NCQRT Political Science,,1,Active,
419,Chapter 02 Forests and Wildlife Resources,2,CBSE,Class 10,Geography,NCQRT Geography,,2,Active,
420,Chapter 02: Federalism,2,CBSE,Class 10,Political Science,NCQRT Political Science,,2,Active,
421,Chapter 02: Sectors of the Indian Economy,2,CBSE,Class 10,Economics,NCQRT Economics,,2,Active,
422,Chapter 02. Constitutional Design,2,CBSE,Class 9,Political Science,NCQRT Political Science,,2,Active,
423,Chapter 03 Water Resources,3,CBSE,Class 10,Geography,NCQRT Geography,,3,Active,
424,"Chapter 03: Gender, Religion and Caste",3,CBSE,Class 10,Political Science,NCQRT Political Science,,3,Active,
425,Chapter 03: Money and Credit,3,CBSE,Class 10,Economics,NCQRT Economics,,3,Active,
426,Chapter 03. Electoral Politics,3,CBSE,Class 9,Political Science,NCQRT Political Science,,3,Active,
427,Chapter 04 Agriculture,4,CBSE,Class 10,Geography,NCQRT Geography,,4,Active,
428,Chapter 04: Globalization and Indian Economy,4,CBSE,Class 10,Economics,NCQRT Economics,,4,Active,
429,Chapter 04: Political Parties,4,CBSE,Class 10,Political Science,NCQRT Political Science,,4,Active,
430,Chapter 04. Working of institutions,4,CBSE,Class 9,Political Science,NCQRT Political Science,,4,Active,
431,Chapter 05 Minerals and Energy Resources,5,CBSE,Class 10,Geography,NCQRT Geography,,5,Active,
432,Chapter 05: Consumer Rights,5,CBSE,Class 10,Economics,NCQRT Economics,,5,Active,
433,Chapter 05: Outcomes of Democracy,5,CBSE,Class 10,Political Science,NCQRT Political Science,,5,Active,
434,Chapter 05. Democratic Rights,5,CBSE,Class 9,Political Science,NCQRT Political Science,,5,Active,
435,Chapter 06 Manufacturing Industries,6,CBSE,Class 10,Geography,NCQRT Geography,,6,Active,
436,Chapter 07 Lifelines of National Economy,7,CBSE,Class 10,Geography,NCQRT Geography,,7,Active,
437,Chapter 1 Food Our Basic Need,1,CBSE,Class 4,Science,Science Success,,1,Active,
438,Chapter 1 Numbers,1,ICSE,Class 2,Mathematics,Foundation Mathematics,,1,Active,
439,Chapter 1 The Sentence,1,CBSE,Class 6,English,Elementary English Grammar and Composition,,1,Active,
440,Chapter 1 भाषा और व्याकरण,1,CBSE,Class 4,Hindi,Naveen Hindi Vyavaharik Vyakaran Tatha Rachna,,1,Active,
441,Chapter 1 भाषा और व्याकरण,1,CBSE,Class 5,Hindi,Naveen Hindi Vyavaharik Vyakaran Tatha Rachna,,1,Active,
442,Chapter 1 : About Myself,1,CBSE,Class 2,Social Studies,Social Studies Success,,1,Active,
443,Chapter 1 : Buddhist Sites in India,1,CBSE,Class 8,General Knowledge,General Knowledge Times (2023-24),,1,Active,
444,Chapter 1 : Colour' My City Name,1,CBSE,Class 4,General Knowledge,General Knowledge Times (2023-24),,1,Active,
445,Chapter 1 : Famous Temples in India,1,CBSE,Class 3,General Knowledge,General Knowledge Times (2023-24),,1,Active,
446,Chapter 1 : Globe,1,CBSE,Class 5,Social Studies,Social Studies Success,,1,Active,
447,Chapter 1 : Gst,1,ICSE,Class 10,Mathematics,I.C.S.E. Foundation Mathematics (2023-24),,1,Active,
448,Chapter 1 : Integers,1,ICSE,Class 7,Mathematics,Foundation Mathematics,,1,Active,
449,Chapter 1 : Matter,1,ICSE,Class 8,Physics,Learning Elementary Physics,,1,Active,
450,Chapter 1 : Myself,1,CBSE,Class 1,Social Studies,Social Studies Success,,1,Active,
451,Chapter 1 : Number System,1,ICSE,Class 6,Mathematics,Foundation Mathematics,,1,Active,
452,Chapter 1 : Physical Features of India,1,CBSE,Class 4,Social Studies,Social Studies Success,,1,Active,
453,Chapter 1 : Physical Quantities and Measurement,1,ICSE,Class 7,Physics,Learning Elementary Physics,,1,Active,
454,Chapter 1 : Rational & Irrational Number,1,ICSE,Class 9,Mathematics,I.C.S.E. Foundation Mathematics (2023-24),,1,Active,
455,Chapter 1 : Rational Numbers,1,ICSE,Class 8,Mathematics,Foundation Mathematics,,1,Active,
456,Chapter 1 : Spectacular Seven Sisters,1,CBSE,Class 7,General Knowledge,General Knowledge Times (2023-24),,1,Active,
457,Chapter 1 : The Earth Our Home,1,CBSE,Class 3,Social Studies,Social Studies Success,,1,Active,
458,Chapter 1 A Comedy of Errors,1,CBSE,Class 7,English,Stepping Stones,,1,Active,
459,Chapter 1 A Little Bird Sees,1,CBSE,Class 3,English,Get Smart A Multi-skill English Course,,1,Active,
460,Chapter 1 Abide With Me,1,CBSE,Class 5,Moral Science,The Mirror of Values,,1,Active,
461,Chapter 1 About Myself,1,CBSE,Class 2,Social Studies,Social Studies Success (2023-24),,1,Active,
462,Chapter 1 Advance Features Of Excel 2003,1,CBSE,Class 8,Computer Science,Online with Computer,,1,Active,
463,Chapter 1 Advance Word Features,1,CBSE,Class 6,Computer Science,Online with Computer,,1,Active,
464,Chapter 1 Alphabetical Order,1,CBSE,Class 3,English Grammar,Step up English Grammar and Composition (For Acad. Year 2023-24),,1,Active,
465,Chapter 1 Alphabetical Order,1,CBSE,Class 4,English Grammar,Step up English Grammar and Composition (For Acad. Year 2023-24),,1,Active,
466,Chapter 1 Analogy,1,CBSE,Class 3,General Aptitude,Know Your Aptitude,,1,Active,
467,Chapter 1 Analogy,1,CBSE,Class 4,General Aptitude,Know Your Aptitude,,1,Active,
468,Chapter 1 Analogy,1,CBSE,Class 5,General Aptitude,Know Your Aptitude,,1,Active,
469,Chapter 1 Analogy,1,CBSE,Class 6,General Aptitude,Know Your Aptitude,,1,Active,
470,Chapter 1 Analogy,1,CBSE,Class 7,General Aptitude,Know Your Aptitude,,1,Active,
471,Chapter 1 Analogy,1,CBSE,Class 8,General Aptitude,Know Your Aptitude,,1,Active,
472,Chapter 1 Animals And Plants,1,CBSE,Class 1,General Knowledge,General Knowledge Times,,1,Active,
473,Chapter 1 Animals And Plants,1,CBSE,Class 2,General Knowledge,General Knowledge Times,,1,Active,
474,Chapter 1 Applications Of Computers,1,CBSE,Class 4,Computer Science,Online with Computer,,1,Active,
475,Chapter 1 Being Thankful,1,CBSE,Class 2,Moral Science,The Mirror of Values,,1,Active,
476,Chapter 1 Blessings of God,1,CBSE,Class 1,Moral Science,The Mirror of Values,,1,Active,
477,Chapter 1 Cell – An Independent Unit of Life,1,ICSE,Class 10,Biology,A New Approach to I.C.S.E. Biology (2023-24),,1,Active,
478,Chapter 1 Champa and the stay pup,1,CBSE,Class 2,English,Stepping Stones,,1,Active,
479,Chapter 1 Changes in a Family,1,ICSE,Class 3,Social Studies,Essential Social Studies for (2023-24),,1,Active,
480,Chapter 1 Changing Family Structure,1,CBSE,Class 5,Social Studies,Illustrative Social Studies,,1,Active,
481,Chapter 1 Chemical Reactions and Equations,1,CBSE,Class 10,Science,NCERT Science,,1,Active,
482,Chapter 1 Chemical Reactions and Equations,1,CBSE,Class 10,Science,NCQRT Science,,1,Active,
483,Chapter 1 Components of Food,1,CBSE,Class 6,Science,Science Success (2023-24),,1,Active,
484,Chapter 1 Computer – A Machine,1,CBSE,Class 1,Computer Science,Enter  A Complete Course in Computer Science,,1,Active,
485,Chapter 1 Computer A Machine,1,CBSE,Class 2,Computer Science,Enter  A Complete Course in Computer Science,,1,Active,
486,Chapter 1 Computer Fundamentals and Devices,1,CBSE,Class 3,Computer Science,Exploring Computer Science,,1,Active,
487,Chapter 1 Computer Generations,1,CBSE,Class 5,Computer Science,Enter  A Complete Course in Computer Science,,1,Active,
488,Chapter 1 Computer Languages,1,CBSE,Class 6,Computer Science,Enter  A Complete Course in Computer Science,,1,Active,
489,Chapter 1 Computer Network,1,CBSE,Class 8,Computer Science,Enter  A Complete Course in Computer Science,,1,Active,
490,Chapter 1 Computer Software,1,CBSE,Class 7,Computer Science,Exploring Computer Science,,1,Active,
491,Chapter 1 Computer Software,1,CBSE,Class 7,Computer Science,Desktop My Book of Computer Science,,1,Active,
492,Chapter 1 Computer Software,1,CBSE,Class 5,Computer Science,Online with Computer,,1,Active,
493,Chapter 1 Computer System,1,CBSE,Class 7,Computer Science,Enter  A Complete Course in Computer Science,,1,Active,
494,Chapter 1 Computer System and Devices,1,CBSE,Class 8,Computer Science,Exploring Computer Science,,1,Active,
495,Chapter 1 Computer Technology Advancement,1,CBSE,Class 7,Computer Science,Online with Computer,,1,Active,
496,Chapter 1 Computers,1,CBSE,Class 1,Computer Science,Online with Computer,,1,Active,
497,Chapter 1 Computers Around Us,1,CBSE,Class 2,Computer Science,Desktop My Book of Computer Science,,1,Active,
498,Chapter 1 Computers In The World,1,CBSE,Class 2,Computer Science,Online with Computer,,1,Active,
499,Chapter 1 Computers Introduction,1,CBSE,Class 3,Computer Science,Online with Computer,,1,Active,
500,Chapter 1 Conditional statements,1,CBSE,Class 8,Coding,Fun with Coding,,1,Active,
501,Chapter 1 Crop Production and Management,1,CBSE,Class 8,Science,Science Success (2023-24),,1,Active,
502,Chapter 1 Crop Production And Management,1,CBSE,Class 8,Science,NCERT Science,,1,Active,
503,Chapter 1 Discover India,1,CBSE,Class 3,General Knowledge,General Knowledge Times,,1,Active,
504,Chapter 1 Discover India,1,CBSE,Class 4,General Knowledge,General Knowledge Times,,1,Active,
505,Chapter 1 Discover India,1,CBSE,Class 5,General Knowledge,General Knowledge Times,,1,Active,
506,Chapter 1 Discover India,1,CBSE,Class 6,General Knowledge,General Knowledge Times,,1,Active,
507,Chapter 1 Discover India,1,CBSE,Class 7,General Knowledge,General Knowledge Times,,1,Active,
508,Chapter 1 Discover India,1,CBSE,Class 8,General Knowledge,General Knowledge Times,,1,Active,
509,Chapter 1 Earth As A Planet,1,ICSE,Class 9,Geography,A Textbook of Geography (2023-24),,1,Active,
510,Chapter 1 Earth as a Planet,1,ICSE,Class 9,Geography,A Textbook of Geography (2023-24),,1,Active,
511,Chapter 1 Evolution of Computers,1,CBSE,Class 5,Computer Science,Desktop My Book of Computer Science,,1,Active,
512,Chapter 1 Evolution of Computers,1,CBSE,Class 5,Computer Science,Exploring Computer Science,,1,Active,
513,Chapter 1 Evolution of Computers,1,CBSE,Class 4,Computer Science,Enter  A Complete Course in Computer Science,,1,Active,
514,Chapter 1 Evolution of Man,1,ICSE,Class 5,Social Studies,Essential Social Studies for (2023-24),,1,Active,
515,Chapter 1 Family,1,CBSE,Class 4,Social Studies,Illustrative Environmental Studies,,1,Active,
516,Chapter 1 Family Composition,1,CBSE,Class 5,Environmental Studies,Illustrative Environmental Studies,,1,Active,
517,Chapter 1 Family Connections,1,CBSE,Class 4,Social Studies,Illustrative Social Studies,,1,Active,
518,Chapter 1 Food We Eat,1,ICSE,Class 4,Science,Essential Science,,1,Active,
519,Chapter 1 Food We Eat,1,ICSE,Class 4,Science,Essential Science (2023-24),,1,Active,
520,Chapter 1 Food: Where Does It Come From?,1,CBSE,Class 6,Science,NCERT Science,,1,Active,
521,Chapter 1 Forces: Turning Forces And Uniform Circular Motion,1,ICSE,Class 10,Physics,A New Approach to I.C.S.E. Physics (2023-24),,1,Active,
522,Chapter 1 French Revolution,1,NBSE,Class 9,Social Science,A Textbook of Social Sciences (Nagaland Edition),,1,Active,
523,Chapter 1 Fun with Alphabet,1,CBSE,Class 1,English Grammar,Step up English Grammar and Composition (For Acad. Year 2023-24),,1,Active,
524,Chapter 1 Globe  A Model of the Earth,1,CBSE,Class 5,Social Studies,Social Studies  for Juniors,,1,Active,
525,Chapter 1 God Does Everything for Our Good,1,CBSE,Class 4,Moral Science,The Mirror of Values,,1,Active,
526,Chapter 1 History and Its Resources,1,ICSE,Class 4,Social Studies,Essential Social Studies for (2023-24),,1,Active,
527,Chapter 1 How Does a Computer Work,1,CBSE,Class 4,Computer Science,Desktop My Book of Computer Science,,1,Active,
528,Chapter 1 How Does a Computer Work,1,CBSE,Class 4,Computer Science,Exploring Computer Science,,1,Active,
529,Chapter 1 How Laughter Helped Stop the Argument,1,CBSE,Class 8,English,Stepping Stones,,1,Active,
530,Chapter 1 How the Peacock Got Eyes on Its Tail,1,CBSE,Class 6,English,Stepping Stones,,1,Active,
531,Chapter 1 Human Circulatry System,1,ICSE,Class 5,Science,Essential Science (2023-24),,1,Active,
532,Chapter 1 Human Circulatry System,1,ICSE,Class 5,Science,Essential Science,,1,Active,
533,Chapter 1 Integers,1,CBSE,Class 7,Mathematics,Progress in Mathematics,,1,Active,
534,Chapter 1 Integers,1,CBSE,Class 7,Mathematics,NCERT Mathematics,,1,Active,
535,Chapter 1 integers,1,CBSE,Class 7,Mathematics,Mathematics Success (2023-24),,1,Active,
536,Chapter 1 Integers,1,CBSE,Class 7,Mathematics,Mathematics Success,,1,Active,
537,Chapter 1 Internet,1,CBSE,Class 6,Computer Science,Desktop My Book of Computer Science,,1,Active,
538,Chapter 1 Internet,1,CBSE,Class 6,Computer Science,Exploring Computer Science,,1,Active,
539,Chapter 1 Interpretation of Topographical  Map 1,1,ICSE,Class 10,Geography,A Textbook of Geography (2023-24),,1,Active,
540,Chapter 1 Introduction to Chemistry,1,ICSE,Class 6,Chemistry,Learning Elementary Chemistry,,1,Active,
541,Chapter 1 Introduction to coding,1,CBSE,Class 6,Coding,Fun with Coding,,1,Active,
542,Chapter 1 Know About Computer,1,CBSE,Class 3,Computer Science,Enter  A Complete Course in Computer Science,,1,Active,
543,Chapter 1 Know Your Computer,1,CBSE,Class 1,Computer Science,Desktop My Book of Computer Science,,1,Active,
544,Chapter 1 Knowing Our Numbers,1,CBSE,Class 6,Mathematics,Progress in Mathematics,,1,Active,
545,Chapter 1 Knowing Our Numbers,1,CBSE,Class 6,Mathematics,NCERT Mathematics,,1,Active,
546,Chapter 1 Knowing our Numbers,1,CBSE,Class 6,Mathematics,Mathematics Success (2023-24),,1,Active,
547,Chapter 1 Knowing our Numbers,1,CBSE,Class 6,Mathematics,Mathematics Success,,1,Active,
548,Chapter 1 Large Number,1,CBSE,Class 4,Mathematics,Progress in Mathematics,,1,Active,
549,Chapter 1 Life Processes,1,CBSE,Class 10,Science,Gateway to Science Biology,,1,Active,
550,Chapter 1 Living and Non Living Things,1,ICSE,Class 3,Science,Essential Science,,1,Active,
551,Chapter 1 Living and Non Living Things,1,CBSE,Class 1,Science,Illustrative Science,,1,Active,
552,Chapter 1 Living and Non Living Things,1,CBSE,Class 3,Science,Learning Elementary Science (For Acad. Year 2023-24),,1,Active,
553,Chapter 1 Living and Non living Things,1,CBSE,Class 1,Science,Science Success (2023-24),,1,Active,
554,Chapter 1 Living and Non Living Things,1,ICSE,Class 3,Science,Essential Science (2023-24),,1,Active,
555,Chapter 1 Love and Respect God’s Creations,1,CBSE,Class 3,Moral Science,The Mirror of Values,,1,Active,
556,Chapter 1 Map Reading,1,ICSE,Class 6,Geography,A Textbook of Geography (2023-24),,1,Active,
557,Chapter 1 Matter,1,ICSE,Class 8,Chemistry,Learning Elementary Chemistry,,1,Active,
558,Chapter 1 Matter,1,ICSE,Class 6,Science,Learning Elementary Physics (2023-24),,1,Active,
559,Chapter 1 Matter,1,ICSE,Class 8,Science,Learning Elementary Physics (2023-24),,1,Active,
560,Chapter 1 Matter in our Surroundings,1,CBSE,Class 9,Science,Gateway to Science Chemistry,,1,Active,
561,Chapter 1 Matter In Our Surroundings,1,CBSE,Class 9,Science,NCERT Science,,1,Active,
562,Chapter 1 Meet My Family,1,CBSE,Class 1,English,Stepping Stones,,1,Active,
563,Chapter 1 Modern Periodic Table And Periodic Properties,1,ICSE,Class 10,Chemistry,A New Approach to I.C.S.E. Chemistry,,1,Active,
564,Chapter 1 Modern Periodic Table And Periuodic Properties,1,ICSE,Class 10,Chemistry,A New Approach to I.C.S.E. Chemistry (2023-24),,1,Active,
565,Chapter 1 More About Myself,1,CBSE,Class 2,Environmental Studies,Blue Planet (2023-24),,1,Active,
566,Chapter 1 My Self,1,CBSE,Class 1,Social Studies,Social Studies  for Juniors,,1,Active,
567,Chapter 1 My Self,1,CBSE,Class 2,Social Studies,Social Studies  for Juniors,,1,Active,
568,Chapter 1 Myself,1,CBSE,Class 1,Environmental Studies,Blue Planet (2023-24),,1,Active,
569,Chapter 1 Myself,1,CBSE,Class 1,Social Studies,Social Studies Success (2023-24),,1,Active,
570,Chapter 1 Number Systems,1,CBSE,Class 9,Mathematics,A Complete Course in Mathematics,,1,Active,
571,Chapter 1 Number Systems,1,CBSE,Class 9,Mathematics,NCQRT Mathematics,,1,Active,
572,Chapter 1 Number up to 200,1,CBSE,Class 2,Mathematics,Progress in Mathematics,,1,Active,
573,Chapter 1 Numbers,1,CBSE,Class 5,Mathematics,Progress in Mathematics,,1,Active,
574,Chapter 1 Numbers,1,CBSE,Class 5,Mathematics,Mathematics Success (2023-24),,1,Active,
575,Chapter 1 Numbers,1,CBSE,Class 3,Mathematics,Progress in Mathematics,,1,Active,
576,Chapter 1 Numbers Beyond 999,1,CBSE,Class 3,Mathematics,Mathematics Success (2023-24),,1,Active,
577,Chapter 1 Numbers beyond 9999,1,CBSE,Class 4,Mathematics,Mathematics Success (2023-24),,1,Active,
578,Chapter 1 Numbers up to 100,1,ICSE,Class 1,Mathematics,Foundation Mathematics,,1,Active,
579,Chapter 1 Numbers up to 20,1,CBSE,Class 1,Mathematics,Progress in Mathematics,,1,Active,
580,Chapter 1 Numbers up to 200,1,CBSE,Class 2,Mathematics,Mathematics Success (2023-24),,1,Active,
581,Chapter 1 Numbers up to 9,1,CBSE,Class 1,Mathematics,Mathematics Success (2023-24),,1,Active,
582,Chapter 1 Nutrition in Plants,1,CBSE,Class 7,Science,Science Success (2023-24),,1,Active,
583,Chapter 1 Nutrition in Plants,1,CBSE,Class 7,Science,NCERT Science,,1,Active,
584,Chapter 1 Our Body Parts,1,CBSE,Class 3,Social Studies,Illustrative Environmental Studies,,1,Active,
585,Chapter 1 Our Body Parts,1,CBSE,Class 3,Environmental Studies,Illustrative Environmental Studies,,1,Active,
586,Chapter 1 Our Organ Systems,1,CBSE,Class 5,Environmental Studies,Blue Planet (2023-24),,1,Active,
587,Chapter 1 Parts of Speech,1,CBSE,Class 8,English,Elementary English Grammar and Composition,,1,Active,
588,Chapter 1 Physical Features Of India,1,CBSE,Class 4,Social Studies,Essential Social Studies for (2023-24),,1,Active,
589,Chapter 1 Physical Features Of India,1,CBSE,Class 4,Social Studies,Social Studies Success (2023-24),,1,Active,
590,Chapter 1 Physical Quantities And Measurement,1,ICSE,Class 7,Science,Learning Elementary Physics (2023-24),,1,Active,
591,Chapter 1 Plant Life,1,CBSE,Class 4,Science,Learning Elementary Science (For Acad. Year 2023-24),,1,Active,
592,Chapter 1 Plant Life,1,CBSE,Class 4,Science,Learning Elementary Science (For Acad. Year 2023-24),,1,Active,
593,Chapter 1 Rational Numbers,1,CBSE,Class 8,Mathematics,Progress in Mathematics,,1,Active,
594,Chapter 1 Rational Numbers,1,CBSE,Class 8,Mathematics,Mathematics Success (2023-24),,1,Active,
595,Chapter 1 Rational Numbers,1,CBSE,Class 8,Mathematics,NCERT Mathematics,,1,Active,
596,Chapter 1 Rational Numbers,1,CBSE,Class 8,Mathematics,Mathematics Success,,1,Active,
597,Chapter 1 Real Numbers,1,CBSE,Class 10,Mathematics,A Complete Course in Mathematics,,1,Active,
598,Chapter 1 Representation Of Geographical Features,1,ICSE,Class 7,Geography,A Textbook of Geography (2023-24),,1,Active,
599,Chapter 1 Representation Of Geographical Features,1,ICSE,Class 8,Geography,A Textbook of Geography (2023-24),,1,Active,
600,Chapter 1 Reproduction in Plants,1,CBSE,Class 5,Science,Learning Elementary Science (For Acad. Year 2023-24),,1,Active,
601,Chapter 1 The Earth,1,CBSE,Class 3,Social Studies,Illustrative Social Studies,,1,Active,
602,Chapter 1 The Earth  Our Home,1,CBSE,Class 3,Social Studies,Social Studies  for Juniors,,1,Active,
603,Chapter 1 The Earth  Our Home,1,CBSE,Class 3,Social Studies,Social Studies Success (2023-24),,1,Active,
604,Chapter 1 The Evergreens,1,CBSE,Class 3,English,Stepping Stones,,1,Active,
605,Chapter 1 The Face of Our Motherland,1,CBSE,Class 4,Social Studies,Social Studies  for Juniors,,1,Active,
606,Chapter 1 The Fundamental Unit Of Life,1,CBSE,Class 9,Science,Gateway to Science Biology,,1,Active,
607,Chapter 1 The Leaf,1,ICSE,Class 6,Science,Learning Elementary Biology (2023-24),,1,Active,
608,Chapter 1 The Recycling Rap,1,CBSE,Class 5,English,Get Smart A Multi-skill English Course,,1,Active,
609,Chapter 1 The Sentence,1,CBSE,Class 5,English,Elementary English Grammar and Composition,,1,Active,
610,Chapter 1 The Sentence,1,CBSE,Class 2,English Grammar,Step up English Grammar and Composition (For Acad. Year 2023-24),,1,Active,
611,Chapter 1 The Sentence,1,CBSE,Class 7,English,Elementary English Grammar and Composition,,1,Active,
612,Chapter 1 The Sentence,1,CBSE,Class 3,English,Elementary English Grammar and Composition,,1,Active,
613,Chapter 1 The Shooting Test,1,CBSE,Class 4,English,Stepping Stones,,1,Active,
614,Chapter 1 Tissue,1,ICSE,Class 7,Science,Learning Elementary Biology (2023-24),,1,Active,
615,Chapter 1 Transport Of Food And Minerals in Animals,1,ICSE,Class 8,Science,Learning Elementary Biology (2023-24),,1,Active,
616,Chapter 1 Tree Blessing,1,CBSE,Class 4,English,Get Smart A Multi-skill English Course,,1,Active,
617,Chapter 1 Types of Plants,1,CBSE,Class 2,Science,Science Success (2023-24),,1,Active,
618,Chapter 1 Using a Dictionary,1,CBSE,Class 5,English Grammar,Step up English Grammar and Composition (For Acad. Year 2023-24),,1,Active,
619,Chapter 1 Variables in real life,1,CBSE,Class 7,Coding,Fun with Coding,,1,Active,
620,Chapter 1 Who did PatrickS Homework?,1,CBSE,Class 5,English,Stepping Stones,,1,Active,
621,Chapter 1 आओ दोहराएँ (वर्णमाला),1,CBSE,Class 1,Hindi,Nootan Saral Hindi Mala,,1,Active,
622,Chapter 1 आओ दोहराएँ वर्णमाला,1,CBSE,Class 1,Hindi,Nikunj Hindi Pathmala,,1,Active,
623,Chapter 1 आगे बढ़ते जायेंगे,1,CBSE,Class 6,Hindi,Nikunj Hindi Pathmala,,1,Active,
624,Chapter 1 इंद्रधनुष,1,CBSE,Class 7,Hindi,Nikunj Hindi Pathmala,,1,Active,
625,Chapter 1 उठो धरा के अमर सपूतो,1,CBSE,Class 5,Hindi,Nikunj Hindi Pathmala (2023-24),,1,Active,
626,Chapter 1 एक एक,1,CBSE,Class 5,Hindi,Nikunj Hindi Pathmala,,1,Active,
627,Chapter 1 किसको नमन करू मै,1,CBSE,Class 8,Hindi,Nikunj Hindi Pathmala,,1,Active,
628,Chapter 1 देश बड़ा हो जाएगा,1,CBSE,Class 3,Hindi,Nootan Saral Hindi Mala,,1,Active,
629,Chapter 1 नियम,1,CBSE,Class 2,Hindi,Nootan Saral Hindi Mala,,1,Active,
630,Chapter 1 पूरब में अरुणाई छाई,1,CBSE,Class 3,Hindi,Nikunj Hindi Pathmala (2023-24),,1,Active,
631,Chapter 1 प्रकृति से सीख,1,CBSE,Class 2,Hindi,Nikunj Hindi Pathmala (2023-24),,1,Active,
632,Chapter 1 भाषा,1,CBSE,Class 3,Hindi,Naveen Hindi Vyavaharik Vyakaran Tatha Rachna,,1,Active,
633,Chapter 1 भाषा और व्याकरण,1,CBSE,Class 6,Hindi,Naveen Hindi Vyavaharik Vyakaran Tatha Rachna,,1,Active,
634,"Chapter 1 भाषा, बोली, लिपि और व्याकरण",1,CBSE,Class 8,Hindi,Naveen Hindi Vyavaharik Vyakaran Tatha Rachna,,1,Active,
635,"Chapter 1 भाषा, लिपि, बोली और व्याकरण",1,CBSE,Class 7,Hindi,Naveen Hindi Vyavaharik Vyakaran Tatha Rachna,,1,Active,
636,Chapter 1 वर्णमाला,1,CBSE,Class 1,Hindi,Nikunj Hindi Pathmala (2023-24),,1,Active,
637,Chapter 1 वर्णमाला का ज्ञान,1,CBSE,Class 1,Hindi,Naveen Hindi Vyavaharik Vyakaran Tatha Rachna,,1,Active,
638,Chapter 1 विशेष नाम बताने वाले शब्द (व्यक्तिवाचक संज्ञा),1,CBSE,Class 2,Hindi,Naveen Hindi Vyavaharik Vyakaran Tatha Rachna,,1,Active,
639,"Chapter 1 हम एक, किंतु एक",1,CBSE,Class 4,Hindi,Nikunj Hindi Pathmala,,1,Active,
640,Chapter 1 हम सब सुमन,1,CBSE,Class 4,Hindi,Nikunj Hindi Pathmala (2023-24),,1,Active,
641,Chapter 1 हम हैं नन्हे वीर सिपाही,1,CBSE,Class 2,Hindi,Nikunj Hindi Pathmala,,1,Active,
642,Chapter 1 हुआ सवेरा,1,CBSE,Class 3,Hindi,Nikunj Hindi Pathmala,,1,Active,
643,Chapter 1 આગળ વધતાં રહીશું,1,CBSE,Class 6,Gujarati,Meghdhanush,,1,Active,
644,Chapter 1 કક્કો,1,CBSE,Class 1,Gujarati,Meghdhanush,,1,Active,
645,Chapter 1 કક્કો,1,CBSE,Class 2,Gujarati,Meghdhanush,,1,Active,
646,Chapter 1 કથની અને કરણી,1,CBSE,Class 5,Gujarati,Meghdhanush,,1,Active,
647,Chapter 1 ગુસ્સા ઉપર કાબૂ,1,CBSE,Class 3,Gujarati,Meghdhanush,,1,Active,
648,Chapter 1 નાની કીડી,1,CBSE,Class 4,Gujarati,Meghdhanush,,1,Active,
649,Chapter 1 પ્રાકૃતિક વ્યાયામ,1,CBSE,Class 8,Gujarati,Meghdhanush,,1,Active,
650,Chapter 1 મોરને કેવી રીતે તેની પૂંછમાં આંખો મળી !,1,CBSE,Class 7,Gujarati,Meghdhanush,,1,Active,
651,Chapter 1_Computer Fundamentals and Devices,1,CBSE,Class 3,Computer Science,Desktop My Book of Computer Science,,1,Active,
652,Chapter 1_Computer System and Devices,1,CBSE,Class 8,Computer Science,Desktop My Book of Computer Science,,1,Active,
653,Chapter 1_Computers Around Us,1,CBSE,Class 2,Computer Science,Exploring Computer Science,,1,Active,
654,Chapter 1_Know Your Computer,1,CBSE,Class 1,Computer Science,Exploring Computer Science,,1,Active,
655,Chapter 1 Family,1,CBSE,Class 4,Environmental Studies,Illustrative Environmental Studies,,1,Active,
656,Chapter 1 Growing Plants,1,CBSE,Class 5,Science,Illustrative Science,,1,Active,
657,Chapter 1 Living and Non Living Things,1,CBSE,Class 3,Science,Illustrative Science,,1,Active,
658,Chapter 1 More About Myself,1,CBSE,Class 2,Environmental Studies,Illustrative Environmental Studies,,1,Active,
659,Chapter 1 Myself,1,CBSE,Class 1,Environmental Studies,Illustrative Environmental Studies,,1,Active,
660,Chapter 1 Myself,1,CBSE,Class 1,Social Studies,Illustrative Social Studies,,1,Active,
661,Chapter 1 Numbers,1,CBSE,Class 5,Mathematics,Illustrative Mathematics,,1,Active,
662,Chapter 1 Numbers Beyond 999,1,CBSE,Class 3,Mathematics,Illustrative Mathematics,,1,Active,
663,Chapter 1 Numbers Beyond 9999,1,CBSE,Class 4,Mathematics,Illustrative Mathematics,,1,Active,
664,Chapter 1 Numbers up to 200,1,CBSE,Class 2,Mathematics,Illustrative Mathematics,,1,Active,
665,Chapter 1 Numbers up to 9,1,CBSE,Class 1,Mathematics,Illustrative Mathematics,,1,Active,
666,Chapter 1 Plants: The Producers,1,CBSE,Class 4,Science,Illustrative Science,,1,Active,
667,Chapter 1 Types of Plants,1,CBSE,Class 2,Science,Illustrative Science,,1,Active,
668,Chapter 1: Number upto 100,1,ICSE,Class 1,Mathematics,Foundation Mathematics (2023-24),,1,Active,
669,Chapter 1: Numbers,1,ICSE,Class 2,Mathematics,Foundation Mathematics (2023-24),,1,Active,
670,Chapter 1: Real Numbers,1,CBSE,Class 10,Mathematics,NCQRT Mathematics,,1,Active,
671,"Chapter 1. An introduction to History (What, When, Where and How)",1,CBSE,Class 6,Social Science,A Text Book of Social Sciences,,1,Active,
672,"Chapter 1. Computer Hardware Devices {Input, Process, Output and Storage)",1,CBSE,Class 4,Computer Science,Computer Science Success,,1,Active,
673,Chapter 1. Computer Languages,1,CBSE,Class 6,Computer Science,Computer Science Success,,1,Active,
674,Chapter 1. Evolution of Computers,1,CBSE,Class 5,Computer Science,Computer Science Success,,1,Active,
675,Chapter 1. Food Our Basic Need,1,CBSE,Class 4,Science,Science Success,,1,Active,
676,Chapter 1. Large Numbers,1,ICSE,Class 5,Mathematics,Foundation Mathematics,,1,Active,
677,Chapter 1. Matching,1,CBSE,Class 1,General Aptitude,Know Your Aptitude,,1,Active,
678,Chapter 1. Matching,1,CBSE,Class 2,General Aptitude,Know Your Aptitude,,1,Active,
679,Chapter 1. Numbers Beyond 999,1,CBSE,Class 3,Mathematics,Mathematics Success,,1,Active,
680,Chapter 1. Numbers up to 999999,1,ICSE,Class 4,Mathematics,Foundation Mathematics,,1,Active,
681,Chapter 1. Numbers up to 999999,1,ICSE,Class 4,Mathematics,Foundation Mathematics (2023-24),,1,Active,
682,Chapter 1. Numbers up to 999999,1,ICSE,Class 5,Mathematics,Foundation Mathematics (2023-24),,1,Active,
683,Chapter 1. The Sentence,1,CBSE,Class 2,English,Elementary English Grammar and Composition,,1,Active,
684,Chapter 1. A Computer System,1,ICSE,Class 3,Computer Science,My Book of Computer Studies,,1,Active,
685,Chapter 1. Birds' Talk,1,CBSE,Class 1,General Knowledge,General Knowledge Times (2023-24),,1,Active,
686,Chapter 1. Cell – An Independent Unit of Life,1,ICSE,Class 10,Biology,A New Approach to ICSE Biology,,1,Active,
687,Chapter 1. Chemical Reactions and Equations,1,CBSE,Class 10,Science,Gateway to Science Chemistry,,1,Active,
688,Chapter 1. Components of Food,1,CBSE,Class 6,Science,Learning Elementary Science (For Acad. Year 2023-24),,1,Active,
689,Chapter 1. Computer  A Smart Machine,1,CBSE,Class 2,Computer Science,Computer Science Success,,1,Active,
690,Chapter 1. Computer — A Machine,1,CBSE,Class 1,Computer Science,Computer Science Success,,1,Active,
691,Chapter 1. Computer — A Machine,1,CBSE,Class 1,Computer Science,Fun with Linux,,1,Active,
692,Chapter 1. Computer A Machine,1,ICSE,Class 1,Computer Science,My Book of Computer Studies,,1,Active,
693,Chapter 1. Computer An Electronic Device,1,ICSE,Class 2,Computer Science,My Book of Computer Studies,,1,Active,
694,Chapter 1. Computer and Its Functioning,1,CBSE,Class 3,Computer Science,Fun with Linux,,1,Active,
695,"Chapter 1. Computer Crime, Ethics and Security",1,CBSE,Class 8,Computer Science,Fun with Linux,,1,Active,
696,Chapter 1. Computer Generations,1,CBSE,Class 5,Computer Science,Fun with Linux,,1,Active,
697,Chapter 1. Computer Languages,1,CBSE,Class 6,Computer Science,Fun with Linux,,1,Active,
698,Chapter 1. Computer Network,1,CBSE,Class 7,Computer Science,Fun with Linux,,1,Active,
699,Chapter 1. Computer—A Smart Machine,1,CBSE,Class 2,Computer Science,Fun with Linux,,1,Active,
700,Chapter 1. Computers Storage and Memory Device,1,ICSE,Class 4,Computer Science,My Book of Computer Studies,,1,Active,
701,Chapter 1. Crop Production and Management,1,CBSE,Class 8,Science,Science Success,,1,Active,
702,Chapter 1. Crop Production and Management,1,CBSE,Class 8,Science,Learning Elementary Science (For Acad. Year 2023-24),,1,Active,
703,Chapter 1. Crop Production and Management,1,CBSE,Class 8,Science,Learning Elementary Science,,1,Active,
704,Chapter 1. Determiners,1,CBSE,Class 8,English Grammar,Step up English Grammar and Composition (For Acad. Year 2023-24),,1,Active,
705,Chapter 1. Eating Habits of Animals,1,CBSE,Class 3,Science,Science Success,,1,Active,
706,Chapter 1. Evolution of Computer,1,ICSE,Class 5,Computer Science,My Book of Computer Studies,,1,Active,
707,Chapter 1. External Hardware Devices,1,ICSE,Class 7,Computer Science,My Book of Computer Studies,,1,Active,
708,Chapter 1. External Hardware Devices,1,CBSE,Class 7,Computer Science,Computer Science Success,,1,Active,
709,Chapter 1. Food  Where Does it Come From?,1,CBSE,Class 6,Science,Science Success,,1,Active,
710,Chapter 1. Food — Where does It Come from?,1,CBSE,Class 6,Science,Learning Elementary Science,,1,Active,
711,Chapter 1. Globe,1,CBSE,Class 5,Social Studies,Social Studies Success (2023-24),,1,Active,
712,Chapter 1. Growing Plants,1,CBSE,Class 5,Science,Science Success,,1,Active,
713,Chapter 1. Growing Plants,1,CBSE,Class 5,Science,Science Success (2023-24),,1,Active,
714,Chapter 1. History of Computers,1,CBSE,Class 4,Computer Science,Fun with Linux,,1,Active,
715,Chapter 1. How Computer Works,1,CBSE,Class 3,Computer Science,Computer Science Success,,1,Active,
716,Chapter 1. india  Size And Location,1,CBSE,Class 9,Geography,NCQRT Geography,,1,Active,
717,Chapter 1. Integers,1,CBSE,Class 7,Mathematics,Exploring Mathematics,,1,Active,
718,Chapter 1. Integers,1,ICSE,Class 7,Mathematics,Foundation Mathematics (2023-24),,1,Active,
719,Chapter 1. Internal Hardware Devices,1,CBSE,Class 8,Computer Science,Computer Science Success,,1,Active,
720,Chapter 1. Introduction,1,CBSE,Class 9,Data Science,A text Book of Data Science,,1,Active,
721,Chapter 1. Introduction to Biology,1,ICSE,Class 9,Biology,A New Approach to I.C.S.E. Biology (2023-24),,1,Active,
722,Chapter 1. Introduction To Data,1,CBSE,Class 8,Data Science,A text Book of Data Science,,1,Active,
723,Chapter 1. Knowing Our Numbers,1,CBSE,Class 6,Mathematics,Exploring Mathematics,,1,Active,
724,Chapter 1. Large Numbers,1,CBSE,Class 4,Mathematics,Exploring Mathematics,,1,Active,
725,Chapter 1. Living and Non living Things,1,CBSE,Class 1,Science,Science Success,,1,Active,
726,Chapter 1. Living and Non Living Things,1,CBSE,Class 3,Science,Learning Elementary Science,,1,Active,
727,Chapter 1. Living And Non Living Things,1,CBSE,Class 3,Science,Science Success (2023-24),,1,Active,
728,Chapter 1. Matter,1,ICSE,Class 6,Physics,Learning Elementary Physics,,1,Active,
729,Chapter 1. Matter in Our Surroundings,1,CBSE,Class 9,Science,NCQRT Science,,1,Active,
730,Chapter 1. Measurements and Experimentation,1,ICSE,Class 9,Physics,A New Approach to I.C.S.E. Physics (2023-24),,1,Active,
731,Chapter 1. More About Myself,1,CBSE,Class 2,Environmental Studies,Blue Planet,,1,Active,
732,Chapter 1. Motion,1,CBSE,Class 9,Science,Gateway to Science Physics,,1,Active,
733,Chapter 1. Myself,1,CBSE,Class 1,Environmental Studies,Blue Planet,,1,Active,
734,Chapter 1. Number System,1,ICSE,Class 6,Mathematics,Foundation Mathematics,,1,Active,
735,Chapter 1. Number System,1,ICSE,Class 6,Mathematics,Foundation Mathematics,,1,Active,
736,Chapter 1. Number System,1,CBSE,Class 3,Mathematics,Star Maths,,1,Active,
737,Chapter 1. Number System,1,ICSE,Class 6,Mathematics,Foundation Mathematics (2023-24),,1,Active,
738,Chapter 1. Number System,1,CBSE,Class 4,Mathematics,Star Maths,,1,Active,
739,Chapter 1. Number System,1,CBSE,Class 5,Mathematics,Star Maths,,1,Active,
740,Chapter 1. Number Systems,1,CBSE,Class 9,Mathematics,NCERT Mathematics,,1,Active,
741,Chapter 1. Numbers,1,CBSE,Class 3,Mathematics,Exploring Mathematics,,1,Active,
742,Chapter 1. Numbers,1,CBSE,Class 5,Mathematics,Exploring Mathematics,,1,Active,
743,Chapter 1. Numbers,1,CBSE,Class 5,Mathematics,Mathematics Success,,1,Active,
744,Chapter 1. Numbers,1,CBSE,Class 1,Mathematics,Star Maths,,1,Active,
745,Chapter 1. Numbers,1,CBSE,Class 2,Mathematics,Star Maths,,1,Active,
746,Chapter 1. Numbers beyond 9999,1,CBSE,Class 4,Mathematics,Mathematics Success,,1,Active,
747,Chapter 1. Numbers up to 20,1,CBSE,Class 1,Mathematics,Exploring Mathematics,,1,Active,
748,Chapter 1. Numbers up to 200,1,CBSE,Class 2,Mathematics,Exploring Mathematics,,1,Active,
749,Chapter 1. Numbers up to 200,1,CBSE,Class 2,Mathematics,Mathematics Success,,1,Active,
750,Chapter 1. Numbers up to 9,1,CBSE,Class 1,Mathematics,Mathematics Success,,1,Active,
751,Chapter 1. Numbers up to 9999,1,ICSE,Class 3,Mathematics,Foundation Mathematics,,1,Active,
752,Chapter 1. Numbers up to 9999,1,ICSE,Class 3,Mathematics,Foundation Mathematics (2023-24),,1,Active,
753,Chapter 1. Nutrition in Plants,1,CBSE,Class 7,Science,Science Success,,1,Active,
754,Chapter 1. Nutrition in Plants,1,CBSE,Class 7,Science,Learning Elementary Science (For Acad. Year 2023-24),,1,Active,
755,Chapter 1. Nutrition in Plants,1,CBSE,Class 7,Science,Learning Elementary Science,,1,Active,
756,Chapter 1. Operating System,1,ICSE,Class 8,Computer Science,My Book of Computer Studies,,1,Active,
757,Chapter 1. Our Body Parts,1,CBSE,Class 3,Environmental Studies,Blue Planet (2023-24),,1,Active,
758,Chapter 1. Our Body Parts,1,CBSE,Class 3,Environmental Studies,Blue Planet,,1,Active,
759,Chapter 1. Our Organ Systems,1,CBSE,Class 5,Environmental Studies,Blue Planet,,1,Active,
760,Chapter 1. Parts of Our Body,1,CBSE,Class 4,Environmental Studies,Blue Planet (2023-24),,1,Active,
761,Chapter 1. Parts of Our Body,1,CBSE,Class 4,Environmental Studies,Blue Planet,,1,Active,
762,Chapter 1. Plant Life,1,CBSE,Class 4,Science,Learning Elementary Science,,1,Active,
763,Chapter 1. Plants : The Producer,1,CBSE,Class 4,Science,Science Success (2023-24),,1,Active,
764,Chapter 1. Plants Around Us,1,CBSE,Class 1,Science,Learning Elementary Science,,1,Active,
765,Chapter 1. Plants Around Us,1,CBSE,Class 2,Science,Learning Elementary Science,,1,Active,
766,Chapter 1. Plants Around Us,1,CBSE,Class 1,Science,Learning Elementary Science (For Acad. Year 2023-24),,1,Active,
767,Chapter 1. Plants Around Us,1,CBSE,Class 2,Science,Learning Elementary Science (For Acad. Year 2023-24),,1,Active,
768,Chapter 1. Rational Numbers,1,CBSE,Class 8,Mathematics,Exploring Mathematics,,1,Active,
769,Chapter 1. Rational Numbers,1,ICSE,Class 8,Mathematics,Foundation Mathematics (2023-24),,1,Active,
770,Chapter 1. Real Numbers,1,CBSE,Class 10,Mathematics,NCERT Mathematics,,1,Active,
771,Chapter 1. Reflection and Refraction of Light,1,CBSE,Class 10,Science,Gateway to Science Physics,,1,Active,
772,Chapter 1. Reproduction in Plants,1,CBSE,Class 5,Science,Learning Elementary Science,,1,Active,
773,Chapter 1. Sentences,1,CBSE,Class 6,English Grammar,Step up English Grammar and Composition (For Acad. Year 2023-24),,1,Active,
774,Chapter 1. The Alphabet,1,CBSE,Class 1,English,Elementary English Grammar and Composition,,1,Active,
775,Chapter 1. The Sentence,1,CBSE,Class 4,English,Elementary English Grammar and Composition,,1,Active,
776,Chapter 1. The French Revolution,1,CBSE,Class 9,History,NCQRT History,,1,Active,
777,Chapter 1. The Language of Chemistry,1,ICSE,Class 9,Chemistry,A New Approach to I.C.S.E. Chemistry (2023-24),,1,Active,
778,Chapter 1. The Leaf,1,ICSE,Class 6,Biology,Learning Elementary Biology,,1,Active,
779,Chapter 1. The Rise of Nationalism in Europe,1,CBSE,Class 10,History,NCQRT History,,1,Active,
780,Chapter 1. The Squirrel,1,CBSE,Class 2,English,Get Smart A Multi-skill English Course,,1,Active,
781,Chapter 1. The Story of Village Palampur,1,CBSE,Class 9,Economics,NCQRT Economics,,1,Active,
782,Chapter 1. Tissue,1,ICSE,Class 7,Biology,Learning Elementary Biology,,1,Active,
783,Chapter 1. Tommy's Five Senses,1,CBSE,Class 1,English,Get Smart A Multi-skill English Course,,1,Active,
784,Chapter 1. Transport of Food and Minerals in Plants,1,ICSE,Class 8,Biology,Learning Elementary Biology,,1,Active,
785,Chapter 1. Types of Computers,1,ICSE,Class 6,Computer Science,My Book of Computer Studies,,1,Active,
786,Chapter 1. Types of Plants,1,CBSE,Class 2,Science,Science Success,,1,Active,
787,Chapter 1. Use of Statistics in Data Science,1,CBSE,Class 10,Data Science,A text Book of Data Science,,1,Active,
788,Chapter 1. Water Animals to Love,1,CBSE,Class 2,General Knowledge,General Knowledge Times (2023-24),,1,Active,
789,"Chapter 1. Where, When and How",1,CBSE,Class 7,Social Science,A Text Book of Social Sciences,,1,Active,
790,"Chapter 1. Where, When and How",1,CBSE,Class 8,Social Science,A Text Book of Social Sciences,,1,Active,
791,Chapter 1. एक बूँद,1,CBSE,Class 5,Hindi,Nootan Saral Hindi Mala,,1,Active,
792,Chapter 1. जिसने सूरज चाँद बनाया,1,CBSE,Class 2,Hindi,Bal Bhasha Bharti,,1,Active,
793,Chapter 1. प्रकृति का संदेश,1,CBSE,Class 4,Hindi,Nootan Saral Hindi Mala,,1,Active,
794,Chapter 1. प्रकृति का संदेश,1,CBSE,Class 4,Hindi,Nikunj Hindi Pathmala,,1,Active,
795,Chapter 1. भूल गया है क्‍यों इनसान,1,CBSE,Class 6,Hindi,Nootan Saral Hindi Mala,,1,Active,
796,Chapter 1. वर्णमाला,1,CBSE,Class 1,Hindi,Bal Bhasha Bharti,,1,Active,
797,Chapter 1. सत्कर्तव्य,1,CBSE,Class 7,Hindi,Nootan Saral Hindi Mala,,1,Active,
798,Chapter 1. हँस रही उषा,1,CBSE,Class 8,Hindi,Nootan Saral Hindi Mala,,1,Active,
799,Chapter 1.एक किरण,1,CBSE,Class 4,Hindi,Bal Bhasha Bharti,,1,Active,
800,Chapter 1.देश बड़ा हो जाएगा,1,CBSE,Class 3,Hindi,Bal Bhasha Bharti,,1,Active,
801,Chapter 1.मुझे न समझो छोटा,1,CBSE,Class 5,Hindi,Bal Bhasha Bharti,,1,Active,
802,Chapter 10 Measurement of Capacity,10,ICSE,Class 2,Mathematics,Foundation Mathematics,,10,Active,
803,Chapter 10 Our Rich Heritage : Buildings and Monuments,10,ICSE,Class 3,Social Studies,Essential Social Studies for (2023-24),,10,Active,
804,Chapter 10 The Conjunction,10,CBSE,Class 3,English,Elementary English Grammar and Composition,,10,Active,
805,Chapter 10 Time,10,ICSE,Class 1,Mathematics,Foundation Mathematics,,10,Active,
806,Chapter 10 : Arithmetic Progression,10,ICSE,Class 10,Mathematics,I.C.S.E. Foundation Mathematics (2023-24),,10,Active,
807,Chapter 10 : Astronomy in India,4,CBSE,Class 7,General Knowledge,General Knowledge Times (2023-24),,4,Active,
808,Chapter 10 : Direct and Inverse Variation,10,ICSE,Class 8,Mathematics,Foundation Mathematics,,10,Active,
809,Chapter 10 : Famous Monuments and Buildings,4,CBSE,Class 5,General Knowledge,General Knowledge Times (2023-24),,4,Active,
810,Chapter 10 : Homes of Animals,10,CBSE,Class 1,Social Studies,Social Studies Success,,1,Active,
811,Chapter 10 : Occupations,10,CBSE,Class 3,Social Studies,Social Studies Success,,1,Active,
812,Chapter 10 : Our festivals,10,CBSE,Class 2,Social Studies,Social Studies Success,,1,Active,
813,Chapter 10 : Our Water Resources,10,CBSE,Class 4,Social Studies,Social Studies Success,,1,Active,
814,Chapter 10 : Profit and Loss,10,ICSE,Class 7,Mathematics,Foundation Mathematics,,10,Active,
815,Chapter 10 : The Nordic Countries,3,CBSE,Class 6,General Knowledge,General Knowledge Times (2023-24),,3,Active,
816,Chapter 10 : The World of Growing Knowledge,10,CBSE,Class 5,Social Studies,Social Studies Success,,1,Active,
817,Chapter 10 : When in China ...,4,CBSE,Class 8,General Knowledge,General Knowledge Times (2023-24),,4,Active,
818,Chapter 10 .1 Electroamgent 2. Magnetuic effects 3. Electromagnetuic Induction,10,ICSE,Class 10,Physics,A New Approach to I.C.S.E. Physics (2023-24),,10,Active,
819,"Chapter 10 A House, a Home",10,CBSE,Class 4,English,Get Smart A Multi-skill English Course,,10,Active,
820,"Chapter 10 A, An, The",10,CBSE,Class 2,English Grammar,Step up English Grammar and Composition (For Acad. Year 2023-24),,10,Active,
821,Chapter 10 Addition and Subtraction up to 99,10,CBSE,Class 1,Mathematics,Mathematics Success (2023-24),,10,Active,
822,Chapter 10 Adjectives,10,CBSE,Class 5,English Grammar,Step up English Grammar and Composition (For Acad. Year 2023-24),,10,Active,
823,Chapter 10 Agriculture in India,10,ICSE,Class 4,Social Studies,Essential Social Studies for (2023-24),,10,Active,
824,Chapter 10 Alexander the Great,10,CBSE,Class 5,English,Stepping Stones,,10,Active,
825,Chapter 10 Antarctica,10,ICSE,Class 7,Geography,A Textbook of Geography (2023-24),,10,Active,
826,Chapter 10 Articles,10,CBSE,Class 3,English Grammar,Step up English Grammar and Composition (For Acad. Year 2023-24),,10,Active,
827,Chapter 10 Be a Winner,10,CBSE,Class 4,Moral Science,The Mirror of Values,,10,Active,
828,Chapter 10 Be Safe,10,CBSE,Class 1,Environmental Studies,Blue Planet (2023-24),,10,Active,
829,Chapter 10 Being Courteous,10,CBSE,Class 5,Moral Science,The Mirror of Values,,10,Active,
830,Chapter 10 Circles,10,CBSE,Class 9,Mathematics,A Complete Course in Mathematics,,10,Active,
831,Chapter 10 Circles,10,CBSE,Class 10,Mathematics,NCQRT Mathematics,,10,Active,
832,Chapter 10 Circles,10,CBSE,Class 10,Mathematics,A Complete Course in Mathematics,,10,Active,
833,Chapter 10 Classification,10,CBSE,Class 3,General Aptitude,Know Your Aptitude,,10,Active,
834,Chapter 10 Classification,10,CBSE,Class 4,General Aptitude,Know Your Aptitude,,10,Active,
835,Chapter 10 Compound Interest,10,CBSE,Class 8,Mathematics,Progress in Mathematics,,10,Active,
836,Chapter 10 Compound Interest,10,CBSE,Class 8,Mathematics,Mathematics Success,,10,Active,
837,Chapter 10 Direct and Inverse Variations,10,CBSE,Class 8,Mathematics,Mathematics Success (2023-24),,10,Active,
838,Chapter 10 Direction Sense Test,10,CBSE,Class 7,General Aptitude,Know Your Aptitude,,10,Active,
839,Chapter 10 Direction Sense Test,10,CBSE,Class 8,General Aptitude,Know Your Aptitude,,10,Active,
840,Chapter 10 Doing Words,10,CBSE,Class 1,English Grammar,Step up English Grammar and Composition (For Acad. Year 2023-24),,10,Active,
841,Chapter 10 E Commerce,10,CBSE,Class 8,Computer Science,Enter  A Complete Course in Computer Science,,10,Active,
842,Chapter 10 Electric Current and its Effects,10,CBSE,Class 7,Science,Science Success (2023-24),,10,Active,
843,Chapter 10 Feather and Fur,10,CBSE,Class 3,English,Get Smart A Multi-skill English Course,,10,Active,
844,Chapter 10 Food is Life,10,CBSE,Class 4,Social Studies,Illustrative Environmental Studies,,10,Active,
845,"Chapter 10 Force, Energy and Simple Machine",10,CBSE,Class 5,Science,Learning Elementary Science (For Acad. Year 2023-24),,10,Active,
846,"Chapter 10 Force, Work and Energy",10,CBSE,Class 4,Science,Learning Elementary Science (For Acad. Year 2023-24),,10,Active,
847,"Chapter 10 Force, Work and Energy",10,CBSE,Class 4,Science,Learning Elementary Science (For Acad. Year 2023-24),,10,Active,
848,"Chapter 10 Force, Work and Energy",10,CBSE,Class 4,Science,Science Success,,1,Active,
849,Chapter 10 Forests and Wildlife,10,CBSE,Class 4,Social Studies,Social Studies  for Juniors,,10,Active,
850,Chapter 10 Fun with Magnets,10,CBSE,Class 6,Science,Science Success (2023-24),,10,Active,
851,Chapter 10 Geometry,10,CBSE,Class 2,Mathematics,Mathematics Success (2023-24),,10,Active,
852,Chapter 10 Government Schemes and Overcoming Inequality,10,CBSE,Class 5,Environmental Studies,Illustrative Environmental Studies,,10,Active,
853,Chapter 10 Gravitation,10,CBSE,Class 9,Science,NCERT Science,,10,Active,
854,Chapter 10 Healthy Practices and Safety,10,CBSE,Class 3,Social Studies,Illustrative Environmental Studies,,10,Active,
855,Chapter 10 Healthy Practices and Safety,10,CBSE,Class 3,Environmental Studies,Illustrative Environmental Studies,,10,Active,
856,Chapter 10 Homes of Animals,10,CBSE,Class 1,Social Studies,Social Studies Success (2023-24),,10,Active,
857,Chapter 10 Housing and Clothing,10,CBSE,Class 1,Science,Illustrative Science,,10,Active,
858,Chapter 10 Housing and Clothing,10,CBSE,Class 1,Science,Science Success (2023-24),,10,Active,
859,Chapter 10 India : Human Resources,10,ICSE,Class 8,Geography,A Textbook of Geography (2023-24),,10,Active,
860,Chapter 10 Introduction to Flash CS6,10,CBSE,Class 6,Computer Science,Enter  A Complete Course in Computer Science,,10,Active,
861,Chapter 10 Kind Siddhartha,10,CBSE,Class 2,Moral Science,The Mirror of Values,,10,Active,
862,Chapter 10 Light – Reflection and Refraction,10,CBSE,Class 10,Science,NCERT Science,,10,Active,
863,Chapter 10 Light and Shadows,10,ICSE,Class 5,Science,Essential Science (2023-24),,10,Active,
864,Chapter 10 Lines and Angles,10,CBSE,Class 7,Mathematics,Progress in Mathematics,,10,Active,
865,Chapter 10 Little Red Riding Hood (Poem),10,CBSE,Class 3,English,Stepping Stones,,10,Active,
866,Chapter 10 Means of Communication,10,CBSE,Class 3,Social Studies,Social Studies  for Juniors,,10,Active,
867,Chapter 10 Means of Communication,10,CBSE,Class 3,Social Studies,Illustrative Social Studies,,1,Inactive,
868,Chapter 10 Measurement,10,ICSE,Class 4,Science,Essential Science (2023-24),,10,Active,
869,Chapter 10 Measurement,10,ICSE,Class 4,Science,Essential Science,,10,Active,
870,Chapter 10 Measurement,10,CBSE,Class 3,Mathematics,Mathematics Success (2023-24),,10,Active,
871,Chapter 10 Measurements,10,CBSE,Class 3,Science,Learning Elementary Science (For Acad. Year 2023-24),,10,Active,
872,Chapter 10 Mensuration,10,CBSE,Class 6,Mathematics,NCERT Mathematics,,10,Active,
873,Chapter 10 Motion And Measurement Of Distances,10,CBSE,Class 6,Science,NCERT Science,,10,Active,
874,Chapter 10 Move on Photoshop CS6,10,CBSE,Class 7,Computer Science,Enter  A Complete Course in Computer Science,,10,Active,
875,"Chapter 10 Mowgli, The Man's Cub (1)",10,CBSE,Class 6,English,Stepping Stones,,10,Active,
876,Chapter 10 Multimedia,10,CBSE,Class 4,Computer Science,Enter  A Complete Course in Computer Science,,10,Active,
877,Chapter 10 Neighbourhood Services,10,CBSE,Class 2,Environmental Studies,Blue Planet (2023-24),,10,Active,
878,Chapter 10 Occupations,10,CBSE,Class 3,Social Studies,Social Studies Success (2023-24),,10,Active,
879,Chapter 10 Our Festivals,10,CBSE,Class 2,Social Studies,Social Studies Success (2023-24),,10,Active,
880,Chapter 10 Our Neighbouring Countries,10,ICSE,Class 5,Social Studies,Essential Social Studies for (2023-24),,10,Active,
881,Chapter 10 Our Water Resource,10,CBSE,Class 4,Social Studies,Essential Social Studies for (2023-24),,10,Active,
882,Chapter 10 Our Water Resource,10,CBSE,Class 4,Social Studies,Social Studies Success (2023-24),,10,Active,
883,Chapter 10 Patterns,10,CBSE,Class 5,General Aptitude,Know Your Aptitude,,10,Active,
884,Chapter 10 Perimeter and Area,10,CBSE,Class 5,Mathematics,Progress in Mathematics,,10,Active,
885,Chapter 10 Perimeter and Area,10,CBSE,Class 4,Mathematics,Progress in Mathematics,,10,Active,
886,Chapter 10 Possessive Nouns,10,CBSE,Class 4,English Grammar,Step up English Grammar and Composition (For Acad. Year 2023-24),,10,Active,
887,Chapter 10 Practical Geometry,10,CBSE,Class 7,Mathematics,NCERT Mathematics,,10,Active,
888,Chapter 10 Pythagoras Theorem,10,ICSE,Class 9,Mathematics,I.C.S.E. Foundation Mathematics (2023-24),,10,Active,
889,Chapter 10 Respiration in Organisms,10,CBSE,Class 7,Science,NCERT Science,,10,Active,
890,Chapter 10 Rocks and Minerals,10,CBSE,Class 2,Science,Science Success (2023-24),,10,Active,
891,Chapter 10 School,10,CBSE,Class 2,Social Studies,Social Studies  for Juniors,,10,Active,
892,Chapter 10 Sharing Work,10,CBSE,Class 1,Social Studies,Social Studies  for Juniors,,10,Active,
893,Chapter 10 Shipwrecked,10,CBSE,Class 7,English,Stepping Stones,,10,Active,
894,Chapter 10 Soil,10,CBSE,Class 4,Social Studies,Illustrative Social Studies,,10,Active,
895,Chapter 10 Sound,10,CBSE,Class 8,Science,Science Success (2023-24),,10,Active,
896,Chapter 10 Sulphuric Acid,10,ICSE,Class 10,Chemistry,A New Approach to I.C.S.E. Chemistry,,10,Active,
897,Chapter 10 Sulphuric Acid,10,ICSE,Class 10,Chemistry,A New Approach to I.C.S.E. Chemistry (2023-24),,10,Active,
898,Chapter 10 Summer Sun,10,CBSE,Class 5,English,Get Smart A Multi-skill English Course,,10,Active,
899,Chapter 10 Tansen—The Greatest Singer,10,CBSE,Class 4,English,Stepping Stones,,10,Active,
900,Chapter 10 Temperature,10,CBSE,Class 5,Mathematics,Mathematics Success (2023-24),,10,Active,
901,Chapter 10 The Conjunction,10,CBSE,Class 5,English,Elementary English Grammar and Composition,,10,Active,
902,Chapter 10 The Deccan Plateau,10,CBSE,Class 5,Environmental Studies,Blue Planet (2023-24),,10,Active,
903,Chapter 10 The Human Eye and the Colourful World,10,CBSE,Class 10,Science,NCQRT Science,,10,Active,
904,Chapter 10 The Nervous System and Sense Organs,10,ICSE,Class 10,Biology,A New Approach to I.C.S.E. Biology (2023-24),,10,Active,
905,Chapter 10 The Noisy Animals,10,CBSE,Class 1,English,Stepping Stones,,10,Active,
906,Chapter 10 The Northern Plains,10,CBSE,Class 5,Social Studies,Illustrative Social Studies,,10,Active,
907,Chapter 10 The Sun,10,ICSE,Class 3,Science,Essential Science,,10,Active,
908,Chapter 10 The Sun,10,ICSE,Class 3,Science,Essential Science (2023-24),,10,Active,
909,Chapter 10 The sun and the wind,10,CBSE,Class 2,English,Stepping Stones,,10,Active,
910,Chapter 10 The Triangle and Its Properties,10,CBSE,Class 7,Mathematics,Mathematics Success (2023-24),,10,Active,
911,Chapter 10 The Triangle and Its Properties,10,CBSE,Class 7,Mathematics,Mathematics Success,,10,Active,
912,Chapter 10 The Turning Point,10,CBSE,Class 8,English,Stepping Stones,,10,Active,
913,Chapter 10 The World of Growing Knowledge,10,CBSE,Class 5,Social Studies,Social Studies  for Juniors,,10,Active,
914,Chapter 10 Tides And Ocean Currents,10,ICSE,Class 9,Geography,A Textbook of Geography (2023-24),,10,Active,
915,Chapter 10 Tides and Ocean Currents,10,ICSE,Class 9,Geography,A Textbook of Geography (2023-24),,10,Active,
916,Chapter 10 Time,10,CBSE,Class 4,Mathematics,Mathematics Success (2023-24),,10,Active,
917,Chapter 10 Time,10,CBSE,Class 1,Mathematics,Progress in Mathematics,,10,Active,
918,Chapter 10 Time,10,CBSE,Class 2,Mathematics,Progress in Mathematics,,10,Active,
919,Chapter 10 Time,10,CBSE,Class 3,Mathematics,Progress in Mathematics,,10,Active,
920,Chapter 10 Understanding Elementary Shapes,10,CBSE,Class 6,Mathematics,Mathematics Success,,10,Active,
921,Chapter 10 Understanding Elementry Shapes,10,CBSE,Class 6,Mathematics,Mathematics Success (2023-24),,10,Active,
922,Chapter 10 Unity is Strength,10,CBSE,Class 3,Moral Science,The Mirror of Values,,10,Active,
923,Chapter 10 Venn Diagrams,10,CBSE,Class 6,General Aptitude,Know Your Aptitude,,10,Active,
924,Chapter 10 Virus and Antivirus,10,CBSE,Class 5,Computer Science,Enter  A Complete Course in Computer Science,,10,Active,
925,Chapter 10 Visualising Solid Shapes,10,CBSE,Class 8,Mathematics,NCERT Mathematics,,10,Active,
926,Chapter 10 अच्छा कौन,10,CBSE,Class 3,Hindi,Nikunj Hindi Pathmala,,1,Active,
927,Chapter 10 अच्छा कौन,10,CBSE,Class 3,Hindi,Nootan Saral Hindi Mala,,1,Active,
928,Chapter 10 अतिरिक्त वर्ण ड़ और ढ़,10,CBSE,Class 1,Hindi,Nikunj Hindi Pathmala (2023-24),,10,Active,
929,Chapter 10 आओ करे प्रकर्ति की रक्षा,10,CBSE,Class 4,Hindi,Nikunj Hindi Pathmala,,1,Active,
930,Chapter 10 आओ शब्द बनाएँ,10,CBSE,Class 2,Hindi,Naveen Hindi Vyavaharik Vyakaran Tatha Rachna,,10,Active,
931,Chapter 10 क्रियाविशेषण,10,CBSE,Class 4,Hindi,Naveen Hindi Vyavaharik Vyakaran Tatha Rachna,,10,Active,
932,Chapter 10 चींटी और हाथी,10,CBSE,Class 2,Hindi,Nikunj Hindi Pathmala,,1,Active,
933,Chapter 10 ड़ और ढ़ का प्रयोग,10,CBSE,Class 1,Hindi,Nikunj Hindi Pathmala,,1,Active,
934,Chapter 10 नानी की निशानी,10,CBSE,Class 3,Hindi,Nikunj Hindi Pathmala,,1,Active,
935,Chapter 10 पानी की कहानी,10,CBSE,Class 2,Hindi,Nikunj Hindi Pathmala (2023-24),,10,Active,
936,Chapter 10 पिता की चतुराई,10,CBSE,Class 3,Hindi,Nikunj Hindi Pathmala (2023-24),,10,Active,
937,Chapter 10 प्रेरक  प्रसंग,10,CBSE,Class 7,Hindi,Nikunj Hindi Pathmala,,1,Active,
938,Chapter 10 बीरबल की चतुराई,10,CBSE,Class 4,Hindi,Nikunj Hindi Pathmala,,1,Active,
939,Chapter 10 मन की सीख,10,CBSE,Class 5,Hindi,Nikunj Hindi Pathmala (2023-24),,10,Active,
940,Chapter 10 मेट्रो की कहानी: मेट्रो की जबानी,10,CBSE,Class 5,Hindi,Nikunj Hindi Pathmala,,1,Active,
941,Chapter 10 राजकुमार और नीम का पौधा,10,CBSE,Class 4,Hindi,Nikunj Hindi Pathmala,,2,Active,
942,Chapter 10 वस्तु के बारे में,10,CBSE,Class 1,Hindi,Naveen Hindi Vyavaharik Vyakaran Tatha Rachna,,10,Active,
943,Chapter 10 वाक्य,10,CBSE,Class 3,Hindi,Naveen Hindi Vyavaharik Vyakaran Tatha Rachna,,10,Active,
944,Chapter 10 व्यवस्था को आखिर कौन बदलेगा,10,CBSE,Class 8,Hindi,Nikunj Hindi Pathmala,,1,Active,
945,Chapter 10 शुद्ध वर्तनी,10,CBSE,Class 5,Hindi,Naveen Hindi Vyavaharik Vyakaran Tatha Rachna,,10,Active,
946,Chapter 10 संज्ञा विकार : लिंग,10,CBSE,Class 8,Hindi,Naveen Hindi Vyavaharik Vyakaran Tatha Rachna,,10,Active,
947,Chapter 10 संज्ञा विकार : वचन,10,CBSE,Class 6,Hindi,Naveen Hindi Vyavaharik Vyakaran Tatha Rachna,,10,Active,
948,Chapter 10 संज्ञा विकार : वचन,10,CBSE,Class 7,Hindi,Naveen Hindi Vyavaharik Vyakaran Tatha Rachna,,10,Active,
949,Chapter 10 सबक,10,CBSE,Class 2,Hindi,Nootan Saral Hindi Mala,,1,Active,
950,Chapter 10 समय,10,CBSE,Class 4,Hindi,Nikunj Hindi Pathmala (2023-24),,10,Active,
951,Chapter 10 संयुक्त तथा द्वित्व व्यंजन,10,CBSE,Class 1,Hindi,Nootan Saral Hindi Mala,,1,Active,
952,Chapter 10 हींगवाला,10,CBSE,Class 6,Hindi,Nikunj Hindi Pathmala,,1,Active,
953,Chapter 10 અમારા પાડોશી,10,CBSE,Class 6,Gujarati,Meghdhanush,,10,Active,
954,Chapter 10 ટીપે ટીપે સરોવર,10,CBSE,Class 5,Gujarati,Meghdhanush,,10,Active,
955,Chapter 10 પ્રકૃતિનો સંદેશ,10,CBSE,Class 4,Gujarati,Meghdhanush,,10,Active,
956,Chapter 10 બોન્સાઈ,10,CBSE,Class 8,Gujarati,Meghdhanush,,10,Active,
957,Chapter 10 સમયનું આયોજન,10,CBSE,Class 7,Gujarati,Meghdhanush,,10,Active,
958,Chapter 10 સોનાલીનો પત્ર,10,CBSE,Class 3,Gujarati,Meghdhanush,,10,Active,
959,Chapter 10 Addition and Subtraction up to 99,10,CBSE,Class 1,Mathematics,Illustrative Mathematics,,10,Active,
960,Chapter 10 Air and Water,10,CBSE,Class 5,Science,Illustrative Science,,10,Active,
961,Chapter 10 Be Safe,10,CBSE,Class 1,Environmental Studies,Illustrative Environmental Studies,,10,Active,
962,Chapter 10 Food is Life,10,CBSE,Class 4,Environmental Studies,Illustrative Environmental Studies,,10,Active,
963,"Chapter 10 Force, Work and Energy",10,CBSE,Class 4,Science,Illustrative Science,,10,Active,
964,Chapter 10 Geometry,10,CBSE,Class 2,Mathematics,Illustrative Mathematics,,10,Active,
965,Chapter 10 Homes of Animals,10,CBSE,Class 1,Social Studies,Illustrative Social Studies,,10,Active,
966,Chapter 10 Measurement,10,CBSE,Class 3,Mathematics,Illustrative Mathematics,,10,Active,
967,Chapter 10 Neighbourhood Services,10,CBSE,Class 2,Environmental Studies,Illustrative Environmental Studies,,10,Active,
968,Chapter 10 Rocks and Minerals,10,CBSE,Class 2,Science,Illustrative Science,,10,Active,
969,"Chapter 10 Solids, Liquids and Gases",10,CBSE,Class 3,Science,Illustrative Science,,10,Active,
970,Chapter 10 Temperature,10,CBSE,Class 5,Mathematics,Illustrative Mathematics,,10,Active,
971,Chapter 10 Time,10,CBSE,Class 4,Mathematics,Illustrative Mathematics,,10,Active,
972,Chapter 10: Measurement of Capacity,10,ICSE,Class 2,Mathematics,Foundation Mathematics (2023-24),,10,Active,
973,Chapter 10: Time,10,ICSE,Class 1,Mathematics,Foundation Mathematics (2023-24),,10,Active,
974,Chapter 10.  Measurement,10,CBSE,Class 3,Mathematics,Mathematics Success,,10,Active,
975,"Chapter 10.  Measurement of Length, Mass and Capacity",10,ICSE,Class 5,Mathematics,Foundation Mathematics,,10,Active,
976,Chapter 10.  Perimeter and Area,10,ICSE,Class 4,Mathematics,Foundation Mathematics,,10,Active,
977,Chapter 10. Conjunctions (Joining Words),10,CBSE,Class 2,English,Elementary English Grammar and Composition,,10,Active,
978,Chapter 10. Contact with Distant Lands (Work of Traders),10,CBSE,Class 6,Social Science,A Text Book of Social Sciences,,10,Active,
979,Chapter 10. Internet of Things {lOT),10,CBSE,Class 4,Computer Science,Computer Science Success,,10,Active,
980,Chapter 10. Internet Services,10,CBSE,Class 6,Computer Science,Computer Science Success,,10,Active,
981,Chapter 10. Keeping Healthy and Fit,10,CBSE,Class 1,Science,Science Success,,10,Active,
982,"Chapter 10. Measurement of Length, Mass and Capacity",10,ICSE,Class 5,Mathematics,Foundation Mathematics (2023-24),,10,Active,
983,Chapter 10. More on MSWLogo,10,CBSE,Class 5,Computer Science,Computer Science Success,,10,Active,
984,Chapter 10. The Conjunction,10,CBSE,Class 4,English,Elementary English Grammar and Composition,,10,Active,
985,Chapter 10. The Flowering of Regional Cultures,10,CBSE,Class 7,Social Science,A Text Book of Social Sciences,,10,Active,
986,Chapter 10. Addition and Subtraction up to 99,10,CBSE,Class 1,Mathematics,Mathematics Success,,10,Active,
987,Chapter 10. Adjectives,10,CBSE,Class 6,English Grammar,Step up English Grammar and Composition (For Acad. Year 2023-24),,10,Active,
988,Chapter 10. Agriculture in India  I : Introduction,10,ICSE,Class 10,Geography,A Textbook of Geography (2023-24),,10,Active,
989,Chapter 10. Air,10,CBSE,Class 1,Science,Learning Elementary Science (For Acad. Year 2023-24),,10,Active,
990,Chapter 10. Air,10,CBSE,Class 2,Science,Learning Elementary Science (For Acad. Year 2023-24),,10,Active,
991,Chapter 10. Be Safe,10,CBSE,Class 1,Environmental Studies,Blue Planet,,10,Active,
992,Chapter 10. Caste and Reform,10,CBSE,Class 8,Social Science,A Text Book of Social Sciences,,10,Active,
993,Chapter 10. Circles,10,CBSE,Class 9,Mathematics,NCERT Mathematics,,10,Active,
994,Chapter 10. Circles,10,CBSE,Class 10,Mathematics,NCERT Mathematics,,10,Active,
995,Chapter 10. Compound Interest,10,CBSE,Class 8,Mathematics,Exploring Mathematics,,10,Active,
996,Chapter 10. Computer Network,10,ICSE,Class 8,Computer Science,My Book of Computer Studies,,10,Active,
997,Chapter 10. Data Handling,10,CBSE,Class 2,Mathematics,Star Maths,,10,Active,
998,Chapter 10. Direct and Inverse Variation,10,ICSE,Class 8,Mathematics,Foundation Mathematics (2023-24),,10,Active,
999,Chapter 10. Doing Words (Verbs),10,CBSE,Class 1,English,Elementary English Grammar and Composition,,10,Active,
1000,Chapter 10. Electric currents and its Effects,10,CBSE,Class 7,Science,Learning Elementary Science (For Acad. Year 2023-24),,10,Active,
1001,Chapter 10. Electricity and Magnetism  1,10,ICSE,Class 9,Physics,A New Approach to I.C.S.E. Physics (2023-24),,10,Active,
1002,Chapter 10. Food and Shelter for Animals,10,CBSE,Class 1,Science,Learning Elementary Science,,10,Active,
1003,Chapter 10. Force and Machines,10,CBSE,Class 5,Science,Science Success,,10,Active,
1004,"Chapter 10. Force, Energy And Simple Machines",10,CBSE,Class 5,Science,Science Success (2023-24),,10,Active,
1005,"Chapter 10. Force, Work And Energy",10,CBSE,Class 4,Science,Science Success (2023-24),,10,Active,
1006,Chapter 10. Fun with Magnets,10,CBSE,Class 6,Science,Learning Elementary Science (For Acad. Year 2023-24),,10,Active,
1007,Chapter 10. Geometry,10,CBSE,Class 2,Mathematics,Mathematics Success,,10,Active,
1008,Chapter 10. Geometry,10,CBSE,Class 3,Mathematics,Star Maths,,10,Active,
1009,Chapter 10. Heron,10,CBSE,Class 9,Mathematics,NCQRT Mathematics,,10,Active,
1010,Chapter 10. Honesty is the Best Policy,10,CBSE,Class 2,General Knowledge,General Knowledge Times (2023-24),,10,Active,
1011,Chapter 10. Internet Telephony,10,CBSE,Class 8,Computer Science,Computer Science Success,,10,Active,
1012,Chapter 10. Introduction to HTML,10,ICSE,Class 6,Computer Science,My Book of Computer Studies,,10,Active,
1013,Chapter 10. Introduction to Scratch,10,CBSE,Class 7,Computer Science,Computer Science Success,,10,Active,
1014,Chapter 10. Kingdom Animalia,10,ICSE,Class 9,Biology,A New Approach to I.C.S.E. Biology (2023-24),,10,Active,
1015,Chapter 10. Land and Rivers of India,10,CBSE,Class 3,Environmental Studies,Blue Planet (2023-24),,10,Active,
1016,Chapter 10. Land and Rivers of India,10,CBSE,Class 3,Environmental Studies,Blue Planet,,10,Active,
1017,Chapter 10. Life in Northern India,10,CBSE,Class 4,Environmental Studies,Blue Planet (2023-24),,10,Active,
1018,Chapter 10. Life in Northern India,10,CBSE,Class 4,Environmental Studies,Blue Planet,,10,Active,
1019,Chapter 10. Light and Shadows,10,ICSE,Class 5,Science,Essential Science,,10,Active,
1020,"Chapter 10. Light, Sound and Force",10,CBSE,Class 3,Science,Learning Elementary Science,,10,Active,
1021,"Chapter 10. Light, Sound and Force",10,CBSE,Class 3,Science,Science Success,,10,Active,
1022,Chapter 10. Lines and Angles,10,CBSE,Class 7,Mathematics,Exploring Mathematics,,10,Active,
1023,Chapter 10. Manners,10,CBSE,Class 1,English,Get Smart A Multi-skill English Course,,10,Active,
1024,Chapter 10. Measurement,10,CBSE,Class 3,Science,Science Success (2023-24),,10,Active,
1025,Chapter 10. Measurement of Capacity,10,ICSE,Class 3,Mathematics,Foundation Mathematics,,10,Active,
1026,Chapter 10. Measurement of Capacity,10,ICSE,Class 3,Mathematics,Foundation Mathematics (2023-24),,10,Active,
1027,Chapter 10. Motion and Measurement of Distance,10,CBSE,Class 6,Science,Learning Elementary Science,,10,Active,
1028,Chapter 10. Neighbourhood Services,10,CBSE,Class 2,Environmental Studies,Blue Planet,,10,Active,
1029,Chapter 10. Percentage,10,ICSE,Class 6,Mathematics,Foundation Mathematics,,10,Active,
1030,Chapter 10. Percentage,10,ICSE,Class 6,Mathematics,Foundation Mathematics,,10,Active,
1031,Chapter 10. Percentage,10,ICSE,Class 6,Mathematics,Foundation Mathematics (2023-24),,10,Active,
1032,Chapter 10. Perimeter and Area,10,CBSE,Class 4,Mathematics,Exploring Mathematics,,10,Active,
1033,Chapter 10. Perimeter and Area,10,CBSE,Class 5,Mathematics,Exploring Mathematics,,10,Active,
1034,Chapter 10. Perimeter and Area,10,ICSE,Class 4,Mathematics,Foundation Mathematics (2023-24),,10,Active,
1035,Chapter 10. Profit and Loss,10,ICSE,Class 7,Mathematics,Foundation Mathematics (2023-24),,10,Active,
1036,Chapter 10. Reaching the Age of Adolescence,10,CBSE,Class 8,Science,Science Success,,10,Active,
1037,Chapter 10. Reaching the Age of Adolescence,10,CBSE,Class 8,Science,Learning Elementary Science,,10,Active,
1038,Chapter 10. Respiration in Organism,10,CBSE,Class 7,Science,Learning Elementary Science,,10,Active,
1039,Chapter 10. Respiration in Organisms,10,CBSE,Class 7,Science,Science Success,,10,Active,
1040,Chapter 10. Rocks and Minerals,10,CBSE,Class 2,Science,Science Success,,10,Active,
1041,Chapter 10. Sound,10,CBSE,Class 8,Science,Learning Elementary Science (For Acad. Year 2023-24),,10,Active,
1042,Chapter 10. States of Matter,10,CBSE,Class 4,Science,Learning Elementary Science,,10,Active,
1043,Chapter 10. States of Matter,10,CBSE,Class 5,Science,Learning Elementary Science,,10,Active,
1044,Chapter 10. Temperature,10,CBSE,Class 5,Mathematics,Mathematics Success,,10,Active,
1045,Chapter 10. The Babies are Hungry,10,CBSE,Class 2,English,Get Smart A Multi-skill English Course,,10,Active,
1046,Chapter 10. The Deccan Plateau,10,CBSE,Class 5,Environmental Studies,Blue Planet,,10,Active,
1047,Chapter 10. The Nervous System and Sense Organs,10,ICSE,Class 10,Biology,A New Approach to ICSE Biology,,10,Active,
1048,Chapter 10. The World of Growing Knowledge,10,CBSE,Class 5,Social Studies,Social Studies Success (2023-24),,10,Active,
1049,Chapter 10. Time,10,CBSE,Class 1,Mathematics,Exploring Mathematics,,10,Active,
1050,Chapter 10. Time,10,CBSE,Class 2,Mathematics,Exploring Mathematics,,10,Active,
1051,Chapter 10. Time,10,CBSE,Class 3,Mathematics,Exploring Mathematics,,10,Active,
1052,Chapter 10. Time,10,CBSE,Class 4,Mathematics,Mathematics Success,,10,Active,
1053,Chapter 10. Understanding Elementary Shapes,10,CBSE,Class 6,Mathematics,Exploring Mathematics,,10,Active,
1054,Chapter 10. Water,10,CBSE,Class 2,Science,Learning Elementary Science,,10,Active,
1055,Chapter 10. Work And Energy,10,CBSE,Class 9,Science,NCQRT Science,,10,Active,
1056,"Chapter 10. Working with Queries, Forms and Reports",10,ICSE,Class 7,Computer Science,My Book of Computer Studies,,10,Active,
1057,Chapter 10. Yoga for Kids,10,CBSE,Class 1,General Knowledge,General Knowledge Times (2023-24),,10,Active,
1058,Chapter 10. आओ करें प्रकृति की रक्षा,10,CBSE,Class 4,Hindi,Nootan Saral Hindi Mala,,1,Active,
1059,Chapter 10. काँटों में राह बनाते हें,10,CBSE,Class 5,Hindi,Nootan Saral Hindi Mala,,10,Active,
1060,Chapter 10. जलाते चलो,10,CBSE,Class 8,Hindi,Nootan Saral Hindi Mala,,10,Active,
1061,Chapter 10. ज़िंदगी कैसे चलेगी,10,CBSE,Class 6,Hindi,Nootan Saral Hindi Mala,,10,Active,
1062,Chapter 10. नीति के दोहे,10,CBSE,Class 7,Hindi,Nootan Saral Hindi Mala,,10,Active,
1063,Chapter 10. संयुक्त व्यंजन,10,CBSE,Class 1,Hindi,Bal Bhasha Bharti,,10,Active,
1064,Chapter 10.जंगल का अखबार,10,CBSE,Class 3,Hindi,Bal Bhasha Bharti,,10,Active,
1065,Chapter 10.दीये का अभिमान,10,CBSE,Class 5,Hindi,Bal Bhasha Bharti,,10,Active,
1066,Chapter 10.मोर,10,CBSE,Class 2,Hindi,Bal Bhasha Bharti,,10,Active,
1067,Chapter 10.हिमालये की सीख,10,CBSE,Class 4,Hindi,Bal Bhasha Bharti,,10,Active,
1068,Chapter 11 Great National Leaders,11,ICSE,Class 3,Social Studies,Essential Social Studies for (2023-24),,11,Active,
1069,Chapter 11 Number  of Nouns,11,CBSE,Class 3,English,Elementary English Grammar and Composition,,11,Active,
1070,Chapter 11 : Geometric Progression,11,ICSE,Class 10,Mathematics,I.C.S.E. Foundation Mathematics (2023-24),,11,Active,
1071,Chapter 11 : Our Mineral Resources,11,CBSE,Class 4,Social Studies,Social Studies Success,,1,Active,
1072,Chapter 11 : People who help us,11,CBSE,Class 3,Social Studies,Social Studies Success,,1,Active,
1073,Chapter 11 : Quadrilaterals,11,ICSE,Class 9,Mathematics,I.C.S.E. Foundation Mathematics (2023-24),,11,Active,
1074,Chapter 11 : Seasons,11,CBSE,Class 2,Social Studies,Social Studies Success,,1,Active,
1075,Chapter 11 : Simple Interest,11,ICSE,Class 7,Mathematics,Foundation Mathematics,,11,Active,
1076,Chapter 11 : Stepping into School,11,CBSE,Class 1,Social Studies,Social Studies Success,,1,Active,
1077,Chapter 11 : The Castles in Europe,7,CBSE,Class 4,General Knowledge,General Knowledge Times (2023-24),,7,Active,
1078,Chapter 11 : The Development of Medical Science,11,CBSE,Class 5,Social Studies,Social Studies Success,,1,Active,
1079,Chapter 11 : The Lost Cities of the World,5,CBSE,Class 8,General Knowledge,General Knowledge Times (2023-24),,5,Active,
1080,Chapter 11 : Time and Work,11,ICSE,Class 8,Mathematics,Foundation Mathematics,,11,Active,
1081,Chapter 11 . Life of Early Man,11,CBSE,Class 3,Environmental Studies,Blue Planet (2023-24),,11,Active,
1082,Chapter 11 A Real Life Hero,11,CBSE,Class 4,Moral Science,The Mirror of Values,,11,Active,
1083,Chapter 11 Adjectives,11,CBSE,Class 3,English Grammar,Step up English Grammar and Composition (For Acad. Year 2023-24),,11,Active,
1084,Chapter 11 Air,11,CBSE,Class 2,Science,Science Success (2023-24),,11,Active,
1085,Chapter 11 Air and Water,11,CBSE,Class 5,Science,Science Success (2023-24),,11,Active,
1086,Chapter 11 Air Around Us,11,CBSE,Class 6,Science,Science Success (2023-24),,11,Active,
1087,Chapter 11 Air Around Us,11,CBSE,Class 5,Science,Learning Elementary Science (For Acad. Year 2023-24),,11,Active,
1088,"Chapter 11 Air, Water and Weather",11,CBSE,Class 4,Science,Learning Elementary Science (For Acad. Year 2023-24),,11,Active,
1089,"Chapter 11 Air, Water and Weather",11,CBSE,Class 4,Science,Learning Elementary Science (For Acad. Year 2023-24),,11,Active,
1090,Chapter 11 Algebra,11,CBSE,Class 6,Mathematics,NCERT Mathematics,,11,Active,
1091,"Chapter 11 Am, Is, Are",11,CBSE,Class 1,English Grammar,Step up English Grammar and Composition (For Acad. Year 2023-24),,11,Active,
1092,Chapter 11 Andrew’s Encounter with the Aliens,11,CBSE,Class 3,English,Get Smart A Multi-skill English Course,,11,Active,
1093,Chapter 11 Areas Related to Circles,11,CBSE,Class 10,Mathematics,NCQRT Mathematics,,11,Active,
1094,Chapter 11 Being Honest,11,CBSE,Class 1,Moral Science,The Mirror of Values,,11,Active,
1095,"Chapter 11 Budhha, The Enlightened One",11,CBSE,Class 4,English,Stepping Stones,,11,Active,
1096,Chapter 11 Chemical Effects of Electric Current,11,CBSE,Class 8,Science,Science Success (2023-24),,11,Active,
1097,Chapter 11 Classification,11,CBSE,Class 5,General Aptitude,Know Your Aptitude,,11,Active,
1098,Chapter 11 Composition and Structure of Atmosphere,11,ICSE,Class 9,Geography,A Textbook of Geography (2023-24),,11,Active,
1099,Chapter 11 Composition And Structure Of The Atmosphere,11,ICSE,Class 9,Geography,A Textbook of Geography (2023-24),,11,Active,
1100,Chapter 11 Congruence of Triangles,11,CBSE,Class 7,Mathematics,Mathematics Success,,11,Active,
1101,Chapter 11 Constructions,11,CBSE,Class 9,Mathematics,A Complete Course in Mathematics,,11,Active,
1102,Chapter 11 Constructions,11,CBSE,Class 10,Mathematics,A Complete Course in Mathematics,,11,Active,
1103,Chapter 11 Countable and Uncountable Nouns,11,CBSE,Class 4,English Grammar,Step up English Grammar and Composition (For Acad. Year 2023-24),,11,Active,
1104,Chapter 11 Data Handling,11,ICSE,Class 1,Mathematics,Foundation Mathematics,,11,Active,
1105,Chapter 11 Days to Celebrate,11,CBSE,Class 2,Environmental Studies,Blue Planet (2023-24),,11,Active,
1106,Chapter 11 Degrees of Comparison,11,CBSE,Class 5,English Grammar,Step up English Grammar and Composition (For Acad. Year 2023-24),,11,Active,
1107,Chapter 11 Describing Words,11,CBSE,Class 2,English Grammar,Step up English Grammar and Composition (For Acad. Year 2023-24),,11,Active,
1108,Chapter 11 Direct and Inverse Proportions,11,CBSE,Class 8,Mathematics,Progress in Mathematics,,11,Active,
1109,Chapter 11 Direct and Inverse Variations,11,CBSE,Class 8,Mathematics,Mathematics Success,,11,Active,
1110,Chapter 11 Dream the Impossible…,11,CBSE,Class 4,English,Get Smart A Multi-skill English Course,,11,Active,
1111,Chapter 11 Electricity,11,CBSE,Class 10,Science,NCQRT Science,,11,Active,
1112,Chapter 11 Endocrine System,11,ICSE,Class 10,Biology,A New Approach to I.C.S.E. Biology (2023-24),,11,Active,
1113,Chapter 11 Festivals,11,CBSE,Class 2,Social Studies,Social Studies  for Juniors,,11,Active,
1114,Chapter 11 Figure Matrix,11,CBSE,Class 3,General Aptitude,Know Your Aptitude,,11,Active,
1115,Chapter 11 Figure Matrix,11,CBSE,Class 4,General Aptitude,Know Your Aptitude,,11,Active,
1116,"Chapter 11 Food Habits, Food Chain and Food Web",11,CBSE,Class 5,Environmental Studies,Illustrative Environmental Studies,,11,Active,
1117,Chapter 11 Food Production and Preservation,11,CBSE,Class 4,Social Studies,Illustrative Environmental Studies,,11,Active,
1118,Chapter 11 Force And Pressure,11,CBSE,Class 8,Science,NCERT Science,,11,Active,
1119,Chapter 11 Fun and Play,11,CBSE,Class 1,Social Studies,Social Studies  for Juniors,,11,Active,
1120,Chapter 11 Happy to help,11,CBSE,Class 2,English,Stepping Stones,,11,Active,
1121,Chapter 11 Health and Cleanliness,11,ICSE,Class 3,Science,Essential Science,,11,Active,
1122,Chapter 11 Health and Cleanliness,11,ICSE,Class 3,Science,Essential Science (2023-24),,11,Active,
1123,Chapter 11 Healthcare,11,CBSE,Class 5,Social Studies,Social Studies  for Juniors,,11,Active,
1124,Chapter 11 Important Cities,11,ICSE,Class 4,Social Studies,Essential Social Studies for (2023-24),,11,Active,
1125,Chapter 11 Internet Telephony,11,CBSE,Class 7,Computer Science,Enter  A Complete Course in Computer Science,,11,Active,
1126,Chapter 11 Introduction to C++,11,CBSE,Class 8,Computer Science,Enter  A Complete Course in Computer Science,,11,Active,
1127,Chapter 11 Keeping Safe,11,CBSE,Class 1,Science,Illustrative Science,,11,Active,
1128,Chapter 11 Keeping Safe,11,CBSE,Class 1,Science,Science Success (2023-24),,11,Active,
1129,Chapter 11 Light,11,CBSE,Class 7,Science,Science Success (2023-24),,11,Active,
1130,"Chapter 11 Light, Shadows And Reflections",11,CBSE,Class 6,Science,NCERT Science,,11,Active,
1131,"Chapter 11 Light, Sound and Force",11,CBSE,Class 3,Science,Learning Elementary Science (For Acad. Year 2023-24),,11,Active,
1132,Chapter 11 Measurement,11,CBSE,Class 1,Mathematics,Mathematics Success (2023-24),,11,Active,
1133,Chapter 11 Mensuration,11,CBSE,Class 6,Mathematics,Mathematics Success (2023-24),,11,Active,
1134,Chapter 11 Mensuration,11,CBSE,Class 8,Mathematics,NCERT Mathematics,,11,Active,
1135,Chapter 11 Money,11,CBSE,Class 4,Mathematics,Mathematics Success (2023-24),,11,Active,
1136,Chapter 11 Money,11,CBSE,Class 1,Mathematics,Progress in Mathematics,,11,Active,
1137,Chapter 11 Money,11,CBSE,Class 2,Mathematics,Progress in Mathematics,,11,Active,
1138,Chapter 11 Money,11,CBSE,Class 3,Mathematics,Progress in Mathematics,,11,Active,
1139,Chapter 11 Moon Landing,11,CBSE,Class 5,English,Stepping Stones,,11,Active,
1140,"Chapter 11 Mowgli, The Man's Cub (2)",11,CBSE,Class 6,English,Stepping Stones,,11,Active,
1141,Chapter 11 Neighbours and Neighbourhood,11,CBSE,Class 1,Environmental Studies,Blue Planet (2023-24),,11,Active,
1142,Chapter 11 Never Find Fault With Others,11,CBSE,Class 2,Moral Science,The Mirror of Values,,11,Active,
1143,Chapter 11 Nuclear Physics,11,ICSE,Class 10,Physics,A New Approach to I.C.S.E. Physics (2023-24),,11,Active,
1144,Chapter 11 Number,11,CBSE,Class 5,English,Elementary English Grammar and Composition,,11,Active,
1145,Chapter 11 Occupations,11,CBSE,Class 3,Social Studies,Illustrative Social Studies,,1,Inactive,
1146,Chapter 11 Organic Chemistry,11,ICSE,Class 10,Chemistry,A New Approach to I.C.S.E. Chemistry,,11,Active,
1147,Chapter 11 Organic Chemistry,11,ICSE,Class 10,Chemistry,A New Approach to I.C.S.E. Chemistry (2023-24),,11,Active,
1148,Chapter 11 Our Mineral Resources,11,CBSE,Class 4,Social Studies,Essential Social Studies for (2023-24),,11,Active,
1149,Chapter 11 Our Mineral Resources,11,CBSE,Class 4,Social Studies,Social Studies Success (2023-24),,11,Active,
1150,Chapter 11 Our Water Resources,11,CBSE,Class 4,Social Studies,Illustrative Social Studies,,11,Active,
1151,Chapter 11 Pages from a Diary,11,CBSE,Class 8,English,Stepping Stones,,11,Active,
1152,Chapter 11 People Who Help US,11,CBSE,Class 3,Social Studies,Social Studies  for Juniors,,11,Active,
1153,Chapter 11 People Who Help Us,11,CBSE,Class 3,Social Studies,Social Studies Success (2023-24),,11,Active,
1154,Chapter 11 Perimeter and Area,11,CBSE,Class 7,Mathematics,NCERT Mathematics,,11,Active,
1155,Chapter 11 Push and Pull,11,ICSE,Class 4,Science,Essential Science (2023-24),,11,Active,
1156,Chapter 11 Push and Pull,11,ICSE,Class 4,Science,Essential Science,,11,Active,
1157,Chapter 11 Quadrilaterals,11,CBSE,Class 8,Mathematics,Mathematics Success (2023-24),,11,Active,
1158,Chapter 11 Seasons,11,CBSE,Class 2,Social Studies,Social Studies Success (2023-24),,11,Active,
1159,Chapter 11 Sensitivity and Care,11,CBSE,Class 3,Social Studies,Illustrative Environmental Studies,,11,Active,
1160,Chapter 11 Sensitivity and Care,11,CBSE,Class 3,Environmental Studies,Illustrative Environmental Studies,,11,Active,
1161,Chapter 11 Simple and Machines,11,ICSE,Class 5,Science,Essential Science (2023-24),,11,Active,
1162,Chapter 11 Simple and Machines,11,ICSE,Class 5,Science,Essential Science,,11,Active,
1163,Chapter 11 Stepping into School,11,CBSE,Class 1,Social Studies,Social Studies Success (2023-24),,11,Active,
1164,Chapter 11 Symmetry,11,CBSE,Class 7,Mathematics,Mathematics Success (2023-24),,11,Active,
1165,Chapter 11 Symmetry,11,CBSE,Class 6,Mathematics,Mathematics Success,,11,Active,
1166,Chapter 11 The Climate of India,11,ICSE,Class 5,Social Studies,Essential Social Studies for (2023-24),,11,Active,
1167,Chapter 11 The Coastal Plains of India,11,CBSE,Class 5,Environmental Studies,Blue Planet (2023-24),,11,Active,
1168,Chapter 11 The Deccan Plateau,11,CBSE,Class 5,Social Studies,Illustrative Social Studies,,11,Active,
1169,Chapter 11 The Flight of Icarus,11,CBSE,Class 7,English,Stepping Stones,,11,Active,
1170,Chapter 11 The Greedy King,11,CBSE,Class 3,Moral Science,The Mirror of Values,,11,Active,
1171,Chapter 11 The Human Eye and the Colourful World,11,CBSE,Class 10,Science,NCERT Science,,11,Active,
1172,Chapter 11 The Husband of the Rat’s Daughter,11,CBSE,Class 5,English,Get Smart A Multi-skill English Course,,11,Active,
1173,Chapter 11 The Internet as Post Office,11,CBSE,Class 6,Computer Science,Enter  A Complete Course in Computer Science,,11,Active,
1174,Chapter 11 The Power of Speech,11,CBSE,Class 5,Moral Science,The Mirror of Values,,11,Active,
1175,Chapter 11 The Triangle and its Properties,11,CBSE,Class 7,Mathematics,Progress in Mathematics,,11,Active,
1176,Chapter 11 Time,11,ICSE,Class 2,Mathematics,Foundation Mathematics,,11,Active,
1177,Chapter 11 Time,11,CBSE,Class 2,Mathematics,Mathematics Success (2023-24),,11,Active,
1178,Chapter 11 Time,11,CBSE,Class 3,Mathematics,Mathematics Success (2023-24),,11,Active,
1179,Chapter 11 Time,11,CBSE,Class 5,Mathematics,Mathematics Success (2023-24),,11,Active,
1180,Chapter 11 Time,11,CBSE,Class 4,Mathematics,Progress in Mathematics,,11,Active,
1181,Chapter 11 Transportation in Animals and Plants,11,CBSE,Class 7,Science,NCERT Science,,11,Active,
1182,"Chapter 11 Twinkle, Twinkle, Little Star",11,CBSE,Class 1,English,Stepping Stones,,11,Active,
1183,Chapter 11 Venn Diagrams,11,CBSE,Class 7,General Aptitude,Know Your Aptitude,,11,Active,
1184,Chapter 11 Venn Diagrams,11,CBSE,Class 8,General Aptitude,Know Your Aptitude,,11,Active,
1185,Chapter 11 Volume and Nets,11,CBSE,Class 5,Mathematics,Progress in Mathematics,,11,Active,
1186,Chapter 11 Water Resources,11,CBSE,Class 4,Social Studies,Social Studies  for Juniors,,11,Active,
1187,Chapter 11 Why Must We Wear Seat Belts,11,CBSE,Class 3,English,Stepping Stones,,11,Active,
1188,Chapter 11 Word Usage,11,CBSE,Class 6,General Aptitude,Know Your Aptitude,,11,Active,
1189,Chapter 11 Work And Energy,11,CBSE,Class 9,Science,NCERT Science,,11,Active,
1190,Chapter 11 अपने बारे में,11,CBSE,Class 1,Hindi,Naveen Hindi Vyavaharik Vyakaran Tatha Rachna,,11,Active,
1191,Chapter 11 आया वसंत,11,CBSE,Class 3,Hindi,Nikunj Hindi Pathmala (2023-24),,11,Active,
1192,Chapter 11 आसमानी कैलेंडर,11,CBSE,Class 5,Hindi,Nikunj Hindi Pathmala (2023-24),,11,Active,
1193,Chapter 11 गाँव की झलक,11,CBSE,Class 3,Hindi,Nootan Saral Hindi Mala,,1,Active,
1194,Chapter 11 गाँव की झलक,11,CBSE,Class 3,Hindi,Nikunj Hindi Pathmala,,1,Active,
1195,Chapter 11 चिड़िया रानी,11,CBSE,Class 2,Hindi,Nikunj Hindi Pathmala,,1,Active,
1196,Chapter 11 छिपा रहस्य,11,CBSE,Class 7,Hindi,Nikunj Hindi Pathmala,,1,Active,
1197,Chapter 11 देश की शान,11,CBSE,Class 2,Hindi,Nootan Saral Hindi Mala,,1,Active,
1198,Chapter 11 धर्मशाला की सैर,11,CBSE,Class 4,Hindi,Nikunj Hindi Pathmala,,1,Active,
1199,Chapter 11 नमक का दरोगा,11,CBSE,Class 8,Hindi,Nikunj Hindi Pathmala,,1,Active,
1200,Chapter 11 ब्रीफकेश,11,CBSE,Class 4,Hindi,Nootan Saral Hindi Mala,,1,Active,
1201,Chapter 11 ब्रीफकेश,11,CBSE,Class 4,Hindi,Nikunj Hindi Pathmala,,1,Active,
1202,Chapter 11 भारत का नवोदित टेनिस सितारा : युकी भांबरी,11,CBSE,Class 6,Hindi,Nikunj Hindi Pathmala,,1,Active,
1203,Chapter 11 मुहावरे,11,CBSE,Class 3,Hindi,Naveen Hindi Vyavaharik Vyakaran Tatha Rachna,,11,Active,
1204,Chapter 11 र के रूप,11,CBSE,Class 1,Hindi,Nootan Saral Hindi Mala,,1,Active,
1205,Chapter 11 लिंग के अनुसार सही क्रिया को पहचानना,11,CBSE,Class 2,Hindi,Naveen Hindi Vyavaharik Vyakaran Tatha Rachna,,11,Active,
1206,Chapter 11 वाक्य,11,CBSE,Class 4,Hindi,Naveen Hindi Vyavaharik Vyakaran Tatha Rachna,,11,Active,
1207,Chapter 11 वाक्य,11,CBSE,Class 5,Hindi,Naveen Hindi Vyavaharik Vyakaran Tatha Rachna,,11,Active,
1208,Chapter 11 वो ऊँट हँसा,11,CBSE,Class 2,Hindi,Nikunj Hindi Pathmala (2023-24),,11,Active,
1209,Chapter 11 शिप्रा सरिता,11,CBSE,Class 4,Hindi,Nikunj Hindi Pathmala (2023-24),,11,Active,
1210,Chapter 11 संज्ञा विकार : कारक,11,CBSE,Class 6,Hindi,Naveen Hindi Vyavaharik Vyakaran Tatha Rachna,,11,Active,
1211,Chapter 11 संज्ञा विकार : कारक,11,CBSE,Class 7,Hindi,Naveen Hindi Vyavaharik Vyakaran Tatha Rachna,,11,Active,
1212,Chapter 11 संज्ञा विकार : वचन,11,CBSE,Class 8,Hindi,Naveen Hindi Vyavaharik Vyakaran Tatha Rachna,,11,Active,
1213,Chapter 11 संयुक्त/द्वित्व व्यंजन,11,CBSE,Class 1,Hindi,Nikunj Hindi Pathmala,,1,Active,
1214,Chapter 11 संयुक्त/द्वित्व व्यंजन,11,CBSE,Class 1,Hindi,Nikunj Hindi Pathmala (2023-24),,11,Active,
1215,Chapter 11 सिंचाई करे कौन,11,CBSE,Class 3,Hindi,Nikunj Hindi Pathmala,,1,Active,
1216,Chapter 11 स्टीप़फ़न हॉकिंग,11,CBSE,Class 5,Hindi,Nikunj Hindi Pathmala,,1,Active,
1217,Chapter 11 આલાલીલા વાંસડીયા,11,CBSE,Class 6,Gujarati,Meghdhanush,,11,Active,
1218,Chapter 11 જળ: જીવનનો અણમોલ સ્ત્રોત,11,CBSE,Class 7,Gujarati,Meghdhanush,,11,Active,
1219,Chapter 11 ભૂલી ગયો છે કેમ માણસ!,11,CBSE,Class 5,Gujarati,Meghdhanush,,11,Active,
1220,Chapter 11 મલાલા યુસુફ ઝાઈ,11,CBSE,Class 8,Gujarati,Meghdhanush,,11,Active,
1221,Chapter 11 હિમાલયની શિખામણ ?,11,CBSE,Class 4,Gujarati,Meghdhanush,,11,Active,
1222,Chapter 11 Air,11,CBSE,Class 2,Science,Illustrative Science,,11,Active,
1223,"Chapter 11 Air, Water and Weather",11,CBSE,Class 4,Science,Illustrative Science,,11,Active,
1224,Chapter 11 Days to Celebrate,11,CBSE,Class 2,Environmental Studies,Illustrative Environmental Studies,,11,Active,
1225,Chapter 11 Food Production and Preservation,11,CBSE,Class 4,Environmental Studies,Illustrative Environmental Studies,,11,Active,
1226,"Chapter 11 Light, Sound and Force",11,CBSE,Class 3,Science,Illustrative Science,,11,Active,
1227,Chapter 11 Measurement,11,CBSE,Class 1,Mathematics,Illustrative Mathematics,,11,Active,
1228,Chapter 11 Money,11,CBSE,Class 4,Mathematics,Illustrative Mathematics,,11,Active,
1229,Chapter 11 Natural Disasters,11,CBSE,Class 5,Science,Illustrative Science,,11,Active,
1230,Chapter 11 Neighbours and Neighbourhood,11,CBSE,Class 1,Environmental Studies,Illustrative Environmental Studies,,11,Active,
1231,Chapter 11 Stepping into School,11,CBSE,Class 1,Social Studies,Illustrative Social Studies,,11,Active,
1232,Chapter 11 Time,11,CBSE,Class 2,Mathematics,Illustrative Mathematics,,11,Active,
1233,Chapter 11 Time,11,CBSE,Class 3,Mathematics,Illustrative Mathematics,,11,Active,
1234,Chapter 11 Time,11,CBSE,Class 5,Mathematics,Illustrative Mathematics,,11,Active,
1235,Chapter 11: Data Handling,11,ICSE,Class 1,Mathematics,Foundation Mathematics (2023-24),,11,Active,
1236,Chapter 11: Time,11,ICSE,Class 2,Mathematics,Foundation Mathematics (2023-24),,11,Active,
1237,Chapter 11.  Perimeter and Area,11,ICSE,Class 5,Mathematics,Foundation Mathematics,,11,Active,
1238,"Chapter 11.  Measurement of Length, Mass and Capacity",11,ICSE,Class 4,Mathematics,Foundation Mathematics,,11,Active,
1239,"Chapter 11. Computer Crime, Ethics and Security",11,CBSE,Class 6,Computer Science,Computer Science Success,,11,Active,
1240,Chapter 11. Conquerors from Distant Lands and Spread of Buddhism in Central Asia (Kings and Pilgrims),11,CBSE,Class 6,Social Science,A Text Book of Social Sciences,,11,Active,
1241,Chapter 11. Interjections,11,CBSE,Class 2,English,Elementary English Grammar and Composition,,11,Active,
1242,Chapter 11. Number,11,CBSE,Class 4,English,Elementary English Grammar and Composition,,11,Active,
1243,Chapter 11. Perimeter and Area,11,ICSE,Class 5,Mathematics,Foundation Mathematics (2023-24),,11,Active,
1244,Chapter 11. Programming in Scratch,11,CBSE,Class 5,Computer Science,Computer Science Success,,11,Active,
1245,Chapter 11. Time,11,CBSE,Class 3,Mathematics,Mathematics Success,,11,Active,
1246,Chapter 11. Adjectives: Degrees of Comparison,11,CBSE,Class 6,English Grammar,Step up English Grammar and Composition (For Acad. Year 2023-24),,11,Active,
1247,Chapter 11. Agriculture in India  II : Food Crops,11,ICSE,Class 10,Geography,A Textbook of Geography (2023-24),,11,Active,
1248,Chapter 11. Air,11,CBSE,Class 1,Science,Learning Elementary Science,,11,Active,
1249,Chapter 11. Air,11,CBSE,Class 2,Science,Science Success,,11,Active,
1250,Chapter 11. Air and Water,11,CBSE,Class 5,Science,Science Success,,11,Active,
1251,Chapter 11. Air around Us,11,CBSE,Class 6,Science,Learning Elementary Science (For Acad. Year 2023-24),,11,Active,
1252,"Chapter 11. Air, Water And Weather",11,CBSE,Class 4,Science,Science Success (2023-24),,11,Active,
1253,Chapter 11. Be a Smart Child,11,CBSE,Class 1,General Knowledge,General Knowledge Times (2023-24),,11,Active,
1254,Chapter 11. Be a Smart Child,11,CBSE,Class 2,General Knowledge,General Knowledge Times (2023-24),,11,Active,
1255,"Chapter 11. Changing World of Arts : Painting, Architecture and Literature",11,CBSE,Class 8,Social Science,A Text Book of Social Sciences,,11,Active,
1256,Chapter 11. Chemical Effects of Electric Current,11,CBSE,Class 8,Science,Learning Elementary Science (For Acad. Year 2023-24),,11,Active,
1257,Chapter 11. Cloud Computing,11,ICSE,Class 8,Computer Science,My Book of Computer Studies,,11,Active,
1258,Chapter 11. Cloud Computing,11,CBSE,Class 8,Computer Science,Computer Science Success,,11,Active,
1259,Chapter 11. Coal and Petroleum,11,CBSE,Class 8,Science,Science Success,,11,Active,
1260,Chapter 11. Constructions,11,CBSE,Class 9,Mathematics,NCERT Mathematics,,11,Active,
1261,Chapter 11. Constructions,11,CBSE,Class 10,Mathematics,NCERT Mathematics,,11,Active,
1262,Chapter 11. Days to Celebrate,11,CBSE,Class 2,Environmental Studies,Blue Planet,,11,Active,
1263,Chapter 11. Direct and Inverse Proportions,11,CBSE,Class 8,Mathematics,Exploring Mathematics,,11,Active,
1264,Chapter 11. Economic Importance of Bacteria and Fungi,11,ICSE,Class 9,Biology,A New Approach to I.C.S.E. Biology (2023-24),,11,Active,
1265,Chapter 11. Electricity and Magnetism  2,11,ICSE,Class 9,Physics,A New Approach to I.C.S.E. Physics (2023-24),,11,Active,
1266,Chapter 11. Endocrine System,11,ICSE,Class 10,Biology,A New Approach to ICSE Biology,,11,Active,
1267,Chapter 11. Force and Pressure,11,CBSE,Class 8,Science,Learning Elementary Science,,11,Active,
1268,"Chapter 11. Force, Work and Energy",11,CBSE,Class 4,Science,Learning Elementary Science,,11,Active,
1269,Chapter 11. Geometry,11,CBSE,Class 5,Mathematics,Star Maths,,11,Active,
1270,Chapter 11. John Hates Sports,11,CBSE,Class 1,English,Get Smart A Multi-skill English Course,,11,Active,
1271,Chapter 11. Keeping Safe,11,CBSE,Class 1,Science,Science Success,,11,Active,
1272,Chapter 11. Life in Southern India,11,CBSE,Class 4,Environmental Studies,Blue Planet (2023-24),,11,Active,
1273,Chapter 11. Life in Southern India,11,CBSE,Class 4,Environmental Studies,Blue Planet,,11,Active,
1274,Chapter 11. Life of Early Man,11,CBSE,Class 3,Environmental Studies,Blue Planet,,11,Active,
1275,Chapter 11. Light,11,CBSE,Class 7,Science,Learning Elementary Science (For Acad. Year 2023-24),,11,Active,
1276,Chapter 11. Light and Shadows,11,CBSE,Class 2,Science,Learning Elementary Science,,11,Active,
1277,"Chapter 11. Light, Shadows and Reflection",11,CBSE,Class 6,Science,Learning Elementary Science,,11,Active,
1278,"Chapter 11. Light, Shadows and Reflections",11,CBSE,Class 6,Science,Science Success,,11,Active,
1279,"Chapter 11. Light, Sound And Force",11,CBSE,Class 3,Science,Science Success (2023-24),,11,Active,
1280,Chapter 11. Measurement,11,CBSE,Class 3,Science,Science Success,,11,Active,
1281,Chapter 11. Measurement,11,CBSE,Class 1,Mathematics,Mathematics Success,,11,Active,
1282,Chapter 11. Measurement,11,CBSE,Class 3,Mathematics,Star Maths,,11,Active,
1283,"Chapter 11. Measurement of Length, Mass and Capacity",11,ICSE,Class 4,Mathematics,Foundation Mathematics (2023-24),,11,Active,
1284,Chapter 11. Measurement of Time,11,ICSE,Class 3,Mathematics,Foundation Mathematics,,11,Active,
1285,Chapter 11. Measurement of Time,11,ICSE,Class 3,Mathematics,Foundation Mathematics (2023-24),,11,Active,
1286,Chapter 11. Money,11,CBSE,Class 1,Mathematics,Exploring Mathematics,,11,Active,
1287,Chapter 11. Money,11,CBSE,Class 2,Mathematics,Exploring Mathematics,,11,Active,
1288,Chapter 11. Money,11,CBSE,Class 3,Mathematics,Exploring Mathematics,,11,Active,
1289,Chapter 11. Money,11,CBSE,Class 4,Mathematics,Mathematics Success,,11,Active,
1290,Chapter 11. More on HTML,11,ICSE,Class 6,Computer Science,My Book of Computer Studies,,11,Active,
1291,Chapter 11. More on HTML,11,ICSE,Class 7,Computer Science,My Book of Computer Studies,,11,Active,
1292,Chapter 11. More on Internet,11,CBSE,Class 7,Computer Science,Computer Science Success,,11,Active,
1293,Chapter 11. Neighbours and Neighbourhood,11,CBSE,Class 1,Environmental Studies,Blue Planet,,11,Active,
1294,Chapter 11. New Political Formations in the Eighteenth Century,11,CBSE,Class 7,Social Science,A Text Book of Social Sciences,,11,Active,
1295,Chapter 11. Picture Reading (Verbs),11,CBSE,Class 1,English,Elementary English Grammar and Composition,,11,Active,
1296,Chapter 11. Prepositions,10,CBSE,Class 8,English Grammar,Step up English Grammar and Composition (For Acad. Year 2023-24),,10,Active,
1297,Chapter 11. Simple Interest,11,ICSE,Class 7,Mathematics,Foundation Mathematics (2023-24),,11,Active,
1298,Chapter 11. Simple Machines,11,CBSE,Class 5,Science,Learning Elementary Science,,11,Active,
1299,Chapter 11. Sound,11,CBSE,Class 9,Science,NCQRT Science,,11,Active,
1300,"Chapter 11. Speed, Time and Distance",11,ICSE,Class 6,Mathematics,Foundation Mathematics,,11,Active,
1301,"Chapter 11. Speed, Time and Distance",11,ICSE,Class 6,Mathematics,Foundation Mathematics,,11,Active,
1302,"Chapter 11. Speed, Time and Distance",11,ICSE,Class 6,Mathematics,Foundation Mathematics (2023-24),,11,Active,
1303,Chapter 11. Surface Areas And Volumes,11,CBSE,Class 9,Mathematics,NCQRT Mathematics,,11,Active,
1304,Chapter 11. Symmetry,11,CBSE,Class 6,Mathematics,Exploring Mathematics,,11,Active,
1305,Chapter 11. The Best Eid Ever!,11,CBSE,Class 2,English,Get Smart A Multi-skill English Course,,11,Active,
1306,Chapter 11. The Coastal Plains of India,11,CBSE,Class 5,Environmental Studies,Blue Planet,,11,Active,
1307,Chapter 11. The Development of Medical Science,11,CBSE,Class 5,Social Studies,Social Studies Success (2023-24),,11,Active,
1308,Chapter 11. The Triangle and its Properties,11,CBSE,Class 7,Mathematics,Exploring Mathematics,,11,Active,
1309,Chapter 11. Time,11,CBSE,Class 2,Mathematics,Mathematics Success,,11,Active,
1310,Chapter 11. Time,11,CBSE,Class 4,Mathematics,Exploring Mathematics,,11,Active,
1311,Chapter 11. Time,11,CBSE,Class 5,Mathematics,Mathematics Success,,11,Active,
1312,Chapter 11. Time and Calendar,11,CBSE,Class 4,Mathematics,Star Maths,,11,Active,
1313,Chapter 11. Time and Work,11,ICSE,Class 8,Mathematics,Foundation Mathematics (2023-24),,11,Active,
1314,Chapter 11. Transportation in Animals and Plants,11,CBSE,Class 7,Science,Science Success,,11,Active,
1315,Chapter 11. Transportation in Plants ans Animals,11,CBSE,Class 7,Science,Learning Elementary Science,,11,Active,
1316,Chapter 11. Volume and Nets,11,CBSE,Class 5,Mathematics,Exploring Mathematics,,11,Active,
1317,Chapter 11. Water,11,CBSE,Class 1,Science,Learning Elementary Science (For Acad. Year 2023-24),,11,Active,
1318,Chapter 11. Water,11,CBSE,Class 2,Science,Learning Elementary Science (For Acad. Year 2023-24),,11,Active,
1319,Chapter 11. Water and Weather,11,CBSE,Class 3,Science,Learning Elementary Science,,11,Active,
1320,Chapter 11. कामचोर,11,CBSE,Class 7,Hindi,Nootan Saral Hindi Mala,,11,Active,
1321,Chapter 11. गुरुदेव रवींद्रनाथ ठाकुर,11,CBSE,Class 8,Hindi,Nootan Saral Hindi Mala,,11,Active,
1322,Chapter 11. गुलीवर की विचित्र यात्रा,11,CBSE,Class 5,Hindi,Nootan Saral Hindi Mala,,11,Active,
1323,Chapter 11. योग: सफलता का मूलमंत्र,11,CBSE,Class 6,Hindi,Nootan Saral Hindi Mala,,11,Active,
1324,Chapter 11. रेफ और पदेन चिह्न,11,CBSE,Class 1,Hindi,Bal Bhasha Bharti,,11,Active,
1325,Chapter 11.आँखें खोल दी,11,CBSE,Class 4,Hindi,Bal Bhasha Bharti,,11,Active,
1326,Chapter 11.ओलम्पिक खेल,11,CBSE,Class 5,Hindi,Bal Bhasha Bharti,,11,Active,
1327,Chapter 11.खरगोश और जिराफ,11,CBSE,Class 2,Hindi,Bal Bhasha Bharti,,11,Active,
1328,Chapter 11.गुफा की आवाज,11,CBSE,Class 3,Hindi,Bal Bhasha Bharti,,11,Active,
1329,Chapter 12 Data Handling,12,ICSE,Class 2,Mathematics,Foundation Mathematics,,12,Active,
1330,Chapter 12 Gender of Nouns,12,CBSE,Class 3,English,Elementary English Grammar and Composition,,12,Active,
1331,Chapter 12 National Symbols,12,ICSE,Class 3,Social Studies,Essential Social Studies for (2023-24),,12,Active,
1332,Chapter 12 : Areas Of Triangles And Parallelograms,12,ICSE,Class 9,Mathematics,I.C.S.E. Foundation Mathematics (2023-24),,12,Active,
1333,Chapter 12 : Enjoy Eco friendly Destinations,3,CBSE,Class 3,General Knowledge,General Knowledge Times (2023-24),,3,Active,
1334,Chapter 12 : Famed Cathedrals,5,CBSE,Class 5,General Knowledge,General Knowledge Times (2023-24),,5,Active,
1335,Chapter 12 : Human Resources,12,CBSE,Class 4,Social Studies,Social Studies Success,,1,Active,
1336,Chapter 12 : Local Administration,12,CBSE,Class 3,Social Studies,Social Studies Success,,1,Active,
1337,Chapter 12 : Means of Transport,12,CBSE,Class 2,Social Studies,Social Studies Success,,1,Active,
1338,Chapter 12 : Our Helpers,12,CBSE,Class 1,Social Studies,Social Studies Success,,1,Active,
1339,Chapter 12 : Reflection,12,ICSE,Class 10,Mathematics,I.C.S.E. Foundation Mathematics (2023-24),,12,Active,
1340,"Chapter 12 : Speed, Distance and Time",12,ICSE,Class 7,Mathematics,Foundation Mathematics,,12,Active,
1341,Chapter 12 : The Japanese Way,5,CBSE,Class 7,General Knowledge,General Knowledge Times (2023-24),,5,Active,
1342,Chapter 12 : The Machine Age,12,CBSE,Class 5,Social Studies,Social Studies Success,,1,Active,
1343,Chapter 12 ‘र’ के रूप,12,CBSE,Class 1,Hindi,Nikunj Hindi Pathmala,,1,Active,
1344,Chapter 12 ‘र’ के रूप,12,CBSE,Class 1,Hindi,Nikunj Hindi Pathmala (2023-24),,12,Active,
1345,Chapter 12 Agriculture in India,12,CBSE,Class 4,Social Studies,Essential Social Studies for (2023-24),,12,Active,
1346,Chapter 12 Agriculture in India,12,CBSE,Class 4,Social Studies,Social Studies Success (2023-24),,12,Active,
1347,Chapter 12 Air,12,CBSE,Class 1,Science,Illustrative Science,,12,Active,
1348,Chapter 12 Air,12,CBSE,Class 1,Science,Science Success (2023-24),,12,Active,
1349,"Chapter 12 Air, Water and Weather",12,CBSE,Class 3,Science,Learning Elementary Science (For Acad. Year 2023-24),,12,Active,
1350,Chapter 12 Algebraic Expressions,12,CBSE,Class 7,Mathematics,NCERT Mathematics,,12,Active,
1351,"Chapter 12 Am, Is, Are + ing",12,CBSE,Class 1,English Grammar,Step up English Grammar and Composition (For Acad. Year 2023-24),,12,Active,
1352,Chapter 12 Analogy,12,CBSE,Class 6,General Aptitude,Know Your Aptitude,,12,Active,
1353,Chapter 12 Area of Quadrilaterals and Polygons,12,CBSE,Class 8,Mathematics,Mathematics Success (2023-24),,12,Active,
1354,Chapter 12 Areas Related to Circles,12,CBSE,Class 10,Mathematics,A Complete Course in Mathematics,,12,Active,
1355,"Chapter 12 Art, Architecture and Culture",12,CBSE,Class 4,Social Studies,Illustrative Social Studies,,12,Active,
1356,Chapter 12 Avoid Bad Company,12,CBSE,Class 3,Moral Science,The Mirror of Values,,12,Active,
1357,Chapter 12 Birbal’s Wisdom,12,CBSE,Class 4,Moral Science,The Mirror of Values,,12,Active,
1358,Chapter 12 Charge of the Light Brigade,12,CBSE,Class 6,English,Stepping Stones,,12,Active,
1359,Chapter 12 Cleanliness and Hygiene,12,ICSE,Class 5,Science,Essential Science (2023-24),,12,Active,
1360,Chapter 12 Cleanliness and Hygiene,12,ICSE,Class 5,Science,Essential Science,,12,Active,
1361,Chapter 12 Comparison of Adjectives,12,CBSE,Class 3,English Grammar,Step up English Grammar and Composition (For Acad. Year 2023-24),,12,Active,
1362,Chapter 12 Comparisons,12,CBSE,Class 2,English Grammar,Step up English Grammar and Composition (For Acad. Year 2023-24),,12,Active,
1363,Chapter 12 Data Handing,12,CBSE,Class 1,Mathematics,Progress in Mathematics,,12,Active,
1364,Chapter 12 Data Handing,12,CBSE,Class 3,Mathematics,Progress in Mathematics,,12,Active,
1365,Chapter 12 Data Handling,12,CBSE,Class 6,Mathematics,Mathematics Success (2023-24),,12,Active,
1366,Chapter 12 Data Handling,12,CBSE,Class 2,Mathematics,Progress in Mathematics,,12,Active,
1367,Chapter 12 Delhi Capital City,12,CBSE,Class 3,Social Studies,Social Studies Success (2023-24),,12,Active,
1368,Chapter 12 Electricity,12,CBSE,Class 10,Science,NCERT Science,,12,Active,
1369,Chapter 12 Electricity And Circuits,12,CBSE,Class 6,Science,NCERT Science,,12,Active,
1370,Chapter 12 Embedded Figures,12,CBSE,Class 3,General Aptitude,Know Your Aptitude,,12,Active,
1371,Chapter 12 Embedded Figures,12,CBSE,Class 4,General Aptitude,Know Your Aptitude,,12,Active,
1372,Chapter 12 Embedded Figures,12,CBSE,Class 5,General Aptitude,Know Your Aptitude,,12,Active,
1373,Chapter 12 Exponents and Powers,12,CBSE,Class 8,Mathematics,NCERT Mathematics,,12,Active,
1374,Chapter 12 Food,12,CBSE,Class 3,Social Studies,Illustrative Environmental Studies,,12,Active,
1375,Chapter 12 Food,12,CBSE,Class 3,Environmental Studies,Illustrative Environmental Studies,,12,Active,
1376,Chapter 12 Food Production,12,CBSE,Class 5,Environmental Studies,Illustrative Environmental Studies,,12,Active,
1377,Chapter 12 Forests : Our Lifeline,12,CBSE,Class 7,Science,Science Success (2023-24),,12,Active,
1378,Chapter 12 Friction,12,CBSE,Class 8,Science,NCERT Science,,12,Active,
1379,Chapter 12 Friction as a Force,12,ICSE,Class 4,Science,Essential Science (2023-24),,12,Active,
1380,Chapter 12 Friction as a Force,12,ICSE,Class 4,Science,Essential Science,,12,Active,
1381,Chapter 12 Gender,12,CBSE,Class 5,English,Elementary English Grammar and Composition,,12,Active,
1382,Chapter 12 Grandma’s First E mail,12,CBSE,Class 4,English,Get Smart A Multi-skill English Course,,12,Active,
1383,Chapter 12 Heron's Formula,12,CBSE,Class 9,Mathematics,A Complete Course in Mathematics,,12,Active,
1384,Chapter 12 I Love My India,12,CBSE,Class 1,Moral Science,The Mirror of Values,,12,Active,
1385,Chapter 12 I Love My India,12,CBSE,Class 2,Moral Science,The Mirror of Values,,12,Active,
1386,Chapter 12 Insolation,12,ICSE,Class 9,Geography,A Textbook of Geography (2023-24),,12,Active,
1387,Chapter 12 Insolation,12,ICSE,Class 9,Geography,A Textbook of Geography (2023-24),,12,Active,
1388,Chapter 12 Journey by Night,12,CBSE,Class 8,English,Stepping Stones,,12,Active,
1389,Chapter 12 Keep Clean,12,CBSE,Class 1,English,Stepping Stones,,12,Active,
1390,Chapter 12 Local Bodies,12,CBSE,Class 3,Social Studies,Social Studies  for Juniors,,12,Active,
1391,Chapter 12 Magnetic Effects of Electric Current,12,CBSE,Class 10,Science,NCQRT Science,,12,Active,
1392,Chapter 12 Means of Recreation,12,CBSE,Class 1,Environmental Studies,Blue Planet (2023-24),,12,Active,
1393,Chapter 12 Means of Transport,12,CBSE,Class 2,Social Studies,Social Studies Success (2023-24),,12,Active,
1394,Chapter 12 Money,12,CBSE,Class 4,Mathematics,Progress in Mathematics,,12,Active,
1395,Chapter 12 Money,12,CBSE,Class 5,Mathematics,Progress in Mathematics,,12,Active,
1396,Chapter 12 Money,12,CBSE,Class 2,Mathematics,Mathematics Success (2023-24),,12,Active,
1397,Chapter 12 Money,12,CBSE,Class 3,Mathematics,Mathematics Success (2023-24),,12,Active,
1398,Chapter 12 Money,12,CBSE,Class 5,Mathematics,Mathematics Success (2023-24),,12,Active,
1399,Chapter 12 My School,12,CBSE,Class 1,Social Studies,Social Studies  for Juniors,,12,Active,
1400,Chapter 12 National Festivals,12,CBSE,Class 2,Social Studies,Social Studies  for Juniors,,12,Active,
1401,Chapter 12 Natural Vegetation,12,ICSE,Class 5,Social Studies,Essential Social Studies for (2023-24),,12,Active,
1402,Chapter 12 Northern Mountains The  Himalayan Region,12,ICSE,Class 4,Social Studies,Essential Social Studies for (2023-24),,12,Active,
1403,Chapter 12 Nouns: Gender,12,CBSE,Class 4,English Grammar,Step up English Grammar and Composition (For Acad. Year 2023-24),,12,Active,
1404,Chapter 12 Occupations,12,CBSE,Class 2,Environmental Studies,Blue Planet (2023-24),,12,Active,
1405,Chapter 12 Our Helpers,12,CBSE,Class 1,Social Studies,Social Studies Success (2023-24),,12,Active,
1406,Chapter 12 Our Minerals Resources,12,CBSE,Class 4,Social Studies,Social Studies  for Juniors,,12,Active,
1407,Chapter 12 Patterns,12,ICSE,Class 1,Mathematics,Foundation Mathematics,,12,Active,
1408,Chapter 12 People Who Help Us,12,CBSE,Class 3,Social Studies,Illustrative Social Studies,,1,Inactive,
1409,Chapter 12 Pictorial Representation of Data,12,CBSE,Class 4,Mathematics,Mathematics Success (2023-24),,12,Active,
1410,Chapter 12 Practical Geometry,12,CBSE,Class 6,Mathematics,Mathematics Success,,12,Active,
1411,Chapter 12 Practical Geometry,12,CBSE,Class 7,Mathematics,Mathematics Success,,12,Active,
1412,Chapter 12 Quadrilaterals,12,CBSE,Class 8,Mathematics,Mathematics Success,,12,Active,
1413,Chapter 12 Ratio And Proportion,12,CBSE,Class 6,Mathematics,NCERT Mathematics,,12,Active,
1414,Chapter 12 Reproduction in Plants,12,CBSE,Class 7,Science,NCERT Science,,12,Active,
1415,Chapter 12 Selfless Service,12,CBSE,Class 5,Moral Science,The Mirror of Values,,12,Active,
1416,Chapter 12 Some Natural Phenomena,12,CBSE,Class 8,Science,Science Success (2023-24),,12,Active,
1417,Chapter 12 Sound,12,CBSE,Class 9,Science,NCERT Science,,12,Active,
1418,Chapter 12 Sources and uses of Water,12,CBSE,Class 4,Social Studies,Illustrative Environmental Studies,,12,Active,
1419,Chapter 12 Stars and Planets,12,CBSE,Class 4,Science,Learning Elementary Science (For Acad. Year 2023-24),,12,Active,
1420,Chapter 12 Stars and Planets,12,CBSE,Class 4,Science,Learning Elementary Science (For Acad. Year 2023-24),,12,Active,
1421,Chapter 12 Symmetry,12,CBSE,Class 7,Mathematics,Progress in Mathematics,,12,Active,
1422,"Chapter 12 Thank You, Ma’am",12,CBSE,Class 5,English,Get Smart A Multi-skill English Course,,12,Active,
1423,Chapter 12 The Age of Machines,12,CBSE,Class 5,Social Studies,Social Studies  for Juniors,,12,Active,
1424,Chapter 12 The Ballad of Father Gilligan,12,CBSE,Class 7,English,Stepping Stones,,12,Active,
1425,Chapter 12 The Camel's Hump,12,CBSE,Class 5,English,Stepping Stones,,12,Active,
1426,Chapter 12 The Coastal Plains of India,12,CBSE,Class 5,Social Studies,Illustrative Social Studies,,12,Active,
1427,Chapter 12 The Fire that would not Burn,12,CBSE,Class 3,English,Get Smart A Multi-skill English Course,,12,Active,
1428,Chapter 12 The Pied Piper of Hamelin,12,CBSE,Class 3,English,Stepping Stones,,12,Active,
1429,Chapter 12 The Reproductive System,12,ICSE,Class 10,Biology,A New Approach to I.C.S.E. Biology (2023-24),,12,Active,
1430,Chapter 12 The Solar System,12,CBSE,Class 4,Science,Science Success,,1,Active,
1431,Chapter 12 The Teeny Tiny woman,12,CBSE,Class 2,English,Stepping Stones,,12,Active,
1432,Chapter 12 The Thar Desert,12,CBSE,Class 5,Environmental Studies,Blue Planet (2023-24),,12,Active,
1433,Chapter 12 Time,12,CBSE,Class 1,Mathematics,Mathematics Success (2023-24),,12,Active,
1434,Chapter 12 Understanding Quadrilaterals,12,CBSE,Class 8,Mathematics,Progress in Mathematics,,12,Active,
1435,Chapter 12 Verbs,12,CBSE,Class 5,English Grammar,Step up English Grammar and Composition (For Acad. Year 2023-24),,12,Active,
1436,Chapter 12 Visualising Solid Shapes,12,CBSE,Class 7,Mathematics,Mathematics Success (2023-24),,12,Active,
1437,Chapter 12 Vocabulary,12,CBSE,Class 7,General Aptitude,Know Your Aptitude,,12,Active,
1438,Chapter 12 Vocabulary,12,CBSE,Class 8,General Aptitude,Know Your Aptitude,,12,Active,
1439,Chapter 12 Water,12,CBSE,Class 2,Science,Science Success (2023-24),,12,Active,
1440,Chapter 12 Water,12,CBSE,Class 5,Science,Learning Elementary Science (For Acad. Year 2023-24),,12,Active,
1441,Chapter 12 अगर नभ में बादल होते,12,CBSE,Class 4,Hindi,Nootan Saral Hindi Mala,,1,Active,
1442,Chapter 12 अगर नभ में बादल होते,12,CBSE,Class 4,Hindi,Nikunj Hindi Pathmala,,1,Active,
1443,Chapter 12 अशुद्धि शोधन,12,CBSE,Class 4,Hindi,Naveen Hindi Vyavaharik Vyakaran Tatha Rachna,,12,Active,
1444,Chapter 12 आइसक्रीम और ओवरकोट,12,CBSE,Class 3,Hindi,Nikunj Hindi Pathmala (2023-24),,12,Active,
1445,Chapter 12 एक अनेक,12,CBSE,Class 2,Hindi,Naveen Hindi Vyavaharik Vyakaran Tatha Rachna,,12,Active,
1446,Chapter 12 गुब्बारे में चूहा,12,CBSE,Class 3,Hindi,Nikunj Hindi Pathmala,,1,Active,
1447,Chapter 12 चतुर चूहा,12,CBSE,Class 2,Hindi,Nikunj Hindi Pathmala,,1,Active,
1448,Chapter 12 चतुर चूहा,12,CBSE,Class 2,Hindi,Nikunj Hindi Pathmala (2023-24),,12,Active,
1449,Chapter 12 चश्मे की यात्रा कथा,12,CBSE,Class 7,Hindi,Nikunj Hindi Pathmala,,1,Active,
1450,Chapter 12 चाँद: एक गुब्बारा,12,CBSE,Class 5,Hindi,Nikunj Hindi Pathmala,,1,Active,
1451,Chapter 12 ड़ और ढ़ का प्रयोग,12,CBSE,Class 1,Hindi,Nootan Saral Hindi Mala,,1,Active,
1452,Chapter 12 तुन्डल चूहा,12,CBSE,Class 4,Hindi,Nikunj Hindi Pathmala (2023-24),,12,Active,
1453,Chapter 12 पतझड़ और वसंत,12,CBSE,Class 5,Hindi,Nikunj Hindi Pathmala (2023-24),,12,Active,
1454,Chapter 12 परिवार के किसी सदस्य के बारे में,12,CBSE,Class 1,Hindi,Naveen Hindi Vyavaharik Vyakaran Tatha Rachna,,12,Active,
1455,Chapter 12 पर्यायवाची या समान अर्थवाले शब्द,12,CBSE,Class 3,Hindi,Naveen Hindi Vyavaharik Vyakaran Tatha Rachna,,12,Active,
1456,Chapter 12 बादल कैसे बनते हैं,12,CBSE,Class 2,Hindi,Nootan Saral Hindi Mala,,1,Active,
1457,Chapter 12 भारत की बैटमिंटन स्टार पी. वी. सिंधु,12,CBSE,Class 8,Hindi,Nikunj Hindi Pathmala,,1,Active,
1458,Chapter 12 लंच ब्रेक,12,CBSE,Class 3,Hindi,Nootan Saral Hindi Mala,,1,Active,
1459,Chapter 12 लंच ब्रेक,12,CBSE,Class 3,Hindi,Nikunj Hindi Pathmala,,1,Active,
1460,Chapter 12 लुई ब्रेल,12,CBSE,Class 6,Hindi,Nikunj Hindi Pathmala,,1,Active,
1461,Chapter 12 विराम चिन्ह,12,CBSE,Class 5,Hindi,Naveen Hindi Vyavaharik Vyakaran Tatha Rachna,,12,Active,
1462,Chapter 12 संज्ञा विकार : कारक,12,CBSE,Class 8,Hindi,Naveen Hindi Vyavaharik Vyakaran Tatha Rachna,,12,Active,
1463,Chapter 12 समय,12,CBSE,Class 4,Hindi,Nikunj Hindi Pathmala,,1,Active,
1464,Chapter 12 सर्वनाम,12,CBSE,Class 6,Hindi,Naveen Hindi Vyavaharik Vyakaran Tatha Rachna,,12,Active,
1465,Chapter 12 सर्वनाम,12,CBSE,Class 7,Hindi,Naveen Hindi Vyavaharik Vyakaran Tatha Rachna,,12,Active,
1466,Chapter 12 કન્યાકુમારીની યાત્રા,12,CBSE,Class 7,Gujarati,Meghdhanush,,12,Active,
1467,Chapter 12 ન જાઓ શહેરો તરફ,12,CBSE,Class 8,Gujarati,Meghdhanush,,12,Active,
1468,Chapter 12 બીજ બન્યું વૃક્ષ,12,CBSE,Class 5,Gujarati,Meghdhanush,,12,Active,
1469,Chapter 12 વૃદ્ધિનું રહસ્ય,12,CBSE,Class 4,Gujarati,Meghdhanush,,12,Active,
1470,"Chapter 12 Air, Water and Weather",12,CBSE,Class 3,Science,Illustrative Science,,12,Active,
1471,Chapter 12 Green and Clean Earth,12,CBSE,Class 4,Science,Illustrative Science,,12,Active,
1472,Chapter 12 Means of Recreation,12,CBSE,Class 1,Environmental Studies,Illustrative Environmental Studies,,12,Active,
1473,Chapter 12 Money,12,CBSE,Class 2,Mathematics,Illustrative Mathematics,,12,Active,
1474,Chapter 12 Money,12,CBSE,Class 3,Mathematics,Illustrative Mathematics,,12,Active,
1475,Chapter 12 Money,12,CBSE,Class 5,Mathematics,Illustrative Mathematics,,12,Active,
1476,Chapter 12 Occupations,12,CBSE,Class 2,Environmental Studies,Illustrative Environmental Studies,,12,Active,
1477,Chapter 12 Our Supporters,12,CBSE,Class 1,Social Studies,Illustrative Social Studies,,12,Active,
1478,Chapter 12 Pictorial Representation of Data,12,CBSE,Class 4,Mathematics,Illustrative Mathematics,,12,Active,
1479,Chapter 12 Sources and uses of Water,12,CBSE,Class 4,Environmental Studies,Illustrative Environmental Studies,,12,Active,
1480,"Chapter 12 The Earth, the Sun and the Moon",12,CBSE,Class 5,Science,Illustrative Science,,12,Active,
1481,Chapter 12 Time,12,CBSE,Class 1,Mathematics,Illustrative Mathematics,,12,Active,
1482,Chapter 12 Water,12,CBSE,Class 2,Science,Illustrative Science,,12,Active,
1483,Chapter 12: Data Handling,12,ICSE,Class 2,Mathematics,Foundation Mathematics (2023-24),,12,Active,
1484,Chapter 12: Patterns,12,ICSE,Class 1,Mathematics,Foundation Mathematics (2023-24),,12,Active,
1485,Chapter 12.  Gender,12,CBSE,Class 4,English,Elementary English Grammar and Composition,,12,Active,
1486,Chapter 12.  Money,12,ICSE,Class 5,Mathematics,Foundation Mathematics,,12,Active,
1487,Chapter 12.  Money,12,CBSE,Class 3,Mathematics,Mathematics Success,,12,Active,
1488,Chapter 12.  Time,12,ICSE,Class 4,Mathematics,Foundation Mathematics,,12,Active,
1489,Chapter 12. Air,12,CBSE,Class 1,Science,Science Success,,12,Active,
1490,Chapter 12. Log Onto Animate Creative Cloud,12,CBSE,Class 6,Computer Science,Computer Science Success,,12,Active,
1491,Chapter 12. Money,12,ICSE,Class 5,Mathematics,Foundation Mathematics (2023-24),,12,Active,
1492,Chapter 12. Number of Nouns And Pronouns,12,CBSE,Class 2,English,Elementary English Grammar and Composition,,12,Active,
1493,Chapter 12. Political Developments  The New Empires and Kingdoms. The Gupta Empire (320  540 AD),12,CBSE,Class 6,Social Science,A Text Book of Social Sciences,,12,Active,
1494,Chapter 12. Agriculture in India  ill : Cash Crops,12,ICSE,Class 10,Geography,A Textbook of Geography (2023-24),,12,Active,
1495,"Chapter 12. Air, Water and Weather",12,CBSE,Class 3,Science,Science Success,,12,Active,
1496,"Chapter 12. Air, Water And Weather",12,CBSE,Class 3,Science,Science Success (2023-24),,12,Active,
1497,Chapter 12. Areas Related to Circles,12,CBSE,Class 10,Mathematics,NCERT Mathematics,,12,Active,
1498,Chapter 12. Combustion and Flame,12,CBSE,Class 8,Science,Science Success,,12,Active,
1499,Chapter 12. Conjunctions,11,CBSE,Class 8,English Grammar,Step up English Grammar and Composition (For Acad. Year 2023-24),,11,Active,
1500,Chapter 12. Constructions,12,CBSE,Class 6,Mathematics,Exploring Mathematics,,12,Active,
1501,Chapter 12. Data Handling,12,CBSE,Class 1,Mathematics,Exploring Mathematics,,12,Active,
1502,Chapter 12. Data Handling,12,CBSE,Class 2,Mathematics,Exploring Mathematics,,12,Active,
1503,Chapter 12. Data Handling,12,CBSE,Class 3,Mathematics,Exploring Mathematics,,12,Active,
1504,Chapter 12. Data Handling,12,CBSE,Class 3,Mathematics,Star Maths,,12,Active,
1505,Chapter 12. Data Hangling,12,ICSE,Class 3,Mathematics,Foundation Mathematics,,12,Active,
1506,Chapter 12. Data Hangling,12,ICSE,Class 3,Mathematics,Foundation Mathematics (2023-24),,12,Active,
1507,Chapter 12. Electricity and Circuits,12,CBSE,Class 6,Science,Science Success,,12,Active,
1508,Chapter 12. Electricity and Circuits,12,CBSE,Class 6,Science,Learning Elementary Science,,12,Active,
1509,Chapter 12. Forests,12,CBSE,Class 7,Science,Learning Elementary Science (For Acad. Year 2023-24),,12,Active,
1510,Chapter 12. Friction,12,CBSE,Class 8,Science,Learning Elementary Science,,12,Active,
1511,Chapter 12. Fundamental Concepts & Operations on Algebraic Expressions,12,ICSE,Class 8,Mathematics,Foundation Mathematics,,12,Active,
1512,Chapter 12. Fundamental Concepts & Operations on Algebraic Expressions,12,ICSE,Class 8,Mathematics,Foundation Mathematics (2023-24),,12,Active,
1513,Chapter 12. Fundamental Concepts of Algebra,12,ICSE,Class 6,Mathematics,Foundation Mathematics,,12,Active,
1514,Chapter 12. Fundamental Concepts of Algebra,12,ICSE,Class 6,Mathematics,Foundation Mathematics,,12,Active,
1515,Chapter 12. Fundamental Concepts of Algebra,12,ICSE,Class 6,Mathematics,Foundation Mathematics (2023-24),,12,Active,
1516,Chapter 12. Heron’s Formula,12,CBSE,Class 9,Mathematics,NCERT Mathematics,,12,Active,
1517,Chapter 12. Improvement in Food Resources,12,CBSE,Class 9,Science,NCQRT Science,,12,Active,
1518,Chapter 12. Indian Monuments,12,CBSE,Class 4,Environmental Studies,Blue Planet (2023-24),,12,Active,
1519,Chapter 12. Indian Monuments,12,CBSE,Class 4,Environmental Studies,Blue Planet,,12,Active,
1520,Chapter 12. Internet,12,ICSE,Class 6,Computer Science,My Book of Computer Studies,,12,Active,
1521,Chapter 12. Introduction to Python,12,CBSE,Class 7,Computer Science,Computer Science Success,,12,Active,
1522,Chapter 12. Light and Shadows,12,CBSE,Class 2,Science,Learning Elementary Science (For Acad. Year 2023-24),,12,Active,
1523,Chapter 12. Mary Goes Shopping,12,CBSE,Class 1,English,Get Smart A Multi-skill English Course,,12,Active,
1524,Chapter 12. Means of Recreation,12,CBSE,Class 1,Environmental Studies,Blue Planet,,12,Active,
1525,Chapter 12. Metric Measurement,12,CBSE,Class 5,Mathematics,Star Maths,,12,Active,
1526,Chapter 12. Money,12,CBSE,Class 2,Mathematics,Mathematics Success,,12,Active,
1527,Chapter 12. Money,12,CBSE,Class 4,Mathematics,Exploring Mathematics,,12,Active,
1528,Chapter 12. Money,12,CBSE,Class 5,Mathematics,Exploring Mathematics,,12,Active,
1529,Chapter 12. Money,12,CBSE,Class 5,Mathematics,Mathematics Success,,12,Active,
1530,Chapter 12. Money,12,CBSE,Class 4,Mathematics,Star Maths,,12,Active,
1531,Chapter 12. More on Python,12,CBSE,Class 8,Computer Science,Computer Science Success,,12,Active,
1532,Chapter 12. Natural Disasters,12,CBSE,Class 5,Science,Science Success (2023-24),,12,Active,
1533,Chapter 12. Nutrition : Classes of Food,12,ICSE,Class 9,Biology,A New Approach to I.C.S.E. Biology (2023-24),,12,Active,
1534,Chapter 12. Occupations,12,CBSE,Class 2,Environmental Studies,Blue Planet,,12,Active,
1535,Chapter 12. Our Environment : Natural and Human,12,CBSE,Class 7,Social Science,A Text Book of Social Sciences,,12,Active,
1536,Chapter 12. Pictorial Representation of Data,12,CBSE,Class 4,Mathematics,Mathematics Success,,12,Active,
1537,Chapter 12. Reproduction in Plants,12,CBSE,Class 7,Science,Science Success,,12,Active,
1538,Chapter 12. Reproduction in Plants,12,CBSE,Class 7,Science,Learning Elementary Science,,12,Active,
1539,"Chapter 12. Sarah, the Shy Bunny",12,CBSE,Class 2,English,Get Smart A Multi-skill English Course,,12,Active,
1540,Chapter 12. Some Natural Phenomena,12,CBSE,Class 8,Science,Learning Elementary Science (For Acad. Year 2023-24),,12,Active,
1541,"Chapter 12. Speed, Distance and Time",12,ICSE,Class 7,Mathematics,Foundation Mathematics (2023-24),,12,Active,
1542,Chapter 12. Statistics,12,CBSE,Class 9,Mathematics,NCQRT Mathematics,,12,Active,
1543,Chapter 12. Surface Areas and Volumes,12,CBSE,Class 10,Mathematics,NCQRT Mathematics,,12,Active,
1544,Chapter 12. Symmetry,12,CBSE,Class 7,Mathematics,Exploring Mathematics,,12,Active,
1545,Chapter 12. Tables in HTML,12,ICSE,Class 7,Computer Science,My Book of Computer Studies,,12,Active,
1546,Chapter 12. Tables in HTML,12,ICSE,Class 8,Computer Science,My Book of Computer Studies,,12,Active,
1547,"Chapter 12. The Earth, The Sun and The Moon",12,CBSE,Class 5,Science,Science Success,,12,Active,
1548,Chapter 12. The Machine Age,12,CBSE,Class 5,Social Studies,Social Studies Success (2023-24),,12,Active,
1549,Chapter 12. The Moon,12,CBSE,Class 2,Science,Learning Elementary Science,,12,Active,
1550,Chapter 12. The National Movement: 1885 1919,12,CBSE,Class 8,Social Science,A Text Book of Social Sciences,,12,Active,
1551,Chapter 12. The Reproductive System,12,ICSE,Class 10,Biology,A New Approach to ICSE Biology,,12,Active,
1552,Chapter 12. The Solar System,12,CBSE,Class 4,Science,Science Success,,12,Active,
1553,Chapter 12. The Solar System,12,CBSE,Class 4,Science,Science Success (2023-24),,12,Active,
1554,Chapter 12. The Thar Desert,12,CBSE,Class 5,Environmental Studies,Blue Planet,,12,Active,
1555,"Chapter 12. Tick tock, Says the Clock",12,CBSE,Class 1,General Knowledge,General Knowledge Times (2023-24),,12,Active,
1556,Chapter 12. Time,12,CBSE,Class 1,Mathematics,Mathematics Success,,12,Active,
1557,Chapter 12. Time,12,ICSE,Class 4,Mathematics,Foundation Mathematics (2023-24),,12,Active,
1558,Chapter 12. Understanding Quadrilaterals,12,CBSE,Class 8,Mathematics,Exploring Mathematics,,12,Active,
1559,Chapter 12. Verbs,12,CBSE,Class 6,English Grammar,Step up English Grammar and Composition (For Acad. Year 2023-24),,12,Active,
1560,Chapter 12. Water,12,CBSE,Class 1,Science,Learning Elementary Science,,12,Active,
1561,Chapter 12. Water,12,CBSE,Class 2,Science,Science Success,,12,Active,
1562,Chapter 12. Weather,12,CBSE,Class 1,Science,Learning Elementary Science (For Acad. Year 2023-24),,12,Active,
1563,Chapter 12. Within the Country,12,CBSE,Class 3,Environmental Studies,Blue Planet (2023-24),,12,Active,
1564,Chapter 12. Within the Country,12,CBSE,Class 3,Environmental Studies,Blue Planet,,12,Active,
1565,Chapter 12. Words Used Instead of Nouns (Pronouns),12,CBSE,Class 1,English,Elementary English Grammar and Composition,,12,Active,
1566,Chapter 12. Yoga for Kids 18,12,CBSE,Class 2,General Knowledge,General Knowledge Times (2023-24),,12,Active,
1567,Chapter 12. मेरी मेघालय यात्रा,12,CBSE,Class 6,Hindi,Nootan Saral Hindi Mala,,12,Active,
1568,Chapter 12. मैं और मेरा परिवार,12,CBSE,Class 1,Hindi,Bal Bhasha Bharti,,12,Active,
1569,Chapter 12. मोबाइल फ़ोन : कितने फ़ायदे कितने नुकसान,12,CBSE,Class 5,Hindi,Nootan Saral Hindi Mala,,12,Active,
1570,Chapter 12. समय की सुरंग,12,CBSE,Class 8,Hindi,Nootan Saral Hindi Mala,,12,Active,
1571,Chapter 12. सौर ऊर्जा : कल की ऊर्जा,12,CBSE,Class 7,Hindi,Nootan Saral Hindi Mala,,12,Active,
1572,Chapter 12.Our Universe,12,CBSE,Class 3,Science,Learning Elementary Science,,12,Active,
1573,Chapter 12.Safety and First Aid,12,CBSE,Class 5,Science,Learning Elementary Science,,12,Active,
1574,Chapter 12.Stars and Planets,12,CBSE,Class 4,Science,Learning Elementary Science,,12,Active,
1575,Chapter 12.कोरा ज्ञान,12,CBSE,Class 4,Hindi,Bal Bhasha Bharti,,12,Active,
1576,Chapter 12.पोंगल,12,CBSE,Class 5,Hindi,Bal Bhasha Bharti,,12,Active,
1577,Chapter 12.सच्ची मित्राता,12,CBSE,Class 2,Hindi,Bal Bhasha Bharti,,12,Active,
1578,Chapter 12.साफ दाँतः अच्छा स्वास्थ्य,12,CBSE,Class 3,Hindi,Bal Bhasha Bharti,,12,Active,
1579,Chapter 13  Patterns,13,ICSE,Class 2,Mathematics,Foundation Mathematics,,13,Active,
1580,Chapter 13 Our Festivals,13,ICSE,Class 3,Social Studies,Essential Social Studies for (2023-24),,13,Active,
1581,Chapter 13 Possessive Pronouns,13,CBSE,Class 3,English,Elementary English Grammar and Composition,,13,Active,
1582,Chapter 13 सर्वनाम,13,CBSE,Class 8,Hindi,Naveen Hindi Vyavaharik Vyakaran Tatha Rachna,,13,Active,
1583,Chapter 13 : Algebraic Expressions,13,ICSE,Class 7,Mathematics,Foundation Mathematics,,13,Active,
1584,Chapter 13 : Celebrations and Recreation,13,CBSE,Class 1,Social Studies,Social Studies Success,,1,Active,
1585,Chapter 13 : Chord Properties Of Circle,13,ICSE,Class 9,Mathematics,I.C.S.E. Foundation Mathematics (2023-24),,13,Active,
1586,Chapter 13 : Delhi,13,CBSE,Class 3,Social Studies,Social Studies Success,,1,Active,
1587,Chapter 13 : Famous Official Residences,6,CBSE,Class 5,General Knowledge,General Knowledge Times (2023-24),,6,Active,
1588,Chapter 13 : Great Personalities,13,CBSE,Class 5,Social Studies,Social Studies Success,,1,Active,
1589,Chapter 13 : Means of Communications,13,CBSE,Class 2,Social Studies,Social Studies Success,,1,Active,
1590,Chapter 13 : The Animals Wealth of India,13,CBSE,Class 4,Social Studies,Social Studies Success,,1,Active,
1591,Chapter 13 A Letter to Grown ups,13,CBSE,Class 4,English,Get Smart A Multi-skill English Course,,13,Active,
1592,Chapter 13 A Strange ManS Arrival,13,CBSE,Class 7,English,Stepping Stones,,13,Active,
1593,Chapter 13 Abu Ali And His Donkey,13,CBSE,Class 1,English,Stepping Stones,,13,Active,
1594,Chapter 13 Agriculture,13,CBSE,Class 4,Social Studies,Social Studies  for Juniors,,13,Active,
1595,Chapter 13 Analogy,13,CBSE,Class 7,General Aptitude,Know Your Aptitude,,13,Active,
1596,Chapter 13 Analogy,13,CBSE,Class 8,General Aptitude,Know Your Aptitude,,13,Active,
1597,Chapter 13 Atmospheric Pressure And Winds,13,ICSE,Class 9,Geography,A Textbook of Geography (2023-24),,13,Active,
1598,Chapter 13 Be Kind to Animals,13,CBSE,Class 1,Moral Science,The Mirror of Values,,13,Active,
1599,Chapter 13 Brave Hans,13,CBSE,Class 4,Moral Science,The Mirror of Values,,13,Active,
1600,Chapter 13 Celebrations and Recreation,13,CBSE,Class 1,Social Studies,Social Studies Success (2023-24),,13,Active,
1601,Chapter 13 Compassion,13,CBSE,Class 5,Moral Science,The Mirror of Values,,13,Active,
1602,Chapter 13 Completing Figures,13,CBSE,Class 3,General Aptitude,Know Your Aptitude,,13,Active,
1603,Chapter 13 Completing Figures,13,CBSE,Class 4,General Aptitude,Know Your Aptitude,,13,Active,
1604,Chapter 13 Completing Figures,13,CBSE,Class 5,General Aptitude,Know Your Aptitude,,13,Active,
1605,Chapter 13 Construction of Quadrilaterals,13,CBSE,Class 8,Mathematics,Mathematics Success,,13,Active,
1606,Chapter 13 Data Handing,13,CBSE,Class 4,Mathematics,Progress in Mathematics,,13,Active,
1607,Chapter 13 Data Handling,13,CBSE,Class 2,Mathematics,Mathematics Success (2023-24),,13,Active,
1608,Chapter 13 Data Handling,13,CBSE,Class 3,Mathematics,Mathematics Success (2023-24),,13,Active,
1609,Chapter 13 Data Handling,13,CBSE,Class 5,Mathematics,Mathematics Success (2023-24),,13,Active,
1610,Chapter 13 Delhi,13,CBSE,Class 3,Social Studies,Social Studies  for Juniors,,13,Active,
1611,Chapter 13 Direct And Indirect Objects,13,CBSE,Class 5,English,Elementary English Grammar and Composition,,13,Active,
1612,Chapter 13 Direct and Inverse Proportions,13,CBSE,Class 8,Mathematics,NCERT Mathematics,,13,Active,
1613,Chapter 13 Eating Habits and Food Chain,13,CBSE,Class 3,Social Studies,Illustrative Environmental Studies,,13,Active,
1614,Chapter 13 Eating Habits and Food Chain,13,CBSE,Class 3,Environmental Studies,Illustrative Environmental Studies,,13,Active,
1615,Chapter 13 Exponents and Powers,13,CBSE,Class 7,Mathematics,NCERT Mathematics,,13,Active,
1616,Chapter 13 Fun With Magnets,13,CBSE,Class 6,Science,NCERT Science,,13,Active,
1617,Chapter 13 Great People of Never Die,13,CBSE,Class 5,Social Studies,Social Studies  for Juniors,,13,Active,
1618,Chapter 13 Green and Clean Earth,13,CBSE,Class 4,Science,Learning Elementary Science (For Acad. Year 2023-24),,1,Active,
1619,Chapter 13 Green and Clean Earth,13,CBSE,Class 4,Science,Learning Elementary Science (For Acad. Year 2023-24),,13,Active,
1620,Chapter 13 Green and Clean Earth,13,CBSE,Class 4,Science,Science Success,,1,Active,
1621,Chapter 13 Has and Have,13,CBSE,Class 1,English Grammar,Step up English Grammar and Composition (For Acad. Year 2023-24),,13,Active,
1622,Chapter 13 I Wonder,13,CBSE,Class 3,English,Get Smart A Multi-skill English Course,,13,Active,
1623,Chapter 13 India Under British,13,CBSE,Class 5,Environmental Studies,Blue Planet (2023-24),,13,Active,
1624,Chapter 13 Indigenous Knowledge of Forest Sources,13,CBSE,Class 5,Environmental Studies,Illustrative Environmental Studies,,13,Active,
1625,Chapter 13 Industrial Development in India,13,CBSE,Class 4,Social Studies,Essential Social Studies for (2023-24),,13,Active,
1626,Chapter 13 Industrial Development in India,13,CBSE,Class 4,Social Studies,Social Studies Success (2023-24),,13,Active,
1627,Chapter 13 It's Travel Time,13,CBSE,Class 2,Environmental Studies,Blue Planet (2023-24),,13,Active,
1628,Chapter 13 Light,13,CBSE,Class 8,Science,Science Success (2023-24),,13,Active,
1629,Chapter 13 Local Institutions and their Roles,13,CBSE,Class 3,Social Studies,Illustrative Social Studies,,1,Inactive,
1630,Chapter 13 Magnetic Effects of Electric Current,13,CBSE,Class 10,Science,NCERT Science,,13,Active,
1631,Chapter 13 Management and Protection of Water,13,CBSE,Class 4,Social Studies,Illustrative Environmental Studies,,13,Active,
1632,Chapter 13 Means of Communication,13,CBSE,Class 2,Social Studies,Social Studies Success (2023-24),,13,Active,
1633,Chapter 13 Means of Transport,13,CBSE,Class 4,Social Studies,Illustrative Social Studies,,13,Active,
1634,Chapter 13 Mensuration,13,CBSE,Class 6,Mathematics,Mathematics Success,,13,Active,
1635,Chapter 13 Money,13,CBSE,Class 1,Mathematics,Mathematics Success (2023-24),,13,Active,
1636,Chapter 13 Motion and Time,13,CBSE,Class 7,Science,NCERT Science,,13,Active,
1637,Chapter 13 Mumbai,13,CBSE,Class 3,Social Studies,Social Studies Success (2023-24),,13,Active,
1638,Chapter 13 My Classroom,13,CBSE,Class 1,Social Studies,Social Studies  for Juniors,,13,Active,
1639,Chapter 13 My Country,13,CBSE,Class 1,Environmental Studies,Blue Planet (2023-24),,13,Active,
1640,"Chapter 13 My, Our, Your, His, Her, Its, Their",13,CBSE,Class 2,English Grammar,Step up English Grammar and Composition (For Acad. Year 2023-24),,13,Active,
1641,Chapter 13 Our Environment,13,CBSE,Class 10,Science,NCQRT Science,,13,Active,
1642,Chapter 13 Our Environment,13,ICSE,Class 5,Social Studies,Essential Social Studies for (2023-24),,13,Active,
1643,Chapter 13 Our Universe,13,CBSE,Class 3,Science,Learning Elementary Science (For Acad. Year 2023-24),,13,Active,
1644,Chapter 13 Patterns,13,CBSE,Class 6,General Aptitude,Know Your Aptitude,,13,Active,
1645,Chapter 13 People Who Help Us,13,CBSE,Class 2,Social Studies,Social Studies  for Juniors,,13,Active,
1646,Chapter 13 Perimeter and Area,13,CBSE,Class 7,Mathematics,Mathematics Success (2023-24),,13,Active,
1647,Chapter 13 Population and Related Problems in India,13,ICSE,Class 10,Biology,A New Approach to I.C.S.E. Biology (2023-24),,13,Active,
1648,Chapter 13 Practical Geometry,13,CBSE,Class 8,Mathematics,Progress in Mathematics,,13,Active,
1649,Chapter 13 Pronouns,13,CBSE,Class 4,English Grammar,Step up English Grammar and Composition (For Acad. Year 2023-24),,13,Active,
1650,Chapter 13 Sound,13,CBSE,Class 8,Science,NCERT Science,,13,Active,
1651,Chapter 13 Surface Area and Volume,13,CBSE,Class 8,Mathematics,Mathematics Success (2023-24),,13,Active,
1652,Chapter 13 Surface Areas and Volumes,13,CBSE,Class 9,Mathematics,A Complete Course in Mathematics,,13,Active,
1653,Chapter 13 Surface Areas Volumes,13,CBSE,Class 10,Mathematics,A Complete Course in Mathematics,,13,Active,
1654,Chapter 13 Swami and His Friends,13,CBSE,Class 5,English,Stepping Stones,,13,Active,
1655,Chapter 13 Symmetry,13,CBSE,Class 6,Mathematics,NCERT Mathematics,,13,Active,
1656,Chapter 13 Symmetry,13,CBSE,Class 7,Mathematics,Mathematics Success,,13,Active,
1657,Chapter 13 Taking Care of Surroundings,13,CBSE,Class 2,Moral Science,The Mirror of Values,,13,Active,
1658,Chapter 13 The Busy Bee,13,CBSE,Class 8,English,Stepping Stones,,13,Active,
1659,Chapter 13 The Great King of India,13,CBSE,Class 3,Moral Science,The Mirror of Values,,13,Active,
1660,Chapter 13 The Merry Mice,13,CBSE,Class 2,English,Stepping Stones,,13,Active,
1661,Chapter 13 The Moon,13,CBSE,Class 5,Science,Learning Elementary Science (For Acad. Year 2023-24),,13,Active,
1662,Chapter 13 The Northern Plains,13,ICSE,Class 4,Social Studies,Essential Social Studies for (2023-24),,13,Active,
1663,Chapter 13 The Plaint of the Camel (Poem),13,CBSE,Class 3,English,Stepping Stones,,13,Active,
1664,"Chapter 13 The Sun, Light and Shadow",13,CBSE,Class 2,Science,Science Success (2023-24),,13,Active,
1665,Chapter 13 The Tense,13,CBSE,Class 5,English Grammar,Step up English Grammar and Composition (For Acad. Year 2023-24),,13,Active,
1666,Chapter 13 The Thar Desert,13,CBSE,Class 5,Social Studies,Illustrative Social Studies,,13,Active,
1667,Chapter 13 Time and Temperature,13,CBSE,Class 5,Mathematics,Progress in Mathematics,,13,Active,
1668,Chapter 13 Verbs,13,CBSE,Class 3,English Grammar,Step up English Grammar and Composition (For Acad. Year 2023-24),,13,Active,
1669,Chapter 13 Visualising Solid Shapes,13,CBSE,Class 7,Mathematics,Progress in Mathematics,,13,Active,
1670,Chapter 13 Wastewater Story,13,CBSE,Class 7,Science,Science Success (2023-24),,13,Active,
1671,Chapter 13 Water,13,CBSE,Class 1,Science,Illustrative Science,,13,Active,
1672,Chapter 13 Water,13,CBSE,Class 1,Science,Science Success (2023-24),,13,Active,
1673,Chapter 13 We Plow the Fields and Scatter,13,CBSE,Class 5,English,Get Smart A Multi-skill English Course,,13,Active,
1674,Chapter 13 Where the Mind Is Without Fear,13,CBSE,Class 6,English,Stepping Stones,,13,Active,
1675,Chapter 13 Why Do We Fall Ill?,13,CBSE,Class 9,Science,NCERT Science,,13,Active,
1676,Chapter 13 आइसक्रीम और ओवरकोट,13,CBSE,Class 3,Hindi,Nikunj Hindi Pathmala,,1,Active,
1677,Chapter 13 आओ खेलें खेल,13,CBSE,Class 1,Hindi,Naveen Hindi Vyavaharik Vyakaran Tatha Rachna,,13,Active,
1678,Chapter 13 एवेरस्ट से भी ऊचा सपनो का दास्तान,13,CBSE,Class 6,Hindi,Nikunj Hindi Pathmala,,1,Active,
1679,Chapter 13 कौन बड़ा,13,CBSE,Class 1,Hindi,Nootan Saral Hindi Mala,,1,Active,
1680,Chapter 13 गुणकारी गुड़हल,13,CBSE,Class 3,Hindi,Nikunj Hindi Pathmala (2023-24),,13,Active,
1681,Chapter 13 गोपाल ने मनाया पोंगल,13,CBSE,Class 5,Hindi,Nikunj Hindi Pathmala,,1,Active,
1682,Chapter 13 चिक्की और चाँद,13,CBSE,Class 1,Hindi,Nikunj Hindi Pathmala,,1,Active,
1683,Chapter 13 चिक्की और चाँद,13,CBSE,Class 1,Hindi,Nikunj Hindi Pathmala (2023-24),,13,Active,
1684,Chapter 13 डायरी के कुछ पन्ने,13,CBSE,Class 4,Hindi,Nikunj Hindi Pathmala,,1,Active,
1685,Chapter 13 न जाओ शहरों की ओर,13,CBSE,Class 8,Hindi,Nikunj Hindi Pathmala,,1,Active,
1686,Chapter 13 परख,13,CBSE,Class 4,Hindi,Nootan Saral Hindi Mala,,1,Active,
1687,Chapter 13 परख,13,CBSE,Class 4,Hindi,Nikunj Hindi Pathmala,,1,Active,
1688,Chapter 13 पिंजरे में कौन,13,CBSE,Class 2,Hindi,Nootan Saral Hindi Mala,,1,Active,
1689,Chapter 13 पेड़ की महिमा,13,CBSE,Class 3,Hindi,Nootan Saral Hindi Mala,,1,Active,
1690,Chapter 13 पेड़ की महिमा,13,CBSE,Class 3,Hindi,Nikunj Hindi Pathmala,,1,Active,
1691,Chapter 13 प्यारा नीम,13,CBSE,Class 4,Hindi,Nikunj Hindi Pathmala (2023-24),,13,Active,
1692,Chapter 13 भोली सुनिधि,13,CBSE,Class 2,Hindi,Nikunj Hindi Pathmala (2023-24),,13,Active,
1693,Chapter 13 मुहावरे,13,CBSE,Class 5,Hindi,Naveen Hindi Vyavaharik Vyakaran Tatha Rachna,,13,Active,
1694,Chapter 13 मैं हुँ मैट्रो,13,CBSE,Class 5,Hindi,Nikunj Hindi Pathmala (2023-24),,13,Active,
1695,Chapter 13 विराम चिहन,13,CBSE,Class 4,Hindi,Naveen Hindi Vyavaharik Vyakaran Tatha Rachna,,13,Active,
1696,Chapter 13 विलोम शब्द,13,CBSE,Class 3,Hindi,Naveen Hindi Vyavaharik Vyakaran Tatha Rachna,,13,Active,
1697,Chapter 13 विशेषण,13,CBSE,Class 6,Hindi,Naveen Hindi Vyavaharik Vyakaran Tatha Rachna,,13,Active,
1698,Chapter 13 विशेषण,13,CBSE,Class 7,Hindi,Naveen Hindi Vyavaharik Vyakaran Tatha Rachna,,13,Active,
1699,Chapter 13 विशेषता बताने वाले शब्द (विशेषण),13,CBSE,Class 2,Hindi,Naveen Hindi Vyavaharik Vyakaran Tatha Rachna,,13,Active,
1700,Chapter 13 सुकित संग्रह,13,CBSE,Class 7,Hindi,Nikunj Hindi Pathmala,,1,Active,
1701,Chapter 13 सोच रही गुड़िया रानी,13,CBSE,Class 2,Hindi,Nikunj Hindi Pathmala,,1,Active,
1702,Chapter 13 આ દુનિયા અમારી છે,13,CBSE,Class 4,Gujarati,Meghdhanush,,13,Active,
1703,Chapter 13 Celebrations and Recreation,13,CBSE,Class 1,Social Studies,Illustrative Social Studies,,13,Active,
1704,Chapter 13 Data Handling,13,CBSE,Class 2,Mathematics,Illustrative Mathematics,,13,Active,
1705,Chapter 13 Data Handling,13,CBSE,Class 3,Mathematics,Illustrative Mathematics,,13,Active,
1706,Chapter 13 Data Handling,13,CBSE,Class 5,Mathematics,Illustrative Mathematics,,13,Active,
1707,Chapter 13 It's Travel Time,13,CBSE,Class 2,Environmental Studies,Illustrative Environmental Studies,,13,Active,
1708,Chapter 13 Management and Protection of Water,13,CBSE,Class 4,Environmental Studies,Illustrative Environmental Studies,,13,Active,
1709,Chapter 13 Money,13,CBSE,Class 1,Mathematics,Illustrative Mathematics,,13,Active,
1710,Chapter 13 My Country,13,CBSE,Class 1,Environmental Studies,Illustrative Environmental Studies,,13,Active,
1711,Chapter 13 Our Environment,13,CBSE,Class 5,Science,Illustrative Science,,13,Active,
1712,"Chapter 13 Sun, Moon and Stars",13,CBSE,Class 3,Science,Illustrative Science,,13,Active,
1713,Chapter 13 The Solar System,13,CBSE,Class 4,Science,Illustrative Science,,13,Active,
1714,"Chapter 13 The Sun, Light and Shadow",13,CBSE,Class 2,Science,Illustrative Science,,13,Active,
1715,Chapter 13: Patterns,13,ICSE,Class 2,Mathematics,Foundation Mathematics (2023-24),,13,Active,
1716,Chapter 13.  Data Handling,13,CBSE,Class 3,Mathematics,Mathematics Success,,13,Active,
1717,Chapter 13.  Nouns Possessive Case,13,CBSE,Class 4,English,Elementary English Grammar and Composition,,13,Active,
1718,Chapter 13. Data Handling,13,ICSE,Class 4,Mathematics,Foundation Mathematics,,13,Active,
1719,Chapter 13. Data Handling,13,CBSE,Class 4,Mathematics,Exploring Mathematics,,13,Active,
1720,Chapter 13. Land and interior of the Earth,13,CBSE,Class 7,Social Science,A Text Book of Social Sciences,,13,Active,
1721,Chapter 13. Time,13,ICSE,Class 5,Mathematics,Foundation Mathematics,,13,Active,
1722,Chapter 13. Time,13,ICSE,Class 5,Mathematics,Foundation Mathematics (2023-24),,13,Active,
1723,"Chapter 13. Verbs : Be, Has And Do",13,CBSE,Class 2,English,Elementary English Grammar and Composition,,13,Active,
1724,Chapter 13. Water,13,CBSE,Class 1,Science,Science Success,,13,Active,
1725,Chapter 13. Working with Animate Creative Cloud,13,CBSE,Class 6,Computer Science,Computer Science Success,,13,Active,
1726,Chapter 13. A House to Live in,13,CBSE,Class 5,Science,Learning Elementary Science,,13,Active,
1727,Chapter 13. A Thank You Prayer,13,CBSE,Class 1,English,Get Smart A Multi-skill English Course,,13,Active,
1728,Chapter 13. Algebraic Expressions,13,ICSE,Class 7,Mathematics,Foundation Mathematics (2023-24),,13,Active,
1729,Chapter 13. Algebraic Identities,13,ICSE,Class 8,Mathematics,Foundation Mathematics,,13,Active,
1730,Chapter 13. Algebraic Identities,13,ICSE,Class 8,Mathematics,Foundation Mathematics (2023-24),,13,Active,
1731,Chapter 13. Data Handling,13,CBSE,Class 2,Mathematics,Mathematics Success,,13,Active,
1732,Chapter 13. Data Handling,13,ICSE,Class 4,Mathematics,Foundation Mathematics (2023-24),,13,Active,
1733,Chapter 13. Data Handling,13,CBSE,Class 5,Mathematics,Mathematics Success,,13,Active,
1734,Chapter 13. Describing Words (Adjectives),13,CBSE,Class 1,English,Elementary English Grammar and Composition,,13,Active,
1735,Chapter 13. Digestive System,13,ICSE,Class 9,Biology,A New Approach to I.C.S.E. Biology (2023-24),,13,Active,
1736,Chapter 13. Email and other Internet Services,13,ICSE,Class 6,Computer Science,My Book of Computer Studies,,13,Active,
1737,Chapter 13. Fairytale Land,13,CBSE,Class 1,General Knowledge,General Knowledge Times (2023-24),,13,Active,
1738,Chapter 13. Fight for Indian Freedom: 1919 1947,13,CBSE,Class 8,Social Science,A Text Book of Social Sciences,,13,Active,
1739,Chapter 13. Forms in HTML,13,ICSE,Class 7,Computer Science,My Book of Computer Studies,,13,Active,
1740,Chapter 13. Forms in HTML,13,ICSE,Class 8,Computer Science,My Book of Computer Studies,,13,Active,
1741,Chapter 13. Fun with Magnets,13,CBSE,Class 6,Science,Science Success,,13,Active,
1742,Chapter 13. Fun with Magnets,13,CBSE,Class 6,Science,Learning Elementary Science,,13,Active,
1743,Chapter 13. Great Personalities,13,CBSE,Class 5,Social Studies,Social Studies Success (2023-24),,13,Active,
1744,Chapter 13. Green and Clean Earth,13,CBSE,Class 4,Science,Science Success,,13,Active,
1745,Chapter 13. Green And Clean Earth,13,CBSE,Class 4,Science,Science Success (2023-24),,13,Active,
1746,Chapter 13. Harshavardhana and His Times (Political Development New Empires and Kingdoms),13,CBSE,Class 6,Social Science,A Text Book of Social Sciences,,13,Active,
1747,Chapter 13. India Under British,13,CBSE,Class 5,Environmental Studies,Blue Planet,,13,Active,
1748,Chapter 13. Indian Rulers,13,CBSE,Class 4,Environmental Studies,Blue Planet (2023-24),,13,Active,
1749,Chapter 13. Indian Rulers,13,CBSE,Class 4,Environmental Studies,Blue Planet,,13,Active,
1750,Chapter 13. Introduction to Photoshop CS6,13,CBSE,Class 7,Computer Science,Computer Science Success,,13,Active,
1751,Chapter 13. It's Travel Time,13,CBSE,Class 2,Environmental Studies,Blue Planet,,13,Active,
1752,Chapter 13. Light,13,CBSE,Class 8,Science,Learning Elementary Science (For Acad. Year 2023-24),,13,Active,
1753,Chapter 13. Manufacturing Industries in India  I : Agro based,13,ICSE,Class 10,Geography,A Textbook of Geography (2023-24),,13,Active,
1754,Chapter 13. Money,13,CBSE,Class 1,Mathematics,Mathematics Success,,13,Active,
1755,Chapter 13. Motion and Time,13,CBSE,Class 7,Science,Science Success,,13,Active,
1756,Chapter 13. My Country,13,CBSE,Class 1,Environmental Studies,Blue Planet,,13,Active,
1757,Chapter 13. Natural Calamities,13,CBSE,Class 5,Science,Science Success,,13,Active,
1758,Chapter 13. Patterns,13,ICSE,Class 3,Mathematics,Foundation Mathematics,,13,Active,
1759,Chapter 13. Patterns,13,ICSE,Class 3,Mathematics,Foundation Mathematics (2023-24),,13,Active,
1760,Chapter 13. Patterns,13,CBSE,Class 4,Mathematics,Star Maths,,13,Active,
1761,Chapter 13. Perimeter and Area,13,CBSE,Class 6,Mathematics,Exploring Mathematics,,13,Active,
1762,Chapter 13. Perimeter and Area,13,CBSE,Class 5,Mathematics,Star Maths,,13,Active,
1763,Chapter 13. Phrases and Clauses,12,CBSE,Class 8,English Grammar,Step up English Grammar and Composition (For Acad. Year 2023-24),,12,Active,
1764,Chapter 13. Population and Related Problems in India,13,ICSE,Class 10,Biology,A New Approach to ICSE Biology,,13,Active,
1765,Chapter 13. Practical Geometry,13,CBSE,Class 8,Mathematics,Exploring Mathematics,,13,Active,
1766,Chapter 13. Rocks,13,CBSE,Class 2,Science,Learning Elementary Science,,13,Active,
1767,Chapter 13. Simple Equations,13,ICSE,Class 6,Mathematics,Foundation Mathematics,,13,Active,
1768,Chapter 13. Simple Equations,13,ICSE,Class 6,Mathematics,Foundation Mathematics,,13,Active,
1769,Chapter 13. Simple Equations,13,ICSE,Class 6,Mathematics,Foundation Mathematics (2023-24),,13,Active,
1770,Chapter 13. Simple Present Tense,13,CBSE,Class 6,English Grammar,Step up English Grammar and Composition (For Acad. Year 2023-24),,13,Active,
1771,Chapter 13. Sound,13,CBSE,Class 8,Science,Learning Elementary Science,,13,Active,
1772,Chapter 13. Sound,13,CBSE,Class 8,Science,Science Success,,13,Active,
1773,Chapter 13. Space Travel,13,CBSE,Class 3,Science,Learning Elementary Science,,13,Active,
1774,Chapter 13. Statistics,13,CBSE,Class 10,Mathematics,NCQRT Mathematics,,13,Active,
1775,"Chapter 13. Sun, Moon And Stars",13,CBSE,Class 3,Science,Science Success (2023-24),,13,Active,
1776,Chapter 13. Surface Areas and Volumes,13,CBSE,Class 10,Mathematics,NCERT Mathematics,,13,Active,
1777,Chapter 13. Surface areas And Volumes,13,CBSE,Class 9,Mathematics,NCERT Mathematics,,13,Active,
1778,Chapter 13. Sway,13,CBSE,Class 8,Computer Science,Computer Science Success,,13,Active,
1779,Chapter 13. Symbols of Unity,13,CBSE,Class 3,Environmental Studies,Blue Planet (2023-24),,13,Active,
1780,Chapter 13. Symbols of Unity,13,CBSE,Class 3,Environmental Studies,Blue Planet,,13,Active,
1781,"Chapter 13. The Earth, The Sun And The Moon",13,CBSE,Class 5,Science,Science Success (2023-24),,13,Active,
1782,Chapter 13. The Moon,13,CBSE,Class 2,Science,Learning Elementary Science (For Acad. Year 2023-24),,13,Active,
1783,"Chapter 13. The Sun, Light and Shadow",13,CBSE,Class 2,Science,Science Success,,13,Active,
1784,"Chapter 13. The Sun, Moon and Stars",13,CBSE,Class 3,Science,Science Success,,13,Active,
1785,"Chapter 13. The Sun, Moon and Stars",13,CBSE,Class 1,Science,Learning Elementary Science (For Acad. Year 2023-24),,13,Active,
1786,Chapter 13. Time and Motion,13,CBSE,Class 7,Science,Learning Elementary Science,,13,Active,
1787,Chapter 13. Time and Temperature,13,CBSE,Class 5,Mathematics,Exploring Mathematics,,13,Active,
1788,Chapter 13. Visualising Solid Shapes,13,CBSE,Class 7,Mathematics,Exploring Mathematics,,13,Active,
1789,Chapter 13. Waste water Management,13,CBSE,Class 7,Science,Learning Elementary Science (For Acad. Year 2023-24),,13,Active,
1790,Chapter 13. Weather,13,CBSE,Class 1,Science,Learning Elementary Science,,13,Active,
1791,Chapter 13. Where You Stand,13,CBSE,Class 2,General Knowledge,General Knowledge Times (2023-24),,13,Active,
1792,Chapter 13. Who Made the Princess Laugh?,13,CBSE,Class 2,English,Get Smart A Multi-skill English Course,,13,Active,
1793,Chapter 13. अनमोल दोहे,13,CBSE,Class 5,Hindi,Nootan Saral Hindi Mala,,13,Active,
1794,Chapter 13. ओलंपिक खेल,13,CBSE,Class 7,Hindi,Nootan Saral Hindi Mala,,13,Active,
1795,Chapter 13. परीक्षा,13,CBSE,Class 6,Hindi,Nootan Saral Hindi Mala,,13,Active,
1796,Chapter 13. वर्षा जल संचयन,13,CBSE,Class 8,Hindi,Nootan Saral Hindi Mala,,13,Active,
1797,Chapter 13.ओणम,13,CBSE,Class 4,Hindi,Bal Bhasha Bharti,,13,Active,
1798,Chapter 13.ठंडा नीम,13,CBSE,Class 2,Hindi,Bal Bhasha Bharti,,13,Active,
1799,Chapter 13.तितली,13,CBSE,Class 1,Hindi,Bal Bhasha Bharti,,13,Active,
1800,Chapter 13.तेनालीराम और मोल बेमोल,13,CBSE,Class 3,Hindi,Bal Bhasha Bharti,,13,Active,
1801,Chapter 13.पिता का पत्र : पुत्री के नाम,13,CBSE,Class 5,Hindi,Bal Bhasha Bharti,,13,Active,
1802,Chapter 14 Comparison of Adjectives,14,CBSE,Class 3,English,Elementary English Grammar and Composition,,14,Active,
1803,Chapter 14 How Daddy Made a Stool,14,CBSE,Class 5,English,Stepping Stones,,14,Active,
1804,Chapter 14 Our Freedom Fighters,14,CBSE,Class 1,Social Studies,Social Studies Success (2023-24),,14,Active,
1805,Chapter 14 The Earth and The Solar System,14,ICSE,Class 3,Social Studies,Essential Social Studies for (2023-24),,14,Active,
1806,Chapter 14 कौन जीता,14,CBSE,Class 1,Hindi,Nikunj Hindi Pathmala,,1,Active,
1807,Chapter 14 बताशा,14,CBSE,Class 1,Hindi,Nikunj Hindi Pathmala (2023-24),,14,Active,
1808,Chapter 14 : Agriculture in India,14,CBSE,Class 4,Social Studies,Social Studies Success,,1,Active,
1809,Chapter 14 : Arc Properties Of Circle,14,ICSE,Class 9,Mathematics,I.C.S.E. Foundation Mathematics (2023-24),,14,Active,
1810,Chapter 14 : Finding Our Way (Directions),14,CBSE,Class 2,Social Studies,Social Studies Success,,1,Active,
1811,Chapter 14 : Linear Equations,14,ICSE,Class 7,Mathematics,Foundation Mathematics,,14,Active,
1812,Chapter 14 : Mumbai,14,CBSE,Class 3,Social Studies,Social Studies Success,,1,Active,
1813,Chapter 14 : Our Freedom Fighters,14,CBSE,Class 1,Social Studies,Social Studies Success,,1,Active,
1814,Chapter 14 : The Birth of the United Nations,14,CBSE,Class 5,Social Studies,Social Studies Success,,1,Active,
1815,Chapter 14 : Ways to be More Eco friendly 2022,6,CBSE,Class 8,General Knowledge,General Knowledge Times (2023-24),,6,Active,
1816,Chapter 14 :Liner Equation,14,ICSE,Class 7,Mathematics,Foundation Mathematics,,14,Active,
1817,Chapter 14 A Visit To A Biscuit Factory,14,CBSE,Class 6,English,Stepping Stones,,14,Active,
1818,"Chapter 14 Am, Is, Are",14,CBSE,Class 3,English Grammar,Step up English Grammar and Composition (For Acad. Year 2023-24),,14,Active,
1819,Chapter 14 Articles,14,CBSE,Class 4,English Grammar,Step up English Grammar and Composition (For Acad. Year 2023-24),,14,Active,
1820,Chapter 14 Basic Idea of Human Evolution,14,ICSE,Class 10,Biology,A New Approach to I.C.S.E. Biology (2023-24),,14,Active,
1821,Chapter 14 Being Kind to Animals,14,CBSE,Class 4,Moral Science,The Mirror of Values,,14,Active,
1822,Chapter 14 Chemical Effects Of Electric Current,14,CBSE,Class 8,Science,NCERT Science,,14,Active,
1823,Chapter 14 Classification,14,CBSE,Class 6,General Aptitude,Know Your Aptitude,,14,Active,
1824,Chapter 14 Data Handing,14,CBSE,Class 5,Mathematics,Progress in Mathematics,,14,Active,
1825,Chapter 14 Data Handing,14,CBSE,Class 8,Mathematics,Mathematics Success (2023-24),,14,Active,
1826,Chapter 14 Data handling,14,CBSE,Class 7,Mathematics,Mathematics Success (2023-24),,14,Active,
1827,Chapter 14 Data Handling,14,CBSE,Class 6,Mathematics,Mathematics Success,,14,Active,
1828,Chapter 14 Diversity,14,CBSE,Class 3,Social Studies,Illustrative Social Studies,,1,Inactive,
1829,Chapter 14 Doing Words,14,CBSE,Class 2,English Grammar,Step up English Grammar and Composition (For Acad. Year 2023-24),,14,Active,
1830,Chapter 14 Dreams Come True,14,CBSE,Class 4,English,Get Smart A Multi-skill English Course,,14,Active,
1831,Chapter 14 Electric Current and its Effects,14,CBSE,Class 7,Science,NCERT Science,,14,Active,
1832,Chapter 14 Factorisation,14,CBSE,Class 8,Mathematics,NCERT Mathematics,,14,Active,
1833,Chapter 14 Finding Our Way,14,CBSE,Class 2,Social Studies,Social Studies Success (2023-24),,14,Active,
1834,Chapter 14 Good Manners and Good Habits,14,CBSE,Class 1,Social Studies,Social Studies  for Juniors,,14,Active,
1835,Chapter 14 Humidity,14,ICSE,Class 9,Geography,A Textbook of Geography (2023-24),,14,Active,
1836,Chapter 14 Humidity,14,ICSE,Class 9,Geography,A Textbook of Geography (2023-24),,14,Active,
1837,Chapter 14 India Gains independence,14,CBSE,Class 5,Environmental Studies,Blue Planet (2023-24),,14,Active,
1838,Chapter 14 India's Golden Girl—P V Sindhu,14,CBSE,Class 5,English,Get Smart A Multi-skill English Course,,14,Active,
1839,Chapter 14 Interdependence,14,CBSE,Class 3,Moral Science,The Mirror of Values,,14,Active,
1840,Chapter 14 Kolkata,14,CBSE,Class 3,Social Studies,Social Studies Success (2023-24),,14,Active,
1841,Chapter 14 Let's Communicate,14,CBSE,Class 2,Environmental Studies,Blue Planet (2023-24),,14,Active,
1842,Chapter 14 Lives of Great Men,14,CBSE,Class 5,Moral Science,The Mirror of Values,,14,Active,
1843,Chapter 14 Malala Yousafzai,14,CBSE,Class 7,English,Stepping Stones,,14,Active,
1844,Chapter 14 Means of Communication,14,CBSE,Class 4,Social Studies,Illustrative Social Studies,,14,Active,
1845,Chapter 14 Means Of Transport,14,CBSE,Class 4,Social Studies,Essential Social Studies for (2023-24),,14,Active,
1846,Chapter 14 Means Of Transport,14,CBSE,Class 4,Social Studies,Social Studies Success (2023-24),,14,Active,
1847,Chapter 14 Means of Transport,14,CBSE,Class 5,Social Studies,Illustrative Social Studies,,14,Active,
1848,Chapter 14 Mirror Halves,14,CBSE,Class 3,General Aptitude,Know Your Aptitude,,14,Active,
1849,Chapter 14 Mirror Images,14,CBSE,Class 4,General Aptitude,Know Your Aptitude,,14,Active,
1850,Chapter 14 Mirror Images,14,CBSE,Class 5,General Aptitude,Know Your Aptitude,,14,Active,
1851,Chapter 14 Moon,14,CBSE,Class 2,Science,Science Success (2023-24),,14,Active,
1852,Chapter 14 Mumbai,14,CBSE,Class 3,Social Studies,Social Studies  for Juniors,,14,Active,
1853,Chapter 14 Natural Disasters,14,ICSE,Class 5,Social Studies,Essential Social Studies for (2023-24),,14,Active,
1854,Chapter 14 Natural Resources,14,CBSE,Class 9,Science,NCERT Science,,14,Active,
1855,Chapter 14 Noun : Possessive Case,14,CBSE,Class 5,English,Elementary English Grammar and Composition,,14,Active,
1856,Chapter 14 Our Helpers,14,CBSE,Class 1,Environmental Studies,Blue Planet (2023-24),,14,Active,
1857,Chapter 14 Our Human Resources,14,CBSE,Class 4,Social Studies,Social Studies  for Juniors,,14,Active,
1858,Chapter 14 Patterns,14,CBSE,Class 7,General Aptitude,Know Your Aptitude,,14,Active,
1859,Chapter 14 Patterns,14,CBSE,Class 8,General Aptitude,Know Your Aptitude,,14,Active,
1860,Chapter 14 People Who Help Us,14,CBSE,Class 1,English,Stepping Stones,,14,Active,
1861,Chapter 14 Pied Piper and the rats,14,CBSE,Class 2,English,Stepping Stones,,14,Active,
1862,Chapter 14 Position Words,14,CBSE,Class 1,English Grammar,Step up English Grammar and Composition (For Acad. Year 2023-24),,14,Active,
1863,Chapter 14 Practical Geometry,14,CBSE,Class 7,Mathematics,Progress in Mathematics,,14,Active,
1864,Chapter 14 Practical Geometry,14,CBSE,Class 6,Mathematics,NCERT Mathematics,,14,Active,
1865,Chapter 14 Representation of Three Dimensional Figures,14,CBSE,Class 8,Mathematics,Mathematics Success,,14,Active,
1866,Chapter 14 Sharing—A Good Habit,14,CBSE,Class 3,English,Get Smart A Multi-skill English Course,,14,Active,
1867,Chapter 14 Shelter for All,14,CBSE,Class 4,Social Studies,Illustrative Environmental Studies,,14,Active,
1868,Chapter 14 Simple Present Tense,14,CBSE,Class 5,English Grammar,Step up English Grammar and Composition (For Acad. Year 2023-24),,14,Active,
1869,Chapter 14 Sources of Energy,14,CBSE,Class 10,Science,NCERT Science,,14,Active,
1870,Chapter 14 Statistics,14,CBSE,Class 9,Mathematics,A Complete Course in Mathematics,,14,Active,
1871,Chapter 14 Statistics,14,CBSE,Class 10,Mathematics,A Complete Course in Mathematics,,14,Active,
1872,Chapter 14 Symmetry,14,CBSE,Class 7,Mathematics,NCERT Mathematics,,14,Active,
1873,"Chapter 14 Teenagers, For Your Ears Only!",14,CBSE,Class 8,English,Stepping Stones,,14,Active,
1874,Chapter 14 The Birth of The United Nations,14,CBSE,Class 5,Social Studies,Social Studies  for Juniors,,14,Active,
1875,Chapter 14 The Great Indian Desert,14,ICSE,Class 4,Social Studies,Essential Social Studies for (2023-24),,14,Active,
1876,Chapter 14 The Hen That Laid Golden Eggs,14,CBSE,Class 3,English,Stepping Stones,,14,Active,
1877,Chapter 14 Visualising Solid Shapes,14,CBSE,Class 8,Mathematics,Progress in Mathematics,,14,Active,
1878,Chapter 14 Visualizing Solid Shapes,14,CBSE,Class 7,Mathematics,Mathematics Success,,14,Active,
1879,Chapter 14 Water,14,CBSE,Class 3,Social Studies,Illustrative Environmental Studies,,14,Active,
1880,Chapter 14 Water,14,CBSE,Class 3,Environmental Studies,Illustrative Environmental Studies,,14,Active,
1881,"Chapter 14 Water Sources, usage and Safety",14,CBSE,Class 5,Environmental Studies,Illustrative Environmental Studies,,14,Active,
1882,Chapter 14 Weather and Seasons,14,CBSE,Class 1,Science,Illustrative Science,,14,Active,
1883,Chapter 14 Weather and Seasons,14,CBSE,Class 1,Science,Science Success (2023-24),,14,Active,
1884,Chapter 14 Wheel,14,CBSE,Class 2,Social Studies,Social Studies  for Juniors,,14,Active,
1885,Chapter 14 Wish There Were Gardens,14,CBSE,Class 2,Moral Science,The Mirror of Values,,14,Active,
1886,Chapter 14 अनेक शब्दों के लिए एक शब्द,14,CBSE,Class 3,Hindi,Naveen Hindi Vyavaharik Vyakaran Tatha Rachna,,14,Active,
1887,Chapter 14 अनोखे संदेश,14,CBSE,Class 2,Hindi,Nikunj Hindi Pathmala,,1,Active,
1888,Chapter 14 अपना देश,14,CBSE,Class 3,Hindi,Nikunj Hindi Pathmala,,1,Active,
1889,Chapter 14 कीमती है जल,14,CBSE,Class 4,Hindi,Nootan Saral Hindi Mala,,1,Active,
1890,Chapter 14 कीमती है जल,14,CBSE,Class 4,Hindi,Nikunj Hindi Pathmala,,1,Active,
1891,Chapter 14 कोयल की कहानी,14,CBSE,Class 3,Hindi,Nootan Saral Hindi Mala,,1,Active,
1892,Chapter 14 कोयल की कहानी,14,CBSE,Class 3,Hindi,Nikunj Hindi Pathmala,,1,Active,
1893,Chapter 14 क्रिया,14,CBSE,Class 6,Hindi,Naveen Hindi Vyavaharik Vyakaran Tatha Rachna,,14,Active,
1894,Chapter 14 क्रिया,14,CBSE,Class 7,Hindi,Naveen Hindi Vyavaharik Vyakaran Tatha Rachna,,14,Active,
1895,Chapter 14 गुलाब सिंह,14,CBSE,Class 8,Hindi,Nikunj Hindi Pathmala,,1,Active,
1896,Chapter 14 चिंटू का वीडियो गेम,14,CBSE,Class 3,Hindi,Nikunj Hindi Pathmala (2023-24),,14,Active,
1897,Chapter 14 चित्र वर्णन व वाक्य लेखन,14,CBSE,Class 1,Hindi,Naveen Hindi Vyavaharik Vyakaran Tatha Rachna,,14,Active,
1898,Chapter 14 दोहे,14,CBSE,Class 6,Hindi,Nikunj Hindi Pathmala,,1,Active,
1899,Chapter 14 पटाखों से तौबा,14,CBSE,Class 4,Hindi,Nikunj Hindi Pathmala,,1,Active,
1900,Chapter 14 पर्यायवाची शब्द,14,CBSE,Class 4,Hindi,Naveen Hindi Vyavaharik Vyakaran Tatha Rachna,,14,Active,
1901,Chapter 14 माधवन का सफर,14,CBSE,Class 5,Hindi,Nikunj Hindi Pathmala (2023-24),,14,Active,
1902,Chapter 14 मित्रा की ट्राफी,14,CBSE,Class 2,Hindi,Nootan Saral Hindi Mala,,1,Active,
1903,Chapter 14 राखी का त्योहार,14,CBSE,Class 1,Hindi,Nootan Saral Hindi Mala,,1,Active,
1904,Chapter 14 विशेषण,14,CBSE,Class 8,Hindi,Naveen Hindi Vyavaharik Vyakaran Tatha Rachna,,14,Active,
1905,Chapter 14 शब्द निर्माण,14,CBSE,Class 5,Hindi,Naveen Hindi Vyavaharik Vyakaran Tatha Rachna,,14,Active,
1906,Chapter 14 सच्चा सेवक,14,CBSE,Class 2,Hindi,Nikunj Hindi Pathmala (2023-24),,14,Active,
1907,Chapter 14 सबके लिए नाम (सर्वनाम),14,CBSE,Class 2,Hindi,Naveen Hindi Vyavaharik Vyakaran Tatha Rachna,,14,Active,
1908,Chapter 14 सूचना प्रौदयोगिकी और हिंदी,14,CBSE,Class 7,Hindi,Nikunj Hindi Pathmala,,1,Active,
1909,Chapter 14 हमारी सेना,14,CBSE,Class 5,Hindi,Nikunj Hindi Pathmala,,1,Active,
1910,Chapter 14 हीरा परी,14,CBSE,Class 4,Hindi,Nikunj Hindi Pathmala (2023-24),,14,Active,
1911,Chapter 14 વાદળ,14,CBSE,Class 4,Gujarati,Meghdhanush,,14,Active,
1912,Chapter 14 Let's Communicate,14,CBSE,Class 2,Environmental Studies,Illustrative Environmental Studies,,14,Active,
1913,Chapter 14 Our Helpers,14,CBSE,Class 1,Environmental Studies,Illustrative Environmental Studies,,14,Active,
1914,Chapter 14 Shelter for All,14,CBSE,Class 4,Environmental Studies,Illustrative Environmental Studies,,14,Active,
1915,Chapter 14 The Earth,14,CBSE,Class 3,Science,Illustrative Science,,14,Active,
1916,Chapter 14: Water,14,CBSE,Class 6,Science,NCERT Science,,14,Active,
1917,Chapter 14.  Gender of Nouns And Pronouns,14,CBSE,Class 2,English,Elementary English Grammar and Composition,,14,Active,
1918,Chapter 14.  Patterns,14,ICSE,Class 4,Mathematics,Foundation Mathematics,,14,Active,
1919,Chapter 14.  Percent,14,ICSE,Class 5,Mathematics,Foundation Mathematics,,14,Active,
1920,Chapter 14. Adjectives : Degrees Of Comparison,14,CBSE,Class 4,English,Elementary English Grammar and Composition,,14,Active,
1921,Chapter 14. Introduction to Coding,14,CBSE,Class 6,Computer Science,Computer Science Success,,14,Active,
1922,Chapter 14. Percent.,14,ICSE,Class 5,Mathematics,Foundation Mathematics (2023-24),,14,Active,
1923,Chapter 14. Processes Changing the Face of the Earth,14,CBSE,Class 7,Social Science,A Text Book of Social Sciences,,14,Active,
1924,Chapter 14. Weather and Seasons,14,CBSE,Class 1,Science,Science Success,,14,Active,
1925,Chapter 14. Adverbs,14,CBSE,Class 1,English,Elementary English Grammar and Composition,,14,Active,
1926,Chapter 14. App Development,14,CBSE,Class 8,Computer Science,Computer Science Success,,14,Active,
1927,Chapter 14. Basic Idea of Human Evolution,14,ICSE,Class 10,Biology,A New Approach to ICSE Biology,,14,Active,
1928,Chapter 14. Chemical Effects of Electric Current,14,CBSE,Class 8,Science,Learning Elementary Science,,14,Active,
1929,Chapter 14. Chemical Effects of Electric Current,14,CBSE,Class 8,Science,Science Success,,14,Active,
1930,Chapter 14. CSS 3,14,CBSE,Class 7,Computer Science,Computer Science Success,,14,Active,
1931,Chapter 14. Data Handling,14,CBSE,Class 5,Mathematics,Exploring Mathematics,,14,Active,
1932,Chapter 14. Data Handling,14,CBSE,Class 6,Mathematics,Exploring Mathematics,,14,Active,
1933,Chapter 14. Data Handling,14,CBSE,Class 4,Mathematics,Star Maths,,14,Active,
1934,Chapter 14. Electric Current and Its Effects,14,CBSE,Class 7,Science,Science Success,,14,Active,
1935,Chapter 14. Electric currents and its Effects,14,CBSE,Class 7,Science,Learning Elementary Science,,14,Active,
1936,Chapter 14. Factorization,14,ICSE,Class 8,Mathematics,Foundation Mathematics,,14,Active,
1937,Chapter 14. Factorization,14,ICSE,Class 8,Mathematics,Foundation Mathematics (2023-24),,14,Active,
1938,Chapter 14. Fun with Rhymes,14,CBSE,Class 1,General Knowledge,General Knowledge Times (2023-24),,14,Active,
1939,Chapter 14. Fundamental Geometrical Concepts,14,ICSE,Class 6,Mathematics,Foundation Mathematics,,14,Active,
1940,Chapter 14. Fundamental Geometrical Concepts,14,ICSE,Class 6,Mathematics,Foundation Mathematics,,14,Active,
1941,Chapter 14. Fundamental Geometrical Concepts,14,ICSE,Class 6,Mathematics,Foundation Mathematics (2023-24),,14,Active,
1942,Chapter 14. Google Drive,14,ICSE,Class 6,Computer Science,My Book of Computer Studies,,14,Active,
1943,Chapter 14. India After independence,14,CBSE,Class 8,Social Science,A Text Book of Social Sciences,,14,Active,
1944,Chapter 14. India Gains Independence,14,CBSE,Class 5,Environmental Studies,Blue Planet,,14,Active,
1945,Chapter 14. Let's Communicate,14,CBSE,Class 2,Environmental Studies,Blue Planet,,14,Active,
1946,Chapter 14. Linear Equations,14,ICSE,Class 7,Mathematics,Foundation Mathematics (2023-24),,14,Active,
1947,Chapter 14. Manufacturing Industries in India  II : Mineral based,14,ICSE,Class 10,Geography,A Textbook of Geography (2023-24),,14,Active,
1948,Chapter 14. Our Environment,14,CBSE,Class 5,Science,Science Success,,14,Active,
1949,Chapter 14. Our Environment,14,CBSE,Class 5,Science,Science Success (2023-24),,14,Active,
1950,Chapter 14. Our Helpers,14,CBSE,Class 1,Environmental Studies,Blue Planet,,14,Active,
1951,Chapter 14. Patterns,14,ICSE,Class 4,Mathematics,Foundation Mathematics (2023-24),,14,Active,
1952,Chapter 14. Patterns and Symmetry,14,CBSE,Class 5,Mathematics,Star Maths,,14,Active,
1953,Chapter 14. Practical Geometry,14,CBSE,Class 7,Mathematics,Exploring Mathematics,,14,Active,
1954,Chapter 14. Probability,14,CBSE,Class 10,Mathematics,NCQRT Mathematics,,14,Active,
1955,Chapter 14. Relative Clauses,13,CBSE,Class 8,English Grammar,Step up English Grammar and Composition (For Acad. Year 2023-24),,13,Active,
1956,Chapter 14. Simple Past Tense,14,CBSE,Class 6,English Grammar,Step up English Grammar and Composition (For Acad. Year 2023-24),,14,Active,
1957,Chapter 14. Skeleton  Movement and Locomotion,14,ICSE,Class 9,Biology,A New Approach to I.C.S.E. Biology (2023-24),,14,Active,
1958,Chapter 14. Spell Check,14,CBSE,Class 2,General Knowledge,General Knowledge Times (2023-24),,14,Active,
1959,Chapter 14. Statistics,14,CBSE,Class 10,Mathematics,NCERT Mathematics,,14,Active,
1960,Chapter 14. Statistics,14,CBSE,Class 9,Mathematics,NCERT Mathematics,,14,Active,
1961,Chapter 14. The Birth of The United Nations,14,CBSE,Class 5,Social Studies,Social Studies Success (2023-24),,14,Active,
1962,Chapter 14. The Chalukyas and the Pallavas (Political Developments New Empires and Kingdoms),14,CBSE,Class 6,Social Science,A Text Book of Social Sciences,,14,Active,
1963,Chapter 14. The Earth,14,CBSE,Class 3,Science,Science Success,,14,Active,
1964,Chapter 14. The Earth,14,CBSE,Class 3,Science,Science Success (2023-24),,14,Active,
1965,Chapter 14. The King's Election,14,CBSE,Class 2,English,Get Smart A Multi-skill English Course,,14,Active,
1966,"Chapter 14. The Sun, Moon and Stars",14,CBSE,Class 1,Science,Learning Elementary Science,,14,Active,
1967,Chapter 14. Travel and Communication,14,CBSE,Class 3,Environmental Studies,Blue Planet (2023-24),,14,Active,
1968,Chapter 14. Travel and Communication,14,CBSE,Class 3,Environmental Studies,Blue Planet,,14,Active,
1969,Chapter 14. Travellers to India,14,CBSE,Class 4,Environmental Studies,Blue Planet (2023-24),,14,Active,
1970,Chapter 14. Travellers to India,14,CBSE,Class 4,Environmental Studies,Blue Planet,,14,Active,
1971,Chapter 14. Visualising Solid Shapes,14,CBSE,Class 8,Mathematics,Exploring Mathematics,,14,Active,
1972,Chapter 14. Water,14,CBSE,Class 6,Science,Science Success,,14,Active,
1973,Chapter 14. Water,14,CBSE,Class 6,Science,Learning Elementary Science,,14,Active,
1974,Chapter 14. Why is the Elephant Grey?,14,CBSE,Class 1,English,Get Smart A Multi-skill English Course,,14,Active,
1975,Chapter 14. इक्कीसवीं सदी का करिश्मा,14,CBSE,Class 5,Hindi,Nootan Saral Hindi Mala,,14,Active,
1976,Chapter 14. नीति के दोहे,14,CBSE,Class 6,Hindi,Nootan Saral Hindi Mala,,14,Active,
1977,Chapter 14. मेरे मास्टर साहब,14,CBSE,Class 8,Hindi,Nootan Saral Hindi Mala,,14,Active,
1978,Chapter 14. स्वच्छ भारत अभियान,14,CBSE,Class 7,Hindi,Nootan Saral Hindi Mala,,14,Active,
1979,Chapter 14.कितना पानी,14,CBSE,Class 5,Hindi,Bal Bhasha Bharti,,14,Active,
1980,Chapter 14.प्रदूषण,14,CBSE,Class 4,Hindi,Bal Bhasha Bharti,,14,Active,
1981,Chapter 14.महात्मा गांधी,14,CBSE,Class 2,Hindi,Bal Bhasha Bharti,,14,Active,
1982,Chapter 14.मेला,14,CBSE,Class 1,Hindi,Bal Bhasha Bharti,,14,Active,
1983,Chapter 14.हर सुबह,14,CBSE,Class 3,Hindi,Bal Bhasha Bharti,,14,Active,
1984,Chapter 15 Agreement of The Verb With The Subject,15,CBSE,Class 3,English,Elementary English Grammar and Composition,,15,Active,
1985,"Chapter 15 The Sun, the Moon and the Stars",15,CBSE,Class 1,Science,Science Success (2023-24),,15,Active,
1986,Chapter 15 क्रिया,15,CBSE,Class 8,Hindi,Naveen Hindi Vyavaharik Vyakaran Tatha Rachna,,15,Active,
1987,Chapter 15 : Early Man,15,CBSE,Class 1,Social Studies,Social Studies Success,,1,Active,
1988,Chapter 15 : Industrial Development of India,15,CBSE,Class 4,Social Studies,Social Studies Success,,1,Active,
1989,Chapter 15 : Kolkata,15,CBSE,Class 3,Social Studies,Social Studies Success,,1,Active,
1990,Chapter 15 : The Story of the Wheel,15,CBSE,Class 2,Social Studies,Social Studies Success,,1,Active,
1991,Chapter 15 : The Working of the United Nations,15,CBSE,Class 5,Social Studies,Social Studies Success,,1,Active,
1992,Chapter 15 : Top 10 Man made Wonders,4,CBSE,Class 6,General Knowledge,General Knowledge Times (2023-24),,4,Active,
1993,Chapter 15 :Inequlities,15,ICSE,Class 7,Mathematics,Foundation Mathematics,,15,Active,
1994,Chapter 15 Adjectives,15,CBSE,Class 4,English Grammar,Step up English Grammar and Composition (For Acad. Year 2023-24),,15,Active,
1995,"Chapter 15 Am, Is, Are",15,CBSE,Class 2,English Grammar,Step up English Grammar and Composition (For Acad. Year 2023-24),,15,Active,
1996,Chapter 15 Area of Quadrilaterals and Polygons,15,CBSE,Class 8,Mathematics,Mathematics Success,,15,Active,
1997,Chapter 15 Areas,15,CBSE,Class 8,Mathematics,Progress in Mathematics,,15,Active,
1998,Chapter 15 Bonsai—A Tree in a Pot,15,CBSE,Class 7,English,Stepping Stones,,15,Active,
1999,Chapter 15 Chennai,15,CBSE,Class 3,Social Studies,Social Studies  for Juniors,,15,Active,
2000,Chapter 15 Chennai,15,CBSE,Class 3,Social Studies,Social Studies Success (2023-24),,15,Active,
2001,Chapter 15 Classification,15,CBSE,Class 7,General Aptitude,Know Your Aptitude,,15,Active,
2002,Chapter 15 Classification,15,CBSE,Class 8,General Aptitude,Know Your Aptitude,,15,Active,
2003,Chapter 15 Clocks,15,CBSE,Class 4,General Aptitude,Know Your Aptitude,,15,Active,
2004,Chapter 15 Congruence of Triangles,15,CBSE,Class 7,Mathematics,Progress in Mathematics,,15,Active,
2005,Chapter 15 Data Handling,15,ICSE,Class 4,Mathematics,Foundation Mathematics,,15,Active,
2006,Chapter 15 Directions,15,CBSE,Class 2,Environmental Studies,Blue Planet (2023-24),,15,Active,
2007,Chapter 15 Early Man,15,CBSE,Class 1,Social Studies,Social Studies Success (2023-24),,15,Active,
2008,Chapter 15 Formation of Indian Union,15,CBSE,Class 5,Environmental Studies,Blue Planet (2023-24),,15,Active,
2009,Chapter 15 Freedom is Precious,15,CBSE,Class 4,Moral Science,The Mirror of Values,,15,Active,
2010,Chapter 15 Frequency Distribution,15,ICSE,Class 9,Mathematics,I.C.S.E. Foundation Mathematics (2023-24),,15,Active,
2011,Chapter 15 I Had a Dream and I Have Achieved it today,15,CBSE,Class 8,English,Stepping Stones,,15,Active,
2012,Chapter 15 Improvement In Food Resources,15,CBSE,Class 9,Science,NCERT Science,,15,Active,
2013,Chapter 15 Introduction to Graphs,15,CBSE,Class 8,Mathematics,NCERT Mathematics,,15,Active,
2014,Chapter 15 It's Time to Travel,15,CBSE,Class 1,Environmental Studies,Blue Planet (2023-24),,15,Active,
2015,Chapter 15 Life of Early Humans,15,CBSE,Class 3,Social Studies,Illustrative Social Studies,,1,Inactive,
2016,Chapter 15 Light,15,CBSE,Class 7,Science,NCERT Science,,15,Active,
2017,Chapter 15 Lines & Points,15,CBSE,Class 5,General Aptitude,Know Your Aptitude,,15,Active,
2018,Chapter 15 Matchstick Problems,15,CBSE,Class 3,General Aptitude,Know Your Aptitude,,15,Active,
2019,Chapter 15 Means Of Communication,15,CBSE,Class 4,Social Studies,Essential Social Studies for (2023-24),,15,Active,
2020,Chapter 15 Means Of Communication,15,CBSE,Class 4,Social Studies,Social Studies Success (2023-24),,15,Active,
2021,Chapter 15 Means of Communication,15,CBSE,Class 5,Social Studies,Illustrative Social Studies,,15,Active,
2022,Chapter 15 Means of Transport,15,CBSE,Class 2,Social Studies,Social Studies  for Juniors,,15,Active,
2023,Chapter 15 Means of Transports,15,CBSE,Class 4,Social Studies,Social Studies  for Juniors,,15,Active,
2024,Chapter 15 Mera Bharat Mahan,15,CBSE,Class 5,Moral Science,The Mirror of Values,,15,Active,
2025,Chapter 15 Mirror Images,15,CBSE,Class 6,General Aptitude,Know Your Aptitude,,15,Active,
2026,Chapter 15 My House,15,CBSE,Class 3,Social Studies,Illustrative Environmental Studies,,15,Active,
2027,Chapter 15 My House,15,CBSE,Class 3,Environmental Studies,Illustrative Environmental Studies,,15,Active,
2028,Chapter 15 Our Earth – A Unique Planet,15,ICSE,Class 3,Social Studies,Essential Social Studies for (2023-24),,15,Active,
2029,Chapter 15 Our Environment,15,CBSE,Class 10,Science,NCERT Science,,15,Active,
2030,Chapter 15 People Who Help Us,15,CBSE,Class 1,Social Studies,Social Studies  for Juniors,,15,Active,
2031,Chapter 15 Perimeter and Area,15,CBSE,Class 7,Mathematics,Mathematics Success,,15,Active,
2032,"Chapter 15 Personal Pronouns : Number, Gender And Case",15,CBSE,Class 5,English,Elementary English Grammar and Composition,,15,Active,
2033,Chapter 15 Pollution Types And Sources,15,ICSE,Class 9,Geography,A Textbook of Geography (2023-24),,15,Active,
2034,Chapter 15 Pollution and its Sources,15,ICSE,Class 10,Biology,A New Approach to I.C.S.E. Biology (2023-24),,15,Active,
2035,Chapter 15 Pollution Types & Sources,15,ICSE,Class 9,Geography,A Textbook of Geography (2023-24),,15,Active,
2036,Chapter 15 Precautions for Natural Disasters,15,ICSE,Class 5,Social Studies,Essential Social Studies for (2023-24),,15,Active,
2037,Chapter 15 Present Continuous Tense,15,CBSE,Class 5,English Grammar,Step up English Grammar and Composition (For Acad. Year 2023-24),,15,Active,
2038,Chapter 15 Probability,15,CBSE,Class 9,Mathematics,A Complete Course in Mathematics,,15,Active,
2039,Chapter 15 Probability,15,CBSE,Class 10,Mathematics,A Complete Course in Mathematics,,15,Active,
2040,Chapter 15 Probability,15,CBSE,Class 8,Mathematics,Mathematics Success (2023-24),,15,Active,
2041,Chapter 15 Raju's Favourite hobby,15,CBSE,Class 2,English,Stepping Stones,,15,Active,
2042,Chapter 15 Reaching Places,15,CBSE,Class 4,Social Studies,Illustrative Social Studies,,15,Active,
2043,Chapter 15 Reward for Kindness,15,CBSE,Class 3,English,Get Smart A Multi-skill English Course,,15,Active,
2044,Chapter 15 Some Natural Phenomena,15,CBSE,Class 8,Science,NCERT Science,,15,Active,
2045,Chapter 15 The Family At The Zoo,15,CBSE,Class 1,English,Stepping Stones,,15,Active,
2046,Chapter 15 The Little Things That Happen,15,CBSE,Class 6,English,Stepping Stones,,15,Active,
2047,Chapter 15 The New Sanskrit Teacher,15,CBSE,Class 4,English,Get Smart A Multi-skill English Course,,15,Active,
2048,Chapter 15 The Peninsular Plateaus,15,ICSE,Class 4,Social Studies,Essential Social Studies for (2023-24),,15,Active,
2049,Chapter 15 The Sentence,15,CBSE,Class 1,English Grammar,Step up English Grammar and Composition (For Acad. Year 2023-24),,15,Active,
2050,Chapter 15 The Story of the Wheel,15,CBSE,Class 2,Social Studies,Social Studies Success (2023-24),,15,Active,
2051,"Chapter 15 The Sun, Moon and Stars",15,CBSE,Class 1,Science,Illustrative Science,,15,Active,
2052,Chapter 15 The Working of the United Nations,15,CBSE,Class 5,Social Studies,Social Studies  for Juniors,,15,Active,
2053,Chapter 15 Transportation and Communication,15,CBSE,Class 4,Social Studies,Illustrative Environmental Studies,,15,Active,
2054,Chapter 15 Visualising Solid Shapes,15,CBSE,Class 7,Mathematics,NCERT Mathematics,,15,Active,
2055,"Chapter 15 Was, Were",15,CBSE,Class 3,English Grammar,Step up English Grammar and Composition (For Acad. Year 2023-24),,15,Active,
2056,Chapter 15 Water Management,15,CBSE,Class 5,Environmental Studies,Illustrative Environmental Studies,,15,Active,
2057,Chapter 15 Why Third?,15,CBSE,Class 5,English,Get Smart A Multi-skill English Course,,15,Active,
2058,Chapter 15 कौड़ी से ई  मनी तक,15,CBSE,Class 7,Hindi,Nikunj Hindi Pathmala,,1,Active,
2059,Chapter 15 क्रिकेट,15,CBSE,Class 1,Hindi,Nikunj Hindi Pathmala (2023-24),,15,Active,
2060,Chapter 15 क्रिया : काल,15,CBSE,Class 6,Hindi,Naveen Hindi Vyavaharik Vyakaran Tatha Rachna,,15,Active,
2061,Chapter 15 क्रिया : काल,15,CBSE,Class 7,Hindi,Naveen Hindi Vyavaharik Vyakaran Tatha Rachna,,15,Active,
2062,Chapter 15 चित्र वर्णन,15,CBSE,Class 3,Hindi,Naveen Hindi Vyavaharik Vyakaran Tatha Rachna,,15,Active,
2063,Chapter 15 जेल से बहार,15,CBSE,Class 6,Hindi,Nikunj Hindi Pathmala,,1,Active,
2064,Chapter 15 दक्षिण अफ्रीका के गाँधी डॉ. नेल्सन मंडेला,15,CBSE,Class 8,Hindi,Nikunj Hindi Pathmala,,1,Active,
2065,Chapter 15 नीम,15,CBSE,Class 4,Hindi,Nikunj Hindi Pathmala,,1,Active,
2066,Chapter 15 पर्यायवाची शब्द,15,CBSE,Class 5,Hindi,Naveen Hindi Vyavaharik Vyakaran Tatha Rachna,,15,Active,
2067,Chapter 15 पहिया,15,CBSE,Class 1,Hindi,Nikunj Hindi Pathmala,,1,Active,
2068,Chapter 15 पेड़ लगाओ,15,CBSE,Class 2,Hindi,Nikunj Hindi Pathmala (2023-24),,15,Active,
2069,Chapter 15 मिजोरम,15,CBSE,Class 5,Hindi,Nikunj Hindi Pathmala,,1,Active,
2070,Chapter 15 मिस्टर पॉल,15,CBSE,Class 3,Hindi,Nikunj Hindi Pathmala (2023-24),,15,Active,
2071,Chapter 15 मेट्रो की कहानी मेट्रो की जबानी,15,CBSE,Class 4,Hindi,Nootan Saral Hindi Mala,,1,Active,
2072,Chapter 15 मेट्रो की कहानी मेट्रो की जबानी,15,CBSE,Class 4,Hindi,Nikunj Hindi Pathmala,,1,Active,
2073,Chapter 15 रिमझिम बरस रहा है पानी,15,CBSE,Class 1,Hindi,Nootan Saral Hindi Mala,,1,Active,
2074,Chapter 15 विलोम शब्द,15,CBSE,Class 4,Hindi,Naveen Hindi Vyavaharik Vyakaran Tatha Rachna,,15,Active,
2075,Chapter 15 Directions,15,CBSE,Class 2,Environmental Studies,Illustrative Environmental Studies,,15,Active,
2076,Chapter 15 It's Time to Travel,15,CBSE,Class 1,Environmental Studies,Illustrative Environmental Studies,,15,Active,
2077,Chapter 15 Transportation and Communication,15,CBSE,Class 4,Environmental Studies,Illustrative Environmental Studies,,15,Active,
2078,Chapter 15: Air Around Us,15,CBSE,Class 6,Science,NCERT Science,,15,Active,
2079,"Chapter 15.  Use of A, An, The",15,CBSE,Class 2,English,Elementary English Grammar and Composition,,15,Active,
2080,Chapter 15. Air on the Move,15,CBSE,Class 7,Social Science,A Text Book of Social Sciences,,15,Active,
2081,Chapter 15. Algorithms with Block Coding,15,CBSE,Class 6,Computer Science,Computer Science Success,,15,Active,
2082,"Chapter 15. Culture and Science (Buildings, Paintings and Books)",15,CBSE,Class 6,Social Science,A Text Book of Social Sciences,,15,Active,
2083,Chapter 15. Data Handling,15,ICSE,Class 5,Mathematics,Foundation Mathematics,,15,Active,
2084,Chapter 15. Data Handling,15,ICSE,Class 5,Mathematics,Foundation Mathematics (2023-24),,15,Active,
2085,Chapter 15. The Articles,15,CBSE,Class 4,English,Elementary English Grammar and Composition,,15,Active,
2086,"Chapter 15. The Sun, the Moon and the Stars",15,CBSE,Class 1,Science,Science Success,,15,Active,
2087,Chapter 15. A Wonderful World of Stories,15,CBSE,Class 2,General Knowledge,General Knowledge Times (2023-24),,15,Active,
2088,Chapter 15. Air Around Us,15,CBSE,Class 6,Science,Science Success,,15,Active,
2089,Chapter 15. Air around Us,15,CBSE,Class 6,Science,Learning Elementary Science,,15,Active,
2090,Chapter 15. Angles,15,ICSE,Class 6,Mathematics,Foundation Mathematics,,15,Active,
2091,Chapter 15. Angles,15,ICSE,Class 6,Mathematics,Foundation Mathematics,,15,Active,
2092,Chapter 15. Angles,15,ICSE,Class 6,Mathematics,Foundation Mathematics (2023-24),,15,Active,
2093,Chapter 15. Areas,15,CBSE,Class 8,Mathematics,Exploring Mathematics,,15,Active,
2094,Chapter 15. Congruence of Triangles,15,CBSE,Class 7,Mathematics,Exploring Mathematics,,15,Active,
2095,Chapter 15. Directions,15,CBSE,Class 2,Environmental Studies,Blue Planet,,15,Active,
2096,"Chapter 15. E Commerce, Blogging and Podcasting",15,ICSE,Class 6,Computer Science,My Book of Computer Studies,,15,Active,
2097,Chapter 15. Famous Stories,15,CBSE,Class 1,General Knowledge,General Knowledge Times (2023-24),,15,Active,
2098,Chapter 15. Formation of Indian Union,15,CBSE,Class 5,Environmental Studies,Blue Planet,,15,Active,
2099,Chapter 15. Indian Election,15,CBSE,Class 4,Environmental Studies,Blue Planet (2023-24),,15,Active,
2100,Chapter 15. Indian Election,15,CBSE,Class 4,Environmental Studies,Blue Planet,,15,Active,
2101,Chapter 15. Inequalities,15,ICSE,Class 7,Mathematics,Foundation Mathematics (2023-24),,15,Active,
2102,Chapter 15. It's Time to Travel,15,CBSE,Class 1,Environmental Studies,Blue Planet,,15,Active,
2103,Chapter 15. Light,15,CBSE,Class 7,Science,Science Success,,15,Active,
2104,Chapter 15. Light,15,CBSE,Class 7,Science,Learning Elementary Science,,15,Active,
2105,Chapter 15. Linear Equations,15,ICSE,Class 8,Mathematics,Foundation Mathematics,,15,Active,
2106,Chapter 15. Linear Equations,15,ICSE,Class 8,Mathematics,Foundation Mathematics (2023-24),,15,Active,
2107,Chapter 15. Living and Non living,15,CBSE,Class 3,Environmental Studies,Blue Planet (2023-24),,15,Active,
2108,Chapter 15. Living and Non Living,15,CBSE,Class 3,Environmental Studies,Blue Planet,,15,Active,
2109,Chapter 15. More on Photoshop CS6,15,CBSE,Class 8,Computer Science,Computer Science Success,,15,Active,
2110,Chapter 15. My Box of Crayons,15,CBSE,Class 1,English,Get Smart A Multi-skill English Course,,15,Active,
2111,Chapter 15. Pollution and its Sources,15,ICSE,Class 10,Biology,A New Approach to ICSE Biology,,15,Active,
2112,Chapter 15. Prepositions,15,CBSE,Class 1,English,Elementary English Grammar and Composition,,15,Active,
2113,Chapter 15. Probability,15,CBSE,Class 10,Mathematics,NCERT Mathematics,,15,Active,
2114,Chapter 15. Probability,15,CBSE,Class 9,Mathematics,NCERT Mathematics,,15,Active,
2115,Chapter 15. Resources Their Types,15,CBSE,Class 8,Social Science,A Text Book of Social Sciences,,15,Active,
2116,"Chapter 15. Sentences: Simple, Compound and Complex",14,CBSE,Class 8,English Grammar,Step up English Grammar and Composition (For Acad. Year 2023-24),,14,Active,
2117,Chapter 15. Simple Future Tense,15,CBSE,Class 6,English Grammar,Step up English Grammar and Composition (For Acad. Year 2023-24),,15,Active,
2118,Chapter 15. Some Natural Phenomena,15,CBSE,Class 8,Science,Learning Elementary Science,,15,Active,
2119,Chapter 15. Some Natural Phenomena,15,CBSE,Class 8,Science,Science Success,,15,Active,
2120,Chapter 15. Structure and Functions of Skin,15,ICSE,Class 9,Biology,A New Approach to I.C.S.E. Biology (2023-24),,15,Active,
2121,Chapter 15. The Jolly Woodchuck,15,CBSE,Class 2,English,Get Smart A Multi-skill English Course,,15,Active,
2122,Chapter 15. The Working of The United Nations,15,CBSE,Class 5,Social Studies,Social Studies Success (2023-24),,15,Active,
2123,Chapter 15. Transport,15,ICSE,Class 10,Geography,A Textbook of Geography (2023-24),,15,Active,
2124,Chapter 15. Working with Animate CC,15,CBSE,Class 7,Computer Science,Computer Science Success,,15,Active,
2125,Chapter 15. गिरिधर की कुंडलियाँ,15,CBSE,Class 8,Hindi,Nootan Saral Hindi Mala,,15,Active,
2126,Chapter 15. जलवायु परिवर्तन के दुष्प्रभाव,15,CBSE,Class 6,Hindi,Nootan Saral Hindi Mala,,15,Active,
2127,Chapter 15. टोनी की डायरी,15,CBSE,Class 5,Hindi,Nootan Saral Hindi Mala,,15,Active,
2128,Chapter 15. प्रणति,15,CBSE,Class 7,Hindi,Nootan Saral Hindi Mala,,15,Active,
2129,Chapter 15.Time,15,CBSE,Class 5,Mathematics,Star Maths,,15,Active,
2130,Chapter 15.अमृतसर 1,15,CBSE,Class 3,Hindi,Bal Bhasha Bharti,,15,Active,
2131,Chapter 15.तितर  बितर,15,CBSE,Class 1,Hindi,Bal Bhasha Bharti,,15,Active,
2132,Chapter 15.बाँसुरीवाला,15,CBSE,Class 2,Hindi,Bal Bhasha Bharti,,15,Active,
2133,Chapter 15.समय बड़ा अनमोल,15,CBSE,Class 4,Hindi,Bal Bhasha Bharti,,15,Active,
2134,Chapter 15.सुनीता विलियम्स से रोचक बातचीत,15,CBSE,Class 5,Hindi,Bal Bhasha Bharti,,15,Active,
2135,Chapter 15काम कब हुआ? (काल),15,CBSE,Class 2,Hindi,Naveen Hindi Vyavaharik Vyakaran Tatha Rachna,,15,Active,
2136,Chapter 16 Ages,16,CBSE,Class 3,General Aptitude,Know Your Aptitude,,16,Active,
2137,Chapter 16 Ages,16,CBSE,Class 4,General Aptitude,Know Your Aptitude,,16,Active,
2138,Chapter 16 Knowing Our Earth,16,ICSE,Class 3,Social Studies,Essential Social Studies for (2023-24),,16,Active,
2139,Chapter 16 Shading Parts of Figures,16,CBSE,Class 5,General Aptitude,Know Your Aptitude,,16,Active,
2140,Chapter 16 The Tense,16,CBSE,Class 3,English,Elementary English Grammar and Composition,,16,Active,
2141,Chapter 16 : Chennai,16,CBSE,Class 3,Social Studies,Social Studies Success,,1,Active,
2142,Chapter 16 : Fundamental of Geometry Concepts,16,ICSE,Class 7,Mathematics,Foundation Mathematics,,16,Active,
2143,Chapter 16 : India and the United Nations,16,CBSE,Class 5,Social Studies,Social Studies Success,,1,Active,
2144,Chapter 16 : Mean And Median Of Ungrouped Data And Frequency Polygon,16,ICSE,Class 9,Mathematics,I.C.S.E. Foundation Mathematics (2023-24),,16,Active,
2145,Chapter 16 : Means of Transport,16,CBSE,Class 4,Social Studies,Social Studies Success,,1,Active,
2146,Chapter 16 : Plants Our Green Friends,16,CBSE,Class 3,Environmental Studies,Blue Planet,,16,Active,
2147,Chapter 16 : The Story of the Earth,16,CBSE,Class 2,Social Studies,Social Studies Success,,1,Active,
2148,Chapter 16 Adjectives : Degrees Of Comparison,16,CBSE,Class 5,English,Elementary English Grammar and Composition,,16,Active,
2149,Chapter 16 Another Chance,16,CBSE,Class 4,English,Get Smart A Multi-skill English Course,,16,Active,
2150,"Chapter 16 Art, Architecture And Culture",16,CBSE,Class 4,Social Studies,Essential Social Studies for (2023-24),,16,Active,
2151,"Chapter 16 Art, Architecture And Culture",16,CBSE,Class 4,Social Studies,Social Studies Success (2023-24),,16,Active,
2152,Chapter 16 Data Handling,16,CBSE,Class 7,Mathematics,Mathematics Success,,16,Active,
2153,Chapter 16 Dealing with People,16,CBSE,Class 8,English,Stepping Stones,,16,Active,
2154,Chapter 16 Degrees of Comparison,16,CBSE,Class 4,English Grammar,Step up English Grammar and Composition (For Acad. Year 2023-24),,16,Active,
2155,Chapter 16 Directions,16,CBSE,Class 2,Social Studies,Social Studies  for Juniors,,16,Active,
2156,Chapter 16 Discovery Of Fire,16,CBSE,Class 3,Social Studies,Social Studies Success (2023-24),,16,Active,
2157,Chapter 16 Effects Of Pollution,16,ICSE,Class 9,Geography,A Textbook of Geography (2023-24),,16,Active,
2158,Chapter 16 Effects of Pollution,16,ICSE,Class 9,Geography,A Textbook of Geography (2023-24),,16,Active,
2159,Chapter 16 Effects of Pollution on Climate and Environment,16,ICSE,Class 10,Biology,A New Approach to I.C.S.E. Biology (2023-24),,16,Active,
2160,Chapter 16 Festivals,16,CBSE,Class 1,Social Studies,Social Studies  for Juniors,,16,Active,
2161,Chapter 16 God Gave Me Eyes,16,CBSE,Class 3,English,Get Smart A Multi-skill English Course,,16,Active,
2162,"Chapter 16 Green, Green Everywhere",16,CBSE,Class 5,Moral Science,The Mirror of Values,,16,Active,
2163,Chapter 16 Harm No Living Thing,16,CBSE,Class 5,English,Get Smart A Multi-skill English Course,,16,Active,
2164,"Chapter 16 Has, Have, Had",16,CBSE,Class 3,English Grammar,Step up English Grammar and Composition (For Acad. Year 2023-24),,16,Active,
2165,Chapter 16 Houses,16,CBSE,Class 3,Social Studies,Illustrative Social Studies,,1,Inactive,
2166,Chapter 16 India And The United Nation,16,CBSE,Class 5,Social Studies,Social Studies  for Juniors,,16,Active,
2167,Chapter 16 India and the United Nations,16,CBSE,Class 5,Social Studies,Illustrative Social Studies,,16,Active,
2168,"Chapter 16 Joining Words: And, But",16,CBSE,Class 1,English Grammar,Step up English Grammar and Composition (For Acad. Year 2023-24),,16,Active,
2169,Chapter 16 Kolkata,16,CBSE,Class 3,Social Studies,Social Studies  for Juniors,,16,Active,
2170,Chapter 16 Light,16,CBSE,Class 8,Science,NCERT Science,,16,Active,
2171,Chapter 16 Linear Graphs,16,CBSE,Class 8,Mathematics,Mathematics Success (2023-24),,16,Active,
2172,Chapter 16 Major Rivers of India,16,ICSE,Class 4,Social Studies,Essential Social Studies for (2023-24),,16,Active,
2173,Chapter 16 Means of Communication,16,CBSE,Class 4,Social Studies,Social Studies  for Juniors,,16,Active,
2174,Chapter 16 Mirror Images,16,CBSE,Class 7,General Aptitude,Know Your Aptitude,,16,Active,
2175,Chapter 16 Mirror Images,16,CBSE,Class 8,General Aptitude,Know Your Aptitude,,16,Active,
2176,Chapter 16 My Financial Career,16,CBSE,Class 7,English,Stepping Stones,,16,Active,
2177,Chapter 16 Natural Resources,16,ICSE,Class 5,Social Studies,Essential Social Studies for (2023-24),,16,Active,
2178,Chapter 16 Never Give up,16,CBSE,Class 4,Moral Science,The Mirror of Values,,16,Active,
2179,Chapter 16 Patterns,16,ICSE,Class 4,Mathematics,Foundation Mathematics,,16,Active,
2180,Chapter 16 Perimeter and Area,16,CBSE,Class 7,Mathematics,Progress in Mathematics,,16,Active,
2181,Chapter 16 Plants Around Us,16,CBSE,Class 1,Environmental Studies,Blue Planet (2023-24),,16,Active,
2182,Chapter 16 Playing with Numbers,16,CBSE,Class 8,Mathematics,NCERT Mathematics,,16,Active,
2183,Chapter 16 Present Perfect Tense,16,CBSE,Class 5,English Grammar,Step up English Grammar and Composition (For Acad. Year 2023-24),,16,Active,
2184,Chapter 16 Shelter and Its Importance,16,CBSE,Class 5,Environmental Studies,Illustrative Environmental Studies,,16,Active,
2185,Chapter 16 Shelter for Everyone,16,CBSE,Class 4,Social Studies,Illustrative Social Studies,,16,Active,
2186,Chapter 16 Surface Area and Volume,16,CBSE,Class 8,Mathematics,Mathematics Success,,16,Active,
2187,Chapter 16 Sustainable Management of Natural Resources,16,CBSE,Class 10,Science,NCERT Science,,16,Active,
2188,Chapter 16 The Shrinking World,16,CBSE,Class 5,Environmental Studies,Blue Planet (2023-24),,16,Active,
2189,Chapter 16 The Story of the Earth,16,CBSE,Class 2,Social Studies,Social Studies Success (2023-24),,16,Active,
2190,Chapter 16 Time,16,CBSE,Class 2,Environmental Studies,Blue Planet (2023-24),,16,Active,
2191,Chapter 16 Travel,16,CBSE,Class 4,Social Studies,Illustrative Environmental Studies,,16,Active,
2192,Chapter 16 Travel and Communication,16,CBSE,Class 3,Social Studies,Illustrative Environmental Studies,,16,Active,
2193,Chapter 16 Travel and Communication,16,CBSE,Class 3,Environmental Studies,Illustrative Environmental Studies,,16,Active,
2194,Chapter 16 Volumes and Surface Areas,16,CBSE,Class 8,Mathematics,Progress in Mathematics,,16,Active,
2195,"Chapter 16 Was, Were",16,CBSE,Class 2,English Grammar,Step up English Grammar and Composition (For Acad. Year 2023-24),,16,Active,
2196,Chapter 16 Water Images,16,CBSE,Class 6,General Aptitude,Know Your Aptitude,,16,Active,
2197,Chapter 16 Water: A Precious Resource,16,CBSE,Class 7,Science,NCERT Science,,16,Active,
2198,Chapter 16 Where Is Iggie?,16,CBSE,Class 6,English,Stepping Stones,,16,Active,
2199,Chapter 16 अनुच्छेद लेखन,16,CBSE,Class 3,Hindi,Naveen Hindi Vyavaharik Vyakaran Tatha Rachna,,16,Active,
2200,Chapter 16 अमृत वचन,16,CBSE,Class 4,Hindi,Nootan Saral Hindi Mala,,1,Active,
2201,Chapter 16 अमृत वचन,16,CBSE,Class 4,Hindi,Nikunj Hindi Pathmala,,1,Active,
2202,Chapter 16 एक सुनहरी किरण,16,CBSE,Class 8,Hindi,Nikunj Hindi Pathmala,,1,Active,
2203,Chapter 16 क्रिया : काल,16,CBSE,Class 8,Hindi,Naveen Hindi Vyavaharik Vyakaran Tatha Rachna,,16,Active,
2204,Chapter 16 क्रिया : वाच्य,16,CBSE,Class 6,Hindi,Naveen Hindi Vyavaharik Vyakaran Tatha Rachna,,16,Active,
2205,Chapter 16 क्रिया : वाच्य,16,CBSE,Class 7,Hindi,Naveen Hindi Vyavaharik Vyakaran Tatha Rachna,,16,Active,
2206,Chapter 16 चतुर चूहा,16,CBSE,Class 1,Hindi,Nootan Saral Hindi Mala,,1,Active,
2207,Chapter 16 जाने अनजाने,16,CBSE,Class 6,Hindi,Nikunj Hindi Pathmala,,1,Active,
2208,Chapter 16 वाक्यांशबोधक शब्द,16,CBSE,Class 4,Hindi,Naveen Hindi Vyavaharik Vyakaran Tatha Rachna,,16,Active,
2209,Chapter 16 विलोम शब्द,16,CBSE,Class 5,Hindi,Naveen Hindi Vyavaharik Vyakaran Tatha Rachna,,16,Active,
2210,Chapter 16 शब्दों के जोड़े (सामान्य बोध),16,CBSE,Class 2,Hindi,Naveen Hindi Vyavaharik Vyakaran Tatha Rachna,,16,Active,
2211,Chapter 16 समय और सुरंग,16,CBSE,Class 7,Hindi,Nikunj Hindi Pathmala,,1,Active,
2212,Chapter 16 Plants Around Us,16,CBSE,Class 1,Environmental Studies,Illustrative Environmental Studies,,16,Active,
2213,Chapter 16 Time,16,CBSE,Class 2,Environmental Studies,Illustrative Environmental Studies,,16,Active,
2214,Chapter 16 Travel,16,CBSE,Class 4,Environmental Studies,Illustrative Environmental Studies,,16,Active,
2215,"Chapter 16: Garbage In, Garbage Out",16,CBSE,Class 6,Science,NCERT Science,,16,Active,
2216,Chapter 16.  Patterns,16,ICSE,Class 5,Mathematics,Foundation Mathematics,,16,Active,
2217,Chapter 16. Control with Conditionals,16,CBSE,Class 6,Computer Science,Computer Science Success,,16,Active,
2218,Chapter 16. Moisture in the Air,16,CBSE,Class 7,Social Science,A Text Book of Social Sciences,,16,Active,
2219,Chapter 16. Patterns,16,ICSE,Class 5,Mathematics,Foundation Mathematics (2023-24),,16,Active,
2220,Chapter 16. Tenses,16,CBSE,Class 4,English,Elementary English Grammar and Composition,,16,Active,
2221,Chapter 16. Verb Tense,16,CBSE,Class 2,English,Elementary English Grammar and Composition,,16,Active,
2222,Chapter 16. Conditional Statements,16,CBSE,Class 8,Computer Science,Computer Science Success,,16,Active,
2223,Chapter 16. Continuous Tenses,16,CBSE,Class 6,English Grammar,Step up English Grammar and Composition (For Acad. Year 2023-24),,16,Active,
2224,Chapter 16. Effects of Pollution on Climate and Environment,16,ICSE,Class 10,Biology,A New Approach to ICSE Biology,,16,Active,
2225,Chapter 16. Fundamental Geometrical Concepts,16,ICSE,Class 7,Mathematics,Foundation Mathematics (2023-24),,16,Active,
2226,"Chapter 16. Garbage in, Garbage out",16,CBSE,Class 6,Science,Learning Elementary Science,,16,Active,
2227,"Chapter 16. Garbage in,Garbage out",16,CBSE,Class 6,Science,Science Success,,16,Active,
2228,Chapter 16. Homes and Shelters,16,CBSE,Class 1,General Knowledge,General Knowledge Times (2023-24),,16,Active,
2229,Chapter 16. India and The United Nations,16,CBSE,Class 5,Social Studies,Social Studies Success (2023-24),,16,Active,
2230,Chapter 16. Joining Words (Conjunctions),16,CBSE,Class 1,English,Elementary English Grammar and Composition,,16,Active,
2231,Chapter 16. Light,16,CBSE,Class 8,Science,Learning Elementary Science,,16,Active,
2232,Chapter 16. Light,16,CBSE,Class 8,Science,Science Success,,16,Active,
2233,Chapter 16. Linear Inequations,16,ICSE,Class 8,Mathematics,Foundation Mathematics (2023-24),,16,Active,
2234,Chapter 16. Linear lnequations,16,ICSE,Class 8,Mathematics,Foundation Mathematics,,16,Active,
2235,Chapter 16. Natural Resources Land and Soil Resources,16,CBSE,Class 8,Social Science,A Text Book of Social Sciences,,16,Active,
2236,Chapter 16. Perimeter and Area,16,CBSE,Class 7,Mathematics,Exploring Mathematics,,16,Active,
2237,Chapter 16. Plants Around Us,16,CBSE,Class 1,Environmental Studies,Blue Planet,,16,Active,
2238,Chapter 16. Plants: Our Green Friends,16,CBSE,Class 3,Environmental Studies,Blue Planet (2023-24),,16,Active,
2239,Chapter 16. Respiratory System,16,ICSE,Class 9,Biology,A New Approach to I.C.S.E. Biology (2023-24),,16,Active,
2240,Chapter 16. The Earth in the Solar System,16,CBSE,Class 6,Social Science,A Text Book of Social Sciences,,16,Active,
2241,Chapter 16. The Shrinking World,16,CBSE,Class 5,Environmental Studies,Blue Planet,,16,Active,
2242,Chapter 16. The Story of Wheel,16,CBSE,Class 4,Environmental Studies,Blue Planet (2023-24),,16,Active,
2243,Chapter 16. The Story of Wheel,16,CBSE,Class 4,Environmental Studies,Blue Planet,,16,Active,
2244,Chapter 16. Time,16,CBSE,Class 2,Environmental Studies,Blue Planet,,16,Active,
2245,Chapter 16. Transformation of Sentences,15,CBSE,Class 8,English Grammar,Step up English Grammar and Composition (For Acad. Year 2023-24),,15,Active,
2246,Chapter 16. Triangles,16,ICSE,Class 6,Mathematics,Foundation Mathematics,,16,Active,
2247,Chapter 16. Triangles,16,ICSE,Class 6,Mathematics,Foundation Mathematics,,16,Active,
2248,Chapter 16. Triangles,16,ICSE,Class 6,Mathematics,Foundation Mathematics (2023-24),,16,Active,
2249,Chapter 16. Variables in Real Life,16,CBSE,Class 7,Computer Science,Computer Science Success,,16,Active,
2250,Chapter 16. Volumes and Surface Areas,16,CBSE,Class 8,Mathematics,Exploring Mathematics,,16,Active,
2251,Chapter 16. Waste Management  Impact of Waste Accumulation,16,ICSE,Class 10,Geography,A Textbook of Geography (2023-24),,16,Active,
2252,Chapter 16. Water : A Precious Resources,16,CBSE,Class 7,Science,Learning Elementary Science,,16,Active,
2253,Chapter 16. Water: A Precious Resource,16,CBSE,Class 7,Science,Science Success,,16,Active,
2254,Chapter 16. Word Skill Game,16,CBSE,Class 2,General Knowledge,General Knowledge Times (2023-24),,16,Active,
2255,Chapter 16. साइबर विश्व में आपका स्वागत है,16,CBSE,Class 8,Hindi,Nootan Saral Hindi Mala,,16,Active,
2256,Chapter 16. सालिम अली,16,CBSE,Class 6,Hindi,Nootan Saral Hindi Mala,,16,Active,
2257,Chapter 16. सुभान खाँ,16,CBSE,Class 7,Hindi,Nootan Saral Hindi Mala,,16,Active,
2258,Chapter 16. हम हैं पहरेदार देश के,16,CBSE,Class 5,Hindi,Nootan Saral Hindi Mala,,16,Active,
2259,Chapter 16.Money,16,CBSE,Class 5,Mathematics,Star Maths,,16,Active,
2260,Chapter 16.चालाक कौआ,16,CBSE,Class 1,Hindi,Bal Bhasha Bharti,,16,Active,
2261,Chapter 16.बालक चंद्रगुप्त,16,CBSE,Class 5,Hindi,Bal Bhasha Bharti,,16,Active,
2262,Chapter 16.मोची और बौने,16,CBSE,Class 2,Hindi,Bal Bhasha Bharti,,16,Active,
2263,Chapter 16.सम्राट अशोक,16,CBSE,Class 4,Hindi,Bal Bhasha Bharti,,16,Active,
2264,Chapter 16.सांताक्लॉज़ 1,16,CBSE,Class 3,Hindi,Bal Bhasha Bharti,,16,Active,
2265,Chapter 17 Environmental Pollution,17,ICSE,Class 3,Social Studies,Essential Social Studies for (2023-24),,17,Active,
2266,Chapter 17 Simple Present Tense And Present  Continuous Tense,17,CBSE,Class 3,English,Elementary English Grammar and Composition,,17,Active,
2267,Chapter 17 : Discovery of Fire,17,CBSE,Class 3,Social Studies,Social Studies Success,,1,Active,
2268,Chapter 17 : Great Personalities,17,CBSE,Class 2,Social Studies,Social Studies Success,,1,Active,
2269,Chapter 17 : Lines and Angles,17,ICSE,Class 7,Mathematics,Foundation Mathematics,,17,Active,
2270,Chapter 17 : Means of Communicatios,17,CBSE,Class 4,Social Studies,Social Studies Success,,1,Active,
2271,Chapter 17 : Perimeter & Area Of Plane Figures,17,ICSE,Class 9,Mathematics,I.C.S.E. Foundation Mathematics (2023-24),,17,Active,
2272,Chapter 17 : Polluted Oceans The Causes,7,CBSE,Class 8,General Knowledge,General Knowledge Times (2023-24),,7,Active,
2273,Chapter 17 : The Revolt of 1857,17,CBSE,Class 5,Social Studies,Social Studies Success,,1,Active,
2274,Chapter 17 : Why is Plastic being Ban ned?,8,CBSE,Class 4,General Knowledge,General Knowledge Times (2023-24),,8,Active,
2275,Chapter 17 20वे राष्ट्रमंडल खेल,17,CBSE,Class 7,Hindi,Nikunj Hindi Pathmala,,1,Active,
2276,Chapter 17 Agriculture in India,17,ICSE,Class 5,Social Studies,Essential Social Studies for (2023-24),,17,Active,
2277,Chapter 17 Amazing World of Animals,17,CBSE,Class 1,Environmental Studies,Blue Planet (2023-24),,17,Active,
2278,"Chapter 17 Capital Letters, Full Stop, Question Mark",17,CBSE,Class 1,English Grammar,Step up English Grammar and Composition (For Acad. Year 2023-24),,17,Active,
2279,Chapter 17 Cubes and Cuboids,17,CBSE,Class 5,General Aptitude,Know Your Aptitude,,17,Active,
2280,Chapter 17 Cubes/Cuboids,17,CBSE,Class 6,General Aptitude,Know Your Aptitude,,17,Active,
2281,Chapter 17 Data Handing,17,CBSE,Class 8,Mathematics,Progress in Mathematics,,17,Active,
2282,Chapter 17 Data Handing,17,CBSE,Class 8,Mathematics,Mathematics Success,,17,Active,
2283,Chapter 17 Data Handling,17,CBSE,Class 7,Mathematics,Progress in Mathematics,,17,Active,
2284,Chapter 17 Easter,17,CBSE,Class 6,English,Stepping Stones,,17,Active,
2285,Chapter 17 Forests: Our Lifeline,17,CBSE,Class 7,Science,NCERT Science,,17,Active,
2286,Chapter 17 Great Personalities,17,CBSE,Class 2,Social Studies,Social Studies Success (2023-24),,17,Active,
2287,Chapter 17 Great Persons,17,CBSE,Class 1,Social Studies,Social Studies  for Juniors,,17,Active,
2288,Chapter 17 Happiness and Contentment,17,CBSE,Class 8,English,Stepping Stones,,17,Active,
2289,"Chapter 17 Has, Have",17,CBSE,Class 2,English Grammar,Step up English Grammar and Composition (For Acad. Year 2023-24),,17,Active,
2290,"Chapter 17 In Sahyadri Hills, A Lesson in Humility",17,CBSE,Class 7,English,Stepping Stones,,17,Active,
2291,Chapter 17 Machines Make Our World Easier,17,CBSE,Class 5,Environmental Studies,Blue Planet (2023-24),,17,Active,
2292,Chapter 17 Maps and Sketches,17,CBSE,Class 3,Social Studies,Illustrative Environmental Studies,,17,Active,
2293,Chapter 17 Maps and Sketches,17,CBSE,Class 3,Environmental Studies,Illustrative Environmental Studies,,17,Active,
2294,Chapter 17 Maps and Symbols,17,CBSE,Class 4,Social Studies,Illustrative Environmental Studies,,17,Active,
2295,Chapter 17 Numbers,17,CBSE,Class 3,General Aptitude,Know Your Aptitude,,17,Active,
2296,Chapter 17 Numbers,17,CBSE,Class 4,General Aptitude,Know Your Aptitude,,17,Active,
2297,Chapter 17 Our Rich Heritage,17,CBSE,Class 4,Social Studies,Social Studies  for Juniors,,17,Active,
2298,Chapter 17 Pollution  Preventive Measures,17,ICSE,Class 9,Geography,A Textbook of Geography (2023-24),,17,Active,
2299,Chapter 17 Pollution  Preventive Measures,17,ICSE,Class 9,Geography,A Textbook of Geography (2023-24),,17,Active,
2300,Chapter 17 Seasons,17,CBSE,Class 2,Environmental Studies,Blue Planet (2023-24),,17,Active,
2301,Chapter 17 Simple Past Tense,17,CBSE,Class 5,English Grammar,Step up English Grammar and Composition (For Acad. Year 2023-24),,17,Active,
2302,Chapter 17 Simple Present Tense,17,CBSE,Class 3,English Grammar,Step up English Grammar and Composition (For Acad. Year 2023-24),,17,Active,
2303,Chapter 17 Stars And The Solar System,17,CBSE,Class 8,Science,NCERT Science,,17,Active,
2304,Chapter 17 The History of Man,17,CBSE,Class 3,Social Studies,Social Studies  for Juniors,,17,Active,
2305,Chapter 17 The Revolt of 1857,17,CBSE,Class 5,Social Studies,Social Studies  for Juniors,,17,Active,
2306,Chapter 17 The Story Of Wheel,17,CBSE,Class 3,Social Studies,Social Studies Success (2023-24),,17,Active,
2307,Chapter 17 They Showed Us The Way,17,CBSE,Class 4,Social Studies,Essential Social Studies for (2023-24),,17,Active,
2308,Chapter 17 They Showed Us The Way,17,CBSE,Class 4,Social Studies,Social Studies Success (2023-24),,17,Active,
2309,Chapter 17 Time,17,CBSE,Class 2,Social Studies,Social Studies  for Juniors,,17,Active,
2310,Chapter 17 Travel and Reading Maps,17,CBSE,Class 5,Environmental Studies,Illustrative Environmental Studies,,17,Active,
2311,Chapter 17 Understanding Local Institutions,17,CBSE,Class 4,Social Studies,Illustrative Social Studies,,17,Active,
2312,Chapter 17 Unity in Diversity,17,ICSE,Class 4,Social Studies,Essential Social Studies for (2023-24),,17,Active,
2313,Chapter 17 Unselfishness,17,CBSE,Class 5,Moral Science,The Mirror of Values,,17,Active,
2314,Chapter 17 Use Of Articles,17,CBSE,Class 5,English,Elementary English Grammar and Composition,,17,Active,
2315,Chapter 17 Verbs,17,CBSE,Class 4,English Grammar,Step up English Grammar and Composition (For Acad. Year 2023-24),,17,Active,
2316,Chapter 17 Water,17,CBSE,Class 5,Social Studies,Illustrative Social Studies,,17,Active,
2317,Chapter 17 Water Images,17,CBSE,Class 7,General Aptitude,Know Your Aptitude,,17,Active,
2318,Chapter 17 Water Images,17,CBSE,Class 8,General Aptitude,Know Your Aptitude,,17,Active,
2319,Chapter 17 अव्यय,17,CBSE,Class 7,Hindi,Naveen Hindi Vyavaharik Vyakaran Tatha Rachna,,17,Active,
2320,Chapter 17 अव्यय : क्रियाविशेषण,17,CBSE,Class 6,Hindi,Naveen Hindi Vyavaharik Vyakaran Tatha Rachna,,17,Active,
2321,Chapter 17 आप भले तो जग भला,17,CBSE,Class 8,Hindi,Nikunj Hindi Pathmala,,1,Active,
2322,Chapter 17 कहानी लेखन,17,CBSE,Class 3,Hindi,Naveen Hindi Vyavaharik Vyakaran Tatha Rachna,,17,Active,
2323,Chapter 17 क्रिया : वाच्य,17,CBSE,Class 8,Hindi,Naveen Hindi Vyavaharik Vyakaran Tatha Rachna,,17,Active,
2324,Chapter 17 मुहावरे,17,CBSE,Class 4,Hindi,Naveen Hindi Vyavaharik Vyakaran Tatha Rachna,,17,Active,
2325,Chapter 17 श्रुतिसम भिन्‍नार्थक शब्द,17,CBSE,Class 5,Hindi,Naveen Hindi Vyavaharik Vyakaran Tatha Rachna,,17,Active,
2326,Chapter 17 है/नहीं है (निषेधात्मक वाक्य का निर्माण),17,CBSE,Class 2,Hindi,Naveen Hindi Vyavaharik Vyakaran Tatha Rachna,,17,Active,
2327,Chapter 17 Amazing World of Animals,17,CBSE,Class 1,Environmental Studies,Illustrative Environmental Studies,,17,Active,
2328,Chapter 17 Maps and Symbols,17,CBSE,Class 4,Environmental Studies,Illustrative Environmental Studies,,17,Active,
2329,Chapter 17 Seasons,17,CBSE,Class 2,Environmental Studies,Illustrative Environmental Studies,,17,Active,
2330,Chapter 17.  Negative Sentences,17,CBSE,Class 2,English,Elementary English Grammar and Composition,,17,Active,
2331,Chapter 17. Basics of Artificial Intelligence,17,CBSE,Class 6,Computer Science,Computer Science Success,,17,Active,
2332,Chapter 17. Elements of Weather and Climate,17,CBSE,Class 7,Social Science,A Text Book of Social Sciences,,17,Active,
2333,Chapter 17. Forms Of Verbs,17,CBSE,Class 4,English,Elementary English Grammar and Composition,,17,Active,
2334,Chapter 17. Maps  How They Help Us,17,CBSE,Class 6,Social Science,A Text Book of Social Sciences,,17,Active,
2335,Chapter 17. Amazing World of Animals,17,CBSE,Class 1,Environmental Studies,Blue Planet,,17,Active,
2336,Chapter 17. Animal Kingdom,17,CBSE,Class 3,Environmental Studies,Blue Planet (2023-24),,17,Active,
2337,Chapter 17. Animal Kingdom,17,CBSE,Class 3,Environmental Studies,Blue Planet,,17,Active,
2338,Chapter 17. Body Parts in Language,17,CBSE,Class 2,General Knowledge,General Knowledge Times (2023-24),,17,Active,
2339,Chapter 17. Data Handling,17,CBSE,Class 7,Mathematics,Exploring Mathematics,,17,Active,
2340,Chapter 17. Data Handling,17,CBSE,Class 8,Mathematics,Exploring Mathematics,,17,Active,
2341,Chapter 17. Direct and Indirect Speech,16,CBSE,Class 8,English Grammar,Step up English Grammar and Composition (For Acad. Year 2023-24),,16,Active,
2342,Chapter 17. Forest :Our Lifeline,17,CBSE,Class 7,Science,Science Success,,17,Active,
2343,Chapter 17. Forests,17,CBSE,Class 7,Science,Learning Elementary Science,,17,Active,
2344,Chapter 17. Health and Hygiene,17,ICSE,Class 9,Biology,A New Approach to I.C.S.E. Biology (2023-24),,17,Active,
2345,Chapter 17. Interjections,17,CBSE,Class 1,English,Elementary English Grammar and Composition,,17,Active,
2346,Chapter 17. Lines and Angles,17,ICSE,Class 7,Mathematics,Foundation Mathematics (2023-24),,17,Active,
2347,Chapter 17. Machines Make Our World Easier,17,CBSE,Class 5,Environmental Studies,Blue Planet,,17,Active,
2348,Chapter 17. Means of Communication,17,CBSE,Class 4,Environmental Studies,Blue Planet (2023-24),,17,Active,
2349,Chapter 17. Means of Communication,17,CBSE,Class 4,Environmental Studies,Blue Planet,,17,Active,
2350,Chapter 17. Months of the Year,17,CBSE,Class 1,General Knowledge,General Knowledge Times (2023-24),,17,Active,
2351,Chapter 17. Perfect Tenses,17,CBSE,Class 6,English Grammar,Step up English Grammar and Composition (For Acad. Year 2023-24),,17,Active,
2352,Chapter 17. Quadrilaterals,17,ICSE,Class 6,Mathematics,Foundation Mathematics,,17,Active,
2353,Chapter 17. Quadrilaterals,17,ICSE,Class 6,Mathematics,Foundation Mathematics,,17,Active,
2354,Chapter 17. Quadrilaterals,17,ICSE,Class 6,Mathematics,Foundation Mathematics (2023-24),,17,Active,
2355,Chapter 17. Quadrilaterals,17,ICSE,Class 8,Mathematics,Foundation Mathematics,,17,Active,
2356,Chapter 17. Quadrilaterals,17,ICSE,Class 8,Mathematics,Foundation Mathematics (2023-24),,17,Active,
2357,Chapter 17. Seasons,17,CBSE,Class 2,Environmental Studies,Blue Planet,,17,Active,
2358,Chapter 17. Sequencing with Block Coding,17,CBSE,Class 7,Computer Science,Computer Science Success,,17,Active,
2359,Chapter 17. Stars and the Solar System,17,CBSE,Class 8,Science,Learning Elementary Science,,17,Active,
2360,Chapter 17. Stars and The Solar System,17,CBSE,Class 8,Science,Science Success,,17,Active,
2361,Chapter 17. The Revolt of 1857,17,CBSE,Class 5,Social Studies,Social Studies Success (2023-24),,17,Active,
2362,Chapter 17. Understanding Arrays,17,CBSE,Class 8,Computer Science,Computer Science Success,,17,Active,
2363,Chapter 17. Waste Generation and Management  Methods of Safe Disposal of Waste,17,ICSE,Class 10,Geography,A Textbook of Geography (2023-24),,17,Active,
2364,Chapter 17. Water Resources,17,CBSE,Class 8,Social Science,A Text Book of Social Sciences,,17,Active,
2365,Chapter 17. जल ही जीवन है,17,CBSE,Class 7,Hindi,Nootan Saral Hindi Mala,,17,Active,
2366,Chapter 17. पुष्प की अभिलाषा,17,CBSE,Class 6,Hindi,Nootan Saral Hindi Mala,,17,Active,
2367,Chapter 17. भारतीय सिनेमा के सौ वर्ष,17,CBSE,Class 8,Hindi,Nootan Saral Hindi Mala,,17,Active,
2368,Chapter 17.Data Handling,17,CBSE,Class 5,Mathematics,Star Maths,,17,Active,
2369,Chapter 17.फलों का महत्व,17,CBSE,Class 2,Hindi,Bal Bhasha Bharti,,17,Active,
2370,Chapter 17.होली आई!,17,CBSE,Class 1,Hindi,Bal Bhasha Bharti,,17,Active,
2371,Chapter 18 Measures to Reduce Pollution,18,ICSE,Class 3,Social Studies,Essential Social Studies for (2023-24),,18,Active,
2372,Chapter 18 Negative Sentences,18,CBSE,Class 3,English,Elementary English Grammar and Composition,,18,Active,
2373,"Chapter 18 : Art, Architecture and Culture",18,CBSE,Class 4,Social Studies,Social Studies Success,,1,Active,
2374,Chapter 18 : Beginning of the Freedom Struggle,18,CBSE,Class 5,Social Studies,Social Studies Success,,1,Active,
2375,Chapter 18 : Circumference And Area Of A Circle,18,ICSE,Class 9,Mathematics,I.C.S.E. Foundation Mathematics (2023-24),,18,Active,
2376,Chapter 18 : Properties of Triangles,18,ICSE,Class 7,Mathematics,Foundation Mathematics,,18,Active,
2377,Chapter 18 : Strange Truths about Plants,4,CBSE,Class 3,General Knowledge,General Knowledge Times (2023-24),,4,Active,
2378,Chapter 18 : The Story of Wheel,18,CBSE,Class 3,Social Studies,Social Studies Success,,1,Active,
2379,Chapter 18 Cubes/Cuboids,18,CBSE,Class 7,General Aptitude,Know Your Aptitude,,18,Active,
2380,Chapter 18 Cubes/Cuboids,18,CBSE,Class 8,General Aptitude,Know Your Aptitude,,18,Active,
2381,Chapter 18 Designs,18,CBSE,Class 5,General Aptitude,Know Your Aptitude,,18,Active,
2382,Chapter 18 Dice,18,CBSE,Class 6,General Aptitude,Know Your Aptitude,,18,Active,
2383,Chapter 18 Early Human Beings,18,CBSE,Class 1,Social Studies,Social Studies  for Juniors,,18,Active,
2384,Chapter 18 Environmental Pollution,18,ICSE,Class 4,Social Studies,Essential Social Studies for (2023-24),,18,Active,
2385,Chapter 18 Family and School,18,CBSE,Class 3,Social Studies,Illustrative Environmental Studies,,18,Active,
2386,Chapter 18 Family and School,18,CBSE,Class 3,Environmental Studies,Illustrative Environmental Studies,,18,Active,
2387,"Chapter 18 Force, Work and Energy",18,CBSE,Class 5,Environmental Studies,Blue Planet (2023-24),,18,Active,
2388,Chapter 18 Geographical Regions in India,18,CBSE,Class 5,Environmental Studies,Illustrative Environmental Studies,,18,Active,
2389,Chapter 18 Had,18,CBSE,Class 2,English Grammar,Step up English Grammar and Composition (For Acad. Year 2023-24),,18,Active,
2390,Chapter 18 Industries in India,18,ICSE,Class 5,Social Studies,Essential Social Studies for (2023-24),,18,Active,
2391,Chapter 18 Introduction to Graphs,18,CBSE,Class 8,Mathematics,Progress in Mathematics,,18,Active,
2392,Chapter 18 Keeping Our City Clean,18,CBSE,Class 5,Moral Science,The Mirror of Values,,18,Active,
2393,Chapter 18 Local Institutions,18,CBSE,Class 4,Social Studies,Illustrative Environmental Studies,,18,Active,
2394,Chapter 18 Mathematical Operations,18,CBSE,Class 3,General Aptitude,Know Your Aptitude,,18,Active,
2395,Chapter 18 Mathematical Operations,18,CBSE,Class 4,General Aptitude,Know Your Aptitude,,18,Active,
2396,Chapter 18 Natural Regions Of The World,18,ICSE,Class 9,Geography,A Textbook of Geography (2023-24),,18,Active,
2397,Chapter 18 Natural Regions of the World,18,ICSE,Class 9,Geography,A Textbook of Geography (2023-24),,18,Active,
2398,Chapter 18 Our Government,18,CBSE,Class 4,Social Studies,Essential Social Studies for (2023-24),,18,Active,
2399,Chapter 18 Our Government,18,CBSE,Class 4,Social Studies,Social Studies Success (2023-24),,18,Active,
2400,Chapter 18 Our Green Friends,18,CBSE,Class 2,Environmental Studies,Blue Planet (2023-24),,18,Active,
2401,Chapter 18 Past Continuous Tense,18,CBSE,Class 5,English Grammar,Step up English Grammar and Composition (For Acad. Year 2023-24),,18,Active,
2402,Chapter 18 Pollution Of Air And Water,18,CBSE,Class 8,Science,NCERT Science,,18,Active,
2403,Chapter 18 Present Continuous Tense,18,CBSE,Class 3,English Grammar,Step up English Grammar and Composition (For Acad. Year 2023-24),,18,Active,
2404,Chapter 18 Probability,18,CBSE,Class 8,Mathematics,Mathematics Success,,18,Active,
2405,Chapter 18 Seasons,18,CBSE,Class 2,Social Studies,Social Studies  for Juniors,,18,Active,
2406,Chapter 18 Tenses,18,CBSE,Class 5,English,Elementary English Grammar and Composition,,18,Active,
2407,Chapter 18 The Beginning of The Freedom Struggle,18,CBSE,Class 5,Social Studies,Social Studies  for Juniors,,18,Active,
2408,Chapter 18 The Final Judgement,18,CBSE,Class 8,English,Stepping Stones,,18,Active,
2409,Chapter 18 The invention of The Wheel,18,CBSE,Class 3,Social Studies,Social Studies  for Juniors,,18,Active,
2410,Chapter 18 The Psalm Of life,18,CBSE,Class 7,English,Stepping Stones,,18,Active,
2411,Chapter 18 The Spider And The Fly,18,CBSE,Class 6,English,Stepping Stones,,18,Active,
2412,Chapter 18 The Tense,18,CBSE,Class 4,English Grammar,Step up English Grammar and Composition (For Acad. Year 2023-24),,18,Active,
2413,Chapter 18 Thoughts that make us better Human Beings,18,CBSE,Class 4,Social Studies,Social Studies  for Juniors,,18,Active,
2414,Chapter 18 Vocabulary,18,CBSE,Class 1,English Grammar,Step up English Grammar and Composition (For Acad. Year 2023-24),,18,Active,
2415,Chapter 18 Wastewater Story,18,CBSE,Class 7,Science,NCERT Science,,18,Active,
2416,Chapter 18 Weather and Seasons,18,CBSE,Class 1,Environmental Studies,Blue Planet (2023-24),,18,Active,
2417,Chapter 18 अनेक शब्दों के लिए एक शब्द,18,CBSE,Class 5,Hindi,Naveen Hindi Vyavaharik Vyakaran Tatha Rachna,,18,Active,
2418,Chapter 18 अव्यय : क्रियाविशेषण,18,CBSE,Class 8,Hindi,Naveen Hindi Vyavaharik Vyakaran Tatha Rachna,,18,Active,
2419,"Chapter 18 अव्यय : संबंधबोधक, समुच्चयबोधक तथा विस्मयादिबोधक",18,CBSE,Class 6,Hindi,Naveen Hindi Vyavaharik Vyakaran Tatha Rachna,,18,Active,
2420,Chapter 18 उलटा अर्थ बताने वाले शब्द (विलोम ),18,CBSE,Class 2,Hindi,Naveen Hindi Vyavaharik Vyakaran Tatha Rachna,,18,Active,
2421,Chapter 18 गिल्लू,18,CBSE,Class 7,Hindi,Nikunj Hindi Pathmala,,1,Active,
2422,Chapter 18 पत्र लेखन,18,CBSE,Class 3,Hindi,Naveen Hindi Vyavaharik Vyakaran Tatha Rachna,,18,Active,
2423,Chapter 18 पद परिचय,18,CBSE,Class 7,Hindi,Naveen Hindi Vyavaharik Vyakaran Tatha Rachna,,18,Active,
2424,Chapter 18 शब्द सीढ़ी की कड़ियाँ जोड़ना,18,CBSE,Class 4,Hindi,Naveen Hindi Vyavaharik Vyakaran Tatha Rachna,,18,Active,
2425,Chapter 18 Animals Around Us,18,CBSE,Class 2,Environmental Studies,Illustrative Environmental Studies,,18,Active,
2426,Chapter 18 Local Institutions,18,CBSE,Class 4,Environmental Studies,Illustrative Environmental Studies,,18,Active,
2427,Chapter 18.  Interrogative Sentences,18,CBSE,Class 2,English,Elementary English Grammar and Composition,,18,Active,
2428,Chapter 18. Agreement Of Verb With Subject,18,CBSE,Class 4,English,Elementary English Grammar and Composition,,18,Active,
2429,Chapter 18. Evolution of Artificial Intelligence,18,CBSE,Class 6,Computer Science,Computer Science Success,,18,Active,
2430,Chapter 18. Water in the Oceans,18,CBSE,Class 7,Social Science,A Text Book of Social Sciences,,18,Active,
2431,Chapter 18. Advanced Sequencing,18,CBSE,Class 8,Computer Science,Computer Science Success,,18,Active,
2432,Chapter 18. Air and Water,18,CBSE,Class 3,Environmental Studies,Blue Planet (2023-24),,18,Active,
2433,Chapter 18. Air and Water,18,CBSE,Class 3,Environmental Studies,Blue Planet,,18,Active,
2434,Chapter 18. Beginning of The Freedom Struggle,18,CBSE,Class 5,Social Studies,Social Studies Success (2023-24),,18,Active,
2435,Chapter 18. Circle,18,ICSE,Class 6,Mathematics,Foundation Mathematics,,18,Active,
2436,Chapter 18. Circle,18,ICSE,Class 6,Mathematics,Foundation Mathematics,,18,Active,
2437,Chapter 18. Circle,18,ICSE,Class 6,Mathematics,Foundation Mathematics (2023-24),,18,Active,
2438,"Chapter 18. Force, Work and Energy",18,CBSE,Class 5,Environmental Studies,Blue Planet,,18,Active,
2439,Chapter 18. Fun with Functions,18,CBSE,Class 7,Computer Science,Computer Science Success,,18,Active,
2440,Chapter 18. Globe A Model of the Earth (latitudes and longitudes),18,CBSE,Class 6,Social Science,A Text Book of Social Sciences,,18,Active,
2441,Chapter 18. Heavy Vehicles to Know About,18,CBSE,Class 2,General Knowledge,General Knowledge Times (2023-24),,18,Active,
2442,Chapter 18. Introduction to Graphs,18,CBSE,Class 8,Mathematics,Exploring Mathematics,,18,Active,
2443,Chapter 18. Modals,18,CBSE,Class 6,English Grammar,Step up English Grammar and Composition (For Acad. Year 2023-24),,18,Active,
2444,Chapter 18. Natural Vegetation and Wildlife Resources,18,CBSE,Class 8,Social Science,A Text Book of Social Sciences,,18,Active,
2445,Chapter 18. One and More Than One,18,CBSE,Class 1,English,Elementary English Grammar and Composition,,18,Active,
2446,Chapter 18. Our Green Friends,18,CBSE,Class 2,Environmental Studies,Blue Planet,,18,Active,
2447,Chapter 18. Our Hobbies,18,CBSE,Class 1,General Knowledge,General Knowledge Times (2023-24),,18,Active,
2448,Chapter 18. Pollution of Air and Water,18,CBSE,Class 8,Science,Learning Elementary Science,,18,Active,
2449,Chapter 18. Pollution of Air and Water,18,CBSE,Class 8,Science,Science Success,,18,Active,
2450,Chapter 18. Properties of Triangles,18,ICSE,Class 7,Mathematics,Foundation Mathematics (2023-24),,18,Active,
2451,Chapter 18. Punctuation and Capital Letters,17,CBSE,Class 8,English Grammar,Step up English Grammar and Composition (For Acad. Year 2023-24),,17,Active,
2452,Chapter 18. Three Dimensional Solids,18,ICSE,Class 8,Mathematics,Foundation Mathematics,,18,Active,
2453,Chapter 18. Three Dimensional Solids,18,ICSE,Class 8,Mathematics,Foundation Mathematics (2023-24),,18,Active,
2454,Chapter 18. Waste Generation and Management,18,ICSE,Class 9,Biology,A New Approach to I.C.S.E. Biology (2023-24),,18,Active,
2455,Chapter 18. Waste water Management,18,CBSE,Class 7,Science,Learning Elementary Science,,18,Active,
2456,Chapter 18. Wastewater Story,18,CBSE,Class 7,Science,Science Success,,18,Active,
2457,Chapter 18. Weather and Seasons,18,CBSE,Class 1,Environmental Studies,Blue Planet,,18,Active,
2458,Chapter 18. World of Plants,18,CBSE,Class 4,Environmental Studies,Blue Planet (2023-24),,18,Active,
2459,Chapter 18. World of Plants,18,CBSE,Class 4,Environmental Studies,Blue Planet,,18,Active,
2460,Chapter 18. जगदीशचंद्र बसु,18,CBSE,Class 6,Hindi,Nootan Saral Hindi Mala,,18,Active,
2461,Chapter 18. बाललीला,18,CBSE,Class 7,Hindi,Nootan Saral Hindi Mala,,18,Active,
2462,Chapter 18. भक्ति पदावली,18,CBSE,Class 8,Hindi,Nootan Saral Hindi Mala,,18,Active,
2463,"Chapter 18.""मेरा जन्मदिन """,18,CBSE,Class 1,Hindi,Bal Bhasha Bharti,,18,Active,
2464,Chapter 19 Ages,19,CBSE,Class 5,General Aptitude,Know Your Aptitude,,19,Active,
2465,Chapter 19 Interrogative Sentences,19,CBSE,Class 3,English,Elementary English Grammar and Composition,,19,Active,
2466,Chapter 19 : Flightless Birds,5,CBSE,Class 3,General Knowledge,General Knowledge Times (2023-24),,5,Active,
2467,Chapter 19 : India Wins Freedom,19,CBSE,Class 5,Social Studies,Social Studies Success,,1,Active,
2468,Chapter 19 : Noise Pollution,5,CBSE,Class 6,General Knowledge,General Knowledge Times (2023-24),,5,Active,
2469,Chapter 19 : Some Unique Trees,9,CBSE,Class 4,General Knowledge,General Knowledge Times (2023-24),,9,Active,
2470,Chapter 19 : Symmetry,19,ICSE,Class 7,Mathematics,Foundation Mathematics,,19,Active,
2471,Chapter 19 : They Showed us the Way,19,CBSE,Class 4,Social Studies,Social Studies Success,,1,Active,
2472,Chapter 19 : Volume And Surface Area Of Solids,19,ICSE,Class 9,Mathematics,I.C.S.E. Foundation Mathematics (2023-24),,19,Active,
2473,Chapter 19 Ages,19,CBSE,Class 6,General Aptitude,Know Your Aptitude,,19,Active,
2474,Chapter 19 Animals Around Us,19,CBSE,Class 2,Environmental Studies,Blue Planet (2023-24),,19,Active,
2475,Chapter 19 Comprehension,19,CBSE,Class 1,English Grammar,Step up English Grammar and Composition (For Acad. Year 2023-24),,19,Active,
2476,Chapter 19 Counting Triangles/Squares,19,CBSE,Class 3,General Aptitude,Know Your Aptitude,,19,Active,
2477,Chapter 19 Dice,19,CBSE,Class 7,General Aptitude,Know Your Aptitude,,19,Active,
2478,Chapter 19 Dice,19,CBSE,Class 8,General Aptitude,Know Your Aptitude,,19,Active,
2479,"Chapter 19 Do, Does, Go, Goes",19,CBSE,Class 2,English Grammar,Step up English Grammar and Composition (For Acad. Year 2023-24),,19,Active,
2480,Chapter 19 Fractions,19,CBSE,Class 4,General Aptitude,Know Your Aptitude,,19,Active,
2481,Chapter 19 India Wins Freedom,19,CBSE,Class 5,Social Studies,Social Studies  for Juniors,,19,Active,
2482,Chapter 19 Linear Graphs,19,CBSE,Class 8,Mathematics,Mathematics Success,,19,Active,
2483,Chapter 19 Local Institutions,19,CBSE,Class 5,Environmental Studies,Illustrative Environmental Studies,,19,Active,
2484,Chapter 19 Master of Fate,19,CBSE,Class 5,Moral Science,The Mirror of Values,,19,Active,
2485,Chapter 19 Materials and Their Properties,19,CBSE,Class 5,Environmental Studies,Blue Planet (2023-24),,19,Active,
2486,"Chapter 19 Our Goals, Right And Duties",19,CBSE,Class 4,Social Studies,Essential Social Studies for (2023-24),,19,Active,
2487,"Chapter 19 Our Goals, Right And Duties",19,CBSE,Class 4,Social Studies,Social Studies Success (2023-24),,19,Active,
2488,Chapter 19 Our National Symbols,19,CBSE,Class 4,Social Studies,Social Studies  for Juniors,,19,Active,
2489,Chapter 19 Simple Future Tense,19,CBSE,Class 5,English Grammar,Step up English Grammar and Composition (For Acad. Year 2023-24),,19,Active,
2490,Chapter 19 Simple Past Tense,19,CBSE,Class 3,English Grammar,Step up English Grammar and Composition (For Acad. Year 2023-24),,19,Active,
2491,Chapter 19 Simple Present Tense,19,CBSE,Class 4,English Grammar,Step up English Grammar and Composition (For Acad. Year 2023-24),,19,Active,
2492,Chapter 19 Strong And Weak Verbs,19,CBSE,Class 5,English,Elementary English Grammar and Composition,,19,Active,
2493,Chapter 19 The Earth and the Sky,19,CBSE,Class 1,Environmental Studies,Blue Planet (2023-24),,19,Active,
2494,Chapter 19 The Story of My life,19,CBSE,Class 7,English,Stepping Stones,,19,Active,
2495,Chapter 19 Water,19,CBSE,Class 2,Social Studies,Social Studies  for Juniors,,19,Active,
2496,Chapter 19 अपठित गद्यांश,19,CBSE,Class 3,Hindi,Naveen Hindi Vyavaharik Vyakaran Tatha Rachna,,19,Active,
2497,"Chapter 19 अव्यय : संबंधबोधक, समुच्चयबोधक, विस्मयादिबोधक तथा निपात",19,CBSE,Class 8,Hindi,Naveen Hindi Vyavaharik Vyakaran Tatha Rachna,,19,Active,
2498,Chapter 19 चित्र वर्णन,19,CBSE,Class 4,Hindi,Naveen Hindi Vyavaharik Vyakaran Tatha Rachna,,19,Active,
2499,Chapter 19 वाक्य विचार,19,CBSE,Class 6,Hindi,Naveen Hindi Vyavaharik Vyakaran Tatha Rachna,,19,Active,
2500,Chapter 19 वाक्य विचार,19,CBSE,Class 7,Hindi,Naveen Hindi Vyavaharik Vyakaran Tatha Rachna,,19,Active,
2501,Chapter 19 समान अर्थ बताने वाले शब्द (पर्यायवाची ),19,CBSE,Class 2,Hindi,Naveen Hindi Vyavaharik Vyakaran Tatha Rachna,,19,Active,
2502,Chapter 19 सूचना लेखन,19,CBSE,Class 5,Hindi,Naveen Hindi Vyavaharik Vyakaran Tatha Rachna,,19,Active,
2503,Chapter 19 World Around Us,19,CBSE,Class 2,Environmental Studies,Illustrative Environmental Studies,,19,Active,
2504,Chapter 19.  Questions And Answers,19,CBSE,Class 2,English,Elementary English Grammar and Composition,,19,Active,
2505,Chapter 19. Comparison Of Adverbs Exercises,19,CBSE,Class 4,English,Elementary English Grammar and Composition,,19,Active,
2506,Chapter 19. Natural Vegetation and Wildlife,19,CBSE,Class 7,Social Science,A Text Book of Social Sciences,,19,Active,
2507,Chapter 19. Active and Passive Voice,19,CBSE,Class 6,English Grammar,Step up English Grammar and Composition (For Acad. Year 2023-24),,19,Active,
2508,Chapter 19. Animals Around Us,19,CBSE,Class 2,Environmental Studies,Blue Planet,,19,Active,
2509,Chapter 19. At Your Service,19,CBSE,Class 1,General Knowledge,General Knowledge Times (2023-24),,19,Active,
2510,Chapter 19. Basics of Artificial Intelligence,19,CBSE,Class 8,Computer Science,Computer Science Success,,19,Active,
2511,Chapter 19. Construction of Quadrilaterals,19,ICSE,Class 8,Mathematics,Foundation Mathematics (2023-24),,19,Active,
2512,Chapter 19. Geometrical Constructions,19,ICSE,Class 8,Mathematics,Foundation Mathematics,,19,Active,
2513,Chapter 19. India Wins Freedom,19,CBSE,Class 5,Social Studies,Social Studies Success (2023-24),,19,Active,
2514,Chapter 19. Integrated Grammar,18,CBSE,Class 8,English Grammar,Step up English Grammar and Composition (For Acad. Year 2023-24),,18,Active,
2515,Chapter 19. Materials and Their Properties,19,CBSE,Class 5,Environmental Studies,Blue Planet,,19,Active,
2516,Chapter 19. Means of Transport,19,CBSE,Class 2,General Knowledge,General Knowledge Times (2023-24),,19,Active,
2517,Chapter 19. Minerals and Power Resources,19,CBSE,Class 8,Social Science,A Text Book of Social Sciences,,19,Active,
2518,Chapter 19. Motions of the Earth,19,CBSE,Class 6,Social Science,A Text Book of Social Sciences,,19,Active,
2519,Chapter 19. Pairs of Words,19,CBSE,Class 1,English,Elementary English Grammar and Composition,,19,Active,
2520,Chapter 19. Polygons,19,ICSE,Class 6,Mathematics,Foundation Mathematics,,19,Active,
2521,Chapter 19. Polygons,19,ICSE,Class 6,Mathematics,Foundation Mathematics,,19,Active,
2522,Chapter 19. Polygons,19,ICSE,Class 6,Mathematics,Foundation Mathematics (2023-24),,19,Active,
2523,Chapter 19. Robotics,19,CBSE,Class 7,Computer Science,Computer Science Success,,19,Active,
2524,Chapter 19. Symmetry,19,ICSE,Class 7,Mathematics,Foundation Mathematics (2023-24),,19,Active,
2525,Chapter 19. The Earth and the Sky,19,CBSE,Class 1,Environmental Studies,Blue Planet,,19,Active,
2526,Chapter 19. Weather and Seasons,19,CBSE,Class 3,Environmental Studies,Blue Planet (2023-24),,19,Active,
2527,Chapter 19. Weather and Seasons,19,CBSE,Class 3,Environmental Studies,Blue Planet,,19,Active,
2528,Chapter 19. World of Animals,19,CBSE,Class 4,Environmental Studies,Blue Planet (2023-24),,19,Active,
2529,Chapter 19. World of Animals,19,CBSE,Class 4,Environmental Studies,Blue Planet,,19,Active,
2530,Chapter 19. सच्चा तीर्थयात्री,19,CBSE,Class 7,Hindi,Nootan Saral Hindi Mala,,19,Active,
2531,Chapter 19. हिरोशिमा की आग,19,CBSE,Class 8,Hindi,Nootan Saral Hindi Mala,,19,Active,
2532,"Chapter 19.""हमारा झंडा """,19,CBSE,Class 1,Hindi,Bal Bhasha Bharti,,19,Active,
2533,Chapter 1O. Motion and Measurement of Distances,10,CBSE,Class 6,Science,Science Success,,10,Active,
2534,Chapter 2 Addition,2,ICSE,Class 1,Mathematics,Foundation Mathematics,,2,Active,
2535,Chapter 2 बिना मात्रा के शब्द,2,CBSE,Class 1,Hindi,Nootan Saral Hindi Mala,,1,Active,
2536,Chapter 2 बिना मात्रा के शब्द,2,CBSE,Class 1,Hindi,Nikunj Hindi Pathmala,,1,Active,
2537,Chapter 2 बिना मात्रा के शब्द,2,CBSE,Class 1,Hindi,Nikunj Hindi Pathmala (2023-24),,2,Active,
2538,Chapter 2 वर्ण विचार,2,CBSE,Class 8,Hindi,Naveen Hindi Vyavaharik Vyakaran Tatha Rachna,,2,Active,
2539,Chapter 2 : Banking,2,ICSE,Class 10,Mathematics,I.C.S.E. Foundation Mathematics (2023-24),,2,Active,
2540,Chapter 2 : Compund Interest,2,ICSE,Class 9,Mathematics,I.C.S.E. Foundation Mathematics (2023-24),,2,Active,
2541,Chapter 2 : Exponents and Power,2,ICSE,Class 8,Mathematics,Foundation Mathematics,,2,Active,
2542,Chapter 2 : Force and Pressure,2,ICSE,Class 7,Physics,Learning Elementary Physics,,1,Active,
2543,Chapter 2 : Handicrafts of North India,1,CBSE,Class 5,General Knowledge,General Knowledge Times (2023-24),,1,Active,
2544,Chapter 2 : How Our Earth Looks,2,CBSE,Class 3,Social Studies,Social Studies Success,,1,Active,
2545,Chapter 2 : Indian Prints and Dyes,1,CBSE,Class 6,General Knowledge,General Knowledge Times (2023-24),,1,Active,
2546,Chapter 2 : Maps : Our Guides,2,CBSE,Class 5,Social Studies,Social Studies Success,,1,Active,
2547,Chapter 2 : My Family,2,CBSE,Class 1,Social Studies,Social Studies Success,,1,Active,
2548,Chapter 2 : Physical Quantities and Measurement,2,ICSE,Class 8,Physics,Learning Elementary Physics,,1,Active,
2549,Chapter 2 : Rational Numbers,2,ICSE,Class 7,Mathematics,Foundation Mathematics,,2,Active,
2550,Chapter 2 : The Family,2,CBSE,Class 2,Social Studies,Social Studies Success,,1,Active,
2551,Chapter 2 : The Northern Mountains,2,CBSE,Class 4,Social Studies,Social Studies Success,,1,Active,
2552,Chapter 2 : Traditional Painting Styles in India,2,CBSE,Class 7,General Knowledge,General Knowledge Times (2023-24),,2,Active,
2553,Chapter 2 : Waterfalls in India,2,CBSE,Class 4,General Knowledge,General Knowledge Times (2023-24),,2,Active,
2554,Chapter 2 'ક' થી 'ઝ'નો અભ્યાસ,2,CBSE,Class 1,Gujarati,Meghdhanush,,2,Active,
2555,Chapter 2 A Mad Tea Party,2,CBSE,Class 8,English,Stepping Stones,,2,Active,
2556,Chapter 2 A Secret Riddle,2,CBSE,Class 3,English,Get Smart A Multi-skill English Course,,2,Active,
2557,"Chapter 2 Acids, Bases and Salts",2,CBSE,Class 10,Science,NCERT Science,,2,Active,
2558,"Chapter 2 Acids, Bases and Salts",2,CBSE,Class 10,Science,NCQRT Science,,2,Active,
2559,Chapter 2 Adaptation in Plants,2,CBSE,Class 4,Science,Learning Elementary Science (For Acad. Year 2023-24),,2,Active,
2560,Chapter 2 Adaptation in Plants,2,CBSE,Class 4,Science,Learning Elementary Science (For Acad. Year 2023-24),,2,Active,
2561,Chapter 2 Addition,2,CBSE,Class 2,Mathematics,Mathematics Success (2023-24),,2,Active,
2562,Chapter 2 Addition,2,CBSE,Class 3,Mathematics,Mathematics Success (2023-24),,2,Active,
2563,Chapter 2 Addition,2,CBSE,Class 2,Mathematics,Progress in Mathematics,,2,Active,
2564,Chapter 2 Addition,2,CBSE,Class 3,Mathematics,Progress in Mathematics,,2,Active,
2565,Chapter 2 Addition and Subtraction,2,CBSE,Class 5,Mathematics,Progress in Mathematics,,2,Active,
2566,Chapter 2 Addition and Subtraction,2,CBSE,Class 4,Mathematics,Mathematics Success (2023-24),,2,Active,
2567,Chapter 2 Addition and Subtraction,2,CBSE,Class 4,Mathematics,Progress in Mathematics,,2,Active,
2568,Chapter 2 Addition up to 10,2,CBSE,Class 1,Mathematics,Progress in Mathematics,,2,Active,
2569,Chapter 2 Addition up to 9,2,CBSE,Class 1,Mathematics,Mathematics Success (2023-24),,2,Active,
2570,Chapter 2 Algorithms with block coding,2,CBSE,Class 6,Coding,Fun with Coding,,2,Active,
2571,Chapter 2 Animal Lifestyles,2,CBSE,Class 5,Science,Learning Elementary Science (For Acad. Year 2023-24),,2,Active,
2572,Chapter 2 At the zoo,2,CBSE,Class 2,English,Stepping Stones,,2,Active,
2573,Chapter 2 Atmosphere,2,ICSE,Class 7,Geography,A Textbook of Geography (2023-24),,2,Active,
2574,Chapter 2 Bones and Muscles,2,CBSE,Class 5,Environmental Studies,Blue Planet (2023-24),,2,Active,
2575,Chapter 2 Calenders line and Timelines,2,ICSE,Class 4,Social Studies,Essential Social Studies for (2023-24),,2,Active,
2576,"Chapter 2 Cell Cycle, Cell Division and Structure of Chromosomes",2,ICSE,Class 10,Biology,A New Approach to I.C.S.E. Biology (2023-24),,2,Active,
2577,Chapter 2 Changes in Neighbourhood and School,2,ICSE,Class 3,Social Studies,Essential Social Studies for (2023-24),,2,Active,
2578,Chapter 2 Characteristics of a Computer,2,CBSE,Class 4,Computer Science,Desktop My Book of Computer Science,,2,Active,
2579,Chapter 2 Characteristics of a Computer,2,CBSE,Class 4,Computer Science,Exploring Computer Science,,2,Active,
2580,Chapter 2 Cheerfulness,2,CBSE,Class 4,Moral Science,The Mirror of Values,,2,Active,
2581,Chapter 2 Chemical Bonding  Ionic And Covalent Compounds,2,ICSE,Class 10,Chemistry,A New Approach to I.C.S.E. Chemistry,,2,Active,
2582,Chapter 2 Chemical Bonding Ionic And Covalent Copound,2,ICSE,Class 10,Chemistry,A New Approach to I.C.S.E. Chemistry (2023-24),,2,Active,
2583,Chapter 2 Components Of Food,2,CBSE,Class 6,Science,NCERT Science,,2,Active,
2584,Chapter 2 Computer Care,2,CBSE,Class 3,Computer Science,Exploring Computer Science,,2,Active,
2585,Chapter 2 Computer Hardware and Software,2,CBSE,Class 5,Computer Science,Enter  A Complete Course in Computer Science,,2,Active,
2586,Chapter 2 Computer Memory,2,CBSE,Class 5,Computer Science,Desktop My Book of Computer Science,,2,Active,
2587,Chapter 2 Computer Memory,2,CBSE,Class 5,Computer Science,Exploring Computer Science,,2,Active,
2588,Chapter 2 Control and Coordination,2,CBSE,Class 10,Science,Gateway to Science Biology,,2,Active,
2589,Chapter 2 Difference between Plants and Animals,2,CBSE,Class 3,Science,Learning Elementary Science (For Acad. Year 2023-24),,2,Active,
2590,Chapter 2 Downloading And Installing Files,2,CBSE,Class 8,Computer Science,Online with Computer,,2,Active,
2591,Chapter 2 Drawing And Colouring In Paint,2,CBSE,Class 3,Computer Science,Online with Computer,,2,Active,
2592,Chapter 2 Earth Day,2,CBSE,Class 4,English,Stepping Stones,,2,Active,
2593,Chapter 2 Electronic Mail,2,CBSE,Class 6,Computer Science,Desktop My Book of Computer Science,,2,Active,
2594,Chapter 2 Electronic Mail,2,CBSE,Class 6,Computer Science,Exploring Computer Science,,2,Active,
2595,"Chapter 2 Elements, Compounds and Mixtures",2,ICSE,Class 6,Chemistry,Learning Elementary Chemistry,,2,Active,
2596,Chapter 2 Enhancing Your Document,2,CBSE,Class 7,Computer Science,Online with Computer,,2,Active,
2597,Chapter 2 Exploring Your Computer,2,CBSE,Class 5,Computer Science,Online with Computer,,2,Active,
2598,Chapter 2 Exponents,2,CBSE,Class 8,Mathematics,Mathematics Success (2023-24),,2,Active,
2599,Chapter 2 Exponents,2,CBSE,Class 8,Mathematics,Mathematics Success,,2,Active,
2600,Chapter 2 Exponents and Power,2,CBSE,Class 8,Mathematics,Progress in Mathematics,,2,Active,
2601,Chapter 2 Families and Relationships,2,CBSE,Class 3,Social Studies,Illustrative Environmental Studies,,2,Active,
2602,Chapter 2 Families and Relationships,2,CBSE,Class 3,Environmental Studies,Illustrative Environmental Studies,,2,Active,
2603,Chapter 2 Features And Uses Of Computers,2,CBSE,Class 4,Computer Science,Online with Computer,,2,Active,
2604,Chapter 2 Force And Pressure : Motion,2,ICSE,Class 7,Science,Learning Elementary Physics (2023-24),,2,Active,
2605,Chapter 2 Formatting Paragraphs In Word 2003,2,CBSE,Class 6,Computer Science,Online with Computer,,2,Active,
2606,Chapter 2 Formulas and Functions in MS Excel,2,CBSE,Class 7,Computer Science,Enter  A Complete Course in Computer Science,,2,Active,
2607,Chapter 2 Fractions,2,CBSE,Class 7,Mathematics,Progress in Mathematics,,2,Active,
2608,Chapter 2 Fractions,2,CBSE,Class 7,Mathematics,Mathematics Success (2023-24),,2,Active,
2609,Chapter 2 Fractions,2,CBSE,Class 7,Mathematics,Mathematics Success,,2,Active,
2610,Chapter 2 Fractions and Decimals,2,CBSE,Class 7,Mathematics,NCERT Mathematics,,2,Active,
2611,Chapter 2 Functioning of a computer,2,CBSE,Class 4,Computer Science,Enter  A Complete Course in Computer Science,,2,Active,
2612,Chapter 2 God Sees All,2,CBSE,Class 1,Moral Science,The Mirror of Values,,2,Active,
2613,Chapter 2 Hello Computers,2,CBSE,Class 2,Computer Science,Online with Computer,,2,Active,
2614,Chapter 2 Hobbies,2,CBSE,Class 3,Moral Science,The Mirror of Values,,2,Active,
2615,Chapter 2 How a Computer Works,2,CBSE,Class 3,Computer Science,Enter  A Complete Course in Computer Science,,2,Active,
2616,Chapter 2 How Our Earth Looks,2,CBSE,Class 3,Social Studies,Social Studies  for Juniors,,2,Active,
2617,Chapter 2 How Our Earth Looks,2,CBSE,Class 3,Social Studies,Social Studies Success (2023-24),,2,Active,
2618,Chapter 2 How Our Earth Looks,2,CBSE,Class 3,Social Studies,Illustrative Social Studies,,2,Active,
2619,Chapter 2 Human Body,2,ICSE,Class 3,Science,Essential Science,,2,Active,
2620,Chapter 2 Human Body,2,ICSE,Class 3,Science,Essential Science (2023-24),,2,Active,
2621,Chapter 2 Human Skeletal System,2,ICSE,Class 5,Science,Essential Science (2023-24),,2,Active,
2622,Chapter 2 Human Skeletal System,2,ICSE,Class 5,Science,Essential Science,,2,Active,
2623,Chapter 2 Interpretation of Topographical  Map 2,2,ICSE,Class 10,Geography,A Textbook of Geography (2023-24),,2,Active,
2624,Chapter 2 Introduction to MS Access,2,CBSE,Class 8,Computer Science,Enter  A Complete Course in Computer Science,,2,Active,
2625,Chapter 2 Is Matter Around Us Pure,2,CBSE,Class 9,Science,Gateway to Science Chemistry,,2,Active,
2626,Chapter 2 Is Matter Around Us Pure?,2,CBSE,Class 9,Science,NCERT Science,,2,Active,
2627,Chapter 2 Keeping Clean,2,CBSE,Class 2,Moral Science,The Mirror of Values,,2,Active,
2628,Chapter 2 Kinds Of Sentences,2,CBSE,Class 5,English,Elementary English Grammar and Composition,,2,Active,
2629,Chapter 2 Kingdom Classification,2,ICSE,Class 7,Science,Learning Elementary Biology (2023-24),,2,Active,
2630,Chapter 2 Landforms,2,ICSE,Class 6,Geography,A Textbook of Geography (2023-24),,2,Active,
2631,Chapter 2 Latitudes And Longitudes,2,ICSE,Class 9,Geography,A Textbook of Geography (2023-24),,2,Active,
2632,Chapter 2 Linear Equations in One Variable,2,CBSE,Class 8,Mathematics,NCERT Mathematics,,2,Active,
2633,Chapter 2 Maps Our Guides,2,CBSE,Class 5,Social Studies,Social Studies  for Juniors,,2,Active,
2634,Chapter 2 Meeting And Greeting Friends In School,2,CBSE,Class 1,English,Stepping Stones,,2,Active,
2635,Chapter 2 Microorganisms : Friend and Foe,2,CBSE,Class 8,Science,Science Success (2023-24),,2,Active,
2636,Chapter 2 Microorganisms : Friend And Foe,2,CBSE,Class 8,Science,NCERT Science,,2,Active,
2637,Chapter 2 More Features of MS Word 2010,2,CBSE,Class 7,Computer Science,Exploring Computer Science,,2,Active,
2638,Chapter 2 More Features of MS Word 2010,2,CBSE,Class 7,Computer Science,Desktop My Book of Computer Science,,2,Active,
2639,Chapter 2 Mouse And Keyboard,2,CBSE,Class 1,Computer Science,Online with Computer,,2,Active,
2640,Chapter 2 My Body,2,CBSE,Class 1,Environmental Studies,Blue Planet (2023-24),,2,Active,
2641,Chapter 2 My Body,2,CBSE,Class 2,Environmental Studies,Blue Planet (2023-24),,2,Active,
2642,Chapter 2 My Family,2,CBSE,Class 1,Social Studies,Social Studies Success (2023-24),,2,Active,
2643,Chapter 2 My Family,2,CBSE,Class 2,Social Studies,Social Studies Success (2023-24),,2,Active,
2644,Chapter 2 Naming Words,2,CBSE,Class 1,English Grammar,Step up English Grammar and Composition (For Acad. Year 2023-24),,2,Active,
2645,Chapter 2 Nouns,2,CBSE,Class 7,English,Elementary English Grammar and Composition,,1,Active,
2646,Chapter 2 Nouns : Kinds of Nouns,2,CBSE,Class 6,English,Elementary English Grammar and Composition,,1,Active,
2647,Chapter 2 Nutrition in Animals,2,CBSE,Class 7,Science,Science Success (2023-24),,2,Active,
2648,Chapter 2 Nutrition in Animals,2,CBSE,Class 7,Science,NCERT Science,,2,Active,
2649,Chapter 2 Operations on Large Numbers,2,CBSE,Class 5,Mathematics,Mathematics Success (2023-24),,2,Active,
2650,Chapter 2 Organisms and Their Interdependence,2,CBSE,Class 5,Environmental Studies,Illustrative Environmental Studies,,2,Active,
2651,Chapter 2 Our Environment,2,CBSE,Class 1,General Knowledge,General Knowledge Times,,2,Active,
2652,Chapter 2 Our Environment,2,CBSE,Class 2,General Knowledge,General Knowledge Times,,2,Active,
2653,Chapter 2 Our Food,2,CBSE,Class 1,Social Studies,Social Studies  for Juniors,,2,Active,
2654,Chapter 2 Our Foods,2,CBSE,Class 2,Social Studies,Social Studies  for Juniors,,2,Active,
2655,Chapter 2 Our Surroundings,2,CBSE,Class 1,Science,Illustrative Science,,2,Active,
2656,Chapter 2 Our Surroundings,2,CBSE,Class 1,Science,Science Success (2023-24),,2,Active,
2657,Chapter 2 Parts of a Computer,2,CBSE,Class 1,Computer Science,Desktop My Book of Computer Science,,2,Active,
2658,Chapter 2 Parts of a Computer,2,CBSE,Class 2,Computer Science,Desktop My Book of Computer Science,,2,Active,
2659,Chapter 2 Parts of a Computer,2,CBSE,Class 1,Computer Science,Enter  A Complete Course in Computer Science,,2,Active,
2660,Chapter 2 Physical and chemical changes,2,ICSE,Class 8,Chemistry,Learning Elementary Chemistry,,2,Active,
2661,Chapter 2 Physical Features of India,2,CBSE,Class 4,Social Studies,Illustrative Social Studies,,2,Active,
2662,Chapter 2 Physical Quantities And Measurements,2,ICSE,Class 6,Science,Learning Elementary Physics (2023-24),,2,Active,
2663,Chapter 2 Physical Quantities and Measurement,2,ICSE,Class 8,Science,Learning Elementary Physics (2023-24),,2,Active,
2664,Chapter 2 Plants Our Friends,2,CBSE,Class 2,Science,Science Success (2023-24),,2,Active,
2665,Chapter 2 Playing with Numbers,2,CBSE,Class 6,Mathematics,Progress in Mathematics,,2,Active,
2666,Chapter 2 Polynomials,2,CBSE,Class 9,Mathematics,A Complete Course in Mathematics,,2,Active,
2667,Chapter 2 Polynomials,2,CBSE,Class 10,Mathematics,A Complete Course in Mathematics,,2,Active,
2668,Chapter 2 Polynomials,2,CBSE,Class 9,Mathematics,NCQRT Mathematics,,2,Active,
2669,Chapter 2 Population Dynamics,2,ICSE,Class 8,Geography,A Textbook of Geography (2023-24),,2,Active,
2670,Chapter 2 Programming in BASIC,2,CBSE,Class 8,Computer Science,Exploring Computer Science,,2,Active,
2671,Chapter 2 Reproduction In Plants And Animals,2,ICSE,Class 8,Science,Learning Elementary Biology (2023-24),,2,Active,
2672,Chapter 2 School,2,CBSE,Class 4,Social Studies,Illustrative Environmental Studies,,2,Active,
2673,Chapter 2 Sentences,2,CBSE,Class 4,English Grammar,Step up English Grammar and Composition (For Acad. Year 2023-24),,2,Active,
2674,Chapter 2 Sequencing with block coding,2,CBSE,Class 7,Coding,Fun with Coding,,2,Active,
2675,Chapter 2 Series,2,CBSE,Class 3,General Aptitude,Know Your Aptitude,,2,Active,
2676,Chapter 2 Series,2,CBSE,Class 4,General Aptitude,Know Your Aptitude,,2,Active,
2677,Chapter 2 Series,2,CBSE,Class 5,General Aptitude,Know Your Aptitude,,2,Active,
2678,Chapter 2 Series,2,CBSE,Class 6,General Aptitude,Know Your Aptitude,,2,Active,
2679,Chapter 2 Series,2,CBSE,Class 7,General Aptitude,Know Your Aptitude,,2,Active,
2680,Chapter 2 Series,2,CBSE,Class 8,General Aptitude,Know Your Aptitude,,2,Active,
2681,Chapter 2 Shelter,2,CBSE,Class 5,Social Studies,Illustrative Social Studies,,2,Active,
2682,Chapter 2 Sorting Materials into Groups,2,CBSE,Class 6,Science,Science Success (2023-24),,2,Active,
2683,Chapter 2 Statements and Questions,2,CBSE,Class 2,English Grammar,Step up English Grammar and Composition (For Acad. Year 2023-24),,2,Active,
2684,Chapter 2 Subject And Predicate,2,CBSE,Class 3,English,Elementary English Grammar and Composition,,2,Active,
2685,Chapter 2 Teeth and Digestive System,2,CBSE,Class 4,Science,Science Success,,1,Active,
2686,Chapter 2 Tenzin and the Yeti,2,CBSE,Class 4,English,Get Smart A Multi-skill English Course,,2,Active,
2687,Chapter 2 The Flower,2,ICSE,Class 6,Science,Learning Elementary Biology (2023-24),,2,Active,
2688,Chapter 2 The Gift,2,CBSE,Class 5,English,Get Smart A Multi-skill English Course,,2,Active,
2689,Chapter 2 The Mouse Tale,2,CBSE,Class 3,English,Stepping Stones,,2,Active,
2690,Chapter 2 The Northern Mountain Wall,2,CBSE,Class 4,Social Studies,Social Studies  for Juniors,,2,Active,
2691,Chapter 2 The Northern Mountains,2,CBSE,Class 4,Social Studies,Essential Social Studies for (2023-24),,2,Active,
2692,Chapter 2 The Northern Mountains,2,CBSE,Class 4,Social Studies,Social Studies Success (2023-24),,2,Active,
2693,Chapter 2 The Nouns,2,CBSE,Class 8,English,Elementary English Grammar and Composition,,1,Active,
2694,Chapter 2 The Power of Positive Thinking,2,CBSE,Class 5,Moral Science,The Mirror of Values,,2,Active,
2695,Chapter 2 The Sentence,2,CBSE,Class 3,English Grammar,Step up English Grammar and Composition (For Acad. Year 2023-24),,2,Active,
2696,Chapter 2 The Sentence,2,CBSE,Class 5,English Grammar,Step up English Grammar and Composition (For Acad. Year 2023-24),,2,Active,
2697,Chapter 2 The Shoemaker And The Elves,2,CBSE,Class 6,English,Stepping Stones,,2,Active,
2698,Chapter 2 The Stone Age,2,ICSE,Class 5,Social Studies,Essential Social Studies for (2023-24),,2,Active,
2699,Chapter 2 The Teeth,2,ICSE,Class 4,Science,Essential Science,,2,Active,
2700,Chapter 2 The Teeth,2,ICSE,Class 4,Science,Essential Science (2023-24),,2,Active,
2701,Chapter 2 The Three Spinners,2,CBSE,Class 5,English,Stepping Stones,,2,Active,
2702,Chapter 2 Tissues,2,CBSE,Class 9,Science,Gateway to Science Biology,,2,Active,
2703,Chapter 2 Uses of Computers,2,CBSE,Class 2,Computer Science,Enter  A Complete Course in Computer Science,,2,Active,
2704,Chapter 2 When Daddy was a Little Boy,2,CBSE,Class 7,English,Stepping Stones,,2,Active,
2705,Chapter 2 Whole Numbers,2,CBSE,Class 6,Mathematics,NCERT Mathematics,,2,Active,
2706,Chapter 2 Whole Numbers,2,CBSE,Class 6,Mathematics,Mathematics Success (2023-24),,2,Active,
2707,Chapter 2 Whole Numbers,2,CBSE,Class 6,Mathematics,Mathematics Success,,2,Active,
2708,"Chapter 2 Work, Power And Energy",2,ICSE,Class 10,Physics,A New Approach to I.C.S.E. Physics (2023-24),,2,Active,
2709,Chapter 2 Working with loops,2,CBSE,Class 8,Coding,Fun with Coding,,2,Active,
2710,Chapter 2 Working with Windows,2,CBSE,Class 6,Computer Science,Enter  A Complete Course in Computer Science,,2,Active,
2711,Chapter 2 World Around Us,2,CBSE,Class 3,General Knowledge,General Knowledge Times,,2,Active,
2712,Chapter 2 World Around Us,2,CBSE,Class 4,General Knowledge,General Knowledge Times,,2,Active,
2713,Chapter 2 World Around Us,2,CBSE,Class 5,General Knowledge,General Knowledge Times,,2,Active,
2714,Chapter 2 World Around Us,2,CBSE,Class 6,General Knowledge,General Knowledge Times,,2,Active,
2715,Chapter 2 World Around Us,2,CBSE,Class 7,General Knowledge,General Knowledge Times,,2,Active,
2716,Chapter 2 World Around Us,2,CBSE,Class 8,General Knowledge,General Knowledge Times,,2,Active,
2717,Chapter 2 एकता टूटने पर,2,CBSE,Class 7,Hindi,Nikunj Hindi Pathmala,,1,Active,
2718,Chapter 2 ओली और पोली,2,CBSE,Class 2,Hindi,Nootan Saral Hindi Mala,,1,Active,
2719,Chapter 2 कुएँ का पानी,2,CBSE,Class 4,Hindi,Nikunj Hindi Pathmala,,1,Active,
2720,Chapter 2 खेल दिवस,2,CBSE,Class 3,Hindi,Nikunj Hindi Pathmala,,1,Active,
2721,Chapter 2 गुब्बारे पर चीता,2,CBSE,Class 5,Hindi,Nikunj Hindi Pathmala (2023-24),,2,Active,
2722,Chapter 2 चने का खेत,2,CBSE,Class 5,Hindi,Nikunj Hindi Pathmala,,1,Active,
2723,Chapter 2 चीची का पनीर,2,CBSE,Class 3,Hindi,Nootan Saral Hindi Mala,,1,Active,
2724,Chapter 2 ढोल के बोल,2,CBSE,Class 2,Hindi,Nikunj Hindi Pathmala (2023-24),,2,Active,
2725,Chapter 2 धूर्त लोमड़ी,2,CBSE,Class 3,Hindi,Nikunj Hindi Pathmala (2023-24),,2,Active,
2726,Chapter 2 नाम बताने वाले शब्द,2,CBSE,Class 1,Hindi,Naveen Hindi Vyavaharik Vyakaran Tatha Rachna,,2,Active,
2727,Chapter 2 नौकर,2,CBSE,Class 8,Hindi,Nikunj Hindi Pathmala,,1,Active,
2728,Chapter 2 बुद्धि की जीत,2,CBSE,Class 4,Hindi,Nootan Saral Hindi Mala,,1,Active,
2729,Chapter 2 बुद्धि की जीत,2,CBSE,Class 4,Hindi,Nikunj Hindi Pathmala,,1,Active,
2730,Chapter 2 माता जी के साथ बाज़ार जाना (जातिवाचक संज्ञा),2,CBSE,Class 2,Hindi,Naveen Hindi Vyavaharik Vyakaran Tatha Rachna,,2,Active,
2731,Chapter 2 राघवन सुधर गया,2,CBSE,Class 2,Hindi,Nikunj Hindi Pathmala,,1,Active,
2732,Chapter 2 वर्ण,2,CBSE,Class 5,Hindi,Naveen Hindi Vyavaharik Vyakaran Tatha Rachna,,2,Active,
2733,Chapter 2 वर्ण और वर्णमाला,2,CBSE,Class 3,Hindi,Naveen Hindi Vyavaharik Vyakaran Tatha Rachna,,2,Active,
2734,Chapter 2 वर्ण विचार,2,CBSE,Class 6,Hindi,Naveen Hindi Vyavaharik Vyakaran Tatha Rachna,,2,Active,
2735,Chapter 2 वर्ण विचार,2,CBSE,Class 7,Hindi,Naveen Hindi Vyavaharik Vyakaran Tatha Rachna,,2,Active,
2736,"Chapter 2 वर्ण, वर्णमाला और मात्रा",2,CBSE,Class 4,Hindi,Naveen Hindi Vyavaharik Vyakaran Tatha Rachna,,2,Active,
2737,Chapter 2 सच्चा न्याय,2,CBSE,Class 4,Hindi,Nikunj Hindi Pathmala (2023-24),,2,Active,
2738,Chapter 2 सौ झीलें,2,CBSE,Class 6,Hindi,Nikunj Hindi Pathmala,,1,Active,
2739,Chapter 2 ઘરની શોધ (આત્મકથા),2,CBSE,Class 6,Gujarati,Meghdhanush,,2,Active,
2740,Chapter 2 જો ઝાડ પણ ચાલતું હોય તો?,2,CBSE,Class 4,Gujarati,Meghdhanush,,2,Active,
2741,Chapter 2 દાદાજી અને ઝંડો (ધ્વજ),2,CBSE,Class 7,Gujarati,Meghdhanush,,2,Active,
2742,Chapter 2 પાણી કિંમતી છે,2,CBSE,Class 3,Gujarati,Meghdhanush,,2,Active,
2743,Chapter 2 બારાખડીનો અભ્યાસ,2,CBSE,Class 2,Gujarati,Meghdhanush,,2,Active,
2744,Chapter 2 રાજકુમાર અને લીમડાનો છોડ,2,CBSE,Class 5,Gujarati,Meghdhanush,,2,Active,
2745,Chapter 2 સિંહ અને તોમચા,2,CBSE,Class 8,Gujarati,Meghdhanush,,2,Active,
2746,Chapter 2_Computer Care,2,CBSE,Class 3,Computer Science,Desktop My Book of Computer Science,,2,Active,
2747,Chapter 2_Parts of a Computer,2,CBSE,Class 1,Computer Science,Exploring Computer Science,,2,Active,
2748,Chapter 2_Parts of a Computer,2,CBSE,Class 2,Computer Science,Exploring Computer Science,,2,Active,
2749,Chapter 2_Programming in BASIC,2,CBSE,Class 8,Computer Science,Desktop My Book of Computer Science,,2,Active,
2750,Chapter 2 Adaptations in Plants,2,CBSE,Class 4,Science,Illustrative Science,,2,Active,
2751,Chapter 2 Addition,2,CBSE,Class 3,Mathematics,Illustrative Mathematics,,2,Active,
2752,Chapter 2 Addition and Subtraction,2,CBSE,Class 4,Mathematics,Illustrative Mathematics,,2,Active,
2753,Chapter 2 Addition up to 9,2,CBSE,Class 1,Mathematics,Illustrative Mathematics,,2,Active,
2754,Chapter 2 Addition up to 9,2,CBSE,Class 2,Mathematics,Illustrative Mathematics,,2,Active,
2755,Chapter 2 Animals : Habitat and Adaptations,2,CBSE,Class 5,Science,Illustrative Science,,2,Active,
2756,Chapter 2 My Body,2,CBSE,Class 1,Environmental Studies,Illustrative Environmental Studies,,2,Active,
2757,Chapter 2 My Body,2,CBSE,Class 2,Environmental Studies,Illustrative Environmental Studies,,2,Active,
2758,Chapter 2 My Family,2,CBSE,Class 1,Social Studies,Illustrative Social Studies,,2,Active,
2759,Chapter 2 Operations on Large Numbers,2,CBSE,Class 5,Mathematics,Illustrative Mathematics,,2,Active,
2760,Chapter 2 Plants and their Parts,2,CBSE,Class 3,Science,Illustrative Science,,2,Active,
2761,Chapter 2 Plants: Our Friends,2,CBSE,Class 2,Science,Illustrative Science,,2,Active,
2762,Chapter 2 School,2,CBSE,Class 4,Environmental Studies,Illustrative Environmental Studies,,2,Active,
2763,Chapter 2: Addition,2,ICSE,Class 1,Mathematics,Foundation Mathematics (2023-24),,2,Active,
2764,Chapter 2: Addition,2,ICSE,Class 2,Mathematics,Foundation Mathematics (2023-24),,2,Active,
2765,Chapter 2: Operations on Whole Number,2,ICSE,Class 6,Mathematics,Foundation Mathematics,,2,Active,
2766,Chapter 2.  Roman Numerals,2,ICSE,Class 4,Mathematics,Foundation Mathematics,,2,Active,
2767,Chapter 2.  Roman Numerals,2,ICSE,Class 4,Mathematics,Foundation Mathematics (2023-24),,2,Active,
2768,Chapter 2.  Subject And Predicate,2,CBSE,Class 4,English,Elementary English Grammar and Composition,,2,Active,
2769,Chapter 2. Addition,2,CBSE,Class 3,Mathematics,Mathematics Success,,2,Active,
2770,Chapter 2. Introduction to Adobe Flash CS6,2,CBSE,Class 6,Computer Science,Computer Science Success,,2,Active,
2771,Chapter 2. Managing Files and Folders,2,CBSE,Class 4,Computer Science,Computer Science Success,,2,Active,
2772,Chapter 2. More on Windows 10,2,CBSE,Class 5,Computer Science,Computer Science Success,,2,Active,
2773,Chapter 2. Roman Numerals,2,ICSE,Class 5,Mathematics,Foundation Mathematics,,2,Active,
2774,Chapter 2. Roman Numerals,2,ICSE,Class 5,Mathematics,Foundation Mathematics (2023-24),,2,Active,
2775,Chapter 2. The Two Parts of A Sentence,2,CBSE,Class 2,English,Elementary English Grammar and Composition,,2,Active,
2776,"Chapter 2. Acids, Bases and Salts",2,CBSE,Class 10,Science,Gateway to Science Chemistry,,2,Active,
2777,Chapter 2. Adaptation in Plants,2,CBSE,Class 4,Science,Learning Elementary Science,,2,Active,
2778,Chapter 2. Adaptations In Plants,2,CBSE,Class 4,Science,Science Success (2023-24),,2,Active,
2779,Chapter 2. Addition,2,ICSE,Class 3,Mathematics,Foundation Mathematics,,2,Active,
2780,Chapter 2. Addition,2,CBSE,Class 2,Mathematics,Exploring Mathematics,,2,Active,
2781,Chapter 2. Addition,2,CBSE,Class 3,Mathematics,Exploring Mathematics,,2,Active,
2782,Chapter 2. Addition,2,CBSE,Class 2,Mathematics,Mathematics Success,,2,Active,
2783,Chapter 2. Addition,2,ICSE,Class 3,Mathematics,Foundation Mathematics (2023-24),,2,Active,
2784,Chapter 2. Addition,2,CBSE,Class 3,Mathematics,Star Maths,,2,Active,
2785,Chapter 2. Addition,2,CBSE,Class 4,Mathematics,Star Maths,,2,Active,
2786,Chapter 2. Addition,2,CBSE,Class 5,Mathematics,Star Maths,,2,Active,
2787,Chapter 2. Addition,2,CBSE,Class 2,Mathematics,Star Maths,,2,Active,
2788,Chapter 2. Addition and Subtraction,2,CBSE,Class 4,Mathematics,Exploring Mathematics,,2,Active,
2789,Chapter 2. Addition and Subtraction,2,CBSE,Class 5,Mathematics,Exploring Mathematics,,2,Active,
2790,Chapter 2. Addition and Subtraction,2,CBSE,Class 4,Mathematics,Mathematics Success,,2,Active,
2791,Chapter 2. Addition up to 9,2,CBSE,Class 1,Mathematics,Mathematics Success,,2,Active,
2792,Chapter 2. Animal Lifestyles,2,CBSE,Class 5,Science,Learning Elementary Science,,2,Active,
2793,Chapter 2. Animals : Habitat And Adaptations,2,CBSE,Class 5,Science,Science Success (2023-24),,2,Active,
2794,Chapter 2. Be Safe and Healthy,2,CBSE,Class 3,Environmental Studies,Blue Planet (2023-24),,2,Active,
2795,Chapter 2. Be Safe and Healthy,2,CBSE,Class 3,Environmental Studies,Blue Planet,,2,Active,
2796,Chapter 2. Body,2,CBSE,Class 2,Environmental Studies,Blue Planet,,2,Active,
2797,Chapter 2. Bones and Muscles,2,CBSE,Class 5,Environmental Studies,Blue Planet,,2,Active,
2798,"Chapter 2. Cell Cycle, Cell Division and Structure of Chromosomes",2,ICSE,Class 10,Biology,A New Approach to ICSE Biology,,2,Active,
2799,Chapter 2. Chemical Changes and Reactions,2,ICSE,Class 9,Chemistry,A New Approach to I.C.S.E. Chemistry (2023-24),,2,Active,
2800,Chapter 2. Components of Food,2,CBSE,Class 6,Science,Science Success,,2,Active,
2801,Chapter 2. Components of Food,2,CBSE,Class 6,Science,Learning Elementary Science,,2,Active,
2802,Chapter 2. Computer Hardware,2,CBSE,Class 3,Computer Science,Fun with Linux,,2,Active,
2803,Chapter 2. Computer Hardware and Software,2,CBSE,Class 5,Computer Science,Fun with Linux,,2,Active,
2804,Chapter 2. Computer Languages,2,ICSE,Class 6,Computer Science,My Book of Computer Studies,,2,Active,
2805,Chapter 2. Computer Memory,2,CBSE,Class 4,Computer Science,Fun with Linux,,2,Active,
2806,Chapter 2. Computer Network,2,CBSE,Class 8,Computer Science,Computer Science Success,,2,Active,
2807,Chapter 2. Computer Software,2,ICSE,Class 5,Computer Science,My Book of Computer Studies,,2,Active,
2808,Chapter 2. Data Handling,2,CBSE,Class 1,Mathematics,Star Maths,,2,Active,
2809,Chapter 2. Difference between Plants and Animals,2,CBSE,Class 3,Science,Learning Elementary Science,,2,Active,
2810,Chapter 2. Do you know me?,2,CBSE,Class 1,General Knowledge,General Knowledge Times (2023-24),,2,Active,
2811,Chapter 2. Exponents and Powers,2,CBSE,Class 8,Mathematics,Exploring Mathematics,,2,Active,
2812,Chapter 2. Exponents and Powers,2,ICSE,Class 8,Mathematics,Foundation Mathematics (2023-24),,2,Active,
2813,Chapter 2. Food and Health,2,CBSE,Class 5,Science,Science Success,,2,Active,
2814,Chapter 2. Force and Laws of Motion,2,CBSE,Class 9,Science,Gateway to Science Physics,,2,Active,
2815,Chapter 2. Formulae and Functions in Excel,2,ICSE,Class 8,Computer Science,My Book of Computer Studies,,2,Active,
2816,Chapter 2. Formulas and Functions in Open Office Calc,2,CBSE,Class 7,Computer Science,Fun with Linux,,2,Active,
2817,Chapter 2. Fractions,2,CBSE,Class 7,Mathematics,Exploring Mathematics,,2,Active,
2818,Chapter 2. Fractions,2,ICSE,Class 7,Mathematics,Foundation Mathematics (2023-24),,2,Active,
2819,Chapter 2. Getting Around in Windows 10,2,CBSE,Class 3,Computer Science,Computer Science Success,,2,Active,
2820,Chapter 2. GUI Operating System An Introduction,2,ICSE,Class 3,Computer Science,My Book of Computer Studies,,2,Active,
2821,Chapter 2. GUI Operating System Desktop Management,2,ICSE,Class 4,Computer Science,My Book of Computer Studies,,2,Active,
2822,Chapter 2. Health and Safety,2,CBSE,Class 4,Environmental Studies,Blue Planet (2023-24),,2,Active,
2823,Chapter 2. Health and Safety,2,CBSE,Class 4,Environmental Studies,Blue Planet,,2,Active,
2824,Chapter 2. Human Eye and the Colourful World,2,CBSE,Class 10,Science,Gateway to Science Physics,,2,Active,
2825,Chapter 2. Insects You See,2,CBSE,Class 2,General Knowledge,General Knowledge Times (2023-24),,2,Active,
2826,Chapter 2. Internal Hardware Devices,2,ICSE,Class 7,Computer Science,My Book of Computer Studies,,2,Active,
2827,Chapter 2. Introduction To Data Science,2,CBSE,Class 8,Data Science,A text Book of Data Science,,2,Active,
2828,Chapter 2. Introduction to Data Science,2,CBSE,Class 10,Data Science,A text Book of Data Science,,2,Active,
2829,Chapter 2. Introduction to Open Office Base,2,CBSE,Class 8,Computer Science,Fun with Linux,,2,Active,
2830,Chapter 2. Is Matter Around Us Pure,2,CBSE,Class 9,Science,NCQRT Science,,2,Active,
2831,Chapter 2. Kingdom Classification,2,ICSE,Class 7,Biology,Learning Elementary Biology,,2,Active,
2832,Chapter 2. Maps : Our Guide,2,CBSE,Class 5,Social Studies,Social Studies Success (2023-24),,2,Active,
2833,Chapter 2. Microorganisms : Friend and Foe,2,CBSE,Class 8,Science,Learning Elementary Science (For Acad. Year 2023-24),,2,Active,
2834,Chapter 2. Microorganisms: Friend and Foe,2,CBSE,Class 8,Science,Science Success,,2,Active,
2835,Chapter 2. Microorganisms: Friend and Foe,2,CBSE,Class 8,Science,Learning Elementary Science,,2,Active,
2836,Chapter 2. More on Edubuntu,2,CBSE,Class 6,Computer Science,Fun with Linux,,2,Active,
2837,Chapter 2. Motion In One Dimension,2,ICSE,Class 9,Physics,A New Approach to I.C.S.E. Physics (2023-24),,2,Active,
2838,Chapter 2. My Body,2,CBSE,Class 1,Environmental Studies,Blue Planet,,2,Active,
2839,Chapter 2. Nationalism In India,2,CBSE,Class 10,History,NCQRT History,,2,Active,
2840,Chapter 2. New Kings and Kingdoms (AD 700 1200),2,CBSE,Class 7,Social Science,A Text Book of Social Sciences,,2,Active,
2841,Chapter 2. Number System,2,CBSE,Class 7,Computer Science,Computer Science Success,,2,Active,
2842,Chapter 2. Nutrition in Animals,2,CBSE,Class 7,Science,Science Success,,2,Active,
2843,Chapter 2. Nutrition in Animals,2,CBSE,Class 7,Science,Learning Elementary Science (For Acad. Year 2023-24),,2,Active,
2844,Chapter 2. Nutrition in Animals,2,CBSE,Class 7,Science,Learning Elementary Science,,2,Active,
2845,Chapter 2. Operations on Large Numbers,2,CBSE,Class 5,Mathematics,Mathematics Success,,2,Active,
2846,Chapter 2. Operations on Whole Numbers,2,ICSE,Class 6,Mathematics,Foundation Mathematics,,2,Active,
2847,Chapter 2. Operations on Whole Numbers,2,ICSE,Class 6,Mathematics,Foundation Mathematics,,2,Active,
2848,Chapter 2. Operations on Whole Numbers,2,ICSE,Class 6,Mathematics,Foundation Mathematics (2023-24),,2,Active,
2849,Chapter 2. Our Surroundings,2,CBSE,Class 1,Science,Science Success,,2,Active,
2850,Chapter 2. Parts of a Computer,2,CBSE,Class 1,Computer Science,Computer Science Success,,2,Active,
2851,Chapter 2. Parts Of a Computer,2,CBSE,Class 1,Computer Science,Fun with Linux,,2,Active,
2852,Chapter 2. Parts of a Plant,2,CBSE,Class 1,Science,Learning Elementary Science,,2,Active,
2853,Chapter 2. Parts of a Plants,2,CBSE,Class 1,Science,Learning Elementary Science (For Acad. Year 2023-24),,2,Active,
2854,Chapter 2. Parts Of Plants,2,CBSE,Class 3,Science,Science Success (2023-24),,2,Active,
2855,Chapter 2. People As Resource,2,CBSE,Class 9,Economics,NCQRT Economics,,2,Active,
2856,Chapter 2. Physical Features of india,2,CBSE,Class 9,Geography,NCQRT Geography,,2,Active,
2857,Chapter 2. Physical Quantities and Measurements,2,ICSE,Class 6,Physics,Learning Elementary Physics,,2,Active,
2858,Chapter 2. Plants Our Friends,2,CBSE,Class 2,Science,Science Success,,2,Active,
2859,Chapter 2. Playing with Numbers,2,CBSE,Class 6,Mathematics,Exploring Mathematics,,2,Active,
2860,Chapter 2. Polynomials,2,CBSE,Class 10,Mathematics,NCQRT Mathematics,,2,Active,
2861,Chapter 2. Polynomials,2,CBSE,Class 9,Mathematics,NCERT Mathematics,,2,Active,
2862,Chapter 2. Polynomials,2,CBSE,Class 10,Mathematics,NCERT Mathematics,,2,Active,
2863,Chapter 2. Reproduction in Plants and Animals,2,ICSE,Class 8,Biology,Learning Elementary Biology,,2,Active,
2864,Chapter 2. Riley Goes to School,2,CBSE,Class 1,English,Get Smart A Multi-skill English Course,,2,Active,
2865,Chapter 2. Role of Computers,2,ICSE,Class 2,Computer Science,My Book of Computer Studies,,2,Active,
2866,Chapter 2. Safety and First Aid,2,CBSE,Class 3,Science,Science Success,,2,Active,
2867,Chapter 2. Socialism in Europe And The Russian Revolution,2,CBSE,Class 9,History,NCQRT History,,2,Active,
2868,Chapter 2. Sorting,2,CBSE,Class 1,General Aptitude,Know Your Aptitude,,2,Active,
2869,Chapter 2. Sorting,2,CBSE,Class 2,General Aptitude,Know Your Aptitude,,2,Active,
2870,Chapter 2. Sorting Materials into Groups,2,CBSE,Class 6,Science,Learning Elementary Science (For Acad. Year 2023-24),,2,Active,
2871,Chapter 2. Subject and Predicate,2,CBSE,Class 6,English Grammar,Step up English Grammar and Composition (For Acad. Year 2023-24),,2,Active,
2872,Chapter 2. Teeth and Digestive System,2,CBSE,Class 4,Science,Science Success,,2,Active,
2873,Chapter 2. The Cell,2,ICSE,Class 9,Biology,A New Approach to I.C.S.E. Biology (2023-24),,2,Active,
2874,Chapter 2. The Eartiest Societies,2,CBSE,Class 6,Social Science,A Text Book of Social Sciences,,2,Active,
2875,Chapter 2. The Establishment of Company Power (From Trade to Territory),2,CBSE,Class 8,Social Science,A Text Book of Social Sciences,,2,Active,
2876,Chapter 2. The Flower,2,ICSE,Class 6,Biology,Learning Elementary Biology,,2,Active,
2877,Chapter 2. The Little Hen Bakes Bread,2,CBSE,Class 2,English,Get Smart A Multi-skill English Course,,2,Active,
2878,Chapter 2. Uses of Computers,2,ICSE,Class 1,Computer Science,My Book of Computer Studies,,2,Active,
2879,Chapter 2. Uses of Computers,2,CBSE,Class 2,Computer Science,Computer Science Success,,2,Active,
2880,Chapter 2. Uses of Computers,2,CBSE,Class 2,Computer Science,Fun with Linux,,2,Active,
2881,Chapter 2. Uses of Plants,2,CBSE,Class 2,Science,Learning Elementary Science,,2,Active,
2882,Chapter 2. Uses of Plants,2,CBSE,Class 2,Science,Learning Elementary Science (For Acad. Year 2023-24),,2,Active,
2883,Chapter 2. Verbs: Expressing the Present,2,CBSE,Class 8,English Grammar,Step up English Grammar and Composition (For Acad. Year 2023-24),,2,Active,
2884,Chapter 2. Vowels,2,CBSE,Class 1,English,Elementary English Grammar and Composition,,2,Active,
2885,Chapter 2. अमात्रिक शब्द,2,CBSE,Class 1,Hindi,Bal Bhasha Bharti,,2,Active,
2886,Chapter 2. नमक का दरोगा,2,CBSE,Class 7,Hindi,Nootan Saral Hindi Mala,,2,Active,
2887,Chapter 2. मंत्र,2,CBSE,Class 8,Hindi,Nootan Saral Hindi Mala,,2,Active,
2888,Chapter 2. मेरी डायरी,2,CBSE,Class 5,Hindi,Bal Bhasha Bharti,,2,Active,
2889,Chapter 2. शेर और लड़का,2,CBSE,Class 5,Hindi,Nootan Saral Hindi Mala,,2,Active,
2890,Chapter 2. हमारे पड़ोसी,2,CBSE,Class 6,Hindi,Nootan Saral Hindi Mala,,2,Active,
2891,Chapter 2.Addition up to 10,2,CBSE,Class 1,Mathematics,Exploring Mathematics,,2,Active,
2892,Chapter 2.आजादी का सुख,2,CBSE,Class 3,Hindi,Bal Bhasha Bharti,,2,Active,
2893,Chapter 2.चालाक कछुआ,2,CBSE,Class 2,Hindi,Bal Bhasha Bharti,,2,Active,
2894,Chapter 2.मैं नदी हूँ,2,CBSE,Class 4,Hindi,Bal Bhasha Bharti,,2,Active,
2895,Chapter 20 Questions And Answers,20,CBSE,Class 3,English,Elementary English Grammar and Composition,,20,Active,
2896,Chapter 20 : Largest Fish of the World,7,CBSE,Class 5,General Knowledge,General Knowledge Times (2023-24),,7,Active,
2897,Chapter 20 : Our Government,20,CBSE,Class 4,Social Studies,Social Studies Success,,1,Active,
2898,Chapter 20 : Representing 3 D in 2 D,20,ICSE,Class 7,Mathematics,Foundation Mathematics,,20,Active,
2899,Chapter 20 : The Hibernators,8,CBSE,Class 8,General Knowledge,General Knowledge Times (2023-24),,8,Active,
2900,Chapter 20 : Trigonometrical Ratios,20,ICSE,Class 9,Mathematics,I.C.S.E. Foundation Mathematics (2023-24),,20,Active,
2901,Chapter 20 Active And Passive Voice,20,CBSE,Class 5,English,Elementary English Grammar and Composition,,20,Active,
2902,"Chapter 20 Am, Is, Are + ing",20,CBSE,Class 2,English Grammar,Step up English Grammar and Composition (For Acad. Year 2023-24),,20,Active,
2903,Chapter 20 Be Going to' Form,20,CBSE,Class 5,English Grammar,Step up English Grammar and Composition (For Acad. Year 2023-24),,20,Active,
2904,Chapter 20 Composition,20,CBSE,Class 1,English Grammar,Step up English Grammar and Composition (For Acad. Year 2023-24),,20,Active,
2905,Chapter 20 Making Designs,20,CBSE,Class 7,General Aptitude,Know Your Aptitude,,20,Active,
2906,Chapter 20 Making Designs,20,CBSE,Class 8,General Aptitude,Know Your Aptitude,,20,Active,
2907,Chapter 20 Numbers,20,CBSE,Class 5,General Aptitude,Know Your Aptitude,,20,Active,
2908,Chapter 20 Numbers,20,CBSE,Class 6,General Aptitude,Know Your Aptitude,,20,Active,
2909,Chapter 20 Our Beautiful Earth,20,CBSE,Class 2,Social Studies,Social Studies  for Juniors,,20,Active,
2910,Chapter 20 Our Government,20,CBSE,Class 4,Social Studies,Social Studies  for Juniors,,20,Active,
2911,Chapter 20 Present Continuous Tense,20,CBSE,Class 4,English Grammar,Step up English Grammar and Composition (For Acad. Year 2023-24),,20,Active,
2912,Chapter 20 Seeing Is Believing,20,CBSE,Class 5,Environmental Studies,Blue Planet (2023-24),,20,Active,
2913,Chapter 20 The Simple Future Tense,20,CBSE,Class 3,English Grammar,Step up English Grammar and Composition (For Acad. Year 2023-24),,20,Active,
2914,Chapter 20 World Around Us,20,CBSE,Class 2,Environmental Studies,Blue Planet (2023-24),,20,Active,
2915,Chapter 20 पद परिचय,20,CBSE,Class 8,Hindi,Naveen Hindi Vyavaharik Vyakaran Tatha Rachna,,20,Active,
2916,Chapter 20 वर्तनी तथा वाक्य संबंधी अशुद्‌धि शोधन,20,CBSE,Class 7,Hindi,Naveen Hindi Vyavaharik Vyakaran Tatha Rachna,,20,Active,
2917,Chapter 20 संख्याएँ (शब्द और अंक में संख्या ज्ञान),20,CBSE,Class 2,Hindi,Naveen Hindi Vyavaharik Vyakaran Tatha Rachna,,20,Active,
2918,Chapter 20 संवाद लेखन,20,CBSE,Class 4,Hindi,Naveen Hindi Vyavaharik Vyakaran Tatha Rachna,,20,Active,
2919,Chapter 20 संवाद लेखन,20,CBSE,Class 5,Hindi,Naveen Hindi Vyavaharik Vyakaran Tatha Rachna,,20,Active,
2920,Chapter 20.  Capital Letters,20,CBSE,Class 2,English,Elementary English Grammar and Composition,,20,Active,
2921,Chapter 20.  Punctuation Marks And The Use Of Capital Letters,20,CBSE,Class 4,English,Elementary English Grammar and Composition,,20,Active,
2922,Chapter 20. Human Environment I : Settlements,20,CBSE,Class 7,Social Science,A Text Book of Social Sciences,,20,Active,
2923,"Chapter 20. A, An, The",20,CBSE,Class 1,English,Elementary English Grammar and Composition,,20,Active,
2924,Chapter 20. Agriculture,20,CBSE,Class 8,Social Science,A Text Book of Social Sciences,,20,Active,
2925,Chapter 20. Air We Breathe,20,CBSE,Class 4,Environmental Studies,Blue Planet (2023-24),,20,Active,
2926,Chapter 20. Air We Breathe,20,CBSE,Class 4,Environmental Studies,Blue Planet,,20,Active,
2927,Chapter 20. Ethics of Artificial Intelligence,20,CBSE,Class 8,Computer Science,Computer Science Success,,20,Active,
2928,Chapter 20. Introduction to Artificial Intelligence,20,CBSE,Class 7,Computer Science,Computer Science Success,,20,Active,
2929,Chapter 20. Major Domains of the Earth and Relief Features,20,CBSE,Class 6,Social Science,A Text Book of Social Sciences,,20,Active,
2930,Chapter 20. Recognition of 3D Shapes (Solids),20,ICSE,Class 6,Mathematics,Foundation Mathematics,,20,Active,
2931,Chapter 20. Recognition of 3D Shapes (Solids),20,ICSE,Class 6,Mathematics,Foundation Mathematics,,20,Active,
2932,Chapter 20. Recognition of 3D Shapes (Solids),20,ICSE,Class 6,Mathematics,Foundation Mathematics (2023-24),,20,Active,
2933,Chapter 20. Representing 3 D in 2 D,20,ICSE,Class 7,Mathematics,Foundation Mathematics (2023-24),,20,Active,
2934,Chapter 20. Seeing Is Believing,20,CBSE,Class 5,Environmental Studies,Blue Planet,,20,Active,
2935,Chapter 20. Subject Verb Agreement,20,CBSE,Class 6,English Grammar,Step up English Grammar and Composition (For Acad. Year 2023-24),,20,Active,
2936,Chapter 20. Symmetry,20,ICSE,Class 8,Mathematics,Foundation Mathematics,,20,Active,
2937,Chapter 20. Symmetry,20,ICSE,Class 8,Mathematics,Foundation Mathematics (2023-24),,20,Active,
2938,Chapter 20. The Uniforms,20,CBSE,Class 2,General Knowledge,General Knowledge Times (2023-24),,20,Active,
2939,Chapter 20. Things at Home,20,CBSE,Class 1,General Knowledge,General Knowledge Times (2023-24),,20,Active,
2940,Chapter 20. Universal Bodies,20,CBSE,Class 3,Environmental Studies,Blue Planet (2023-24),,20,Active,
2941,Chapter 20. Universal Bodies,20,CBSE,Class 3,Environmental Studies,Blue Planet,,20,Active,
2942,Chapter 20. Vocabulary,19,CBSE,Class 8,English Grammar,Step up English Grammar and Composition (For Acad. Year 2023-24),,19,Active,
2943,Chapter 20. World Around Us,20,CBSE,Class 2,Environmental Studies,Blue Planet,,20,Active,
2944,"Chapter 20.""चिड़िया बोली """,20,CBSE,Class 1,Hindi,Bal Bhasha Bharti,,20,Active,
2945,Chapter 20अशुद्‌ध वाक्यों को शुद्‌ध करना,20,CBSE,Class 6,Hindi,Naveen Hindi Vyavaharik Vyakaran Tatha Rachna,,20,Active,
2946,Chapter 21 Comprehension Passages,21,CBSE,Class 3,English,Elementary English Grammar and Composition,,21,Active,
2947,Chapter 21 : Congruence,21,ICSE,Class 7,Mathematics,Foundation Mathematics,,21,Active,
2948,Chapter 21 : Coordinate Geometry,21,ICSE,Class 9,Mathematics,I.C.S.E. Foundation Mathematics (2023-24),,21,Active,
2949,"Chapter 21 : Our Goals, Rights and Duties",21,CBSE,Class 4,Social Studies,Social Studies Success,,1,Active,
2950,Chapter 21 : Rare Flowers of the World,6,CBSE,Class 3,General Knowledge,General Knowledge Times (2023-24),,6,Active,
2951,"Chapter 21 : Strange Habits, Stranger Birds",8,CBSE,Class 5,General Knowledge,General Knowledge Times (2023-24),,8,Active,
2952,"Chapter 21 : Volume And Surface Area Of Solids (Cylinder, Cone And Sphere)",21,ICSE,Class 10,Mathematics,I.C.S.E. Foundation Mathematics (2023-24),,21,Active,
2953,Chapter 21 Ages,21,CBSE,Class 7,General Aptitude,Know Your Aptitude,,21,Active,
2954,Chapter 21 Ages,21,CBSE,Class 8,General Aptitude,Know Your Aptitude,,21,Active,
2955,Chapter 21 Agreement Of The Verb With The Subject,21,CBSE,Class 5,English,Elementary English Grammar and Composition,,21,Active,
2956,"Chapter 21 Can, Cannot, Should, Should not",21,CBSE,Class 3,English Grammar,Step up English Grammar and Composition (For Acad. Year 2023-24),,21,Active,
2957,Chapter 21 Concern Corner,6,CBSE,Class 7,General Knowledge,General Knowledge Times (2023-24),,6,Active,
2958,Chapter 21 Future Continuous Tense,21,CBSE,Class 5,English Grammar,Step up English Grammar and Composition (For Acad. Year 2023-24),,21,Active,
2959,Chapter 21 Great Indians,21,CBSE,Class 2,Social Studies,Social Studies  for Juniors,,21,Active,
2960,Chapter 21 It Happened Before,21,CBSE,Class 2,English Grammar,Step up English Grammar and Composition (For Acad. Year 2023-24),,21,Active,
2961,Chapter 21 Mathematical Operations,21,CBSE,Class 5,General Aptitude,Know Your Aptitude,,21,Active,
2962,Chapter 21 Natural Calamities,21,CBSE,Class 5,Environmental Studies,Blue Planet (2023-24),,21,Active,
2963,"Chapter 21 Our Goals, Rights and Duties",21,CBSE,Class 4,Social Studies,Social Studies  for Juniors,,21,Active,
2964,Chapter 21 Quick Multiplication,21,CBSE,Class 6,General Aptitude,Know Your Aptitude,,21,Active,
2965,Chapter 21 Simple Past Tense,21,CBSE,Class 4,English Grammar,Step up English Grammar and Composition (For Acad. Year 2023-24),,21,Active,
2966,Chapter 21 आओ कविता लिखें,21,CBSE,Class 2,Hindi,Naveen Hindi Vyavaharik Vyakaran Tatha Rachna,,21,Active,
2967,Chapter 21 कहानी लेखन,21,CBSE,Class 4,Hindi,Naveen Hindi Vyavaharik Vyakaran Tatha Rachna,,21,Active,
2968,Chapter 21 डायरी लेखन,21,CBSE,Class 5,Hindi,Naveen Hindi Vyavaharik Vyakaran Tatha Rachna,,21,Active,
2969,Chapter 21 पदबंध तथा वाक्य विचार,21,CBSE,Class 8,Hindi,Naveen Hindi Vyavaharik Vyakaran Tatha Rachna,,21,Active,
2970,Chapter 21 विराम चिहन,21,CBSE,Class 6,Hindi,Naveen Hindi Vyavaharik Vyakaran Tatha Rachna,,21,Active,
2971,Chapter 21 विराम चिहन,21,CBSE,Class 7,Hindi,Naveen Hindi Vyavaharik Vyakaran Tatha Rachna,,21,Active,
2972,Chapter 21.  Comprehension Passages,21,CBSE,Class 2,English,Elementary English Grammar and Composition,,21,Active,
2973,Chapter 21.  Comprehension Passages,21,CBSE,Class 4,English,Elementary English Grammar and Composition,,21,Active,
2974,Chapter 21. Adverbs,21,CBSE,Class 6,English Grammar,Step up English Grammar and Composition (For Acad. Year 2023-24),,21,Active,
2975,Chapter 21. Circles,21,ICSE,Class 8,Mathematics,Foundation Mathematics,,21,Active,
2976,Chapter 21. Circles,21,ICSE,Class 8,Mathematics,Foundation Mathematics (2023-24),,21,Active,
2977,Chapter 21. Congruence,21,ICSE,Class 7,Mathematics,Foundation Mathematics (2023-24),,21,Active,
2978,Chapter 21. Ethics of Artificial Intelligence,21,CBSE,Class 7,Computer Science,Computer Science Success,,21,Active,
2979,Chapter 21. Follow the Signs,21,CBSE,Class 1,General Knowledge,General Knowledge Times (2023-24),,21,Active,
2980,Chapter 21. Human Environment II : Means of Transport and Communication,21,CBSE,Class 7,Social Science,A Text Book of Social Sciences,,21,Active,
2981,Chapter 21. India  Our Country,21,CBSE,Class 6,Social Science,A Text Book of Social Sciences,,21,Active,
2982,Chapter 21. industries,21,CBSE,Class 8,Social Science,A Text Book of Social Sciences,,21,Active,
2983,Chapter 21. Introduction to Data,21,CBSE,Class 8,Computer Science,Computer Science Success,,21,Active,
2984,Chapter 21. Linear Symmetry,21,ICSE,Class 6,Mathematics,Foundation Mathematics,,21,Active,
2985,Chapter 21. Linear Symmetry,21,ICSE,Class 6,Mathematics,Foundation Mathematics,,21,Active,
2986,Chapter 21. Linear Symmetry,21,ICSE,Class 6,Mathematics,Foundation Mathematics (2023-24),,21,Active,
2987,Chapter 21. Natural Calamities,21,CBSE,Class 5,Environmental Studies,Blue Planet,,21,Active,
2988,Chapter 21. Reading Comprehension,20,CBSE,Class 8,English Grammar,Step up English Grammar and Composition (For Acad. Year 2023-24),,20,Active,
2989,Chapter 21. The Sentence,21,CBSE,Class 1,English,Elementary English Grammar and Composition,,21,Active,
2990,Chapter 21. Tools,21,CBSE,Class 2,General Knowledge,General Knowledge Times (2023-24),,21,Active,
2991,Chapter 21. Water and Weather,21,CBSE,Class 4,Environmental Studies,Blue Planet (2023-24),,21,Active,
2992,Chapter 21. Water and Weather,21,CBSE,Class 4,Environmental Studies,Blue Planet,,21,Active,
2993,Chapter 22 Composition,22,CBSE,Class 3,English,Elementary English Grammar and Composition,,22,Active,
2994,Chapter 22 : Constrution,22,ICSE,Class 7,Mathematics,Foundation Mathematics,,22,Active,
2995,Chapter 22 : Our National Symbols,22,CBSE,Class 4,Social Studies,Social Studies Success,,1,Active,
2996,Chapter 22 : Strange Birds Facts,6,CBSE,Class 6,General Knowledge,General Knowledge Times (2023-24),,6,Active,
2997,"Chapter 22 Can, May, Should, Must",22,CBSE,Class 4,English Grammar,Step up English Grammar and Composition (For Acad. Year 2023-24),,22,Active,
2998,Chapter 22 Direct And Indirect Speech,22,CBSE,Class 5,English,Elementary English Grammar and Composition,,22,Active,
2999,Chapter 22 Fractions,22,CBSE,Class 5,General Aptitude,Know Your Aptitude,,22,Active,
3000,Chapter 22 Living Organisms and Their interdependence,22,CBSE,Class 5,Environmental Studies,Blue Planet (2023-24),,22,Active,
3001,Chapter 22 Mathematical Operations,22,CBSE,Class 6,General Aptitude,Know Your Aptitude,,22,Active,
3002,Chapter 22 Modals,22,CBSE,Class 5,English Grammar,Step up English Grammar and Composition (For Acad. Year 2023-24),,22,Active,
3003,Chapter 22 Numbers,22,CBSE,Class 7,General Aptitude,Know Your Aptitude,,22,Active,
3004,Chapter 22 Numbers,22,CBSE,Class 8,General Aptitude,Know Your Aptitude,,22,Active,
3005,Chapter 22 Short Forms,22,CBSE,Class 2,English Grammar,Step up English Grammar and Composition (For Acad. Year 2023-24),,22,Active,
3006,Chapter 22 Short Forms,22,CBSE,Class 3,English Grammar,Step up English Grammar and Composition (For Acad. Year 2023-24),,22,Active,
3007,Chapter 22 आओ कहानी लिखें,22,CBSE,Class 2,Hindi,Naveen Hindi Vyavaharik Vyakaran Tatha Rachna,,22,Active,
3008,Chapter 22 कहानी लेखन,22,CBSE,Class 5,Hindi,Naveen Hindi Vyavaharik Vyakaran Tatha Rachna,,22,Active,
3009,Chapter 22 पत्र लेखन,22,CBSE,Class 4,Hindi,Naveen Hindi Vyavaharik Vyakaran Tatha Rachna,,22,Active,
3010,Chapter 22 वाक्य संबंधी अशुद्‌धि शोधन,22,CBSE,Class 8,Hindi,Naveen Hindi Vyavaharik Vyakaran Tatha Rachna,,22,Active,
3011,Chapter 22 शब्द भेद ; अर्थ के आधार पर,22,CBSE,Class 7,Hindi,Naveen Hindi Vyavaharik Vyakaran Tatha Rachna,,22,Active,
3012,Chapter 22 शब्द भेद : अर्थ के आधार पर,22,CBSE,Class 6,Hindi,Naveen Hindi Vyavaharik Vyakaran Tatha Rachna,,22,Active,
3013,Chapter 22.  Composition,22,CBSE,Class 4,English,Elementary English Grammar and Composition,,22,Active,
3014,Chapter 22.  Composition,22,CBSE,Class 2,English,Elementary English Grammar and Composition,,22,Active,
3015,Chapter 22. Choosing the Right Words,22,CBSE,Class 1,English,Elementary English Grammar and Composition,,22,Active,
3016,Chapter 22. Co ordinate System & Linear Graphs,22,ICSE,Class 8,Mathematics,Foundation Mathematics (2023-24),,22,Active,
3017,"Chapter 22. Comparative Studies in Iron and Steel industry, Textile industry and information Technology",22,CBSE,Class 8,Social Science,A Text Book of Social Sciences,,22,Active,
3018,Chapter 22. Comparison of Adverbs,22,CBSE,Class 6,English Grammar,Step up English Grammar and Composition (For Acad. Year 2023-24),,22,Active,
3019,Chapter 22. Construction,22,ICSE,Class 7,Mathematics,Foundation Mathematics (2023-24),,22,Active,
3020,Chapter 22. Coordinate System & Linear Graphs,22,ICSE,Class 8,Mathematics,Foundation Mathematics,,22,Active,
3021,Chapter 22. Geometrical Constructions,22,ICSE,Class 6,Mathematics,Foundation Mathematics,,22,Active,
3022,Chapter 22. Geometrical Constructions,22,ICSE,Class 6,Mathematics,Foundation Mathematics,,22,Active,
3023,Chapter 22. Geometrical Constructions,22,ICSE,Class 6,Mathematics,Foundation Mathematics (2023-24),,22,Active,
3024,"Chapter 22. Go Green, Get Clean",22,CBSE,Class 4,Environmental Studies,Blue Planet (2023-24),,22,Active,
3025,"Chapter 22. Go Green, Get Clean",22,CBSE,Class 4,Environmental Studies,Blue Planet,,22,Active,
3026,Chapter 22. India  Climate,22,CBSE,Class 6,Social Science,A Text Book of Social Sciences,,22,Active,
3027,Chapter 22. Land and the People Case Studies,22,CBSE,Class 7,Social Science,A Text Book of Social Sciences,,22,Active,
3028,Chapter 22. Listening Comprehension,21,CBSE,Class 8,English Grammar,Step up English Grammar and Composition (For Acad. Year 2023-24),,21,Active,
3029,Chapter 22. Living Organisms and Their Interdependence,22,CBSE,Class 5,Environmental Studies,Blue Planet,,22,Active,
3030,Chapter 22. Our Sky,22,CBSE,Class 1,General Knowledge,General Knowledge Times (2023-24),,22,Active,
3031,Chapter 22. Road Signs,22,CBSE,Class 2,General Knowledge,General Knowledge Times (2023-24),,22,Active,
3032,Chapter 23 Letter Writing,23,CBSE,Class 3,English,Elementary English Grammar and Composition,,23,Active,
3033,Chapter 23 पत्र लेखन,23,CBSE,Class 5,Hindi,Naveen Hindi Vyavaharik Vyakaran Tatha Rachna,,23,Active,
3034,Chapter 23 : Clean Technology,10,CBSE,Class 4,General Knowledge,General Knowledge Times (2023-24),,10,Active,
3035,Chapter 23 : Mensuration,23,ICSE,Class 7,Mathematics,Foundation Mathematics,,23,Active,
3036,Chapter 23 : Weird Animals Almost Not Known,7,CBSE,Class 6,General Knowledge,General Knowledge Times (2023-24),,7,Active,
3037,Chapter 23 Adverbs,23,CBSE,Class 3,English Grammar,Step up English Grammar and Composition (For Acad. Year 2023-24),,23,Active,
3038,Chapter 23 BODMAS Rule,23,CBSE,Class 6,General Aptitude,Know Your Aptitude,,23,Active,
3039,"Chapter 23 In, On, Under, Between",23,CBSE,Class 2,English Grammar,Step up English Grammar and Composition (For Acad. Year 2023-24),,23,Active,
3040,Chapter 23 Pollution,23,CBSE,Class 5,Environmental Studies,Blue Planet (2023-24),,23,Active,
3041,Chapter 23 Punctuation And Uses Of Capital Letters,23,CBSE,Class 5,English,Elementary English Grammar and Composition,,23,Active,
3042,Chapter 23 SubjectVerb Agreement,23,CBSE,Class 4,English Grammar,Step up English Grammar and Composition (For Acad. Year 2023-24),,23,Active,
3043,Chapter 23 SubjectVerb Agreement,23,CBSE,Class 5,English Grammar,Step up English Grammar and Composition (For Acad. Year 2023-24),,23,Active,
3044,Chapter 23 Sum of First N Natural Numbers,23,CBSE,Class 7,General Aptitude,Know Your Aptitude,,23,Active,
3045,Chapter 23 Sum of Squares of First 'N' Natural Numbers,23,CBSE,Class 8,General Aptitude,Know Your Aptitude,,23,Active,
3046,Chapter 23 अनुच्छेद लेखन,23,CBSE,Class 4,Hindi,Naveen Hindi Vyavaharik Vyakaran Tatha Rachna,,23,Active,
3047,Chapter 23 मुहावरे और लोकोक्तियाँ,23,CBSE,Class 6,Hindi,Naveen Hindi Vyavaharik Vyakaran Tatha Rachna,,23,Active,
3048,Chapter 23 मुहावरे और लोकोक्तियाँ,23,CBSE,Class 7,Hindi,Naveen Hindi Vyavaharik Vyakaran Tatha Rachna,,23,Active,
3049,Chapter 23 विराम चिहन,23,CBSE,Class 8,Hindi,Naveen Hindi Vyavaharik Vyakaran Tatha Rachna,,23,Active,
3050,Chapter 23.  Letter Writing,23,CBSE,Class 4,English,Elementary English Grammar and Composition,,23,Active,
3051,Chapter 23. Composition,22,CBSE,Class 8,English Grammar,Step up English Grammar and Composition (For Acad. Year 2023-24),,22,Active,
3052,Chapter 23. Human Resources,23,CBSE,Class 8,Social Science,A Text Book of Social Sciences,,23,Active,
3053,Chapter 23. India  Natural Vegetation and Wildlife,23,CBSE,Class 6,Social Science,A Text Book of Social Sciences,,23,Active,
3054,Chapter 23. Let's Control Pollution,23,CBSE,Class 4,Environmental Studies,Blue Planet (2023-24),,23,Active,
3055,Chapter 23. Let’s Control Pollution,23,CBSE,Class 4,Environmental Studies,Blue Planet,,23,Active,
3056,Chapter 23. Living and Non Living Things,23,CBSE,Class 1,General Knowledge,General Knowledge Times (2023-24),,23,Active,
3057,Chapter 23. Mensuration,23,ICSE,Class 7,Mathematics,Foundation Mathematics (2023-24),,23,Active,
3058,Chapter 23. Perimeter & Area of Plane Figures,23,ICSE,Class 8,Mathematics,Foundation Mathematics,,23,Active,
3059,Chapter 23. Perimeter & Area of Plane Figures,23,ICSE,Class 8,Mathematics,Foundation Mathematics (2023-24),,23,Active,
3060,Chapter 23. Perimeter and Area of Plane Figures,23,ICSE,Class 6,Mathematics,Foundation Mathematics,,23,Active,
3061,Chapter 23. Perimeter and Area of Plane Figures,23,ICSE,Class 6,Mathematics,Foundation Mathematics,,23,Active,
3062,Chapter 23. Perimeter and Area of Plane Figures,23,ICSE,Class 6,Mathematics,Foundation Mathematics (2023-24),,23,Active,
3063,Chapter 23. Pollution,23,CBSE,Class 5,Environmental Studies,Blue Planet,,23,Active,
3064,Chapter 23. Prepositions,23,CBSE,Class 6,English Grammar,Step up English Grammar and Composition (For Acad. Year 2023-24),,23,Active,
3065,"Chapter 23. Use of Am, Is, Are",23,CBSE,Class 1,English,Elementary English Grammar and Composition,,23,Active,
3066,Chapter 23. We Must Follow,23,CBSE,Class 2,General Knowledge,General Knowledge Times (2023-24),,23,Active,
3067,Chapter 23. Why Democracy?,23,CBSE,Class 7,Social Science,A Text Book of Social Sciences,,23,Active,
3068,Chapter 24 Vocabulary,24,CBSE,Class 3,English,Elementary English Grammar and Composition,,24,Active,
3069,Chapter 24 : Data Handling,24,ICSE,Class 7,Mathematics,Foundation Mathematics,,24,Active,
3070,Chapter 24 : Unique Plants,8,CBSE,Class 6,General Knowledge,General Knowledge Times (2023-24),,8,Active,
3071,Chapter 24 : World's Fastest Trains,11,CBSE,Class 4,General Knowledge,General Knowledge Times (2023-24),,11,Active,
3072,Chapter 24 Adverbs,24,CBSE,Class 4,English Grammar,Step up English Grammar and Composition (For Acad. Year 2023-24),,24,Active,
3073,"Chapter 24 And, But, Or, Because",24,CBSE,Class 2,English Grammar,Step up English Grammar and Composition (For Acad. Year 2023-24),,24,Active,
3074,Chapter 24 Comprehension Passage,24,CBSE,Class 5,English,Elementary English Grammar and Composition,,24,Active,
3075,Chapter 24 Fractions and Decimals,24,CBSE,Class 6,General Aptitude,Know Your Aptitude,,24,Active,
3076,Chapter 24 Indian Constitution,24,CBSE,Class 5,Environmental Studies,Blue Planet (2023-24),,24,Active,
3077,Chapter 24 Negative Sentences,24,CBSE,Class 5,English Grammar,Step up English Grammar and Composition (For Acad. Year 2023-24),,24,Active,
3078,Chapter 24 Prepositions,24,CBSE,Class 3,English Grammar,Step up English Grammar and Composition (For Acad. Year 2023-24),,24,Active,
3079,Chapter 24 Quick Calculations,24,CBSE,Class 8,General Aptitude,Know Your Aptitude,,24,Active,
3080,Chapter 24 Quick Multiplication,24,CBSE,Class 7,General Aptitude,Know Your Aptitude,,24,Active,
3081,Chapter 24 Strange Flora,7,CBSE,Class 7,General Knowledge,General Knowledge Times (2023-24),,7,Active,
3082,Chapter 24 अनुच्छेद लेखन,24,CBSE,Class 5,Hindi,Naveen Hindi Vyavaharik Vyakaran Tatha Rachna,,24,Active,
3083,Chapter 24 अपठित गद्यांश,24,CBSE,Class 4,Hindi,Naveen Hindi Vyavaharik Vyakaran Tatha Rachna,,24,Active,
3084,Chapter 24 अपठित गद्‌यांश तथा काव्यांश,24,CBSE,Class 6,Hindi,Naveen Hindi Vyavaharik Vyakaran Tatha Rachna,,24,Active,
3085,"Chapter 24 लिखित रचनाएँ ; संवाद लेखन,",24,CBSE,Class 7,Hindi,Naveen Hindi Vyavaharik Vyakaran Tatha Rachna,,24,Active,
3086,Chapter 24 शब्द भेद : अर्थ के आधार पर,24,CBSE,Class 8,Hindi,Naveen Hindi Vyavaharik Vyakaran Tatha Rachna,,24,Active,
3087,Chapter 24. Vocabulary,24,CBSE,Class 4,English,Elementary English Grammar and Composition,,24,Active,
3088,Chapter 24. Data Handling,24,ICSE,Class 6,Mathematics,Foundation Mathematics,,24,Active,
3089,Chapter 24. Data Handling,24,ICSE,Class 6,Mathematics,Foundation Mathematics,,24,Active,
3090,Chapter 24. Data Handling,24,ICSE,Class 6,Mathematics,Foundation Mathematics (2023-24),,24,Active,
3091,Chapter 24. Data Handling,24,ICSE,Class 7,Mathematics,Foundation Mathematics (2023-24),,24,Active,
3092,Chapter 24. Gadgets,24,CBSE,Class 2,General Knowledge,General Knowledge Times (2023-24),,24,Active,
3093,Chapter 24. Gifts of Nature,24,CBSE,Class 4,Environmental Studies,Blue Planet (2023-24),,24,Active,
3094,Chapter 24. Gifts of Nature,24,CBSE,Class 4,Environmental Studies,Blue Planet,,24,Active,
3095,Chapter 24. Indian Constitution,24,CBSE,Class 5,Environmental Studies,Blue Planet,,24,Active,
3096,Chapter 24. institutional Representation of Democracy,24,CBSE,Class 7,Social Science,A Text Book of Social Sciences,,24,Active,
3097,Chapter 24. More about Prepositions,24,CBSE,Class 6,English Grammar,Step up English Grammar and Composition (For Acad. Year 2023-24),,24,Active,
3098,Chapter 24. Parts of a Computer,24,CBSE,Class 1,General Knowledge,General Knowledge Times (2023-24),,24,Active,
3099,Chapter 24. The Constitution: Its Chief Characteristics/Features,24,CBSE,Class 8,Social Science,A Text Book of Social Sciences,,24,Active,
3100,Chapter 24. Understanding Diversity,24,CBSE,Class 6,Social Science,A Text Book of Social Sciences,,24,Active,
3101,"Chapter 24. Use of Was, Were",24,CBSE,Class 1,English,Elementary English Grammar and Composition,,24,Active,
3102,Chapter 24. Volume & Surface Area of Solids,24,ICSE,Class 8,Mathematics,Foundation Mathematics,,24,Active,
3103,Chapter 24. Volume & Surface Area of Solids,24,ICSE,Class 8,Mathematics,Foundation Mathematics (2023-24),,24,Active,
3104,Chapter 25 : Probability,25,ICSE,Class 7,Mathematics,Foundation Mathematics,,25,Active,
3105,Chapter 25 Conjunctions,25,CBSE,Class 3,English Grammar,Step up English Grammar and Composition (For Acad. Year 2023-24),,25,Active,
3106,Chapter 25 Data Analysis,25,CBSE,Class 6,General Aptitude,Know Your Aptitude,,25,Active,
3107,Chapter 25 Interrogative Sentences,25,CBSE,Class 5,English Grammar,Step up English Grammar and Composition (For Acad. Year 2023-24),,25,Active,
3108,Chapter 25 Letter Writing,25,CBSE,Class 5,English,Elementary English Grammar and Composition,,25,Active,
3109,Chapter 25 Mathematical Operations,25,CBSE,Class 7,General Aptitude,Know Your Aptitude,,25,Active,
3110,Chapter 25 Mathematical Operations with Changed Signs,25,CBSE,Class 8,General Aptitude,Know Your Aptitude,,25,Active,
3111,Chapter 25 Prepositions,25,CBSE,Class 4,English Grammar,Step up English Grammar and Composition (For Acad. Year 2023-24),,25,Active,
3112,"Chapter 25 Who, What, Where, Which, When, Why, How",25,CBSE,Class 2,English Grammar,Step up English Grammar and Composition (For Acad. Year 2023-24),,25,Active,
3113,Chapter 25 अपठित गद्यांश,25,CBSE,Class 5,Hindi,Naveen Hindi Vyavaharik Vyakaran Tatha Rachna,,25,Active,
3114,Chapter 25 कहानी लेखन,25,CBSE,Class 6,Hindi,Naveen Hindi Vyavaharik Vyakaran Tatha Rachna,,25,Active,
3115,"Chapter 25 डायरी लेखन, कहानी लेखन",25,CBSE,Class 7,Hindi,Naveen Hindi Vyavaharik Vyakaran Tatha Rachna,,25,Active,
3116,Chapter 25 मुहावरे और लोकोक्तियाँ,25,CBSE,Class 8,Hindi,Naveen Hindi Vyavaharik Vyakaran Tatha Rachna,,25,Active,
3117,Chapter 25. Equality in Indian Democracy and Struggles for It,25,CBSE,Class 7,Social Science,A Text Book of Social Sciences,,25,Active,
3118,Chapter 25. Computer Lab Rules,25,CBSE,Class 2,General Knowledge,General Knowledge Times (2023-24),,25,Active,
3119,Chapter 25. Conjunctions,25,CBSE,Class 6,English Grammar,Step up English Grammar and Composition (For Acad. Year 2023-24),,25,Active,
3120,"Chapter 25. Diversity : Prejudice, Discrimination and inequality",25,CBSE,Class 6,Social Science,A Text Book of Social Sciences,,25,Active,
3121,Chapter 25. Graphical Representation of Data,25,ICSE,Class 6,Mathematics,Foundation Mathematics,,25,Active,
3122,Chapter 25. Graphical Representation of Data,25,ICSE,Class 6,Mathematics,Foundation Mathematics,,25,Active,
3123,Chapter 25. Graphical Representation of Data,25,ICSE,Class 6,Mathematics,Foundation Mathematics (2023-24),,25,Active,
3124,Chapter 25. India is Great,25,CBSE,Class 1,General Knowledge,General Knowledge Times (2023-24),,25,Active,
3125,Chapter 25. Probability,25,ICSE,Class 7,Mathematics,Foundation Mathematics (2023-24),,25,Active,
3126,Chapter 25. Statistics,25,ICSE,Class 8,Mathematics,Foundation Mathematics (2023-24),,25,Active,
3127,Chapter 25. Statistics,25,ICSE,Class 8,Mathematics,Foundation Mathematics,,25,Active,
3128,Chapter 25. Understanding Securalism,25,CBSE,Class 8,Social Science,A Text Book of Social Sciences,,25,Active,
3129,"Chapter 25. Use of Has, Have, Had",25,CBSE,Class 1,English,Elementary English Grammar and Composition,,25,Active,
3130,Chapter 26 Active and Passive Voice,26,CBSE,Class 5,English Grammar,Step up English Grammar and Composition (For Acad. Year 2023-24),,26,Active,
3131,Chapter 26 BODMAS Rule,26,CBSE,Class 7,General Aptitude,Know Your Aptitude,,26,Active,
3132,Chapter 26 BODMAS Rule,26,CBSE,Class 8,General Aptitude,Know Your Aptitude,,26,Active,
3133,Chapter 26 Conjunctions,26,CBSE,Class 4,English Grammar,Step up English Grammar and Composition (For Acad. Year 2023-24),,26,Active,
3134,Chapter 26 Count the Squares,26,CBSE,Class 6,General Aptitude,Know Your Aptitude,,26,Active,
3135,Chapter 26 From Antarctica,8,CBSE,Class 7,General Knowledge,General Knowledge Times (2023-24),,8,Active,
3136,Chapter 26 Interjections,26,CBSE,Class 3,English Grammar,Step up English Grammar and Composition (For Acad. Year 2023-24),,26,Active,
3137,Chapter 26 Paragraph Writing,26,CBSE,Class 5,English,Elementary English Grammar and Composition,,26,Active,
3138,Chapter 26 Vocabulary,26,CBSE,Class 2,English Grammar,Step up English Grammar and Composition (For Acad. Year 2023-24),,26,Active,
3139,Chapter 26 अपठित गद्यांश और काव्यांश,26,CBSE,Class 7,Hindi,Naveen Hindi Vyavaharik Vyakaran Tatha Rachna,,26,Active,
3140,Chapter 26 अलंकार,26,CBSE,Class 8,Hindi,Naveen Hindi Vyavaharik Vyakaran Tatha Rachna,,26,Active,
3141,Chapter 26 डायरी और संवाद लेखन,26,CBSE,Class 6,Hindi,Naveen Hindi Vyavaharik Vyakaran Tatha Rachna,,26,Active,
3142,Chapter 26. The State Government,26,CBSE,Class 7,Social Science,A Text Book of Social Sciences,,26,Active,
3143,Chapter 26. Graphical Representation of Statistical Data,26,ICSE,Class 8,Mathematics,Foundation Mathematics (2023-24),,26,Active,
3144,Chapter 26. Graphical Representation of Statistical Data,26,ICSE,Class 8,Mathematics,Foundation Mathematics,,26,Active,
3145,Chapter 26. Interjections,26,CBSE,Class 6,English Grammar,Step up English Grammar and Composition (For Acad. Year 2023-24),,26,Active,
3146,Chapter 26. Mean and Median,26,ICSE,Class 6,Mathematics,Foundation Mathematics,,26,Active,
3147,Chapter 26. Mean and Median,26,ICSE,Class 6,Mathematics,Foundation Mathematics,,26,Active,
3148,Chapter 26. Mean and Median,26,ICSE,Class 6,Mathematics,Foundation Mathematics (2023-24),,26,Active,
3149,Chapter 26. Popular Monuments,26,CBSE,Class 1,General Knowledge,General Knowledge Times (2023-24),,26,Active,
3150,Chapter 26. Questions and Answers,26,CBSE,Class 1,English,Elementary English Grammar and Composition,,26,Active,
3151,Chapter 26. The Government,26,CBSE,Class 6,Social Science,A Text Book of Social Sciences,,26,Active,
3152,Chapter 26. The Indian Constitution: Fundamental Rights and Duties and Upliftment of the Marginalised Communities,26,CBSE,Class 8,Social Science,A Text Book of Social Sciences,,26,Active,
3153,Chapter 26. Water,26,CBSE,Class 2,General Knowledge,General Knowledge Times (2023-24),,26,Active,
3154,Chapter 27 : Fit India Movement,9,CBSE,Class 8,General Knowledge,General Knowledge Times (2023-24),,9,Active,
3155,Chapter 27 Adverbs,27,CBSE,Class 5,English Grammar,Step up English Grammar and Composition (For Acad. Year 2023-24),,27,Active,
3156,Chapter 27 Comprehension,27,CBSE,Class 2,English Grammar,Step up English Grammar and Composition (For Acad. Year 2023-24),,27,Active,
3157,Chapter 27 Data Analysis,27,CBSE,Class 7,General Aptitude,Know Your Aptitude,,27,Active,
3158,Chapter 27 Data Analysis,27,CBSE,Class 8,General Aptitude,Know Your Aptitude,,27,Active,
3159,Chapter 27 Interjections,27,CBSE,Class 4,English Grammar,Step up English Grammar and Composition (For Acad. Year 2023-24),,27,Active,
3160,Chapter 27 Punctuation,27,CBSE,Class 3,English Grammar,Step up English Grammar and Composition (For Acad. Year 2023-24),,27,Active,
3161,Chapter 27 Story Writing,27,CBSE,Class 5,English,Elementary English Grammar and Composition,,27,Active,
3162,Chapter 27 पत्र लेखन,27,CBSE,Class 6,Hindi,Naveen Hindi Vyavaharik Vyakaran Tatha Rachna,,27,Active,
3163,Chapter 27 पत्र लेखन,27,CBSE,Class 7,Hindi,Naveen Hindi Vyavaharik Vyakaran Tatha Rachna,,27,Active,
3164,Chapter 27 मौखिक अभिव्यक्ति,27,CBSE,Class 8,Hindi,Naveen Hindi Vyavaharik Vyakaran Tatha Rachna,,27,Active,
3165,Chapter 27. Understanding the Media,27,CBSE,Class 7,Social Science,A Text Book of Social Sciences,,27,Active,
3166,Chapter 27. A Land of God,27,CBSE,Class 2,General Knowledge,General Knowledge Times (2023-24),,27,Active,
3167,Chapter 27. Direct and Indirect Speech,27,CBSE,Class 6,English Grammar,Step up English Grammar and Composition (For Acad. Year 2023-24),,27,Active,
3168,Chapter 27. Festive India,27,CBSE,Class 1,General Knowledge,General Knowledge Times (2023-24),,27,Active,
3169,Chapter 27. Probability,27,ICSE,Class 8,Mathematics,Foundation Mathematics (2023-24),,27,Active,
3170,Chapter 27. Probability,27,ICSE,Class 8,Mathematics,Foundation Mathematics,,27,Active,
3171,Chapter 27. Rural local Government : The Panchayati Raj (The Three Tier system),27,CBSE,Class 6,Social Science,A Text Book of Social Sciences,,27,Active,
3172,Chapter 27. The Indian Parliament: Need and Functions,27,CBSE,Class 8,Social Science,A Text Book of Social Sciences,,27,Active,
3173,Chapter 28 Composition,28,CBSE,Class 2,English Grammar,Step up English Grammar and Composition (For Acad. Year 2023-24),,28,Active,
3174,Chapter 28 Diagonals in a Polygon,28,CBSE,Class 8,General Aptitude,Know Your Aptitude,,28,Active,
3175,Chapter 28 Line Graphs,28,CBSE,Class 7,General Aptitude,Know Your Aptitude,,28,Active,
3176,Chapter 28 Prepositions,28,CBSE,Class 5,English Grammar,Step up English Grammar and Composition (For Acad. Year 2023-24),,28,Active,
3177,Chapter 28 Punctuation,28,CBSE,Class 4,English Grammar,Step up English Grammar and Composition (For Acad. Year 2023-24),,28,Active,
3178,Chapter 28 Vocabulary,28,CBSE,Class 5,English,Elementary English Grammar and Composition,,28,Active,
3179,Chapter 28 Vocabulary,28,CBSE,Class 3,English Grammar,Step up English Grammar and Composition (For Acad. Year 2023-24),,28,Active,
3180,Chapter 28 अनुच्छेद लेखन,28,CBSE,Class 6,Hindi,Naveen Hindi Vyavaharik Vyakaran Tatha Rachna,,28,Active,
3181,Chapter 28 अनुच्छेद लेखन,28,CBSE,Class 7,Hindi,Naveen Hindi Vyavaharik Vyakaran Tatha Rachna,,28,Active,
3182,Chapter 28 सार लेखन,28,CBSE,Class 8,Hindi,Naveen Hindi Vyavaharik Vyakaran Tatha Rachna,,28,Active,
3183,Chapter 28. Unpacking Gender,28,CBSE,Class 7,Social Science,A Text Book of Social Sciences,,28,Active,
3184,Chapter 28. I Speak .,28,CBSE,Class 2,General Knowledge,General Knowledge Times (2023-24),,28,Active,
3185,Chapter 28. Punctuation and Use of Capital Letters,28,CBSE,Class 6,English Grammar,Step up English Grammar and Composition (For Acad. Year 2023-24),,28,Active,
3186,Chapter 28. The Capital City,28,CBSE,Class 1,General Knowledge,General Knowledge Times (2023-24),,28,Active,
3187,Chapter 28. Understanding Laws,28,CBSE,Class 8,Social Science,A Text Book of Social Sciences,,28,Active,
3188,Chapter 28. Urban local Government,28,CBSE,Class 6,Social Science,A Text Book of Social Sciences,,28,Active,
3189,Chapter 29 Comprehension,29,CBSE,Class 3,English Grammar,Step up English Grammar and Composition (For Acad. Year 2023-24),,29,Active,
3190,Chapter 29 Conjunctions,29,CBSE,Class 5,English Grammar,Step up English Grammar and Composition (For Acad. Year 2023-24),,29,Active,
3191,Chapter 29 Vocabulary,29,CBSE,Class 4,English Grammar,Step up English Grammar and Composition (For Acad. Year 2023-24),,29,Active,
3192,Chapter 29 अपठित गद्‌यांश तथा काव्यांश,29,CBSE,Class 8,Hindi,Naveen Hindi Vyavaharik Vyakaran Tatha Rachna,,29,Active,
3193,Chapter 29 निबंध लेखन,29,CBSE,Class 6,Hindi,Naveen Hindi Vyavaharik Vyakaran Tatha Rachna,,29,Active,
3194,Chapter 29 निबंध लेखन,29,CBSE,Class 7,Hindi,Naveen Hindi Vyavaharik Vyakaran Tatha Rachna,,29,Active,
3195,Chapter 29. Markets Around Us,29,CBSE,Class 7,Social Science,A Text Book of Social Sciences,,29,Active,
3196,Chapter 29. Integrated Grammar,29,CBSE,Class 6,English Grammar,Step up English Grammar and Composition (For Acad. Year 2023-24),,29,Active,
3197,Chapter 29. Metro Cities,29,CBSE,Class 1,General Knowledge,General Knowledge Times (2023-24),,29,Active,
3198,Chapter 29. Our Foods,29,CBSE,Class 2,General Knowledge,General Knowledge Times (2023-24),,29,Active,
3199,"Chapter 29. Role of President, Prime Minister and the Council of Ministers",29,CBSE,Class 8,Social Science,A Text Book of Social Sciences,,29,Active,
3200,Chapter 29. Rural Administration or District Administration,29,CBSE,Class 6,Social Science,A Text Book of Social Sciences,,29,Active,
3201,Chapter 3 Changes in the Transport System,3,ICSE,Class 3,Social Studies,Essential Social Studies for (2023-24),,3,Active,
3202,Chapter 3 More About Addition,3,ICSE,Class 1,Mathematics,Foundation Mathematics,,3,Active,
3203,Chapter 3 Subtraction,3,ICSE,Class 2,Mathematics,Foundation Mathematics,,3,Active,
3204,Chapter 3 नटखट बंदर,3,CBSE,Class 2,Hindi,Nootan Saral Hindi Mala,,1,Active,
3205,Chapter 3 भावों के नाम (भाववाचक संज्ञा),3,CBSE,Class 2,Hindi,Naveen Hindi Vyavaharik Vyakaran Tatha Rachna,,3,Active,
3206,Chapter 3 संज्ञा,3,CBSE,Class 5,Hindi,Naveen Hindi Vyavaharik Vyakaran Tatha Rachna,,3,Active,
3207,Chapter 3 संधि,3,CBSE,Class 8,Hindi,Naveen Hindi Vyavaharik Vyakaran Tatha Rachna,,3,Active,
3208,Chapter 3 : Energy,3,ICSE,Class 7,Physics,Learning Elementary Physics,,1,Active,
3209,Chapter 3 : Expansions,3,ICSE,Class 9,Mathematics,I.C.S.E. Foundation Mathematics (2023-24),,3,Active,
3210,Chapter 3 : Food,3,CBSE,Class 2,Social Studies,Social Studies Success,,1,Active,
3211,Chapter 3 : Force and pressure,3,ICSE,Class 8,Physics,Learning Elementary Physics,,1,Active,
3212,Chapter 3 : Fractions,3,ICSE,Class 7,Mathematics,Foundation Mathematics,,3,Active,
3213,Chapter 3 : Gravitation,3,ICSE,Class 9,Science,Gateway to Science Physics,,3,Active,
3214,Chapter 3 : Handicrafts from South India,2,CBSE,Class 6,General Knowledge,General Knowledge Times (2023-24),,2,Active,
3215,Chapter 3 : Our Country India,3,CBSE,Class 3,Social Studies,Social Studies Success,,1,Active,
3216,Chapter 3 : Roles in the Family,3,CBSE,Class 1,Social Studies,Social Studies Success,,1,Active,
3217,Chapter 3 : Shares And Dividend,3,ICSE,Class 10,Mathematics,I.C.S.E. Foundation Mathematics (2023-24),,3,Active,
3218,"Chapter 3 : Square and Square Roots, Cube and Cube Roots",3,ICSE,Class 8,Mathematics,Foundation Mathematics,,3,Active,
3219,Chapter 3 : The Northern Plains,3,CBSE,Class 4,Social Studies,Social Studies Success,,1,Active,
3220,Chapter 3 : Traditional Indian Toy Crafts,2,CBSE,Class 8,General Knowledge,General Knowledge Times (2023-24),,2,Active,
3221,Chapter 3 : Weather and Climate,3,CBSE,Class 5,Social Studies,Social Studies Success,,1,Active,
3222,Chapter 3 'ટ' થી 'ભ'નો અભ્યાસ,3,CBSE,Class 1,Gujarati,Meghdhanush,,3,Active,
3223,Chapter 3 A Ghost Outwitted!,3,CBSE,Class 8,English,Stepping Stones,,3,Active,
3224,"Chapter 3 Acids, Bases And Salts",3,ICSE,Class 10,Chemistry,A New Approach to I.C.S.E. Chemistry,,3,Active,
3225,"Chapter 3 Acids, Bases And Salts",3,ICSE,Class 10,Chemistry,A New Approach to I.C.S.E. Chemistry (2023-24),,3,Active,
3226,Chapter 3 Adaptation in Animals,3,CBSE,Class 4,Science,Learning Elementary Science (For Acad. Year 2023-24),,3,Active,
3227,Chapter 3 Adaptation in Animals,3,CBSE,Class 4,Science,Learning Elementary Science (For Acad. Year 2023-24),,3,Active,
3228,Chapter 3 Advanced Features of MS Word,3,CBSE,Class 6,Computer Science,Enter  A Complete Course in Computer Science,,3,Active,
3229,Chapter 3 Advanced Topics in MS Access,3,CBSE,Class 8,Computer Science,Exploring Computer Science,,3,Active,
3230,Chapter 3 Alice In Wonderland (1),3,CBSE,Class 6,English,Stepping Stones,,3,Active,
3231,Chapter 3 Animal Kingdom,3,CBSE,Class 3,Social Studies,Illustrative Environmental Studies,,3,Active,
3232,Chapter 3 Animal Kingdom,3,CBSE,Class 3,Environmental Studies,Illustrative Environmental Studies,,3,Active,
3233,Chapter 3 Animals,3,CBSE,Class 4,Social Studies,Illustrative Environmental Studies,,3,Active,
3234,Chapter 3 Asking Questions,3,CBSE,Class 3,English Grammar,Step up English Grammar and Composition (For Acad. Year 2023-24),,3,Active,
3235,Chapter 3 Atoms and Molecules,3,CBSE,Class 9,Science,Gateway to Science Chemistry,,3,Active,
3236,Chapter 3 Atoms And Molecules,3,CBSE,Class 9,Science,NCERT Science,,3,Active,
3237,Chapter 3 Being Independent,3,CBSE,Class 2,Moral Science,The Mirror of Values,,3,Active,
3238,Chapter 3 Birds,3,ICSE,Class 3,Science,Essential Science,,3,Active,
3239,Chapter 3 Birds,3,ICSE,Class 3,Science,Essential Science (2023-24),,3,Active,
3240,Chapter 3 Birds and Animals,3,CBSE,Class 5,Environmental Studies,Illustrative Environmental Studies,,3,Active,
3241,Chapter 3 Caring for others,3,CBSE,Class 5,Social Studies,Illustrative Social Studies,,3,Active,
3242,Chapter 3 Charts in Excel,3,CBSE,Class 7,Computer Science,Enter  A Complete Course in Computer Science,,3,Active,
3243,Chapter 3 Classification,3,CBSE,Class 3,General Aptitude,Know Your Aptitude,,3,Active,
3244,Chapter 3 Classification,3,CBSE,Class 4,General Aptitude,Know Your Aptitude,,3,Active,
3245,Chapter 3 Classification,3,CBSE,Class 5,General Aptitude,Know Your Aptitude,,3,Active,
3246,Chapter 3 Classification,3,CBSE,Class 6,General Aptitude,Know Your Aptitude,,3,Active,
3247,Chapter 3 Classification,3,CBSE,Class 7,General Aptitude,Know Your Aptitude,,3,Active,
3248,Chapter 3 Classification,3,CBSE,Class 8,General Aptitude,Know Your Aptitude,,3,Active,
3249,Chapter 3 Climate,3,CBSE,Class 5,Social Studies,Social Studies  for Juniors,,3,Active,
3250,Chapter 3 Clothes,3,CBSE,Class 1,Social Studies,Social Studies  for Juniors,,3,Active,
3251,Chapter 3 Clothes,3,CBSE,Class 4,Science,Science Success,,1,Active,
3252,Chapter 3 Clothes,3,CBSE,Class 2,Social Studies,Social Studies  for Juniors,,3,Active,
3253,Chapter 3 Coal and Petroleum,3,CBSE,Class 8,Science,Science Success (2023-24),,3,Active,
3254,Chapter 3 Common Names and Special Names,3,CBSE,Class 1,English Grammar,Step up English Grammar and Composition (For Acad. Year 2023-24),,3,Active,
3255,Chapter 3 Computer Memory and Storage Devices,3,CBSE,Class 4,Computer Science,Enter  A Complete Course in Computer Science,,3,Active,
3256,Chapter 3 Coordinate Geometry,3,CBSE,Class 9,Mathematics,A Complete Course in Mathematics,,3,Active,
3257,Chapter 3 Coordinate Geometry,3,CBSE,Class 9,Mathematics,NCQRT Mathematics,,3,Active,
3258,Chapter 3 Data Handling,3,CBSE,Class 7,Mathematics,NCERT Mathematics,,3,Active,
3259,Chapter 3 Decimal,3,CBSE,Class 7,Mathematics,Mathematics Success (2023-24),,3,Active,
3260,Chapter 3 Decimal,3,CBSE,Class 7,Mathematics,Mathematics Success,,3,Active,
3261,Chapter 3 Decimals,3,CBSE,Class 7,Mathematics,Progress in Mathematics,,3,Active,
3262,Chapter 3 Diversity in Living Organisms,3,CBSE,Class 9,Science,Gateway to Science Biology,,3,Active,
3263,Chapter 3 Ecosystems,3,ICSE,Class 8,Science,Learning Elementary Biology (2023-24),,3,Active,
3264,"Chapter 3 Elements, Compounds and Mixtures",3,ICSE,Class 8,Chemistry,Learning Elementary Chemistry,,3,Active,
3265,Chapter 3 Energy,3,ICSE,Class 7,Science,Learning Elementary Physics (2023-24),,3,Active,
3266,Chapter 3 Enjoy the week,3,CBSE,Class 2,English,Stepping Stones,,3,Active,
3267,Chapter 3 Evolution of Transport System,3,ICSE,Class 5,Social Studies,Essential Social Studies for (2023-24),,3,Active,
3268,Chapter 3 Factors and Multiples,3,CBSE,Class 5,Mathematics,Mathematics Success (2023-24),,3,Active,
3269,Chapter 3 Fibre To Fabric,3,CBSE,Class 6,Science,NCERT Science,,3,Active,
3270,Chapter 3 Fibre to Fabric,3,CBSE,Class 7,Science,NCERT Science,,3,Active,
3271,Chapter 3 Food,3,CBSE,Class 2,Social Studies,Social Studies Success (2023-24),,3,Active,
3272,Chapter 3 Food & Health,3,CBSE,Class 5,Science,Learning Elementary Science (For Acad. Year 2023-24),,3,Active,
3273,Chapter 3 Food and Health,3,ICSE,Class 5,Science,Essential Science (2023-24),,3,Active,
3274,Chapter 3 Food and Health,3,ICSE,Class 5,Science,Essential Science,,3,Active,
3275,Chapter 3 Force,3,ICSE,Class 6,Science,Learning Elementary Physics (2023-24),,3,Active,
3276,Chapter 3 Force And Pressure,3,ICSE,Class 8,Science,Learning Elementary Physics (2023-24),,3,Active,
3277,Chapter 3 Formatting Workbooks In Excel 2003,3,CBSE,Class 7,Computer Science,Online with Computer,,3,Active,
3278,Chapter 3 Fun with functions,3,CBSE,Class 7,Coding,Fun with Coding,,3,Active,
3279,Chapter 3 Functions,3,CBSE,Class 8,Coding,Fun with Coding,,3,Active,
3280,Chapter 3 Generations And Types Of Computers,3,CBSE,Class 5,Computer Science,Online with Computer,,3,Active,
3281,Chapter 3 Genetics,3,ICSE,Class 10,Biology,A New Approach to I.C.S.E. Biology (2023-24),,3,Active,
3282,Chapter 3 Good Food Habits,3,CBSE,Class 3,Moral Science,The Mirror of Values,,3,Active,
3283,Chapter 3 Hamaguchi,3,CBSE,Class 4,English,Stepping Stones,,3,Active,
3284,Chapter 3 Hardware Devices And Software,3,CBSE,Class 4,Computer Science,Online with Computer,,3,Active,
3285,Chapter 3 Health is Wealth,3,CBSE,Class 4,Moral Science,The Mirror of Values,,3,Active,
3286,Chapter 3 Heat,3,CBSE,Class 7,Science,Science Success (2023-24),,3,Active,
3287,Chapter 3 Historical Development Of Computers,3,CBSE,Class 6,Computer Science,Online with Computer,,3,Active,
3288,Chapter 3 How do Organisms Reproduce,3,CBSE,Class 10,Science,Gateway to Science Biology,,3,Active,
3289,Chapter 3 How the Sultan Found an Honest Man,3,CBSE,Class 3,English,Stepping Stones,,3,Active,
3290,Chapter 3 If You Think,3,CBSE,Class 5,Moral Science,The Mirror of Values,,3,Active,
3291,Chapter 3 Input and Output Devices,3,CBSE,Class 4,Computer Science,Desktop My Book of Computer Science,,3,Active,
3292,Chapter 3 Input and Output Devices,3,CBSE,Class 4,Computer Science,Exploring Computer Science,,3,Active,
3293,Chapter 3 Introduction to Civics,3,ICSE,Class 4,Social Studies,Essential Social Studies for (2023-24),,3,Active,
3294,Chapter 3 Introduction To Logo,3,CBSE,Class 3,Computer Science,Online with Computer,,3,Active,
3295,Chapter 3 Introduction to MS Windows 7,3,CBSE,Class 3,Computer Science,Exploring Computer Science,,3,Active,
3296,Chapter 3 Keyboard,3,CBSE,Class 1,Computer Science,Desktop My Book of Computer Science,,3,Active,
3297,Chapter 3 Keyboard,3,CBSE,Class 2,Computer Science,Desktop My Book of Computer Science,,3,Active,
3298,Chapter 3 Keyboard,3,CBSE,Class 2,Computer Science,Online with Computer,,3,Active,
3299,Chapter 3 Keyboard,3,CBSE,Class 3,Computer Science,Enter  A Complete Course in Computer Science,,3,Active,
3300,Chapter 3 Learning Good Manners,3,CBSE,Class 1,English,Stepping Stones,,3,Active,
3301,Chapter 3 Let’s Be Clean and Healthy,3,CBSE,Class 5,Environmental Studies,Blue Planet (2023-24),,3,Active,
3302,Chapter 3 Life Skills,3,CBSE,Class 1,General Knowledge,General Knowledge Times,,3,Active,
3303,Chapter 3 Life Skills,3,CBSE,Class 2,General Knowledge,General Knowledge Times,,3,Active,
3304,Chapter 3 Lost At Sea,3,CBSE,Class 5,English,Stepping Stones,,3,Active,
3305,Chapter 3 Machines,3,ICSE,Class 10,Physics,A New Approach to I.C.S.E. Physics (2023-24),,3,Active,
3306,Chapter 3 Mail Merge in MS Word 2010,3,CBSE,Class 7,Computer Science,Exploring Computer Science,,3,Active,
3307,Chapter 3 Mail Merge in MS Word 2010,3,CBSE,Class 7,Computer Science,Desktop My Book of Computer Science,,3,Active,
3308,Chapter 3 Malware And Antivirus,3,CBSE,Class 8,Computer Science,Online with Computer,,3,Active,
3309,Chapter 3 Matter,3,ICSE,Class 6,Chemistry,Learning Elementary Chemistry,,3,Active,
3310,Chapter 3 Metals and Non metals,3,CBSE,Class 10,Science,NCERT Science,,3,Active,
3311,Chapter 3 Metals and Non metals,3,CBSE,Class 10,Science,NCQRT Science,,3,Active,
3312,Chapter 3 Migration,3,ICSE,Class 8,Geography,A Textbook of Geography (2023-24),,3,Active,
3313,Chapter 3 More on LOGO Primitives,3,CBSE,Class 5,Computer Science,Desktop My Book of Computer Science,,3,Active,
3314,Chapter 3 More on LOGO Primitives,3,CBSE,Class 5,Computer Science,Exploring Computer Science,,3,Active,
3315,Chapter 3 MS Word 2010,3,CBSE,Class 6,Computer Science,Desktop My Book of Computer Science,,3,Active,
3316,Chapter 3 MS Word 2010,3,CBSE,Class 6,Computer Science,Exploring Computer Science,,3,Active,
3317,Chapter 3 Multiplication,3,CBSE,Class 4,Mathematics,Mathematics Success (2023-24),,3,Active,
3318,Chapter 3 Multiplication,3,CBSE,Class 4,Mathematics,Progress in Mathematics,,3,Active,
3319,Chapter 3 Multiplication and Division,3,CBSE,Class 5,Mathematics,Progress in Mathematics,,3,Active,
3320,Chapter 3 My Family,3,CBSE,Class 1,Environmental Studies,Blue Planet (2023-24),,3,Active,
3321,Chapter 3 Naming Words,3,CBSE,Class 2,English Grammar,Step up English Grammar and Composition (For Acad. Year 2023-24),,3,Active,
3322,Chapter 3 Negative Sentences,3,CBSE,Class 4,English Grammar,Step up English Grammar and Composition (For Acad. Year 2023-24),,3,Active,
3323,Chapter 3 One Bad Habit,3,CBSE,Class 3,English,Get Smart A Multi-skill English Course,,3,Active,
3324,Chapter 3 Our Country  India,3,CBSE,Class 3,Social Studies,Social Studies Success (2023-24),,3,Active,
3325,Chapter 3 Our Country India,3,CBSE,Class 3,Social Studies,Illustrative Social Studies,,1,Inactive,
3326,Chapter 3 Our Environment,3,CBSE,Class 3,General Knowledge,General Knowledge Times,,3,Active,
3327,Chapter 3 Our Environment,3,CBSE,Class 4,General Knowledge,General Knowledge Times,,3,Active,
3328,Chapter 3 Our Environment,3,CBSE,Class 5,General Knowledge,General Knowledge Times,,3,Active,
3329,Chapter 3 Our Environment,3,CBSE,Class 6,General Knowledge,General Knowledge Times,,3,Active,
3330,Chapter 3 Our Environment,3,CBSE,Class 7,General Knowledge,General Knowledge Times,,3,Active,
3331,Chapter 3 Our Environment,3,CBSE,Class 8,General Knowledge,General Knowledge Times,,3,Active,
3332,Chapter 3 Our Motherland  India,3,CBSE,Class 3,Social Studies,Social Studies  for Juniors,,3,Active,
3333,Chapter 3 Pair of Linear Equations in Two Variables,3,CBSE,Class 10,Mathematics,A Complete Course in Mathematics,,3,Active,
3334,Chapter 3 Parts of a Computer,3,CBSE,Class 2,Computer Science,Enter  A Complete Course in Computer Science,,3,Active,
3335,Chapter 3 Parts of a Plant,3,CBSE,Class 3,Science,Learning Elementary Science (For Acad. Year 2023-24),,3,Active,
3336,Chapter 3 Parts Of Computer,3,CBSE,Class 1,Computer Science,Online with Computer,,3,Active,
3337,Chapter 3 Photosynthesis,3,ICSE,Class 7,Science,Learning Elementary Biology (2023-24),,3,Active,
3338,Chapter 3 Pip Amazes Himself,3,CBSE,Class 7,English,Stepping Stones,,3,Active,
3339,Chapter 3 Plant World,3,CBSE,Class 1,Science,Illustrative Science,,3,Active,
3340,Chapter 3 Plant World,3,CBSE,Class 1,Science,Science Success (2023-24),,3,Active,
3341,Chapter 3 Playing With Numbers,3,CBSE,Class 6,Mathematics,NCERT Mathematics,,3,Active,
3342,Chapter 3 Playing With Numbers,3,CBSE,Class 6,Mathematics,Mathematics Success (2023-24),,3,Active,
3343,Chapter 3 Playing With Numbers,3,CBSE,Class 6,Mathematics,Mathematics Success,,3,Active,
3344,Chapter 3 Prononuns,3,CBSE,Class 8,English,Elementary English Grammar and Composition,,1,Active,
3345,Chapter 3 Pronouns,3,CBSE,Class 7,English,Elementary English Grammar and Composition,,1,Active,
3346,Chapter 3 Pronouns : Kinds of Pronouns,3,CBSE,Class 6,English,Elementary English Grammar and Composition,,1,Active,
3347,Chapter 3 Roles in the Family,3,CBSE,Class 1,Social Studies,Social Studies Success (2023-24),,3,Active,
3348,Chapter 3 Rotation And Revolution,3,ICSE,Class 9,Geography,A Textbook of Geography (2023-24),,3,Active,
3349,Chapter 3 Rotation and Revolution,3,ICSE,Class 9,Geography,A Textbook of Geography (2023-24),,3,Active,
3350,Chapter 3 Self Help is the Best Help,3,CBSE,Class 1,Moral Science,The Mirror of Values,,3,Active,
3351,Chapter 3 Separation of Substances,3,CBSE,Class 6,Science,Science Success (2023-24),,3,Active,
3352,Chapter 3 Squares and Square Roots,3,CBSE,Class 8,Mathematics,Mathematics Success (2023-24),,3,Active,
3353,Chapter 3 Squares and Square Roots,3,CBSE,Class 8,Mathematics,Mathematics Success,,3,Active,
3354,Chapter 3 Squares and Squares Roots,3,CBSE,Class 8,Mathematics,Progress in Mathematics,,3,Active,
3355,Chapter 3 Subject And Predicate,3,CBSE,Class 5,English,Elementary English Grammar and Composition,,3,Active,
3356,Chapter 3 Subject and Predicate,3,CBSE,Class 5,English Grammar,Step up English Grammar and Composition (For Acad. Year 2023-24),,3,Active,
3357,Chapter 3 Subtraction,3,CBSE,Class 2,Mathematics,Mathematics Success (2023-24),,3,Active,
3358,Chapter 3 Subtraction,3,CBSE,Class 3,Mathematics,Mathematics Success (2023-24),,3,Active,
3359,Chapter 3 Subtraction,3,CBSE,Class 2,Mathematics,Progress in Mathematics,,3,Active,
3360,Chapter 3 Subtraction,3,CBSE,Class 3,Mathematics,Progress in Mathematics,,3,Active,
3361,Chapter 3 Subtraction up to 10,3,CBSE,Class 1,Mathematics,Progress in Mathematics,,3,Active,
3362,Chapter 3 Subtraction up to 9,3,CBSE,Class 1,Mathematics,Mathematics Success (2023-24),,3,Active,
3363,Chapter 3 Synthetic Fibres And Plastics,3,CBSE,Class 8,Science,NCERT Science,,3,Active,
3364,Chapter 3 Tables in Access,3,CBSE,Class 8,Computer Science,Enter  A Complete Course in Computer Science,,3,Active,
3365,Chapter 3 The Cell,3,ICSE,Class 6,Science,Learning Elementary Biology (2023-24),,3,Active,
3366,Chapter 3 The Digestive and Excretory System,3,ICSE,Class 4,Science,Essential Science,,3,Active,
3367,Chapter 3 The Digestive and Excretory System,3,ICSE,Class 4,Science,Essential Science (2023-24),,3,Active,
3368,Chapter 3 The Northern Mountains,3,CBSE,Class 4,Social Studies,Illustrative Social Studies,,3,Active,
3369,Chapter 3 The Northern Plains,3,CBSE,Class 4,Social Studies,Social Studies  for Juniors,,3,Active,
3370,Chapter 3 The Northern Plains,3,CBSE,Class 4,Social Studies,Essential Social Studies for (2023-24),,3,Active,
3371,Chapter 3 The Northern Plains,3,CBSE,Class 4,Social Studies,Social Studies Success (2023-24),,3,Active,
3372,Chapter 3 The Noun Kinds Of Nouns,3,CBSE,Class 3,English,Elementary English Grammar and Composition,,3,Active,
3373,Chapter 3 The Tiny Elf,3,CBSE,Class 4,English,Get Smart A Multi-skill English Course,,3,Active,
3374,Chapter 3 True Friends,3,CBSE,Class 5,English,Get Smart A Multi-skill English Course,,3,Active,
3375,Chapter 3 Types of Families,3,CBSE,Class 2,Environmental Studies,Blue Planet (2023-24),,3,Active,
3376,Chapter 3 Understanding Quadrilaterals,3,CBSE,Class 8,Mathematics,NCERT Mathematics,,3,Active,
3377,Chapter 3 Uses of Computers,3,CBSE,Class 1,Computer Science,Enter  A Complete Course in Computer Science,,3,Active,
3378,Chapter 3 Variables using block coding,3,CBSE,Class 6,Coding,Fun with Coding,,3,Active,
3379,Chapter 3 Water Bodies,3,ICSE,Class 6,Geography,A Textbook of Geography (2023-24),,3,Active,
3380,Chapter 3 Weather And Climate,3,ICSE,Class 7,Geography,A Textbook of Geography (2023-24),,3,Active,
3381,Chapter 3 Whole Numbers,3,CBSE,Class 6,Mathematics,Progress in Mathematics,,3,Active,
3382,Chapter 3 Wild Animals,3,CBSE,Class 2,Science,Science Success (2023-24),,3,Active,
3383,Chapter 3 Windows and Its Applications,3,CBSE,Class 5,Computer Science,Enter  A Complete Course in Computer Science,,3,Active,
3384,Chapter 3 कुएँ का पानी,3,CBSE,Class 3,Hindi,Nootan Saral Hindi Mala,,1,Active,
3385,Chapter 3 कौन क्या कर रहा है?,3,CBSE,Class 1,Hindi,Naveen Hindi Vyavaharik Vyakaran Tatha Rachna,,3,Active,
3386,Chapter 3 गुस्से का अंत,3,CBSE,Class 3,Hindi,Nikunj Hindi Pathmala,,1,Active,
3387,Chapter 3 गुस्से का अंत,3,CBSE,Class 3,Hindi,Nikunj Hindi Pathmala (2023-24),,3,Active,
3388,Chapter 3 ठीक समय,3,CBSE,Class 2,Hindi,Nikunj Hindi Pathmala,,1,Active,
3389,Chapter 3 पेड़ घूमने चला,3,CBSE,Class 5,Hindi,Nikunj Hindi Pathmala,,1,Active,
3390,Chapter 3 पोंगल उत्सव,3,CBSE,Class 5,Hindi,Nikunj Hindi Pathmala (2023-24),,3,Active,
3391,Chapter 3 मात्राएँ और शब्द,3,CBSE,Class 3,Hindi,Naveen Hindi Vyavaharik Vyakaran Tatha Rachna,,3,Active,
3392,Chapter 3 रज्जी का शौक,3,CBSE,Class 4,Hindi,Nootan Saral Hindi Mala,,1,Active,
3393,Chapter 3 रज्जी का शौक,3,CBSE,Class 4,Hindi,Nikunj Hindi Pathmala,,1,Active,
3394,Chapter 3 वनराज से मुलाकात,3,CBSE,Class 7,Hindi,Nikunj Hindi Pathmala,,1,Active,
3395,Chapter 3 शब्द,3,CBSE,Class 4,Hindi,Naveen Hindi Vyavaharik Vyakaran Tatha Rachna,,3,Active,
3396,Chapter 3 शेर और तोमचा,3,CBSE,Class 8,Hindi,Nikunj Hindi Pathmala,,1,Active,
3397,Chapter 3 संधि,3,CBSE,Class 6,Hindi,Naveen Hindi Vyavaharik Vyakaran Tatha Rachna,,3,Active,
3398,Chapter 3 संधि,3,CBSE,Class 7,Hindi,Naveen Hindi Vyavaharik Vyakaran Tatha Rachna,,3,Active,
3399,Chapter 3 समय,3,CBSE,Class 2,Hindi,Nikunj Hindi Pathmala (2023-24),,3,Active,
3400,Chapter 3 स्वर और मात्रएँ आ (⊺) की मात्रा,3,CBSE,Class 1,Hindi,Nikunj Hindi Pathmala,,1,Active,
3401,Chapter 3 स्वर और मात्राएँ,3,CBSE,Class 1,Hindi,Nikunj Hindi Pathmala (2023-24),,3,Active,
3402,Chapter 3 स्वर और मात्राएँ,3,CBSE,Class 1,Hindi,Nootan Saral Hindi Mala,,1,Active,
3403,Chapter 3 स्वावलंबन,3,CBSE,Class 6,Hindi,Nikunj Hindi Pathmala,,1,Active,
3404,Chapter 3 हमारे त्योहार,3,CBSE,Class 4,Hindi,Nikunj Hindi Pathmala,,1,Active,
3405,Chapter 3 हमारे त्योहार,3,CBSE,Class 4,Hindi,Nikunj Hindi Pathmala (2023-24),,3,Active,
3406,Chapter 3 ગુજરાત મોરી મોરી રે...,3,CBSE,Class 8,Gujarati,Meghdhanush,,3,Active,
3407,Chapter 3 જોડાક્ષરોનો અભ્યાસ,3,CBSE,Class 2,Gujarati,Meghdhanush,,3,Active,
3408,Chapter 3 ધરતીનું સ્વર્ગ કાશ્મીર,3,CBSE,Class 6,Gujarati,Meghdhanush,,3,Active,
3409,Chapter 3 મોર,3,CBSE,Class 4,Gujarati,Meghdhanush,,3,Active,
3410,Chapter 3 રાજુજી નો શોખ,3,CBSE,Class 5,Gujarati,Meghdhanush,,3,Active,
3411,Chapter 3 સિંચાઈ કરે કોણ ?,3,CBSE,Class 3,Gujarati,Meghdhanush,,3,Active,
3412,Chapter 3 સુંદર અને નિરાળા સાથી,3,CBSE,Class 7,Gujarati,Meghdhanush,,3,Active,
3413,Chapter 3_Advanced Topics in MS Access,3,CBSE,Class 8,Computer Science,Desktop My Book of Computer Science,,3,Active,
3414,Chapter 3_Introduction to MS Windows 7,3,CBSE,Class 3,Computer Science,Desktop My Book of Computer Science,,3,Active,
3415,Chapter 3_Keyboard,3,CBSE,Class 1,Computer Science,Exploring Computer Science,,3,Active,
3416,Chapter 3_Keyboard,3,CBSE,Class 2,Computer Science,Exploring Computer Science,,3,Active,
3417,Chapter 3 Animals,3,CBSE,Class 4,Environmental Studies,Illustrative Environmental Studies,,3,Active,
3418,Chapter 3 Birds,3,CBSE,Class 3,Science,Illustrative Science,,3,Active,
3419,Chapter 3 Factors and Multiples,3,CBSE,Class 5,Mathematics,Illustrative Mathematics,,3,Active,
3420,Chapter 3 Human Skeletal System,3,CBSE,Class 5,Science,Illustrative Science,,3,Active,
3421,Chapter 3 Multiplication,3,CBSE,Class 4,Mathematics,Illustrative Mathematics,,3,Active,
3422,Chapter 3 My Family,3,CBSE,Class 1,Environmental Studies,Illustrative Environmental Studies,,3,Active,
3423,Chapter 3 Reproduction in Animals,3,CBSE,Class 4,Science,Illustrative Science,,3,Active,
3424,Chapter 3 Roles in the Family,3,CBSE,Class 1,Social Studies,Illustrative Social Studies,,3,Active,
3425,Chapter 3 Subtraction,3,CBSE,Class 2,Mathematics,Illustrative Mathematics,,3,Active,
3426,Chapter 3 Subtraction,3,CBSE,Class 3,Mathematics,Illustrative Mathematics,,3,Active,
3427,Chapter 3 Subtraction up to 9,3,CBSE,Class 1,Mathematics,Illustrative Mathematics,,3,Active,
3428,Chapter 3 Types of Families,3,CBSE,Class 2,Environmental Studies,Illustrative Environmental Studies,,3,Active,
3429,Chapter 3 Wild Animals,3,CBSE,Class 2,Science,Illustrative Science,,3,Active,
3430,Chapter 3: More about Addition,3,ICSE,Class 1,Mathematics,Foundation Mathematics (2023-24),,3,Active,
3431,Chapter 3: Subtraction,3,ICSE,Class 2,Mathematics,Foundation Mathematics (2023-24),,3,Active,
3432,Chapter 3.  Fractional Numbers,3,ICSE,Class 4,Mathematics,Foundation Mathematics,,3,Active,
3433,Chapter 3.  Fractional Numbers,3,ICSE,Class 4,Mathematics,Foundation Mathematics (2023-24),,3,Active,
3434,Chapter 3.  Nouns (Naming Words),3,CBSE,Class 2,English,Elementary English Grammar and Composition,,3,Active,
3435,Chapter 3.  The Noun  Kinds Of Nouns,3,CBSE,Class 4,English,Elementary English Grammar and Composition,,3,Active,
3436,Chapter 3. Formatting Document in MS Word 2016,3,CBSE,Class 5,Computer Science,Computer Science Success,,3,Active,
3437,Chapter 3. Good Food,3,CBSE,Class 3,Environmental Studies,Blue Planet,,3,Active,
3438,Chapter 3. Introduction to Adobe Photoshop CS6,3,CBSE,Class 6,Computer Science,Computer Science Success,,3,Active,
3439,Chapter 3. Introduction to MSW Logo,3,CBSE,Class 4,Computer Science,Computer Science Success,,3,Active,
3440,Chapter 3. Multiplication,3,CBSE,Class 3,Mathematics,Mathematics Success,,3,Active,
3441,Chapter 3. Operations on Large Numbers,3,ICSE,Class 5,Mathematics,Foundation Mathematics,,3,Active,
3442,Chapter 3. Operations on Large Numbers,3,ICSE,Class 5,Mathematics,Foundation Mathematics (2023-24),,3,Active,
3443,Chapter 3. A Pocket Poem,3,CBSE,Class 2,English,Get Smart A Multi-skill English Course,,3,Active,
3444,Chapter 3. Adaptation in Animals,3,CBSE,Class 4,Science,Learning Elementary Science,,3,Active,
3445,Chapter 3. Addition,3,CBSE,Class 1,Mathematics,Star Maths,,3,Active,
3446,Chapter 3. Advanced Features of Open Office Calc,3,CBSE,Class 7,Computer Science,Fun with Linux,,3,Active,
3447,Chapter 3. Algorithms and Flowcharts,3,CBSE,Class 8,Computer Science,Computer Science Success,,3,Active,
3448,Chapter 3. Aryan's Clean Neighborhood,3,CBSE,Class 1,English,Get Smart A Multi-skill English Course,,3,Active,
3449,Chapter 3. Atoms And Molecules,3,CBSE,Class 9,Science,NCQRT Science,,3,Active,
3450,Chapter 3. Birds,3,CBSE,Class 3,Science,Science Success (2023-24),,3,Active,
3451,Chapter 3. Charts in Excel,3,ICSE,Class 8,Computer Science,My Book of Computer Studies,,3,Active,
3452,Chapter 3. Charts in Excel 2016,3,CBSE,Class 7,Computer Science,Computer Science Success,,3,Active,
3453,Chapter 3. Classification,3,CBSE,Class 1,General Aptitude,Know Your Aptitude,,3,Active,
3454,Chapter 3. Classification,3,CBSE,Class 2,General Aptitude,Know Your Aptitude,,3,Active,
3455,Chapter 3. Clothes,3,CBSE,Class 4,Science,Science Success,,3,Active,
3456,Chapter 3. Coal and Petroleum,3,CBSE,Class 8,Science,Learning Elementary Science (For Acad. Year 2023-24),,3,Active,
3457,Chapter 3. Computer Software,3,CBSE,Class 3,Computer Science,Fun with Linux,,3,Active,
3458,Chapter 3. Coordinate Geometry,3,CBSE,Class 9,Mathematics,NCERT Mathematics,,3,Active,
3459,Chapter 3. Data Visualization,3,CBSE,Class 8,Data Science,A text Book of Data Science,,3,Active,
3460,Chapter 3. Data Visualization,3,CBSE,Class 9,Data Science,A text Book of Data Science,,3,Active,
3461,Chapter 3. Decimals,3,CBSE,Class 7,Mathematics,Exploring Mathematics,,3,Active,
3462,Chapter 3. Decimals,3,ICSE,Class 7,Mathematics,Foundation Mathematics (2023-24),,3,Active,
3463,Chapter 3. Domestic Animals,3,CBSE,Class 2,Science,Learning Elementary Science,,3,Active,
3464,Chapter 3. Domestic Animals,3,CBSE,Class 2,Science,Learning Elementary Science (For Acad. Year 2023-24),,3,Active,
3465,Chapter 3. Drainage,3,CBSE,Class 9,Geography,NCQRT Geography,,3,Active,
3466,Chapter 3. Ecosystems,3,ICSE,Class 8,Biology,Learning Elementary Biology,,3,Active,
3467,Chapter 3. Edubuntu (Managing Files and Folders),3,CBSE,Class 4,Computer Science,Fun with Linux,,3,Active,
3468,Chapter 3. Electricity,3,CBSE,Class 10,Science,Gateway to Science Physics,,3,Active,
3469,Chapter 3. Factors and Multiples,3,CBSE,Class 5,Mathematics,Mathematics Success,,3,Active,
3470,Chapter 3. Fibre to Fabric,3,CBSE,Class 7,Science,Science Success,,3,Active,
3471,Chapter 3. Fibre to Fabric,3,CBSE,Class 6,Science,Science Success,,3,Active,
3472,Chapter 3. Fibre to Fabric,3,CBSE,Class 6,Science,Learning Elementary Science,,3,Active,
3473,Chapter 3. Fibre to Fabric,3,CBSE,Class 7,Science,Learning Elementary Science,,3,Active,
3474,Chapter 3. File Management Organisation of Data,3,ICSE,Class 6,Computer Science,My Book of Computer Studies,,3,Active,
3475,Chapter 3. Food is Life,3,CBSE,Class 4,Environmental Studies,Blue Planet (2023-24),,3,Active,
3476,Chapter 3. Food Is Life,3,CBSE,Class 4,Environmental Studies,Blue Planet,,3,Active,
3477,Chapter 3. Force,3,ICSE,Class 6,Physics,Learning Elementary Physics,,3,Active,
3478,Chapter 3. Genetics,3,ICSE,Class 10,Biology,A New Approach to ICSE Biology,,3,Active,
3479,Chapter 3. Good Food,3,CBSE,Class 3,Environmental Studies,Blue Planet (2023-24),,3,Active,
3480,Chapter 3. Gravitation,3,CBSE,Class 9,Science,Gateway to Science Physics,,3,Active,
3481,Chapter 3. Heat Flow and Temperature,3,CBSE,Class 7,Science,Learning Elementary Science (For Acad. Year 2023-24),,3,Active,
3482,Chapter 3. Housing and Clothing,3,CBSE,Class 3,Science,Science Success,,3,Active,
3483,Chapter 3. Human Skeletal System,3,CBSE,Class 5,Science,Science Success (2023-24),,3,Active,
3484,Chapter 3. Identifying Patterns,3,CBSE,Class 10,Data Science,A text Book of Data Science,,3,Active,
3485,Chapter 3. Input and Output Devices,3,ICSE,Class 2,Computer Science,My Book of Computer Studies,,3,Active,
3486,Chapter 3. Integers,3,ICSE,Class 6,Mathematics,Foundation Mathematics,,3,Active,
3487,Chapter 3. Integers,3,ICSE,Class 6,Mathematics,Foundation Mathematics,,3,Active,
3488,Chapter 3. Integers,3,ICSE,Class 6,Mathematics,Foundation Mathematics (2023-24),,3,Active,
3489,Chapter 3. Introduction to MS Word 2016,3,CBSE,Class 3,Computer Science,Computer Science Success,,3,Active,
3490,Chapter 3. Introduction to Open Office Calc,3,CBSE,Class 6,Computer Science,Fun with Linux,,3,Active,
3491,Chapter 3. Laws of Motion,3,ICSE,Class 9,Physics,A New Approach to I.C.S.E. Physics (2023-24),,3,Active,
3492,Chapter 3. Let’s Be Clean and Healthy,3,CBSE,Class 5,Environmental Studies,Blue Planet,,3,Active,
3493,Chapter 3. Little Ones,3,CBSE,Class 1,General Knowledge,General Knowledge Times (2023-24),,3,Active,
3494,"Chapter 3. Location, Extent and Physical Features of India (Through Maps Only)",3,ICSE,Class 10,Geography,A Textbook of Geography (2023-24),,3,Active,
3495,Chapter 3. Looking Same,3,CBSE,Class 2,General Knowledge,General Knowledge Times (2023-24),,3,Active,
3496,Chapter 3. Man as a Farmer and Herder,3,CBSE,Class 6,Social Science,A Text Book of Social Sciences,,3,Active,
3497,Chapter 3. Metals and Non Metals,3,CBSE,Class 10,Science,Gateway to Science Chemistry,,3,Active,
3498,Chapter 3. More on Edubuntu,3,CBSE,Class 5,Computer Science,Fun with Linux,,3,Active,
3499,Chapter 3. More on MS Windows 7,3,ICSE,Class 3,Computer Science,My Book of Computer Studies,,3,Active,
3500,Chapter 3. Multiplication,3,CBSE,Class 4,Mathematics,Exploring Mathematics,,3,Active,
3501,Chapter 3. Multiplication,3,CBSE,Class 4,Mathematics,Mathematics Success,,3,Active,
3502,Chapter 3. Multiplication and Division,3,CBSE,Class 5,Mathematics,Exploring Mathematics,,3,Active,
3503,Chapter 3. My Family,3,CBSE,Class 1,Environmental Studies,Blue Planet,,3,Active,
3504,Chapter 3. Names of Things,3,CBSE,Class 1,English,Elementary English Grammar and Composition,,3,Active,
3505,Chapter 3. Nazism And The Rise of Hitler,3,CBSE,Class 9,History,NCQRT History,,3,Active,
3506,Chapter 3. Nouns,3,CBSE,Class 6,English Grammar,Step up English Grammar and Composition (For Acad. Year 2023-24),,3,Active,
3507,Chapter 3. Number System,3,ICSE,Class 7,Computer Science,My Book of Computer Studies,,3,Active,
3508,Chapter 3. Pair of Linear Equations in Two Variables,3,CBSE,Class 10,Mathematics,NCQRT Mathematics,,3,Active,
3509,Chapter 3. Pair of Linear Equations in Two Variables,3,CBSE,Class 10,Mathematics,NCERT Mathematics,,3,Active,
3510,Chapter 3. Parts of a Computer,3,ICSE,Class 1,Computer Science,My Book of Computer Studies,,3,Active,
3511,Chapter 3. Parts of a Computer,3,CBSE,Class 2,Computer Science,Computer Science Success,,3,Active,
3512,Chapter 3. Parts of a Computer,3,CBSE,Class 2,Computer Science,Fun with Linux,,3,Active,
3513,Chapter 3. Parts of a Plant,3,CBSE,Class 3,Science,Learning Elementary Science,,3,Active,
3514,Chapter 3. Photosynthesis,3,ICSE,Class 7,Biology,Learning Elementary Biology,,3,Active,
3515,Chapter 3. Plant World,3,CBSE,Class 1,Science,Science Success,,3,Active,
3516,Chapter 3. Plants as Food,3,CBSE,Class 1,Science,Learning Elementary Science,,3,Active,
3517,Chapter 3. Political Developments in South India (AD 700  1200),3,CBSE,Class 7,Social Science,A Text Book of Social Sciences,,3,Active,
3518,Chapter 3. Poverty As A Challenge,3,CBSE,Class 9,Economics,NCQRT Economics,,3,Active,
3519,"Chapter 3. Queries, Forms and Reports in Open Office Base",3,CBSE,Class 8,Computer Science,Fun with Linux,,3,Active,
3520,Chapter 3. Reproduction In Animals,3,CBSE,Class 4,Science,Science Success (2023-24),,3,Active,
3521,Chapter 3. Rural Settlements under the Company : Ruling the Countryside,3,CBSE,Class 8,Social Science,A Text Book of Social Sciences,,3,Active,
3522,Chapter 3. Safety and First Aid,3,CBSE,Class 5,Science,Science Success,,3,Active,
3523,Chapter 3. Separation of Substances,3,CBSE,Class 6,Science,Learning Elementary Science (For Acad. Year 2023-24),,3,Active,
3524,Chapter 3. Squares and Square Roots,3,CBSE,Class 8,Mathematics,Exploring Mathematics,,3,Active,
3525,"Chapter 3. Squares and Square Roots, Cubes and Cube Roots",3,ICSE,Class 8,Mathematics,Foundation Mathematics (2023-24),,3,Active,
3526,Chapter 3. Subtraction,3,ICSE,Class 3,Mathematics,Foundation Mathematics,,3,Active,
3527,Chapter 3. Subtraction,3,CBSE,Class 2,Mathematics,Exploring Mathematics,,3,Active,
3528,Chapter 3. Subtraction,3,CBSE,Class 3,Mathematics,Exploring Mathematics,,3,Active,
3529,Chapter 3. Subtraction,3,CBSE,Class 2,Mathematics,Mathematics Success,,3,Active,
3530,Chapter 3. Subtraction,3,ICSE,Class 3,Mathematics,Foundation Mathematics (2023-24),,3,Active,
3531,Chapter 3. Subtraction,3,CBSE,Class 3,Mathematics,Star Maths,,3,Active,
3532,Chapter 3. Subtraction,3,CBSE,Class 4,Mathematics,Star Maths,,3,Active,
3533,Chapter 3. Subtraction,3,CBSE,Class 5,Mathematics,Star Maths,,3,Active,
3534,Chapter 3. Subtraction,3,CBSE,Class 2,Mathematics,Star Maths,,3,Active,
3535,Chapter 3. Subtraction up to 10,3,CBSE,Class 1,Mathematics,Exploring Mathematics,,3,Active,
3536,Chapter 3. Subtraction up to 9,3,CBSE,Class 1,Mathematics,Mathematics Success,,3,Active,
3537,Chapter 3. Synthetic Fibres and Plastics,3,CBSE,Class 8,Science,Science Success,,3,Active,
3538,Chapter 3. Synthetic Fibres and Plastics,3,CBSE,Class 8,Science,Learning Elementary Science,,3,Active,
3539,Chapter 3. The Cell,3,ICSE,Class 6,Biology,Learning Elementary Biology,,3,Active,
3540,Chapter 3. The Making of a Global World,3,CBSE,Class 10,History,NCQRT History,,3,Active,
3541,Chapter 3. The Tissues,3,ICSE,Class 9,Biology,A New Approach to I.C.S.E. Biology (2023-24),,3,Active,
3542,Chapter 3. The World of Animals,3,CBSE,Class 1,Science,Learning Elementary Science (For Acad. Year 2023-24),,3,Active,
3543,Chapter 3. Tools of Word Processor,3,ICSE,Class 4,Computer Science,My Book of Computer Studies,,3,Active,
3544,Chapter 3. Types of Families,3,CBSE,Class 2,Environmental Studies,Blue Planet,,3,Active,
3545,Chapter 3. Uses of Computers,3,CBSE,Class 1,Computer Science,Computer Science Success,,3,Active,
3546,Chapter 3. Uses of Computers,3,CBSE,Class 1,Computer Science,Fun with Linux,,3,Active,
3547,Chapter 3. Verbs: Expressing the Past,3,CBSE,Class 8,English Grammar,Step up English Grammar and Composition (For Acad. Year 2023-24),,3,Active,
3548,Chapter 3. Water,3,ICSE,Class 9,Chemistry,A New Approach to I.C.S.E. Chemistry (2023-24),,3,Active,
3549,Chapter 3. Weather and Climate,3,CBSE,Class 5,Social Studies,Social Studies Success (2023-24),,3,Active,
3550,Chapter 3. Whole Numbers,3,CBSE,Class 6,Mathematics,Exploring Mathematics,,3,Active,
3551,Chapter 3. Wild Animals,3,CBSE,Class 2,Science,Science Success,,3,Active,
3552,Chapter 3. Word Processor,3,ICSE,Class 5,Computer Science,My Book of Computer Studies,,3,Active,
3553,Chapter 3. अंतर्राष्ट्रीय योग दिवस,3,CBSE,Class 8,Hindi,Nootan Saral Hindi Mala,,3,Active,
3554,Chapter 3. आ की मात्रा,3,CBSE,Class 1,Hindi,Bal Bhasha Bharti,,3,Active,
3555,Chapter 3. ओणम,3,CBSE,Class 5,Hindi,Nootan Saral Hindi Mala,,3,Active,
3556,Chapter 3. बिहू: आनंद और समृद्धि का त्योहार,3,CBSE,Class 6,Hindi,Nootan Saral Hindi Mala,,3,Active,
3557,Chapter 3. समय नियोजन,3,CBSE,Class 7,Hindi,Nootan Saral Hindi Mala,,3,Active,
3558,Chapter 3.The Moon,3,CBSE,Class 5,Science,Learning Elementary Science,,3,Active,
3559,Chapter 3.जल्दबाजी,3,CBSE,Class 4,Hindi,Bal Bhasha Bharti,,3,Active,
3560,Chapter 3.ठीक समय,3,CBSE,Class 2,Hindi,Bal Bhasha Bharti,,3,Active,
3561,Chapter 3.मेट्रो की कहानी मेट्रो की जुबानी,3,CBSE,Class 5,Hindi,Bal Bhasha Bharti,,3,Active,
3562,Chapter 3.साहसी बच्चा,3,CBSE,Class 3,Hindi,Bal Bhasha Bharti,,3,Active,
3563,Chapter 30 Composition,30,CBSE,Class 3,English Grammar,Step up English Grammar and Composition (For Acad. Year 2023-24),,30,Active,
3564,Chapter 30 Comprehension,30,CBSE,Class 4,English Grammar,Step up English Grammar and Composition (For Acad. Year 2023-24),,30,Active,
3565,Chapter 30 Direct and Indirect Speech,30,CBSE,Class 5,English Grammar,Step up English Grammar and Composition (For Acad. Year 2023-24),,30,Active,
3566,Chapter 30 चित्र वर्णन,30,CBSE,Class 6,Hindi,Naveen Hindi Vyavaharik Vyakaran Tatha Rachna,,30,Active,
3567,Chapter 30 चित्र वर्णन,30,CBSE,Class 7,Hindi,Naveen Hindi Vyavaharik Vyakaran Tatha Rachna,,30,Active,
3568,Chapter 30 लिखित अभिव्यक्ति,30,CBSE,Class 8,Hindi,Naveen Hindi Vyavaharik Vyakaran Tatha Rachna,,30,Active,
3569,Chapter 30. Making A living  Rural livelihoods and Urban livelihoods,30,CBSE,Class 6,Social Science,A Text Book of Social Sciences,,30,Active,
3570,Chapter 30. The Judiciary,30,CBSE,Class 8,Social Science,A Text Book of Social Sciences,,30,Active,
3571,Chapter 30. Touring India,30,CBSE,Class 2,General Knowledge,General Knowledge Times (2023-24),,30,Active,
3572,Chapter 30. Vocabulary,30,CBSE,Class 6,English Grammar,Step up English Grammar and Composition (For Acad. Year 2023-24),,30,Active,
3573,Chapter 30. What do they speak?,30,CBSE,Class 1,General Knowledge,General Knowledge Times (2023-24),,30,Active,
3574,Chapter 31 प्रपत्र पूर्ति,31,CBSE,Class 8,Hindi,Naveen Hindi Vyavaharik Vyakaran Tatha Rachna,,31,Active,
3575,Chapter 31 Composition,31,CBSE,Class 4,English Grammar,Step up English Grammar and Composition (For Acad. Year 2023-24),,31,Active,
3576,Chapter 31 Punctuation and the Use of Capital Letters,31,CBSE,Class 5,English Grammar,Step up English Grammar and Composition (For Acad. Year 2023-24),,31,Active,
3577,Chapter 31 विज्ञापन लेखन,31,CBSE,Class 6,Hindi,Naveen Hindi Vyavaharik Vyakaran Tatha Rachna,,31,Active,
3578,Chapter 31 विज्ञापन लेखन,31,CBSE,Class 7,Hindi,Naveen Hindi Vyavaharik Vyakaran Tatha Rachna,,31,Active,
3579,Chapter 31. A 'World' of Food,31,CBSE,Class 1,General Knowledge,General Knowledge Times (2023-24),,31,Active,
3580,Chapter 31. Harvest Festivals of India,31,CBSE,Class 2,General Knowledge,General Knowledge Times (2023-24),,31,Active,
3581,Chapter 31. Reading Comprehension,31,CBSE,Class 6,English Grammar,Step up English Grammar and Composition (For Acad. Year 2023-24),,31,Active,
3582,Chapter 31. Understanding Our System of Criminal Justice,31,CBSE,Class 8,Social Science,A Text Book of Social Sciences,,31,Active,
3583,Chapter 32 Vocabulary,32,CBSE,Class 5,English Grammar,Step up English Grammar and Composition (For Acad. Year 2023-24),,32,Active,
3584,Chapter 32 पत्र लेखन,32,CBSE,Class 8,Hindi,Naveen Hindi Vyavaharik Vyakaran Tatha Rachna,,32,Active,
3585,Chapter 32 सूचना लेखन,32,CBSE,Class 7,Hindi,Naveen Hindi Vyavaharik Vyakaran Tatha Rachna,,32,Active,
3586,Chapter 32. Listening Comprehension,32,CBSE,Class 6,English Grammar,Step up English Grammar and Composition (For Acad. Year 2023-24),,32,Active,
3587,Chapter 32. Popular in the World,32,CBSE,Class 1,General Knowledge,General Knowledge Times (2023-24),,32,Active,
3588,Chapter 32. Popular People,32,CBSE,Class 2,General Knowledge,General Knowledge Times (2023-24),,32,Active,
3589,Chapter 32. Understanding and Confronting Marginalisation,32,CBSE,Class 8,Social Science,A Text Book of Social Sciences,,32,Active,
3590,Chapter 33 : Music from Around the World,9,CBSE,Class 5,General Knowledge,General Knowledge Times (2023-24),,9,Active,
3591,Chapter 33 Comprehension,33,CBSE,Class 5,English Grammar,Step up English Grammar and Composition (For Acad. Year 2023-24),,33,Active,
3592,Chapter 33 अनुच्छेद लेखन,33,CBSE,Class 8,Hindi,Naveen Hindi Vyavaharik Vyakaran Tatha Rachna,,33,Active,
3593,Chapter 33. Composition,33,CBSE,Class 6,English Grammar,Step up English Grammar and Composition (For Acad. Year 2023-24),,33,Active,
3594,Chapter 33. Disneyland,33,CBSE,Class 2,General Knowledge,General Knowledge Times (2023-24),,33,Active,
3595,Chapter 33. Let's Have Fun,33,CBSE,Class 1,General Knowledge,General Knowledge Times (2023-24),,33,Active,
3596,Chapter 33. Public Facilities,33,CBSE,Class 8,Social Science,A Text Book of Social Sciences,,33,Active,
3597,Chapter 34 Composition,34,CBSE,Class 5,English Grammar,Step up English Grammar and Composition (For Acad. Year 2023-24),,34,Active,
3598,Chapter 34 निबंध लेखन,34,CBSE,Class 8,Hindi,Naveen Hindi Vyavaharik Vyakaran Tatha Rachna,,34,Active,
3599,Chapter 34. I Love Cartoons,34,CBSE,Class 1,General Knowledge,General Knowledge Times (2023-24),,34,Active,
3600,Chapter 34. Law and Social Justice,34,CBSE,Class 8,Social Science,A Text Book of Social Sciences,,34,Active,
3601,Chapter 34. Our Neighbouring Countries,34,CBSE,Class 2,General Knowledge,General Knowledge Times (2023-24),,34,Active,
3602,Chapter 35 : Extremely Adventurous,10,CBSE,Class 5,General Knowledge,General Knowledge Times (2023-24),,10,Active,
3603,Chapter 35 : Unique Musical Instruments,10,CBSE,Class 8,General Knowledge,General Knowledge Times (2023-24),,10,Active,
3604,Chapter 35 चित्र वर्णन,35,CBSE,Class 8,Hindi,Naveen Hindi Vyavaharik Vyakaran Tatha Rachna,,35,Active,
3605,Chapter 35. Know the Dresses,35,CBSE,Class 2,General Knowledge,General Knowledge Times (2023-24),,35,Active,
3606,Chapter 35. Memory Game 1,35,CBSE,Class 1,General Knowledge,General Knowledge Times (2023-24),,35,Active,
3607,Chapter 35. Natural and Man made Disasters,35,CBSE,Class 8,Social Science,A Text Book of Social Sciences,,35,Active,
3608,Chapter 36 : Astronomical Observatories in India,11,CBSE,Class 5,General Knowledge,General Knowledge Times (2023-24),,11,Active,
3609,Chapter 36 : Folk Dances of the World,11,CBSE,Class 8,General Knowledge,General Knowledge Times (2023-24),,11,Active,
3610,Chapter 36. Buildings and Monuments,36,CBSE,Class 2,General Knowledge,General Knowledge Times (2023-24),,36,Active,
3611,Chapter 36. Memory Game 2,36,CBSE,Class 1,General Knowledge,General Knowledge Times (2023-24),,36,Active,
3612,Chapter 37 : Robots of 2022 2023,12,CBSE,Class 5,General Knowledge,General Knowledge Times (2023-24),,12,Active,
3613,Chapter 37. Hello!,37,CBSE,Class 2,General Knowledge,General Knowledge Times (2023-24),,37,Active,
3614,Chapter 37. Quiz 1,37,CBSE,Class 1,General Knowledge,General Knowledge Times (2023-24),,37,Active,
3615,Chapter 38 : Humanoid Robots Today,13,CBSE,Class 5,General Knowledge,General Knowledge Times (2023-24),,13,Active,
3616,Chapter 38 : Unusual Musical Instruments,12,CBSE,Class 4,General Knowledge,General Knowledge Times (2023-24),,12,Active,
3617,Chapter 38 : World of Musical Instruments,7,CBSE,Class 3,General Knowledge,General Knowledge Times (2023-24),,7,Active,
3618,Chapter 38. Capital Cities and Landmarks,38,CBSE,Class 2,General Knowledge,General Knowledge Times (2023-24),,38,Active,
3619,Chapter 38. Quiz 2,38,CBSE,Class 1,General Knowledge,General Knowledge Times (2023-24),,38,Active,
3620,Chapter 39 : Traditional Games,8,CBSE,Class 3,General Knowledge,General Knowledge Times (2023-24),,8,Active,
3621,Chapter 39. Amazing Facts,39,CBSE,Class 1,General Knowledge,General Knowledge Times (2023-24),,39,Active,
3622,Chapter 39. Indians Win at Olympics,39,CBSE,Class 2,General Knowledge,General Knowledge Times (2023-24),,39,Active,
3623,Chapter 4 Concepts of Time and Calendar,4,ICSE,Class 3,Social Studies,Essential Social Studies for (2023-24),,4,Active,
3624,Chapter 4 Multiplication,4,ICSE,Class 2,Mathematics,Foundation Mathematics,,4,Active,
3625,Chapter 4 Subtraction,4,ICSE,Class 1,Mathematics,Foundation Mathematics,,4,Active,
3626,Chapter 4 अनुस्वार,4,CBSE,Class 2,Hindi,Naveen Hindi Vyavaharik Vyakaran Tatha Rachna,,4,Active,
3627,Chapter 4 : Playing With Number,4,ICSE,Class 8,Mathematics,Foundation Mathematics,,4,Active,
3628,Chapter 4 : Caves of India,3,CBSE,Class 4,General Knowledge,General Knowledge Times (2023-24),,3,Active,
3629,Chapter 4 : Clothes,4,CBSE,Class 2,Social Studies,Social Studies Success,,1,Active,
3630,Chapter 4 : Decimals,4,ICSE,Class 7,Mathematics,Foundation Mathematics,,4,Active,
3631,Chapter 4 : Democratic Republic of the Congo,4,CBSE,Class 5,Social Studies,Social Studies Success,,1,Active,
3632,Chapter 4 : Desimals,4,ICSE,Class 7,Mathematics,Foundation Mathematics,,4,Active,
3633,Chapter 4 : Embroideries from Indian States,3,CBSE,Class 8,General Knowledge,General Knowledge Times (2023-24),,3,Active,
3634,Chapter 4 : Energy,4,ICSE,Class 8,Physics,Learning Elementary Physics,,1,Active,
3635,Chapter 4 : Factorisation,4,ICSE,Class 9,Mathematics,I.C.S.E. Foundation Mathematics (2023-24),,4,Active,
3636,Chapter 4 : Flotation,4,ICSE,Class 9,Science,Gateway to Science Physics,,4,Active,
3637,Chapter 4 : Good Manners and Good Habits,4,CBSE,Class 1,Social Studies,Social Studies Success,,1,Active,
3638,Chapter 4 : Indian States,4,CBSE,Class 3,Social Studies,Social Studies Success,,1,Active,
3639,Chapter 4 : Light Energy,4,ICSE,Class 7,Physics,Learning Elementary Physics,,1,Active,
3640,Chapter 4 : Linear Inequation,4,ICSE,Class 10,Mathematics,I.C.S.E. Foundation Mathematics (2023-24),,4,Active,
3641,Chapter 4 : The Great Indian Desert,4,CBSE,Class 4,Social Studies,Social Studies Success,,1,Active,
3642,Chapter 4 'મ' થી 'જ્ઞ'નો અભ્યાસ,4,CBSE,Class 1,Gujarati,Meghdhanush,,4,Active,
3643,Chapter 4 Absorption by Roots,4,ICSE,Class 10,Biology,A New Approach to I.C.S.E. Biology (2023-24),,4,Active,
3644,"Chapter 4 Acids, Bases and Salts",4,CBSE,Class 7,Science,Science Success (2023-24),,4,Active,
3645,Chapter 4 Adapation in Animals,4,ICSE,Class 4,Science,Essential Science (2023-24),,4,Active,
3646,Chapter 4 Adapation in Animals,4,ICSE,Class 4,Science,Essential Science,,4,Active,
3647,Chapter 4 Adjectives,4,CBSE,Class 7,English,Elementary English Grammar and Composition,,1,Active,
3648,Chapter 4 Adjectives : Kinds of Adjectives,4,CBSE,Class 6,English,Elementary English Grammar and Composition,,1,Active,
3649,Chapter 4 Advanced Features of MS Excel,4,CBSE,Class 7,Computer Science,Enter  A Complete Course in Computer Science,,4,Active,
3650,Chapter 4 Agriculture,4,ICSE,Class 6,Geography,A Textbook of Geography (2023-24),,4,Active,
3651,Chapter 4 Alice In Wonderland (2),4,CBSE,Class 6,English,Stepping Stones,,4,Active,
3652,Chapter 4 Alphabet Test,4,CBSE,Class 3,General Aptitude,Know Your Aptitude,,4,Active,
3653,Chapter 4 Alphabet Test,4,CBSE,Class 4,General Aptitude,Know Your Aptitude,,4,Active,
3654,Chapter 4 Alphabet Test,4,CBSE,Class 5,General Aptitude,Know Your Aptitude,,4,Active,
3655,Chapter 4 Analytical Chemistry,4,ICSE,Class 10,Chemistry,A New Approach to I.C.S.E. Chemistry,,4,Active,
3656,Chapter 4 Analytical Chemistry,4,ICSE,Class 10,Chemistry,A New Approach to I.C.S.E. Chemistry (2023-24),,4,Active,
3657,Chapter 4 Animal Senses,4,CBSE,Class 5,Environmental Studies,Illustrative Environmental Studies,,4,Active,
3658,Chapter 4 Animal World,4,CBSE,Class 1,Science,Illustrative Science,,4,Active,
3659,Chapter 4 Animal World,4,CBSE,Class 1,Science,Science Success (2023-24),,4,Active,
3660,Chapter 4 Animals And Plants,4,CBSE,Class 3,General Knowledge,General Knowledge Times,,4,Active,
3661,Chapter 4 Animals And Plants,4,CBSE,Class 4,General Knowledge,General Knowledge Times,,4,Active,
3662,Chapter 4 Animals And Plants,4,CBSE,Class 5,General Knowledge,General Knowledge Times,,4,Active,
3663,Chapter 4 Animals And Plants,4,CBSE,Class 6,General Knowledge,General Knowledge Times,,4,Active,
3664,Chapter 4 Animals And Plants,4,CBSE,Class 7,General Knowledge,General Knowledge Times,,4,Active,
3665,Chapter 4 Animals And Plants,4,CBSE,Class 8,General Knowledge,General Knowledge Times,,4,Active,
3666,Chapter 4 Animals Our Friends,4,CBSE,Class 2,Science,Science Success (2023-24),,4,Active,
3667,Chapter 4 Animating Presentation,4,CBSE,Class 6,Computer Science,Enter  A Complete Course in Computer Science,,4,Active,
3668,Chapter 4 Atomic Structure,4,ICSE,Class 8,Chemistry,Learning Elementary Chemistry,,4,Active,
3669,Chapter 4 Basic Geometrical Ideas,4,CBSE,Class 6,Mathematics,NCERT Mathematics,,4,Active,
3670,Chapter 4 Birds,4,CBSE,Class 3,Science,Learning Elementary Science (For Acad. Year 2023-24),,4,Active,
3671,Chapter 4 Birds,4,CBSE,Class 4,Social Studies,Illustrative Environmental Studies,,4,Active,
3672,Chapter 4 Boats sail on the rivers,4,CBSE,Class 2,English,Stepping Stones,,4,Active,
3673,Chapter 4 Calorimetry,4,ICSE,Class 10,Physics,A New Approach to I.C.S.E. Physics (2023-24),,4,Active,
3674,Chapter 4 Carbon and its Compounds,4,CBSE,Class 10,Science,NCERT Science,,4,Active,
3675,Chapter 4 Carbon and its Compounds,4,CBSE,Class 10,Science,NCQRT Science,,4,Active,
3676,Chapter 4 Clothes,4,CBSE,Class 2,Social Studies,Social Studies Success (2023-24),,4,Active,
3677,Chapter 4 Combustion and Flame,4,CBSE,Class 8,Science,Science Success (2023-24),,4,Active,
3678,Chapter 4 Common Names and Special Names,4,CBSE,Class 2,English Grammar,Step up English Grammar and Composition (For Acad. Year 2023-24),,4,Active,
3679,Chapter 4 Computer Mouse,4,CBSE,Class 1,Computer Science,Desktop My Book of Computer Science,,4,Active,
3680,Chapter 4 Control with conditionals,4,CBSE,Class 6,Coding,Fun with Coding,,4,Active,
3681,Chapter 4 Cubes and Cube Roots,4,CBSE,Class 8,Mathematics,Progress in Mathematics,,4,Active,
3682,Chapter 4 Cubes and Cube Roots,4,CBSE,Class 8,Mathematics,Mathematics Success (2023-24),,4,Active,
3683,Chapter 4 Cubes and Cube Roots,4,CBSE,Class 8,Mathematics,Mathematics Success,,4,Active,
3684,Chapter 4 Determiners,4,CBSE,Class 8,English,Elementary English Grammar and Composition,,1,Active,
3685,Chapter 4 Digestive System,4,ICSE,Class 6,Science,Learning Elementary Biology (2023-24),,4,Active,
3686,Chapter 4 Diversity in India,4,CBSE,Class 5,Social Studies,Illustrative Social Studies,,4,Active,
3687,Chapter 4 Division,4,CBSE,Class 4,Mathematics,Mathematics Success (2023-24),,4,Active,
3688,Chapter 4 Division,4,CBSE,Class 4,Mathematics,Progress in Mathematics,,4,Active,
3689,Chapter 4 Earth's Structure,4,ICSE,Class 9,Geography,A Textbook of Geography (2023-24),,4,Active,
3690,Chapter 4 Endocrine system,4,ICSE,Class 8,Science,Learning Elementary Biology (2023-24),,4,Active,
3691,Chapter 4 Energy,4,ICSE,Class 6,Science,Learning Elementary Physics (2023-24),,4,Active,
3692,Chapter 4 Energy,4,ICSE,Class 8,Science,Learning Elementary Physics (2023-24),,4,Active,
3693,Chapter 4 Evolution of Writing and Communication System,4,ICSE,Class 5,Social Studies,Essential Social Studies for (2023-24),,4,Active,
3694,Chapter 4 Factors and Multiples,4,CBSE,Class 5,Mathematics,Progress in Mathematics,,4,Active,
3695,Chapter 4 Faith,4,CBSE,Class 3,Moral Science,The Mirror of Values,,4,Active,
3696,Chapter 4 Five Little Chickens,4,CBSE,Class 3,English,Get Smart A Multi-skill English Course,,4,Active,
3697,Chapter 4 Food for Health,4,CBSE,Class 2,Environmental Studies,Blue Planet (2023-24),,4,Active,
3698,Chapter 4 Fractions,4,CBSE,Class 5,Mathematics,Mathematics Success (2023-24),,4,Active,
3699,Chapter 4 Getting to Know Plants,4,CBSE,Class 6,Science,Science Success (2023-24),,4,Active,
3700,Chapter 4 Good Manners and Good Habits,4,CBSE,Class 1,Social Studies,Social Studies Success (2023-24),,4,Active,
3701,Chapter 4 Heat,4,CBSE,Class 7,Science,NCERT Science,,4,Active,
3702,Chapter 4 Heredity & Evolution,4,CBSE,Class 10,Science,Gateway to Science Biology,,4,Active,
3703,Chapter 4 Human Nervous System,4,CBSE,Class 5,Science,Learning Elementary Science (For Acad. Year 2023-24),,4,Active,
3704,Chapter 4 If I could be an Astronaut,4,CBSE,Class 4,English,Get Smart A Multi-skill English Course,,4,Active,
3705,Chapter 4 Indian Festivals,4,CBSE,Class 5,English,Get Smart A Multi-skill English Course,,4,Active,
3706,Chapter 4 Indian States,4,CBSE,Class 3,Social Studies,Social Studies Success (2023-24),,4,Active,
3707,Chapter 4 Insects,4,CBSE,Class 3,Social Studies,Illustrative Environmental Studies,,4,Active,
3708,Chapter 4 Insects,4,CBSE,Class 3,Environmental Studies,Illustrative Environmental Studies,,4,Active,
3709,Chapter 4 Insects,4,ICSE,Class 3,Science,Essential Science,,4,Active,
3710,Chapter 4 Insects,4,ICSE,Class 3,Science,Essential Science (2023-24),,4,Active,
3711,Chapter 4 Interrogative Sentences,4,CBSE,Class 4,English Grammar,Step up English Grammar and Composition (For Acad. Year 2023-24),,4,Active,
3712,Chapter 4 Introduction To Internet,4,CBSE,Class 6,Computer Science,Online with Computer,,4,Active,
3713,Chapter 4 Introduction to MS Access 2010,4,CBSE,Class 7,Computer Science,Exploring Computer Science,,4,Active,
3714,Chapter 4 Introduction to MS Access 2010,4,CBSE,Class 7,Computer Science,Desktop My Book of Computer Science,,4,Active,
3715,Chapter 4 Kassim's Old Shoes,4,CBSE,Class 5,English,Stepping Stones,,4,Active,
3716,Chapter 4 Keeping Healthy,4,CBSE,Class 1,Social Studies,Social Studies  for Juniors,,4,Active,
3717,Chapter 4 Keyboard and Its Keys,4,CBSE,Class 1,Computer Science,Enter  A Complete Course in Computer Science,,4,Active,
3718,Chapter 4 Language And Literature,4,CBSE,Class 1,General Knowledge,General Knowledge Times,,4,Active,
3719,Chapter 4 Language And Literature,4,CBSE,Class 2,General Knowledge,General Knowledge Times,,4,Active,
3720,Chapter 4 Light Energy,4,ICSE,Class 7,Science,Learning Elementary Physics (2023-24),,4,Active,
3721,Chapter 4 Linear Equations in Two Variables,4,CBSE,Class 9,Mathematics,A Complete Course in Mathematics,,4,Active,
3722,Chapter 4 Linear Equations in Two Variables,4,CBSE,Class 9,Mathematics,NCQRT Mathematics,,4,Active,
3723,Chapter 4 LOGO Procedures,4,CBSE,Class 5,Computer Science,Desktop My Book of Computer Science,,3,Active,
3724,Chapter 4 LOGO Procedures,4,CBSE,Class 5,Computer Science,Exploring Computer Science,,4,Active,
3725,Chapter 4 Managing Files and Folders,4,CBSE,Class 5,Computer Science,Enter  A Complete Course in Computer Science,,4,Active,
3726,Chapter 4 Materials : Metals And Non Metals,4,CBSE,Class 8,Science,NCERT Science,,4,Active,
3727,Chapter 4 Matter,4,CBSE,Class 4,Science,Science Success,,1,Active,
3728,Chapter 4 Memory Devices,4,CBSE,Class 5,Computer Science,Online with Computer,,4,Active,
3729,Chapter 4 More Features of MS Word 2010,4,CBSE,Class 6,Computer Science,Exploring Computer Science,,4,Active,
3730,Chapter 4 More Features of MS Word 2010,4,CBSE,Class 6,Computer Science,Desktop My Book of Computer Science,,4,Active,
3731,Chapter 4 More On Paint,4,CBSE,Class 4,Computer Science,Online with Computer,,4,Active,
3732,Chapter 4 More on QBASIC,4,CBSE,Class 8,Computer Science,Exploring Computer Science,,4,Active,
3733,Chapter 4 Mouse,4,CBSE,Class 2,Computer Science,Online with Computer,,4,Active,
3734,Chapter 4 MS Windows 7,4,CBSE,Class 4,Computer Science,Desktop My Book of Computer Science,,4,Active,
3735,Chapter 4 MS Windows 7,4,CBSE,Class 4,Computer Science,Exploring Computer Science,,4,Active,
3736,Chapter 4 MS Paint : Start and Close,4,CBSE,Class 3,Computer Science,Exploring Computer Science,,4,Active,
3737,Chapter 4 Multiplication,4,CBSE,Class 2,Mathematics,Mathematics Success (2023-24),,4,Active,
3738,Chapter 4 Multiplication,4,CBSE,Class 3,Mathematics,Mathematics Success (2023-24),,4,Active,
3739,Chapter 4 Multiplication,4,CBSE,Class 3,Mathematics,Progress in Mathematics,,4,Active,
3740,Chapter 4 My Food Habits,4,CBSE,Class 1,Environmental Studies,Blue Planet (2023-24),,4,Active,
3741,Chapter 4 Negative Numbers and Integers,4,CBSE,Class 6,Mathematics,Progress in Mathematics,,4,Active,
3742,Chapter 4 Negative Numbers and integers,4,CBSE,Class 6,Mathematics,Mathematics Success (2023-24),,4,Active,
3743,Chapter 4 Negative numbers and Integers,4,CBSE,Class 6,Mathematics,Mathematics Success,,4,Active,
3744,Chapter 4 Never Waste Food,4,CBSE,Class 1,Moral Science,The Mirror of Values,,4,Active,
3745,Chapter 4 Nouns,4,CBSE,Class 3,English Grammar,Step up English Grammar and Composition (For Acad. Year 2023-24),,4,Active,
3746,Chapter 4 Nouns,4,CBSE,Class 5,English Grammar,Step up English Grammar and Composition (For Acad. Year 2023-24),,4,Active,
3747,Chapter 4 Number up to 1000,4,CBSE,Class 2,Mathematics,Progress in Mathematics,,4,Active,
3748,Chapter 4 Numbers up to 20,4,CBSE,Class 1,Mathematics,Mathematics Success (2023-24),,4,Active,
3749,Chapter 4 One and More than One,4,CBSE,Class 1,English Grammar,Step up English Grammar and Composition (For Acad. Year 2023-24),,4,Active,
3750,Chapter 4 Operating a Computer,4,CBSE,Class 3,Computer Science,Enter  A Complete Course in Computer Science,,4,Active,
3751,Chapter 4 Operating The Computer,4,CBSE,Class 3,Computer Science,Online with Computer,,4,Active,
3752,Chapter 4 PoIIination,4,ICSE,Class 5,Science,Essential Science (2023-24),,4,Active,
3753,Chapter 4 Practical Geometry,4,CBSE,Class 8,Mathematics,NCERT Mathematics,,4,Active,
3754,Chapter 4 Presence of Mind,4,CBSE,Class 4,Moral Science,The Mirror of Values,,4,Active,
3755,Chapter 4 Quadratic Equations,4,CBSE,Class 10,Mathematics,A Complete Course in Mathematics,,4,Active,
3756,Chapter 4 Ranking,4,CBSE,Class 6,General Aptitude,Know Your Aptitude,,4,Active,
3757,Chapter 4 Ranking,4,CBSE,Class 7,General Aptitude,Know Your Aptitude,,4,Active,
3758,Chapter 4 Ranking,4,CBSE,Class 8,General Aptitude,Know Your Aptitude,,4,Active,
3759,Chapter 4 Rational Numbers,4,CBSE,Class 7,Mathematics,Progress in Mathematics,,4,Active,
3760,Chapter 4 Rational Numbers,4,CBSE,Class 7,Mathematics,Mathematics Success,,4,Active,
3761,Chapter 4 Rationals Numbers,4,CBSE,Class 7,Mathematics,Mathematics Success (2023-24),,4,Active,
3762,Chapter 4 Reproduction in Animals,4,CBSE,Class 4,Science,Learning Elementary Science (For Acad. Year 2023-24),,4,Active,
3763,Chapter 4 Reproduction in Animals,4,CBSE,Class 4,Science,Learning Elementary Science (For Acad. Year 2023-24),,4,Active,
3764,Chapter 4 Respiration,4,ICSE,Class 7,Science,Learning Elementary Biology (2023-24),,4,Active,
3765,Chapter 4 Responsibilities of a Good Citizen,4,ICSE,Class 4,Social Studies,Essential Social Studies for (2023-24),,4,Active,
3766,Chapter 4 Safety First,4,CBSE,Class 5,Environmental Studies,Blue Planet (2023-24),,4,Active,
3767,Chapter 4 Safety Habits,4,CBSE,Class 2,Moral Science,The Mirror of Values,,4,Active,
3768,Chapter 4 Safety Rules,4,CBSE,Class 2,Social Studies,Social Studies  for Juniors,,4,Active,
3769,Chapter 4 Search for Treasure,4,CBSE,Class 8,English,Stepping Stones,,4,Active,
3770,Chapter 4 Shapes and Patterns,4,CBSE,Class 1,Mathematics,Progress in Mathematics,,4,Active,
3771,Chapter 4 Simple Equations,4,CBSE,Class 7,Mathematics,NCERT Mathematics,,4,Active,
3772,Chapter 4 Sorting Materials Into Groups,4,CBSE,Class 6,Science,NCERT Science,,4,Active,
3773,Chapter 4 Starting and Shutting Down a Computer,4,CBSE,Class 2,Computer Science,Enter  A Complete Course in Computer Science,,4,Active,
3774,Chapter 4 Structure of Atom,4,CBSE,Class 9,Science,Gateway to Science Chemistry,,4,Active,
3775,Chapter 4 Structure Of The Atom,4,CBSE,Class 9,Science,NCERT Science,,4,Active,
3776,Chapter 4 The Bun The Wind (Poem),4,CBSE,Class 3,English,Stepping Stones,,4,Active,
3777,Chapter 4 The critic (A Poem),4,CBSE,Class 7,English,Stepping Stones,,4,Active,
3778,Chapter 4 The Democratic Republic of Congo,4,CBSE,Class 5,Social Studies,Social Studies  for Juniors,,4,Active,
3779,Chapter 4 The Great Indian Desert,4,CBSE,Class 4,Social Studies,Essential Social Studies for (2023-24),,4,Active,
3780,Chapter 4 The Great Indian Desert,4,CBSE,Class 4,Social Studies,Social Studies Success (2023-24),,4,Active,
3781,Chapter 4 The Great Whitewash,4,CBSE,Class 4,English,Stepping Stones,,4,Active,
3782,Chapter 4 The Northern Plains,4,CBSE,Class 4,Social Studies,Illustrative Social Studies,,4,Active,
3783,Chapter 4 The Noun  Kinds Of Nouns,4,CBSE,Class 5,English,Elementary English Grammar and Composition,,4,Active,
3784,Chapter 4 The States of India,4,CBSE,Class 3,Social Studies,Social Studies  for Juniors,,4,Active,
3785,Chapter 4 The Western Desert of India,4,CBSE,Class 4,Social Studies,Social Studies  for Juniors,,4,Active,
3786,Chapter 4 The World of Books,4,CBSE,Class 5,Moral Science,The Mirror of Values,,4,Active,
3787,Chapter 4 Understanding Arrays,4,CBSE,Class 8,Coding,Fun with Coding,,4,Active,
3788,Chapter 4 Understanding arrays and collections,4,CBSE,Class 7,Coding,Fun with Coding,,4,Active,
3789,Chapter 4 Urbanisation,4,ICSE,Class 8,Geography,A Textbook of Geography (2023-24),,4,Active,
3790,Chapter 4 Uses Of Computers,4,CBSE,Class 1,Computer Science,Online with Computer,,4,Active,
3791,Chapter 4 Using a Computer,4,CBSE,Class 2,Computer Science,Desktop My Book of Computer Science,,4,Active,
3792,Chapter 4 Using Internet,4,CBSE,Class 8,Computer Science,Online with Computer,,4,Active,
3793,Chapter 4 Viewing Worksheets And Entering Formulas,4,CBSE,Class 7,Computer Science,Online with Computer,,4,Active,
3794,Chapter 4 Water,4,ICSE,Class 6,Chemistry,Learning Elementary Chemistry,,4,Active,
3795,Chapter 4 Water,4,CBSE,Class 3,Social Studies,Illustrative Social Studies,,1,Inactive,
3796,Chapter 4 Weathering And Soil Formation,4,ICSE,Class 7,Geography,A Textbook of Geography (2023-24),,4,Active,
3797,Chapter 4 What Is This?,4,CBSE,Class 1,English,Stepping Stones,,4,Active,
3798,Chapter 4 why Do We Fall III?,4,CBSE,Class 9,Science,Gateway to Science Biology,,4,Active,
3799,Chapter 4 Windows 7,4,CBSE,Class 4,Computer Science,Enter  A Complete Course in Computer Science,,4,Active,
3800,"Chapter 4 Working with Queries, Forms and Reports",4,CBSE,Class 8,Computer Science,Enter  A Complete Course in Computer Science,,4,Active,
3801,Chapter 4 अभिमानी गुलाब,4,CBSE,Class 4,Hindi,Nootan Saral Hindi Mala,,1,Active,
3802,Chapter 4 अभिमानी गुलाब,4,CBSE,Class 4,Hindi,Nikunj Hindi Pathmala,,1,Active,
3803,Chapter 4 इ ( ि) और ई ( ी),4,CBSE,Class 1,Hindi,Nikunj Hindi Pathmala,,1,Active,
3804,Chapter 4 इ ( ि) और ई ( ी),4,CBSE,Class 1,Hindi,Nikunj Hindi Pathmala (2023-24),,4,Active,
3805,Chapter 4 इ और ई,4,CBSE,Class 1,Hindi,Nootan Saral Hindi Mala,,1,Active,
3806,Chapter 4 एक किरन,4,CBSE,Class 6,Hindi,Nikunj Hindi Pathmala,,1,Active,
3807,Chapter 4 एक की ताकत,4,CBSE,Class 5,Hindi,Nikunj Hindi Pathmala (2023-24),,4,Active,
3808,Chapter 4 एक बूँद,4,CBSE,Class 3,Hindi,Nikunj Hindi Pathmala (2023-24),,4,Active,
3809,Chapter 4 एक अनेक,4,CBSE,Class 1,Hindi,Naveen Hindi Vyavaharik Vyakaran Tatha Rachna,,4,Active,
3810,Chapter 4 कन्याकुमारी की यात्रा,4,CBSE,Class 8,Hindi,Nikunj Hindi Pathmala,,1,Active,
3811,Chapter 4 किताबें,4,CBSE,Class 4,Hindi,Nikunj Hindi Pathmala (2023-24),,4,Active,
3812,Chapter 4 पक्षियों की सभा,4,CBSE,Class 5,Hindi,Nikunj Hindi Pathmala,,1,Active,
3813,Chapter 4 मोर,4,CBSE,Class 2,Hindi,Nikunj Hindi Pathmala,,1,Active,
3814,Chapter 4 रंगीला मोर,4,CBSE,Class 2,Hindi,Nikunj Hindi Pathmala (2023-24),,4,Active,
3815,Chapter 4 रज्जी का शौक,4,CBSE,Class 4,Hindi,Nikunj Hindi Pathmala,,1,Active,
3816,Chapter 4 वर्तनी विचार,4,CBSE,Class 8,Hindi,Naveen Hindi Vyavaharik Vyakaran Tatha Rachna,,4,Active,
3817,Chapter 4 शब्द विचार,4,CBSE,Class 6,Hindi,Naveen Hindi Vyavaharik Vyakaran Tatha Rachna,,4,Active,
3818,Chapter 4 शब्द विचार,4,CBSE,Class 7,Hindi,Naveen Hindi Vyavaharik Vyakaran Tatha Rachna,,4,Active,
3819,Chapter 4 संज्ञा,4,CBSE,Class 3,Hindi,Naveen Hindi Vyavaharik Vyakaran Tatha Rachna,,4,Active,
3820,Chapter 4 संज्ञा,4,CBSE,Class 4,Hindi,Naveen Hindi Vyavaharik Vyakaran Tatha Rachna,,4,Active,
3821,"Chapter 4 संज्ञा के विकार : लिंग, वचन और कारक",4,CBSE,Class 5,Hindi,Naveen Hindi Vyavaharik Vyakaran Tatha Rachna,,4,Active,
3822,Chapter 4 सोने का लालच,4,CBSE,Class 3,Hindi,Nikunj Hindi Pathmala,,1,Active,
3823,Chapter 4 हमारे त्योहार,4,CBSE,Class 3,Hindi,Nikunj Hindi Pathmala,,1,Active,
3824,Chapter 4 हमारे त्योहार,4,CBSE,Class 3,Hindi,Nootan Saral Hindi Mala,,1,Active,
3825,Chapter 4 हरी हरी दुब पर,4,CBSE,Class 7,Hindi,Nikunj Hindi Pathmala,,1,Active,
3826,Chapter 4 અંકોનો અભ્યાસ,4,CBSE,Class 2,Gujarati,Meghdhanush,,4,Active,
3827,Chapter 4 ઈસ્ટર,4,CBSE,Class 6,Gujarati,Meghdhanush,,4,Active,
3828,Chapter 4 એક એક (કાવ્ય),4,CBSE,Class 7,Gujarati,Meghdhanush,,4,Active,
3829,Chapter 4 ગુરુમહારાજનું આગમન,4,CBSE,Class 5,Gujarati,Meghdhanush,,4,Active,
3830,Chapter 4 પુસ્તકિયો કીડો,4,CBSE,Class 8,Gujarati,Meghdhanush,,4,Active,
3831,Chapter 4 બબૂઆ વાંદરો,4,CBSE,Class 4,Gujarati,Meghdhanush,,4,Active,
3832,Chapter 4 રમતોત્સવ,4,CBSE,Class 3,Gujarati,Meghdhanush,,4,Active,
3833,Chapter 4_Computer Mouse,4,CBSE,Class 1,Computer Science,Exploring Computer Science,,4,Active,
3834,Chapter 4_More on QBASIC,4,CBSE,Class 8,Computer Science,Desktop My Book of Computer Science,,4,Active,
3835,Chapter 4_MS Paint : Start and Close,4,CBSE,Class 3,Computer Science,Desktop My Book of Computer Science,,4,Active,
3836,Chapter 4_Using a Computer,4,CBSE,Class 2,Computer Science,Exploring Computer Science,,4,Active,
3837,Chapter 4 Adaptations and Behaviour of Animals,4,CBSE,Class 4,Science,Illustrative Science,,4,Active,
3838,Chapter 4 Animals: Our Friends,4,CBSE,Class 2,Science,Illustrative Science,,4,Active,
3839,Chapter 4 Birds,4,CBSE,Class 4,Environmental Studies,Illustrative Environmental Studies,,4,Active,
3840,Chapter 4 Division,4,CBSE,Class 4,Mathematics,Illustrative Mathematics,,4,Active,
3841,Chapter 4 Food for Health,4,CBSE,Class 2,Environmental Studies,Illustrative Environmental Studies,,4,Active,
3842,Chapter 4 Fractions,4,CBSE,Class 5,Mathematics,Illustrative Mathematics,,4,Active,
3843,Chapter 4 Good Manners and Good Habits,4,CBSE,Class 1,Social Studies,Illustrative Social Studies,,4,Active,
3844,Chapter 4 Human Nervous System,4,CBSE,Class 5,Science,Illustrative Science,,4,Active,
3845,Chapter 4 Insects,4,CBSE,Class 3,Science,Illustrative Science,,4,Active,
3846,Chapter 4 Multiplication,4,CBSE,Class 2,Mathematics,Illustrative Mathematics,,4,Active,
3847,Chapter 4 Multiplication,4,CBSE,Class 3,Mathematics,Illustrative Mathematics,,4,Active,
3848,Chapter 4 My Food Habits,4,CBSE,Class 1,Environmental Studies,Illustrative Environmental Studies,,4,Active,
3849,Chapter 4 Number up to 20,4,CBSE,Class 1,Mathematics,Illustrative Mathematics,,4,Active,
3850,Chapter 4 PoIIination,4,ICSE,Class 5,Science,Essential Science,,4,Active,
3851,Chapter 4: Multiplication,4,ICSE,Class 2,Mathematics,Foundation Mathematics (2023-24),,4,Active,
3852,Chapter 4: Subtraction,4,ICSE,Class 1,Mathematics,Foundation Mathematics (2023-24),,4,Active,
3853,Chapter 4.  Nouns (Common And  Proper),4,CBSE,Class 2,English,Elementary English Grammar and Composition,,4,Active,
3854,Chapter 4.  Shapes and Patterns,4,CBSE,Class 1,Mathematics,Exploring Mathematics,,4,Active,
3855,Chapter 4. Addition,4,ICSE,Class 4,Mathematics,Foundation Mathematics,,4,Active,
3856,Chapter 4. Addition,4,ICSE,Class 4,Mathematics,Foundation Mathematics (2023-24),,4,Active,
3857,Chapter 4. An Ideal Home,4,CBSE,Class 3,Environmental Studies,Blue Planet,,4,Active,
3858,Chapter 4. Fractions,4,ICSE,Class 5,Mathematics,Foundation Mathematics,,4,Active,
3859,Chapter 4. Fractions,4,ICSE,Class 5,Mathematics,Foundation Mathematics (2023-24),,4,Active,
3860,Chapter 4. Subtraction,4,CBSE,Class 3,Mathematics,Mathematics Success,,4,Active,
3861,Chapter 4. Tables in Word 2016,4,CBSE,Class 6,Computer Science,Computer Science Success,,4,Active,
3862,Chapter 4. The Verb  Kinds Of Verbs,4,CBSE,Class 4,English,Elementary English Grammar and Composition,,4,Active,
3863,Chapter 4. A Perfect Shelter,4,CBSE,Class 4,Environmental Studies,Blue Planet (2023-24),,4,Active,
3864,Chapter 4. A Perfect Shelter,4,CBSE,Class 4,Environmental Studies,Blue Planet,,4,Active,
3865,Chapter 4. Absorption by Roots,4,ICSE,Class 10,Biology,A New Approach to ICSE Biology,,4,Active,
3866,Chapter 4. Adaptations In Animals,4,CBSE,Class 4,Science,Science Success (2023-24),,4,Active,
3867,Chapter 4. Advanced Features of Excel 2016,4,CBSE,Class 7,Computer Science,Computer Science Success,,4,Active,
3868,Chapter 4. Advanced Features of MS Excel,4,ICSE,Class 8,Computer Science,My Book of Computer Studies,,4,Active,
3869,"Chapter 4. Aids, Bases and Salts",4,CBSE,Class 7,Science,Learning Elementary Science (For Acad. Year 2023-24),,4,Active,
3870,Chapter 4. Air Around Us,4,CBSE,Class 5,Science,Learning Elementary Science,,4,Active,
3871,Chapter 4. An Ideal Home,4,CBSE,Class 3,Environmental Studies,Blue Planet (2023-24),,4,Active,
3872,Chapter 4. Animals Our Friends,4,CBSE,Class 2,Science,Science Success,,4,Active,
3873,Chapter 4. Arrangement and Formatting of Text in MS Word 2016,4,CBSE,Class 3,Computer Science,Computer Science Success,,4,Active,
3874,Chapter 4. Atomic Structure,4,ICSE,Class 8,Chemistry,Learning Elementary Chemistry,,4,Active,
3875,Chapter 4. Atomic Structure and Chemical Bonding,4,ICSE,Class 9,Chemistry,A New Approach to I.C.S.E. Chemistry (2023-24),,4,Active,
3876,Chapter 4. Carbon and Its Compounds,4,CBSE,Class 10,Science,Gateway to Science Chemistry,,4,Active,
3877,Chapter 4. Climate,4,CBSE,Class 9,Geography,NCQRT Geography,,4,Active,
3878,Chapter 4. Climate of India,4,ICSE,Class 10,Geography,A Textbook of Geography (2023-24),,4,Active,
3879,Chapter 4. Colonialism and Triabal Societies,4,CBSE,Class 8,Social Science,A Text Book of Social Sciences,,4,Active,
3880,Chapter 4. Combustion and Flame,4,CBSE,Class 8,Science,Learning Elementary Science (For Acad. Year 2023-24),,4,Active,
3881,Chapter 4. Computer Viruses and their Effects,4,ICSE,Class 7,Computer Science,My Book of Computer Studies,,4,Active,
3882,Chapter 4. Creating Tables in MS Word,4,ICSE,Class 6,Computer Science,My Book of Computer Studies,,4,Active,
3883,Chapter 4. Cubes and Cube Roots,4,CBSE,Class 8,Mathematics,Exploring Mathematics,,4,Active,
3884,Chapter 4. Data Merging,4,CBSE,Class 10,Data Science,A text Book of Data Science,,4,Active,
3885,Chapter 4. Data Science And AI,4,CBSE,Class 8,Data Science,A text Book of Data Science,,4,Active,
3886,Chapter 4. Digestive System,4,ICSE,Class 6,Biology,Learning Elementary Biology,,4,Active,
3887,Chapter 4. Division,4,CBSE,Class 4,Mathematics,Exploring Mathematics,,4,Active,
3888,Chapter 4. Division,4,CBSE,Class 4,Mathematics,Mathematics Success,,4,Active,
3889,Chapter 4. Editing a Worksheet,4,CBSE,Class 6,Computer Science,Fun with Linux,,4,Active,
3890,Chapter 4. Edubuntu,4,CBSE,Class 3,Computer Science,Fun with Linux,,4,Active,
3891,Chapter 4. Endocrine System,4,ICSE,Class 8,Biology,Learning Elementary Biology,,4,Active,
3892,Chapter 4. Energy,4,ICSE,Class 6,Physics,Learning Elementary Physics,,4,Active,
3893,Chapter 4. Factors and Multiples,4,CBSE,Class 5,Mathematics,Exploring Mathematics,,4,Active,
3894,Chapter 4. Flotation,4,CBSE,Class 9,Science,Gateway to Science Physics,,4,Active,
3895,Chapter 4. Food for Health,4,CBSE,Class 2,Environmental Studies,Blue Planet,,4,Active,
3896,Chapter 4. Food Habits of Animals,4,CBSE,Class 3,Science,Learning Elementary Science,,4,Active,
3897,Chapter 4. Food Security in india,4,CBSE,Class 9,Economics,NCQRT Economics,,4,Active,
3898,Chapter 4. Forest Society And Colonialism,4,CBSE,Class 9,History,NCQRT History,,4,Active,
3899,Chapter 4. Formatting Documents in Open Office Writer,4,CBSE,Class 4,Computer Science,Fun with Linux,,4,Active,
3900,Chapter 4. Fractions,4,ICSE,Class 6,Mathematics,Foundation Mathematics,,4,Active,
3901,Chapter 4. Fractions,4,ICSE,Class 6,Mathematics,Foundation Mathematics,,4,Active,
3902,Chapter 4. Fractions,4,ICSE,Class 6,Mathematics,Foundation Mathematics (2023-24),,4,Active,
3903,Chapter 4. Fractions,4,CBSE,Class 5,Mathematics,Mathematics Success,,4,Active,
3904,Chapter 4. Getting to Know Plants,4,CBSE,Class 6,Science,Learning Elementary Science (For Acad. Year 2023-24),,4,Active,
3905,Chapter 4. Graphics in QBASIC,4,CBSE,Class 8,Computer Science,Computer Science Success,,4,Active,
3906,Chapter 4. Heat,4,CBSE,Class 7,Science,Science Success,,4,Active,
3907,Chapter 4. Heat Flow and Temperature,4,CBSE,Class 7,Science,Learning Elementary Science,,4,Active,
3908,Chapter 4. Human Body: A Living Wonder,4,CBSE,Class 3,Science,Science Success (2023-24),,4,Active,
3909,Chapter 4. Human Nervous System,4,CBSE,Class 5,Science,Science Success (2023-24),,4,Active,
3910,Chapter 4. Introduction to HTML,4,CBSE,Class 8,Computer Science,Fun with Linux,,4,Active,
3911,Chapter 4. Introduction to MS Excel 2016,4,CBSE,Class 5,Computer Science,Computer Science Success,,4,Active,
3912,Chapter 4. Introduction to Open Office Impress,4,CBSE,Class 5,Computer Science,Fun with Linux,,4,Active,
3913,Chapter 4. Keyboard  Special Keys,4,ICSE,Class 2,Computer Science,My Book of Computer Studies,,4,Active,
3914,Chapter 4. Keyboard and Its Keys,4,CBSE,Class 1,Computer Science,Computer Science Success,,4,Active,
3915,Chapter 4. Keyboard and Its Keys,4,CBSE,Class 1,Computer Science,Fun with Linux,,4,Active,
3916,Chapter 4. Land of Dense Forests,4,CBSE,Class 5,Social Studies,Social Studies Success (2023-24),,4,Active,
3917,Chapter 4. Linear Equations In Two Variables,4,CBSE,Class 9,Mathematics,NCERT Mathematics,,4,Active,
3918,Chapter 4. Magnetic Effects of Electric Current,4,CBSE,Class 10,Science,Gateway to Science Physics,,4,Active,
3919,Chapter 4. Materials: Metals and Non metals,4,CBSE,Class 8,Science,Learning Elementary Science,,4,Active,
3920,Chapter 4. Matter,4,CBSE,Class 4,Science,Science Success,,4,Active,
3921,Chapter 4. Metals and Non metals,4,CBSE,Class 8,Science,Science Success,,4,Active,
3922,Chapter 4. More on BASIC–256,4,CBSE,Class 7,Computer Science,Fun with Linux,,4,Active,
3923,Chapter 4. More on Word Processor,4,ICSE,Class 4,Computer Science,My Book of Computer Studies,,4,Active,
3924,Chapter 4. More on Word Processor,4,ICSE,Class 5,Computer Science,My Book of Computer Studies,,4,Active,
3925,Chapter 4. Multiplication,4,ICSE,Class 3,Mathematics,Foundation Mathematics,,4,Active,
3926,Chapter 4. Multiplication,4,CBSE,Class 3,Mathematics,Exploring Mathematics,,4,Active,
3927,Chapter 4. Multiplication,4,CBSE,Class 2,Mathematics,Mathematics Success,,4,Active,
3928,Chapter 4. Multiplication,4,ICSE,Class 3,Mathematics,Foundation Mathematics (2023-24),,4,Active,
3929,Chapter 4. Multiplication,4,CBSE,Class 3,Mathematics,Star Maths,,4,Active,
3930,Chapter 4. Multiplication,4,CBSE,Class 4,Mathematics,Star Maths,,4,Active,
3931,Chapter 4. Multiplication,4,CBSE,Class 5,Mathematics,Star Maths,,4,Active,
3932,Chapter 4. Multiplication,4,CBSE,Class 2,Mathematics,Star Maths,,4,Active,
3933,Chapter 4. My Food Habits,4,CBSE,Class 1,Environmental Studies,Blue Planet,,4,Active,
3934,Chapter 4. Names of Places,4,CBSE,Class 1,English,Elementary English Grammar and Composition,,4,Active,
3935,Chapter 4. Negative Numbers and integers,4,CBSE,Class 6,Mathematics,Exploring Mathematics,,4,Active,
3936,Chapter 4. Nouns: Number,4,CBSE,Class 6,English Grammar,Step up English Grammar and Composition (For Acad. Year 2023-24),,4,Active,
3937,Chapter 4. Numbers up to 1000,4,CBSE,Class 2,Mathematics,Exploring Mathematics,,4,Active,
3938,Chapter 4. Numbers up to 20,4,CBSE,Class 1,Mathematics,Mathematics Success,,4,Active,
3939,Chapter 4. Ordering,4,CBSE,Class 1,General Aptitude,Know Your Aptitude,,4,Active,
3940,Chapter 4. Ordering,4,CBSE,Class 2,General Aptitude,Know Your Aptitude,,4,Active,
3941,Chapter 4. Plants as Food,4,CBSE,Class 1,Science,Learning Elementary Science (For Acad. Year 2023-24),,4,Active,
3942,Chapter 4. Plants Give Us Food,4,CBSE,Class 1,Science,Science Success,,4,Active,
3943,Chapter 4. Playing with Numbers,4,ICSE,Class 8,Mathematics,Foundation Mathematics (2023-24),,4,Active,
3944,Chapter 4. Practical Approach To Data Visualization,4,CBSE,Class 9,Data Science,A text Book of Data Science,,4,Active,
3945,Chapter 4. Pressure in Fluids,4,ICSE,Class 9,Physics,A New Approach to I.C.S.E. Physics (2023-24),,4,Active,
3946,Chapter 4. Quadratic Equations,4,CBSE,Class 10,Mathematics,NCQRT Mathematics,,4,Active,
3947,Chapter 4. Quadratic Equations,4,CBSE,Class 10,Mathematics,NCERT Mathematics,,4,Active,
3948,Chapter 4. Rational Numbers,4,CBSE,Class 7,Mathematics,Exploring Mathematics,,4,Active,
3949,Chapter 4. Rational Numbers,4,ICSE,Class 7,Mathematics,Foundation Mathematics (2023-24),,4,Active,
3950,Chapter 4. Reproduction in Animals,4,CBSE,Class 4,Science,Learning Elementary Science,,4,Active,
3951,Chapter 4. Respiration,4,ICSE,Class 7,Biology,Learning Elementary Biology,,4,Active,
3952,Chapter 4. Safety First,4,CBSE,Class 5,Environmental Studies,Blue Planet,,4,Active,
3953,Chapter 4. Soil,4,CBSE,Class 3,Science,Science Success,,4,Active,
3954,"Chapter 4. Solids, Liquids and Gases",4,CBSE,Class 5,Science,Science Success,,4,Active,
3955,Chapter 4. Sorting Materials into Groups,4,CBSE,Class 6,Science,Science Success,,4,Active,
3956,Chapter 4. Sorting Materials into Groups,4,CBSE,Class 6,Science,Learning Elementary Science,,4,Active,
3957,Chapter 4. Starting and Shutting Down a Computer,4,CBSE,Class 2,Computer Science,Fun with Linux,,4,Active,
3958,Chapter 4. Structure of The Atom,4,CBSE,Class 9,Science,NCQRT Science,,4,Active,
3959,Chapter 4. Subtraction,4,CBSE,Class 1,Mathematics,Star Maths,,4,Active,
3960,Chapter 4. The Age of Industrialisation,4,CBSE,Class 10,History,NCQRT History,,4,Active,
3961,Chapter 4. The Coconut Tree,4,CBSE,Class 1,English,Get Smart A Multi-skill English Course,,4,Active,
3962,Chapter 4. The Delhi Sultanate (AD 1206  1526),4,CBSE,Class 7,Social Science,A Text Book of Social Sciences,,4,Active,
3963,Chapter 4. The First Cities : The Harappan Civilisation,4,CBSE,Class 6,Social Science,A Text Book of Social Sciences,,4,Active,
3964,Chapter 4. The Flower,4,ICSE,Class 9,Biology,A New Approach to I.C.S.E. Biology (2023-24),,4,Active,
3965,Chapter 4. The Verb,4,CBSE,Class 3,English,Elementary English Grammar and Composition,,4,Active,
3966,Chapter 4. Trapped in Toy World,4,CBSE,Class 2,English,Get Smart A Multi-skill English Course,,4,Active,
3967,Chapter 4. Using a Computer,4,CBSE,Class 2,Computer Science,Computer Science Success,,4,Active,
3968,Chapter 4. Vegetable Mart,4,CBSE,Class 1,General Knowledge,General Knowledge Times (2023-24),,4,Active,
3969,Chapter 4. Verbs: Expressing the Future,4,CBSE,Class 8,English Grammar,Step up English Grammar and Composition (For Acad. Year 2023-24),,4,Active,
3970,Chapter 4. Wild Animals,4,CBSE,Class 2,Science,Learning Elementary Science,,4,Active,
3971,Chapter 4. Wild Animals,4,CBSE,Class 2,Science,Learning Elementary Science (For Acad. Year 2023-24),,4,Active,
3972,Chapter 4. Windows 10 Control Panel,4,CBSE,Class 4,Computer Science,Computer Science Success,,4,Active,
3973,Chapter 4. Word Processor An Introduction,4,ICSE,Class 3,Computer Science,My Book of Computer Studies,,4,Active,
3974,Chapter 4. World of Birds,4,CBSE,Class 2,General Knowledge,General Knowledge Times (2023-24),,4,Active,
3975,Chapter 4. इ और ई की मात्राएँ,4,CBSE,Class 1,Hindi,Bal Bhasha Bharti,,4,Active,
3976,Chapter 4. ईमानदार बालक,4,CBSE,Class 6,Hindi,Nootan Saral Hindi Mala,,4,Active,
3977,Chapter 4. दीपदान,4,CBSE,Class 7,Hindi,Nootan Saral Hindi Mala,,4,Active,
3978,Chapter 4. पैसों का पेड़,4,CBSE,Class 8,Hindi,Nootan Saral Hindi Mala,,4,Active,
3979,Chapter 4. वीर मालव जी,4,CBSE,Class 5,Hindi,Nootan Saral Hindi Mala,,4,Active,
3980,Chapter 4.Knowing Your Body,4,CBSE,Class 1,Science,Learning Elementary Science,,4,Active,
3981,Chapter 4.इंद्रधनुष,4,CBSE,Class 5,Hindi,Bal Bhasha Bharti,,4,Active,
3982,Chapter 4.काम की बातें,4,CBSE,Class 4,Hindi,Bal Bhasha Bharti,,4,Active,
3983,Chapter 4.काला कौआ,4,CBSE,Class 3,Hindi,Bal Bhasha Bharti,,4,Active,
3984,Chapter 4.राखी का त्योहार,4,CBSE,Class 2,Hindi,Bal Bhasha Bharti,,4,Active,
3985,Chapter 40 : Dances of the World,9,CBSE,Class 3,General Knowledge,General Knowledge Times (2023-24),,9,Active,
3986,Chapter 40 The Musical World,9,CBSE,Class 7,General Knowledge,General Knowledge Times (2023-24),,9,Active,
3987,Chapter 40. Animated Movies We Love,40,CBSE,Class 2,General Knowledge,General Knowledge Times (2023-24),,40,Active,
3988,Chapter 41 : Olympics Events,10,CBSE,Class 3,General Knowledge,General Knowledge Times (2023-24),,10,Active,
3989,Chapter 41 Different Games,10,CBSE,Class 7,General Knowledge,General Knowledge Times (2023-24),,10,Active,
3990,Chapter 41. Music for You,41,CBSE,Class 2,General Knowledge,General Knowledge Times (2023-24),,41,Active,
3991,Chapter 42. Memory Game 1,42,CBSE,Class 2,General Knowledge,General Knowledge Times (2023-24),,42,Active,
3992,Chapter 43 : Winter Paralymics 2022,9,CBSE,Class 6,General Knowledge,General Knowledge Times (2023-24),,9,Active,
3993,Chapter 43 Art Forms,11,CBSE,Class 7,General Knowledge,General Knowledge Times (2023-24),,11,Active,
3994,Chapter 43. Memory Game 2,43,CBSE,Class 2,General Knowledge,General Knowledge Times (2023-24),,43,Active,
3995,Chapter 44 : The Sun's Family,11,CBSE,Class 3,General Knowledge,General Knowledge Times (2023-24),,11,Active,
3996,Chapter 44. Quiz 1,44,CBSE,Class 2,General Knowledge,General Knowledge Times (2023-24),,44,Active,
3997,Chapter 45. Quiz 2,45,CBSE,Class 2,General Knowledge,General Knowledge Times (2023-24),,45,Active,
3998,Chapter 46 : Martial Arts in India,10,CBSE,Class 6,General Knowledge,General Knowledge Times (2023-24),,10,Active,
3999,Chapter 46. Amazing Facts,46,CBSE,Class 2,General Knowledge,General Knowledge Times (2023-24),,46,Active,
4000,Chapter 49 : Indian Research Stations in Antarctica,11,CBSE,Class 6,General Knowledge,General Knowledge Times (2023-24),,11,Active,
4001,Chapter 5  शब्द विचार,5,CBSE,Class 8,Hindi,Naveen Hindi Vyavaharik Vyakaran Tatha Rachna,,5,Active,
4002,Chapter 5 Division,5,ICSE,Class 2,Mathematics,Foundation Mathematics,,5,Active,
4003,Chapter 5 Division,5,ICSE,Class 3,Mathematics,Foundation Mathematics,,5,Active,
4004,Chapter 5 Division,5,ICSE,Class 3,Mathematics,Foundation Mathematics (2023-24),,5,Active,
4005,Chapter 5 More About Subtraction,5,ICSE,Class 1,Mathematics,Foundation Mathematics,,5,Active,
4006,Chapter 5 People Who Help Us,5,ICSE,Class 3,Social Studies,Essential Social Studies for (2023-24),,5,Active,
4007,Chapter 5 उ और ऊ,5,CBSE,Class 1,Hindi,Nootan Saral Hindi Mala,,1,Active,
4008,Chapter 5 लिंग,5,CBSE,Class 3,Hindi,Naveen Hindi Vyavaharik Vyakaran Tatha Rachna,,5,Active,
4009,Chapter 5 : A Good House,5,CBSE,Class 2,Social Studies,Social Studies Success,,1,Active,
4010,Chapter 5 : Exponents,5,ICSE,Class 7,Mathematics,Foundation Mathematics,,5,Active,
4011,Chapter 5 : Famous Gardens in India,4,CBSE,Class 4,General Knowledge,General Knowledge Times (2023-24),,4,Active,
4012,Chapter 5 : Food,5,CBSE,Class 1,Social Studies,Social Studies Success,,1,Active,
4013,Chapter 5 : Food We Eat,5,CBSE,Class 3,Social Studies,Social Studies Success,,1,Active,
4014,Chapter 5 : Forts of India,2,CBSE,Class 3,General Knowledge,General Knowledge Times (2023-24),,2,Active,
4015,Chapter 5 : Greenland : The Land of Snow,5,CBSE,Class 5,Social Studies,Social Studies Success,,1,Active,
4016,Chapter 5 : Handicrafts of West India,3,CBSE,Class 7,General Knowledge,General Knowledge Times (2023-24),,3,Active,
4017,Chapter 5 : Heat,5,ICSE,Class 7,Physics,Learning Elementary Physics,,1,Active,
4018,Chapter 5 : Light Energy,5,ICSE,Class 8,Physics,Learning Elementary Physics,,1,Active,
4019,Chapter 5 : Quadratic Equations,5,ICSE,Class 10,Mathematics,I.C.S.E. Foundation Mathematics (2023-24),,5,Active,
4020,Chapter 5 : Sets,5,ICSE,Class 8,Mathematics,Foundation Mathematics,,5,Active,
4021,Chapter 5 : Simultaneous Linear Equations,5,ICSE,Class 9,Mathematics,I.C.S.E. Foundation Mathematics (2023-24),,5,Active,
4022,Chapter 5 : The Southern Plateaus,5,CBSE,Class 4,Social Studies,Social Studies Success,,1,Active,
4023,Chapter 5 : Work and Energy,5,ICSE,Class 9,Science,Gateway to Science Physics,,5,Active,
4024,Chapter 5 A Good House,5,CBSE,Class 2,Social Studies,Social Studies Success (2023-24),,5,Active,
4025,"Chapter 5 Acids, Bases and Salts",5,CBSE,Class 7,Science,NCERT Science,,5,Active,
4026,Chapter 5 Adapation in Plants,5,ICSE,Class 4,Science,Essential Science (2023-24),,5,Active,
4027,Chapter 5 Adapation in Plants,5,ICSE,Class 4,Science,Essential Science,,5,Active,
4028,Chapter 5 Addition and Subtraction of 3 digit Numbers,5,CBSE,Class 2,Mathematics,Progress in Mathematics,,5,Active,
4029,Chapter 5 Addition and Subtraction of Numbers up to 20,5,CBSE,Class 1,Mathematics,Progress in Mathematics,,5,Active,
4030,Chapter 5 Addition and Subtraction up to 20,5,CBSE,Class 1,Mathematics,Mathematics Success (2023-24),,5,Active,
4031,Chapter 5 Advanced Sequencing,5,CBSE,Class 8,Coding,Fun with Coding,,5,Active,
4032,Chapter 5 Air and Atmosphere,5,ICSE,Class 6,Chemistry,Learning Elementary Chemistry,,5,Active,
4033,Chapter 5 Algebraic Expressions,5,CBSE,Class 8,Mathematics,Mathematics Success (2023-24),,5,Active,
4034,Chapter 5 Arithmetic Progression,5,CBSE,Class 10,Mathematics,A Complete Course in Mathematics,,5,Active,
4035,Chapter 5 Being a Special Person,5,CBSE,Class 1,Moral Science,The Mirror of Values,,5,Active,
4036,Chapter 5 Body Movements,5,CBSE,Class 6,Science,Science Success (2023-24),,5,Active,
4037,Chapter 5 Campaign to Get Certain Noises Allowed,5,CBSE,Class 8,English,Stepping Stones,,5,Active,
4038,Chapter 5 Chicken Licken,5,CBSE,Class 2,English,Stepping Stones,,5,Active,
4039,Chapter 5 Coal And Petroleum,5,CBSE,Class 8,Science,NCERT Science,,5,Active,
4040,Chapter 5 Conservation of Plants and Animals,5,CBSE,Class 8,Science,Science Success (2023-24),,5,Active,
4041,Chapter 5 Data Handling,5,CBSE,Class 8,Mathematics,NCERT Mathematics,,5,Active,
4042,Chapter 5 Days of Celebration—Pongal,5,CBSE,Class 3,English,Get Smart A Multi-skill English Course,,5,Active,
4043,Chapter 5 Decimals,5,CBSE,Class 5,Mathematics,Mathematics Success (2023-24),,5,Active,
4044,Chapter 5 Determiners,5,CBSE,Class 7,English,Elementary English Grammar and Composition,,1,Active,
4045,Chapter 5 Division,5,CBSE,Class 3,Mathematics,Mathematics Success (2023-24),,5,Active,
4046,Chapter 5 Division,5,ICSE,Class 2,Mathematics,Foundation Mathematics (2023-24),,5,Active,
4047,Chapter 5 Division,5,CBSE,Class 3,Mathematics,Progress in Mathematics,,5,Active,
4048,Chapter 5 Don’t Be Lazy,5,CBSE,Class 3,Moral Science,The Mirror of Values,,5,Active,
4049,Chapter 5 Eat Right Feel Right,5,CBSE,Class 5,Environmental Studies,Blue Planet (2023-24),,5,Active,
4050,Chapter 5 Excretory System,5,ICSE,Class 7,Science,Learning Elementary Biology (2023-24),,5,Active,
4051,Chapter 5 Exponents,5,CBSE,Class 7,Mathematics,Mathematics Success (2023-24),,5,Active,
4052,Chapter 5 Exponents,5,CBSE,Class 7,Mathematics,Mathematics Success,,5,Active,
4053,Chapter 5 Exponents and Powers,5,CBSE,Class 7,Mathematics,Progress in Mathematics,,5,Active,
4054,Chapter 5 Factors and Multiples,5,CBSE,Class 4,Mathematics,Progress in Mathematics,,5,Active,
4055,Chapter 5 Family,5,CBSE,Class 3,Social Studies,Illustrative Social Studies,,1,Inactive,
4056,Chapter 5 Features of MS Word,5,CBSE,Class 5,Computer Science,Enter  A Complete Course in Computer Science,,5,Active,
4057,Chapter 5 Food,5,CBSE,Class 1,Social Studies,Social Studies Success (2023-24),,5,Active,
4058,Chapter 5 Food and Digestion,5,CBSE,Class 4,Science,Learning Elementary Science (For Acad. Year 2023-24),,5,Active,
4059,Chapter 5 Food and Digestion,5,CBSE,Class 4,Science,Learning Elementary Science (For Acad. Year 2023-24),,5,Active,
4060,Chapter 5 Food Habits of Animals,5,CBSE,Class 3,Science,Learning Elementary Science (For Acad. Year 2023-24),,5,Active,
4061,Chapter 5 Food We Eat,5,CBSE,Class 3,Social Studies,Social Studies Success (2023-24),,5,Active,
4062,Chapter 5 Fraction,5,CBSE,Class 5,Mathematics,Progress in Mathematics,,5,Active,
4063,Chapter 5 Fractions,5,CBSE,Class 6,Mathematics,Progress in Mathematics,,5,Active,
4064,Chapter 5 Fractions,5,CBSE,Class 6,Mathematics,Mathematics Success (2023-24),,5,Active,
4065,Chapter 5 Fractions,5,CBSE,Class 6,Mathematics,Mathematics Success,,5,Active,
4066,Chapter 5 Fundamental Rights and Duties,5,ICSE,Class 5,Social Studies,Essential Social Studies for (2023-24),,5,Active,
4067,Chapter 5 Going To School,5,CBSE,Class 1,English,Stepping Stones,,5,Active,
4068,Chapter 5 Graphics in QBASIC,5,CBSE,Class 7,Computer Science,Enter  A Complete Course in Computer Science,,5,Active,
4069,Chapter 5 Greenland  The Land of ice and Snow,5,CBSE,Class 5,Social Studies,Social Studies  for Juniors,,5,Active,
4070,Chapter 5 He or She,5,CBSE,Class 1,English Grammar,Step up English Grammar and Composition (For Acad. Year 2023-24),,5,Active,
4071,Chapter 5 Heat,5,ICSE,Class 7,Science,Learning Elementary Physics (2023-24),,5,Active,
4072,Chapter 5 Helen of Toy,5,CBSE,Class 4,English,Stepping Stones,,5,Active,
4073,Chapter 5 Home Sweet Home,5,CBSE,Class 1,Environmental Studies,Blue Planet (2023-24),,5,Active,
4074,Chapter 5 House,5,CBSE,Class 2,Social Studies,Social Studies  for Juniors,,5,Active,
4075,Chapter 5 Houses and Houses,5,CBSE,Class 2,Environmental Studies,Blue Planet (2023-24),,5,Active,
4076,Chapter 5 HTML,5,CBSE,Class 8,Computer Science,Exploring Computer Science,,5,Active,
4077,Chapter 5 Human Body,5,CBSE,Class 1,Science,Illustrative Science,,5,Active,
4078,Chapter 5 Human Body,5,CBSE,Class 1,Science,Science Success (2023-24),,5,Active,
4079,Chapter 5 Human Body,5,CBSE,Class 2,Science,Science Success (2023-24),,5,Active,
4080,Chapter 5 Human Skeletal System,5,CBSE,Class 5,Science,Learning Elementary Science (For Acad. Year 2023-24),,5,Active,
4081,Chapter 5 In Our Surrounding,5,CBSE,Class 2,General Knowledge,General Knowledge Times,,5,Active,
4082,Chapter 5 In Our Surroundings,5,CBSE,Class 1,General Knowledge,General Knowledge Times,,5,Active,
4083,Chapter 5 In Our Surroundings,5,CBSE,Class 3,General Knowledge,General Knowledge Times,,5,Active,
4084,Chapter 5 In Our Surroundings,5,CBSE,Class 4,General Knowledge,General Knowledge Times,,5,Active,
4085,Chapter 5 Industries,5,ICSE,Class 7,Geography,A Textbook of Geography (2023-24),,5,Active,
4086,Chapter 5 introduction To Euclid,5,CBSE,Class 9,Mathematics,NCQRT Mathematics,,5,Active,
4087,Chapter 5 Introduction to Euclid's Geometry,5,CBSE,Class 9,Mathematics,A Complete Course in Mathematics,,5,Active,
4088,Chapter 5 Introduction To Ms Excel 2003,5,CBSE,Class 6,Computer Science,Online with Computer,,5,Active,
4089,Chapter 5 Introduction to MS Excel,5,CBSE,Class 6,Computer Science,Enter  A Complete Course in Computer Science,,5,Active,
4090,Chapter 5 Introduction to programming language,5,CBSE,Class 7,Coding,Fun with Coding,,5,Active,
4091,Chapter 5 Introduction to QBASIC,5,CBSE,Class 7,Computer Science,Exploring Computer Science,,5,Active,
4092,Chapter 5 Introduction to QBASIC,5,CBSE,Class 7,Computer Science,Desktop My Book of Computer Science,,5,Active,
4093,Chapter 5 Introduction to WordPad,5,CBSE,Class 3,Computer Science,Enter  A Complete Course in Computer Science,,5,Active,
4094,Chapter 5 Know about Keyboard,5,CBSE,Class 2,Computer Science,Enter  A Complete Course in Computer Science,,5,Active,
4095,Chapter 5 Landforms Of The Earth,5,ICSE,Class 9,Geography,A Textbook of Geography (2023-24),,5,Active,
4096,Chapter 5 Language of Chemistry,5,ICSE,Class 8,Chemistry,Learning Elementary Chemistry,,5,Active,
4097,Chapter 5 Letters Of The Alphabet,5,CBSE,Class 1,Computer Science,Online with Computer,,5,Active,
4098,Chapter 5 Life Processes,5,CBSE,Class 10,Science,NCQRT Science,,5,Active,
4099,Chapter 5 Life Skills,5,CBSE,Class 5,General Knowledge,General Knowledge Times,,5,Active,
4100,Chapter 5 Life Skills,5,CBSE,Class 6,General Knowledge,General Knowledge Times,,5,Active,
4101,Chapter 5 Life Skills,5,CBSE,Class 7,General Knowledge,General Knowledge Times,,5,Active,
4102,Chapter 5 Life Skills,5,CBSE,Class 8,General Knowledge,General Knowledge Times,,5,Active,
4103,Chapter 5 Light,5,ICSE,Class 6,Science,Learning Elementary Physics (2023-24),,5,Active,
4104,Chapter 5 Light,5,ICSE,Class 8,Science,Learning Elementary Physics (2023-24),,5,Active,
4105,Chapter 5 Lines and Angles,5,CBSE,Class 7,Mathematics,NCERT Mathematics,,5,Active,
4106,Chapter 5 Logical Sequence of Words,5,CBSE,Class 6,General Aptitude,Know Your Aptitude,,5,Active,
4107,Chapter 5 Loops using block coding,5,CBSE,Class 6,Coding,Fun with Coding,,5,Active,
4108,Chapter 5 Minerals,5,ICSE,Class 6,Geography,A Textbook of Geography (2023-24),,5,Active,
4109,Chapter 5 Mole Concept And Stoichiometry,5,ICSE,Class 10,Chemistry,A New Approach to I.C.S.E. Chemistry,,5,Active,
4110,Chapter 5 Mole Concept And Stoichiometry,5,ICSE,Class 10,Chemistry,A New Approach to I.C.S.E. Chemistry (2023-24),,5,Active,
4111,Chapter 5 Mother’s Love Has no Equal,5,CBSE,Class 4,Moral Science,The Mirror of Values,,5,Active,
4112,Chapter 5 Motions of the Earth,5,ICSE,Class 4,Social Studies,Essential Social Studies for (2023-24),,5,Active,
4113,Chapter 5 MS PowerPoint 2010,5,CBSE,Class 6,Computer Science,Exploring Computer Science,,5,Active,
4114,Chapter 5 MS PowerPoint 2010,5,CBSE,Class 6,Computer Science,Desktop My Book of Computer Science,,5,Active,
4115,Chapter 5 MS Paint,5,CBSE,Class 4,Computer Science,Desktop My Book of Computer Science,,5,Active,
4116,Chapter 5 MS Paint,5,CBSE,Class 4,Computer Science,Exploring Computer Science,,5,Active,
4117,Chapter 5 MS Paint : Draw and Color,5,CBSE,Class 3,Computer Science,Exploring Computer Science,,5,Active,
4118,Chapter 5 Multiples and Factors,5,CBSE,Class 4,Mathematics,Mathematics Success (2023-24),,5,Active,
4119,Chapter 5 Natural And Man Made Disaster,5,ICSE,Class 8,Geography,A Textbook of Geography (2023-24),,5,Active,
4120,Chapter 5 Natural Resources,5,CBSE,Class 9,Science,Gateway to Science Biology,,5,Active,
4121,Chapter 5 Nervous System,5,ICSE,Class 8,Science,Learning Elementary Biology (2023-24),,5,Active,
4122,Chapter 5 Networks And Multimedia,5,CBSE,Class 5,Computer Science,Online with Computer,,5,Active,
4123,Chapter 5 Nouns: Common and Proper,5,CBSE,Class 3,English Grammar,Step up English Grammar and Composition (For Acad. Year 2023-24),,5,Active,
4124,Chapter 5 Nouns: Singular and Plural,5,CBSE,Class 5,English Grammar,Step up English Grammar and Composition (For Acad. Year 2023-24),,5,Active,
4125,Chapter 5 Numbers up to 1000,5,CBSE,Class 2,Mathematics,Mathematics Success (2023-24),,5,Active,
4126,Chapter 5 One and Many,5,CBSE,Class 2,English Grammar,Step up English Grammar and Composition (For Acad. Year 2023-24),,5,Active,
4127,Chapter 5 Our Environment,5,CBSE,Class 10,Science,Gateway to Science Biology,,5,Active,
4128,Chapter 5 Our Food,5,CBSE,Class 3,Social Studies,Social Studies  for Juniors,,5,Active,
4129,Chapter 5 Parts Of A Computer,5,CBSE,Class 2,Computer Science,Online with Computer,,5,Active,
4130,Chapter 5 Periodic Classification of Elements,5,CBSE,Class 10,Science,NCERT Science,,5,Active,
4131,Chapter 5 Physical and Chemical Changes,5,CBSE,Class 7,Science,Science Success (2023-24),,5,Active,
4132,Chapter 5 Plant Reproduction,5,ICSE,Class 5,Science,Essential Science (2023-24),,5,Active,
4133,Chapter 5 Plant Reproduction,5,ICSE,Class 5,Science,Essential Science,,5,Active,
4134,Chapter 5 Plants,5,CBSE,Class 4,Social Studies,Illustrative Environmental Studies,,5,Active,
4135,Chapter 5 Plants : Our Green Friends,5,CBSE,Class 3,Social Studies,Illustrative Environmental Studies,,5,Active,
4136,Chapter 5 Plants : Our Green Friends,5,CBSE,Class 3,Environmental Studies,Illustrative Environmental Studies,,5,Active,
4137,Chapter 5 Plants in the Surroundings,5,ICSE,Class 3,Science,Essential Science,,5,Active,
4138,Chapter 5 Plants in the Surroundings,5,ICSE,Class 3,Science,Essential Science (2023-24),,5,Active,
4139,Chapter 5 Playing with Numbers,5,CBSE,Class 8,Mathematics,Progress in Mathematics,,5,Active,
4140,Chapter 5 Playing with Numbers,5,CBSE,Class 8,Mathematics,Mathematics Success,,5,Active,
4141,Chapter 5 Primitives of MSWLogo,5,CBSE,Class 4,Computer Science,Enter  A Complete Course in Computer Science,,5,Active,
4142,Chapter 5 Public Institutions,5,CBSE,Class 5,Social Studies,Illustrative Social Studies,,5,Active,
4143,Chapter 5 Ranking,5,CBSE,Class 3,General Aptitude,Know Your Aptitude,,5,Active,
4144,Chapter 5 Ranking,5,CBSE,Class 4,General Aptitude,Know Your Aptitude,,5,Active,
4145,Chapter 5 Ranking,5,CBSE,Class 5,General Aptitude,Know Your Aptitude,,5,Active,
4146,Chapter 5 Refraction Of Light,5,ICSE,Class 10,Physics,A New Approach to I.C.S.E. Physics (2023-24),,5,Active,
4147,Chapter 5 Respiratory System,5,ICSE,Class 6,Science,Learning Elementary Biology (2023-24),,5,Active,
4148,Chapter 5 Robinson Crusoe,5,CBSE,Class 3,English,Stepping Stones,,5,Active,
4149,Chapter 5 Safety Rules,5,CBSE,Class 1,Social Studies,Social Studies  for Juniors,,5,Active,
4150,Chapter 5 Separation Of Substances,5,CBSE,Class 6,Science,NCERT Science,,5,Active,
4151,Chapter 5 Sequence,5,CBSE,Class 7,General Aptitude,Know Your Aptitude,,5,Active,
4152,Chapter 5 Sequence,5,CBSE,Class 8,General Aptitude,Know Your Aptitude,,5,Active,
4153,Chapter 5 Shravan Kumar,5,CBSE,Class 5,English,Stepping Stones,,5,Active,
4154,Chapter 5 Soil,5,CBSE,Class 5,Environmental Studies,Illustrative Environmental Studies,,5,Active,
4155,Chapter 5 Subject and Predicate,5,CBSE,Class 4,English Grammar,Step up English Grammar and Composition (For Acad. Year 2023-24),,5,Active,
4156,Chapter 5 Thank You Wright Brothers,5,CBSE,Class 6,English,Stepping Stones,,5,Active,
4157,Chapter 5 Thanks to My Family,5,CBSE,Class 5,Moral Science,The Mirror of Values,,5,Active,
4158,Chapter 5 The Adjective Kinds Of Adjectives,5,CBSE,Class 3,English,Elementary English Grammar and Composition,,5,Active,
4159,Chapter 5 The First Post Box,5,CBSE,Class 4,English,Get Smart A Multi-skill English Course,,5,Active,
4160,Chapter 5 The Fundamental Unit Of Life,5,CBSE,Class 9,Science,NCERT Science,,5,Active,
4161,Chapter 5 The Great Indian Desert,5,CBSE,Class 4,Social Studies,Illustrative Social Studies,,5,Active,
4162,Chapter 5 The King of the Golden River,5,CBSE,Class 5,English,Get Smart A Multi-skill English Course,,5,Active,
4163,Chapter 5 The Present Tense,5,CBSE,Class 8,English,Elementary English Grammar and Composition,,1,Active,
4164,Chapter 5 The Southern Plateaus,5,CBSE,Class 4,Social Studies,Essential Social Studies for (2023-24),,5,Active,
4165,Chapter 5 The Southern Plateaus,5,CBSE,Class 4,Social Studies,Social Studies Success (2023-24),,5,Active,
4166,Chapter 5 The Southern Plateaus.,5,CBSE,Class 4,Social Studies,Social Studies  for Juniors,,5,Active,
4167,Chapter 5 The Verb  Kinds Of Verbs,5,CBSE,Class 5,English,Elementary English Grammar and Composition,,5,Active,
4168,Chapter 5 Time is Precious,5,CBSE,Class 2,Moral Science,The Mirror of Values,,5,Active,
4169,Chapter 5 Transpiration,5,ICSE,Class 10,Biology,A New Approach to I.C.S.E. Biology (2023-24),,5,Active,
4170,Chapter 5 Tweets of JOY,5,CBSE,Class 7,English,Stepping Stones,,5,Active,
4171,Chapter 5 Understanding Elementary Shapes,5,CBSE,Class 6,Mathematics,NCERT Mathematics,,5,Active,
4172,Chapter 5 Uses of Computers,5,CBSE,Class 1,Computer Science,Desktop My Book of Computer Science,,5,Active,
4173,Chapter 5 Uses of Computers,5,CBSE,Class 2,Computer Science,Desktop My Book of Computer Science,,5,Active,
4174,Chapter 5 Using a Mouse,5,CBSE,Class 1,Computer Science,Enter  A Complete Course in Computer Science,,5,Active,
4175,"Chapter 5 Views, Styles And Mail Merge",5,CBSE,Class 7,Computer Science,Online with Computer,,5,Active,
4176,Chapter 5 Windows 7 Accessories,5,CBSE,Class 5,Computer Science,Desktop My Book of Computer Science,,5,Active,
4177,Chapter 5 Windows 7 Accessories,5,CBSE,Class 5,Computer Science,Exploring Computer Science,,5,Active,
4178,Chapter 5 Windows And Paint,5,CBSE,Class 3,Computer Science,Online with Computer,,5,Active,
4179,Chapter 5 Windows Xp,5,CBSE,Class 4,Computer Science,Online with Computer,,5,Active,
4180,Chapter 5 Word And Web,5,CBSE,Class 8,Computer Science,Online with Computer,,5,Active,
4181,Chapter 5 Working with Layers in Flash,5,CBSE,Class 8,Computer Science,Enter  A Complete Course in Computer Science,,5,Active,
4182,Chapter 5 उ ( ु 0और ऊ ( ू),5,CBSE,Class 1,Hindi,Nikunj Hindi Pathmala,,1,Active,
4183,Chapter 5 उ ( ु 0और ऊ ( ू),5,CBSE,Class 1,Hindi,Nikunj Hindi Pathmala (2023-24),,5,Active,
4184,Chapter 5 उलटा अर्थ देने वाले शब्द,5,CBSE,Class 1,Hindi,Naveen Hindi Vyavaharik Vyakaran Tatha Rachna,,5,Active,
4185,Chapter 5 कसौटी,5,CBSE,Class 8,Hindi,Nikunj Hindi Pathmala,,1,Active,
4186,Chapter 5 चाँद का वुफरता,5,CBSE,Class 3,Hindi,Nikunj Hindi Pathmala,,1,Active,
4187,Chapter 5 चाँद का वुफरता,5,CBSE,Class 3,Hindi,Nootan Saral Hindi Mala,,1,Active,
4188,Chapter 5 चूहे के पेट में चूहे कूदे,5,CBSE,Class 3,Hindi,Nikunj Hindi Pathmala (2023-24),,5,Active,
4189,Chapter 5 जंगल में होली,5,CBSE,Class 2,Hindi,Nikunj Hindi Pathmala (2023-24),,5,Active,
4190,Chapter 5 ड' और 'ढ़' का सही प्रयोग,5,CBSE,Class 2,Hindi,Naveen Hindi Vyavaharik Vyakaran Tatha Rachna,,5,Active,
4191,Chapter 5 पेड़ लगाओ,5,CBSE,Class 2,Hindi,Nikunj Hindi Pathmala,,1,Active,
4192,Chapter 5 प्यारा मिजोरम,5,CBSE,Class 5,Hindi,Nikunj Hindi Pathmala (2023-24),,5,Active,
4193,Chapter 5 बंध्न का सुख,5,CBSE,Class 4,Hindi,Nootan Saral Hindi Mala,,1,Active,
4194,Chapter 5 बंध्न का सुख,5,CBSE,Class 4,Hindi,Nikunj Hindi Pathmala,,1,Active,
4195,Chapter 5 बातचीत के नये साथी,5,CBSE,Class 7,Hindi,Nikunj Hindi Pathmala,,1,Active,
4196,Chapter 5 बादल,5,CBSE,Class 4,Hindi,Nikunj Hindi Pathmala,,1,Active,
4197,Chapter 5 मै बनी हनुमान,5,CBSE,Class 6,Hindi,Nikunj Hindi Pathmala,,1,Active,
4198,Chapter 5 मोर,5,CBSE,Class 2,Hindi,Nootan Saral Hindi Mala,,1,Active,
4199,Chapter 5 राजीव की बहादुरी,5,CBSE,Class 5,Hindi,Nikunj Hindi Pathmala,,1,Active,
4200,Chapter 5 लिंग,5,CBSE,Class 4,Hindi,Naveen Hindi Vyavaharik Vyakaran Tatha Rachna,,5,Active,
4201,Chapter 5 शब्द निर्माण : समास,5,CBSE,Class 7,Hindi,Naveen Hindi Vyavaharik Vyakaran Tatha Rachna,,5,Active,
4202,Chapter 5 शब्द रचना : समास,5,CBSE,Class 6,Hindi,Naveen Hindi Vyavaharik Vyakaran Tatha Rachna,,5,Active,
4203,Chapter 5 सर्वनाम,5,CBSE,Class 5,Hindi,Naveen Hindi Vyavaharik Vyakaran Tatha Rachna,,5,Active,
4204,Chapter 5 सोनाली का पत्र,5,CBSE,Class 3,Hindi,Nikunj Hindi Pathmala,,1,Active,
4205,Chapter 5 स्वच्छ पहल,5,CBSE,Class 4,Hindi,Nikunj Hindi Pathmala (2023-24),,5,Active,
4206,Chapter 5 અંકોનો અભ્યાસ,5,CBSE,Class 1,Gujarati,Meghdhanush,,5,Active,
4207,Chapter 5 એક કિરણ (કાવ્ય,5,CBSE,Class 6,Gujarati,Meghdhanush,,5,Active,
4208,"Chapter 5 ઓળખો, હુંકોણછું?",5,CBSE,Class 4,Gujarati,Meghdhanush,,5,Active,
4209,Chapter 5 જલારામ બાપા,5,CBSE,Class 8,Gujarati,Meghdhanush,,5,Active,
4210,Chapter 5 જેવા સાથે તેવા,5,CBSE,Class 3,Gujarati,Meghdhanush,,5,Active,
4211,Chapter 5 મહાત્મા ગાંધીનો પત્ર,5,CBSE,Class 7,Gujarati,Meghdhanush,,5,Active,
4212,Chapter 5 વૃક્ષારોપણ,5,CBSE,Class 5,Gujarati,Meghdhanush,,5,Active,
4213,Chapter 5 સામાન્ય જ્ઞાન,5,CBSE,Class 2,Gujarati,Meghdhanush,,5,Active,
4214,Chapter 5_HTML,5,CBSE,Class 8,Computer Science,Desktop My Book of Computer Science,,5,Active,
4215,Chapter 5_MS Paint : Draw and Color,5,CBSE,Class 3,Computer Science,Desktop My Book of Computer Science,,5,Active,
4216,Chapter 5_Uses of Computers,5,CBSE,Class 1,Computer Science,Exploring Computer Science,,5,Active,
4217,Chapter 5_Uses of Computers,5,CBSE,Class 2,Computer Science,Exploring Computer Science,,5,Active,
4218,Chapter 5 Addition and Subtraction up to 20,5,CBSE,Class 1,Mathematics,Illustrative Mathematics,,5,Active,
4219,Chapter 5 Decimals,5,CBSE,Class 5,Mathematics,Illustrative Mathematics,,5,Active,
4220,Chapter 5 Division,5,CBSE,Class 3,Mathematics,Illustrative Mathematics,,5,Active,
4221,Chapter 5 Food,5,CBSE,Class 1,Social Studies,Illustrative Social Studies,,5,Active,
4222,Chapter 5 Food : Our Basic Need,5,CBSE,Class 4,Science,Illustrative Science,,5,Active,
4223,Chapter 5 Houses Around Us,5,CBSE,Class 2,Environmental Studies,Illustrative Environmental Studies,,5,Active,
4224,Chapter 5 Human Body,5,CBSE,Class 2,Science,Illustrative Science,,5,Active,
4225,Chapter 5 Human Body: A Living Wonder,5,CBSE,Class 3,Science,Illustrative Science,,5,Active,
4226,Chapter 5 Multiples and Factors,5,CBSE,Class 4,Mathematics,Illustrative Mathematics,,5,Active,
4227,Chapter 5 My Sweet Home,5,CBSE,Class 1,Environmental Studies,Illustrative Environmental Studies,,5,Active,
4228,Chapter 5 Numbers up to 1000,5,CBSE,Class 2,Mathematics,Illustrative Mathematics,,5,Active,
4229,Chapter 5 Organisms and Their Interdependence,5,CBSE,Class 5,Science,Illustrative Science,,5,Active,
4230,Chapter 5 Plants,5,CBSE,Class 4,Environmental Studies,Illustrative Environmental Studies,,5,Active,
4231,Chapter 5: More about Subtraction,5,ICSE,Class 1,Mathematics,Foundation Mathematics (2023-24),,5,Active,
4232,Chapter 5.  Decimals,5,ICSE,Class 5,Mathematics,Foundation Mathematics,,5,Active,
4233,Chapter 5.  Subtraction,5,ICSE,Class 4,Mathematics,Foundation Mathematics,,5,Active,
4234,Chapter 5.  Verbs (Doing Words or Action Words),5,CBSE,Class 2,English,Elementary English Grammar and Composition,,5,Active,
4235,Chapter 5. Advanced Features of MS Word 2016,5,CBSE,Class 4,Computer Science,Computer Science Success,,5,Active,
4236,Chapter 5. Decimals,5,ICSE,Class 5,Mathematics,Foundation Mathematics (2023-24),,5,Active,
4237,Chapter 5. Division,5,CBSE,Class 3,Mathematics,Mathematics Success,,5,Active,
4238,Chapter 5. Editing a Worksheet,5,CBSE,Class 5,Computer Science,Computer Science Success,,5,Active,
4239,Chapter 5. Mail Merge in Word 2016,5,CBSE,Class 6,Computer Science,Computer Science Success,,5,Active,
4240,Chapter 5. Playing with Numbers,5,CBSE,Class 8,Mathematics,Exploring Mathematics,,5,Active,
4241,Chapter 5. Subtraction,5,ICSE,Class 4,Mathematics,Foundation Mathematics (2023-24),,5,Active,
4242,Chapter 5. उ और ऊ की मात्राएँ,5,CBSE,Class 1,Hindi,Bal Bhasha Bharti,,5,Active,
4243,"Chapter 5. Acids, Bases and Salts",5,CBSE,Class 7,Science,Science Success,,5,Active,
4244,Chapter 5. Addition and Subtraction of 3 Digit Numbers,5,CBSE,Class 2,Mathematics,Exploring Mathematics,,5,Active,
4245,Chapter 5. Addition and Subtraction of Numbers up to 20,5,CBSE,Class 1,Mathematics,Exploring Mathematics,,5,Active,
4246,Chapter 5. Addition and Subtraction up to 20,5,CBSE,Class 1,Mathematics,Mathematics Success,,5,Active,
4247,"Chapter 5. Aids, Bases and Salts",5,CBSE,Class 7,Science,Learning Elementary Science,,5,Active,
4248,Chapter 5. Algorithms and Flowcharts,5,ICSE,Class 8,Computer Science,My Book of Computer Studies,,5,Active,
4249,Chapter 5. Algorithms and Flowcharts,5,CBSE,Class 6,Computer Science,Fun with Linux,,5,Active,
4250,Chapter 5. Animal World,5,CBSE,Class 1,Science,Science Success,,5,Active,
4251,Chapter 5. Arithmetic Progressions,5,CBSE,Class 10,Mathematics,NCQRT Mathematics,,5,Active,
4252,Chapter 5. Arithmetic Progressions,5,CBSE,Class 10,Mathematics,NCERT Mathematics,,5,Active,
4253,Chapter 5. Birds,5,CBSE,Class 3,Science,Learning Elementary Science,,5,Active,
4254,Chapter 5. Body Movements,5,CBSE,Class 6,Science,Learning Elementary Science (For Acad. Year 2023-24),,5,Active,
4255,Chapter 5. Bones and Muscles,5,CBSE,Class 2,Science,Learning Elementary Science,,5,Active,
4256,Chapter 5. Clothes : A Basic Need,5,CBSE,Class 3,Environmental Studies,Blue Planet,,5,Active,
4257,Chapter 5. Clothes We Wear,5,CBSE,Class 4,Environmental Studies,Blue Planet (2023-24),,5,Active,
4258,Chapter 5. Clothes We Wear,5,CBSE,Class 4,Environmental Studies,Blue Planet,,5,Active,
4259,Chapter 5. Clothes: A Basic Need,5,CBSE,Class 3,Environmental Studies,Blue Planet (2023-24),,5,Active,
4260,Chapter 5. Coal and Petroleum,5,CBSE,Class 8,Science,Learning Elementary Science,,5,Active,
4261,Chapter 5. Computer Care,5,CBSE,Class 3,Computer Science,Computer Science Success,,5,Active,
4262,"Chapter 5. Computer Crime, Ethics and Security",5,ICSE,Class 7,Computer Science,My Book of Computer Studies,,5,Active,
4263,Chapter 5. Conservation of Plants and Animals,5,CBSE,Class 8,Science,Learning Elementary Science (For Acad. Year 2023-24),,5,Active,
4264,Chapter 5. Control Statements and Loops in QBASIC,5,CBSE,Class 8,Computer Science,Computer Science Success,,5,Active,
4265,Chapter 5. Decimal Fractions,5,ICSE,Class 6,Mathematics,Foundation Mathematics,,5,Active,
4266,Chapter 5. Decimal Fractions,5,ICSE,Class 6,Mathematics,Foundation Mathematics,,5,Active,
4267,Chapter 5. Decimal Fractions,5,ICSE,Class 6,Mathematics,Foundation Mathematics (2023-24),,5,Active,
4268,Chapter 5. Decimals,5,CBSE,Class 5,Mathematics,Mathematics Success,,5,Active,
4269,Chapter 5. Different Ways of Living : What Books and Burial Tell Us (The Vedic Period and Chalcolithic Settlements) ..,5,CBSE,Class 6,Social Science,A Text Book of Social Sciences,,5,Active,
4270,Chapter 5. Division,5,CBSE,Class 3,Mathematics,Exploring Mathematics,,5,Active,
4271,Chapter 5. Division,5,CBSE,Class 3,Mathematics,Star Maths,,5,Active,
4272,Chapter 5. Division,5,CBSE,Class 4,Mathematics,Star Maths,,5,Active,
4273,Chapter 5. Division,5,CBSE,Class 5,Mathematics,Star Maths,,5,Active,
4274,Chapter 5. Division,5,CBSE,Class 2,Mathematics,Star Maths,,5,Active,
4275,Chapter 5. Eat Right Feel Right,5,CBSE,Class 5,Environmental Studies,Blue Planet,,5,Active,
4276,Chapter 5. Eco Friendly,5,CBSE,Class 1,General Knowledge,General Knowledge Times (2023-24),,5,Active,
4277,Chapter 5. Endangered Animals,5,CBSE,Class 2,General Knowledge,General Knowledge Times (2023-24),,5,Active,
4278,Chapter 5. Ethics in Data Science,5,CBSE,Class 9,Data Science,A text Book of Data Science,,5,Active,
4279,Chapter 5. Ethics in Data Science,5,CBSE,Class 10,Data Science,A text Book of Data Science,,5,Active,
4280,Chapter 5. Excretory System,5,ICSE,Class 7,Biology,Learning Elementary Biology,,5,Active,
4281,Chapter 5. Exponents,5,ICSE,Class 7,Mathematics,Foundation Mathematics (2023-24),,5,Active,
4282,Chapter 5. Exponents and Powers,5,CBSE,Class 7,Mathematics,Exploring Mathematics,,5,Active,
4283,Chapter 5. Factors and Multiples,5,CBSE,Class 4,Mathematics,Exploring Mathematics,,5,Active,
4284,Chapter 5. Food : Our Basic Need,5,CBSE,Class 4,Science,Science Success (2023-24),,5,Active,
4285,Chapter 5. Food and Digestion,5,CBSE,Class 4,Science,Learning Elementary Science,,5,Active,
4286,Chapter 5. Food And Feeding Habits Of Animals,5,CBSE,Class 3,Science,Science Success (2023-24),,5,Active,
4287,Chapter 5. Food And Health,5,CBSE,Class 5,Science,Science Success (2023-24),,5,Active,
4288,Chapter 5. Food and Shelter for Animals,5,CBSE,Class 1,Science,Learning Elementary Science (For Acad. Year 2023-24),,5,Active,
4289,Chapter 5. Food for Health,5,CBSE,Class 2,Science,Learning Elementary Science (For Acad. Year 2023-24),,5,Active,
4290,Chapter 5. Force and Pressure,5,CBSE,Class 8,Science,Science Success,,5,Active,
4291,Chapter 5. Fractions,5,CBSE,Class 5,Mathematics,Exploring Mathematics,,5,Active,
4292,Chapter 5. Fractions,5,CBSE,Class 6,Mathematics,Exploring Mathematics,,5,Active,
4293,Chapter 5. Greenland : The Land of Snow,5,CBSE,Class 5,Social Studies,Social Studies Success (2023-24),,5,Active,
4294,Chapter 5. Home Sweet Home,5,CBSE,Class 1,Environmental Studies,Blue Planet,,5,Active,
4295,Chapter 5. Houses and Houses,5,CBSE,Class 2,Environmental Studies,Blue Planet,,5,Active,
4296,Chapter 5. Introduction To Euclid’s Geometry,5,CBSE,Class 9,Mathematics,NCERT Mathematics,,5,Active,
4297,Chapter 5. Introduction to Open Office Writer,5,CBSE,Class 3,Computer Science,Fun with Linux,,5,Active,
4298,Chapter 5. Introduction to QBASIC,5,CBSE,Class 7,Computer Science,Computer Science Success,,5,Active,
4299,Chapter 5. Keeping Clean and Fit,5,CBSE,Class 1,Science,Learning Elementary Science,,5,Active,
4300,Chapter 5. Know About Keyboard,5,CBSE,Class 2,Computer Science,Computer Science Success,,5,Active,
4301,Chapter 5. Know About Keyboard,5,CBSE,Class 2,Computer Science,Fun with Linux,,5,Active,
4302,Chapter 5. Light,5,ICSE,Class 6,Physics,Learning Elementary Physics,,5,Active,
4303,Chapter 5. Measurements,5,CBSE,Class 1,Mathematics,Star Maths,,5,Active,
4304,Chapter 5. Modifying a Table,5,ICSE,Class 6,Computer Science,My Book of Computer Studies,,5,Active,
4305,Chapter 5. More on HTML,5,CBSE,Class 8,Computer Science,Fun with Linux,,5,Active,
4306,Chapter 5. More on Open Office Impress,5,CBSE,Class 5,Computer Science,Fun with Linux,,5,Active,
4307,Chapter 5. Mouse  an Input Device,5,ICSE,Class 2,Computer Science,My Book of Computer Studies,,5,Active,
4308,Chapter 5. Multiples and Factors,5,CBSE,Class 4,Mathematics,Mathematics Success,,5,Active,
4309,Chapter 5. Names of Animals,5,CBSE,Class 1,English,Elementary English Grammar and Composition,,5,Active,
4310,Chapter 5. Natural Vegetation And Wild Life,5,CBSE,Class 9,Geography,NCQRT Geography,,5,Active,
4311,Chapter 5. Nervous System,5,ICSE,Class 8,Biology,Learning Elementary Biology,,5,Active,
4312,Chapter 5. Nouns: Gender,5,CBSE,Class 6,English Grammar,Step up English Grammar and Composition (For Acad. Year 2023-24),,5,Active,
4313,Chapter 5. Numbers up to 1000,5,CBSE,Class 2,Mathematics,Mathematics Success,,5,Active,
4314,Chapter 5. Our Body,5,CBSE,Class 2,Science,Science Success,,5,Active,
4315,Chapter 5. Pastoralists in The Modern World,5,CBSE,Class 9,History,NCQRT History,,5,Active,
4316,Chapter 5. Pattern,5,CBSE,Class 1,General Aptitude,Know Your Aptitude,,5,Active,
4317,Chapter 5. Pattern,5,CBSE,Class 2,General Aptitude,Know Your Aptitude,,5,Active,
4318,Chapter 5. Periodic Classification of Elements,5,CBSE,Class 10,Science,Gateway to Science Chemistry,,5,Active,
4319,Chapter 5. Physical and Chemical changes,5,CBSE,Class 7,Science,Learning Elementary Science (For Acad. Year 2023-24),,5,Active,
4320,Chapter 5. Pollination and Fertilisation,5,ICSE,Class 9,Biology,A New Approach to I.C.S.E. Biology (2023-24),,5,Active,
4321,Chapter 5. Presentation Software,5,ICSE,Class 5,Computer Science,My Book of Computer Studies,,5,Active,
4322,Chapter 5. Print Culture and the Modern World,5,CBSE,Class 10,History,NCQRT History,,5,Active,
4323,Chapter 5. Respiratory System,5,ICSE,Class 6,Biology,Learning Elementary Biology,,5,Active,
4324,Chapter 5. Safety First,5,CBSE,Class 4,Science,Science Success,,5,Active,
4325,Chapter 5. Separation of Substances,5,CBSE,Class 6,Science,Science Success,,5,Active,
4326,Chapter 5. Separation of Substances,5,CBSE,Class 6,Science,Learning Elementary Science,,5,Active,
4327,Chapter 5. Sets,5,ICSE,Class 8,Mathematics,Foundation Mathematics (2023-24),,5,Active,
4328,Chapter 5. Soil,5,CBSE,Class 5,Science,Science Success,,5,Active,
4329,Chapter 5. Soil Resources in India,5,ICSE,Class 10,Geography,A Textbook of Geography (2023-24),,5,Active,
4330,"Chapter 5. Solids, Liquids and Gases",5,CBSE,Class 3,Science,Science Success,,5,Active,
4331,Chapter 5. Sources of Energy,5,CBSE,Class 10,Science,Gateway to Science Physics,,5,Active,
4332,Chapter 5. Tables in Open Office Writer,5,CBSE,Class 4,Computer Science,Fun with Linux,,5,Active,
4333,Chapter 5. The Adjective Kinds Of Adjectives,5,CBSE,Class 4,English,Elementary English Grammar and Composition,,5,Active,
4334,Chapter 5. The Bread King and the Butter King,5,CBSE,Class 1,English,Get Smart A Multi-skill English Course,,5,Active,
4335,Chapter 5. The Creation of an Empire  The Mughal Empire,5,CBSE,Class 7,Social Science,A Text Book of Social Sciences,,5,Active,
4336,Chapter 5. The Day Dad Made Dinner,5,CBSE,Class 2,English,Get Smart A Multi-skill English Course,,5,Active,
4337,Chapter 5. The Internet Web Browser,5,ICSE,Class 4,Computer Science,My Book of Computer Studies,,5,Active,
4338,Chapter 5. The Internet An Introduction,5,ICSE,Class 3,Computer Science,My Book of Computer Studies,,5,Active,
4339,Chapter 5. The Periodic Table,5,ICSE,Class 9,Chemistry,A New Approach to I.C.S.E. Chemistry (2023-24),,5,Active,
4340,Chapter 5. The Revolt of 1857,5,CBSE,Class 8,Social Science,A Text Book of Social Sciences,,5,Active,
4341,Chapter 5. Transpiration,5,ICSE,Class 10,Biology,A New Approach to ICSE Biology,,5,Active,
4342,Chapter 5. Upthrust and Archimedes' Principle,5,ICSE,Class 9,Physics,A New Approach to I.C.S.E. Physics (2023-24),,5,Active,
4343,Chapter 5. Using a Mouse,5,ICSE,Class 1,Computer Science,My Book of Computer Studies,,5,Active,
4344,Chapter 5. Using a Mouse,5,CBSE,Class 1,Computer Science,Computer Science Success,,5,Active,
4345,Chapter 5. Using a Mouse,5,CBSE,Class 1,Computer Science,Fun with Linux,,5,Active,
4346,Chapter 5. Verbs: Modals,5,CBSE,Class 8,English Grammar,Step up English Grammar and Composition (For Acad. Year 2023-24),,5,Active,
4347,Chapter 5. Water,5,CBSE,Class 5,Science,Learning Elementary Science,,5,Active,
4348,Chapter 5. Work and Energy,5,CBSE,Class 9,Science,Gateway to Science Physics,,5,Active,
4349,Chapter 5. Working with Layers in GIMP,5,CBSE,Class 7,Computer Science,Fun with Linux,,5,Active,
4350,Chapter 5. ओस,5,CBSE,Class 6,Hindi,Nootan Saral Hindi Mala,,5,Active,
4351,Chapter 5. दीये का अभिमान,5,CBSE,Class 5,Hindi,Nootan Saral Hindi Mala,,5,Active,
4352,Chapter 5. लोकमनृत्यों की धरती नगालैंड,5,CBSE,Class 7,Hindi,Nootan Saral Hindi Mala,,5,Active,
4353,Chapter 5. हिम्मत करने वालों की हार नहीं होती,5,CBSE,Class 8,Hindi,Nootan Saral Hindi Mala,,5,Active,
4354,Chapter 5.The Fundamental Unit of Life,5,CBSE,Class 9,Science,NCQRT Science,,5,Active,
4355,Chapter 5.ईद का त्योहार,5,CBSE,Class 3,Hindi,Bal Bhasha Bharti,,5,Active,
4356,Chapter 5.चाँदनी रात मे ताजमहल,5,CBSE,Class 5,Hindi,Bal Bhasha Bharti,,5,Active,
4357,Chapter 5.दवा का कमाल,5,CBSE,Class 4,Hindi,Bal Bhasha Bharti,,5,Active,
4358,Chapter 5.हँसना हमसे सीखो,5,CBSE,Class 2,Hindi,Bal Bhasha Bharti,,5,Active,
4359,Chapter 6  उपसर्ग,6,CBSE,Class 8,Hindi,Naveen Hindi Vyavaharik Vyakaran Tatha Rachna,,6,Active,
4360,Chapter 6  Money,6,ICSE,Class 2,Mathematics,Foundation Mathematics,,6,Active,
4361,Chapter 6 Caring for Others,6,ICSE,Class 3,Social Studies,Essential Social Studies for (2023-24),,6,Active,
4362,Chapter 6 The Vain Gosling,6,CBSE,Class 5,English,Stepping Stones,,6,Active,
4363,Chapter 6 वचन,6,CBSE,Class 4,Hindi,Naveen Hindi Vyavaharik Vyakaran Tatha Rachna,,6,Active,
4364,Chapter 6 : Clothes,6,CBSE,Class 1,Social Studies,Social Studies Success,,1,Active,
4365,Chapter 6 : Heat Transfer,6,ICSE,Class 8,Physics,Learning Elementary Physics,,1,Active,
4366,Chapter 6 : Indian Dresses,6,CBSE,Class 3,Social Studies,Social Studies Success,,1,Active,
4367,Chapter 6 : Indices,6,ICSE,Class 9,Mathematics,I.C.S.E. Foundation Mathematics (2023-24),,6,Active,
4368,Chapter 6 : Percentage,6,ICSE,Class 8,Mathematics,Foundation Mathematics,,6,Active,
4369,Chapter 6 : Rooms in a House,6,CBSE,Class 2,Social Studies,Social Studies Success,,1,Active,
4370,Chapter 6 : Saudi Arabia : The Land of Sand,6,CBSE,Class 5,Social Studies,Social Studies Success,,1,Active,
4371,Chapter 6 : Set,6,ICSE,Class 7,Mathematics,Foundation Mathematics,,6,Active,
4372,Chapter 6 : Sets,6,ICSE,Class 7,Mathematics,Foundation Mathematics,,6,Active,
4373,Chapter 6 : Sound,6,ICSE,Class 7,Physics,Learning Elementary Physics,,1,Active,
4374,Chapter 6 : Sound,6,ICSE,Class 9,Science,Gateway to Science Physics,,6,Active,
4375,Chapter 6 : The Coastal Plains and Islands,6,CBSE,Class 4,Social Studies,Social Studies Success,,1,Active,
4376,Chapter 6 A Story without an End,6,CBSE,Class 5,English,Get Smart A Multi-skill English Course,,6,Active,
4377,Chapter 6 Addition and Subtraction of Bigger Numbers,6,CBSE,Class 2,Mathematics,Mathematics Success (2023-24),,6,Active,
4378,Chapter 6 Algebraic Expression,6,CBSE,Class 7,Mathematics,Mathematics Success (2023-24),,6,Active,
4379,Chapter 6 Algebraic Expression,6,CBSE,Class 7,Mathematics,Mathematics Success,,6,Active,
4380,Chapter 6 Algebraic Expressions,6,CBSE,Class 7,Mathematics,Progress in Mathematics,,6,Active,
4381,Chapter 6 Algebraic Expressions,6,CBSE,Class 8,Mathematics,Mathematics Success,,6,Active,
4382,Chapter 6 Algebraic Expressions and Identities,6,CBSE,Class 8,Mathematics,Progress in Mathematics,,6,Active,
4383,Chapter 6 An Indian Lunch,6,CBSE,Class 4,English,Get Smart A Multi-skill English Course,,6,Active,
4384,"Chapter 6 Articles (A, An, The)",6,CBSE,Class 3,English,Elementary English Grammar and Composition,,6,Active,
4385,Chapter 6 Asia : The Largest Continent  Location And Physical Features,6,ICSE,Class 8,Geography,A Textbook of Geography (2023-24),,6,Active,
4386,Chapter 6 Basic Geometrical Concepts,6,CBSE,Class 5,Mathematics,Mathematics Success (2023-24),,6,Active,
4387,Chapter 6 Changes Around Us,6,CBSE,Class 6,Science,NCERT Science,,6,Active,
4388,Chapter 6 Chemical Reactions,6,ICSE,Class 8,Chemistry,Learning Elementary Chemistry,,6,Active,
4389,Chapter 6 Children’s Day,6,CBSE,Class 3,English,Stepping Stones,,6,Active,
4390,Chapter 6 Circulatory System,6,ICSE,Class 6,Science,Learning Elementary Biology (2023-24),,6,Active,
4391,Chapter 6 Circulatory System,6,ICSE,Class 8,Science,Learning Elementary Biology (2023-24),,6,Active,
4392,Chapter 6 Clothes,6,CBSE,Class 1,Environmental Studies,Blue Planet (2023-24),,6,Active,
4393,Chapter 6 Clothes,6,CBSE,Class 1,Social Studies,Social Studies Success (2023-24),,6,Active,
4394,Chapter 6 Code Messages,6,CBSE,Class 5,General Aptitude,Know Your Aptitude,,6,Active,
4395,Chapter 6 Coding—Decoding,6,CBSE,Class 6,General Aptitude,Know Your Aptitude,,6,Active,
4396,Chapter 6 Combustion And flame,6,CBSE,Class 8,Science,NCERT Science,,6,Active,
4397,Chapter 6 Control and Coordination,6,CBSE,Class 10,Science,NCQRT Science,,6,Active,
4398,Chapter 6 Control Statements and Loops in QBASIC,6,CBSE,Class 7,Computer Science,Enter  A Complete Course in Computer Science,,6,Active,
4399,Chapter 6 Creating Tables in MS Word,6,CBSE,Class 5,Computer Science,Enter  A Complete Course in Computer Science,,6,Active,
4400,Chapter 6 Decimal Numbers,6,CBSE,Class 6,Mathematics,Mathematics Success (2023-24),,6,Active,
4401,Chapter 6 Decimal Numbers,6,CBSE,Class 6,Mathematics,Mathematics Success,,6,Active,
4402,Chapter 6 Decimals,6,CBSE,Class 5,Mathematics,Progress in Mathematics,,6,Active,
4403,"Chapter 6 East or West, Home is the Best",6,CBSE,Class 1,Social Studies,Social Studies  for Juniors,,6,Active,
4404,Chapter 6 Editing a Worksheet,6,CBSE,Class 6,Computer Science,Enter  A Complete Course in Computer Science,,6,Active,
4405,Chapter 6 Electrolysis,6,ICSE,Class 10,Chemistry,A New Approach to I.C.S.E. Chemistry,,6,Active,
4406,Chapter 6 Electrolysis,6,ICSE,Class 10,Chemistry,A New Approach to I.C.S.E. Chemistry (2023-24),,6,Active,
4407,Chapter 6 Electromagnet Waves And Spectrum,6,ICSE,Class 10,Physics,A New Approach to I.C.S.E. Physics (2023-24),,6,Active,
4408,Chapter 6 Energy And Power Resources,6,ICSE,Class 7,Geography,A Textbook of Geography (2023-24),,6,Active,
4409,Chapter 6 Factorization of Algebraic Expressions,6,CBSE,Class 8,Mathematics,Mathematics Success (2023-24),,6,Active,
4410,Chapter 6 Food and Health,6,CBSE,Class 2,Science,Science Success (2023-24),,6,Active,
4411,Chapter 6 Food from Plants,6,CBSE,Class 1,Science,Illustrative Science,,6,Active,
4412,Chapter 6 Food From Plants,6,CBSE,Class 1,Science,Science Success (2023-24),,6,Active,
4413,Chapter 6 Food We Eat,6,CBSE,Class 3,Social Studies,Illustrative Social Studies,,1,Inactive,
4414,Chapter 6 Food We Get from Plants,6,ICSE,Class 3,Science,Essential Science,,6,Active,
4415,Chapter 6 Food We Get from Plants,6,ICSE,Class 3,Science,Essential Science (2023-24),,6,Active,
4416,Chapter 6 Fractions,6,CBSE,Class 4,Mathematics,Mathematics Success (2023-24),,6,Active,
4417,Chapter 6 Fractions,6,CBSE,Class 3,Mathematics,Progress in Mathematics,,6,Active,
4418,Chapter 6 Fractions,6,CBSE,Class 4,Mathematics,Progress in Mathematics,,6,Active,
4419,Chapter 6 Functions in QBASIC,6,CBSE,Class 7,Computer Science,Exploring Computer Science,,6,Active,
4420,Chapter 6 Functions in QBASIC,6,CBSE,Class 7,Computer Science,Desktop My Book of Computer Science,,6,Active,
4421,Chapter 6 Geometrical Shapes,6,ICSE,Class 1,Mathematics,Foundation Mathematics,,6,Active,
4422,Chapter 6 Handling a Mouse,6,CBSE,Class 2,Computer Science,Enter  A Complete Course in Computer Science,,6,Active,
4423,Chapter 6 He or She,6,CBSE,Class 2,English Grammar,Step up English Grammar and Composition (For Acad. Year 2023-24),,6,Active,
4424,Chapter 6 Heat Transfer,6,ICSE,Class 8,Science,Learning Elementary Physics (2023-24),,6,Active,
4425,Chapter 6 Human Body : A Machine,6,CBSE,Class 3,Science,Learning Elementary Science (For Acad. Year 2023-24),,6,Active,
4426,"Chapter 6 I, We, You, He, She, It, They",6,CBSE,Class 1,English Grammar,Step up English Grammar and Composition (For Acad. Year 2023-24),,6,Active,
4427,Chapter 6 Improvement in Food Resources,6,CBSE,Class 9,Science,Gateway to Science Biology,,6,Active,
4428,Chapter 6 Indian Dresses,6,CBSE,Class 3,Social Studies,Social Studies Success (2023-24),,6,Active,
4429,Chapter 6 Integers,6,CBSE,Class 6,Mathematics,NCERT Mathematics,,6,Active,
4430,Chapter 6 Introduction to Flash,6,CBSE,Class 8,Computer Science,Exploring Computer Science,,6,Active,
4431,Chapter 6 Introduction to MS Paint,6,CBSE,Class 2,Computer Science,Desktop My Book of Computer Science,,6,Active,
4432,Chapter 6 Introduction to MS Word,6,CBSE,Class 4,Computer Science,Enter  A Complete Course in Computer Science,,6,Active,
4433,Chapter 6 Introduction to Visual Basic,6,CBSE,Class 8,Computer Science,Enter  A Complete Course in Computer Science,,6,Active,
4434,Chapter 6 Language And Literature,6,CBSE,Class 5,General Knowledge,General Knowledge Times,,6,Active,
4435,Chapter 6 Language And Literature,6,CBSE,Class 6,General Knowledge,General Knowledge Times,,6,Active,
4436,Chapter 6 Language And Literature,6,CBSE,Class 7,General Knowledge,General Knowledge Times,,6,Active,
4437,Chapter 6 Language And Literature,6,CBSE,Class 8,General Knowledge,General Knowledge Times,,6,Active,
4438,Chapter 6 Leaves and Flower,6,CBSE,Class 3,Social Studies,Illustrative Environmental Studies,,6,Active,
4439,Chapter 6 Leaves and Flower,6,CBSE,Class 3,Environmental Studies,Illustrative Environmental Studies,,6,Active,
4440,Chapter 6 Life Processes,6,CBSE,Class 10,Science,NCERT Science,,6,Active,
4441,Chapter 6 Life Skills,6,CBSE,Class 3,General Knowledge,General Knowledge Times,,6,Active,
4442,Chapter 6 Life Skills,6,CBSE,Class 4,General Knowledge,General Knowledge Times,,6,Active,
4443,Chapter 6 Lines and Angles,6,CBSE,Class 9,Mathematics,A Complete Course in Mathematics,,6,Active,
4444,Chapter 6 LOGO Primitives,6,CBSE,Class 4,Computer Science,Desktop My Book of Computer Science,,6,Active,
4445,Chapter 6 LOGO Primitives,6,CBSE,Class 4,Computer Science,Exploring Computer Science,,6,Active,
4446,Chapter 6 Magnetism,6,ICSE,Class 6,Science,Learning Elementary Physics (2023-24),,6,Active,
4447,Chapter 6 Makers of Our House,6,CBSE,Class 2,Social Studies,Social Studies  for Juniors,,6,Active,
4448,Chapter 6 Making New Friends At School,6,CBSE,Class 1,English,Stepping Stones,,6,Active,
4449,Chapter 6 Maps and Globes,6,CBSE,Class 5,Environmental Studies,Blue Planet (2023-24),,6,Active,
4450,Chapter 6 More about Division,6,CBSE,Class 3,Mathematics,Mathematics Success (2023-24),,6,Active,
4451,Chapter 6 More About Paint,6,CBSE,Class 3,Computer Science,Exploring Computer Science,,6,Active,
4452,Chapter 6 More About Wordpad,6,CBSE,Class 3,Computer Science,Enter  A Complete Course in Computer Science,,6,Active,
4453,Chapter 6 More Features of MS PowerPoint 2010,6,CBSE,Class 6,Computer Science,Exploring Computer Science,,6,Active,
4454,Chapter 6 More Features of MS PowerPoint 2010,6,CBSE,Class 6,Computer Science,Desktop My Book of Computer Science,,6,Active,
4455,Chapter 6 More Features of MS Word 2010,6,CBSE,Class 5,Computer Science,Desktop My Book of Computer Science,,6,Active,
4456,Chapter 6 More Features of MS Word 2010,6,CBSE,Class 5,Computer Science,Exploring Computer Science,,6,Active,
4457,Chapter 6 Multiplication,6,CBSE,Class 2,Mathematics,Progress in Mathematics,,6,Active,
4458,Chapter 6 Nervous System,6,ICSE,Class 7,Science,Learning Elementary Biology (2023-24),,6,Active,
4459,Chapter 6 Nouns,6,CBSE,Class 4,English Grammar,Step up English Grammar and Composition (For Acad. Year 2023-24),,6,Active,
4460,Chapter 6 Nouns: Gender,6,CBSE,Class 5,English Grammar,Step up English Grammar and Composition (For Acad. Year 2023-24),,6,Active,
4461,Chapter 6 Nouns: Singular and Plural,6,CBSE,Class 3,English Grammar,Step up English Grammar and Composition (For Acad. Year 2023-24),,6,Active,
4462,Chapter 6 Number up to 50,6,CBSE,Class 1,Mathematics,Progress in Mathematics,,6,Active,
4463,Chapter 6 Numbers up to 50,6,CBSE,Class 1,Mathematics,Mathematics Success (2023-24),,6,Active,
4464,Chapter 6 Our Dresses,6,CBSE,Class 3,Social Studies,Social Studies  for Juniors,,6,Active,
4465,Chapter 6 Our Government,6,ICSE,Class 5,Social Studies,Essential Social Studies for (2023-24),,6,Active,
4466,Chapter 6 Patterns,6,CBSE,Class 3,General Aptitude,Know Your Aptitude,,6,Active,
4467,Chapter 6 Patterns,6,CBSE,Class 4,General Aptitude,Know Your Aptitude,,6,Active,
4468,Chapter 6 Peter Learns a Lesson,6,CBSE,Class 3,Moral Science,The Mirror of Values,,6,Active,
4469,Chapter 6 Photosynthesis,6,ICSE,Class 10,Biology,A New Approach to I.C.S.E. Biology (2023-24),,6,Active,
4470,Chapter 6 Physical and Chemical Changes,6,CBSE,Class 7,Science,NCERT Science,,6,Active,
4471,Chapter 6 Plants in the Surroundings and Environment,6,ICSE,Class 4,Science,Essential Science (2023-24),,6,Active,
4472,Chapter 6 Plants in the Surroundings and Environment,6,ICSE,Class 4,Science,Essential Science,,6,Active,
4473,Chapter 6 Plants The Producers,6,CBSE,Class 4,Science,Science Success,,1,Active,
4474,Chapter 6 Problems On Quadratic Equations,6,ICSE,Class 10,Mathematics,I.C.S.E. Foundation Mathematics (2023-24),,6,Active,
4475,Chapter 6 Puzzle Time,6,CBSE,Class 7,General Aptitude,Know Your Aptitude,,6,Active,
4476,Chapter 6 Puzzle Time,6,CBSE,Class 8,General Aptitude,Know Your Aptitude,,6,Active,
4477,Chapter 6 Reproduction in Animals,6,CBSE,Class 8,Science,Science Success (2023-24),,6,Active,
4478,Chapter 6 Respect All,6,CBSE,Class 1,Moral Science,The Mirror of Values,,6,Active,
4479,Chapter 6 Respiration in Organisms,6,CBSE,Class 7,Science,Science Success (2023-24),,6,Active,
4480,Chapter 6 Rocks and Minerals,6,ICSE,Class 9,Geography,A Textbook of Geography (2023-24),,6,Active,
4481,Chapter 6 Rocks And Rock Cycle,6,ICSE,Class 9,Geography,A Textbook of Geography (2023-24),,6,Active,
4482,Chapter 6 Rohan Learns a Lesson,6,CBSE,Class 4,Moral Science,The Mirror of Values,,6,Active,
4483,Chapter 6 Rooms in a House,6,CBSE,Class 2,Social Studies,Social Studies Success (2023-24),,6,Active,
4484,Chapter 6 Safety and First Aid,6,CBSE,Class 5,Science,Learning Elementary Science (For Acad. Year 2023-24),,6,Active,
4485,Chapter 6 Saudi Arabia  The Land of Hot Sands,6,CBSE,Class 5,Social Studies,Social Studies  for Juniors,,6,Active,
4486,Chapter 6 Science And Technology,6,CBSE,Class 1,General Knowledge,General Knowledge Times,,6,Active,
4487,Chapter 6 Science And Technology,6,CBSE,Class 2,General Knowledge,General Knowledge Times,,6,Active,
4488,Chapter 6 Soil and Geographical Features,6,CBSE,Class 4,Social Studies,Illustrative Environmental Studies,,6,Active,
4489,"Chapter 6 Solids, Liquids and Gases",6,ICSE,Class 5,Science,Essential Science (2023-24),,6,Active,
4490,"Chapter 6 Solids, Liquids and Gases",6,ICSE,Class 5,Science,Essential Science,,6,Active,
4491,Chapter 6 Sound,6,ICSE,Class 7,Science,Learning Elementary Physics (2023-24),,6,Active,
4492,Chapter 6 Squares and Square Roots,6,CBSE,Class 8,Mathematics,NCERT Mathematics,,6,Active,
4493,Chapter 6 Storage Devices,6,CBSE,Class 1,Computer Science,Enter  A Complete Course in Computer Science,,6,Active,
4494,Chapter 6 Study Of Continents,6,ICSE,Class 6,Geography,A Textbook of Geography (2023-24),,6,Active,
4495,Chapter 6 Sustainable Management of Natural Resources,6,CBSE,Class 10,Science,Gateway to Science Biology,,6,Active,
4496,Chapter 6 Teeth and Microbes,6,CBSE,Class 4,Science,Learning Elementary Science (For Acad. Year 2023-24),,6,Active,
4497,Chapter 6 Teeth and Microbes,6,CBSE,Class 4,Science,Learning Elementary Science (For Acad. Year 2023-24),,6,Active,
4498,Chapter 6 The Adjective Kinds Of Adjectives,6,CBSE,Class 5,English,Elementary English Grammar and Composition,,6,Active,
4499,Chapter 6 The Autobiography of a Mirror,6,CBSE,Class 4,English,Stepping Stones,,6,Active,
4500,Chapter 6 The Coastal Plains and Island of India,6,CBSE,Class 4,Social Studies,Social Studies  for Juniors,,6,Active,
4501,Chapter 6 The Coastal Plains And Islands,6,CBSE,Class 4,Social Studies,Essential Social Studies for (2023-24),,6,Active,
4502,Chapter 6 The Coastal Plains And Islands,6,CBSE,Class 4,Social Studies,Social Studies Success (2023-24),,6,Active,
4503,Chapter 6 The Daffodils,6,CBSE,Class 7,English,Stepping Stones,,6,Active,
4504,Chapter 6 The Four Domains of the Earth,6,ICSE,Class 4,Social Studies,Essential Social Studies for (2023-24),,6,Active,
4505,Chapter 6 The Living Organisms,6,CBSE,Class 6,Science,Science Success (2023-24),,6,Active,
4506,Chapter 6 The Magic Lamp,6,CBSE,Class 3,English,Get Smart A Multi-skill English Course,,6,Active,
4507,Chapter 6 The Runaway Pancake,6,CBSE,Class 2,English,Stepping Stones,,6,Active,
4508,Chapter 6 The Song of the Engine,6,CBSE,Class 2,Moral Science,The Mirror of Values,,6,Active,
4509,Chapter 6 The Southern Plateaus,6,CBSE,Class 4,Social Studies,Illustrative Social Studies,,6,Active,
4510,Chapter 6 The Story of Willma Rundolph,6,CBSE,Class 5,Moral Science,The Mirror of Values,,6,Active,
4511,Chapter 6 The Triangle and its Properties,6,CBSE,Class 7,Mathematics,NCERT Mathematics,,6,Active,
4512,Chapter 6 The Village Without Doors,6,CBSE,Class 8,English,Stepping Stones,,6,Active,
4513,Chapter 6 Time to Dress up,6,CBSE,Class 2,Environmental Studies,Blue Planet (2023-24),,6,Active,
4514,Chapter 6 Tissues,6,CBSE,Class 9,Science,NCQRT Science,,6,Active,
4515,Chapter 6 Tissues,6,CBSE,Class 9,Science,NCERT Science,,6,Active,
4516,Chapter 6 To The Headmaster,6,CBSE,Class 6,English,Stepping Stones,,6,Active,
4517,Chapter 6 Triangles,6,CBSE,Class 10,Mathematics,A Complete Course in Mathematics,,6,Active,
4518,Chapter 6 Weather and Adaptations,6,CBSE,Class 5,Environmental Studies,Illustrative Environmental Studies,,6,Active,
4519,Chapter 6 Weather and Climate,6,CBSE,Class 5,Social Studies,Illustrative Social Studies,,6,Active,
4520,Chapter 6 अनमोल दोहे,6,CBSE,Class 5,Hindi,Nikunj Hindi Pathmala,,1,Active,
4521,Chapter 6 ऋ,6,CBSE,Class 1,Hindi,Nootan Saral Hindi Mala,,1,Active,
4522,Chapter 6 ऋ (ृ),6,CBSE,Class 1,Hindi,Nikunj Hindi Pathmala,,1,Active,
4523,Chapter 6 ऋ (ृ),6,CBSE,Class 1,Hindi,Nikunj Hindi Pathmala (2023-24),,6,Active,
4524,Chapter 6 चाँद और सूरज,6,CBSE,Class 4,Hindi,Nikunj Hindi Pathmala,,1,Active,
4525,Chapter 6 चिड़िया की बच्ची,6,CBSE,Class 4,Hindi,Nootan Saral Hindi Mala,,1,Active,
4526,Chapter 6 चिड़िया की बच्ची,6,CBSE,Class 4,Hindi,Nikunj Hindi Pathmala,,1,Active,
4527,Chapter 6 चौपाल फलो की,6,CBSE,Class 4,Hindi,Nikunj Hindi Pathmala (2023-24),,6,Active,
4528,Chapter 6 जलाओ दिये,6,CBSE,Class 8,Hindi,Nikunj Hindi Pathmala,,1,Active,
4529,Chapter 6 बगुले की बुद्धिमानी,6,CBSE,Class 2,Hindi,Nootan Saral Hindi Mala,,1,Active,
4530,Chapter 6 बूँद बूँद बचाओ,6,CBSE,Class 3,Hindi,Nikunj Hindi Pathmala,,1,Active,
4531,Chapter 6 मुरगा और लोमड़,6,CBSE,Class 2,Hindi,Nikunj Hindi Pathmala,,1,Active,
4532,Chapter 6 मुरगा बोला,6,CBSE,Class 2,Hindi,Nikunj Hindi Pathmala (2023-24),,6,Active,
4533,Chapter 6 रौशनी,6,CBSE,Class 7,Hindi,Nikunj Hindi Pathmala,,1,Active,
4534,Chapter 6 वचन,6,CBSE,Class 3,Hindi,Naveen Hindi Vyavaharik Vyakaran Tatha Rachna,,6,Active,
4535,Chapter 6 विशेषण,6,CBSE,Class 5,Hindi,Naveen Hindi Vyavaharik Vyakaran Tatha Rachna,,6,Active,
4536,Chapter 6 विशेषता बताने वाले शब्द,6,CBSE,Class 1,Hindi,Naveen Hindi Vyavaharik Vyakaran Tatha Rachna,,6,Active,
4537,Chapter 6 वे तीन दिन,6,CBSE,Class 6,Hindi,Nikunj Hindi Pathmala,,1,Active,
4538,Chapter 6 शब्द निर्माण : उपसर्ग,6,CBSE,Class 7,Hindi,Naveen Hindi Vyavaharik Vyakaran Tatha Rachna,,6,Active,
4539,Chapter 6 शब्द रचना: उपसर्ग,6,CBSE,Class 6,Hindi,Naveen Hindi Vyavaharik Vyakaran Tatha Rachna,,6,Active,
4540,Chapter 6 शर्मीली का सफ़र,6,CBSE,Class 3,Hindi,Nikunj Hindi Pathmala,,1,Active,
4541,Chapter 6 शर्मीली का सफ़र,6,CBSE,Class 3,Hindi,Nootan Saral Hindi Mala,,1,Active,
4542,Chapter 6 संयुक्त व्यंजन का अभ्यास,6,CBSE,Class 2,Hindi,Naveen Hindi Vyavaharik Vyakaran Tatha Rachna,,6,Active,
4543,Chapter 6 संसार पुस्तक है,6,CBSE,Class 5,Hindi,Nikunj Hindi Pathmala (2023-24),,6,Active,
4544,Chapter 6 सोनाली का पत्र,6,CBSE,Class 3,Hindi,Nikunj Hindi Pathmala (2023-24),,6,Active,
4545,Chapter 6 આસમાની રંગની ચૂંદડી રે...,6,CBSE,Class 7,Gujarati,Meghdhanush,,6,Active,
4546,Chapter 6 ચતુર બકરીની વાર્તા,6,CBSE,Class 2,Gujarati,Meghdhanush,,6,Active,
4547,Chapter 6 યમરાજનું તેડું,6,CBSE,Class 6,Gujarati,Meghdhanush,,6,Active,
4548,Chapter 6 રક્ષાબંધન,6,CBSE,Class 3,Gujarati,Meghdhanush,,6,Active,
4549,Chapter 6 સાચી મિત્રતા,6,CBSE,Class 4,Gujarati,Meghdhanush,,6,Active,
4550,Chapter 6 સૈનિક,6,CBSE,Class 5,Gujarati,Meghdhanush,,6,Active,
4551,Chapter 6 હિંમત કરવાવાળાની હાર નથી થતી,6,CBSE,Class 8,Gujarati,Meghdhanush,,6,Active,
4552,Chapter 6_Introduction to Flash,6,CBSE,Class 8,Computer Science,Desktop My Book of Computer Science,,6,Active,
4553,Chapter 6_More About Paint,6,CBSE,Class 3,Computer Science,Desktop My Book of Computer Science,,6,Active,
4554,Chapter 6_Uses of Computers,6,CBSE,Class 2,Computer Science,Exploring Computer Science,,6,Active,
4555,Chapter 6 Addition and Subtraction of Bigger Numbers,6,CBSE,Class 2,Mathematics,Illustrative Mathematics,,6,Active,
4556,Chapter 6 Basic Geometrica I Concepts,6,CBSE,Class 5,Mathematics,Illustrative Mathematics,,6,Active,
4557,Chapter 6 Clothes,6,CBSE,Class 1,Environmental Studies,Illustrative Environmental Studies,,6,Active,
4558,Chapter 6 Clothes,6,CBSE,Class 1,Social Studies,Illustrative Social Studies,,6,Active,
4559,Chapter 6 Food and Health,6,CBSE,Class 2,Science,Illustrative Science,,6,Active,
4560,Chapter 6 Food and Health,6,CBSE,Class 5,Science,Illustrative Science,,6,Active,
4561,"Chapter 6 Food, and Feeding Habits of Animals",6,CBSE,Class 3,Science,Illustrative Science,,6,Active,
4562,Chapter 6 Fractions,6,CBSE,Class 4,Mathematics,Illustrative Mathematics,,6,Active,
4563,Chapter 6 More About Division,6,CBSE,Class 3,Mathematics,Illustrative Mathematics,,6,Active,
4564,Chapter 6 Numbers up to 50,6,CBSE,Class 1,Mathematics,Illustrative Mathematics,,6,Active,
4565,Chapter 6 Soil and Geographical Features,6,CBSE,Class 4,Environmental Studies,Illustrative Environmental Studies,,6,Active,
4566,"Chapter 6 The Food Journey: Farming, Farmers and, Animal Diets",6,CBSE,Class 4,Science,Illustrative Science,,6,Active,
4567,Chapter 6 Time to Dress up,6,CBSE,Class 2,Environmental Studies,Illustrative Environmental Studies,,6,Active,
4568,Chapter 6: Geometrical Shapes,6,ICSE,Class 1,Mathematics,Foundation Mathematics (2023-24),,6,Active,
4569,Chapter 6: Money,6,ICSE,Class 2,Mathematics,Foundation Mathematics (2023-24),,6,Active,
4570,Chapter 6.  Adjectives (Describing Words),6,CBSE,Class 2,English,Elementary English Grammar and Composition,,6,Active,
4571,Chapter 6.  HCF and LC.M,6,ICSE,Class 5,Mathematics,Foundation Mathematics,,6,Active,
4572,Chapter 6. Algebraic Expressions and Identities,6,CBSE,Class 8,Mathematics,Exploring Mathematics,,6,Active,
4573,Chapter 6. Families and Families,6,CBSE,Class 3,Environmental Studies,Blue Planet,,6,Active,
4574,Chapter 6. Formulas and Functions in Excel 2016,6,CBSE,Class 6,Computer Science,Computer Science Success,,6,Active,
4575,Chapter 6. HCF and LCM,6,ICSE,Class 5,Mathematics,Foundation Mathematics (2023-24),,6,Active,
4576,Chapter 6. More about Division,6,CBSE,Class 3,Mathematics,Mathematics Success,,6,Active,
4577,Chapter 6. Multiplication,6,ICSE,Class 4,Mathematics,Foundation Mathematics (2023-24),,6,Active,
4578,"Chapter 6. Rise of Janapadas, Mahajanapadas and Kingdoms",6,CBSE,Class 6,Social Science,A Text Book of Social Sciences,,6,Active,
4579,Chapter 6. Addition and Subtraction of Bigger Numbers,6,CBSE,Class 2,Mathematics,Mathematics Success,,6,Active,
4580,Chapter 6. Advanced Features of Open Office Writer,6,CBSE,Class 4,Computer Science,Fun with Linux,,6,Active,
4581,Chapter 6. Algebraic Expressions,6,CBSE,Class 7,Mathematics,Exploring Mathematics,,6,Active,
4582,Chapter 6. An Introduction to Scratch Programming,6,ICSE,Class 5,Computer Science,My Book of Computer Studies,,6,Active,
4583,Chapter 6. Animals and Their Babies,6,CBSE,Class 1,English,Elementary English Grammar and Composition,,6,Active,
4584,"Chapter 6. Architecture as Power : The Forts and Sacred Places, Rulers and Buildings",6,CBSE,Class 7,Social Science,A Text Book of Social Sciences,,6,Active,
4585,Chapter 6. Basic Geometrical Concepts,6,CBSE,Class 5,Mathematics,Mathematics Success,,6,Active,
4586,Chapter 6. Bones and Muscles,6,CBSE,Class 2,Science,Learning Elementary Science (For Acad. Year 2023-24),,6,Active,
4587,Chapter 6. Changes around Us,6,CBSE,Class 6,Science,Learning Elementary Science,,6,Active,
4588,Chapter 6. Circulatory System,6,ICSE,Class 6,Biology,Learning Elementary Biology,,6,Active,
4589,Chapter 6. Circulatory System,6,ICSE,Class 8,Biology,Learning Elementary Biology,,6,Active,
4590,Chapter 6. Clothes,6,CBSE,Class 1,Environmental Studies,Blue Planet,,6,Active,
4591,Chapter 6. Colonialism and Urban Change,6,CBSE,Class 8,Social Science,A Text Book of Social Sciences,,6,Active,
4592,Chapter 6. Combustion and Flame,6,CBSE,Class 8,Science,Learning Elementary Science,,6,Active,
4593,Chapter 6. Computer Fundamentals and Devices,6,CBSE,Class 3,Computer Science,Computer Science Success,,6,Active,
4594,Chapter 6. Computer Keyboard,6,ICSE,Class 1,Computer Science,My Book of Computer Studies,,6,Active,
4595,Chapter 6. Decimals,6,CBSE,Class 5,Mathematics,Exploring Mathematics,,6,Active,
4596,Chapter 6. Decimals,6,CBSE,Class 6,Mathematics,Exploring Mathematics,,6,Active,
4597,Chapter 6. Factors and Multiples,6,CBSE,Class 5,Mathematics,Star Maths,,6,Active,
4598,Chapter 6. Families and Families,6,CBSE,Class 3,Environmental Studies,Blue Planet (2023-24),,6,Active,
4599,Chapter 6. Food and Health,6,CBSE,Class 2,Science,Science Success,,6,Active,
4600,Chapter 6. Food for Health,6,CBSE,Class 2,Science,Learning Elementary Science,,6,Active,
4601,Chapter 6. Formatting Presentation,6,CBSE,Class 5,Computer Science,Computer Science Success,,6,Active,
4602,Chapter 6. Formatting Text in Open Office Writer,6,CBSE,Class 3,Computer Science,Fun with Linux,,6,Active,
4603,Chapter 6. Fractions,6,CBSE,Class 3,Mathematics,Exploring Mathematics,,6,Active,
4604,Chapter 6. Fractions,6,CBSE,Class 4,Mathematics,Exploring Mathematics,,6,Active,
4605,Chapter 6. Fractions,6,CBSE,Class 4,Mathematics,Mathematics Success,,6,Active,
4606,Chapter 6. Fractions,6,CBSE,Class 3,Mathematics,Star Maths,,6,Active,
4607,Chapter 6. Friction,6,CBSE,Class 8,Science,Science Success,,6,Active,
4608,Chapter 6. Fruits Around the World,6,CBSE,Class 2,General Knowledge,General Knowledge Times (2023-24),,6,Active,
4609,Chapter 6. Functions in QBASIC,6,CBSE,Class 7,Computer Science,Computer Science Success,,6,Active,
4610,Chapter 6. Grandfather's Farm,6,CBSE,Class 1,English,Get Smart A Multi-skill English Course,,6,Active,
4611,Chapter 6. Green Friends,6,CBSE,Class 1,General Knowledge,General Knowledge Times (2023-24),,6,Active,
4612,Chapter 6. Handling a Mouse,6,CBSE,Class 2,Computer Science,Computer Science Success,,6,Active,
4613,Chapter 6. Handling a Mouse,6,CBSE,Class 2,Computer Science,Fun with Linux,,6,Active,
4614,Chapter 6. Heat and Energy,6,ICSE,Class 9,Physics,A New Approach to I.C.S.E. Physics (2023-24),,6,Active,
4615,Chapter 6. Housing And Clothing,6,CBSE,Class 3,Science,Science Success (2023-24),,6,Active,
4616,Chapter 6. Human Teeth And Digestive System,6,CBSE,Class 4,Science,Science Success (2023-24),,6,Active,
4617,Chapter 6. Introduction to BASIC Language,6,CBSE,Class 6,Computer Science,Fun with Linux,,6,Active,
4618,Chapter 6. Introduction to Bluefish,6,CBSE,Class 8,Computer Science,Fun with Linux,,6,Active,
4619,Chapter 6. Introduction to C++,6,ICSE,Class 8,Computer Science,My Book of Computer Studies,,6,Active,
4620,Chapter 6. Introduction to MS Excel,6,ICSE,Class 7,Computer Science,My Book of Computer Studies,,6,Active,
4621,Chapter 6. Introduction to MS PowerPoint 2016,6,CBSE,Class 4,Computer Science,Computer Science Success,,6,Active,
4622,Chapter 6. Introduction to Paint,6,ICSE,Class 2,Computer Science,My Book of Computer Studies,,6,Active,
4623,Chapter 6. Introduction to Pencil,6,CBSE,Class 7,Computer Science,Fun with Linux,,6,Active,
4624,Chapter 6. Knowing Our Body and Our Needs,6,CBSE,Class 1,Science,Learning Elementary Science (For Acad. Year 2023-24),,6,Active,
4625,Chapter 6. Lines And Angles,6,CBSE,Class 9,Mathematics,NCQRT Mathematics,,6,Active,
4626,Chapter 6. Lines And Angles,6,CBSE,Class 9,Mathematics,NCERT Mathematics,,6,Active,
4627,Chapter 6. Living and Non Living Things,6,CBSE,Class 3,Science,Science Success,,6,Active,
4628,Chapter 6. Magnetism,6,ICSE,Class 6,Physics,Learning Elementary Physics,,6,Active,
4629,Chapter 6. Maps and Globes,6,CBSE,Class 5,Environmental Studies,Blue Planet,,6,Active,
4630,Chapter 6. Measurement,6,CBSE,Class 2,Mathematics,Star Maths,,6,Active,
4631,Chapter 6. Money,6,ICSE,Class 3,Mathematics,Foundation Mathematics,,6,Active,
4632,Chapter 6. Money,6,ICSE,Class 3,Mathematics,Foundation Mathematics (2023-24),,6,Active,
4633,Chapter 6. More on Internet,6,ICSE,Class 3,Computer Science,My Book of Computer Studies,,6,Active,
4634,Chapter 6. More Tags of HTML,6,CBSE,Class 8,Computer Science,Computer Science Success,,6,Active,
4635,Chapter 6. Motion and Measurement of Distances,6,CBSE,Class 6,Science,Science Success,,6,Active,
4636,Chapter 6. Multiples and Factors,6,CBSE,Class 4,Mathematics,Star Maths,,6,Active,
4637,Chapter 6. Multiplication,6,ICSE,Class 4,Mathematics,Foundation Mathematics,,6,Active,
4638,Chapter 6. Multiplication Concepts,6,CBSE,Class 2,Mathematics,Exploring Mathematics,,6,Active,
4639,Chapter 6. Natural Vegetation,6,ICSE,Class 10,Geography,A Textbook of Geography (2023-24),,6,Active,
4640,Chapter 6. Nervous System,6,ICSE,Class 7,Biology,Learning Elementary Biology,,6,Active,
4641,Chapter 6. Nervous System and Sense Organs,6,CBSE,Class 5,Science,Learning Elementary Science,,6,Active,
4642,Chapter 6. Nouns: Case,6,CBSE,Class 6,English Grammar,Step up English Grammar and Composition (For Acad. Year 2023-24),,6,Active,
4643,Chapter 6. Numbers up to 50,6,CBSE,Class 1,Mathematics,Exploring Mathematics,,6,Active,
4644,Chapter 6. Numbers up to 50,6,CBSE,Class 1,Mathematics,Mathematics Success,,6,Active,
4645,Chapter 6. Our Community,6,CBSE,Class 4,Environmental Studies,Blue Planet (2023-24),,6,Active,
4646,Chapter 6. Our Community,6,CBSE,Class 4,Environmental Studies,Blue Planet,,6,Active,
4647,Chapter 6. Our Needs,6,CBSE,Class 1,Science,Learning Elementary Science,,6,Active,
4648,Chapter 6. Percentage,6,ICSE,Class 8,Mathematics,Foundation Mathematics (2023-24),,6,Active,
4649,Chapter 6. Photosynthesis,6,ICSE,Class 10,Biology,A New Approach to ICSE Biology,,6,Active,
4650,Chapter 6. Physical and Chemical Changes,6,CBSE,Class 7,Science,Science Success,,6,Active,
4651,Chapter 6. Physical and Chemical changes,6,CBSE,Class 7,Science,Learning Elementary Science,,6,Active,
4652,Chapter 6. Plants The Producers,6,CBSE,Class 4,Science,Science Success,,6,Active,
4653,Chapter 6. Playing with Numbers,6,ICSE,Class 6,Mathematics,Foundation Mathematics,,6,Active,
4654,Chapter 6. Playing with Numbers,6,ICSE,Class 6,Mathematics,Foundation Mathematics,,6,Active,
4655,Chapter 6. Playing with Numbers,6,ICSE,Class 6,Mathematics,Foundation Mathematics (2023-24),,6,Active,
4656,Chapter 6. Population,6,CBSE,Class 9,Geography,NCQRT Geography,,6,Active,
4657,Chapter 6. Presentation Software An Introduction,6,ICSE,Class 4,Computer Science,My Book of Computer Studies,,6,Active,
4658,Chapter 6. Programming with Logo,6,CBSE,Class 5,Computer Science,Fun with Linux,,6,Active,
4659,Chapter 6. Questions at Night,6,CBSE,Class 2,English,Get Smart A Multi-skill English Course,,6,Active,
4660,Chapter 6. Reproduction in Animals,6,CBSE,Class 8,Science,Learning Elementary Science (For Acad. Year 2023-24),,6,Active,
4661,Chapter 6. Respiration in Organism,6,CBSE,Class 7,Science,Learning Elementary Science (For Acad. Year 2023-24),,6,Active,
4662,Chapter 6. Safety And First Aid,6,CBSE,Class 5,Science,Science Success (2023-24),,6,Active,
4663,Chapter 6. Saudi Arabia : The Land Of Sand,6,CBSE,Class 5,Social Studies,Social Studies Success (2023-24),,6,Active,
4664,"Chapter 6. Seed : Structure, Types and Germination",6,ICSE,Class 9,Biology,A New Approach to I.C.S.E. Biology (2023-24),,6,Active,
4665,Chapter 6. Sets,6,ICSE,Class 7,Mathematics,Foundation Mathematics (2023-24),,6,Active,
4666,Chapter 6. Shadows,6,CBSE,Class 1,General Aptitude,Know Your Aptitude,,6,Active,
4667,Chapter 6. Shadows,6,CBSE,Class 2,General Aptitude,Know Your Aptitude,,6,Active,
4668,Chapter 6. Sound,6,CBSE,Class 9,Science,Gateway to Science Physics,,6,Active,
4669,Chapter 6. Storage Devices,6,CBSE,Class 1,Computer Science,Computer Science Success,,6,Active,
4670,Chapter 6. Storage Devices,6,CBSE,Class 1,Computer Science,Fun with Linux,,6,Active,
4671,Chapter 6. Study of the First Element  Hydrogen,6,ICSE,Class 9,Chemistry,A New Approach to I.C.S.E. Chemistry (2023-24),,6,Active,
4672,Chapter 6. Teeth and Microbes,6,CBSE,Class 4,Science,Learning Elementary Science,,6,Active,
4673,Chapter 6. The Adverb Kinds Of Adverbs,6,CBSE,Class 4,English,Elementary English Grammar and Composition,,6,Active,
4674,Chapter 6. The Living Organisms and Their Surroundings,6,CBSE,Class 6,Science,Learning Elementary Science (For Acad. Year 2023-24),,6,Active,
4675,Chapter 6. Time,6,CBSE,Class 1,Mathematics,Star Maths,,6,Active,
4676,Chapter 6. Time to Dress up,6,CBSE,Class 2,Environmental Studies,Blue Planet,,6,Active,
4677,Chapter 6. Triangles,6,CBSE,Class 10,Mathematics,NCQRT Mathematics,,6,Active,
4678,Chapter 6. Triangles,6,CBSE,Class 10,Mathematics,NCERT Mathematics,,6,Active,
4679,Chapter 6. Verbs: Conditionals,6,CBSE,Class 8,English Grammar,Step up English Grammar and Composition (For Acad. Year 2023-24),,6,Active,
4680,Chapter 6. Word Processor Mail Merge,6,ICSE,Class 6,Computer Science,My Book of Computer Studies,,6,Active,
4681,Chapter 6. ऊँचाई,6,CBSE,Class 7,Hindi,Nootan Saral Hindi Mala,,6,Active,
4682,Chapter 6. ए और ऐ की मात्राएँ,6,CBSE,Class 1,Hindi,Bal Bhasha Bharti,,6,Active,
4683,Chapter 6. प्रभु का पेटदर्द,6,CBSE,Class 5,Hindi,Nootan Saral Hindi Mala,,6,Active,
4684,Chapter 6. प्रायश्चित,6,CBSE,Class 6,Hindi,Nootan Saral Hindi Mala,,6,Active,
4685,Chapter 6. भोलाराम का जीव,6,CBSE,Class 8,Hindi,Nootan Saral Hindi Mala,,6,Active,
4686,"Chapter 6.Rocks, Soils and Minerals",6,CBSE,Class 3,Science,Learning Elementary Science,,6,Active,
4687,Chapter 6.कुएं का पानी,6,CBSE,Class 3,Hindi,Bal Bhasha Bharti,,6,Active,
4688,Chapter 6.गुरुदेव,6,CBSE,Class 5,Hindi,Bal Bhasha Bharti,,6,Active,
4689,Chapter 6.तुलादान,6,CBSE,Class 4,Hindi,Bal Bhasha Bharti,,6,Active,
4690,Chapter 6.बहन का उपहार,6,CBSE,Class 2,Hindi,Bal Bhasha Bharti,,6,Active,
4691,Chapter 7 Geometrical Shapes,7,ICSE,Class 2,Mathematics,Foundation Mathematics,,7,Active,
4692,Chapter 7 Measurement of Length,7,ICSE,Class 1,Mathematics,Foundation Mathematics,,7,Active,
4693,Chapter 7 प्रत्यय,7,CBSE,Class 8,Hindi,Naveen Hindi Vyavaharik Vyakaran Tatha Rachna,,7,Active,
4694,Chapter 7 सर्वनाम,7,CBSE,Class 3,Hindi,Naveen Hindi Vyavaharik Vyakaran Tatha Rachna,,7,Active,
4695,Chapter 7 हमारे त्योहार,7,CBSE,Class 2,Hindi,Nootan Saral Hindi Mala,,1,Active,
4696,Chapter 7 : Electricity and Magnetism,7,ICSE,Class 7,Physics,Learning Elementary Physics,,1,Active,
4697,Chapter 7 : Jantar Mantar — Astronomical Wonder,2,CBSE,Class 5,General Knowledge,General Knowledge Times (2023-24),,2,Active,
4698,Chapter 7 : Logarithms,7,ICSE,Class 9,Mathematics,I.C.S.E. Foundation Mathematics (2023-24),,7,Active,
4699,Chapter 7 : Our Festivals,7,CBSE,Class 3,Social Studies,Social Studies Success,,1,Active,
4700,Chapter 7 : Prairies : The Grasslands,7,CBSE,Class 5,Social Studies,Social Studies Success,,1,Active,
4701,"Chapter 7 : Profit & Loss, Discount & Tax",7,ICSE,Class 8,Mathematics,Foundation Mathematics,,7,Active,
4702,Chapter 7 : Ratio and proportion,7,ICSE,Class 7,Mathematics,Foundation Mathematics,,7,Active,
4703,Chapter 7 : Safety Rules,7,CBSE,Class 1,Social Studies,Social Studies Success,,1,Active,
4704,Chapter 7 : Services in My Neighbourhood,7,CBSE,Class 2,Social Studies,Social Studies Success,,1,Active,
4705,Chapter 7 : Sound,7,ICSE,Class 8,Physics,Learning Elementary Physics,,1,Active,
4706,Chapter 7 : The Climate of India,7,CBSE,Class 4,Social Studies,Social Studies Success,,1,Active,
4707,Chapter 7 A Family picnic,7,CBSE,Class 2,English,Stepping Stones,,7,Active,
4708,Chapter 7 A Gift,7,CBSE,Class 1,Moral Science,The Mirror of Values,,7,Active,
4709,"Chapter 7 A, An, The",7,CBSE,Class 1,English Grammar,Step up English Grammar and Composition (For Acad. Year 2023-24),,7,Active,
4710,Chapter 7 Adaptations in Plants,7,CBSE,Class 4,Science,Science Success,,1,Active,
4711,Chapter 7 Air,7,ICSE,Class 4,Science,Essential Science (2023-24),,7,Active,
4712,Chapter 7 Air,7,ICSE,Class 4,Science,Essential Science,,7,Active,
4713,Chapter 7 Air and Water,7,CBSE,Class 1,Environmental Studies,Blue Planet (2023-24),,7,Active,
4714,Chapter 7 Air and Water,7,CBSE,Class 2,Environmental Studies,Blue Planet (2023-24),,7,Active,
4715,Chapter 7 Algorithms And Flowchart,7,CBSE,Class 6,Computer Science,Exploring Computer Science,,7,Active,
4716,Chapter 7 Algorithms And Flowchart,7,CBSE,Class 6,Computer Science,Desktop My Book of Computer Science,,7,Active,
4717,Chapter 7 Algorithms and Flowcharts,7,CBSE,Class 6,Computer Science,Enter  A Complete Course in Computer Science,,7,Active,
4718,Chapter 7 Ali Baba & The Forty Thieves,7,CBSE,Class 3,English,Stepping Stones,,7,Active,
4719,Chapter 7 Allergy,7,ICSE,Class 7,Science,Learning Elementary Biology (2023-24),,7,Active,
4720,"Chapter 7 Asia: Climate, Natural Vegetation And Wildlife",7,ICSE,Class 8,Geography,A Textbook of Geography (2023-24),,7,Active,
4721,Chapter 7 Be Single Minded,7,CBSE,Class 4,Moral Science,The Mirror of Values,,7,Active,
4722,Chapter 7 Chemical Coordination in Plants,7,ICSE,Class 10,Biology,A New Approach to I.C.S.E. Biology (2023-24),,7,Active,
4723,Chapter 7 Child Labour,7,CBSE,Class 8,English,Stepping Stones,,7,Active,
4724,Chapter 7 Coding—Decoding,7,CBSE,Class 7,General Aptitude,Know Your Aptitude,,7,Active,
4725,Chapter 7 Coding—Decoding,7,CBSE,Class 8,General Aptitude,Know Your Aptitude,,7,Active,
4726,Chapter 7 Congruence of Triangles,7,CBSE,Class 7,Mathematics,NCERT Mathematics,,7,Active,
4727,Chapter 7 Conservation Of Plants And Animals,7,CBSE,Class 8,Science,NCERT Science,,7,Active,
4728,Chapter 7 Control and Coordination,7,CBSE,Class 10,Science,NCERT Science,,7,Active,
4729,Chapter 7 Coordinate Geometry,7,CBSE,Class 10,Mathematics,A Complete Course in Mathematics,,7,Active,
4730,Chapter 7 Cubes and Cube Roots,7,CBSE,Class 8,Mathematics,NCERT Mathematics,,7,Active,
4731,Chapter 7 Culture Community and Clothes,7,CBSE,Class 4,Social Studies,Illustrative Environmental Studies,,7,Active,
4732,Chapter 7 Decimals,7,CBSE,Class 4,Mathematics,Progress in Mathematics,,7,Active,
4733,Chapter 7 Discover India,7,CBSE,Class 1,General Knowledge,General Knowledge Times,,7,Active,
4734,Chapter 7 Discover India,7,CBSE,Class 2,General Knowledge,General Knowledge Times,,7,Active,
4735,Chapter 7 Diversity In Living Organisms,7,CBSE,Class 9,Science,NCERT Science,,7,Active,
4736,Chapter 7 Dussehra and Durga Fuja,7,CBSE,Class 5,English,Stepping Stones,,7,Active,
4737,Chapter 7 Education is Important,7,CBSE,Class 3,Moral Science,The Mirror of Values,,7,Active,
4738,Chapter 7 Electricity And Magnetism,7,ICSE,Class 7,Science,Learning Elementary Physics (2023-24),,7,Active,
4739,"Chapter 7 Europe  Location, Political Divisions And Physical Features",7,ICSE,Class 7,Geography,A Textbook of Geography (2023-24),,7,Active,
4740,Chapter 7 Factorisation,7,CBSE,Class 8,Mathematics,Progress in Mathematics,,7,Active,
4741,Chapter 7 Factorization of Algebraic Expressions,7,CBSE,Class 8,Mathematics,Mathematics Success,,7,Active,
4742,Chapter 7 Food and Homes of Animals,7,CBSE,Class 1,Science,Illustrative Science,,7,Active,
4743,Chapter 7 Food and Homes of Animals,7,CBSE,Class 1,Science,Science Success (2023-24),,7,Active,
4744,Chapter 7 Formatting and Editing in MS Word 2010,7,CBSE,Class 5,Computer Science,Desktop My Book of Computer Science,,7,Active,
4745,Chapter 7 Formatting and Editing in MS Word 2010,7,CBSE,Class 5,Computer Science,Exploring Computer Science,,7,Active,
4746,Chapter 7 Fractions,7,CBSE,Class 6,Mathematics,NCERT Mathematics,,7,Active,
4747,Chapter 7 Fractions,7,CBSE,Class 3,Mathematics,Mathematics Success (2023-24),,7,Active,
4748,Chapter 7 Geometrical Shapes,7,CBSE,Class 3,Mathematics,Progress in Mathematics,,7,Active,
4749,Chapter 7 Geometry,7,CBSE,Class 4,Mathematics,Mathematics Success (2023-24),,7,Active,
4750,Chapter 7 Getting To Know Plants,7,CBSE,Class 6,Science,NCERT Science,,7,Active,
4751,Chapter 7 Health and Hygiene,7,ICSE,Class 6,Science,Learning Elementary Biology (2023-24),,7,Active,
4752,Chapter 7 Health And Hygiene,7,ICSE,Class 8,Science,Learning Elementary Biology (2023-24),,7,Active,
4753,Chapter 7 Housing and Clothing,7,CBSE,Class 2,Science,Science Success (2023-24),,7,Active,
4754,Chapter 7 How do Organisms Reproduce?,7,CBSE,Class 10,Science,NCQRT Science,,7,Active,
4755,Chapter 7 How To Count,7,CBSE,Class 1,English,Stepping Stones,,7,Active,
4756,Chapter 7 HTML,7,CBSE,Class 7,Computer Science,Enter  A Complete Course in Computer Science,,7,Active,
4757,Chapter 7 Hydrogen,7,ICSE,Class 8,Chemistry,Learning Elementary Chemistry,,7,Active,
4758,"Chapter 7 I, We, You, He, She, It, They",7,CBSE,Class 2,English Grammar,Step up English Grammar and Composition (For Acad. Year 2023-24),,7,Active,
4759,Chapter 7 Indian Dresses,7,CBSE,Class 3,Social Studies,Illustrative Social Studies,,1,Inactive,
4760,Chapter 7 Interdependence in Living Being  Plants & Animals,7,ICSE,Class 5,Science,Essential Science (2023-24),,7,Active,
4761,Chapter 7 Interdependence in Living Being  Plants & Animals,7,ICSE,Class 5,Science,Essential Science,,7,Active,
4762,Chapter 7 Introduction of MS Word,7,CBSE,Class 4,Computer Science,Enter  A Complete Course in Computer Science,,7,Active,
4763,Chapter 7 introduction to Algebra,7,CBSE,Class 6,Mathematics,Mathematics Success (2023-24),,7,Active,
4764,Chapter 7 Introduction to Algebra,7,CBSE,Class 6,Mathematics,Mathematics Success,,7,Active,
4765,Chapter 7 Introduction to MS Excel 2010,7,CBSE,Class 7,Computer Science,Exploring Computer Science,,7,Active,
4766,Chapter 7 Introduction to MS Excel 2010,7,CBSE,Class 7,Computer Science,Desktop My Book of Computer Science,,7,Active,
4767,Chapter 7 Introduction to MS PowerPoint,7,CBSE,Class 5,Computer Science,Enter  A Complete Course in Computer Science,,7,Active,
4768,Chapter 7 Introduction to MSW LOGO,7,CBSE,Class 3,Computer Science,Exploring Computer Science,,7,Active,
4769,Chapter 7 Janmashthmi,7,CBSE,Class 4,English,Stepping Stones,,7,Active,
4770,Chapter 7 Know About MS Paint,7,CBSE,Class 2,Computer Science,Enter  A Complete Course in Computer Science,,7,Active,
4771,Chapter 7 Language And Literature,7,CBSE,Class 3,General Knowledge,General Knowledge Times,,7,Active,
4772,Chapter 7 Language And Literature,7,CBSE,Class 4,General Knowledge,General Knowledge Times,,7,Active,
4773,Chapter 7 Latitudes and Longitudes,7,ICSE,Class 5,Social Studies,Essential Social Studies for (2023-24),,7,Active,
4774,Chapter 7 Let's Color Images,7,CBSE,Class 1,Computer Science,Enter  A Complete Course in Computer Science,,7,Active,
4775,Chapter 7 Life in the Eastern Coastal Region,7,CBSE,Class 4,Social Studies,Social Studies  for Juniors,,7,Active,
4776,Chapter 7 Linear Equations,7,CBSE,Class 8,Mathematics,Mathematics Success (2023-24),,7,Active,
4777,Chapter 7 Liner Equations,7,CBSE,Class 7,Mathematics,Mathematics Success (2023-24),,7,Active,
4778,Chapter 7 Liner Equations,7,CBSE,Class 7,Mathematics,Mathematics Success,,7,Active,
4779,Chapter 7 LOGO Calculations,7,CBSE,Class 4,Computer Science,Desktop My Book of Computer Science,,7,Active,
4780,Chapter 7 LOGO Calculations,7,CBSE,Class 4,Computer Science,Exploring Computer Science,,7,Active,
4781,Chapter 7 Major Landforms,7,ICSE,Class 4,Social Studies,Essential Social Studies for (2023-24),,7,Active,
4782,Chapter 7 Maps and Globes,7,CBSE,Class 5,Social Studies,Illustrative Social Studies,,7,Active,
4783,Chapter 7 Measurement,7,CBSE,Class 5,Mathematics,Progress in Mathematics,,7,Active,
4784,Chapter 7 Measurement,7,CBSE,Class 1,Mathematics,Progress in Mathematics,,7,Active,
4785,Chapter 7 Measurement,7,CBSE,Class 2,Mathematics,Progress in Mathematics,,7,Active,
4786,Chapter 7 Measurements,7,CBSE,Class 5,Mathematics,Mathematics Success (2023-24),,7,Active,
4787,Chapter 7 Metallurgy,7,ICSE,Class 10,Chemistry,A New Approach to I.C.S.E. Chemistry,,7,Active,
4788,Chapter 7 Metallurgy,7,ICSE,Class 10,Chemistry,A New Approach to I.C.S.E. Chemistry (2023-24),,7,Active,
4789,Chapter 7 More about Multiplication,7,CBSE,Class 2,Mathematics,Mathematics Success (2023-24),,7,Active,
4790,Chapter 7 More on Visual Basic,7,CBSE,Class 8,Computer Science,Enter  A Complete Course in Computer Science,,7,Active,
4791,Chapter 7 Motion and Measurement of Distances,7,CBSE,Class 6,Science,Science Success (2023-24),,7,Active,
4792,Chapter 7 Neighbors,7,CBSE,Class 2,Social Studies,Social Studies  for Juniors,,7,Active,
4793,Chapter 7 Networking and E Commerce,7,CBSE,Class 8,Computer Science,Exploring Computer Science,,7,Active,
4794,Chapter 7 No More Water,7,CBSE,Class 5,English,Get Smart A Multi-skill English Course,,7,Active,
4795,Chapter 7 Nouns: Common and Proper,7,CBSE,Class 4,English Grammar,Step up English Grammar and Composition (For Acad. Year 2023-24),,7,Active,
4796,Chapter 7 Nouns: Gender,7,CBSE,Class 3,English Grammar,Step up English Grammar and Composition (For Acad. Year 2023-24),,7,Active,
4797,Chapter 7 Our Festivals,7,CBSE,Class 3,Social Studies,Social Studies  for Juniors,,7,Active,
4798,Chapter 7 Our Festivals,7,CBSE,Class 3,Social Studies,Social Studies Success (2023-24),,7,Active,
4799,Chapter 7 Our Nation—India,7,CBSE,Class 5,Environmental Studies,Blue Planet (2023-24),,7,Active,
4800,Chapter 7 Perceptual Reasoning,7,CBSE,Class 6,General Aptitude,Know Your Aptitude,,7,Active,
4801,Chapter 7 Possessives and Contractions,7,CBSE,Class 5,English Grammar,Step up English Grammar and Composition (For Acad. Year 2023-24),,7,Active,
4802,Chapter 7 Puzzle Time,7,CBSE,Class 3,General Aptitude,Know Your Aptitude,,7,Active,
4803,Chapter 7 Puzzle Time,7,CBSE,Class 4,General Aptitude,Know Your Aptitude,,7,Active,
4804,Chapter 7 Ratio And Proportion,7,ICSE,Class 10,Mathematics,I.C.S.E. Foundation Mathematics (2023-24),,7,Active,
4805,Chapter 7 Reaching the Age of Adolescence,7,CBSE,Class 8,Science,Science Success (2023-24),,7,Active,
4806,Chapter 7 Rocks and Minerals,7,CBSE,Class 5,Science,Learning Elementary Science (For Acad. Year 2023-24),,7,Active,
4807,Chapter 7 Rooms in a House,7,CBSE,Class 1,Social Studies,Social Studies  for Juniors,,7,Active,
4808,Chapter 7 Safety Rules,7,CBSE,Class 1,Social Studies,Social Studies Success (2023-24),,7,Active,
4809,Chapter 7 Safety and First Aid,7,CBSE,Class 3,Science,Learning Elementary Science (For Acad. Year 2023-24),,7,Active,
4810,Chapter 7 Safety First,7,CBSE,Class 4,Science,Learning Elementary Science (For Acad. Year 2023-24),,7,Active,
4811,Chapter 7 Safety First,7,CBSE,Class 4,Science,Learning Elementary Science (For Acad. Year 2023-24),,7,Active,
4812,"Chapter 7 Safety Rules at Home, School and on the Road",7,ICSE,Class 3,Social Studies,Essential Social Studies for (2023-24),,7,Active,
4813,Chapter 7 Servicesin My Neighbourhood,7,CBSE,Class 2,Social Studies,Social Studies Success (2023-24),,7,Active,
4814,Chapter 7 Shapes and Patterns,7,CBSE,Class 1,Mathematics,Mathematics Success (2023-24),,7,Active,
4815,Chapter 7 Silver,7,CBSE,Class 4,English,Get Smart A Multi-skill English Course,,7,Active,
4816,Chapter 7 Simple Equations,7,CBSE,Class 7,Mathematics,Progress in Mathematics,,7,Active,
4817,Chapter 7 Solar System and Seasons,7,CBSE,Class 3,Social Studies,Illustrative Environmental Studies,,7,Active,
4818,Chapter 7 Solar System and Seasons,7,CBSE,Class 3,Environmental Studies,Illustrative Environmental Studies,,7,Active,
4819,Chapter 7 Sound,7,ICSE,Class 8,Science,Learning Elementary Physics (2023-24),,7,Active,
4820,Chapter 7 Sound,7,ICSE,Class 10,Physics,A New Approach to I.C.S.E. Physics (2023-24),,7,Active,
4821,Chapter 7 Sports And Entertainment,7,CBSE,Class 5,General Knowledge,General Knowledge Times,,7,Active,
4822,Chapter 7 Sports And Entertainment,7,CBSE,Class 6,General Knowledge,General Knowledge Times,,7,Active,
4823,Chapter 7 Sports And Entertainment,7,CBSE,Class 7,General Knowledge,General Knowledge Times,,7,Active,
4824,Chapter 7 Sports And Entertainment,7,CBSE,Class 8,General Knowledge,General Knowledge Times,,7,Active,
4825,"Chapter 7 States of Matter : Solids, Liquids and Gases",7,ICSE,Class 3,Science,Essential Science,,7,Active,
4826,"Chapter 7 States of Matter : Solids, Liquids and Gases",7,ICSE,Class 3,Science,Essential Science (2023-24),,7,Active,
4827,Chapter 7 Study Of Continents,7,ICSE,Class 6,Geography,A Textbook of Geography (2023-24),,7,Active,
4828,Chapter 7 Temperate Grasslands  Prairies,7,CBSE,Class 5,Social Studies,Social Studies  for Juniors,,7,Active,
4829,Chapter 7 The Adverb Kinds Of Adverbs,7,CBSE,Class 5,English,Elementary English Grammar and Composition,,7,Active,
4830,Chapter 7 The Adverb Kinds Of Adverbs,7,CBSE,Class 3,English,Elementary English Grammar and Composition,,7,Active,
4831,Chapter 7 The Climate Of India,7,CBSE,Class 4,Social Studies,Essential Social Studies for (2023-24),,7,Active,
4832,Chapter 7 The Climate Of India,7,CBSE,Class 4,Social Studies,Social Studies Success (2023-24),,7,Active,
4833,Chapter 7 The Coastal Plains and Islands,7,CBSE,Class 4,Social Studies,Illustrative Social Studies,,7,Active,
4834,Chapter 7 The Niagara Falls,7,CBSE,Class 7,English,Stepping Stones,,7,Active,
4835,Chapter 7 The Nightingale,7,CBSE,Class 6,English,Stepping Stones,,7,Active,
4836,Chapter 7 The Rainbow Fairies,7,CBSE,Class 3,English,Get Smart A Multi-skill English Course,,7,Active,
4837,Chapter 7 The Value of Money,7,CBSE,Class 5,Moral Science,The Mirror of Values,,7,Active,
4838,Chapter 7 Transportation in Animals and Plants,7,CBSE,Class 7,Science,Science Success (2023-24),,7,Active,
4839,Chapter 7 Triangles,7,CBSE,Class 9,Mathematics,A Complete Course in Mathematics,,7,Active,
4840,Chapter 7 Truthfulness,7,CBSE,Class 2,Moral Science,The Mirror of Values,,7,Active,
4841,Chapter 7 Uses of Plants,7,CBSE,Class 5,Environmental Studies,Illustrative Environmental Studies,,7,Active,
4842,Chapter 7 Volcanoes,7,ICSE,Class 9,Geography,A Textbook of Geography (2023-24),,7,Active,
4843,Chapter 7 Volcanoes,7,ICSE,Class 9,Geography,A Textbook of Geography (2023-24),,7,Active,
4844,"Chapter 7 Weather, Climate and Adaptations of Animals to Climate Weather",7,CBSE,Class 7,Science,NCERT Science,,7,Active,
4845,Chapter 7 Working With Paint,7,CBSE,Class 3,Computer Science,Enter  A Complete Course in Computer Science,,7,Active,
4846,Chapter 7 अमर शहीद भगत सिंह के पत्र,7,CBSE,Class 7,Hindi,Nikunj Hindi Pathmala,,1,Active,
4847,Chapter 7 अशोक का शस्त्र त्याग,7,CBSE,Class 8,Hindi,Nikunj Hindi Pathmala,,1,Active,
4848,Chapter 7 ईमादार बालक,7,CBSE,Class 6,Hindi,Nikunj Hindi Pathmala,,1,Active,
4849,Chapter 7 ए और ऐ की मात्राएँ,7,CBSE,Class 1,Hindi,Nootan Saral Hindi Mala,,1,Active,
4850,Chapter 7 ए (µे) और ऐ (µै),7,CBSE,Class 1,Hindi,Nikunj Hindi Pathmala,,1,Active,
4851,Chapter 7 ए (µे) और ऐ (µै),7,CBSE,Class 1,Hindi,Nikunj Hindi Pathmala (2023-24),,7,Active,
4852,Chapter 7 क्रिया,7,CBSE,Class 5,Hindi,Naveen Hindi Vyavaharik Vyakaran Tatha Rachna,,7,Active,
4853,Chapter 7 घमंडी कौन,7,CBSE,Class 3,Hindi,Nikunj Hindi Pathmala,,1,Active,
4854,Chapter 7 डिजनीलैंड की सैर,7,CBSE,Class 5,Hindi,Nikunj Hindi Pathmala,,1,Active,
4855,Chapter 7 तितली,7,CBSE,Class 2,Hindi,Nikunj Hindi Pathmala,,1,Active,
4856,Chapter 7 दादी माँ का चश्मा,7,CBSE,Class 2,Hindi,Nikunj Hindi Pathmala (2023-24),,7,Active,
4857,Chapter 7 दीपा करमाकर,7,CBSE,Class 3,Hindi,Nikunj Hindi Pathmala,,1,Active,
4858,Chapter 7 दीपा करमाकर,7,CBSE,Class 3,Hindi,Nootan Saral Hindi Mala,,1,Active,
4859,Chapter 7 नसीहत,7,CBSE,Class 4,Hindi,Nikunj Hindi Pathmala,,1,Active,
4860,Chapter 7 पुरुष और स्त्री जाति का ज्ञान,7,CBSE,Class 1,Hindi,Naveen Hindi Vyavaharik Vyakaran Tatha Rachna,,7,Active,
4861,Chapter 7 बचपन बचाऐ,7,CBSE,Class 3,Hindi,Nikunj Hindi Pathmala (2023-24),,7,Active,
4862,Chapter 7 बादल आए,7,CBSE,Class 4,Hindi,Nikunj Hindi Pathmala (2023-24),,7,Active,
4863,Chapter 7 मात्राओं का अभ्यास,7,CBSE,Class 2,Hindi,Naveen Hindi Vyavaharik Vyakaran Tatha Rachna,,7,Active,
4864,Chapter 7 वृक्ष की इच्छा,7,CBSE,Class 5,Hindi,Nikunj Hindi Pathmala (2023-24),,7,Active,
4865,Chapter 7 शब्द निर्माण : प्रत्यय,7,CBSE,Class 7,Hindi,Naveen Hindi Vyavaharik Vyakaran Tatha Rachna,,7,Active,
4866,Chapter 7 शब्द रचना: प्रत्यय,7,CBSE,Class 6,Hindi,Naveen Hindi Vyavaharik Vyakaran Tatha Rachna,,7,Active,
4867,Chapter 7 शेखचिल्ली का सपना,7,CBSE,Class 4,Hindi,Nootan Saral Hindi Mala,,1,Active,
4868,Chapter 7 शेखचिल्ली का सपना,7,CBSE,Class 4,Hindi,Nikunj Hindi Pathmala,,1,Active,
4869,Chapter 7 सर्वनाम,7,CBSE,Class 4,Hindi,Naveen Hindi Vyavaharik Vyakaran Tatha Rachna,,7,Active,
4870,Chapter 7 हरजीर जवाब मुल्ला नसरुदीन,7,CBSE,Class 4,Hindi,Nikunj Hindi Pathmala,,1,Active,
4871,Chapter 7 કરીમ,7,CBSE,Class 5,Gujarati,Meghdhanush,,7,Active,
4872,Chapter 7 કસોટી,7,CBSE,Class 8,Gujarati,Meghdhanush,,7,Active,
4873,Chapter 7 મદદ માટે તૈયાર છે સેના,7,CBSE,Class 6,Gujarati,Meghdhanush,,7,Active,
4874,Chapter 7 મહાત્મા ગાંધી,7,CBSE,Class 3,Gujarati,Meghdhanush,,7,Active,
4875,Chapter 7 વાતચીતની આવડત,7,CBSE,Class 7,Gujarati,Meghdhanush,,7,Active,
4876,Chapter 7 હોળી,7,CBSE,Class 4,Gujarati,Meghdhanush,,7,Active,
4877,Chapter 7_Introduction to MSW LOGO,7,CBSE,Class 3,Computer Science,Desktop My Book of Computer Science,,7,Active,
4878,Chapter 7_Networking and E Commerce,7,CBSE,Class 8,Computer Science,Desktop My Book of Computer Science,,7,Active,
4879,Chapter 7 Air and Water,7,CBSE,Class 1,Environmental Studies,Illustrative Environmental Studies,,7,Active,
4880,Chapter 7 Air and Water,7,CBSE,Class 2,Environmental Studies,Illustrative Environmental Studies,,7,Active,
4881,Chapter 7 Culture Community and Clothes,7,CBSE,Class 4,Environmental Studies,Illustrative Environmental Studies,,7,Active,
4882,Chapter 7 Fractions,7,CBSE,Class 3,Mathematics,Illustrative Mathematics,,7,Active,
4883,Chapter 7 Geometry,7,CBSE,Class 4,Mathematics,Illustrative Mathematics,,7,Active,
4884,Chapter 7 Housing and Clothing,7,CBSE,Class 2,Science,Illustrative Science,,7,Active,
4885,Chapter 7 Housing and Clothing,7,CBSE,Class 3,Science,Illustrative Science,,7,Active,
4886,Chapter 7 Human Teeth and Digestive System,7,CBSE,Class 4,Science,Illustrative Science,,7,Active,
4887,Chapter 7 Measurements,7,CBSE,Class 5,Mathematics,Illustrative Mathematics,,7,Active,
4888,Chapter 7 More about Multiplication,7,CBSE,Class 2,Mathematics,Illustrative Mathematics,,7,Active,
4889,Chapter 7 Safety and First Aid,7,CBSE,Class 5,Science,Illustrative Science,,7,Active,
4890,Chapter 7 Safety Rules,7,CBSE,Class 1,Social Studies,Illustrative Social Studies,,7,Active,
4891,Chapter 7 Shapes and Patterns,7,CBSE,Class 1,Mathematics,Illustrative Mathematics,,7,Active,
4892,Chapter 7: Geomatical Shapes,7,ICSE,Class 2,Mathematics,Foundation Mathematics (2023-24),,7,Active,
4893,Chapter 7: Measurement of Length,7,ICSE,Class 1,Mathematics,Foundation Mathematics (2023-24),,7,Active,
4894,Chapter 7.  Division,7,ICSE,Class 4,Mathematics,Foundation Mathematics,,7,Active,
4895,Chapter 7.  Integers,7,ICSE,Class 5,Mathematics,Foundation Mathematics,,7,Active,
4896,Chapter 7.  Adverbs,7,CBSE,Class 2,English,Elementary English Grammar and Composition,,7,Active,
4897,Chapter 7.  Kinds Of Pronouns,7,CBSE,Class 4,English,Elementary English Grammar and Composition,,7,Active,
4898,Chapter 7. Computer Software,7,CBSE,Class 5,Computer Science,Computer Science Success,,7,Active,
4899,Chapter 7. Division,7,ICSE,Class 4,Mathematics,Foundation Mathematics (2023-24),,7,Active,
4900,Chapter 7. Energy Flow and Practices for Conservation of Resources,7,ICSE,Class 9,Physics,A New Approach to I.C.S.E. Physics (2023-24),,7,Active,
4901,Chapter 7. Enhancing a Presentation,7,CBSE,Class 6,Computer Science,Computer Science Success,,7,Active,
4902,Chapter 7. Factorisation,7,CBSE,Class 8,Mathematics,Exploring Mathematics,,7,Active,
4903,Chapter 7. Fractions,7,CBSE,Class 3,Mathematics,Mathematics Success,,7,Active,
4904,Chapter 7. Integers,7,ICSE,Class 5,Mathematics,Foundation Mathematics (2023-24),,7,Active,
4905,Chapter 7. Neighbourhood Services,7,CBSE,Class 3,Environmental Studies,Blue Planet,,7,Active,
4906,Chapter 7. Adaptations in Plants,7,CBSE,Class 4,Science,Science Success,,7,Active,
4907,Chapter 7. Air and Water,7,CBSE,Class 1,Environmental Studies,Blue Planet,,7,Active,
4908,Chapter 7. Air and Water,7,CBSE,Class 2,Environmental Studies,Blue Planet,,7,Active,
4909,Chapter 7. Algebra,7,CBSE,Class 6,Mathematics,Exploring Mathematics,,7,Active,
4910,Chapter 7. Allergy,7,ICSE,Class 7,Biology,Learning Elementary Biology,,7,Active,
4911,Chapter 7. Animal World,7,CBSE,Class 5,Science,Science Success,,7,Active,
4912,Chapter 7. Animation in Pencil,7,CBSE,Class 7,Computer Science,Fun with Linux,,7,Active,
4913,Chapter 7. Chemical Coordination in Plants,7,ICSE,Class 10,Biology,A New Approach to ICSE Biology,,7,Active,
4914,Chapter 7. Conservation of Plants and Animals,7,CBSE,Class 8,Science,Science Success,,7,Active,
4915,Chapter 7. Conservation of Plants and Animals,7,CBSE,Class 8,Science,Learning Elementary Science,,7,Active,
4916,Chapter 7. Coordinate Geometry,7,CBSE,Class 10,Mathematics,NCQRT Mathematics,,7,Active,
4917,Chapter 7. Coordinate Geometry,7,CBSE,Class 10,Mathematics,NCERT Mathematics,,7,Active,
4918,"Chapter 7. Crafts and industries (Weavers, Iron Smelters and Factory Owners)",7,CBSE,Class 8,Social Science,A Text Book of Social Sciences,,7,Active,
4919,Chapter 7. Decimals,7,CBSE,Class 4,Mathematics,Exploring Mathematics,,7,Active,
4920,Chapter 7. Drawing and Coloring in MS Paint,7,CBSE,Class 2,Computer Science,Computer Science Success,,7,Active,
4921,Chapter 7. Editing a Worksheet,7,ICSE,Class 7,Computer Science,My Book of Computer Studies,,7,Active,
4922,Chapter 7. File Management  An Introduction,7,ICSE,Class 2,Computer Science,My Book of Computer Studies,,7,Active,
4923,Chapter 7. Fractions,7,CBSE,Class 4,Mathematics,Star Maths,,7,Active,
4924,Chapter 7. Fractions,7,CBSE,Class 5,Mathematics,Star Maths,,7,Active,
4925,Chapter 7. Fun With Paint,7,ICSE,Class 3,Computer Science,My Book of Computer Studies,,7,Active,
4926,Chapter 7. Geometrical shapes,7,ICSE,Class 3,Mathematics,Foundation Mathematics,,7,Active,
4927,Chapter 7. Geometrical Shapes,7,CBSE,Class 3,Mathematics,Exploring Mathematics,,7,Active,
4928,Chapter 7. Geometrical shapes,7,ICSE,Class 3,Mathematics,Foundation Mathematics (2023-24),,7,Active,
4929,Chapter 7. Geometry,7,CBSE,Class 4,Mathematics,Mathematics Success,,7,Active,
4930,Chapter 7. Getting to Know Plants,7,CBSE,Class 6,Science,Learning Elementary Science,,7,Active,
4931,Chapter 7. Getting to Know Plants,7,CBSE,Class 7,Science,Learning Elementary Science,,7,Active,
4932,Chapter 7. Health and Hygiene,7,ICSE,Class 6,Biology,Learning Elementary Biology,,7,Active,
4933,Chapter 7. Health and Hygiene,7,ICSE,Class 8,Biology,Learning Elementary Biology,,7,Active,
4934,Chapter 7. Housing and Clothing,7,CBSE,Class 2,Science,Science Success,,7,Active,
4935,Chapter 7. Human Body : A Machine,7,CBSE,Class 3,Science,Learning Elementary Science,,7,Active,
4936,Chapter 7. Internet,7,CBSE,Class 5,Computer Science,Fun with Linux,,7,Active,
4937,Chapter 7. Internet Services,7,ICSE,Class 5,Computer Science,My Book of Computer Studies,,7,Active,
4938,Chapter 7. Introduction to GIMP,7,CBSE,Class 6,Computer Science,Fun with Linux,,7,Active,
4939,Chapter 7. Introduction to HTML,7,CBSE,Class 7,Computer Science,Computer Science Success,,7,Active,
4940,Chapter 7. Introduction to Java,7,CBSE,Class 8,Computer Science,Fun with Linux,,7,Active,
4941,Chapter 7. Introduction to K Turtle,7,CBSE,Class 3,Computer Science,Fun with Linux,,7,Active,
4942,Chapter 7. Introduction to MS Paint,7,CBSE,Class 1,Computer Science,Computer Science Success,,7,Active,
4943,Chapter 7. Keeping Clean and Fit,7,CBSE,Class 1,Science,Learning Elementary Science (For Acad. Year 2023-24),,7,Active,
4944,Chapter 7. Let's Draw and Paint,7,CBSE,Class 1,Computer Science,Fun with Linux,,7,Active,
4945,"Chapter 7. Light, Shadows and Reflection",7,CBSE,Class 6,Science,Science Success,,7,Active,
4946,Chapter 7. Little Caterpillar,7,CBSE,Class 1,English,Get Smart A Multi-skill English Course,,7,Active,
4947,Chapter 7. Measurement,7,CBSE,Class 1,Mathematics,Exploring Mathematics,,7,Active,
4948,Chapter 7. Measurement,7,CBSE,Class 2,Mathematics,Exploring Mathematics,,7,Active,
4949,Chapter 7. Measurement,7,CBSE,Class 5,Mathematics,Exploring Mathematics,,7,Active,
4950,Chapter 7. Measurements,7,CBSE,Class 5,Mathematics,Mathematics Success,,7,Active,
4951,Chapter 7. Money,7,CBSE,Class 1,Mathematics,Star Maths,,7,Active,
4952,Chapter 7. More about Multiplication,7,CBSE,Class 2,Mathematics,Mathematics Success,,7,Active,
4953,Chapter 7. More on C++,7,ICSE,Class 8,Computer Science,My Book of Computer Studies,,7,Active,
4954,Chapter 7. More on KTurtle,7,CBSE,Class 4,Computer Science,Fun with Linux,,7,Active,
4955,Chapter 7. Motion,7,CBSE,Class 9,Science,NCQRT Science,,7,Active,
4956,Chapter 7. Motion and Measurement of Distance,7,CBSE,Class 6,Science,Learning Elementary Science (For Acad. Year 2023-24),,7,Active,
4957,Chapter 7. Names of Persons,7,CBSE,Class 1,English,Elementary English Grammar and Composition,,7,Active,
4958,Chapter 7. Neighbourhood Services,7,CBSE,Class 3,Environmental Studies,Blue Planet (2023-24),,7,Active,
4959,Chapter 7. Neighbours,7,CBSE,Class 2,Social Studies,Social Studies for Juniors (2023-24),,7,Active,
4960,"Chapter 7. New Questions and Ideas  Upanishads, Jainism and Buddhism",7,CBSE,Class 6,Social Science,A Text Book of Social Sciences,,7,Active,
4961,Chapter 7. Non Finite Verbs,7,CBSE,Class 8,English Grammar,Step up English Grammar and Composition (For Acad. Year 2023-24),,7,Active,
4962,Chapter 7. Our Body,7,CBSE,Class 1,Science,Science Success,,7,Active,
4963,Chapter 7. Our Nation—India,7,CBSE,Class 5,Environmental Studies,Blue Planet,,7,Active,
4964,Chapter 7. Parts of a Plant,7,CBSE,Class 3,Science,Science Success,,7,Active,
4965,Chapter 7. Prairies : The Grasslands,7,CBSE,Class 5,Social Studies,Social Studies Success (2023-24),,7,Active,
4966,"Chapter 7. Profit & Loss, Discount & Tax",7,ICSE,Class 8,Mathematics,Foundation Mathematics (2023-24),,7,Active,
4967,Chapter 7. Pronouns,7,CBSE,Class 6,English Grammar,Step up English Grammar and Composition (For Acad. Year 2023-24),,7,Active,
4968,Chapter 7. Ratio and Proportion,7,ICSE,Class 7,Mathematics,Foundation Mathematics (2023-24),,7,Active,
4969,Chapter 7. Reaching the Age of Adolescence,7,CBSE,Class 8,Science,Learning Elementary Science (For Acad. Year 2023-24),,7,Active,
4970,Chapter 7. Respiration in Plants,7,ICSE,Class 9,Biology,A New Approach to I.C.S.E. Biology (2023-24),,7,Active,
4971,Chapter 7. Safety and First Aid,7,CBSE,Class 2,Science,Learning Elementary Science,,7,Active,
4972,Chapter 7. Safety and First Aid,7,CBSE,Class 2,Science,Learning Elementary Science (For Acad. Year 2023-24),,7,Active,
4973,Chapter 7. Safety And First Aid,7,CBSE,Class 3,Science,Science Success (2023-24),,7,Active,
4974,Chapter 7. Safety First,7,CBSE,Class 1,Science,Learning Elementary Science,,7,Active,
4975,Chapter 7. safety First,7,CBSE,Class 4,Science,Learning Elementary Science,,7,Active,
4976,Chapter 7. Safety First,7,CBSE,Class 4,Science,Science Success (2023-24),,7,Active,
4977,Chapter 7. Say,7,CBSE,Class 2,General Knowledge,General Knowledge Times (2023-24),,7,Active,
4978,Chapter 7. Separate Wastes in Separate Bins,7,CBSE,Class 1,General Knowledge,General Knowledge Times (2023-24),,7,Active,
4979,Chapter 7. Sequencing,7,CBSE,Class 5,General Aptitude,Know Your Aptitude,,7,Active,
4980,Chapter 7. Services in the Community,7,CBSE,Class 4,Environmental Studies,Blue Planet (2023-24),,7,Active,
4981,Chapter 7. Services in the Community,7,CBSE,Class 4,Environmental Studies,Blue Planet,,7,Active,
4982,Chapter 7. Sets,7,ICSE,Class 6,Mathematics,Foundation Mathematics,,7,Active,
4983,Chapter 7. Sets,7,ICSE,Class 6,Mathematics,Foundation Mathematics,,7,Active,
4984,Chapter 7. Sets,7,ICSE,Class 6,Mathematics,Foundation Mathematics (2023-24),,7,Active,
4985,Chapter 7. Shapes and Patterns,7,CBSE,Class 1,Mathematics,Mathematics Success,,7,Active,
4986,Chapter 7. Simple Equations,7,CBSE,Class 7,Mathematics,Exploring Mathematics,,7,Active,
4987,Chapter 7. Soil,7,CBSE,Class 5,Science,Science Success (2023-24),,7,Active,
4988,Chapter 7. Step Wise Thinking,7,ICSE,Class 4,Computer Science,My Book of Computer Studies,,7,Active,
4989,Chapter 7. Storage Devices,7,ICSE,Class 1,Computer Science,My Book of Computer Studies,,7,Active,
4990,Chapter 7. Study of Gas Laws,7,ICSE,Class 9,Chemistry,A New Approach to I.C.S.E. Chemistry (2023-24),,7,Active,
4991,Chapter 7. Tables in HTML,7,CBSE,Class 8,Computer Science,Computer Science Success,,7,Active,
4992,Chapter 7. The Skeletal System,7,CBSE,Class 5,Science,Learning Elementary Science,,7,Active,
4993,Chapter 7. The Sweet Shop,7,CBSE,Class 2,English,Get Smart A Multi-skill English Course,,7,Active,
4994,Chapter 7. Tiles,7,CBSE,Class 1,General Aptitude,Know Your Aptitude,,7,Active,
4995,Chapter 7. Tiles,7,CBSE,Class 2,General Aptitude,Know Your Aptitude,,7,Active,
4996,Chapter 7. Time and Calendar,7,CBSE,Class 3,Mathematics,Star Maths,,7,Active,
4997,Chapter 7. Time and Calendar,7,CBSE,Class 2,Mathematics,Star Maths,,7,Active,
4998,"Chapter 7. Towns, Traders and Craftsmen",7,CBSE,Class 7,Social Science,A Text Book of Social Sciences,,7,Active,
4999,Chapter 7. Transportation in Plants and Animals,7,CBSE,Class 7,Science,Learning Elementary Science (For Acad. Year 2023-24),,7,Active,
5000,Chapter 7. Triangles,7,CBSE,Class 9,Mathematics,NCQRT Mathematics,,7,Active,
5001,Chapter 7. Triangles,7,CBSE,Class 9,Mathematics,NCERT Mathematics,,7,Active,
5002,Chapter 7. Tux Faint,7,CBSE,Class 2,Computer Science,Fun with Linux,,7,Active,
5003,Chapter 7. Viewing and Organizing Slides,7,ICSE,Class 6,Computer Science,My Book of Computer Studies,,7,Active,
5004,Chapter 7. Water Resources,7,ICSE,Class 10,Geography,A Textbook of Geography (2023-24),,7,Active,
5005,"Chapter 7. Weather, Climate and Adaptations of Animals to Climate",7,CBSE,Class 7,Science,Science Success,,7,Active,
5006,Chapter 7. Windows Over the Years,7,CBSE,Class 4,Computer Science,Computer Science Success,,7,Active,
5007,Chapter 7. Working with Paint,7,CBSE,Class 3,Computer Science,Computer Science Success,,7,Active,
5008,Chapter 7. अब्राहम लिंकन का पत्र,7,CBSE,Class 5,Hindi,Nootan Saral Hindi Mala,,7,Active,
5009,Chapter 7. ओ और औ की मात्राएँ,7,CBSE,Class 1,Hindi,Bal Bhasha Bharti,,7,Active,
5010,Chapter 7. ताई,7,CBSE,Class 7,Hindi,Nootan Saral Hindi Mala,,7,Active,
5011,Chapter 7. ध्वनि तरंगों का सफ़र,7,CBSE,Class 6,Hindi,Nootan Saral Hindi Mala,,7,Active,
5012,Chapter 7. पहाड़ों की रानी : मनाली,7,CBSE,Class 8,Hindi,Nootan Saral Hindi Mala,,7,Active,
5013,Chapter 7.आओ खेलें मिलके खेल,7,CBSE,Class 2,Hindi,Bal Bhasha Bharti,,7,Active,
5014,Chapter 7.नन्हा पौधा,7,CBSE,Class 4,Hindi,Bal Bhasha Bharti,,7,Active,
5015,Chapter 7.मेला हमें दिखाओ मामा,7,CBSE,Class 3,Hindi,Bal Bhasha Bharti,,7,Active,
5016,Chapter 7.संतो की वाणी,7,CBSE,Class 5,Hindi,Bal Bhasha Bharti,,7,Active,
5017,Chapter 8 First Aid,8,ICSE,Class 3,Social Studies,Essential Social Studies for (2023-24),,8,Active,
5018,Chapter 8 Measurement of Length,8,ICSE,Class 2,Mathematics,Foundation Mathematics,,8,Active,
5019,Chapter 8 Measurement of Mass or Weight,8,ICSE,Class 1,Mathematics,Foundation Mathematics,,8,Active,
5020,Chapter 8 हुआ सवेरा,8,CBSE,Class 3,Hindi,Nikunj Hindi Pathmala,,1,Active,
5021,Chapter 8 हुआ सवेरा,8,CBSE,Class 3,Hindi,Nootan Saral Hindi Mala,,1,Active,
5022,Chapter 8 : Going to School,8,CBSE,Class 2,Social Studies,Social Studies Success,,1,Active,
5023,Chapter 8 : Home is the Best,8,CBSE,Class 1,Social Studies,Social Studies Success,,1,Active,
5024,Chapter 8 : Means of Transport,8,CBSE,Class 3,Social Studies,Social Studies Success,,1,Active,
5025,Chapter 8 : Means of Transport,8,CBSE,Class 5,Social Studies,Social Studies Success,,1,Active,
5026,Chapter 8 : Our Soil,8,CBSE,Class 4,Social Studies,Social Studies Success,,1,Active,
5027,Chapter 8 : Remainder Theorem and Factor Theorem,8,ICSE,Class 10,Mathematics,I.C.S.E. Foundation Mathematics (2023-24),,8,Active,
5028,Chapter 8 : Simple Interest And Compound Interest,8,ICSE,Class 8,Mathematics,Foundation Mathematics,,8,Active,
5029,Chapter 8 : The 'Eighth' Wonder!!,5,CBSE,Class 4,General Knowledge,General Knowledge Times (2023-24),,5,Active,
5030,Chapter 8 : Triangles,8,ICSE,Class 9,Mathematics,I.C.S.E. Foundation Mathematics (2023-24),,8,Active,
5031,Chapter 8 : Unitory Methods,8,ICSE,Class 7,Mathematics,Foundation Mathematics,,8,Active,
5032,Chapter 8 A Witty Answer,8,CBSE,Class 3,English,Get Smart A Multi-skill English Course,,8,Active,
5033,Chapter 8 Adaptation,8,ICSE,Class 6,Science,Learning Elementary Biology (2023-24),,8,Active,
5034,Chapter 8 Advanced Algorithms and Flowcharts,8,CBSE,Class 8,Computer Science,Exploring Computer Science,,8,Active,
5035,"Chapter 8 Africa  Location, Political Divisions And Physical Features",8,ICSE,Class 7,Geography,A Textbook of Geography (2023-24),,8,Active,
5036,Chapter 8 Analogy,8,CBSE,Class 3,General Aptitude,Know Your Aptitude,,8,Active,
5037,Chapter 8 Analogy,8,CBSE,Class 4,General Aptitude,Know Your Aptitude,,8,Active,
5038,Chapter 8 At School,8,CBSE,Class 1,Moral Science,The Mirror of Values,,8,Active,
5039,Chapter 8 Blood Relations,8,CBSE,Class 6,General Aptitude,Know Your Aptitude,,8,Active,
5040,Chapter 8 Body Movements,8,CBSE,Class 6,Science,NCERT Science,,8,Active,
5041,Chapter 8 Cell Structure And Functions,8,CBSE,Class 8,Science,NCERT Science,,8,Active,
5042,Chapter 8 Clothes : A Basic Need,8,CBSE,Class 3,Social Studies,Illustrative Environmental Studies,,8,Active,
5043,Chapter 8 Clothes : A Basic Need,8,CBSE,Class 3,Environmental Studies,Illustrative Environmental Studies,,8,Active,
5044,Chapter 8 Clothes We Wear,8,CBSE,Class 4,Science,Learning Elementary Science (For Acad. Year 2023-24),,8,Active,
5045,Chapter 8 Clothes We Wear,8,CBSE,Class 4,Science,Learning Elementary Science (For Acad. Year 2023-24),,8,Active,
5046,Chapter 8 Collective Nouns,8,CBSE,Class 4,English Grammar,Step up English Grammar and Composition (For Acad. Year 2023-24),,8,Active,
5047,Chapter 8 Comparing Quantities,8,CBSE,Class 7,Mathematics,NCERT Mathematics,,8,Active,
5048,Chapter 8 Comparing Quantities,8,CBSE,Class 7,Mathematics,Mathematics Success (2023-24),,8,Active,
5049,Chapter 8 Comparing Quantities,8,CBSE,Class 8,Mathematics,NCERT Mathematics,,8,Active,
5050,Chapter 8 Comparing Quantities,8,CBSE,Class 7,Mathematics,Mathematics Success,,8,Active,
5051,Chapter 8 Computer Viruses and their Effects,8,CBSE,Class 6,Computer Science,Exploring Computer Science,,8,Active,
5052,Chapter 8 Computer Viruses and their Effects,8,CBSE,Class 6,Computer Science,Desktop My Book of Computer Science,,8,Active,
5053,Chapter 8 Conquering Distances,8,CBSE,Class 5,Social Studies,Social Studies  for Juniors,,8,Active,
5054,Chapter 8 Data Handling,8,CBSE,Class 1,Mathematics,Mathematics Success (2023-24),,8,Active,
5055,Chapter 8 Decimals,8,CBSE,Class 6,Mathematics,NCERT Mathematics,,8,Active,
5056,Chapter 8 Describing Words,8,CBSE,Class 1,English Grammar,Step up English Grammar and Composition (For Acad. Year 2023-24),,8,Active,
5057,Chapter 8 Diversity in India,8,CBSE,Class 5,Environmental Studies,Illustrative Environmental Studies,,8,Active,
5058,Chapter 8 Drawing and Coloring in MS Paint,8,CBSE,Class 2,Computer Science,Enter  A Complete Course in Computer Science,,8,Active,
5059,Chapter 8 Earthquake,8,ICSE,Class 9,Geography,A Textbook of Geography (2023-24),,8,Active,
5060,Chapter 8 Earthquakes,8,ICSE,Class 9,Geography,A Textbook of Geography (2023-24),,8,Active,
5061,Chapter 8 Editing in MS Excel 2010,8,CBSE,Class 7,Computer Science,Exploring Computer Science,,8,Active,
5062,Chapter 8 Editing in MS Excel 2010,8,CBSE,Class 7,Computer Science,Desktop My Book of Computer Science,,8,Active,
5063,Chapter 8 Electric Circuits Resistance And OHM's Law,8,ICSE,Class 10,Physics,A New Approach to I.C.S.E. Physics (2023-24),,8,Active,
5064,Chapter 8 Electricity,8,ICSE,Class 8,Science,Learning Elementary Physics (2023-24),,8,Active,
5065,Chapter 8 Festivals,8,CBSE,Class 4,Social Studies,Illustrative Environmental Studies,,8,Active,
5066,Chapter 8 Food for Healthy Body,8,CBSE,Class 1,Science,Illustrative Science,,8,Active,
5067,Chapter 8 Food for Healthy Body,8,CBSE,Class 1,Science,Science Success (2023-24),,8,Active,
5068,Chapter 8 Food Production,8,ICSE,Class 8,Science,Learning Elementary Biology (2023-24),,8,Active,
5069,Chapter 8 Force and Pressure,8,CBSE,Class 8,Science,Science Success (2023-24),,8,Active,
5070,Chapter 8 Forgiveness,8,CBSE,Class 4,Moral Science,The Mirror of Values,,8,Active,
5071,Chapter 8 Formatting Presentation,8,CBSE,Class 5,Computer Science,Enter  A Complete Course in Computer Science,,8,Active,
5072,Chapter 8 Formatting Text MS Word,8,CBSE,Class 4,Computer Science,Enter  A Complete Course in Computer Science,,8,Active,
5073,Chapter 8 Geometry,8,CBSE,Class 5,Mathematics,Progress in Mathematics,,8,Active,
5074,Chapter 8 Geometry,8,CBSE,Class 3,Mathematics,Mathematics Success (2023-24),,8,Active,
5075,Chapter 8 Going to School,8,CBSE,Class 2,Social Studies,Social Studies Success (2023-24),,8,Active,
5076,Chapter 8 Health Is Wealth,8,CBSE,Class 2,Environmental Studies,Blue Planet (2023-24),,8,Active,
5077,Chapter 8 Heredity,8,CBSE,Class 10,Science,NCQRT Science,,8,Active,
5078,Chapter 8 Home is the Best,8,CBSE,Class 1,Social Studies,Social Studies Success (2023-24),,8,Active,
5079,Chapter 8 Homes of Animals,8,CBSE,Class 1,Social Studies,Social Studies  for Juniors,,8,Active,
5080,Chapter 8 How do Organisms Reproduce?,8,CBSE,Class 10,Science,NCERT Science,,8,Active,
5081,Chapter 8 Hydrogen Chloride,8,ICSE,Class 10,Chemistry,A New Approach to I.C.S.E. Chemistry,,8,Active,
5082,Chapter 8 Hydrogern Chloride,8,ICSE,Class 10,Chemistry,A New Approach to I.C.S.E. Chemistry (2023-24),,8,Active,
5083,Chapter 8 Impossible=l'm Possible,8,CBSE,Class 2,Moral Science,The Mirror of Values,,8,Active,
5084,Chapter 8 India : Geographical Features,8,ICSE,Class 8,Geography,A Textbook of Geography (2023-24),,8,Active,
5085,Chapter 8 Introduction of MSW Logo,8,CBSE,Class 3,Computer Science,Enter  A Complete Course in Computer Science,,8,Active,
5086,Chapter 8 Introduction to MS PowerPoint 2010,8,CBSE,Class 5,Computer Science,Desktop My Book of Computer Science,,8,Active,
5087,Chapter 8 Introduction to MS PowerPoint 2010,8,CBSE,Class 5,Computer Science,Exploring Computer Science,,8,Active,
5088,Chapter 8 Introduction to MS Word 2010,8,CBSE,Class 4,Computer Science,Desktop My Book of Computer Science,,8,Active,
5089,Chapter 8 Introduction to MS Word 2010,8,CBSE,Class 4,Computer Science,Exploring Computer Science,,8,Active,
5090,Chapter 8 Introduction to QBASIC,8,CBSE,Class 6,Computer Science,Enter  A Complete Course in Computer Science,,8,Active,
5091,Chapter 8 Introduction to Trigonometry,8,CBSE,Class 10,Mathematics,A Complete Course in Mathematics,,8,Active,
5092,Chapter 8 Keeping Healthy,8,CBSE,Class 1,Environmental Studies,Blue Planet (2023-24),,8,Active,
5093,"Chapter 8 Light, Shadows and Reflections",8,CBSE,Class 6,Science,Science Success (2023-24),,8,Active,
5094,Chapter 8 Linear Equations,8,CBSE,Class 8,Mathematics,Mathematics Success,,8,Active,
5095,Chapter 8 Linear Equations in One Variable,8,CBSE,Class 8,Mathematics,Progress in Mathematics,,8,Active,
5096,Chapter 8 LOGO Commands,8,CBSE,Class 3,Computer Science,Exploring Computer Science,,8,Active,
5097,Chapter 8 Love and Respect Your Teachers,8,CBSE,Class 3,Moral Science,The Mirror of Values,,8,Active,
5098,Chapter 8 Maps : Our Guide,8,ICSE,Class 4,Social Studies,Essential Social Studies for (2023-24),,8,Active,
5099,Chapter 8 Materials and Solutions,8,ICSE,Class 4,Science,Essential Science (2023-24),,8,Active,
5100,Chapter 8 Materials and Solutions,8,ICSE,Class 4,Science,Essential Science,,8,Active,
5101,"Chapter 8 Me, Us, You, Him, Her, It, Them",8,CBSE,Class 2,English Grammar,Step up English Grammar and Composition (For Acad. Year 2023-24),,8,Active,
5102,Chapter 8 Means Of Transport,8,CBSE,Class 3,Social Studies,Social Studies Success (2023-24),,8,Active,
5103,Chapter 8 More on HTML,8,CBSE,Class 8,Computer Science,Enter  A Complete Course in Computer Science,,8,Active,
5104,Chapter 8 Motion,8,CBSE,Class 9,Science,NCERT Science,,8,Active,
5105,Chapter 8 Numbers up to 100,8,CBSE,Class 1,Mathematics,Progress in Mathematics,,8,Active,
5106,Chapter 8 Our Festivals,8,CBSE,Class 3,Social Studies,Illustrative Social Studies,,1,Inactive,
5107,Chapter 8 Our Occupations,8,CBSE,Class 3,Social Studies,Social Studies  for Juniors,,8,Active,
5108,Chapter 8 Patterns,8,CBSE,Class 2,Mathematics,Mathematics Success (2023-24),,8,Active,
5109,Chapter 8 Patterns,8,CBSE,Class 4,Mathematics,Mathematics Success (2023-24),,8,Active,
5110,Chapter 8 Patterns and Symmetry,8,CBSE,Class 3,Mathematics,Progress in Mathematics,,8,Active,
5111,Chapter 8 Percentage and Its Applications,8,CBSE,Class 8,Mathematics,Mathematics Success (2023-24),,8,Active,
5112,Chapter 8 Perceptual Reasoning,8,CBSE,Class 7,General Aptitude,Know Your Aptitude,,8,Active,
5113,Chapter 8 Perceptual Reasoning,8,CBSE,Class 8,General Aptitude,Know Your Aptitude,,8,Active,
5114,Chapter 8 Perimeter and Area,8,CBSE,Class 5,Mathematics,Mathematics Success (2023-24),,8,Active,
5115,Chapter 8 Places of Worship,8,CBSE,Class 2,Social Studies,Social Studies  for Juniors,,8,Active,
5116,Chapter 8 Possessive Nouns,8,CBSE,Class 3,English Grammar,Step up English Grammar and Composition (For Acad. Year 2023-24),,8,Active,
5117,Chapter 8 Pronouns,8,CBSE,Class 5,English Grammar,Step up English Grammar and Composition (For Acad. Year 2023-24),,8,Active,
5118,Chapter 8 Properties of Water,8,ICSE,Class 3,Science,Essential Science,,8,Active,
5119,Chapter 8 Properties of Water,8,ICSE,Class 3,Science,Essential Science (2023-24),,8,Active,
5120,Chapter 8 Puzzle Time,8,CBSE,Class 5,General Aptitude,Know Your Aptitude,,8,Active,
5121,Chapter 8 Quadrilaterals,8,CBSE,Class 9,Mathematics,A Complete Course in Mathematics,,8,Active,
5122,Chapter 8 Ratio and Proportion,8,CBSE,Class 6,Mathematics,Mathematics Success (2023-24),,8,Active,
5123,Chapter 8 Ratio and Proportion,8,CBSE,Class 6,Mathematics,Mathematics Success,,8,Active,
5124,"Chapter 8 Ratio, Proportion and Unitary Method",8,CBSE,Class 7,Mathematics,Progress in Mathematics,,8,Active,
5125,Chapter 8 Reproduction in Animals,8,CBSE,Class 4,Science,Science Success,,1,Active,
5126,Chapter 8 Reproduction in Plants,8,CBSE,Class 7,Science,Science Success (2023-24),,8,Active,
5127,Chapter 8 Safety Rules,8,CBSE,Class 2,Science,Science Success (2023-24),,8,Active,
5128,Chapter 8 Science And Technology,8,CBSE,Class 5,General Knowledge,General Knowledge Times,,8,Active,
5129,Chapter 8 Science And Technology,8,CBSE,Class 6,General Knowledge,General Knowledge Times,,8,Active,
5130,Chapter 8 Science And Technology,8,CBSE,Class 7,General Knowledge,General Knowledge Times,,8,Active,
5131,Chapter 8 Shapes,8,CBSE,Class 2,Mathematics,Progress in Mathematics,,8,Active,
5132,Chapter 8 Six Blind Men,8,CBSE,Class 5,Moral Science,The Mirror of Values,,8,Active,
5133,Chapter 8 Soil,8,CBSE,Class 4,Social Studies,Essential Social Studies for (2023-24),,8,Active,
5134,Chapter 8 Soil,8,CBSE,Class 4,Social Studies,Social Studies Success (2023-24),,8,Active,
5135,Chapter 8 Soil,8,CBSE,Class 3,Science,Learning Elementary Science (For Acad. Year 2023-24),,8,Active,
5136,Chapter 8 Sound and Noise,8,ICSE,Class 5,Science,Essential Science (2023-24),,8,Active,
5137,"Chapter 8 Space, Shapes and Patterns",8,CBSE,Class 4,Mathematics,Progress in Mathematics,,8,Active,
5138,Chapter 8 Sports And Entertainment,8,CBSE,Class 3,General Knowledge,General Knowledge Times,,8,Active,
5139,Chapter 8 Sports And Entertainment,8,CBSE,Class 4,General Knowledge,General Knowledge Times,,8,Active,
5140,Chapter 8 Sports And Technology,8,CBSE,Class 8,General Knowledge,General Knowledge Times,,8,Active,
5141,Chapter 8 States of Matter,8,CBSE,Class 5,Science,Learning Elementary Science (For Acad. Year 2023-24),,8,Active,
5142,Chapter 8 Stopping by Woods on a Snowy Evening,8,CBSE,Class 7,English,Stepping Stones,,8,Active,
5143,Chapter 8 Swamp Adventure,8,CBSE,Class 4,English,Get Smart A Multi-skill English Course,,8,Active,
5144,Chapter 8 Testament,8,CBSE,Class 8,English,Stepping Stones,,8,Active,
5145,Chapter 8 The Circulatory System,8,ICSE,Class 10,Biology,A New Approach to I.C.S.E. Biology (2023-24),,8,Active,
5146,Chapter 8 The Climate of India,8,CBSE,Class 4,Social Studies,Illustrative Social Studies,,8,Active,
5147,Chapter 8 The Climate of India,8,CBSE,Class 5,Social Studies,Illustrative Social Studies,,8,Active,
5148,Chapter 8 The Climate of Our Country,8,CBSE,Class 4,Social Studies,Social Studies  for Juniors,,8,Active,
5149,Chapter 8 The cow,8,CBSE,Class 2,English,Stepping Stones,,8,Active,
5150,Chapter 8 The Cyclops,8,CBSE,Class 5,English,Stepping Stones,,8,Active,
5151,Chapter 8 The Games We Play At School,8,CBSE,Class 1,English,Stepping Stones,,8,Active,
5152,Chapter 8 The Great Himalayas,8,CBSE,Class 5,Environmental Studies,Blue Planet (2023-24),,8,Active,
5153,Chapter 8 The Hare,8,CBSE,Class 4,English,Stepping Stones,,8,Active,
5154,Chapter 8 The Kettle who Gave Birth,8,CBSE,Class 5,English,Get Smart A Multi-skill English Course,,8,Active,
5155,Chapter 8 The Pronoun  Kinds Of Pronouns,8,CBSE,Class 5,English,Elementary English Grammar and Composition,,8,Active,
5156,Chapter 8 The Pronoun Kinds Of Pronouns,8,CBSE,Class 3,English,Elementary English Grammar and Composition,,8,Active,
5157,Chapter 8 The Rescue,8,CBSE,Class 6,English,Stepping Stones,,8,Active,
5158,Chapter 8 The Steaming Kettle,8,CBSE,Class 3,English,Stepping Stones,,8,Active,
5159,Chapter 8 Water,8,ICSE,Class 8,Chemistry,Learning Elementary Chemistry,,8,Active,
5160,Chapter 8 Weather and Climate,8,ICSE,Class 5,Social Studies,Essential Social Studies for (2023-24),,8,Active,
5161,"Chapter 8 Winds, Storms and Cyclones",8,CBSE,Class 7,Science,NCERT Science,,8,Active,
5162,Chapter 8 Working with Flash CS6,8,CBSE,Class 7,Computer Science,Enter  A Complete Course in Computer Science,,8,Active,
5163,Chapter 8 World Around Us,8,CBSE,Class 1,General Knowledge,General Knowledge Times,,8,Active,
5164,Chapter 8 World Around Us,8,CBSE,Class 2,General Knowledge,General Knowledge Times,,8,Active,
5165,Chapter 8 अकबरी लोटा,8,CBSE,Class 8,Hindi,Nikunj Hindi Pathmala,,1,Active,
5166,Chapter 8 अनोखा यज्ञ,8,CBSE,Class 5,Hindi,Nikunj Hindi Pathmala,,1,Active,
5167,Chapter 8 आओ नया समाज बनाएँ,8,CBSE,Class 5,Hindi,Nikunj Hindi Pathmala (2023-24),,8,Active,
5168,Chapter 8 ऐसा क्यों होता है,8,CBSE,Class 3,Hindi,Nikunj Hindi Pathmala,,1,Active,
5169,Chapter 8 ओ (ो) और औ (ौ),8,CBSE,Class 1,Hindi,Nikunj Hindi Pathmala,,1,Active,
5170,Chapter 8 ओ (ो) और औ (ौ),8,CBSE,Class 1,Hindi,Nikunj Hindi Pathmala (2023-24),,8,Active,
5171,Chapter 8 ओ और औ,8,CBSE,Class 1,Hindi,Nootan Saral Hindi Mala,,1,Active,
5172,Chapter 8 करनी का फल,8,CBSE,Class 2,Hindi,Nootan Saral Hindi Mala,,1,Active,
5173,Chapter 8 काल,8,CBSE,Class 5,Hindi,Naveen Hindi Vyavaharik Vyakaran Tatha Rachna,,8,Active,
5174,Chapter 8 खिड़की मेरे उपवन की,8,CBSE,Class 2,Hindi,Nikunj Hindi Pathmala (2023-24),,8,Active,
5175,Chapter 8 गौरवशाली भारतीय सेना लेख,8,CBSE,Class 4,Hindi,Nootan Saral Hindi Mala,,1,Active,
5176,Chapter 8 गौरवशाली भारतीय सेना लेख,8,CBSE,Class 4,Hindi,Nikunj Hindi Pathmala,,1,Active,
5177,Chapter 8 घुमक्कड़ कछुआ,8,CBSE,Class 4,Hindi,Nikunj Hindi Pathmala,,1,Active,
5178,Chapter 8 पशु के बारे में,8,CBSE,Class 1,Hindi,Naveen Hindi Vyavaharik Vyakaran Tatha Rachna,,8,Active,
5179,Chapter 8 मिटटी के दीपक,8,CBSE,Class 3,Hindi,Nikunj Hindi Pathmala (2023-24),,8,Active,
5180,Chapter 8 राजकुमारी रत्नावली,8,CBSE,Class 6,Hindi,Nikunj Hindi Pathmala,,1,Active,
5181,Chapter 8 विशेषण,8,CBSE,Class 3,Hindi,Naveen Hindi Vyavaharik Vyakaran Tatha Rachna,,8,Active,
5182,Chapter 8 विशेषण,8,CBSE,Class 4,Hindi,Naveen Hindi Vyavaharik Vyakaran Tatha Rachna,,8,Active,
5183,Chapter 8 वीर बाला पदमा,8,CBSE,Class 4,Hindi,Nikunj Hindi Pathmala (2023-24),,8,Active,
5184,Chapter 8 श' और 'स' का सही प्रयोग,8,CBSE,Class 2,Hindi,Naveen Hindi Vyavaharik Vyakaran Tatha Rachna,,8,Active,
5185,Chapter 8 संज्ञा,8,CBSE,Class 6,Hindi,Naveen Hindi Vyavaharik Vyakaran Tatha Rachna,,8,Active,
5186,Chapter 8 संज्ञा,8,CBSE,Class 7,Hindi,Naveen Hindi Vyavaharik Vyakaran Tatha Rachna,,8,Active,
5187,Chapter 8 समास,8,CBSE,Class 8,Hindi,Naveen Hindi Vyavaharik Vyakaran Tatha Rachna,,8,Active,
5188,Chapter 8 सुनिधि गई बाजार,8,CBSE,Class 2,Hindi,Nikunj Hindi Pathmala,,1,Active,
5189,Chapter 8 हिन्द महासागर में छोटा सा हिंदुस्तान,8,CBSE,Class 7,Hindi,Nikunj Hindi Pathmala,,1,Active,
5190,Chapter 8 પ્રમુખ સ્વામી મહારાજ,8,CBSE,Class 8,Gujarati,Meghdhanush,,8,Active,
5191,Chapter 8 રાઈ અને પર્વત,8,CBSE,Class 5,Gujarati,Meghdhanush,,8,Active,
5192,Chapter 8 વાસંતી સવાર,8,CBSE,Class 6,Gujarati,Meghdhanush,,8,Active,
5193,Chapter 8 વૈષ્ણવજન,8,CBSE,Class 7,Gujarati,Meghdhanush,,8,Active,
5194,Chapter 8 સાહસી બાલિકા,8,CBSE,Class 3,Gujarati,Meghdhanush,,8,Active,
5195,Chapter 8 સુનિધિ ગઈ બજાર,8,CBSE,Class 4,Gujarati,Meghdhanush,,8,Active,
5196,Chapter 8_Advanced Algorithms and Flowcharts,8,CBSE,Class 8,Computer Science,Desktop My Book of Computer Science,,8,Active,
5197,Chapter 8_LOGO Commands,8,CBSE,Class 3,Computer Science,Desktop My Book of Computer Science,,8,Active,
5198,Chapter 8 Data Handling,8,CBSE,Class 1,Mathematics,Illustrative Mathematics,,8,Active,
5199,Chapter 8 Festivals,8,CBSE,Class 4,Environmental Studies,Illustrative Environmental Studies,,8,Active,
5200,Chapter 8 Geometry,8,CBSE,Class 3,Mathematics,Illustrative Mathematics,,8,Active,
5201,Chapter 8 Health Is Wealth,8,CBSE,Class 2,Environmental Studies,Illustrative Environmental Studies,,8,Active,
5202,Chapter 8 Home is the Best,8,CBSE,Class 1,Social Studies,Illustrative Social Studies,,8,Active,
5203,Chapter 8 Hygiene and Safety,8,CBSE,Class 4,Science,Illustrative Science,,8,Active,
5204,Chapter 8 Keeping Healthy,8,CBSE,Class 1,Environmental Studies,Illustrative Environmental Studies,,8,Active,
5205,Chapter 8 Patterns,8,CBSE,Class 2,Mathematics,Illustrative Mathematics,,8,Active,
5206,Chapter 8 Patterns,8,CBSE,Class 4,Mathematics,Illustrative Mathematics,,8,Active,
5207,Chapter 8 Perimeter and Area,8,CBSE,Class 5,Mathematics,Illustrative Mathematics,,8,Active,
5208,Chapter 8 Safety and First Aid,8,CBSE,Class 3,Science,Illustrative Science,,8,Active,
5209,Chapter 8 Safety Rules,8,CBSE,Class 2,Science,Illustrative Science,,8,Active,
5210,"Chapter 8 Solids, Liquids and Gases",8,CBSE,Class 5,Science,Illustrative Science,,8,Active,
5211,Chapter 8 Sound and Noise,8,ICSE,Class 5,Science,Essential Science,,8,Active,
5212,Chapter 8: Measurement of Length,8,ICSE,Class 2,Mathematics,Foundation Mathematics (2023-24),,8,Active,
5213,Chapter 8: Measurement of Mass (or Weight),8,ICSE,Class 1,Mathematics,Foundation Mathematics (2023-24),,8,Active,
5214,Chapter 8.  Pronouns,8,CBSE,Class 2,English,Elementary English Grammar and Composition,,8,Active,
5215,Chapter 8. Angles and Triangles,8,ICSE,Class 5,Mathematics,Foundation Mathematics,,8,Active,
5216,Chapter 8. Angles and Triangles,8,ICSE,Class 5,Mathematics,Foundation Mathematics (2023-24),,8,Active,
5217,Chapter 8. Geometry,8,CBSE,Class 3,Mathematics,Mathematics Success,,8,Active,
5218,Chapter 8. Introduction to MS Access 2016,8,CBSE,Class 6,Computer Science,Computer Science Success,,8,Active,
5219,Chapter 8. Linear Equations in One Variable,8,CBSE,Class 8,Mathematics,Exploring Mathematics,,8,Active,
5220,Chapter 8. Multiples and Factors,8,ICSE,Class 4,Mathematics,Foundation Mathematics,,8,Active,
5221,Chapter 8. Multiples and Factors,8,ICSE,Class 4,Mathematics,Foundation Mathematics (2023-24),,8,Active,
5222,Chapter 8. Abnospheric Pollution,8,ICSE,Class 9,Chemistry,A New Approach to I.C.S.E. Chemistry (2023-24),,8,Active,
5223,Chapter 8. Active and Passive Voice,8,CBSE,Class 8,English Grammar,Step up English Grammar and Composition (For Acad. Year 2023-24),,8,Active,
5224,Chapter 8. Adaptation,8,ICSE,Class 6,Biology,Learning Elementary Biology,,8,Active,
5225,Chapter 8. Animating Presentation,8,ICSE,Class 6,Computer Science,My Book of Computer Studies,,8,Active,
5226,Chapter 8. Birds,8,CBSE,Class 3,Science,Science Success,,8,Active,
5227,Chapter 8. Body Movements,8,CBSE,Class 6,Science,Science Success,,8,Active,
5228,Chapter 8. Body Movements,8,CBSE,Class 6,Science,Learning Elementary Science,,8,Active,
5229,Chapter 8. Cell – Structure and Functions,8,CBSE,Class 8,Science,Learning Elementary Science,,8,Active,
5230,Chapter 8. Cell Structure and Functions,8,CBSE,Class 8,Science,Science Success,,8,Active,
5231,Chapter 8. Clothes,8,CBSE,Class 4,Science,Science Success (2023-24),,8,Active,
5232,Chapter 8. Computer Virus,8,CBSE,Class 5,Computer Science,Computer Science Success,,8,Active,
5233,Chapter 8. Data Handling,8,CBSE,Class 1,Mathematics,Mathematics Success,,8,Active,
5234,Chapter 8. Decimal,8,CBSE,Class 4,Mathematics,Star Maths,,8,Active,
5235,Chapter 8. Decimal,8,CBSE,Class 5,Mathematics,Star Maths,,8,Active,
5236,Chapter 8. E Commerce,8,CBSE,Class 7,Computer Science,Fun with Linux,,8,Active,
5237,Chapter 8. Eco Friendly,8,CBSE,Class 2,General Knowledge,General Knowledge Times (2023-24),,8,Active,
5238,Chapter 8. Educating and Civilising the People,8,CBSE,Class 8,Social Science,A Text Book of Social Sciences,,8,Active,
5239,Chapter 8. Features of File Management,8,ICSE,Class 4,Computer Science,My Book of Computer Studies,,8,Active,
5240,Chapter 8. Features of File Management,8,ICSE,Class 5,Computer Science,My Book of Computer Studies,,8,Active,
5241,Chapter 8. Festivals Galore,8,CBSE,Class 3,Environmental Studies,Blue Planet (2023-24),,8,Active,
5242,Chapter 8. Festivals Galore,8,CBSE,Class 3,Environmental Studies,Blue Planet,,8,Active,
5243,Chapter 8. File Management Organisation of Folders,8,ICSE,Class 3,Computer Science,My Book of Computer Studies,,8,Active,
5244,Chapter 8. Five Kingdom Classification,8,ICSE,Class 9,Biology,A New Approach to I.C.S.E. Biology (2023-24),,8,Active,
5245,Chapter 8. Food & Health,8,CBSE,Class 5,Science,Learning Elementary Science,,8,Active,
5246,Chapter 8. Food Production,8,ICSE,Class 8,Biology,Learning Elementary Biology,,8,Active,
5247,Chapter 8. Force And Laws of Motion,8,CBSE,Class 9,Science,NCQRT Science,,8,Active,
5248,Chapter 8. Force and Pressure,8,CBSE,Class 8,Science,Learning Elementary Science (For Acad. Year 2023-24),,8,Active,
5249,Chapter 8. Geometrical Shapes,8,CBSE,Class 1,Mathematics,Star Maths,,8,Active,
5250,Chapter 8. Geometry,8,CBSE,Class 5,Mathematics,Exploring Mathematics,,8,Active,
5251,Chapter 8. Health Is Wealth,8,CBSE,Class 2,Environmental Studies,Blue Planet,,8,Active,
5252,Chapter 8. Housing and Clothes,8,CBSE,Class 2,Science,Learning Elementary Science,,8,Active,
5253,Chapter 8. Housing and Clothes,8,CBSE,Class 2,Science,Learning Elementary Science (For Acad. Year 2023-24),,8,Active,
5254,Chapter 8. Housing and Clothing,8,CBSE,Class 1,Science,Learning Elementary Science,,8,Active,
5255,Chapter 8. Internet,8,CBSE,Class 4,Computer Science,Computer Science Success,,8,Active,
5256,Chapter 8. Internet Telephony,8,CBSE,Class 8,Computer Science,Fun with Linux,,8,Active,
5257,Chapter 8. Introduction to MS Access,8,ICSE,Class 7,Computer Science,My Book of Computer Studies,,8,Active,
5258,Chapter 8. Introduction to Scratch,8,CBSE,Class 3,Computer Science,Computer Science Success,,8,Active,
5259,Chapter 8. Introduction to Trigonometry,8,CBSE,Class 10,Mathematics,NCQRT Mathematics,,8,Active,
5260,Chapter 8. Introduction to Trigonometry,8,CBSE,Class 10,Mathematics,NCERT Mathematics,,8,Active,
5261,Chapter 8. Keeping Healthy,8,CBSE,Class 1,Environmental Studies,Blue Planet,,8,Active,
5262,Chapter 8. Light,8,ICSE,Class 9,Physics,A New Approach to I.C.S.E. Physics (2023-24),,8,Active,
5263,"Chapter 8. Light, Shadows and Reflection",8,CBSE,Class 6,Science,Learning Elementary Science (For Acad. Year 2023-24),,8,Active,
5264,Chapter 8. Mandy's Vacation,8,CBSE,Class 1,English,Get Smart A Multi-skill English Course,,8,Active,
5265,Chapter 8. Means Of Transport,8,CBSE,Class 5,Social Studies,Social Studies Success (2023-24),,8,Active,
5266,Chapter 8. Measurement of Length,8,ICSE,Class 3,Mathematics,Foundation Mathematics,,8,Active,
5267,Chapter 8. Measurement of Length,8,ICSE,Class 3,Mathematics,Foundation Mathematics (2023-24),,8,Active,
5268,Chapter 8. Mineral and Energy Resources I,8,ICSE,Class 10,Geography,A Textbook of Geography (2023-24),,8,Active,
5269,Chapter 8. Money,8,CBSE,Class 3,Mathematics,Star Maths,,8,Active,
5270,Chapter 8. Money,8,CBSE,Class 2,Mathematics,Star Maths,,8,Active,
5271,Chapter 8. More on C++,8,CBSE,Class 8,Computer Science,Computer Science Success,,8,Active,
5272,Chapter 8. More on HTML,8,CBSE,Class 7,Computer Science,Computer Science Success,,8,Active,
5273,Chapter 8. Multimedia,8,CBSE,Class 4,Computer Science,Fun with Linux,,8,Active,
5274,Chapter 8. Names of Workers,8,CBSE,Class 1,English,Elementary English Grammar and Composition,,8,Active,
5275,Chapter 8. Numbers up to 100,8,CBSE,Class 1,Mathematics,Exploring Mathematics,,8,Active,
5276,Chapter 8. Patterns,8,CBSE,Class 2,Mathematics,Mathematics Success,,8,Active,
5277,Chapter 8. Patterns,8,CBSE,Class 4,Mathematics,Mathematics Success,,8,Active,
5278,Chapter 8. Patterns and Symmetry,8,CBSE,Class 3,Mathematics,Exploring Mathematics,,8,Active,
5279,Chapter 8. Perimeter and Area,8,CBSE,Class 5,Mathematics,Mathematics Success,,8,Active,
5280,"Chapter 8. Personal Pronouns: Number, Gender and Case",8,CBSE,Class 6,English Grammar,Step up English Grammar and Composition (For Acad. Year 2023-24),,8,Active,
5281,Chapter 8. Private vs. Public,8,CBSE,Class 4,Environmental Studies,Blue Planet (2023-24),,8,Active,
5282,Chapter 8. Private vs. Public,8,CBSE,Class 4,Environmental Studies,Blue Planet,,8,Active,
5283,Chapter 8. Quadrilaterals,8,CBSE,Class 9,Mathematics,NCQRT Mathematics,,8,Active,
5284,Chapter 8. Quadrilaterals,8,CBSE,Class 9,Mathematics,NCERT Mathematics,,8,Active,
5285,Chapter 8. Quantitative Quiz,8,CBSE,Class 1,General Aptitude,Know Your Aptitude,,8,Active,
5286,Chapter 8. Quantitative Quiz,8,CBSE,Class 2,General Aptitude,Know Your Aptitude,,8,Active,
5287,Chapter 8. Ratio and Proportion,8,ICSE,Class 6,Mathematics,Foundation Mathematics,,8,Active,
5288,Chapter 8. Ratio and Proportion,8,ICSE,Class 6,Mathematics,Foundation Mathematics,,8,Active,
5289,Chapter 8. Ratio and Proportion,8,ICSE,Class 6,Mathematics,Foundation Mathematics (2023-24),,8,Active,
5290,"Chapter 8. Ratio,  Proportion and Unitary Method",8,CBSE,Class 7,Mathematics,Exploring Mathematics,,8,Active,
5291,"Chapter 8. Ratio, Proportion and Unitary Method",8,CBSE,Class 6,Mathematics,Exploring Mathematics,,8,Active,
5292,Chapter 8. Reproduction in Plants,8,CBSE,Class 7,Science,Learning Elementary Science (For Acad. Year 2023-24),,8,Active,
5293,Chapter 8. Rocks And Minerals,8,CBSE,Class 5,Science,Science Success (2023-24),,8,Active,
5294,Chapter 8. Safety and First Aid,8,CBSE,Class 3,Science,Learning Elementary Science,,8,Active,
5295,Chapter 8. Safety First,8,CBSE,Class 1,Science,Learning Elementary Science (For Acad. Year 2023-24),,8,Active,
5296,Chapter 8. Safety Rules,8,CBSE,Class 2,Science,Science Success,,8,Active,
5297,Chapter 8. Save Every Drop,8,CBSE,Class 1,General Knowledge,General Knowledge Times (2023-24),,8,Active,
5298,Chapter 8. Shapes,8,CBSE,Class 2,Mathematics,Exploring Mathematics,,8,Active,
5299,Chapter 8. Simple Interest and Compound Interest,8,ICSE,Class 8,Mathematics,Foundation Mathematics (2023-24),,8,Active,
5300,Chapter 8. Skeletal System,8,CBSE,Class 5,Science,Science Success,,8,Active,
5301,Chapter 8. Social Change Mobile and Settled Communities,8,CBSE,Class 7,Social Science,A Text Book of Social Sciences,,8,Active,
5302,Chapter 8. Soil: A Natural Wonder,8,CBSE,Class 3,Science,Science Success (2023-24),,8,Active,
5303,"Chapter 8. Space, Shapes and Patterns",8,CBSE,Class 4,Mathematics,Exploring Mathematics,,8,Active,
5304,Chapter 8. Speak up for What's Right,8,CBSE,Class 2,English,Get Smart A Multi-skill English Course,,8,Active,
5305,Chapter 8. The Relative Pronouns,8,CBSE,Class 4,English,Elementary English Grammar and Composition,,8,Active,
5306,Chapter 8. The Circulatory System,8,ICSE,Class 10,Biology,A New Approach to ICSE Biology,,8,Active,
5307,Chapter 8. The First Empire : Ashoka The Great (The Emperor who gave up War),8,CBSE,Class 6,Social Science,A Text Book of Social Sciences,,8,Active,
5308,Chapter 8. The Great Himalayas,8,CBSE,Class 5,Environmental Studies,Blue Planet,,8,Active,
5309,Chapter 8. The Internet as Post Office,8,CBSE,Class 6,Computer Science,Fun with Linux,,8,Active,
5310,Chapter 8. The Right Clothes to Wear,8,CBSE,Class 4,Science,Learning Elementary Science,,8,Active,
5311,Chapter 8. Unitary Method,8,ICSE,Class 7,Mathematics,Foundation Mathematics (2023-24),,8,Active,
5312,Chapter 8. Using Loops in C++,8,ICSE,Class 8,Computer Science,My Book of Computer Studies,,8,Active,
5313,Chapter 8. Virus and Antivirus,8,CBSE,Class 5,Computer Science,Fun with Linux,,8,Active,
5314,"Chapter 8. Weather, Climate and Adaptations of Animals to climate",8,CBSE,Class 7,Science,Learning Elementary Science,,8,Active,
5315,"Chapter 8. Winds, Storms and Cyclones",8,CBSE,Class 7,Science,Science Success,,8,Active,
5316,"Chapter 8. अनुस्वार चंद्रबिंदु ,तथा विसर्ग का प्रयोग",8,CBSE,Class 1,Hindi,Bal Bhasha Bharti,,8,Active,
5317,Chapter 8. फ़ास्ट फ़ूड और हमारा स्वास्थ्य,8,CBSE,Class 6,Hindi,Nootan Saral Hindi Mala,,8,Active,
5318,Chapter 8. बुलंद नारे आज़ादी के,8,CBSE,Class 5,Hindi,Nootan Saral Hindi Mala,,8,Active,
5319,Chapter 8. युवा व्यवसायी : विजय शेखर शर्मा,8,CBSE,Class 7,Hindi,Nootan Saral Hindi Mala,,8,Active,
5320,Chapter 8. सुरक्षा कवच,8,CBSE,Class 8,Hindi,Nootan Saral Hindi Mala,,8,Active,
5321,Chapter 8.अन्याय का मुकाबला,8,CBSE,Class 3,Hindi,Bal Bhasha Bharti,,8,Active,
5322,Chapter 8.कबड्ड़ी का खेल,8,CBSE,Class 4,Hindi,Bal Bhasha Bharti,,8,Active,
5323,Chapter 8.बाधा पर विजय,8,CBSE,Class 5,Hindi,Bal Bhasha Bharti,,8,Active,
5324,Chapter 8.राजकुमार और हंस,8,CBSE,Class 2,Hindi,Bal Bhasha Bharti,,8,Active,
5325,Chapter 9  संज्ञा,9,CBSE,Class 8,Hindi,Naveen Hindi Vyavaharik Vyakaran Tatha Rachna,,9,Active,
5326,Chapter 9 Measurement of Capacity,9,ICSE,Class 1,Mathematics,Foundation Mathematics,,9,Active,
5327,Chapter 9 Measurement of Mass & Weight,9,ICSE,Class 2,Mathematics,Foundation Mathematics,,9,Active,
5328,Chapter 9 Soil,9,CBSE,Class 7,Science,NCERT Science,,9,Active,
5329,Chapter 9 The  Preposition,9,CBSE,Class 3,English,Elementary English Grammar and Composition,,9,Active,
5330,Chapter 9 Understanding Indian Heritage,9,ICSE,Class 3,Social Studies,Essential Social Studies for (2023-24),,9,Active,
5331,Chapter 9 : Forests and Wildlife of India,9,CBSE,Class 4,Social Studies,Social Studies Success,,1,Active,
5332,Chapter 9 : Matrices,9,ICSE,Class 10,Mathematics,I.C.S.E. Foundation Mathematics (2023-24),,9,Active,
5333,Chapter 9 : Means of Communication,9,CBSE,Class 3,Social Studies,Social Studies Success,,1,Active,
5334,Chapter 9 : Means of communication,9,CBSE,Class 5,Social Studies,Social Studies Success,,1,Active,
5335,Chapter 9 : Midpoint And Intercept Theorem,9,ICSE,Class 9,Mathematics,I.C.S.E. Foundation Mathematics (2023-24),,9,Active,
5336,Chapter 9 : Percentage,9,ICSE,Class 7,Mathematics,Foundation Mathematics,,9,Active,
5337,Chapter 9 : Places of Worship,9,CBSE,Class 2,Social Studies,Social Studies Success,,1,Active,
5338,Chapter 9 : Ratio And proportion,9,ICSE,Class 8,Mathematics,Foundation Mathematics,,9,Active,
5339,Chapter 9 : Rooms in the House,9,CBSE,Class 1,Social Studies,Social Studies Success,,1,Active,
5340,Chapter 9 : The New Seven Wonders of the World,3,CBSE,Class 5,General Knowledge,General Knowledge Times (2023-24),,3,Active,
5341,Chapter 9 : When in Russia ...,6,CBSE,Class 4,General Knowledge,General Knowledge Times (2023-24),,6,Active,
5342,Chapter 9 A Hostile Desert,9,CBSE,Class 7,English,Stepping Stones,,9,Active,
5343,Chapter 9 A House to Live in,9,CBSE,Class 5,Science,Learning Elementary Science (For Acad. Year 2023-24),,9,Active,
5344,Chapter 9 A Tale of Courage,9,CBSE,Class 3,Moral Science,The Mirror of Values,,9,Active,
5345,Chapter 9 Adaptation in Animals,9,CBSE,Class 4,Science,Science Success,,1,Active,
5346,Chapter 9 Addition and Subtraction up to 99,9,CBSE,Class 1,Mathematics,Progress in Mathematics,,9,Active,
5347,Chapter 9 Algebraic Expressions and Identities,9,CBSE,Class 8,Mathematics,NCERT Mathematics,,9,Active,
5348,Chapter 9 Ammonia And Nitric Acid,9,ICSE,Class 10,Chemistry,A New Approach to I.C.S.E. Chemistry,,9,Active,
5349,Chapter 9 Ammonia And Nitric Acid,9,ICSE,Class 10,Chemistry,A New Approach to I.C.S.E. Chemistry (2023-24),,9,Active,
5350,Chapter 9 Analogy,9,CBSE,Class 5,General Aptitude,Know Your Aptitude,,9,Active,
5351,Chapter 9 Areas of parallelograms and Triangles,9,CBSE,Class 9,Mathematics,A Complete Course in Mathematics,,9,Active,
5352,Chapter 9 Articles,9,CBSE,Class 5,English Grammar,Step up English Grammar and Composition (For Acad. Year 2023-24),,9,Active,
5353,"Chapter 9 Australia  Location, Political Divisions And Physical Features",9,ICSE,Class 7,Geography,A Textbook of Geography (2023-24),,9,Active,
5354,Chapter 9 Basic Geometrical Ideas,9,CBSE,Class 6,Mathematics,Mathematics Success (2023-24),,9,Active,
5355,Chapter 9 Basic Geometrical Ideas,9,CBSE,Class 6,Mathematics,Mathematics Success,,9,Active,
5356,Chapter 9 Being Gentle and Loving,9,CBSE,Class 4,Moral Science,The Mirror of Values,,9,Active,
5357,Chapter 9 Blood Relations,9,CBSE,Class 7,General Aptitude,Know Your Aptitude,,9,Active,
5358,Chapter 9 Blood Relations,9,CBSE,Class 8,General Aptitude,Know Your Aptitude,,9,Active,
5359,Chapter 9 Carbon and its Compounds,9,ICSE,Class 8,Chemistry,Learning Elementary Chemistry,,9,Active,
5360,Chapter 9 Colours,9,CBSE,Class 1,English,Stepping Stones,,9,Active,
5361,Chapter 9 Communication,9,CBSE,Class 5,Social Studies,Social Studies  for Juniors,,9,Active,
5362,Chapter 9 Comparing Quantities,9,CBSE,Class 8,Mathematics,Progress in Mathematics,,9,Active,
5363,Chapter 9 Compound Interest,9,CBSE,Class 8,Mathematics,Mathematics Success (2023-24),,9,Active,
5364,Chapter 9 Data Handling,9,CBSE,Class 6,Mathematics,NCERT Mathematics,,9,Active,
5365,Chapter 9 Dignity of Labour,9,CBSE,Class 5,Moral Science,The Mirror of Values,,9,Active,
5366,Chapter 9 Direction Sense Test,9,CBSE,Class 6,General Aptitude,Know Your Aptitude,,9,Active,
5367,Chapter 9 Electric Energy Power And Household Circuits,9,ICSE,Class 10,Physics,A New Approach to I.C.S.E. Physics (2023-24),,9,Active,
5368,Chapter 9 Electricity and Circuits,9,CBSE,Class 6,Science,Science Success (2023-24),,9,Active,
5369,Chapter 9 Force And Laws Of Motion,9,CBSE,Class 9,Science,NCERT Science,,9,Active,
5370,Chapter 9 Forests And Wildlife of India,9,CBSE,Class 4,Social Studies,Essential Social Studies for (2023-24),,9,Active,
5371,Chapter 9 Forests And Wildlife of India,9,CBSE,Class 4,Social Studies,Social Studies Success (2023-24),,9,Active,
5372,Chapter 9 Forests and Wildlife of India,9,CBSE,Class 4,Social Studies,Illustrative Social Studies,,9,Active,
5373,Chapter 9 Formatting Cells in MS Excel 2010,9,CBSE,Class 7,Computer Science,Exploring Computer Science,,9,Active,
5374,Chapter 9 Formatting Cells in MS Excel 2010,9,CBSE,Class 7,Computer Science,Desktop My Book of Computer Science,,9,Active,
5375,Chapter 9 Formatting Document in MS Word,9,CBSE,Class 4,Computer Science,Enter  A Complete Course in Computer Science,,9,Active,
5376,Chapter 9 Friction,9,CBSE,Class 8,Science,Science Success (2023-24),,9,Active,
5377,Chapter 9 From A Railway Carriage,9,CBSE,Class 6,English,Stepping Stones,,9,Active,
5378,Chapter 9 Functions in QBASIC,9,CBSE,Class 6,Computer Science,Enter  A Complete Course in Computer Science,,9,Active,
5379,Chapter 9 Good Manners and Habits,9,CBSE,Class 1,Environmental Studies,Blue Planet (2023-24),,9,Active,
5380,Chapter 9 Hard Work —The Key to Success,9,CBSE,Class 1,Moral Science,The Mirror of Values,,9,Active,
5381,Chapter 9 Health and Safety,9,CBSE,Class 4,Social Studies,Illustrative Environmental Studies,,9,Active,
5382,Chapter 9 Heredity and Evolution,9,CBSE,Class 10,Science,NCERT Science,,9,Active,
5383,Chapter 9 I Will Think of It,9,CBSE,Class 5,English,Get Smart A Multi-skill English Course,,9,Active,
5384,Chapter 9 India  Location and Extent,9,ICSE,Class 5,Social Studies,Essential Social Studies for (2023-24),,9,Active,
5385,"Chapter 9 India : Climate, Flora And Fauna",9,ICSE,Class 8,Geography,A Textbook of Geography (2023-24),,9,Active,
5386,Chapter 9 Internet,9,CBSE,Class 5,Computer Science,Enter  A Complete Course in Computer Science,,9,Active,
5387,Chapter 9 Introduction to Dreamweaver,9,CBSE,Class 8,Computer Science,Enter  A Complete Course in Computer Science,,9,Active,
5388,Chapter 9 Introduction to Dreamweaver CS6,9,CBSE,Class 8,Computer Science,Exploring Computer Science,,9,Active,
5389,Chapter 9 Introduction to Photoshop CS6,9,CBSE,Class 7,Computer Science,Enter  A Complete Course in Computer Science,,9,Active,
5390,Chapter 9 Just a Little Bit of Luck,9,CBSE,Class 4,English,Stepping Stones,,9,Active,
5391,Chapter 9 Keeping Healthy and Fit,9,CBSE,Class 1,Science,Illustrative Science,,9,Active,
5392,Chapter 9 Keeping Healthy and Fit,9,CBSE,Class 1,Science,Science Success (2023-24),,9,Active,
5393,Chapter 9 Light,9,ICSE,Class 4,Science,Essential Science (2023-24),,9,Active,
5394,Chapter 9 Light,9,ICSE,Class 4,Science,Essential Science,,9,Active,
5395,Chapter 9 Light,9,CBSE,Class 10,Science,NCQRT Science,,9,Active,
5396,Chapter 9 Lines and Angles,9,CBSE,Class 7,Mathematics,Mathematics Success (2023-24),,9,Active,
5397,Chapter 9 Lines and Angles,9,CBSE,Class 7,Mathematics,Mathematics Success,,9,Active,
5398,Chapter 9 Local Celebrations and Games,9,CBSE,Class 3,Social Studies,Illustrative Environmental Studies,,9,Active,
5399,Chapter 9 Local Celebrations and Games,9,CBSE,Class 3,Environmental Studies,Illustrative Environmental Studies,,9,Active,
5400,Chapter 9 Means Of Communication,9,CBSE,Class 3,Social Studies,Social Studies Success (2023-24),,9,Active,
5401,Chapter 9 Means of Transport,9,CBSE,Class 3,Social Studies,Social Studies  for Juniors,,9,Active,
5402,Chapter 9 Means of Transport,9,CBSE,Class 3,Social Studies,Illustrative Social Studies,,1,Inactive,
5403,Chapter 9 Measurement,9,CBSE,Class 2,Mathematics,Mathematics Success (2023-24),,9,Active,
5404,Chapter 9 Measurement,9,CBSE,Class 4,Mathematics,Mathematics Success (2023-24),,9,Active,
5405,Chapter 9 Measurement,9,CBSE,Class 3,Mathematics,Progress in Mathematics,,9,Active,
5406,Chapter 9 Measurement,9,CBSE,Class 4,Mathematics,Progress in Mathematics,,9,Active,
5407,Chapter 9 Measurement of Volume,9,CBSE,Class 5,Mathematics,Mathematics Success (2023-24),,9,Active,
5408,Chapter 9 Mira helps to clean her room,9,CBSE,Class 2,English,Stepping Stones,,9,Active,
5409,Chapter 9 Motion and Time,9,CBSE,Class 7,Science,Science Success (2023-24),,9,Active,
5410,Chapter 9 My Family,9,CBSE,Class 1,Social Studies,Social Studies  for Juniors,,9,Active,
5411,Chapter 9 Neighborhood Services,9,CBSE,Class 2,Social Studies,Social Studies  for Juniors,,9,Active,
5412,Chapter 9 Nouns: Singular and Plural,9,CBSE,Class 4,English Grammar,Step up English Grammar and Composition (For Acad. Year 2023-24),,9,Active,
5413,Chapter 9 Numbers up to 100,9,CBSE,Class 1,Mathematics,Mathematics Success (2023-24),,9,Active,
5414,Chapter 9 Patterns,9,CBSE,Class 3,General Aptitude,Know Your Aptitude,,9,Active,
5415,Chapter 9 Patterns,9,CBSE,Class 4,General Aptitude,Know Your Aptitude,,9,Active,
5416,Chapter 9 Patterns,9,CBSE,Class 3,Mathematics,Mathematics Success (2023-24),,9,Active,
5417,Chapter 9 Patterns,9,CBSE,Class 2,Mathematics,Progress in Mathematics,,9,Active,
5418,Chapter 9 Percentage and Its Applications,9,CBSE,Class 7,Mathematics,Progress in Mathematics,,9,Active,
5419,Chapter 9 Percentage and Its Applications,9,CBSE,Class 8,Mathematics,Mathematics Success,,9,Active,
5420,Chapter 9 Places of Worship,9,CBSE,Class 2,Social Studies,Social Studies Success (2023-24),,9,Active,
5421,Chapter 9 Possessive Naming Words,9,CBSE,Class 2,English Grammar,Step up English Grammar and Composition (For Acad. Year 2023-24),,9,Active,
5422,Chapter 9 Pronouns,9,CBSE,Class 3,English Grammar,Step up English Grammar and Composition (For Acad. Year 2023-24),,9,Active,
5423,Chapter 9 Rational Numbers,9,CBSE,Class 7,Mathematics,NCERT Mathematics,,9,Active,
5424,Chapter 9 Reproduction In Animals,9,CBSE,Class 8,Science,NCERT Science,,9,Active,
5425,"Chapter 9 Robot, the Life Saver",9,CBSE,Class 3,English,Get Smart A Multi-skill English Course,,9,Active,
5426,Chapter 9 Rooms in a House,9,CBSE,Class 1,Social Studies,Social Studies Success (2023-24),,9,Active,
5427,Chapter 9 Safety in Emergency,9,CBSE,Class 5,Environmental Studies,Illustrative Environmental Studies,,9,Active,
5428,Chapter 9 Safety Rules,9,CBSE,Class 2,Environmental Studies,Blue Planet (2023-24),,9,Active,
5429,Chapter 9 Science And Technology,9,CBSE,Class 3,General Knowledge,General Knowledge Times,,9,Active,
5430,Chapter 9 Science And Technology,9,CBSE,Class 4,General Knowledge,General Knowledge Times,,9,Active,
5431,Chapter 9 Shapes and Patterns,9,CBSE,Class 5,Mathematics,Progress in Mathematics,,9,Active,
5432,Chapter 9 Soils of India,9,CBSE,Class 4,Social Studies,Social Studies  for Juniors,,9,Active,
5433,"Chapter 9 Solid, Liquids and Gases",9,CBSE,Class 3,Science,Learning Elementary Science (For Acad. Year 2023-24),,9,Active,
5434,"Chapter 9 Solid, Liquids and Gases",9,CBSE,Class 4,Science,Learning Elementary Science (For Acad. Year 2023-24),,9,Active,
5435,"Chapter 9 Solid, Liquids and Gases",9,CBSE,Class 4,Science,Learning Elementary Science (For Acad. Year 2023-24),,9,Active,
5436,Chapter 9 Some Application of Trigonometry,9,CBSE,Class 10,Mathematics,A Complete Course in Mathematics,,9,Active,
5437,Chapter 9 Sports And Entertainment,9,CBSE,Class 1,General Knowledge,General Knowledge Times,,9,Active,
5438,Chapter 9 Sports And Entertainment,9,CBSE,Class 2,General Knowledge,General Knowledge Times,,9,Active,
5439,Chapter 9 The Excretory System,9,ICSE,Class 10,Biology,A New Approach to I.C.S.E. Biology (2023-24),,9,Active,
5440,Chapter 9 The Golden Touch,9,CBSE,Class 3,English,Stepping Stones,,9,Active,
5441,Chapter 9 The Great Himalayas,9,CBSE,Class 5,Social Studies,Illustrative Social Studies,,9,Active,
5442,Chapter 9 The Inchcape Rock,9,CBSE,Class 8,English,Stepping Stones,,9,Active,
5443,Chapter 9 The Living Organisms — Characteristics And Habitats,9,CBSE,Class 6,Science,NCERT Science,,9,Active,
5444,Chapter 9 The Northern Plains,9,CBSE,Class 5,Environmental Studies,Blue Planet (2023-24),,9,Active,
5445,Chapter 9 The Owl and the Pussy Cat,9,CBSE,Class 5,English,Stepping Stones,,9,Active,
5446,Chapter 9 The Preposition,9,CBSE,Class 5,English,Elementary English Grammar and Composition,,9,Active,
5447,Chapter 9 The Proud Moment,9,CBSE,Class 4,English,Get Smart A Multi-skill English Course,,9,Active,
5448,Chapter 9 The States of India,9,ICSE,Class 4,Social Studies,Essential Social Studies for (2023-24),,9,Active,
5449,Chapter 9 Things Around Us,9,CBSE,Class 2,Science,Science Success (2023-24),,9,Active,
5450,"Chapter 9 This, That, These, Those",9,CBSE,Class 1,English Grammar,Step up English Grammar and Composition (For Acad. Year 2023-24),,9,Active,
5451,Chapter 9 Water as a Resource,9,ICSE,Class 3,Science,Essential Science,,9,Active,
5452,Chapter 9 Water as a Resource,9,ICSE,Class 3,Science,Essential Science (2023-24),,9,Active,
5453,Chapter 9 Weathering And Denudation,9,ICSE,Class 9,Geography,A Textbook of Geography (2023-24),,9,Active,
5454,Chapter 9 Weathering and Denudation,9,ICSE,Class 9,Geography,A Textbook of Geography (2023-24),,9,Active,
5455,Chapter 9 Wise Solomon,9,CBSE,Class 2,Moral Science,The Mirror of Values,,9,Active,
5456,Chapter 9 Work and Energy,9,ICSE,Class 5,Science,Essential Science (2023-24),,9,Active,
5457,Chapter 9 Work and Energy,9,ICSE,Class 5,Science,Essential Science,,9,Active,
5458,Chapter 9 अनुस्वार (µं) चंद्रबिंदु (µँ) तथा विसर्ग (ः),9,CBSE,Class 1,Hindi,Nikunj Hindi Pathmala,,1,Active,
5459,Chapter 9 अनुस्वार (µं) चंद्रबिंदु (µँ) तथा विसर्ग (ः),9,CBSE,Class 1,Hindi,Nikunj Hindi Pathmala (2023-24),,9,Active,
5460,"Chapter 9 अनुस्वार चंद्रबिंदु ,तथा विसर्ग",9,CBSE,Class 1,Hindi,Nootan Saral Hindi Mala,,1,Active,
5461,Chapter 9 अविकारी शब्द,9,CBSE,Class 5,Hindi,Naveen Hindi Vyavaharik Vyakaran Tatha Rachna,,9,Active,
5462,Chapter 9 आज़ाद पंछी,9,CBSE,Class 2,Hindi,Nikunj Hindi Pathmala (2023-24),,9,Active,
5463,Chapter 9 एक शहर है फूलों का,9,CBSE,Class 4,Hindi,Nikunj Hindi Pathmala,,1,Active,
5464,Chapter 9 क्रिया,9,CBSE,Class 3,Hindi,Naveen Hindi Vyavaharik Vyakaran Tatha Rachna,,9,Active,
5465,Chapter 9 क्रिया,9,CBSE,Class 4,Hindi,Naveen Hindi Vyavaharik Vyakaran Tatha Rachna,,9,Active,
5466,Chapter 9 चतुर गीदड़,9,CBSE,Class 3,Hindi,Nikunj Hindi Pathmala,,2,Active,
5467,Chapter 9 देश हमारा,9,CBSE,Class 4,Hindi,Nootan Saral Hindi Mala,,1,Active,
5468,Chapter 9 देश हमारा,9,CBSE,Class 4,Hindi,Nikunj Hindi Pathmala,,1,Active,
5469,Chapter 9 पक्षी के बारे में,9,CBSE,Class 1,Hindi,Naveen Hindi Vyavaharik Vyakaran Tatha Rachna,,9,Active,
5470,Chapter 9 पेड़ लगाओ,9,CBSE,Class 2,Hindi,Nootan Saral Hindi Mala,,1,Active,
5471,Chapter 9 प्रकृति का संदेश,9,CBSE,Class 5,Hindi,Nikunj Hindi Pathmala,,1,Active,
5472,Chapter 9 ब' और 'व' का सही प्रयोग,9,CBSE,Class 2,Hindi,Naveen Hindi Vyavaharik Vyakaran Tatha Rachna,,9,Active,
5473,Chapter 9 बाल  लीला,9,CBSE,Class 8,Hindi,Nikunj Hindi Pathmala,,1,Active,
5474,Chapter 9 मत बाँटो इंसान को,9,CBSE,Class 7,Hindi,Nikunj Hindi Pathmala,,1,Active,
5475,Chapter 9 मिठाई की जड़,9,CBSE,Class 3,Hindi,Nootan Saral Hindi Mala,,1,Active,
5476,Chapter 9 राई और पर्वत,9,CBSE,Class 6,Hindi,Nikunj Hindi Pathmala,,1,Active,
5477,Chapter 9 श्रेयश की डायरी,9,CBSE,Class 4,Hindi,Nikunj Hindi Pathmala (2023-24),,9,Active,
5478,Chapter 9 संज्ञा विकार : लिंग,9,CBSE,Class 6,Hindi,Naveen Hindi Vyavaharik Vyakaran Tatha Rachna,,9,Active,
5479,Chapter 9 संज्ञा विकार : लिंग,9,CBSE,Class 7,Hindi,Naveen Hindi Vyavaharik Vyakaran Tatha Rachna,,9,Active,
5480,Chapter 9 सुनहरा टापू,9,CBSE,Class 3,Hindi,Nikunj Hindi Pathmala,,1,Active,
5481,Chapter 9 सुनहरा टापू,9,CBSE,Class 3,Hindi,Nikunj Hindi Pathmala (2023-24),,9,Active,
5482,Chapter 9 स्वर्ण पदक विजेता नीरज चोपड़ा,9,CBSE,Class 5,Hindi,Nikunj Hindi Pathmala (2023-24),,9,Active,
5483,Chapter 9 होली है,9,CBSE,Class 2,Hindi,Nikunj Hindi Pathmala,,1,Active,
5484,Chapter 9 એવરેસ્ટથી પણ ઊંચા સ્વપ્ન,9,CBSE,Class 6,Gujarati,Meghdhanush,,9,Active,
5485,Chapter 9 ગુલીવરની યાત્રા,9,CBSE,Class 7,Gujarati,Meghdhanush,,9,Active,
5486,Chapter 9 જ્યોત પ્રગટાવતા રહો,9,CBSE,Class 8,Gujarati,Meghdhanush,,9,Active,
5487,Chapter 9 રાજકુમાર અને હંસ,9,CBSE,Class 4,Gujarati,Meghdhanush,,9,Active,
5488,Chapter 9 શ્રેષઠ કોણ ?,9,CBSE,Class 3,Gujarati,Meghdhanush,,9,Active,
5489,Chapter 9 સમય,9,CBSE,Class 5,Gujarati,Meghdhanush,,9,Active,
5490,Chapter 9_Introduction to Dreamweaver CS6,9,CBSE,Class 8,Computer Science,Desktop My Book of Computer Science,,9,Active,
5491,"Chapter 9 Force, Energy and Simple Machines",9,CBSE,Class 5,Science,Illustrative Science,,9,Active,
5492,Chapter 9 Good Manners and Habits,9,CBSE,Class 1,Environmental Studies,Illustrative Environmental Studies,,9,Active,
5493,Chapter 9 Health and Safety,9,CBSE,Class 4,Environmental Studies,Illustrative Environmental Studies,,9,Active,
5494,Chapter 9 Measurement,9,CBSE,Class 2,Mathematics,Illustrative Mathematics,,9,Active,
5495,Chapter 9 Measurement,9,CBSE,Class 4,Mathematics,Illustrative Mathematics,,9,Active,
5496,Chapter 9 Measurement of Volume,9,CBSE,Class 5,Mathematics,Illustrative Mathematics,,9,Active,
5497,Chapter 9 Numbers up to 100,9,CBSE,Class 1,Mathematics,Illustrative Mathematics,,9,Active,
5498,Chapter 9 Patterns,9,CBSE,Class 3,Mathematics,Illustrative Mathematics,,9,Active,
5499,Chapter 9 Safety Rules,9,CBSE,Class 2,Environmental Studies,Illustrative Environmental Studies,,9,Active,
5500,Chapter 9 Soil: A Natural Wonder,9,CBSE,Class 3,Science,Illustrative Science,,9,Active,
5501,"Chapter 9 Solids, Liquids and Gases",9,CBSE,Class 4,Science,Illustrative Science,,9,Active,
5502,Chapter 9 Things Around Us,9,CBSE,Class 2,Science,Illustrative Science,,9,Active,
5503,Chapter 9: Measurement of Capacity,9,ICSE,Class 1,Mathematics,Foundation Mathematics (2023-24),,9,Active,
5504,Chapter 9: Measurement of Mass (or Weight),9,ICSE,Class 2,Mathematics,Foundation Mathematics (2023-24),,9,Active,
5505,Chapter 9.  Prepositions,9,CBSE,Class 2,English,Elementary English Grammar and Composition,,9,Active,
5506,Chapter 9. Advanced Topics in MS Access 2016,9,CBSE,Class 6,Computer Science,Computer Science Success,,9,Active,
5507,Chapter 9. Comparing Quantities,9,CBSE,Class 8,Mathematics,Exploring Mathematics,,9,Active,
5508,Chapter 9. Geometrical shapes,9,ICSE,Class 4,Mathematics,Foundation Mathematics,,9,Active,
5509,Chapter 9. Geometrical shapes,9,ICSE,Class 4,Mathematics,Foundation Mathematics (2023-24),,9,Active,
5510,Chapter 9. Life in Towns and Villages : Vital Towns and Thriving Villages (600 B.C. to 300 A.D.),9,CBSE,Class 6,Social Science,A Text Book of Social Sciences,,9,Active,
5511,Chapter 9. Symmetry and Nets,9,ICSE,Class 5,Mathematics,Foundation Mathematics,,9,Active,
5512,Chapter 9. Symmetry and Nets,9,ICSE,Class 5,Mathematics,Foundation Mathematics (2023-24),,9,Active,
5513,Chapter 9. Adaptations in Animals,9,CBSE,Class 4,Science,Science Success,,9,Active,
5514,Chapter 9. Addition and Subtraction up to 99,9,CBSE,Class 1,Mathematics,Exploring Mathematics,,9,Active,
5515,Chapter 9. Air,9,CBSE,Class 2,Science,Learning Elementary Science,,9,Active,
5516,Chapter 9. Areas Of Parallelograms And Triangles,9,CBSE,Class 9,Mathematics,NCERT Mathematics,,9,Active,
5517,Chapter 9. Articles,9,CBSE,Class 6,English Grammar,Step up English Grammar and Composition (For Acad. Year 2023-24),,9,Active,
5518,Chapter 9. Basic Geometrical Ideas,9,CBSE,Class 6,Mathematics,Exploring Mathematics,,9,Active,
5519,Chapter 9. Birds,9,CBSE,Class 2,English,Get Smart A Multi-skill English Course,,9,Active,
5520,Chapter 9. Children's Day,9,CBSE,Class 1,English,Get Smart A Multi-skill English Course,,9,Active,
5521,Chapter 9. Circles,9,CBSE,Class 9,Mathematics,NCQRT Mathematics,,9,Active,
5522,Chapter 9. Clothes and Homes,9,CBSE,Class 1,Science,Science Success,,9,Active,
5523,Chapter 9. Comparisons,9,CBSE,Class 8,English Grammar,Step up English Grammar and Composition (For Acad. Year 2023-24),,9,Active,
5524,Chapter 9. Electricity and Circuits,9,CBSE,Class 6,Science,Learning Elementary Science (For Acad. Year 2023-24),,9,Active,
5525,Chapter 9. Email and other Internet Services,9,CBSE,Class 5,Computer Science,Computer Science Success,,9,Active,
5526,Chapter 9. Friction,9,CBSE,Class 8,Science,Learning Elementary Science (For Acad. Year 2023-24),,9,Active,
5527,Chapter 9. Good Manners and Habits,9,CBSE,Class 1,Environmental Studies,Blue Planet,,9,Active,
5528,Chapter 9. Gravitation,9,CBSE,Class 9,Science,NCQRT Science,,9,Active,
5529,Chapter 9. Housing and Clothing,9,CBSE,Class 1,Science,Learning Elementary Science (For Acad. Year 2023-24),,9,Active,
5530,Chapter 9. Introduction to C++,9,CBSE,Class 7,Computer Science,Computer Science Success,,9,Active,
5531,Chapter 9. Keep Your School Clean,9,CBSE,Class 2,General Knowledge,General Knowledge Times (2023-24),,9,Active,
5532,Chapter 9. Kingdom Plantae,9,ICSE,Class 9,Biology,A New Approach to I.C.S.E. Biology (2023-24),,9,Active,
5533,Chapter 9. Living Organisms and their Surroundings,9,CBSE,Class 6,Science,Science Success,,9,Active,
5534,Chapter 9. Locating Places,9,CBSE,Class 4,Environmental Studies,Blue Planet (2023-24),,9,Active,
5535,Chapter 9. Locating Places,9,CBSE,Class 4,Environmental Studies,Blue Planet,,9,Active,
5536,Chapter 9. Means of Communication,9,CBSE,Class 5,Social Studies,Social Studies Success (2023-24),,9,Active,
5537,Chapter 9. Measurement,9,CBSE,Class 3,Mathematics,Exploring Mathematics,,9,Active,
5538,Chapter 9. Measurement,9,CBSE,Class 2,Mathematics,Mathematics Success,,9,Active,
5539,Chapter 9. Measurement,9,CBSE,Class 4,Mathematics,Exploring Mathematics,,9,Active,
5540,Chapter 9. Measurement,9,CBSE,Class 4,Mathematics,Mathematics Success,,9,Active,
5541,Chapter 9. Measurement,9,CBSE,Class 4,Mathematics,Star Maths,,9,Active,
5542,Chapter 9. Measurement of Mass or weight,9,ICSE,Class 3,Mathematics,Foundation Mathematics,,9,Active,
5543,Chapter 9. Measurement of Mass or weight,9,ICSE,Class 3,Mathematics,Foundation Mathematics (2023-24),,9,Active,
5544,Chapter 9. Measurement of Volume,9,CBSE,Class 5,Mathematics,Mathematics Success,,9,Active,
5545,Chapter 9. Mineral and Energy Resources II,9,ICSE,Class 10,Geography,A Textbook of Geography (2023-24),,9,Active,
5546,Chapter 9. More on Scratch,9,CBSE,Class 4,Computer Science,Computer Science Success,,9,Active,
5547,Chapter 9. More on Scratch,9,ICSE,Class 6,Computer Science,My Book of Computer Studies,,9,Active,
5548,Chapter 9. Naming Words (Nouns),9,CBSE,Class 1,English,Elementary English Grammar and Composition,,9,Active,
5549,Chapter 9. Nervous System,9,CBSE,Class 5,Science,Science Success,,9,Active,
5550,Chapter 9. Numbers up to 100,9,CBSE,Class 1,Mathematics,Mathematics Success,,9,Active,
5551,Chapter 9. Our Body,9,CBSE,Class 3,Science,Science Success,,9,Active,
5552,Chapter 9. Patterns,9,CBSE,Class 2,Mathematics,Exploring Mathematics,,9,Active,
5553,Chapter 9. Patterns,9,CBSE,Class 3,Mathematics,Mathematics Success,,9,Active,
5554,Chapter 9. Patterns,9,CBSE,Class 3,Mathematics,Star Maths,,9,Active,
5555,Chapter 9. Patterns,9,CBSE,Class 1,Mathematics,Star Maths,,9,Active,
5556,Chapter 9. Percentage,9,CBSE,Class 5,Mathematics,Star Maths,,9,Active,
5557,Chapter 9. Percentage,9,ICSE,Class 7,Mathematics,Foundation Mathematics (2023-24),,9,Active,
5558,Chapter 9. Percentage and Its Applications,9,CBSE,Class 7,Mathematics,Exploring Mathematics,,9,Active,
5559,Chapter 9. Popular Beliefs and Religious Debates : Devotional Paths to the Divine,9,CBSE,Class 7,Social Science,A Text Book of Social Sciences,,9,Active,
5560,Chapter 9. Practical Chemistry,9,ICSE,Class 9,Chemistry,A New Approach to I.C.S.E. Chemistry (2023-24),,9,Active,
5561,Chapter 9. Programming in Scratch,9,CBSE,Class 8,Computer Science,Computer Science Success,,9,Active,
5562,Chapter 9. Ratio and Proportion,9,ICSE,Class 8,Mathematics,Foundation Mathematics (2023-24),,9,Active,
5563,Chapter 9. Reaching Places,9,CBSE,Class 3,Environmental Studies,Blue Planet (2023-24),,9,Active,
5564,Chapter 9. Reaching Places,9,CBSE,Class 3,Environmental Studies,Blue Planet,,9,Active,
5565,Chapter 9. Reproduction in Animals,9,CBSE,Class 8,Science,Science Success,,9,Active,
5566,Chapter 9. Reproduction in Animals,9,CBSE,Class 8,Science,Learning Elementary Science,,9,Active,
5567,Chapter 9. Reusing Things,9,CBSE,Class 1,General Knowledge,General Knowledge Times (2023-24),,9,Active,
5568,Chapter 9. Rocks,9,CBSE,Class 2,Science,Learning Elementary Science (For Acad. Year 2023-24),,9,Active,
5569,Chapter 9. Rocks and Minerals,9,CBSE,Class 5,Science,Learning Elementary Science,,9,Active,
5570,Chapter 9. Safety Rules,9,CBSE,Class 2,Environmental Studies,Blue Planet,,9,Active,
5571,Chapter 9. Shapes and Pattern,9,CBSE,Class 2,Mathematics,Star Maths,,9,Active,
5572,Chapter 9. Shapes and Patterns,9,CBSE,Class 5,Mathematics,Exploring Mathematics,,9,Active,
5573,Chapter 9. Simple Moves of Sprites,9,CBSE,Class 3,Computer Science,Computer Science Success,,9,Active,
5574,Chapter 9. Soil,9,CBSE,Class 7,Science,Science Success,,9,Active,
5575,Chapter 9. Soil,9,CBSE,Class 7,Science,Learning Elementary Science,,9,Active,
5576,"Chapter 9. Solids, Liquids And Gases",9,CBSE,Class 3,Science,Science Success (2023-24),,9,Active,
5577,"Chapter 9. Solids, Liquids And Gases",9,CBSE,Class 4,Science,Science Success (2023-24),,9,Active,
5578,"Chapter 9. Solids, Liquids And Gases",9,CBSE,Class 5,Science,Science Success (2023-24),,9,Active,
5579,Chapter 9. Some Applications of Trigonometry,9,CBSE,Class 10,Mathematics,NCQRT Mathematics,,9,Active,
5580,Chapter 9. Some Applications of Trigonometry,9,CBSE,Class 10,Mathematics,NCERT Mathematics,,9,Active,
5581,Chapter 9. Sound,9,ICSE,Class 9,Physics,A New Approach to I.C.S.E. Physics (2023-24),,9,Active,
5582,Chapter 9. Tables in Access,9,ICSE,Class 7,Computer Science,My Book of Computer Studies,,9,Active,
5583,Chapter 9. The Preposition,9,CBSE,Class 4,English,Elementary English Grammar and Composition,,9,Active,
5584,Chapter 9. The Excretory System,9,ICSE,Class 10,Biology,A New Approach to ICSE Biology,,9,Active,
5585,Chapter 9. The Living Organisms and Their Surroundings,9,CBSE,Class 6,Science,Learning Elementary Science,,9,Active,
5586,Chapter 9. The Northern Plains,9,CBSE,Class 5,Environmental Studies,Blue Planet,,9,Active,
5587,Chapter 9. The World of Animals,9,CBSE,Class 1,Science,Learning Elementary Science,,9,Active,
5588,Chapter 9. Things Around Us,9,CBSE,Class 2,Science,Science Success,,9,Active,
5589,Chapter 9. Time and Motion,9,CBSE,Class 7,Science,Learning Elementary Science (For Acad. Year 2023-24),,9,Active,
5590,Chapter 9. Unitary Method,9,ICSE,Class 6,Mathematics,Foundation Mathematics,,9,Active,
5591,Chapter 9. Unitary Method,9,ICSE,Class 6,Mathematics,Foundation Mathematics,,9,Active,
5592,Chapter 9. Unitary Method,9,ICSE,Class 6,Mathematics,Foundation Mathematics (2023-24),,9,Active,
5593,Chapter 9. Weather and Water,9,CBSE,Class 4,Science,Learning Elementary Science,,9,Active,
5594,Chapter 9. Women and Reform,9,CBSE,Class 8,Social Science,A Text Book of Social Sciences,,9,Active,
5595,Chapter 9. Working With Apps,9,ICSE,Class 8,Computer Science,My Book of Computer Studies,,9,Active,
5596,Chapter 9. अलादीन और जादुई चिराग,9,CBSE,Class 5,Hindi,Nootan Saral Hindi Mala,,9,Active,
5597,Chapter 9. ऋ,9,CBSE,Class 1,Hindi,Bal Bhasha Bharti,,9,Active,
5598,Chapter 9. महात्मा गांधी के पत्र,9,CBSE,Class 7,Hindi,Nootan Saral Hindi Mala,,9,Active,
5599,Chapter 9. लाइव टेलीकास्ट,9,CBSE,Class 6,Hindi,Nootan Saral Hindi Mala,,9,Active,
5600,Chapter 9. संतोष की सरिता,9,CBSE,Class 8,Hindi,Nootan Saral Hindi Mala,,9,Active,
5601,Chapter 9.Measurements,9,CBSE,Class 3,Science,Learning Elementary Science,,9,Active,
5602,Chapter 9.गुलीवर की विचित्र यात्रा,9,CBSE,Class 5,Hindi,Bal Bhasha Bharti,,9,Active,
5603,Chapter 9.नए जूते,9,CBSE,Class 4,Hindi,Bal Bhasha Bharti,,9,Active,
5604,Chapter 9.महकती फुलवारी,9,CBSE,Class 2,Hindi,Bal Bhasha Bharti,,9,Active,
5605,Chapter 9.व्यापारी का बेटा और तराजू,9,CBSE,Class 3,Hindi,Bal Bhasha Bharti,,9,Active,
5606,Chemistry,2,Test Board,Class 10,All Subject ( Test),Meghalaya Board Social Science,,2,Active,
5607,Chjapter 10 Reaching The Age Of Adolescence,10,CBSE,Class 8,Science,NCERT Science,,10,Active,
5608,Civics,4,Test Board,Class 10,All Subject ( Test),Meghalaya Board Social Science,,4,Active,
5609,Civics : 1. Our Constitution,1,CBSE,Class 9,History & Civics,ICSE History & Civics (2023-24 ),,1,Active,
5610,Civics : 1. Our Constitution,1,ICSE,Class 9,History & Civics,ICSE History & Civics (2023-24 ),,1,Active,
5611,Civics : 1. Our Constitution,1,CBSE,Class 9,History & Civics,ICSE History & Civics (2023-24 ),,1,Active,
5612,Civics : 1. Rural Local Self Government,11,ICSE,Class 6,History & Civics,Focus on History & Civics (For Acad. Year 2023-24),,11,Active,
5613,Civics : 1. Rural Local Self Government,11,ICSE,Class 6,History & Civics,Focus on History & Civics,,11,Active,
5614,Civics : 1. The Constitution of India,11,ICSE,Class 7,History & Civics,Focus on History & Civics (For Acad. Year 2023-24),,11,Active,
5615,Civics : 1. The Constitution of India,11,ICSE,Class 7,History & Civics,Focus on History & Civics,,11,Active,
5616,Civics : 1. The Union Legislature,11,ICSE,Class 8,History & Civics,Focus on History & Civics (For Acad. Year 2023-24),,11,Active,
5617,Civics : 1. The Union Legislature,11,ICSE,Class 8,History & Civics,Focus on History & Civics,,11,Active,
5618,Civics : 1. The Union Legislature/The Union Parliament,1,CBSE,Class 10,History & Civics,ICSE History & Civics (2023-24 ),,1,Active,
5619,Civics : 1. The Union Legislature/The Union Parliament,1,CBSE,Class 10,History & Civics,ICSE History & Civics (2023-24 ),,1,Active,
5620,Civics : 1. The Union Legislature/The Union Parliament,1,ICSE,Class 10,History & Civics,ICSE History & Civics (2023-24 ),,1,Active,
5621,Civics : 2. Basic Features of the Constitution,2,CBSE,Class 9,History & Civics,ICSE History & Civics (2023-24 ),,2,Active,
5622,Civics : 2. Basic Features of the Constitution,2,ICSE,Class 9,History & Civics,ICSE History & Civics (2023-24 ),,2,Active,
5623,Civics : 2. Basic Features of the Constitution,2,CBSE,Class 9,History & Civics,ICSE History & Civics (2023-24 ),,2,Active,
5624,Civics : 2. Directive Principles of State Policy,12,ICSE,Class 7,History & Civics,Focus on History & Civics (For Acad. Year 2023-24),,12,Active,
5625,Civics : 2. Directive Principles of State Policy,12,ICSE,Class 7,History & Civics,Focus on History & Civics,,12,Active,
5626,Civics : 2. The Union Executive,2,CBSE,Class 11,History & Civics,ICSE History & Civics (2023-24 ),,2,Active,
5627,Civics : 2. The Union Executive,2,CBSE,Class 10,History & Civics,ICSE History & Civics (2023-24 ),,2,Active,
5628,Civics : 2. The Union Executive,2,ICSE,Class 10,History & Civics,ICSE History & Civics (2023-24 ),,2,Active,
5629,Civics : 2. The Union Executive,12,ICSE,Class 8,History & Civics,Focus on History & Civics (For Acad. Year 2023-24),,12,Active,
5630,Civics : 2. The Union Executive,12,ICSE,Class 8,History & Civics,Focus on History & Civics,,12,Active,
5631,Civics : 2. Urban Local Self Government,12,ICSE,Class 6,History & Civics,Focus on History & Civics (For Acad. Year 2023-24),,12,Active,
5632,Civics : 2. Urban Local Self Government,12,ICSE,Class 6,History & Civics,Focus on History & Civics,,12,Active,
5633,Civics : 3. Fundamental Rights and Duties,3,CBSE,Class 9,History & Civics,ICSE History & Civics (2023-24 ),,3,Active,
5634,Civics : 3. Fundamental Rights and Duties,3,ICSE,Class 9,History & Civics,ICSE History & Civics (2023-24 ),,3,Active,
5635,Civics : 3. Fundamental Rights and Duties,3,CBSE,Class 9,History & Civics,ICSE History & Civics (2023-24 ),,3,Active,
5636,Civics : 3. The Judiciary,13,ICSE,Class 8,History & Civics,Focus on History & Civics (For Acad. Year 2023-24),,13,Active,
5637,Civics : 3. The Judiciary,13,ICSE,Class 8,History & Civics,Focus on History & Civics,,13,Active,
5638,"Civics : 3. The Prime Minister, Council of Ministers and the Cabinet",3,CBSE,Class 12,History & Civics,ICSE History & Civics (2023-24 ),,3,Active,
5639,"Civics : 3. The Prime Minister, Council of Ministers and the Cabinet",3,CBSE,Class 10,History & Civics,ICSE History & Civics (2023-24 ),,3,Active,
5640,"Civics : 3. The Prime Minister, Council of Ministers and the Cabinet",3,ICSE,Class 10,History & Civics,ICSE History & Civics (2023-24 ),,3,Active,
5641,Civics : 4. Directive Principles of State Policy,4,CBSE,Class 9,History & Civics,ICSE History & Civics (2023-24 ),,4,Active,
5642,Civics : 4. Directive Principles of State Policy,4,CBSE,Class 9,History & Civics,ICSE History & Civics (2023-24 ),,4,Active,
5643,Civics : 4. Directive Principles of State Policy,4,ICSE,Class 9,History & Civics,ICSE History & Civics (2023-24 ),,4,Active,
5644,Civics : 4. The Union Judiciary : The Supreme Court,4,CBSE,Class 10,History & Civics,ICSE History & Civics (2023-24 ),,4,Active,
5645,Civics : 4. The Union Judiciary : The Supreme Court,4,ICSE,Class 10,History & Civics,ICSE History & Civics (2023-24 ),,4,Active,
5646,Civics : 4. The United Nations,14,ICSE,Class 8,History & Civics,Focus on History & Civics (For Acad. Year 2023-24),,14,Active,
5647,Civics : 4. The United Nations,14,ICSE,Class 8,History & Civics,Focus on History & Civics,,14,Active,
5648,Civics : 5. Elections,5,CBSE,Class 9,History & Civics,ICSE History & Civics (2023-24 ),,5,Active,
5649,Civics : 5. Elections,5,CBSE,Class 9,History & Civics,ICSE History & Civics (2023-24 ),,5,Active,
5650,Civics : 5. Elections,5,ICSE,Class 9,History & Civics,ICSE History & Civics (2023-24 ),,5,Active,
5651,Civics : 5. The State Judiciary : The High Courts,5,CBSE,Class 10,History & Civics,ICSE History & Civics (2023-24 ),,5,Active,
5652,Civics : 5. The State Judiciary : The High Courts,5,ICSE,Class 10,History & Civics,ICSE History & Civics (2023-24 ),,5,Active,
5653,Civics : 6. Local Self Government Rural,6,CBSE,Class 9,History & Civics,ICSE History & Civics (2023-24 ),,6,Active,
5654,Civics : 6. Local Self Government Rural,6,CBSE,Class 9,History & Civics,ICSE History & Civics (2023-24 ),,6,Active,
5655,Civics : 6. Local Self Government Rural,6,ICSE,Class 9,History & Civics,ICSE History & Civics (2023-24 ),,6,Active,
5656,Civics : 6. Subordinate Courts,6,CBSE,Class 10,History & Civics,ICSE History & Civics (2023-24 ),,6,Active,
5657,Civics : 6. Subordinate Courts,6,ICSE,Class 10,History & Civics,ICSE History & Civics (2023-24 ),,6,Active,
5658,Civics : 7. Local Self Government  Urban,7,CBSE,Class 9,History & Civics,ICSE History & Civics (2023-24 ),,7,Active,
5659,Civics : 7. Local Self Government  Urban,7,CBSE,Class 9,History & Civics,ICSE History & Civics (2023-24 ),,7,Active,
5660,Civics : 7. Local Self Government  Urban,7,ICSE,Class 9,History & Civics,ICSE History & Civics (2023-24 ),,7,Active,
5661,Clothes,4,CBSE,Class 2,Social Studies,Illustrative Social Studies,,4,Active,
5662,Clothing,4,ICSE,Class 2,Environmental Studies,Essential Environmental Studies,,4,Active,
5663,Clothing,1,ICSE,Class 1,Environmental Studies,Essential Environmental Studies,,1,Active,
5664,COLLECTIVE AND ABSTRACT NOUNS,1,CBSE,Class 4,English,Grammar Success with Composition,,1,Active,
5665,COLLECTIVE AND ABSTRACT NOUNS,1,CBSE,Class 6,English,Grammar Success with Composition,,1,Active,
5666,COLLECTIVE AND ABSTRACT NOUNS,2,CBSE,Class 8,English,Grammar Success with Composition,,2,Active,
5667,Communciation,5,ICSE,Class 2,Environmental Studies,Essential Environmental Studies,,5,Active,
5668,Components of Food,2,CBSE,Class 6,Science,Science Success,,2,Inactive,
5669,COUNTABLE AND UNCOUNTABLE NOUNS,1,CBSE,Class 5,English,Grammar Success with Composition,,1,Active,
5670,COUNTABLE AND UNCOUNTABLE NOUNS,2,CBSE,Class 7,English,Grammar Success with Composition,,2,Active,
5671,COUNTABLE NOUNS AND UNCOUNTABLE NOUNS,2,CBSE,Class 4,English,Grammar Success with Composition,,2,Active,
5672,Criticism & Praise,5,CBSE,Class 2,Moral Science,My Book of Life Skills,,5,Active,
5673,Criticism & Praise,5,CBSE,Class 1,Computer Science,Fun with Linux,,5,Active,
5674,Dance and Act,1,CBSE,Nursery,Kindergarten,Zig Zag Zoom,,1,Active,
5675,Dance and Act,1,CBSE,LKG,Kindergarten,Zig Zag Zoom,,1,Active,
5676,Dance and Act,1,CBSE,UKG,Kindergarten,Zig Zag Zoom,,1,Active,
5677,DEGREES OF COMPARISON,3,CBSE,Class 8,English,Grammar Success with Composition,,3,Active,
5678,Determination & Resolve,6,CBSE,Class 2,Moral Science,My Book of Life Skills,,6,Active,
5679,Determination & Resolve,6,CBSE,Class 1,Computer Science,Fun with Linux,,6,Active,
5680,Festivals and Fun,6,ICSE,Class 2,Environmental Studies,Essential Environmental Studies,,6,Active,
5681,Festivals are Fun,2,ICSE,Class 1,Environmental Studies,Essential Environmental Studies,,2,Active,
5682,Fibre to Fabric,3,CBSE,Class 6,Science,Science Success,,3,Active,
5683,Finding Our Way,14,CBSE,Class 2,Social Studies,Illustrative Social Studies,,14,Active,
5684,Flash Card  EVS : Chapter 2 Deer,18,CBSE,Nursery,Kindergarten,Zig Zag Zoom,,18,Active,
5685,Flash Card  EVS : Chapter 3 Zebra,3,CBSE,LKG,Kindergarten,Zig Zag Zoom,,3,Active,
5686,Flash Card  EVS : Chapter 4 Elephant,4,CBSE,LKG,Kindergarten,Zig Zag Zoom,,4,Active,
5687,Flash Card  EVS : Chapter 5 Giraffe,5,CBSE,LKG,Kindergarten,Zig Zag Zoom,,5,Active,
5688,Flash Card  EVS : Chapter 6 Hippopotamus,6,CBSE,LKG,Kindergarten,Zig Zag Zoom,,6,Active,
5689,Flash Card  EVS : Chapter 1 Bear,17,CBSE,Nursery,Kindergarten,Zig Zag Zoom,,17,Active,
5690,Flash Card  EVS : Chapter 1 Horse,1,CBSE,LKG,Kindergarten,Zig Zag Zoom,,1,Active,
5691,Flash Card  EVS : Chapter 2 Rhinocers,2,CBSE,LKG,Kindergarten,Zig Zag Zoom,,2,Active,
5692,Flash Card  EVS : Chapter 3 Fox,19,CBSE,Nursery,Kindergarten,Zig Zag Zoom,,19,Active,
5693,Flash Card  EVS : Chapter 4 Lions,20,CBSE,Nursery,Kindergarten,Zig Zag Zoom,,20,Active,
5694,Flash Card  EVS : Chapter 5 Monkey,21,CBSE,Nursery,Kindergarten,Zig Zag Zoom,,21,Active,
5695,Flash Card  EVS : Chapter 6 Snake,22,CBSE,Nursery,Kindergarten,Zig Zag Zoom,,22,Active,
5696,Flash Card  Math : Chapter 7 Seven,29,CBSE,Nursery,Kindergarten,Zig Zag Zoom,,29,Active,
5697,Flash Card  Math : Chapter 8 Eight,30,CBSE,Nursery,Kindergarten,Zig Zag Zoom,,30,Active,
5698,Flash Card  Math : Chapter 1 Inside Outside,1,CBSE,LKG,Kindergarten,Zig Zag Zoom,,1,Active,
5699,Flash Card  Math : Chapter 1 One,23,CBSE,Nursery,Kindergarten,Zig Zag Zoom,,23,Active,
5700,Flash Card  Math : Chapter 10 Ten,32,CBSE,Nursery,Kindergarten,Zig Zag Zoom,,32,Active,
5701,Flash Card  Math : Chapter 2 On Under,2,CBSE,LKG,Kindergarten,Zig Zag Zoom,,2,Active,
5702,Flash Card  Math : Chapter 2 Two,24,CBSE,Nursery,Kindergarten,Zig Zag Zoom,,24,Active,
5703,Flash Card  Math : Chapter 3 One Many,3,CBSE,LKG,Kindergarten,Zig Zag Zoom,,3,Active,
5704,Flash Card  Math : Chapter 3 Three,25,CBSE,Nursery,Kindergarten,Zig Zag Zoom,,25,Active,
5705,Flash Card  Math : Chapter 4 Four,26,CBSE,Nursery,Kindergarten,Zig Zag Zoom,,26,Active,
5706,Flash Card  Math : Chapter 4 Rectangle Triangle,4,CBSE,LKG,Kindergarten,Zig Zag Zoom,,4,Active,
5707,Flash Card  Math : Chapter 5 Five,27,CBSE,Nursery,Kindergarten,Zig Zag Zoom,,27,Active,
5708,Flash Card  Math : Chapter 5 Tin Thick,5,CBSE,LKG,Kindergarten,Zig Zag Zoom,,5,Active,
5709,Flash Card  Math : Chapter 6 Six,28,CBSE,Nursery,Kindergarten,Zig Zag Zoom,,28,Active,
5710,Flash Card  Math : Chapter 6 Top Bottom,6,CBSE,LKG,Kindergarten,Zig Zag Zoom,,6,Active,
5711,Flash Card  Math : Chapter 7 Circle Square,7,CBSE,LKG,Kindergarten,Zig Zag Zoom,,7,Active,
5712,Flash Card  Math : Chapter 8 Full Empty,8,CBSE,LKG,Kindergarten,Zig Zag Zoom,,8,Active,
5713,Flash Card  Math : Chapter 9 Nine,31,CBSE,Nursery,Kindergarten,Zig Zag Zoom,,31,Active,
5714,Flash Card : Chapter 1 : Front Back,1,CBSE,UKG,Kindergarten,Zig Zag Zoom,,1,Active,
5715,Flash Card : Chapter 1 Peacock,27,CBSE,UKG,Kindergarten,Zig Zag Zoom,,27,Active,
5716,Flash Card : Chapter 2 : Same Different,2,CBSE,UKG,Kindergarten,Zig Zag Zoom,,2,Active,
5717,Flash Card : Chapter 2 Sparrow,28,CBSE,UKG,Kindergarten,Zig Zag Zoom,,28,Active,
5718,Flash Card : Chapter 3 : Star Oval,3,CBSE,UKG,Kindergarten,Zig Zag Zoom,,3,Active,
5719,Flash Card : Chapter 3 Tiger,29,CBSE,UKG,Kindergarten,Zig Zag Zoom,,29,Active,
5720,Flash Card : Chapter 4 : 10 Rupee Coin 5 Rupee Coin,4,CBSE,UKG,Kindergarten,Zig Zag Zoom,,4,Active,
5721,Flash Card : Chapter 4 Caterpillar,30,CBSE,UKG,Kindergarten,Zig Zag Zoom,,30,Active,
5722,Flash Card : Chapter 5 : 50 Rupee Note 10 Rupee Note,5,CBSE,UKG,Kindergarten,Zig Zag Zoom,,5,Active,
5723,Flash Card : Chapter 5 Fish,31,CBSE,UKG,Kindergarten,Zig Zag Zoom,,31,Active,
5724,Flash Card : Chapter 6 : Day Night,6,CBSE,UKG,Kindergarten,Zig Zag Zoom,,6,Active,
5725,Flash Card : Chapter 6 Parrot,32,CBSE,UKG,Kindergarten,Zig Zag Zoom,,32,Active,
5726,Flash Card : Chapter 7 : Few Many,7,CBSE,UKG,Kindergarten,Zig Zag Zoom,,7,Active,
5727,Food,3,CBSE,Class 2,Social Studies,Illustrative Social Studies,,3,Active,
5728,Food  Where Does it Come From?,1,CBSE,Class 6,Science,Science Success,,1,Active,
5729,Geography  1. Our Environment,11,CBSE,Class 7,Social Science,Social Science Success,,11,Active,
5730,Geography  1. Resources,13,CBSE,Class 8,Social Science,Social Science Success,,13,Active,
5731,Geography  1. The Planet Earth and the Solar System,13,CBSE,Class 6,Social Science,Social Science Success,,13,Active,
5732,Geography  10.  Life in the Temperate Grasslands The Prairies and the Velds,20,CBSE,Class 7,Social Science,Social Science Success,,20,Active,
5733,Geography  10. Comparative Case Studies of Some Major Industries,22,CBSE,Class 8,Social Science,Social Science Success,,22,Active,
5734,Geography  11.  Life in the Deserts,21,CBSE,Class 7,Social Science,Social Science Success,,21,Active,
5735,Geography  11. Importance of Human Resources,23,CBSE,Class 8,Social Science,Social Science Success,,23,Active,
5736,Geography  12. Natural and Man Made Disasters,24,CBSE,Class 8,Social Science,Social Science Success,,24,Active,
5737,Geography  2.  Natural Resources Land and Soil,14,CBSE,Class 8,Social Science,Social Science Success,,14,Active,
5738,Geography  2. Interior of the Earth,12,CBSE,Class 7,Social Science,Social Science Success,,12,Active,
5739,Geography  2. Globe – Latitudes and Longitudes,14,CBSE,Class 6,Social Science,Social Science Success,,14,Active,
5740,Geography  3. Natural Resource  Water,15,CBSE,Class 8,Social Science,Social Science Success,,15,Active,
5741,Geography  3. Our Changing Earth,13,CBSE,Class 7,Social Science,Social Science Success,,13,Active,
5742,Geography  3. Motions of the Earth,15,CBSE,Class 6,Social Science,Social Science Success,,15,Active,
5743,"Geography  4. Atmosphere, Weather and Climate",14,CBSE,Class 7,Social Science,Social Science Success,,14,Active,
5744,Geography  4. Natural Resources Natural Vegetation and Wildlife,16,CBSE,Class 8,Social Science,Social Science Success,,16,Active,
5745,Geography  4. Map Reading,16,CBSE,Class 6,Social Science,Social Science Success,,16,Active,
5746,"Geography  5. Hydrosphere, Oceans and Their Circulation",15,CBSE,Class 7,Social Science,Social Science Success,,15,Active,
5747,Geography  5. Mineral and Power Resources,17,CBSE,Class 8,Social Science,Social Science Success,,17,Active,
5748,Geography  5. Major Domains of the Earth,17,CBSE,Class 6,Social Science,Social Science Success,,17,Active,
5749,Geography  6. Agriculture  Types of Farming,18,CBSE,Class 8,Social Science,Social Science Success,,18,Active,
5750,Geography  6. Natural Vegetation and Wildlife,16,CBSE,Class 7,Social Science,Social Science Success,,16,Active,
5751,Geography  6. Major Landforms of the Earth,18,CBSE,Class 6,Social Science,Social Science Success,,18,Active,
5752,Geography  7. Human Environment Settlements,17,CBSE,Class 7,Social Science,Social Science Success,,17,Active,
5753,Geography  7. Major Agricultural Crops and Development Case Studies,19,CBSE,Class 8,Social Science,Social Science Success,,19,Active,
5754,Geography  7. India — Our Country,19,CBSE,Class 6,Social Science,Social Science Success,,19,Active,
5755,Geography  8. Human Environment Transport and Communication,18,CBSE,Class 7,Social Science,Social Science Success,,18,Active,
5756,Geography  8. Industries  Classification and Location,20,CBSE,Class 8,Social Science,Social Science Success,,20,Active,
5757,Geography  8. India — Climate,20,CBSE,Class 6,Social Science,Social Science Success,,20,Active,
5758,Geography  9.  Life in the Natural Regions The Tropical and Subtropical Regions,19,CBSE,Class 7,Social Science,Social Science Success,,19,Active,
5759,Geography  9. Major Industries of the World,21,CBSE,Class 8,Social Science,Social Science Success,,21,Active,
5760,Geography  9. India – Natural Vegetation and Wildlife,21,CBSE,Class 6,Social Science,Social Science Success,,21,Active,
5761,Geography 1. Environment,9,CBSE,Class 7,Social Science,Social Science Success (2023-24),,9,Active,
5762,Geography 1. Resources,9,CBSE,Class 8,Social Science,Social Science Success (2023-24),,9,Active,
5763,Geography 1. The Planet Earth and the Solar System,13,CBSE,Class 6,Social Science,Social Science Success (2023-24),,13,Active,
5764,Geography 10. Natural and Man Made Disasters,18,CBSE,Class 8,Social Science,Social Science Success (2023-24),,18,Active,
5765,Geography 2. Globe,14,CBSE,Class 6,Social Science,Social Science Success (2023-24),,14,Active,
5766,Geography 2. Interior Of the Earth,10,CBSE,Class 7,Social Science,Social Science Success (2023-24),,10,Active,
5767,Geography 2. Natural Resources  Land and Soil,10,CBSE,Class 8,Social Science,Social Science Success (2023-24),,10,Active,
5768,Geography 3. Motions of the Earth,15,CBSE,Class 6,Social Science,Social Science Success (2023-24),,15,Active,
5769,Geography 3. Natural Resources  Water,11,CBSE,Class 8,Social Science,Social Science Success (2023-24),,11,Active,
5770,Geography 3. Our Changing Earth,11,CBSE,Class 7,Social Science,Social Science Success (2023-24),,11,Active,
5771,"Geography 4. Atmosphere, Weather and Climate",12,CBSE,Class 7,Social Science,Social Science Success (2023-24),,12,Active,
5772,Geography 4. Map Reading,16,CBSE,Class 6,Social Science,Social Science Success (2023-24),,16,Active,
5773,Geography 4. Natural Resources  Natural Vegetation and Wildlife,12,CBSE,Class 8,Social Science,Social Science Success (2023-24),,12,Active,
5774,Geography 5. Agriculture,13,CBSE,Class 8,Social Science,Social Science Success (2023-24),,13,Active,
5775,Geography 5. Hydrosphere : Oceans and Their Circulation,13,CBSE,Class 7,Social Science,Social Science Success (2023-24),,13,Active,
5776,Geography 5. Major Domains Of the Earth,17,CBSE,Class 6,Social Science,Social Science Success (2023-24),,17,Active,
5777,Geography 6. India,18,CBSE,Class 6,Social Science,Social Science Success (2023-24),,18,Active,
5778,Geography 6. Life in the Natural Regions,14,CBSE,Class 7,Social Science,Social Science Success (2023-24),,14,Active,
5779,Geography 6. Major Agricultural Crops and Development,14,CBSE,Class 8,Social Science,Social Science Success (2023-24),,14,Active,
5780,Geography 7. India,19,CBSE,Class 6,Social Science,Social Science Success (2023-24),,19,Active,
5781,Geography 7. Industries,15,CBSE,Class 8,Social Science,Social Science Success (2023-24),,15,Active,
5782,Geography 7. Life in the Deserts,15,CBSE,Class 7,Social Science,Social Science Success (2023-24),,15,Active,
5783,Geography 8. Major Industries Of the World,16,CBSE,Class 8,Social Science,Social Science Success (2023-24),,16,Active,
5784,Geography 9. Importance of Human Resources,17,CBSE,Class 8,Social Science,Social Science Success (2023-24),,17,Active,
5785,Going to School,8,CBSE,Class 2,Social Studies,Illustrative Social Studies,,8,Active,
5786,Gratitude: The Best Atitude,7,CBSE,Class 2,Moral Science,My Book of Life Skills,,7,Active,
5787,Gratitude: The Best Atitude,7,CBSE,Class 1,Computer Science,Fun with Linux,,7,Active,
5788,Group Activity 1 To find the percentage of students in a group of students who write faster with their left/right hand,39,CBSE,Class 9,Mathematics,Mathematics Enrichment Lab Activities,,39,Active,
5789,Group Activity 2 To help the students establish interesting mathematical relationship by measuring some parts of the body,40,CBSE,Class 9,Mathematics,Mathematics Enrichment Lab Activities,,40,Active,
5790,History,3,Test Board,Class 10,All Subject ( Test),Meghalaya Board Social Science,,3,Active,
5791,History  1. Beginning of The Modern Period,1,CBSE,Class 8,Social Science,Social Science Success,,1,Active,
5792,History  1. Tracing Changes in The Medieval Period,1,CBSE,Class 7,Social Science,Social Science Success,,1,Active,
5793,"History  1. What, Where, How and When?",1,CBSE,Class 6,Social Science,Social Science Success,,1,Active,
5794,History  10. Changes in Visual Arts: Effect of Colonialism and Nationalism,10,CBSE,Class 8,Social Science,Social Science Success,,10,Active,
5795,History  10. Political Formations in the Eighteenth Century,10,CBSE,Class 7,Social Science,Social Science Success,,10,Active,
5796,History  10. Contacts with Distant Lands (200 BC – 300 AD),10,CBSE,Class 6,Social Science,Social Science Success,,10,Active,
5797,History  11. The National Movement (1870 1947),11,CBSE,Class 8,Social Science,Social Science Success,,11,Active,
5798,History  11. Political Developments – The Gupta Period: AD 320 – AD 540,11,CBSE,Class 6,Social Science,Social Science Success,,11,Active,
5799,History  12.  Independent India,12,CBSE,Class 8,Social Science,Social Science Success,,12,Active,
5800,History  12. Culture and Science,12,CBSE,Class 6,Social Science,Social Science Success,,12,Active,
5801,History  2. From Traders to Rulers,2,CBSE,Class 8,Social Science,Social Science Success,,2,Active,
5802,History  2. New Kings and Kingdoms,2,CBSE,Class 7,Social Science,Social Science Success,,2,Active,
5803,History  2. T he Earliest People,2,CBSE,Class 6,Social Science,Social Science Success,,2,Active,
5804,History  3. The Countryside Under The Company's Rule,3,CBSE,Class 8,Social Science,Social Science Success,,3,Active,
5805,History  3. The Sultans of Delhi,3,CBSE,Class 7,Social Science,Social Science Success,,3,Active,
5806,History  3. T he First Farmers and Herders,3,CBSE,Class 6,Social Science,Social Science Success,,3,Active,
5807,History  4. The Mughal Empire,4,CBSE,Class 7,Social Science,Social Science Success,,4,Active,
5808,History  4. Tribals During The colonial Rule,4,CBSE,Class 8,Social Science,Social Science Success,,4,Active,
5809,History  4. The First Cities,4,CBSE,Class 6,Social Science,Social Science Success,,4,Active,
5810,History  5. Architecture as Power : Forts and Sacred Places,5,CBSE,Class 7,Social Science,Social Science Success,,5,Active,
5811,History  5. The Rebellion of 1857,5,CBSE,Class 8,Social Science,Social Science Success,,5,Active,
5812,History  5. Different Ways of Life : The Vedic Period,5,CBSE,Class 6,Social Science,Social Science Success,,5,Active,
5813,History  6. The Birth of an Imperial Capital: Colonialism and Delhi,6,CBSE,Class 8,Social Science,Social Science Success,,6,Active,
5814,"History  6. Towns, Traders and Craftsmen",6,CBSE,Class 7,Social Science,Social Science Success,,6,Active,
5815,History  6. Early Kingdoms,6,CBSE,Class 6,Social Science,Social Science Success,,6,Active,
5816,History  7. Crafts and Industries Under Colonial Rule,7,CBSE,Class 8,Social Science,Social Science Success,,7,Active,
5817,"History  7. Tribes, Nomads and Settled Communities",7,CBSE,Class 7,Social Science,Social Science Success,,7,Active,
5818,History  7. Spread of New Ideas,7,CBSE,Class 6,Social Science,Social Science Success,,7,Active,
5819,History  8. Religious Beliefs and Devotional Paths,8,CBSE,Class 7,Social Science,Social Science Success,,8,Active,
5820,History  8. Attempts to 'Civilise' and 'Educate' the Native,8,CBSE,Class 8,Social Science,Social Science Success,,8,Active,
5821,History  8. The First Empire,8,CBSE,Class 6,Social Science,Social Science Success,,8,Active,
5822,"History  9.  Reforms, Reformers and Women",9,CBSE,Class 8,Social Science,Social Science Success,,9,Active,
5823,History  9. The Flowering of Regional Cultures,9,CBSE,Class 7,Social Science,Social Science Success,,9,Active,
5824,History  9. Life in Villages and Towns (600 BC – 300 AD),9,CBSE,Class 6,Social Science,Social Science Success,,9,Active,
5825,History : 1. A Period of Transition,1,ICSE,Class 8,History & Civics,Focus on History & Civics (For Acad. Year 2023-24),,1,Active,
5826,History : 1. A Period of Transition,1,ICSE,Class 8,History & Civics,Focus on History & Civics,,1,Active,
5827,History : 1. History — An Introduction*,1,ICSE,Class 6,History & Civics,Focus on History & Civics (For Acad. Year 2023-24),,1,Active,
5828,History : 1. History — An Introduction*,1,ICSE,Class 6,History & Civics,Focus on History & Civics,,1,Active,
5829,History : 1. Medieval Europe – Rise and Spread of Christianity,1,ICSE,Class 7,History & Civics,Focus on History & Civics (For Acad. Year 2023-24),,1,Active,
5830,History : 1. Medieval Europe – Rise and Spread of Christianity,1,ICSE,Class 7,History & Civics,Focus on History & Civics,,1,Active,
5831,History : 1. The First War of Independence (The Great Uprising of 1857),7,CBSE,Class 10,History & Civics,ICSE History & Civics (2023-24 ),,7,Active,
5832,History : 1. The First War of Independence (The Great Uprising of 1857),7,ICSE,Class 10,History & Civics,ICSE History & Civics (2023-24 ),,7,Active,
5833,History : 1. The Harappan Civilisation,8,CBSE,Class 9,History & Civics,ICSE History & Civics (2023-24 ),,8,Active,
5834,History : 1. The Harappan Civilisation,8,CBSE,Class 9,History & Civics,ICSE History & Civics (2023-24 ),,8,Active,
5835,History : 1. The Harappan Civilisation,8,ICSE,Class 9,History & Civics,ICSE History & Civics (2023-24 ),,8,Active,
5836,History : 10. Composite Culture : The Sufi and Bhakti Movements,17,CBSE,Class 9,History & Civics,ICSE History & Civics (2023-24 ),,17,Active,
5837,History : 10. Composite Culture : The Sufi and Bhakti Movements,17,CBSE,Class 9,History & Civics,ICSE History & Civics (2023-24 ),,17,Active,
5838,History : 10. Composite Culture : The Sufi and Bhakti Movements,17,ICSE,Class 9,History & Civics,ICSE History & Civics (2023-24 ),,17,Active,
5839,History : 10. Religious Reform Movements,10,ICSE,Class 7,History & Civics,Focus on History & Civics (For Acad. Year 2023-24),,10,Active,
5840,History : 10. Religious Reform Movements,10,ICSE,Class 7,History & Civics,Focus on History & Civics,,10,Active,
5841,History : 10. Struggle for Freedom (II),10,ICSE,Class 8,History & Civics,Focus on History & Civics (For Acad. Year 2023-24),,10,Active,
5842,History : 10. Struggle for Freedom (II),10,ICSE,Class 8,History & Civics,Focus on History & Civics,,10,Active,
5843,History : 10. The Golden Age : The Gupta Empire,10,ICSE,Class 6,History & Civics,Focus on History & Civics (For Acad. Year 2023-24),,10,Active,
5844,History : 10. The Golden Age : The Gupta Empire,10,ICSE,Class 6,History & Civics,Focus on History & Civics,,10,Active,
5845,History : 10. The Last Phase,16,CBSE,Class 10,History & Civics,ICSE History & Civics (2023-24 ),,16,Active,
5846,History : 10. The Last Phase,16,ICSE,Class 10,History & Civics,ICSE History & Civics (2023-24 ),,16,Active,
5847,History : 11. Modem Age in Europe : The Renaissance,18,CBSE,Class 9,History & Civics,ICSE History & Civics (2023-24 ),,18,Active,
5848,History : 11. Modem Age in Europe : The Renaissance,18,CBSE,Class 9,History & Civics,ICSE History & Civics (2023-24 ),,18,Active,
5849,History : 11. Modem Age in Europe : The Renaissance,18,ICSE,Class 9,History & Civics,ICSE History & Civics (2023-24 ),,18,Active,
5850,History : 11. The First World War (1914,17,CBSE,Class 10,History & Civics,ICSE History & Civics (2023-24 ),,17,Active,
5851,History : 11. The First World War (1914,17,ICSE,Class 10,History & Civics,ICSE History & Civics (2023-24 ),,17,Active,
5852,History : 12. Rise of Dictatorship : Fascism and Nazism,18,CBSE,Class 10,History & Civics,ICSE History & Civics (2023-24 ),,18,Active,
5853,History : 12. Rise of Dictatorship : Fascism and Nazism,18,ICSE,Class 10,History & Civics,ICSE History & Civics (2023-24 ),,18,Active,
5854,History : 12. The Reformation,19,CBSE,Class 9,History & Civics,ICSE History & Civics (2023-24 ),,19,Active,
5855,History : 12. The Reformation,19,CBSE,Class 9,History & Civics,ICSE History & Civics (2023-24 ),,19,Active,
5856,History : 12. The Reformation,19,ICSE,Class 9,History & Civics,ICSE History & Civics (2023-24 ),,19,Active,
5857,History : 13. The Industrial Revolution,20,CBSE,Class 9,History & Civics,ICSE History & Civics (2023-24 ),,20,Active,
5858,History : 13. The Industrial Revolution,20,CBSE,Class 9,History & Civics,ICSE History & Civics (2023-24 ),,20,Active,
5859,History : 13. The Industrial Revolution,20,ICSE,Class 9,History & Civics,ICSE History & Civics (2023-24 ),,20,Active,
5860,History : 13. The Second World War (1939,19,CBSE,Class 10,History & Civics,ICSE History & Civics (2023-24 ),,19,Active,
5861,History : 13. The Second World War (1939,19,ICSE,Class 10,History & Civics,ICSE History & Civics (2023-24 ),,19,Active,
5862,History : 14. The United Nations,20,ICSE,Class 10,History & Civics,ICSE History & Civics (2023-24 ),,20,Active,
5863,History : 15. Major Agencies of the United Nations Organisation,21,CBSE,Class 10,History & Civics,ICSE History & Civics (2023-24 ),,21,Active,
5864,History : 15. Major Agencies of the United Nations Organisation,21,ICSE,Class 10,History & Civics,ICSE History & Civics (2023-24 ),,21,Active,
5865,History : 16. The Non Aligned Movement,22,CBSE,Class 10,History & Civics,ICSE History & Civics (2023-24 ),,22,Active,
5866,History : 16. The Non Aligned Movement,22,ICSE,Class 10,History & Civics,ICSE History & Civics (2023-24 ),,22,Active,
5867,History : 2. Factors Promoting the Growth of Nationalism and Foundation of the Indian National Congress,8,CBSE,Class 10,History & Civics,ICSE History & Civics (2023-24 ),,8,Active,
5868,History : 2. Factors Promoting the Growth of Nationalism and Foundation of the Indian National Congress,8,ICSE,Class 10,History & Civics,ICSE History & Civics (2023-24 ),,8,Active,
5869,History : 2. Rise and Spread of Islam,2,ICSE,Class 7,History & Civics,Focus on History & Civics (For Acad. Year 2023-24),,2,Active,
5870,History : 2. Rise and Spread of Islam,2,ICSE,Class 7,History & Civics,Focus on History & Civics,,2,Active,
5871,History : 2. The Growth of Nationalism : The Age of Revolutions,2,ICSE,Class 8,History & Civics,Focus on History & Civics (For Acad. Year 2023-24),,2,Active,
5872,History : 2. The Growth of Nationalism : The Age of Revolutions,2,ICSE,Class 8,History & Civics,Focus on History & Civics,,2,Active,
5873,History : 2. The River Valley Civilisations : Mesopotamian Civilisation,2,ICSE,Class 6,History & Civics,Focus on History & Civics (For Acad. Year 2023-24),,2,Active,
5874,History : 2. The River Valley Civilisations : Mesopotamian Civilisation,2,ICSE,Class 6,History & Civics,Focus on History & Civics,,2,Active,
5875,History : 2. The River Valley Civilisations : Mesopotamian Civilisation,2,ICSE,Class 6,History & Civics,Focus on History & Civics,,2,Active,
5876,History : 2. The Vedic Period,9,CBSE,Class 9,History & Civics,ICSE History & Civics (2023-24 ),,9,Active,
5877,History : 2. The Vedic Period,9,CBSE,Class 9,History & Civics,ICSE History & Civics (2023-24 ),,9,Active,
5878,History : 2. The Vedic Period,9,ICSE,Class 9,History & Civics,ICSE History & Civics (2023-24 ),,9,Active,
5879,History : 3. Jainism and Buddhism,10,CBSE,Class 9,History & Civics,ICSE History & Civics (2023-24 ),,10,Active,
5880,History : 3. Jainism and Buddhism,10,CBSE,Class 9,History & Civics,ICSE History & Civics (2023-24 ),,10,Active,
5881,History : 3. Jainism and Buddhism,10,ICSE,Class 9,History & Civics,ICSE History & Civics (2023-24 ),,10,Active,
5882,History : 3. Programme and Achievements of the Early Nationalists (Moderates),9,CBSE,Class 10,History & Civics,ICSE History & Civics (2023-24 ),,9,Active,
5883,History : 3. Programme and Achievements of the Early Nationalists (Moderates),9,ICSE,Class 10,History & Civics,ICSE History & Civics (2023-24 ),,9,Active,
5884,History : 3. The American Civil War,3,ICSE,Class 8,History & Civics,Focus on History & Civics (For Acad. Year 2023-24),,3,Active,
5885,History : 3. The American Civil War,3,ICSE,Class 8,History & Civics,Focus on History & Civics,,3,Active,
5886,History : 3. The River Valley Civilisations : Egyptian Civilisation,3,ICSE,Class 6,History & Civics,Focus on History & Civics (For Acad. Year 2023-24),,3,Active,
5887,History : 3. The River Valley Civilisations : Egyptian Civilisation,3,ICSE,Class 6,History & Civics,Focus on History & Civics,,3,Active,
5888,History : 3. The River Valley Civilisations : Egyptian Civilisation,3,ICSE,Class 6,History & Civics,Focus on History & Civics,,3,Active,
5889,History : 3. The Turkish Invaders,3,ICSE,Class 7,History & Civics,Focus on History & Civics (For Acad. Year 2023-24),,3,Active,
5890,History : 3. The Turkish Invaders,3,ICSE,Class 7,History & Civics,Focus on History & Civics,,3,Active,
5891,History : 4. India in the Eighteenth Century,4,ICSE,Class 8,History & Civics,Focus on History & Civics (For Acad. Year 2023-24),,4,Active,
5892,History : 4. India in the Eighteenth Century,4,ICSE,Class 8,History & Civics,Focus on History & Civics,,4,Active,
5893,History : 4. The Delhi Sultanate,4,ICSE,Class 7,History & Civics,Focus on History & Civics (For Acad. Year 2023-24),,4,Active,
5894,History : 4. The Delhi Sultanate,4,ICSE,Class 7,History & Civics,Focus on History & Civics,,4,Active,
5895,History : 4. The Mauryan Empire,11,CBSE,Class 9,History & Civics,ICSE History & Civics (2023-24 ),,11,Active,
5896,History : 4. The Mauryan Empire,11,CBSE,Class 9,History & Civics,ICSE History & Civics (2023-24 ),,11,Active,
5897,History : 4. The Mauryan Empire,11,ICSE,Class 9,History & Civics,ICSE History & Civics (2023-24 ),,11,Active,
5898,History : 4. The Rise of Assertive/Radical Nationalism,10,CBSE,Class 10,History & Civics,ICSE History & Civics (2023-24 ),,10,Active,
5899,History : 4. The Rise of Assertive/Radical Nationalism,10,ICSE,Class 10,History & Civics,ICSE History & Civics (2023-24 ),,10,Active,
5900,History : 4. The River Valley Civilisations : Indus Valley Civilisation,4,ICSE,Class 6,History & Civics,Focus on History & Civics (For Acad. Year 2023-24),,4,Active,
5901,History : 4. The River Valley Civilisations : Indus Valley Civilisation,4,ICSE,Class 6,History & Civics,Focus on History & Civics,,4,Active,
5902,History : 4. The River Valley Civilisations : Indus Valley Civilisation,4,ICSE,Class 6,History & Civics,Focus on History & Civics,,4,Active,
5903,"History : 5. Administration, Society and Culture under the Delhi Sultanate",5,ICSE,Class 7,History & Civics,Focus on History & Civics (For Acad. Year 2023-24),,5,Active,
5904,"History : 5. Administration, Society and Culture under the Delhi Sultanate",5,ICSE,Class 7,History & Civics,Focus on History & Civics,,5,Active,
5905,"History : 5. Partition of Bengal, the Swadeshi and Boycott Movement",11,CBSE,Class 10,History & Civics,ICSE History & Civics (2023-24 ),,11,Active,
5906,"History : 5. Partition of Bengal, the Swadeshi and Boycott Movement",11,ICSE,Class 10,History & Civics,ICSE History & Civics (2023-24 ),,11,Active,
5907,History : 5. The River Valley Civilisations : Chinese Civilisation,5,ICSE,Class 6,History & Civics,Focus on History & Civics (For Acad. Year 2023-24),,5,Active,
5908,History : 5. The River Valley Civilisations : Chinese Civilisation,5,ICSE,Class 6,History & Civics,Focus on History & Civics,,5,Active,
5909,History : 5. The River Valley Civilisations : Chinese Civilisation,5,ICSE,Class 6,History & Civics,Focus on History & Civics,,5,Active,
5910,History : 5. The Sangam Age,12,CBSE,Class 9,History & Civics,ICSE History & Civics (2023-24 ),,12,Active,
5911,History : 5. The Sangam Age,12,CBSE,Class 9,History & Civics,ICSE History & Civics (2023-24 ),,12,Active,
5912,History : 5. The Sangam Age,12,ICSE,Class 9,History & Civics,ICSE History & Civics (2023-24 ),,12,Active,
5913,History : 5. Traders to Rulers,5,ICSE,Class 8,History & Civics,Focus on History & Civics (For Acad. Year 2023-24),,5,Active,
5914,History : 5. Traders to Rulers,5,ICSE,Class 8,History & Civics,Focus on History & Civics,,5,Active,
5915,History : 6. Formation of the Muslim League,12,CBSE,Class 10,History & Civics,ICSE History & Civics (2023-24 ),,12,Active,
5916,History : 6. Formation of the Muslim League,12,ICSE,Class 10,History & Civics,ICSE History & Civics (2023-24 ),,12,Active,
5917,History : 6. Impact of British Rule on India,6,ICSE,Class 8,History & Civics,Focus on History & Civics (For Acad. Year 2023-24),,6,Active,
5918,History : 6. Impact of British Rule on India,6,ICSE,Class 8,History & Civics,Focus on History & Civics,,6,Active,
5919,History : 6. The Golden Age of the Guptas,13,CBSE,Class 9,History & Civics,ICSE History & Civics (2023-24 ),,13,Active,
5920,History : 6. The Golden Age of the Guptas,13,CBSE,Class 9,History & Civics,ICSE History & Civics (2023-24 ),,13,Active,
5921,History : 6. The Golden Age of the Guptas,13,ICSE,Class 9,History & Civics,ICSE History & Civics (2023-24 ),,13,Active,
5922,History : 6. The Vedic Civilisation,6,ICSE,Class 6,History & Civics,Focus on History & Civics (For Acad. Year 2023-24),,6,Active,
5923,History : 6. The Vedic Civilisation,6,ICSE,Class 6,History & Civics,Focus on History & Civics,,6,Active,
5924,History : 6. The Vijayanagara and Bahamani Kingdoms,6,ICSE,Class 7,History & Civics,Focus on History & Civics (For Acad. Year 2023-24),,6,Active,
5925,History : 6. The Vijayanagara and Bahamani Kingdoms,6,ICSE,Class 7,History & Civics,Focus on History & Civics,,6,Active,
5926,History : 7. Foundation of the Mughal Empire,7,ICSE,Class 7,History & Civics,Focus on History & Civics (For Acad. Year 2023-24),,7,Active,
5927,History : 7. Foundation of the Mughal Empire,7,ICSE,Class 7,History & Civics,Focus on History & Civics,,7,Active,
5928,History : 7. Mahavira and Buddha — Great Preachers,7,ICSE,Class 6,History & Civics,Focus on History & Civics (For Acad. Year 2023-24),,7,Active,
5929,History : 7. Mahavira and Buddha — Great Preachers,7,ICSE,Class 6,History & Civics,Focus on History & Civics,,7,Active,
5930,History : 7. Medieval India : South India and the Cholas,14,CBSE,Class 9,History & Civics,ICSE History & Civics (2023-24 ),,14,Active,
5931,History : 7. Medieval India : South India and the Cholas,14,CBSE,Class 9,History & Civics,ICSE History & Civics (2023-24 ),,14,Active,
5932,History : 7. Medieval India : South India and the Cholas,14,ICSE,Class 9,History & Civics,ICSE History & Civics (2023-24 ),,14,Active,
5933,History : 7. The Great Uprising of 1857,7,ICSE,Class 8,History & Civics,Focus on History & Civics (For Acad. Year 2023-24),,7,Active,
5934,History : 7. The Great Uprising of 1857,7,ICSE,Class 8,History & Civics,Focus on History & Civics,,7,Active,
5935,History : 7. The National Movement (During the First World War),13,CBSE,Class 10,History & Civics,ICSE History & Civics (2023-24 ),,13,Active,
5936,History : 7. The National Movement (During the First World War),13,ICSE,Class 10,History & Civics,ICSE History & Civics (2023-24 ),,13,Active,
5937,History : 8. Akbar,8,ICSE,Class 7,History & Civics,Focus on History & Civics (For Acad. Year 2023-24),,8,Active,
5938,History : 8. Akbar,8,ICSE,Class 7,History & Civics,Focus on History & Civics,,8,Active,
5939,History : 8. Mahatma Gandhi and the National Movement,14,CBSE,Class 10,History & Civics,ICSE History & Civics (2023-24 ),,14,Active,
5940,History : 8. Mahatma Gandhi and the National Movement,14,ICSE,Class 10,History & Civics,ICSE History & Civics (2023-24 ),,14,Active,
5941,History : 8. Medieval India  The Delhi Sultanate,15,CBSE,Class 9,History & Civics,ICSE History & Civics (2023-24 ),,15,Active,
5942,History : 8. Medieval India  The Delhi Sultanate,15,CBSE,Class 9,History & Civics,ICSE History & Civics (2023-24 ),,15,Active,
5943,History : 8. Medieval India  The Delhi Sultanate,15,ICSE,Class 9,History & Civics,ICSE History & Civics (2023-24 ),,15,Active,
5944,History : 8. Reform Movements,8,ICSE,Class 8,History & Civics,Focus on History & Civics (For Acad. Year 2023-24),,8,Active,
5945,History : 8. Reform Movements,8,ICSE,Class 8,History & Civics,Focus on History & Civics,,8,Active,
5946,History : 8. Rise of Kingdoms and Republics,8,ICSE,Class 6,History & Civics,Focus on History & Civics (For Acad. Year 2023-24),,8,Active,
5947,History : 8. Rise of Kingdoms and Republics,8,ICSE,Class 6,History & Civics,Focus on History & Civics,,8,Active,
5948,"History : 9. Jahangir, Shah Jahan and Aurangzeb",9,ICSE,Class 7,History & Civics,Focus on History & Civics (For Acad. Year 2023-24),,9,Active,
5949,"History : 9. Jahangir, Shah Jahan and Aurangzeb",9,ICSE,Class 7,History & Civics,Focus on History & Civics,,9,Active,
5950,History : 9. Struggle for Freedom (I),9,ICSE,Class 8,History & Civics,Focus on History & Civics (For Acad. Year 2023-24),,9,Active,
5951,History : 9. Struggle for Freedom (I),9,ICSE,Class 8,History & Civics,Focus on History & Civics,,9,Active,
5952,History : 9. The Mauryan Empire,9,ICSE,Class 6,History & Civics,Focus on History & Civics (For Acad. Year 2023-24),,9,Active,
5953,History : 9. The Mauryan Empire,9,ICSE,Class 6,History & Civics,Focus on History & Civics,,9,Active,
5954,History : 9. The Mughal Empire,16,CBSE,Class 9,History & Civics,ICSE History & Civics (2023-24 ),,16,Active,
5955,History : 9. The Mughal Empire,16,CBSE,Class 9,History & Civics,ICSE History & Civics (2023-24 ),,16,Active,
5956,History : 9. The Mughal Empire,16,ICSE,Class 9,History & Civics,ICSE History & Civics (2023-24 ),,16,Active,
5957,History : 9. The National Movement (1935,15,CBSE,Class 10,History & Civics,ICSE History & Civics (2023-24 ),,15,Active,
5958,History : 9. The National Movement (1935,15,ICSE,Class 10,History & Civics,ICSE History & Civics (2023-24 ),,15,Active,
5959,History 1. Beginning Of The Modern Period,1,CBSE,Class 8,Social Science,Social Science Success (2023-24),,1,Active,
5960,"History 1. Introduction : What. Where, How and When?",1,CBSE,Class 6,Social Science,Social Science Success (2023-24),,1,Active,
5961,History 1. Trxing Changes in the Medieval period,1,CBSE,Class 7,Social Science,Social Science Success (2023-24),,1,Active,
5962,History 10. Contacts with Distant Lands (200 BCE,10,CBSE,Class 6,Social Science,Social Science Success (2023-24),,10,Active,
5963,History 11. Political Developments,11,CBSE,Class 6,Social Science,Social Science Success (2023-24),,11,Active,
5964,History 12. Culture and Science,12,CBSE,Class 6,Social Science,Social Science Success (2023-24),,12,Active,
5965,History 2. From Traders to Rulers,2,CBSE,Class 8,Social Science,Social Science Success (2023-24),,2,Active,
5966,History 2. New Kings and Kingdoms,2,CBSE,Class 7,Social Science,Social Science Success (2023-24),,2,Active,
5967,History 2. The Earliest People,2,CBSE,Class 6,Social Science,Social Science Success (2023-24),,2,Active,
5968,History 3. The Countryside Under The Companys Rule,3,CBSE,Class 8,Social Science,Social Science Success (2023-24),,3,Active,
5969,History 3. The Sultans of Delhi,3,CBSE,Class 7,Social Science,Social Science Success (2023-24),,3,Active,
5970,History 3.The First Farmers and Herders,3,CBSE,Class 6,Social Science,Social Science Success (2023-24),,3,Active,
5971,History 4. The First Cities,4,CBSE,Class 6,Social Science,Social Science Success (2023-24),,4,Active,
5972,History 4. The Mughal Empire,4,CBSE,Class 7,Social Science,Social Science Success (2023-24),,4,Active,
5973,History 4. Tribals During the Colonial Rule,4,CBSE,Class 8,Social Science,Social Science Success (2023-24),,4,Active,
5974,History 5. Different Ways Of Life : The Vedic Period,5,CBSE,Class 6,Social Science,Social Science Success (2023-24),,5,Active,
5975,History 5. The Rebellion of 1857,5,CBSE,Class 8,Social Science,Social Science Success (2023-24),,5,Active,
5976,"History 5. Tritrs, Nomads and Settled Communities",5,CBSE,Class 7,Social Science,Social Science Success (2023-24),,5,Active,
5977,History 6. Attempts to 'Civilise' and the Native,6,CBSE,Class 8,Social Science,Social Science Success (2023-24),,6,Active,
5978,History 6. Early Kingdoms,6,CBSE,Class 6,Social Science,Social Science Success (2023-24),,6,Active,
5979,History 6. Religious Beliefs and Devotional paths,6,CBSE,Class 7,Social Science,Social Science Success (2023-24),,6,Active,
5980,History 7. Reforms. Reformers and Women,7,CBSE,Class 8,Social Science,Social Science Success (2023-24),,7,Active,
5981,History 7. Spread of New Ideas,7,CBSE,Class 6,Social Science,Social Science Success (2023-24),,7,Active,
5982,History 7. The Flowering of Regional Cultures,7,CBSE,Class 7,Social Science,Social Science Success (2023-24),,7,Active,
5983,History 8. Political Formations in the Eighteenth Century,8,CBSE,Class 7,Social Science,Social Science Success (2023-24),,8,Active,
5984,History 8. The First Empire,8,CBSE,Class 6,Social Science,Social Science Success (2023-24),,8,Active,
5985,History 8. The National Movement (1870 1947),8,CBSE,Class 8,Social Science,Social Science Success (2023-24),,8,Active,
5986,History 9. Life in Villages and Towns (600 BCE  300 CE),9,CBSE,Class 6,Social Science,Social Science Success (2023-24),,9,Active,
5987,Hydrogen,7,ICSE,Class 8,Chemistry,Learning Elementary Chemistry,,7,Active,
5988,Hygiene & Cleanliness,8,CBSE,Class 2,Moral Science,My Book of Life Skills,,8,Active,
5989,Hygiene & Cleanliness,8,CBSE,Class 1,Computer Science,Fun with Linux,,8,Active,
5990,In My Family,7,ICSE,Class 2,Environmental Studies,Essential Environmental Studies,,7,Active,
5991,Keeping Clean,8,ICSE,Class 2,Environmental Studies,Essential Environmental Studies,,8,Active,
5992,Keeping Safe and Healthy,9,ICSE,Class 2,Environmental Studies,Essential Environmental Studies,,9,Active,
5993,LETTERS OF THE ALPHABET,1,CBSE,Class 1,English,Grammar Success with Composition,,1,Active,
5994,Likho aur Sikho,5,CBSE,LKG,Kindergarten,Zig Zag Zoom,,5,Active,
5995,Map Work (World Map),19,ICSE,Class 9,Geography,A Textbook of Geography (2023-24),,19,Active,
5996,Math Rhymes : Chapter 1 One little flower,33,CBSE,Nursery,Kindergarten,Zig Zag Zoom,,33,Active,
5997,Math Rhymes : Chapter 10 Five little apple,42,CBSE,Nursery,Kindergarten,Zig Zag Zoom,,42,Active,
5998,Math Rhymes : Chapter 11 One Two Bockle My Shoe,43,CBSE,Nursery,Kindergarten,Zig Zag Zoom,,43,Active,
5999,Math Rhymes : Chapter 2 Two little hands,34,CBSE,Nursery,Kindergarten,Zig Zag Zoom,,34,Active,
6000,Math Rhymes : Chapter 3 Rub a dub dub,35,CBSE,Nursery,Kindergarten,Zig Zag Zoom,,35,Active,
6001,Math Rhymes : Chapter 4 Four little ducks,36,CBSE,Nursery,Kindergarten,Zig Zag Zoom,,36,Active,
6002,Math Rhymes : Chapter 5 Five Little Monkeys,37,CBSE,Nursery,Kindergarten,Zig Zag Zoom,,37,Active,
6003,Math Rhymes : Chapter 6 One and One,38,CBSE,Nursery,Kindergarten,Zig Zag Zoom,,38,Active,
6004,Math Rhymes : Chapter 7 Seven little snowmen,39,CBSE,Nursery,Kindergarten,Zig Zag Zoom,,39,Active,
6005,Math Rhymes : Chapter 8 One Two Three Four,40,CBSE,Nursery,Kindergarten,Zig Zag Zoom,,40,Active,
6006,Math Rhymes : Chapter 9 Engine engine,41,CBSE,Nursery,Kindergarten,Zig Zag Zoom,,41,Active,
6007,Mathematics,5,Test Board,Class 10,All Subject ( Test),Meghalaya Board Social Science,,5,Active,
6008,Maths Rhymes : Chapter 1 One Two Three Four,27,CBSE,LKG,Kindergarten,Zig Zag Zoom,,27,Active,
6009,Maths Rhymes : Chapter 10 One little flower,36,CBSE,LKG,Kindergarten,Zig Zag Zoom,,36,Active,
6010,Maths Rhymes : Chapter 11 One Two Bockle My Shoe,37,CBSE,LKG,Kindergarten,Zig Zag Zoom,,37,Active,
6011,Maths Rhymes : Chapter 2 Rub a dub dub,28,CBSE,LKG,Kindergarten,Zig Zag Zoom,,28,Active,
6012,Maths Rhymes : Chapter 3 Seven little snowmen,29,CBSE,LKG,Kindergarten,Zig Zag Zoom,,29,Active,
6013,Maths Rhymes : Chapter 4 Two little hands,30,CBSE,LKG,Kindergarten,Zig Zag Zoom,,30,Active,
6014,Maths Rhymes : Chapter 5 Engine engine,31,CBSE,LKG,Kindergarten,Zig Zag Zoom,,31,Active,
6015,Maths Rhymes : Chapter 6 Five little apple,32,CBSE,LKG,Kindergarten,Zig Zag Zoom,,32,Active,
6016,Maths Rhymes : Chapter 7 Five Little Monkeys,33,CBSE,LKG,Kindergarten,Zig Zag Zoom,,33,Active,
6017,Maths Rhymes : Chapter 8 Four little ducks,34,CBSE,LKG,Kindergarten,Zig Zag Zoom,,34,Active,
6018,Maths Rhymes : Chapter 9 One and One,35,CBSE,LKG,Kindergarten,Zig Zag Zoom,,35,Active,
6019,Means of Communication,13,CBSE,Class 2,Social Studies,Illustrative Social Studies,,13,Active,
6020,Means of Communication,3,ICSE,Class 1,Environmental Studies,Essential Environmental Studies,,3,Active,
6021,Means of Transport,12,CBSE,Class 2,Social Studies,Illustrative Social Studies,,12,Active,
6022,Means of Transport,4,ICSE,Class 1,Environmental Studies,Essential Environmental Studies,,4,Active,
6023,Medieval Europe – Rise and Spread of Christianity,1,CBSE,Class 7,History & Civics,Focus on History & Civics,,1,Active,
6024,Mera Pahela Akshar,6,CBSE,LKG,Kindergarten,Zig Zag Zoom,,6,Active,
6025,MODAL AUXILIARIES,4,CBSE,Class 8,English,Grammar Success with Composition,,4,Active,
6026,MODAL VERBS,3,CBSE,Class 7,English,Grammar Success with Composition,,3,Active,
6027,Model Test Paper 1,15,CBSE,Class 10,Science,NCQRT Science,,15,Active,
6028,Model Test Paper 1,7,CBSE,Class 10,Political Science,NCQRT Political Science,,7,Active,
6029,Model Test Paper 1,7,CBSE,Class 10,History,NCQRT History,,7,Active,
6030,Model Test Paper 1,7,CBSE,Class 10,Economics,NCQRT Economics,,7,Active,
6031,Model Test Paper 1,9,CBSE,Class 10,Geography,NCQRT Geography,,9,Active,
6032,Model Test Paper 1,13,CBSE,Class 9,Science,NCQRT Science,,13,Active,
6033,Model Test Paper 1,12,CBSE,Class 9,Mathematics,NCQRT Mathematics,,12,Active,
6034,Model Test Paper 1,6,CBSE,Class 9,Political Science,NCQRT Political Science,,6,Active,
6035,Model Test Paper 1,6,CBSE,Class 9,History,NCQRT History,,6,Active,
6036,Model Test Paper 1,5,CBSE,Class 9,Economics,NCQRT Economics,,5,Active,
6037,Model Test Paper 1,7,CBSE,Class 9,Geography,NCQRT Geography,,7,Active,
6038,Model Test Paper 1 (Standard),20,CBSE,Class 10,Mathematics,NCQRT Mathematics,,20,Active,
6039,Model Test Paper 1 (Basic),16,CBSE,Class 10,Mathematics,NCQRT Mathematics,,16,Active,
6040,Model Test Paper 2,16,CBSE,Class 10,Science,NCQRT Science,,16,Active,
6041,Model Test Paper 2,8,CBSE,Class 10,Political Science,NCQRT Political Science,,8,Active,
6042,Model Test Paper 2,8,CBSE,Class 10,History,NCQRT History,,8,Active,
6043,Model Test Paper 2,8,CBSE,Class 10,Economics,NCQRT Economics,,8,Active,
6044,Model Test Paper 2,10,CBSE,Class 10,Geography,NCQRT Geography,,10,Active,
6045,Model Test Paper 2,14,CBSE,Class 9,Science,NCQRT Science,,14,Active,
6046,Model Test Paper 2,13,CBSE,Class 9,Mathematics,NCQRT Mathematics,,13,Active,
6047,Model Test Paper 2,7,CBSE,Class 9,Political Science,NCQRT Political Science,,7,Active,
6048,Model Test Paper 2,7,CBSE,Class 9,History,NCQRT History,,7,Active,
6049,Model Test Paper 2,6,CBSE,Class 9,Economics,NCQRT Economics,,6,Active,
6050,Model Test Paper 2,8,CBSE,Class 9,Geography,NCQRT Geography,,8,Active,
6051,Model Test Paper 2 (Standard),21,CBSE,Class 10,Mathematics,NCQRT Mathematics,,21,Active,
6052,Model Test Paper 2 (Basic),17,CBSE,Class 10,Mathematics,NCQRT Mathematics,,17,Active,
6053,Model Test Paper 3,17,CBSE,Class 10,Science,NCQRT Science,,17,Active,
6054,Model Test Paper 3,9,CBSE,Class 10,Political Science,NCQRT Political Science,,9,Active,
6055,Model Test Paper 3,9,CBSE,Class 10,History,NCQRT History,,9,Active,
6056,Model Test Paper 3,9,CBSE,Class 10,Economics,NCQRT Economics,,9,Active,
6057,Model Test Paper 3,11,CBSE,Class 10,Geography,NCQRT Geography,,11,Active,
6058,Model Test Paper 3,15,CBSE,Class 9,Science,NCQRT Science,,15,Active,
6059,Model Test Paper 3,14,CBSE,Class 9,Mathematics,NCQRT Mathematics,,14,Active,
6060,Model Test Paper 3,8,CBSE,Class 9,Political Science,NCQRT Political Science,,8,Active,
6061,Model Test Paper 3,8,CBSE,Class 9,History,NCQRT History,,8,Active,
6062,Model Test Paper 3,7,CBSE,Class 9,Economics,NCQRT Economics,,7,Active,
6063,Model Test Paper 3,9,CBSE,Class 9,Geography,NCQRT Geography,,9,Active,
6064,Model Test Paper 3 (Standard),22,CBSE,Class 10,Mathematics,NCQRT Mathematics,,22,Active,
6065,Model Test Paper 3 (Basic),18,CBSE,Class 10,Mathematics,NCQRT Mathematics,,18,Active,
6066,My A B C,2,CBSE,Nursery,Kindergarten,Zig Zag Zoom,,2,Active,
6067,My A B C,2,CBSE,LKG,Kindergarten,Zig Zag Zoom,,2,Active,
6068,My A B C,2,CBSE,UKG,Kindergarten,Zig Zag Zoom,,2,Active,
6069,My A B C : Chapter 1 Alphabet Revision,1,CBSE,UKG,Kindergarten,Zig Zag Zoom,,1,Active,
6070,My A B C : Chapter 1 Letter 'A a',1,CBSE,LKG,Kindergarten,Zig Zag Zoom,,1,Active,
6071,My A B C : Chapter 10 Letter 'j j,10,CBSE,LKG,Kindergarten,Zig Zag Zoom,,10,Active,
6072,My A B C : Chapter 10 Vowel 'i' and Two letter Groups,10,CBSE,UKG,Kindergarten,Zig Zag Zoom,,10,Active,
6073,My A B C : Chapter 11 Letter 'K,11,CBSE,LKG,Kindergarten,Zig Zag Zoom,,11,Active,
6074,My A B C : Chapter 11 More 'i' Sound Words,11,CBSE,UKG,Kindergarten,Zig Zag Zoom,,11,Active,
6075,My A B C : Chapter 12 Letter L I',12,CBSE,LKG,Kindergarten,Zig Zag Zoom,,12,Active,
6076,My A B C : Chapter 12 Vowel 'o' and Two letter Groups,12,CBSE,UKG,Kindergarten,Zig Zag Zoom,,12,Active,
6077,My A B C : Chapter 13 Letter M m,13,CBSE,LKG,Kindergarten,Zig Zag Zoom,,13,Active,
6078,My A B C : Chapter 13 More '0' Sound Words,13,CBSE,UKG,Kindergarten,Zig Zag Zoom,,13,Active,
6079,My A B C : Chapter 14 Letter 'N n,14,CBSE,LKG,Kindergarten,Zig Zag Zoom,,14,Active,
6080,My A B C : Chapter 14 Vowel 'u' and Two letter Groups,14,CBSE,UKG,Kindergarten,Zig Zag Zoom,,14,Active,
6081,My A B C : Chapter 15 Letter O o,15,CBSE,LKG,Kindergarten,Zig Zag Zoom,,15,Active,
6082,My A B C : Chapter 15 More 'u' Sound Words,15,CBSE,UKG,Kindergarten,Zig Zag Zoom,,15,Active,
6083,My A B C : Chapter 16 Letter 'P p,16,CBSE,LKG,Kindergarten,Zig Zag Zoom,,16,Active,
6084,My A B C : Chapter 16 Sight Words 2,16,CBSE,UKG,Kindergarten,Zig Zag Zoom,,16,Active,
6085,My A B C : Chapter 17 Letter Q q,17,CBSE,LKG,Kindergarten,Zig Zag Zoom,,17,Active,
6086,My A B C : Chapter 17 Long 'a' Sound Words,17,CBSE,UKG,Kindergarten,Zig Zag Zoom,,17,Active,
6087,My A B C : Chapter 18 Letter R r,18,CBSE,LKG,Kindergarten,Zig Zag Zoom,,18,Active,
6088,My A B C : Chapter 18 Long 'e' Sound Words,18,CBSE,UKG,Kindergarten,Zig Zag Zoom,,18,Active,
6089,My A B C : Chapter 19 Letter S s,19,CBSE,LKG,Kindergarten,Zig Zag Zoom,,19,Active,
6090,My A B C : Chapter 19 Long 'i' Sound Words,19,CBSE,UKG,Kindergarten,Zig Zag Zoom,,19,Active,
6091,My A B C : Chapter 2 Letter 'B b',2,CBSE,LKG,Kindergarten,Zig Zag Zoom,,2,Active,
6092,"My A B C : Chapter 2 One Two Three (Poem), .",2,CBSE,UKG,Kindergarten,Zig Zag Zoom,,2,Active,
6093,My A B C : Chapter 20 Letter T t,20,CBSE,LKG,Kindergarten,Zig Zag Zoom,,20,Active,
6094,My A B C : Chapter 20 Long 'o' Sound Words,20,CBSE,UKG,Kindergarten,Zig Zag Zoom,,20,Active,
6095,My A B C : Chapter 21 Letter U u,21,CBSE,LKG,Kindergarten,Zig Zag Zoom,,21,Active,
6096,My A B C : Chapter 21 Long 'u' Sound Words,21,CBSE,UKG,Kindergarten,Zig Zag Zoom,,21,Active,
6097,My A B C : Chapter 22 Double Letters 'ee' Words,22,CBSE,UKG,Kindergarten,Zig Zag Zoom,,22,Active,
6098,My A B C : Chapter 22 Letter V v,22,CBSE,LKG,Kindergarten,Zig Zag Zoom,,22,Active,
6099,My A B C : Chapter 23 Double Letters 'II' Words,23,CBSE,UKG,Kindergarten,Zig Zag Zoom,,23,Active,
6100,My A B C : Chapter 23 Letter W w,23,CBSE,LKG,Kindergarten,Zig Zag Zoom,,23,Active,
6101,My A B C : Chapter 24 Double Letters '00' Words,24,CBSE,UKG,Kindergarten,Zig Zag Zoom,,24,Active,
6102,My A B C : Chapter 24 Letter X x,24,CBSE,LKG,Kindergarten,Zig Zag Zoom,,24,Active,
6103,My A B C : Chapter 25 Letter Y y,25,CBSE,LKG,Kindergarten,Zig Zag Zoom,,25,Active,
6104,My A B C : Chapter 25 Sound Blends I,25,CBSE,UKG,Kindergarten,Zig Zag Zoom,,25,Active,
6105,My A B C : Chapter 26 Letter Z z,26,CBSE,LKG,Kindergarten,Zig Zag Zoom,,26,Active,
6106,My A B C : Chapter 26 Sound Blends h .,26,CBSE,UKG,Kindergarten,Zig Zag Zoom,,26,Active,
6107,My A B C : Chapter 27 Sound Blends r,27,CBSE,UKG,Kindergarten,Zig Zag Zoom,,27,Active,
6108,My A B C : Chapter 27 Vowels and Consonants.,27,CBSE,LKG,Kindergarten,Zig Zag Zoom,,27,Active,
6109,My A B C : Chapter 28 Fun Time,28,CBSE,UKG,Kindergarten,Zig Zag Zoom,,28,Active,
6110,My A B C : Chapter 28 Vowel 'a' and Two letter Groups .,28,CBSE,LKG,Kindergarten,Zig Zag Zoom,,28,Active,
6111,My A B C : Chapter 29 More Words with 'a' Sound,29,CBSE,LKG,Kindergarten,Zig Zag Zoom,,29,Active,
6112,My A B C : Chapter 29 Sight Words 3,29,CBSE,UKG,Kindergarten,Zig Zag Zoom,,29,Active,
6113,My A B C : Chapter 3 Letter 'C,3,CBSE,LKG,Kindergarten,Zig Zag Zoom,,3,Active,
6114,My A B C : Chapter 3 Vowels,3,CBSE,UKG,Kindergarten,Zig Zag Zoom,,3,Active,
6115,My A B C : Chapter 30 A and An,30,CBSE,UKG,Kindergarten,Zig Zag Zoom,,30,Active,
6116,My A B C : Chapter 30 Sight Words I..,30,CBSE,LKG,Kindergarten,Zig Zag Zoom,,30,Active,
6117,My A B C : Chapter 31 One and Many,31,CBSE,UKG,Kindergarten,Zig Zag Zoom,,31,Active,
6118,My A B C : Chapter 31 Vowel 'e' and Two letter Groups,31,CBSE,LKG,Kindergarten,Zig Zag Zoom,,31,Active,
6119,My A B C : Chapter 32 More Words with •e' Sound,32,CBSE,LKG,Kindergarten,Zig Zag Zoom,,32,Active,
6120,My A B C : Chapter 32 This and That .,32,CBSE,UKG,Kindergarten,Zig Zag Zoom,,32,Active,
6121,"My A B C : Chapter 33 Is this / is that,",33,CBSE,UKG,Kindergarten,Zig Zag Zoom,,33,Active,
6122,My A B C : Chapter 33 Vowel 'i' and Two letter Groups..,33,CBSE,LKG,Kindergarten,Zig Zag Zoom,,33,Active,
6123,My A B C : Chapter 34 More Words with 'i' Sound.,34,CBSE,LKG,Kindergarten,Zig Zag Zoom,,34,Active,
6124,My A B C : Chapter 34 These and Those..,34,CBSE,UKG,Kindergarten,Zig Zag Zoom,,34,Active,
6125,My A B C : Chapter 35 Are these / Are those .,35,CBSE,UKG,Kindergarten,Zig Zag Zoom,,35,Active,
6126,My A B C : Chapter 35 Sight Words 2 .,35,CBSE,LKG,Kindergarten,Zig Zag Zoom,,35,Active,
6127,My A B C : Chapter 36 Vowel 'o' and Two letter Groups .,36,CBSE,LKG,Kindergarten,Zig Zag Zoom,,36,Active,
6128,My A B C : Chapter 36 What is this / that?..,36,CBSE,UKG,Kindergarten,Zig Zag Zoom,,36,Active,
6129,My A B C : Chapter 37 More Words with 'o' Sound,37,CBSE,LKG,Kindergarten,Zig Zag Zoom,,37,Active,
6130,My A B C : Chapter 37 Who (Question Word)?,37,CBSE,UKG,Kindergarten,Zig Zag Zoom,,37,Active,
6131,My A B C : Chapter 38 There is / There are,38,CBSE,UKG,Kindergarten,Zig Zag Zoom,,38,Active,
6132,My A B C : Chapter 38 Vowel •u' and Two letter Groups .,38,CBSE,LKG,Kindergarten,Zig Zag Zoom,,38,Active,
6133,My A B C : Chapter 39 Has and Have.,39,CBSE,UKG,Kindergarten,Zig Zag Zoom,,39,Active,
6134,My A B C : Chapter 39 More Words with 'u' Sound,39,CBSE,LKG,Kindergarten,Zig Zag Zoom,,39,Active,
6135,My A B C : Chapter 4 Consonants.,4,CBSE,UKG,Kindergarten,Zig Zag Zoom,,4,Active,
6136,My A B C : Chapter 4 Letter 'D d',4,CBSE,LKG,Kindergarten,Zig Zag Zoom,,4,Active,
6137,My A B C : Chapter 40 Opposite Words,40,CBSE,UKG,Kindergarten,Zig Zag Zoom,,40,Active,
6138,My A B C : Chapter 40 Sight Words 3 .,40,CBSE,LKG,Kindergarten,Zig Zag Zoom,,40,Active,
6139,"My A B C : Chapter 41 In, On, Under",1,CBSE,UKG,Kindergarten,Zig Zag Zoom,,1,Active,
6140,My A B C : Chapter 41 Practice with Vowel A,41,CBSE,LKG,Kindergarten,Zig Zag Zoom,,41,Active,
6141,"My A B C : Chapter 42 Behind, Between, In Front Of",2,CBSE,UKG,Kindergarten,Zig Zag Zoom,,2,Active,
6142,My A B C : Chapter 42 Practice with Vowel E,42,CBSE,LKG,Kindergarten,Zig Zag Zoom,,42,Active,
6143,My A B C : Chapter 43 Action Words,3,CBSE,UKG,Kindergarten,Zig Zag Zoom,,3,Active,
6144,My A B C : Chapter 43 Practice with Vowel I,43,CBSE,LKG,Kindergarten,Zig Zag Zoom,,43,Active,
6145,My A B C : Chapter 44 Fun Time,4,CBSE,UKG,Kindergarten,Zig Zag Zoom,,4,Active,
6146,My A B C : Chapter 44 Practice with Vowel O,44,CBSE,LKG,Kindergarten,Zig Zag Zoom,,44,Active,
6147,My A B C : Chapter 45 Practice with Vowel U,45,CBSE,LKG,Kindergarten,Zig Zag Zoom,,45,Active,
6148,My A B C : Chapter 45 Sight Words 4,5,CBSE,UKG,Kindergarten,Zig Zag Zoom,,5,Active,
6149,My A B C : Chapter 46 A and An .,46,CBSE,LKG,Kindergarten,Zig Zag Zoom,,46,Active,
6150,My A B C : Chapter 46 Colours,6,CBSE,UKG,Kindergarten,Zig Zag Zoom,,6,Active,
6151,My A B C : Chapter 47 Has and Have..,47,CBSE,LKG,Kindergarten,Zig Zag Zoom,,47,Active,
6152,My A B C : Chapter 47 Pairs,7,CBSE,UKG,Kindergarten,Zig Zag Zoom,,7,Active,
6153,My A B C : Chapter 48 Days of the Week,8,CBSE,UKG,Kindergarten,Zig Zag Zoom,,8,Active,
6154,"My A B C : Chapter 48 In, On, Under and Behind.",48,CBSE,LKG,Kindergarten,Zig Zag Zoom,,48,Active,
6155,My A B C : Chapter 49 Months Of the Year,9,CBSE,UKG,Kindergarten,Zig Zag Zoom,,9,Active,
6156,My A B C : Chapter 49 Sight Words 4 .,49,CBSE,LKG,Kindergarten,Zig Zag Zoom,,49,Active,
6157,My A B C : Chapter 5 Letter 'E e'..,5,CBSE,LKG,Kindergarten,Zig Zag Zoom,,5,Active,
6158,My A B C : Chapter 5 Sight Words I,5,CBSE,UKG,Kindergarten,Zig Zag Zoom,,5,Active,
6159,My A B C : Chapter 50 A Clown (Poem) ..,50,CBSE,LKG,Kindergarten,Zig Zag Zoom,,50,Active,
6160,My A B C : Chapter 50 Fun Time,10,CBSE,UKG,Kindergarten,Zig Zag Zoom,,10,Active,
6161,My A B C : Chapter 51 Fun Time,11,CBSE,UKG,Kindergarten,Zig Zag Zoom,,11,Active,
6162,My A B C : Chapter 51 The Almighty God (Poem)..,51,CBSE,LKG,Kindergarten,Zig Zag Zoom,,51,Active,
6163,My A B C : Chapter 52 Five Litfie Monkeys (Poem),52,CBSE,LKG,Kindergarten,Zig Zag Zoom,,52,Active,
6164,My A B C : Chapter 52 The Lion and the Mouse,12,CBSE,UKG,Kindergarten,Zig Zag Zoom,,12,Active,
6165,My A B C : Chapter 53 A Little Boy (Poem)..,53,CBSE,LKG,Kindergarten,Zig Zag Zoom,,53,Active,
6166,My A B C : Chapter 53 Completing a Story,13,CBSE,UKG,Kindergarten,Zig Zag Zoom,,13,Active,
6167,My A B C : Chapter 54 Conversation,14,CBSE,UKG,Kindergarten,Zig Zag Zoom,,14,Active,
6168,My A B C : Chapter 55 Picture Comprehension,15,CBSE,UKG,Kindergarten,Zig Zag Zoom,,15,Active,
6169,My A B C : Chapter 56 The Cap Seller and the Monkeys,16,CBSE,UKG,Kindergarten,Zig Zag Zoom,,16,Active,
6170,My A B C : Chapter 57 My Big Balloon (Poem),17,CBSE,UKG,Kindergarten,Zig Zag Zoom,,17,Active,
6171,My A B C : Chapter 58 Let's Plant Trees (Poem),18,CBSE,UKG,Kindergarten,Zig Zag Zoom,,18,Active,
6172,My A B C : Chapter 59 Magic Words,19,CBSE,UKG,Kindergarten,Zig Zag Zoom,,19,Active,
6173,My A B C : Chapter 6 Letter 'F f'.,6,CBSE,LKG,Kindergarten,Zig Zag Zoom,,6,Active,
6174,My A B C : Chapter 6 Vowel 'a' and Two letter Groups,6,CBSE,UKG,Kindergarten,Zig Zag Zoom,,6,Active,
6175,My A B C : Chapter 7 Letter 'G g'..,7,CBSE,LKG,Kindergarten,Zig Zag Zoom,,7,Active,
6176,My A B C : Chapter 7 More 'a' Sound Words,7,CBSE,UKG,Kindergarten,Zig Zag Zoom,,7,Active,
6177,My A B C : Chapter 8 Letter 'H h',8,CBSE,LKG,Kindergarten,Zig Zag Zoom,,8,Active,
6178,My A B C : Chapter 8 Vowel 'e' and Two letter Groups,8,CBSE,UKG,Kindergarten,Zig Zag Zoom,,8,Active,
6179,My A B C : Chapter 9 Letter 'I i',9,CBSE,LKG,Kindergarten,Zig Zag Zoom,,9,Active,
6180,My A B C : Chapter 9 More 'e' Sound Words,9,CBSE,UKG,Kindergarten,Zig Zag Zoom,,9,Active,
6181,My Big World,3,CBSE,Nursery,Kindergarten,Zig Zag Zoom,,3,Active,
6182,My Big World,3,CBSE,LKG,Kindergarten,Zig Zag Zoom,,3,Active,
6183,My Big World,1,CBSE,UKG,Kindergarten,Zig Zag Zoom,,1,Active,
6184,My Big World : Chapter 1 About Me,7,CBSE,LKG,Kindergarten,Zig Zag Zoom,,7,Active,
6185,My Big World : Chapter 1 This is Me,1,CBSE,UKG,Kindergarten,Zig Zag Zoom,,1,Active,
6186,My Big World : Chapter 10 My Home,10,CBSE,UKG,Kindergarten,Zig Zag Zoom,,10,Active,
6187,My Big World : Chapter 10 Vegetables,16,CBSE,LKG,Kindergarten,Zig Zag Zoom,,16,Active,
6188,My Big World : Chapter 11 Fruits,17,CBSE,LKG,Kindergarten,Zig Zag Zoom,,17,Active,
6189,My Big World : Chapter 11 Safety at Home,11,CBSE,UKG,Kindergarten,Zig Zag Zoom,,11,Active,
6190,My Big World : Chapter 12 Flowers,18,CBSE,LKG,Kindergarten,Zig Zag Zoom,,18,Active,
6191,My Big World : Chapter 12 My School,12,CBSE,UKG,Kindergarten,Zig Zag Zoom,,12,Active,
6192,My Big World : Chapter 13 Animals,19,CBSE,LKG,Kindergarten,Zig Zag Zoom,,19,Active,
6193,My Big World : Chapter 13 People Who Help Us,13,CBSE,UKG,Kindergarten,Zig Zag Zoom,,13,Active,
6194,My Big World : Chapter 14 Our Pets,20,CBSE,LKG,Kindergarten,Zig Zag Zoom,,20,Active,
6195,My Big World : Chapter 14 Seasons,14,CBSE,UKG,Kindergarten,Zig Zag Zoom,,14,Active,
6196,My Big World : Chapter 15 Birds,21,CBSE,LKG,Kindergarten,Zig Zag Zoom,,21,Active,
6197,My Big World : Chapter 15 Things in the Sky,15,CBSE,UKG,Kindergarten,Zig Zag Zoom,,15,Active,
6198,My Big World : Chapter 16 A Day,16,CBSE,UKG,Kindergarten,Zig Zag Zoom,,16,Active,
6199,My Big World : Chapter 16 Insects,22,CBSE,LKG,Kindergarten,Zig Zag Zoom,,22,Active,
6200,My Big World : Chapter 17 Playing is Fun,17,CBSE,UKG,Kindergarten,Zig Zag Zoom,,17,Active,
6201,My Big World : Chapter 17 Playing is Fun,23,CBSE,LKG,Kindergarten,Zig Zag Zoom,,23,Active,
6202,My Big World : Chapter 18 Fun with Mugic,24,CBSE,LKG,Kindergarten,Zig Zag Zoom,,24,Active,
6203,My Big World : Chapter 18 Natural Things,18,CBSE,UKG,Kindergarten,Zig Zag Zoom,,18,Active,
6204,My Big World : Chapter 19 Living and Non Living,19,CBSE,UKG,Kindergarten,Zig Zag Zoom,,19,Active,
6205,My Big World : Chapter 19 Travelling,25,CBSE,LKG,Kindergarten,Zig Zag Zoom,,25,Active,
6206,My Big World : Chapter 2 My Body,2,CBSE,UKG,Kindergarten,Zig Zag Zoom,,2,Active,
6207,My Big World : Chapter 2 My Body Parts,8,CBSE,LKG,Kindergarten,Zig Zag Zoom,,8,Active,
6208,My Big World : Chapter 20 Air,26,CBSE,LKG,Kindergarten,Zig Zag Zoom,,26,Active,
6209,My Big World : Chapter 20 Our Festivals,20,CBSE,UKG,Kindergarten,Zig Zag Zoom,,20,Active,
6210,My Big World : Chapter 21 Water,27,CBSE,LKG,Kindergarten,Zig Zag Zoom,,27,Active,
6211,My Big World : Chapter 21 We the People of India,21,CBSE,UKG,Kindergarten,Zig Zag Zoom,,21,Active,
6212,My Big World : Chapter 22 Our National Symbols,22,CBSE,UKG,Kindergarten,Zig Zag Zoom,,22,Active,
6213,My Big World : Chapter 22 Traffic Lights,28,CBSE,LKG,Kindergarten,Zig Zag Zoom,,28,Active,
6214,My Big World : Chapter 23 My Computer,23,CBSE,UKG,Kindergarten,Zig Zag Zoom,,23,Active,
6215,My Big World : Chapter 23 Safety,29,CBSE,LKG,Kindergarten,Zig Zag Zoom,,29,Active,
6216,My Big World : Chapter 3 Good Habits,3,CBSE,UKG,Kindergarten,Zig Zag Zoom,,3,Active,
6217,My Big World : Chapter 3 My Sense Organs,9,CBSE,LKG,Kindergarten,Zig Zag Zoom,,9,Active,
6218,My Big World : Chapter 4 Good Manners,4,CBSE,UKG,Kindergarten,Zig Zag Zoom,,4,Active,
6219,My Big World : Chapter 4 The Magic Words,10,CBSE,LKG,Kindergarten,Zig Zag Zoom,,10,Active,
6220,My Big World : Chapter 5 Good Habits,11,CBSE,LKG,Kindergarten,Zig Zag Zoom,,11,Active,
6221,My Big World : Chapter 5 The Magic Words,5,CBSE,UKG,Kindergarten,Zig Zag Zoom,,5,Active,
6222,My Big World : Chapter 6 My Family,12,CBSE,LKG,Kindergarten,Zig Zag Zoom,,12,Active,
6223,My Big World : Chapter 6 My Food,6,CBSE,UKG,Kindergarten,Zig Zag Zoom,,6,Active,
6224,My Big World : Chapter 7 Food from Plants,7,CBSE,UKG,Kindergarten,Zig Zag Zoom,,7,Active,
6225,My Big World : Chapter 7 My Home,13,CBSE,LKG,Kindergarten,Zig Zag Zoom,,13,Active,
6226,My Big World : Chapter 8 Food from Animals,8,CBSE,UKG,Kindergarten,Zig Zag Zoom,,8,Active,
6227,My Big World : Chapter 8 My School,14,CBSE,LKG,Kindergarten,Zig Zag Zoom,,14,Active,
6228,My Big World : Chapter 9 My Clothes,9,CBSE,UKG,Kindergarten,Zig Zag Zoom,,9,Active,
6229,My Big World : Chapter 9 My Food,15,CBSE,LKG,Kindergarten,Zig Zag Zoom,,15,Active,
6230,My Dream House,5,ICSE,Class 1,Environmental Studies,Essential Environmental Studies,,5,Active,
6231,My Family,2,CBSE,Class 2,Social Studies,Illustrative Social Studies,,2,Active,
6232,My Family,6,ICSE,Class 1,Environmental Studies,Essential Environmental Studies,,6,Active,
6233,"My Likes, Dislikes and Hobbies",7,ICSE,Class 1,Environmental Studies,Essential Environmental Studies,,7,Active,
6234,My Neighbourhood,8,ICSE,Class 1,Environmental Studies,Essential Environmental Studies,,8,Active,
6235,My Numbers,4,CBSE,Nursery,Kindergarten,Zig Zag Zoom,,4,Active,
6236,My Numbers,7,CBSE,LKG,Kindergarten,Zig Zag Zoom,,7,Active,
6237,My Numbers,1,CBSE,UKG,Kindergarten,Zig Zag Zoom,,1,Active,
6238,My Numbers : Chapter 01 Heavier and Lighter,8,CBSE,UKG,Kindergarten,Zig Zag Zoom,,8,Active,
6239,My Numbers : Chapter 02 Longest and Shortest,9,CBSE,UKG,Kindergarten,Zig Zag Zoom,,9,Active,
6240,My Numbers : Chapter 03 Tallest and Shortest,10,CBSE,UKG,Kindergarten,Zig Zag Zoom,,10,Active,
6241,My Numbers : Chapter 04 Near and Far,11,CBSE,UKG,Kindergarten,Zig Zag Zoom,,11,Active,
6242,My Numbers : Chapter 05 Front and Back,12,CBSE,UKG,Kindergarten,Zig Zag Zoom,,12,Active,
6243,My Numbers : Chapter 06 Open and Close,13,CBSE,UKG,Kindergarten,Zig Zag Zoom,,13,Active,
6244,My Numbers : Chapter 07 Few and Many,14,CBSE,UKG,Kindergarten,Zig Zag Zoom,,14,Active,
6245,My Numbers : Chapter 08 More and Less,15,CBSE,UKG,Kindergarten,Zig Zag Zoom,,15,Active,
6246,My Numbers : Chapter 09 Same and Different,16,CBSE,UKG,Kindergarten,Zig Zag Zoom,,16,Active,
6247,My Numbers : Chapter 1 Big and Small,11,CBSE,Nursery,Kindergarten,Zig Zag Zoom,,11,Active,
6248,My Numbers : Chapter 1 Bigger and Smaller,9,CBSE,LKG,Kindergarten,Zig Zag Zoom,,9,Active,
6249,My Numbers : Chapter 10 Full and Empty,18,CBSE,LKG,Kindergarten,Zig Zag Zoom,,18,Active,
6250,My Numbers : Chapter 10 Number 1 from 20,20,CBSE,Nursery,Kindergarten,Zig Zag Zoom,,20,Active,
6251,My Numbers : Chapter 10 Sorting,17,CBSE,UKG,Kindergarten,Zig Zag Zoom,,17,Active,
6252,My Numbers : Chapter 11 Day and Night,18,CBSE,UKG,Kindergarten,Zig Zag Zoom,,18,Active,
6253,My Numbers : Chapter 11 Same and Different,19,CBSE,LKG,Kindergarten,Zig Zag Zoom,,19,Active,
6254,My Numbers : Chapter 12 One and Many,20,CBSE,LKG,Kindergarten,Zig Zag Zoom,,20,Active,
6255,My Numbers : Chapter 12 Time,19,CBSE,UKG,Kindergarten,Zig Zag Zoom,,19,Active,
6256,My Numbers : Chapter 13 Few and Many,21,CBSE,LKG,Kindergarten,Zig Zag Zoom,,21,Active,
6257,My Numbers : Chapter 13 Shapes,20,CBSE,UKG,Kindergarten,Zig Zag Zoom,,20,Active,
6258,My Numbers : Chapter 14 Matching,22,CBSE,LKG,Kindergarten,Zig Zag Zoom,,22,Active,
6259,My Numbers : Chapter 14 Patterns,21,CBSE,UKG,Kindergarten,Zig Zag Zoom,,21,Active,
6260,My Numbers : Chapter 15 Lines,23,CBSE,LKG,Kindergarten,Zig Zag Zoom,,23,Active,
6261,My Numbers : Chapter 15 Numbers from 1 to 20,22,CBSE,UKG,Kindergarten,Zig Zag Zoom,,22,Active,
6262,My Numbers : Chapter 16 Ordinal Numbers,23,CBSE,UKG,Kindergarten,Zig Zag Zoom,,23,Active,
6263,My Numbers : Chapter 16 Shapes,24,CBSE,LKG,Kindergarten,Zig Zag Zoom,,24,Active,
6264,My Numbers : Chapter 17 Addition,24,CBSE,UKG,Kindergarten,Zig Zag Zoom,,24,Active,
6265,My Numbers : Chapter 17 Patterns,25,CBSE,LKG,Kindergarten,Zig Zag Zoom,,25,Active,
6266,My Numbers : Chapter 18 Numbers,26,CBSE,LKG,Kindergarten,Zig Zag Zoom,,26,Active,
6267,My Numbers : Chapter 18 Subtraction,25,CBSE,UKG,Kindergarten,Zig Zag Zoom,,25,Active,
6268,My Numbers : Chapter 19 Concept of Tens,26,CBSE,UKG,Kindergarten,Zig Zag Zoom,,26,Active,
6269,My Numbers : Chapter 2 Long and Short,12,CBSE,Nursery,Kindergarten,Zig Zag Zoom,,12,Active,
6270,My Numbers : Chapter 2 Longer and Shorter,10,CBSE,LKG,Kindergarten,Zig Zag Zoom,,10,Active,
6271,My Numbers : Chapter 20 Numbers up to 100,27,CBSE,UKG,Kindergarten,Zig Zag Zoom,,27,Active,
6272,My Numbers : Chapter 21 Money,28,CBSE,UKG,Kindergarten,Zig Zag Zoom,,28,Active,
6273,My Numbers : Chapter 3 Tall and Short,13,CBSE,Nursery,Kindergarten,Zig Zag Zoom,,13,Active,
6274,My Numbers : Chapter 3 Taller and Shorter,11,CBSE,LKG,Kindergarten,Zig Zag Zoom,,11,Active,
6275,My Numbers : Chapter 4 Heavy and Light,14,CBSE,Nursery,Kindergarten,Zig Zag Zoom,,14,Active,
6276,My Numbers : Chapter 4 Thick and Thin,12,CBSE,LKG,Kindergarten,Zig Zag Zoom,,12,Active,
6277,My Numbers : Chapter 5 Top and Bottom,13,CBSE,LKG,Kindergarten,Zig Zag Zoom,,13,Active,
6278,My Numbers : Chapter 5 Top and Bottom,15,CBSE,Nursery,Kindergarten,Zig Zag Zoom,,15,Active,
6279,My Numbers : Chapter 6 Above and Below,14,CBSE,LKG,Kindergarten,Zig Zag Zoom,,14,Active,
6280,My Numbers : Chapter 6 Inside and Outside,16,CBSE,Nursery,Kindergarten,Zig Zag Zoom,,16,Active,
6281,My Numbers : Chapter 7 On and Under,15,CBSE,LKG,Kindergarten,Zig Zag Zoom,,15,Active,
6282,My Numbers : Chapter 7 Same and Different,17,CBSE,Nursery,Kindergarten,Zig Zag Zoom,,17,Active,
6283,My Numbers : Chapter 8 Inside and Outside,16,CBSE,LKG,Kindergarten,Zig Zag Zoom,,16,Active,
6284,My Numbers : Chapter 8 Lines,18,CBSE,Nursery,Kindergarten,Zig Zag Zoom,,18,Active,
6285,My Numbers : Chapter 9 Between,17,CBSE,LKG,Kindergarten,Zig Zag Zoom,,17,Active,
6286,My Numbers : Chapter 9 Shapes,19,CBSE,Nursery,Kindergarten,Zig Zag Zoom,,19,Active,
6287,My Pencils And Crayon : Chapter 1 Paper Pasting,38,CBSE,LKG,Kindergarten,Zig Zag Zoom,,38,Active,
6288,My Pencils And Crayon : Chapter 2 Silverfoil Pasting,39,CBSE,LKG,Kindergarten,Zig Zag Zoom,,39,Active,
6289,My Pencils And Crayon : Chapter 3 Colouring Fish,40,CBSE,LKG,Kindergarten,Zig Zag Zoom,,40,Active,
6290,My Pencils And Crayon : Chapter 4 Lady Finger Impression Colouring,41,CBSE,LKG,Kindergarten,Zig Zag Zoom,,41,Active,
6291,My Pencils And Crayon : Chapter 5 mask,42,CBSE,LKG,Kindergarten,Zig Zag Zoom,,42,Active,
6292,My Pencils and Crayons,5,CBSE,Nursery,Kindergarten,Zig Zag Zoom,,5,Active,
6293,My Pencils And Crayons,8,CBSE,LKG,Kindergarten,Zig Zag Zoom,,8,Active,
6294,My Pencils And Crayons,1,CBSE,UKG,Kindergarten,Zig Zag Zoom,,1,Active,
6295,My Pencils and Crayons : Chapter 1 Tea Leaves Pasting,29,CBSE,UKG,Kindergarten,Zig Zag Zoom,,29,Active,
6296,My Pencils and Crayons : Chapter 10 Sequins Pasting,38,CBSE,UKG,Kindergarten,Zig Zag Zoom,,38,Active,
6297,My Pencils and Crayons : Chapter 10 Thumb Printing,36,CBSE,Nursery,Kindergarten,Zig Zag Zoom,,36,Active,
6298,My Pencils and Crayons : Chapter 11 Thermocol Balls Pasting,37,CBSE,Nursery,Kindergarten,Zig Zag Zoom,,37,Active,
6299,My Pencils and Crayons : Chapter 15 Cotton Bud Impression,38,CBSE,Nursery,Kindergarten,Zig Zag Zoom,,38,Active,
6300,My Pencils and Crayons : Chapter 16 Activity and Colouring,39,CBSE,Nursery,Kindergarten,Zig Zag Zoom,,39,Active,
6301,My Pencils and Crayons : Chapter 2 Types Of Colour,30,CBSE,UKG,Kindergarten,Zig Zag Zoom,,30,Active,
6302,My Pencils and Crayons : Chapter 3 Colouring,32,CBSE,Nursery,Kindergarten,Zig Zag Zoom,,32,Active,
6303,My Pencils and Crayons : Chapter 3 Colouring And Grass Pasting,31,CBSE,UKG,Kindergarten,Zig Zag Zoom,,31,Active,
6304,My Pencils and Crayons : Chapter 4 Cotton Bud Impression,32,CBSE,UKG,Kindergarten,Zig Zag Zoom,,32,Active,
6305,My Pencils and Crayons : Chapter 5 Cotton Pasting,33,CBSE,UKG,Kindergarten,Zig Zag Zoom,,33,Active,
6306,My Pencils and Crayons : Chapter 5 Tracing & Colouring,33,CBSE,Nursery,Kindergarten,Zig Zag Zoom,,33,Active,
6307,My Pencils and Crayons : Chapter 6 Glitter & Colour Pasting,34,CBSE,UKG,Kindergarten,Zig Zag Zoom,,34,Active,
6308,My Pencils and Crayons : Chapter 7 Grasshopper collouring,35,CBSE,UKG,Kindergarten,Zig Zag Zoom,,35,Active,
6309,My Pencils and Crayons : Chapter 7 Matchsticks Pasting,34,CBSE,Nursery,Kindergarten,Zig Zag Zoom,,34,Active,
6310,My Pencils and Crayons : Chapter 8 Ice Cream Sticks Pasting,36,CBSE,UKG,Kindergarten,Zig Zag Zoom,,36,Active,
6311,My Pencils and Crayons : Chapter 9 Paper Pasting,35,CBSE,Nursery,Kindergarten,Zig Zag Zoom,,35,Active,
6312,My Pencils and Crayons : Chapter 9 Pattern Making,37,CBSE,UKG,Kindergarten,Zig Zag Zoom,,37,Active,
6313,Myself,9,ICSE,Class 1,Environmental Studies,Essential Environmental Studies,,9,Active,
6314,NOUN : NUMBER,2,CBSE,Class 6,English,Grammar Success with Composition,,2,Active,
6315,NOUNS,3,CBSE,Class 4,English,Grammar Success with Composition,,3,Active,
6316,NOUNS,2,CBSE,Class 5,English,Grammar Success with Composition,,2,Active,
6317,Our Festivals,10,CBSE,Class 2,Social Studies,Illustrative Social Studies,,10,Active,
6318,Our Motherland,9,CBSE,Class 2,Moral Science,My Book of Life Skills,,9,Active,
6319,Our Motherland,9,CBSE,Class 1,Computer Science,Fun with Linux,,9,Active,
6320,Part  A Chapter 1. National Income : Basic Concepts,1,CBSE,Class 12,Economics,Core Economics,,1,Active,
6321,Part  A Chapter 10. Government Budget and the Economy,10,CBSE,Class 12,Economics,Core Economics,,10,Active,
6322,Part  A Chapter 11. Exchange Rate,11,CBSE,Class 12,Economics,Core Economics,,11,Active,
6323,Part  A Chapter 12. Balance of Payments,12,CBSE,Class 12,Economics,Core Economics,,12,Active,
6324,Part  A Chapter 2. Methods of Estimating National Income,2,CBSE,Class 12,Economics,Core Economics,,2,Active,
6325,Part  A Chapter 3. National Income Aggregates : Numericals,3,CBSE,Class 12,Economics,Core Economics,,3,Active,
6326,Part  A Chapter 4. GOP and Welfare,4,CBSE,Class 12,Economics,Core Economics,,4,Active,
6327,Part  A Chapter 5. Money and Money Supply,5,CBSE,Class 12,Economics,Core Economics,,5,Active,
6328,Part  A Chapter 6. Banking,6,CBSE,Class 12,Economics,Core Economics,,6,Active,
6329,Part  A Chapter 7. Determination of Income and Employment Concepts,7,CBSE,Class 12,Economics,Core Economics,,7,Active,
6330,Part  A Chapter 8. Equilibrium National Income,8,CBSE,Class 12,Economics,Core Economics,,8,Active,
6331,Part  A Chapter 9. Excess Demand and Deficient Demand,9,CBSE,Class 12,Economics,Core Economics,,9,Active,
6332,Part  B Chapter 1 : Scope of Economics,13,CBSE,Class 11,Economics,Core Economics,,13,Active,
6333,Part  B Chapter 1: State Of Indian Economy at the time of Independence,13,CBSE,Class 12,Economics,Core Economics,,13,Active,
6334,Part  B Chapter 10: Infrastructure,22,CBSE,Class 12,Economics,Core Economics,,22,Active,
6335,Part  B Chapter 10:Cost,22,CBSE,Class 11,Economics,Core Economics,,22,Active,
6336,Part  B Chapter 11 :Supply and Price Elasticity of Supply,23,CBSE,Class 11,Economics,Core Economics,,23,Active,
6337,Part  B Chapter 11: Sustainable Development,23,CBSE,Class 12,Economics,Core Economics,,23,Active,
6338,Part  B Chapter 12 :Revenue,24,CBSE,Class 11,Economics,Core Economics,,24,Active,
6339,"Part  B Chapter 12: India, Pakistan and China : A Comparison",24,CBSE,Class 12,Economics,Core Economics,,24,Active,
6340,Part  B Chapter 13 :Producer's Equilibrium,25,CBSE,Class 11,Economics,Core Economics,,25,Active,
6341,Part  B Chapter 14 :Perfect Competition,26,CBSE,Class 11,Economics,Core Economics,,26,Active,
6342,Part  B Chapter 15 :Other Forms of Market,27,CBSE,Class 11,Economics,Core Economics,,27,Active,
6343,Part  B Chapter 2 : Economy and Economic Problem,14,CBSE,Class 11,Economics,Core Economics,,14,Active,
6344,Part  B Chapter 2: Goals of Planning in India,14,CBSE,Class 12,Economics,Core Economics,,14,Active,
6345,Part  B Chapter 3 : Central Problems of an Economy,15,CBSE,Class 11,Economics,Core Economics,,15,Active,
6346,Part  B Chapter 3: Agriculture : 1950 1990,15,CBSE,Class 12,Economics,Core Economics,,15,Active,
6347,Part  B Chapter 4 : Concepts of Opportunity Cost and Production Possibilities Frontier,16,CBSE,Class 11,Economics,Core Economics,,16,Active,
6348,Part  B Chapter 4: Industry and Trade : 1950—1990,16,CBSE,Class 12,Economics,Core Economics,,16,Active,
6349,Part  B Chapter 5 : Consumer's Equilibrium : Utility Analysis,17,CBSE,Class 11,Economics,Core Economics,,17,Active,
6350,Part  B Chapter 5: Economic Reforms 1991,17,CBSE,Class 12,Economics,Core Economics,,17,Active,
6351,Part  B Chapter 6 :Consumer's Equilibrium :Indifference Curve Analysis,18,CBSE,Class 11,Economics,Core Economics,,18,Active,
6352,Part  B Chapter 6: Poverty,18,CBSE,Class 12,Economics,Core Economics,,18,Active,
6353,Part  B Chapter 7 :Demand,19,CBSE,Class 11,Economics,Core Economics,,19,Active,
6354,Part  B Chapter 7: Ruler Development,19,CBSE,Class 12,Economics,Core Economics,,19,Active,
6355,Part  B Chapter 8 : Price Elasticity of Demand,20,CBSE,Class 11,Economics,Core Economics,,20,Active,
6356,Part  B Chapter 8: Human Capital Formation in India,20,CBSE,Class 12,Economics,Core Economics,,20,Active,
6357,Part  B Chapter 9 : Production Function : Returns to a Factor,21,CBSE,Class 11,Economics,Core Economics,,21,Active,
6358,Part  B Chapter 9: Employment,21,CBSE,Class 12,Economics,Core Economics,,21,Active,
6359,Part A : Employability Skills : Chapter 1 Communication Skills,1,CBSE,Class 9,Information Technology,A Text of Information Technology,,1,Active,
6360,Part A : Employability Skills : Chapter 1 Communication Skills II,1,CBSE,Class 10,Information Technology,A Text of Information Technology,,1,Active,
6361,Part A : Employability Skills : Chapter 2 Self Management Skills,2,CBSE,Class 9,Information Technology,A Text of Information Technology,,2,Active,
6362,Part A : Employability Skills : Chapter 2 Self Management Skills II,2,CBSE,Class 10,Information Technology,A Text of Information Technology,,2,Active,
6363,Part A : Employability Skills : Chapter 3 Basic ICT Skills,3,CBSE,Class 9,Information Technology,A Text of Information Technology,,3,Active,
6364,Part A : Employability Skills : Chapter 3 Basic ICT Skills II,3,CBSE,Class 10,Information Technology,A Text of Information Technology,,3,Active,
6365,Part A : Employability Skills : Chapter 4 Entrepreneurial Skills,4,CBSE,Class 9,Information Technology,A Text of Information Technology,,4,Active,
6366,Part A : Employability Skills : Chapter 4 Entrepreneurial Skills II,4,CBSE,Class 10,Information Technology,A Text of Information Technology,,4,Active,
6367,Part A : Employability Skills : Chapter 5 Green Skills,5,CBSE,Class 9,Information Technology,A Text of Information Technology,,5,Active,
6368,Part A : Employability Skills : Chapter 5 Green Skills II,5,CBSE,Class 10,Information Technology,A Text of Information Technology,,5,Active,
6369,Part B Subject Specific Skills Based On Libre Office 6.2 : Chapter 8 Database Management System,8,CBSE,Class 10,Information Technology,A Text of Information Technology,,8,Active,
6370,Part B Subject Specific Skills Based On Libre Office 6.2 : Chapter 6 Digital Documentation ( Advanced ),6,CBSE,Class 10,Information Technology,A Text of Information Technology,,6,Active,
6371,Part B Subject Specific Skills Based On Libre Office 6.2 : Chapter 7 Electronic Spreadsheet ( Advanced ),7,CBSE,Class 10,Information Technology,A Text of Information Technology,,7,Active,
6372,Part B Subject Specific Skills Based On MS Office 2010 : Chapter 8 Database Management System,11,CBSE,Class 10,Information Technology,A Text of Information Technology,,11,Active,
6373,Part B Subject Specific Skills Based On MS Office 2010 : Chapter 6 Digital Documentation ( Advanced ),9,CBSE,Class 10,Information Technology,A Text of Information Technology,,9,Active,
6374,Part B Subject Specific Skills Based On MS Office 2010 : Chapter 7 Electronic Spreadsheet ( Advanced ),10,CBSE,Class 10,Information Technology,A Text of Information Technology,,10,Active,
6375,Part B Subject Specific Skills Based On Open Office 4.1.7 : Chapter 6 Digital Documentation ( Advanced ),12,CBSE,Class 10,Information Technology,A Text of Information Technology,,12,Active,
6376,Part B Subject Specific Skills Based On Open Office 4.1.7 : Chapter 7 Electronic Spreadsheet ( Advanced ),13,CBSE,Class 10,Information Technology,A Text of Information Technology,,13,Active,
6377,Part B Subject Specific Skills Based On Open Office 4.1.7 : Chapter 8 Database Management System,14,CBSE,Class 10,Information Technology,A Text of Information Technology,,14,Active,
6378,Part B Subject Specific Skills Based On Open Office 4.1.7 : Chapter 9 Web Applications And Security,15,CBSE,Class 10,Information Technology,A Text of Information Technology,,15,Active,
6379,Part B1 Subject Specific Skills : Chapter 6 (Introduction To ItItes Industry ),6,CBSE,Class 9,Information Technology,A Text of Information Technology,,6,Active,
6380,Part B1 Subject Specific Skills : Chapter 7 (Data Entry And Keyboarding Skills ),7,CBSE,Class 9,Information Technology,A Text of Information Technology,,7,Active,
6381,Part B2 Subject Specific Skills Based On Libre Office : Chapter 10 Digital Presentation ),10,CBSE,Class 9,Information Technology,A Text of Information Technology,,10,Active,
6382,Part B2 Subject Specific Skills Based On Libre Office : Chapter 8 (Digital Documentation Elementary ),8,CBSE,Class 9,Information Technology,A Text of Information Technology,,8,Active,
6383,Part B2 Subject Specific Skills Based On Libre Office : Chapter 9 (Electronic Spreadsheet Elementary ),9,CBSE,Class 9,Information Technology,A Text of Information Technology,,9,Active,
6384,Part B2 Subject Specific Skills Based On MS Office 2010 : Chapter 9 Electronic Spreadsheet (Elementary ),12,CBSE,Class 9,Information Technology,A Text of Information Technology,,12,Active,
6385,Part B2 Subject Specific Skills Based On MS Office 2010 : Chapter 10 Digital Presentation,13,CBSE,Class 9,Information Technology,A Text of Information Technology,,13,Active,
6386,Part B2 Subject Specific Skills Based On MS Office 2010 : Chapter 8 Digital Documentation ( Elementary ),11,CBSE,Class 9,Information Technology,A Text of Information Technology,,11,Active,
6387,Part B2 Subject Specific Skills Based On Open Office 2010 : Chapter 10 Digital Presentation,16,CBSE,Class 9,Information Technology,A Text of Information Technology,,16,Active,
6388,Part B2 Subject Specific Skills Based On Open Office 2010 : Chapter 8 Digital Documentation ( Elementary ),14,CBSE,Class 9,Information Technology,A Text of Information Technology,,14,Active,
6389,Part B2 Subject Specific Skills Based On Open Office 2010 : Chapter 9 Electronic Spreadsheet ( Elementary ),15,CBSE,Class 9,Information Technology,A Text of Information Technology,,15,Active,
6390,"Part A Chapter 1 : Meaning, Scope and Importance of Statistics in Economics",1,CBSE,Class 11,Economics,Core Economics,,1,Active,
6391,Part A Chapter 10: Measures of Dispersion,10,CBSE,Class 11,Economics,Core Economics,,10,Active,
6392,Part A Chapter 11 : Correlation,11,CBSE,Class 11,Economics,Core Economics,,11,Active,
6393,Part A Chapter 12: Index Numbers,12,CBSE,Class 11,Economics,Core Economics,,12,Active,
6394,Part A Chapter 2 : Sources of Data,2,CBSE,Class 11,Economics,Core Economics,,2,Active,
6395,Part A Chapter 3 : Collection of Primary Data :Census and Sampling Methods,3,CBSE,Class 11,Economics,Core Economics,,3,Active,
6396,Part A Chapter 4 : Frequency Distribution,4,CBSE,Class 11,Economics,Core Economics,,4,Active,
6397,Part A Chapter 5 : Presentation of Data : Tables,5,CBSE,Class 11,Economics,Core Economics,,5,Active,
6398,Part A Chapter 6 : Presentation of Data :Diagrams,6,CBSE,Class 11,Economics,Core Economics,,6,Active,
6399,Part A Chapter 7 : Arithmetic Mean (A Measure of Central Tendency),7,CBSE,Class 11,Economics,Core Economics,,7,Active,
6400,Part A Chapter 8 : Median and Mode,8,CBSE,Class 11,Economics,Core Economics,,8,Active,
6401,Part A Chapter 9 : Quartiles,9,CBSE,Class 11,Economics,Core Economics,,9,Active,
6402,Places of Worship,9,CBSE,Class 2,Social Studies,Illustrative Social Studies,,9,Active,
6403,Project 1 Observing interesting patterns in cricket match,41,CBSE,Class 9,Mathematics,Mathematics Enrichment Lab Activities,,41,Active,
6404,Project 1 To investigate the efficiency of packing of objnects of different shapes in cuboidal box. efficiency is the precentage of box space occupied by the objects,1,CBSE,Class 10,Mathematics,Mathematics Enrichment Lab Activities,,1,Active,
6405,Project 2 Designing a crossword puzzle with mathematical terms,42,CBSE,Class 9,Mathematics,Mathematics Enrichment Lab Activities,,42,Active,
6406,Project 2 To find the situations in daily life wehre geometrical notions can be effectively used,2,CBSE,Class 10,Mathematics,Mathematics Enrichment Lab Activities,,2,Active,
6407,Project 3 A measuring task,43,CBSE,Class 9,Mathematics,Mathematics Enrichment Lab Activities,,43,Active,
6408,"Project 3 To appreciate that finding probablity through experiment is different from finding probablilityh by calculation. Students become sensitive Towards the fact that if they increase the number of observations, probabuility found through experiment approaches the calculated probability",3,CBSE,Class 10,Mathematics,Mathematics Enrichment Lab Activities,,3,Active,
6409,Project 4 Project in hisTory Of Mathematics,44,CBSE,Class 9,Mathematics,Mathematics Enrichment Lab Activities,,44,Active,
6410,"Project 4 To study the distance between different points of a geomatetrical figure when it is displaced and/or rotated, Enhance familiarity with coordinate geometry",4,CBSE,Class 10,Mathematics,Mathematics Enrichment Lab Activities,,4,Active,
6411,"Project 5 analysis of a language text, using graphical and pie chart techniques",5,CBSE,Class 10,Mathematics,Mathematics Enrichment Lab Activities,,5,Active,
6412,Project 5 History of the number π,45,CBSE,Class 9,Mathematics,Mathematics Enrichment Lab Activities,,45,Active,
6413,PRONOUNS,1,CBSE,Class 3,English,Grammar Success with Composition,,1,Active,
6414,PROPER NOUNS,1,CBSE,Class 2,English,Grammar Success with Composition,,1,Active,
6415,PROPER NOUNS,4,CBSE,Class 4,English,Grammar Success with Composition,,4,Active,
6416,REMEMBERING NOUNS,3,CBSE,Class 6,English,Grammar Success with Composition,,3,Active,
6417,Rhymes : Chapter 1 Marry Had a Little lamb,1,CBSE,UKG,Kindergarten,Zig Zag Zoom,,1,Active,
6418,Rhymes : Chapter 1 Rain rain go away,1,CBSE,LKG,Kindergarten,Zig Zag Zoom,,1,Active,
6419,Rhymes : Chapter 10 Bits of paper,10,CBSE,LKG,Kindergarten,Zig Zag Zoom,,10,Active,
6420,Rhymes : Chapter 10 Froggie,10,CBSE,UKG,Kindergarten,Zig Zag Zoom,,10,Active,
6421,Rhymes : Chapter 11 Peter Peter Pumpkin Eater,11,CBSE,LKG,Kindergarten,Zig Zag Zoom,,11,Active,
6422,Rhymes : Chapter 11 What the Robin Told,11,CBSE,UKG,Kindergarten,Zig Zag Zoom,,11,Active,
6423,Rhymes : Chapter 12 I hear thander,12,CBSE,LKG,Kindergarten,Zig Zag Zoom,,12,Active,
6424,Rhymes : Chapter 12 There was an Old Woman,12,CBSE,UKG,Kindergarten,Zig Zag Zoom,,12,Active,
6425,Rhymes : Chapter 13 Littel Boy Blue,13,CBSE,UKG,Kindergarten,Zig Zag Zoom,,13,Active,
6426,Rhymes : Chapter 13 One Two Bockle My Shoe,13,CBSE,LKG,Kindergarten,Zig Zag Zoom,,13,Active,
6427,Rhymes : Chapter 14 Pussy Cat pussy cat,14,CBSE,LKG,Kindergarten,Zig Zag Zoom,,14,Active,
6428,Rhymes : Chapter 14 Three Blind Mice,14,CBSE,UKG,Kindergarten,Zig Zag Zoom,,14,Active,
6429,Rhymes : Chapter 15 Amazing Vegetables,15,CBSE,UKG,Kindergarten,Zig Zag Zoom,,15,Active,
6430,Rhymes : Chapter 15 Brother John,15,CBSE,LKG,Kindergarten,Zig Zag Zoom,,15,Active,
6431,"Rhymes : Chapter 16 Hickety, Pickety, My Black Hen",16,CBSE,UKG,Kindergarten,Zig Zag Zoom,,16,Active,
6432,Rhymes : Chapter 16 Two little hands,16,CBSE,LKG,Kindergarten,Zig Zag Zoom,,16,Active,
6433,Rhymes : Chapter 17 One two three four five,17,CBSE,LKG,Kindergarten,Zig Zag Zoom,,17,Active,
6434,Rhymes : Chapter 17 Save the Water,17,CBSE,UKG,Kindergarten,Zig Zag Zoom,,17,Active,
6435,Rhymes : Chapter 18 After a Bath,18,CBSE,LKG,Kindergarten,Zig Zag Zoom,,18,Active,
6436,Rhymes : Chapter 18 Seasons,18,CBSE,UKG,Kindergarten,Zig Zag Zoom,,18,Active,
6437,Rhymes : Chapter 19 Hot cross Buns,19,CBSE,LKG,Kindergarten,Zig Zag Zoom,,19,Active,
6438,Rhymes : Chapter 19 We Welcome You,19,CBSE,UKG,Kindergarten,Zig Zag Zoom,,19,Active,
6439,Rhymes : Chapter 2 Johany Johnany,2,CBSE,LKG,Kindergarten,Zig Zag Zoom,,2,Active,
6440,Rhymes : Chapter 2 Row Row Row your boat,2,CBSE,UKG,Kindergarten,Zig Zag Zoom,,2,Active,
6441,Rhymes : Chapter 20 Dr Foster,20,CBSE,LKG,Kindergarten,Zig Zag Zoom,,20,Active,
6442,Rhymes : Chapter 21 The Fox and the Crow,21,CBSE,LKG,Kindergarten,Zig Zag Zoom,,21,Active,
6443,Rhymes : Chapter 22 Who will bell the cat,22,CBSE,LKG,Kindergarten,Zig Zag Zoom,,22,Active,
6444,Rhymes : Chapter 23 The Foolish Rabbit,23,CBSE,LKG,Kindergarten,Zig Zag Zoom,,23,Active,
6445,Rhymes : Chapter 24 The Fox and the Stork,24,CBSE,LKG,Kindergarten,Zig Zag Zoom,,24,Active,
6446,Rhymes : Chapter 3 Ding Dong Bell,3,CBSE,LKG,Kindergarten,Zig Zag Zoom,,3,Active,
6447,Rhymes : Chapter 3 My Red Balloon,3,CBSE,UKG,Kindergarten,Zig Zag Zoom,,3,Active,
6448,Rhymes : Chapter 4 Five Little Blue Birds,4,CBSE,UKG,Kindergarten,Zig Zag Zoom,,4,Active,
6449,Rhymes : Chapter 4 twinkle twinkle little star,4,CBSE,LKG,Kindergarten,Zig Zag Zoom,,4,Active,
6450,Rhymes : Chapter 5 Little Tommy Tucker,5,CBSE,UKG,Kindergarten,Zig Zag Zoom,,5,Active,
6451,Rhymes : Chapter 5 Two Little Dickie Birds,5,CBSE,LKG,Kindergarten,Zig Zag Zoom,,5,Active,
6452,Rhymes : Chapter 6 Hey Diddle Diddle,6,CBSE,LKG,Kindergarten,Zig Zag Zoom,,6,Active,
6453,Rhymes : Chapter 6 Wee Willie Winkie,6,CBSE,UKG,Kindergarten,Zig Zag Zoom,,6,Active,
6454,"Rhymes : Chapter 7 Hickory Dickory, Dock",7,CBSE,LKG,Kindergarten,Zig Zag Zoom,,7,Active,
6455,Rhymes : Chapter 7 Rainbow,7,CBSE,UKG,Kindergarten,Zig Zag Zoom,,7,Active,
6456,"Rhymes : Chapter 8 Baa, Baa, Black Sheep",8,CBSE,LKG,Kindergarten,Zig Zag Zoom,,8,Active,
6457,Rhymes : Chapter 8 I m a Little Teapot,8,CBSE,UKG,Kindergarten,Zig Zag Zoom,,8,Active,
6458,Rhymes : Chapter 9 London Bridge is Falling Down,9,CBSE,UKG,Kindergarten,Zig Zag Zoom,,9,Active,
6459,Rhymes : Chapter 9 Teddy bear,9,CBSE,LKG,Kindergarten,Zig Zag Zoom,,9,Active,
6460,Rooms in a House,6,CBSE,Class 2,Social Studies,Illustrative Social Studies,,6,Active,
6461,Safety Comes First,10,CBSE,Class 2,Moral Science,My Book of Life Skills,,10,Active,
6462,Safety Comes First,10,CBSE,Class 1,Computer Science,Fun with Linux,,10,Active,
6463,Sample Question Paper,14,CBSE,Class 10,Science,NCQRT Science,,14,Active,
6464,Sample Question Paper,6,CBSE,Class 10,Political Science,NCQRT Political Science,,6,Active,
6465,Sample Question Paper,6,CBSE,Class 10,History,NCQRT History,,6,Active,
6466,Sample Question Paper,6,CBSE,Class 10,Economics,NCQRT Economics,,6,Active,
6467,Sample Question Paper,8,CBSE,Class 10,Geography,NCQRT Geography,,8,Active,
6468,Sample Question Paper (Basic),15,CBSE,Class 10,Mathematics,NCQRT Mathematics,,15,Active,
6469,Sample Question Paper (Standard),19,CBSE,Class 10,Mathematics,NCQRT Mathematics,,19,Active,
6470,Seasons,11,CBSE,Class 2,Social Studies,Illustrative Social Studies,,11,Active,
6471,Semester 1  Mathematics : 1 Numbers up to 200,11,CBSE,Class 2,Integrated Subjects,Rise & Shine,,11,Active,
6472,Semester 1  Mathematics : 2 Addition,12,CBSE,Class 2,Integrated Subjects,Rise & Shine,,12,Active,
6473,Semester 1  Mathematics : 3 Subtraction,13,CBSE,Class 2,Integrated Subjects,Rise & Shine,,13,Active,
6474,Semester 1  Mathematics : 4 Multiplication,14,CBSE,Class 2,Integrated Subjects,Rise & Shine,,14,Active,
6475,Semester 1  Mathematics : 5 Numbers up to 1000,15,CBSE,Class 2,Integrated Subjects,Rise & Shine,,15,Active,
6476,Semester 1 : English,1,CBSE,LKG,Semester Books,Bloomsbury,,1,Active,
6477,Semester 1 : English,1,CBSE,UKG,Semester Books,Bloomsbury,,1,Active,
6478,Semester 1 : English,1,CBSE,Class 1,Semester Books,Bloomsbury,,1,Active,
6479,Semester 1 : English,1,CBSE,Class 2,Semester Books,Bloomsbury,,1,Active,
6480,Semester 1 : English,1,CBSE,Class 3,Semester Books,Bloomsbury,,1,Active,
6481,Semester 1 : English,1,CBSE,Class 4,Semester Books,Bloomsbury,,1,Active,
6482,Semester 1 : English,1,CBSE,Class 5,Semester Books,Bloomsbury,,1,Active,
6483,Semester 1 : Environmental Studies,3,CBSE,LKG,Semester Books,Bloomsbury,,3,Active,
6484,Semester 1 : Environmental Studies,3,CBSE,UKG,Semester Books,Bloomsbury,,3,Active,
6485,Semester 1 : Environmental Studies,3,CBSE,Class 1,Semester Books,Bloomsbury,,3,Active,
6486,Semester 1 : Environmental Studies,3,CBSE,Class 2,Semester Books,Bloomsbury,,3,Active,
6487,Semester 1 : General Knowledge,1,CBSE,Class 3,Semester Books,Bloomsbury,,1,Active,
6488,Semester 1 : General Knowledge,1,CBSE,Class 1,Semester Books,Bloomsbury,,1,Active,
6489,Semester 1 : General Knowledge,2,CBSE,Class 2,Semester Books,Bloomsbury,,2,Active,
6490,Semester 1 : Mathematics,2,CBSE,LKG,Semester Books,Bloomsbury,,2,Active,
6491,Semester 1 : Mathematics,2,CBSE,UKG,Semester Books,Bloomsbury,,2,Active,
6492,Semester 1 : Mathematics,2,CBSE,Class 1,Semester Books,Bloomsbury,,2,Active,
6493,Semester 1 : Mathematics,2,CBSE,Class 2,Semester Books,Bloomsbury,,2,Active,
6494,Semester 1 : Mathematics,2,CBSE,Class 3,Semester Books,Bloomsbury,,2,Active,
6495,Semester 1 : Mathematics,2,CBSE,Class 4,Semester Books,Bloomsbury,,2,Active,
6496,Semester 1 : Mathematics,2,CBSE,Class 5,Semester Books,Bloomsbury,,2,Active,
6497,Semester 1 : Science,3,CBSE,Class 3,Semester Books,Bloomsbury,,3,Active,
6498,Semester 1 : Science,3,CBSE,Class 4,Semester Books,Bloomsbury,,3,Active,
6499,Semester 1 : Science,3,CBSE,Class 5,Semester Books,Bloomsbury,,3,Active,
6500,Semester 1 : Social Studies,4,CBSE,Class 3,Semester Books,Bloomsbury,,4,Active,
6501,Semester 1 : Social Studies,4,CBSE,Class 4,Semester Books,Bloomsbury,,4,Active,
6502,Semester 1 : Social Studies,4,CBSE,Class 5,Semester Books,Bloomsbury,,4,Active,
6503,Semester 1 English : 1 I See,1,CBSE,Class 1,Integrated Subjects,Rise & Shine,,1,Active,
6504,Semester 1 English : 1 Jungle Calls,1,CBSE,Class 5,Integrated Subjects,Rise & Shine,,1,Active,
6505,Semester 1 English : 1 Let’s Play,1,CBSE,Class 2,Integrated Subjects,Rise & Shine,,1,Active,
6506,Semester 1 English : 1 Pat and Spot,1,CBSE,Class 3,Integrated Subjects,Rise & Shine,,1,Active,
6507,Semester 1 English : 1 The Soup Stone,1,CBSE,Class 4,Integrated Subjects,Rise & Shine,,1,Active,
6508,Semester 1 English : 10 Aman's Picture,10,CBSE,Class 1,Integrated Subjects,Rise & Shine,,10,Active,
6509,"Semester 1 English : 10 Clytie, the Heliotrope",10,CBSE,Class 4,Integrated Subjects,Rise & Shine,,10,Active,
6510,Semester 1 English : 10 The Lonely Ghost,10,CBSE,Class 3,Integrated Subjects,Rise & Shine,,10,Active,
6511,Semester 1 English : 10 The Wisest of Them All,10,CBSE,Class 5,Integrated Subjects,Rise & Shine,,10,Active,
6512,Semester 1 English : 10 When I Was Little,10,CBSE,Class 2,Integrated Subjects,Rise & Shine,,10,Active,
6513,Semester 1 English : 11 Rainy Day,11,CBSE,Class 1,Integrated Subjects,Rise & Shine,,11,Active,
6514,Semester 1 English : 12 Rose Dreamed,12,CBSE,Class 1,Integrated Subjects,Rise & Shine,,12,Active,
6515,Semester 1 English : 2 A True Friend,2,CBSE,Class 3,Integrated Subjects,Rise & Shine,,2,Active,
6516,Semester 1 English : 2 Alice’s Adventures,2,CBSE,Class 4,Integrated Subjects,Rise & Shine,,2,Active,
6517,Semester 1 English : 2 At The Zoo,2,CBSE,Class 1,Integrated Subjects,Rise & Shine,,2,Active,
6518,Semester 1 English : 2 Tansen,2,CBSE,Class 5,Integrated Subjects,Rise & Shine,,2,Active,
6519,Semester 1 English : 2 Waiting for Spring,2,CBSE,Class 2,Integrated Subjects,Rise & Shine,,2,Active,
6520,Semester 1 English : 3 Friends In the Zoo,3,CBSE,Class 1,Integrated Subjects,Rise & Shine,,3,Active,
6521,Semester 1 English : 3 The Antique Mask Adventure,3,CBSE,Class 4,Integrated Subjects,Rise & Shine,,3,Active,
6522,Semester 1 English : 3 The Dream,3,CBSE,Class 2,Integrated Subjects,Rise & Shine,,3,Active,
6523,Semester 1 English : 3 The Elves and the Shoemaker,3,CBSE,Class 3,Integrated Subjects,Rise & Shine,,3,Active,
6524,Semester 1 English : 3 The Secret Garden,3,CBSE,Class 5,Integrated Subjects,Rise & Shine,,3,Active,
6525,Semester 1 English : 4 Anu Draws,4,CBSE,Class 1,Integrated Subjects,Rise & Shine,,4,Active,
6526,Semester 1 English : 4 Circus Elephant,4,CBSE,Class 5,Integrated Subjects,Rise & Shine,,4,Active,
6527,Semester 1 English : 4 Grandma’s Glasses,4,CBSE,Class 3,Integrated Subjects,Rise & Shine,,4,Active,
6528,Semester 1 English : 4 I Asked the Boy Who Couldn’t See,4,CBSE,Class 4,Integrated Subjects,Rise & Shine,,4,Active,
6529,Semester 1 English : 4 Rain,4,CBSE,Class 2,Integrated Subjects,Rise & Shine,,4,Active,
6530,Semester 1 English : 5 After My Bath,5,CBSE,Class 1,Integrated Subjects,Rise & Shine,,5,Active,
6531,Semester 1 English : 5 Kyla,5,CBSE,Class 5,Integrated Subjects,Rise & Shine,,5,Active,
6532,Semester 1 English : 5 The Friendly Postman,5,CBSE,Class 3,Integrated Subjects,Rise & Shine,,5,Active,
6533,Semester 1 English : 5 The Happy Little Bridge,5,CBSE,Class 2,Integrated Subjects,Rise & Shine,,5,Active,
6534,Semester 1 English : 5 The Wizard of Oz,5,CBSE,Class 4,Integrated Subjects,Rise & Shine,,5,Active,
6535,Semester 1 English : 6 Cleaning the Classroom,6,CBSE,Class 1,Integrated Subjects,Rise & Shine,,6,Active,
6536,Semester 1 English : 6 Of Course,6,CBSE,Class 4,Integrated Subjects,Rise & Shine,,6,Active,
6537,Semester 1 English : 6 Robin Hood,6,CBSE,Class 5,Integrated Subjects,Rise & Shine,,6,Active,
6538,Semester 1 English : 6 The Desert Fair,6,CBSE,Class 3,Integrated Subjects,Rise & Shine,,6,Active,
6539,Semester 1 English : 6 The Perfect Spot,6,CBSE,Class 2,Integrated Subjects,Rise & Shine,,6,Active,
6540,Semester 1 English : 7 A Girl Called Agnes,7,CBSE,Class 5,Integrated Subjects,Rise & Shine,,7,Active,
6541,Semester 1 English : 7 Guno and Koyo,7,CBSE,Class 4,Integrated Subjects,Rise & Shine,,7,Active,
6542,Semester 1 English : 7 The Holidays,7,CBSE,Class 1,Integrated Subjects,Rise & Shine,,7,Active,
6543,Semester 1 English : 7 The Three Billy Goats Gruff,7,CBSE,Class 3,Integrated Subjects,Rise & Shine,,7,Active,
6544,Semester 1 English : 7 Try Again,7,CBSE,Class 2,Integrated Subjects,Rise & Shine,,7,Active,
6545,Semester 1 English : 8 A Strange Morning,8,CBSE,Class 4,Integrated Subjects,Rise & Shine,,8,Active,
6546,Semester 1 English : 8 Picnic,8,CBSE,Class 1,Integrated Subjects,Rise & Shine,,8,Active,
6547,Semester 1 English : 8 Rules,8,CBSE,Class 5,Integrated Subjects,Rise & Shine,,8,Active,
6548,Semester 1 English : 8 The City Mouse and the Garden Mouse,8,CBSE,Class 2,Integrated Subjects,Rise & Shine,,8,Active,
6549,Semester 1 English : 8 The Rainbow Fairies,8,CBSE,Class 3,Integrated Subjects,Rise & Shine,,8,Active,
6550,Semester 1 English : 9 Clever Pao Zheng,9,CBSE,Class 3,Integrated Subjects,Rise & Shine,,9,Active,
6551,Semester 1 English : 9 Market,9,CBSE,Class 1,Integrated Subjects,Rise & Shine,,9,Active,
6552,Semester 1 English : 9 Puppets,9,CBSE,Class 4,Integrated Subjects,Rise & Shine,,9,Active,
6553,Semester 1 English : 9 The Elephants and the Moon,9,CBSE,Class 2,Integrated Subjects,Rise & Shine,,9,Active,
6554,Semester 1 English : 9 The Test of a king,9,CBSE,Class 5,Integrated Subjects,Rise & Shine,,9,Active,
6555,Semester 1 Environmental Studies : 1 Functions of Our Body Parts,16,CBSE,Class 2,Integrated Subjects,Rise & Shine,,16,Active,
6556,Semester 1 Environmental Studies : 1 Myself,19,CBSE,Class 1,Integrated Subjects,Rise & Shine,,19,Active,
6557,Semester 1 Environmental Studies : 2 Growing Older,17,CBSE,Class 2,Integrated Subjects,Rise & Shine,,17,Active,
6558,Semester 1 Environmental Studies : 2 My Body,20,CBSE,Class 1,Integrated Subjects,Rise & Shine,,20,Active,
6559,Semester 1 Environmental Studies : 3 Healthy Food Habits,18,CBSE,Class 2,Integrated Subjects,Rise & Shine,,18,Active,
6560,Semester 1 Environmental Studies : 3 My Senses,21,CBSE,Class 1,Integrated Subjects,Rise & Shine,,21,Active,
6561,Semester 1 Environmental Studies : 4 My Family,22,CBSE,Class 1,Integrated Subjects,Rise & Shine,,22,Active,
6562,Semester 1 Environmental Studies : 4 Types of Houses,19,CBSE,Class 2,Integrated Subjects,Rise & Shine,,19,Active,
6563,Semester 1 Environmental Studies : 5 Our Food,23,CBSE,Class 1,Integrated Subjects,Rise & Shine,,23,Active,
6564,Semester 1 Environmental Studies : 5 Rooms in a House,20,CBSE,Class 2,Integrated Subjects,Rise & Shine,,20,Active,
6565,Semester 1 Environmental Studies : 6 Clothing,24,CBSE,Class 1,Integrated Subjects,Rise & Shine,,24,Active,
6566,Semester 1 Environmental Studies : 6 Means of Transport,21,CBSE,Class 2,Integrated Subjects,Rise & Shine,,21,Active,
6567,Semester 1 Environmental Studies : 7 Healthy and Clean,22,CBSE,Class 2,Integrated Subjects,Rise & Shine,,22,Active,
6568,"Semester 1 Environmental Studies : 7 Home, Sweet Home",25,CBSE,Class 1,Integrated Subjects,Rise & Shine,,25,Active,
6569,Semester 1 Environmental Studies : 8 Keeping Healthy and Fit,26,CBSE,Class 1,Integrated Subjects,Rise & Shine,,26,Active,
6570,Semester 1 Environmental Studies : 8 Safety Rules,23,CBSE,Class 2,Integrated Subjects,Rise & Shine,,23,Active,
6571,Semester 1 Environmental Studies : 9 My Family,24,CBSE,Class 2,Integrated Subjects,Rise & Shine,,24,Active,
6572,Semester 1 Environmental Studies : 9 Safety Rules,27,CBSE,Class 1,Integrated Subjects,Rise & Shine,,27,Active,
6573,Semester 1 Mathematics : 1 Numbers,11,CBSE,Class 5,Integrated Subjects,Rise & Shine,,11,Active,
6574,Semester 1 Mathematics : 1 Numbers Beyond 999,11,CBSE,Class 3,Integrated Subjects,Rise & Shine,,11,Active,
6575,Semester 1 Mathematics : 1 Numbers Beyond 9999,11,CBSE,Class 4,Integrated Subjects,Rise & Shine,,11,Active,
6576,Semester 1 Mathematics : 1 Numbers up to 9,13,CBSE,Class 1,Integrated Subjects,Rise & Shine,,13,Active,
6577,Semester 1 Mathematics : 2 Addition,12,CBSE,Class 3,Integrated Subjects,Rise & Shine,,12,Active,
6578,Semester 1 Mathematics : 2 Addition and Subtraction,12,CBSE,Class 4,Integrated Subjects,Rise & Shine,,12,Active,
6579,Semester 1 Mathematics : 2 Addition up to 9,14,CBSE,Class 1,Integrated Subjects,Rise & Shine,,14,Active,
6580,Semester 1 Mathematics : 2 Operations on Large Numbers,12,CBSE,Class 5,Integrated Subjects,Rise & Shine,,12,Active,
6581,Semester 1 Mathematics : 3 Factors and Multiples,13,CBSE,Class 5,Integrated Subjects,Rise & Shine,,13,Active,
6582,Semester 1 Mathematics : 3 Multiplication,13,CBSE,Class 4,Integrated Subjects,Rise & Shine,,13,Active,
6583,Semester 1 Mathematics : 3 Multiplication,13,CBSE,Class 3,Integrated Subjects,Rise & Shine,,13,Active,
6584,Semester 1 Mathematics : 3 Subtraction up to 9,15,CBSE,Class 1,Integrated Subjects,Rise & Shine,,15,Active,
6585,Semester 1 Mathematics : 4 Division,14,CBSE,Class 4,Integrated Subjects,Rise & Shine,,14,Active,
6586,Semester 1 Mathematics : 4 Fractions,14,CBSE,Class 5,Integrated Subjects,Rise & Shine,,14,Active,
6587,Semester 1 Mathematics : 4 Numbers up to 20,16,CBSE,Class 1,Integrated Subjects,Rise & Shine,,16,Active,
6588,Semester 1 Mathematics : 4 Subtraction,14,CBSE,Class 3,Integrated Subjects,Rise & Shine,,14,Active,
6589,Semester 1 Mathematics : 5 Addition and Subtraction up to 20,17,CBSE,Class 1,Integrated Subjects,Rise & Shine,,17,Active,
6590,Semester 1 Mathematics : 5 Decimals,15,CBSE,Class 5,Integrated Subjects,Rise & Shine,,15,Active,
6591,Semester 1 Mathematics : 5 Division,15,CBSE,Class 3,Integrated Subjects,Rise & Shine,,15,Active,
6592,Semester 1 Mathematics : 5 Multiples and Factors,15,CBSE,Class 4,Integrated Subjects,Rise & Shine,,15,Active,
6593,Semester 1 Mathematics : 6 More about Division,16,CBSE,Class 3,Integrated Subjects,Rise & Shine,,16,Active,
6594,Semester 1 Mathematics : 6 Numbers up to 50,18,CBSE,Class 1,Integrated Subjects,Rise & Shine,,18,Active,
6595,Semester 1 Science : 1 Eating Habits of Animals,17,CBSE,Class 3,Integrated Subjects,Rise & Shine,,17,Active,
6596,Semester 1 Science : 1 Food Our Basic Need,16,CBSE,Class 4,Integrated Subjects,Rise & Shine,,16,Active,
6597,Semester 1 Science : 1 Growing Plants,16,CBSE,Class 5,Integrated Subjects,Rise & Shine,,16,Active,
6598,Semester 1 Science : 2 Food and Health,17,CBSE,Class 5,Integrated Subjects,Rise & Shine,,17,Active,
6599,Semester 1 Science : 2 Safety and First Aid,18,CBSE,Class 3,Integrated Subjects,Rise & Shine,,18,Active,
6600,Semester 1 Science : 2 Teeth and Digestive System,17,CBSE,Class 4,Integrated Subjects,Rise & Shine,,17,Active,
6601,Semester 1 Science : 3 Clothes,18,CBSE,Class 4,Integrated Subjects,Rise & Shine,,18,Active,
6602,Semester 1 Science : 3 Housing and Clothing,19,CBSE,Class 3,Integrated Subjects,Rise & Shine,,19,Active,
6603,Semester 1 Science : 3 Safety and First Aid,18,CBSE,Class 5,Integrated Subjects,Rise & Shine,,18,Active,
6604,Semester 1 Science : 4 Matter,19,CBSE,Class 4,Integrated Subjects,Rise & Shine,,19,Active,
6605,Semester 1 Science : 4 Soil,20,CBSE,Class 3,Integrated Subjects,Rise & Shine,,20,Active,
6606,"Semester 1 Science : 4 Solids, Liquids and Gases",19,CBSE,Class 5,Integrated Subjects,Rise & Shine,,19,Active,
6607,Semester 1 Science : 5 Safety First,20,CBSE,Class 4,Integrated Subjects,Rise & Shine,,20,Active,
6608,Semester 1 Science : 5 Soil,20,CBSE,Class 5,Integrated Subjects,Rise & Shine,,20,Active,
6609,"Semester 1 Science : 5 Solids, Liquids and Gases",21,CBSE,Class 3,Integrated Subjects,Rise & Shine,,21,Active,
6610,Semester 1 Science : 6 Living and Non : living Things,22,CBSE,Class 3,Integrated Subjects,Rise & Shine,,22,Active,
6611,Semester 1 Science : 6 Plants : The Producers,21,CBSE,Class 4,Integrated Subjects,Rise & Shine,,21,Active,
6612,Semester 1 Science : 6 Rocks and Minerals,21,CBSE,Class 5,Integrated Subjects,Rise & Shine,,21,Active,
6613,Semester 1 Science : 7 Adaptation in Plants,22,CBSE,Class 4,Integrated Subjects,Rise & Shine,,22,Active,
6614,Semester 1 Science : 7 Animals : Living and Surviving,22,CBSE,Class 5,Integrated Subjects,Rise & Shine,,22,Active,
6615,Semester 1 Science : 7 Parts of a Plant,23,CBSE,Class 3,Integrated Subjects,Rise & Shine,,23,Active,
6616,Semester 1 Social Studies : 1 Globe,23,CBSE,Class 5,Integrated Subjects,Rise & Shine,,23,Active,
6617,Semester 1 Social Studies : 1 Physical Feature and India,23,CBSE,Class 4,Integrated Subjects,Rise & Shine,,23,Active,
6618,Semester 1 Social Studies : 1 The Earth – Our Home,24,CBSE,Class 3,Integrated Subjects,Rise & Shine,,24,Active,
6619,Semester 1 Social Studies : 10 Our Water Resources,32,CBSE,Class 4,Integrated Subjects,Rise & Shine,,32,Active,
6620,Semester 1 Social Studies : 11 Our Mineral Resources,33,CBSE,Class 4,Integrated Subjects,Rise & Shine,,33,Active,
6621,Semester 1 Social Studies : 2 How Our Earth Looks,25,CBSE,Class 3,Integrated Subjects,Rise & Shine,,25,Active,
6622,Semester 1 Social Studies : 2 Maps : Our Guides,24,CBSE,Class 5,Integrated Subjects,Rise & Shine,,24,Active,
6623,Semester 1 Social Studies : 2 The Northern Mountains,24,CBSE,Class 4,Integrated Subjects,Rise & Shine,,24,Active,
6624,Semester 1 Social Studies : 3 Our Country – India,26,CBSE,Class 3,Integrated Subjects,Rise & Shine,,26,Active,
6625,Semester 1 Social Studies : 3 The Northern Plains,25,CBSE,Class 4,Integrated Subjects,Rise & Shine,,25,Active,
6626,Semester 1 Social Studies : 3 Weather and Climate,25,CBSE,Class 5,Integrated Subjects,Rise & Shine,,25,Active,
6627,Semester 1 Social Studies : 4 Democratic Republic of the Congo — Land of Dense Forests,26,CBSE,Class 5,Integrated Subjects,Rise & Shine,,26,Active,
6628,Semester 1 Social Studies : 4 Indian States,27,CBSE,Class 3,Integrated Subjects,Rise & Shine,,27,Active,
6629,Semester 1 Social Studies : 4 The Great Indian Desert,26,CBSE,Class 4,Integrated Subjects,Rise & Shine,,26,Active,
6630,Semester 1 Social Studies : 5 Food We Eat,28,CBSE,Class 3,Integrated Subjects,Rise & Shine,,28,Active,
6631,Semester 1 Social Studies : 5 Greenland : The Land of Snow,27,CBSE,Class 5,Integrated Subjects,Rise & Shine,,27,Active,
6632,Semester 1 Social Studies : 5 The Sourthern Plateaus,27,CBSE,Class 4,Integrated Subjects,Rise & Shine,,27,Active,
6633,Semester 1 Social Studies : 6 Indian Dresses,29,CBSE,Class 3,Integrated Subjects,Rise & Shine,,29,Active,
6634,Semester 1 Social Studies : 6 Saudi Arabia – The Land of Sand,28,CBSE,Class 5,Integrated Subjects,Rise & Shine,,28,Active,
6635,Semester 1 Social Studies : 6 The Coastal Plains and Islands,28,CBSE,Class 4,Integrated Subjects,Rise & Shine,,28,Active,
6636,Semester 1 Social Studies : 7 Our Festivals,30,CBSE,Class 3,Integrated Subjects,Rise & Shine,,30,Active,
6637,Semester 1 Social Studies : 7 Prairies : The Grassland,29,CBSE,Class 5,Integrated Subjects,Rise & Shine,,29,Active,
6638,Semester 1 Social Studies : 7 The Climate of India,29,CBSE,Class 4,Integrated Subjects,Rise & Shine,,29,Active,
6639,Semester 1 Social Studies : 8 Means of Transport,30,CBSE,Class 5,Integrated Subjects,Rise & Shine,,30,Active,
6640,Semester 1 Social Studies : 8 Means of Transport,31,CBSE,Class 3,Integrated Subjects,Rise & Shine,,31,Active,
6641,Semester 1 Social Studies : 8 Our Soil,30,CBSE,Class 4,Integrated Subjects,Rise & Shine,,30,Active,
6642,Semester 1 Social Studies : 9 Forest and Wildlife of india,31,CBSE,Class 4,Integrated Subjects,Rise & Shine,,31,Active,
6643,Semester 1 Social Studies : 9 Means of Communication,31,CBSE,Class 5,Integrated Subjects,Rise & Shine,,31,Active,
6644,Semester 1 Social Studies : 9 Means of Communication,32,CBSE,Class 3,Integrated Subjects,Rise & Shine,,32,Active,
6645,Semester 2 : English,4,CBSE,LKG,Semester Books,Bloomsbury,,4,Active,
6646,Semester 2 : English,4,CBSE,UKG,Semester Books,Bloomsbury,,4,Active,
6647,Semester 2 : English,4,CBSE,Class 1,Semester Books,Bloomsbury,,4,Active,
6648,Semester 2 : English,4,CBSE,Class 2,Semester Books,Bloomsbury,,4,Active,
6649,Semester 2 : English,5,CBSE,Class 3,Semester Books,Bloomsbury,,5,Active,
6650,Semester 2 : English,5,CBSE,Class 4,Semester Books,Bloomsbury,,5,Active,
6651,Semester 2 : English,5,CBSE,Class 5,Semester Books,Bloomsbury,,5,Active,
6652,Semester 2 : Environmental Studies,6,CBSE,LKG,Semester Books,Bloomsbury,,6,Active,
6653,Semester 2 : Environmental Studies,6,CBSE,UKG,Semester Books,Bloomsbury,,6,Active,
6654,Semester 2 : Environmental Studies,6,CBSE,Class 1,Semester Books,Bloomsbury,,6,Active,
6655,Semester 2 : Environmental Studies,6,CBSE,Class 2,Semester Books,Bloomsbury,,6,Active,
6656,Semester 2 : General Knowledge,2,CBSE,Class 3,Semester Books,Bloomsbury,,2,Active,
6657,Semester 2 : General Knowledge,2,CBSE,Class 1,Semester Books,Bloomsbury,,2,Active,
6658,Semester 2 : General Knowledge,3,CBSE,Class 2,Semester Books,Bloomsbury,,3,Active,
6659,Semester 2 : Mathematics,5,CBSE,LKG,Semester Books,Bloomsbury,,5,Active,
6660,Semester 2 : Mathematics,5,CBSE,UKG,Semester Books,Bloomsbury,,5,Active,
6661,Semester 2 : Mathematics,5,CBSE,Class 1,Semester Books,Bloomsbury,,5,Active,
6662,Semester 2 : Mathematics,5,CBSE,Class 2,Semester Books,Bloomsbury,,5,Active,
6663,Semester 2 : Mathematics,6,CBSE,Class 3,Semester Books,Bloomsbury,,6,Active,
6664,Semester 2 : Mathematics,6,CBSE,Class 4,Semester Books,Bloomsbury,,6,Active,
6665,Semester 2 : Mathematics,6,CBSE,Class 5,Semester Books,Bloomsbury,,6,Active,
6666,Semester 2 : Science,7,CBSE,Class 3,Semester Books,Bloomsbury,,7,Active,
6667,Semester 2 : Science,7,CBSE,Class 4,Semester Books,Bloomsbury,,7,Active,
6668,Semester 2 : Science,7,CBSE,Class 5,Semester Books,Bloomsbury,,7,Active,
6669,Semester 2 : Social Studies,8,CBSE,Class 3,Semester Books,Bloomsbury,,8,Active,
6670,Semester 2 : Social Studies,8,CBSE,Class 4,Semester Books,Bloomsbury,,8,Active,
6671,Semester 2 : Social Studies,8,CBSE,Class 5,Semester Books,Bloomsbury,,8,Active,
6672,Semester 2 English : 1 Animal Tails,1,CBSE,Class 2,Integrated Subjects,Rise & Shine,,1,Active,
6673,Semester 2 English : 1 On a Farm,1,CBSE,Class 1,Integrated Subjects,Rise & Shine,,1,Active,
6674,Semester 2 English : 1 The Seller of Wisdom,1,CBSE,Class 4,Integrated Subjects,Rise & Shine,,1,Active,
6675,Semester 2 English : 1 The Song of the River,1,CBSE,Class 5,Integrated Subjects,Rise & Shine,,1,Active,
6676,Semester 2 English : 1 Why the sea is Salty,1,CBSE,Class 3,Integrated Subjects,Rise & Shine,,1,Active,
6677,Semester 2 English : 10 Make Room for Elephants,10,CBSE,Class 3,Integrated Subjects,Rise & Shine,,10,Active,
6678,Semester 2 English : 10 My Pet Dinosaur,10,CBSE,Class 2,Integrated Subjects,Rise & Shine,,10,Active,
6679,Semester 2 English : 10 The Little Mimic,10,CBSE,Class 4,Integrated Subjects,Rise & Shine,,10,Active,
6680,Semester 2 English : 10 The Rice Cakes,10,CBSE,Class 5,Integrated Subjects,Rise & Shine,,10,Active,
6681,Semester 2 English : 10 Two Sides,10,CBSE,Class 1,Integrated Subjects,Rise & Shine,,10,Active,
6682,Semester 2 English : 11 In the Sky,11,CBSE,Class 2,Integrated Subjects,Rise & Shine,,11,Active,
6683,Semester 2 English : 11 The Lonely Duckling,11,CBSE,Class 1,Integrated Subjects,Rise & Shine,,11,Active,
6684,Semester 2 English : 12 Something Sweet to Eat,12,CBSE,Class 1,Integrated Subjects,Rise & Shine,,12,Active,
6685,Semester 2 English : 2 Grasshopper Green,2,CBSE,Class 4,Integrated Subjects,Rise & Shine,,2,Active,
6686,Semester 2 English : 2 John,2,CBSE,Class 3,Integrated Subjects,Rise & Shine,,2,Active,
6687,Semester 2 English : 2 Say Hello,2,CBSE,Class 1,Integrated Subjects,Rise & Shine,,2,Active,
6688,Semester 2 English : 2 The Apple Tree,2,CBSE,Class 5,Integrated Subjects,Rise & Shine,,2,Active,
6689,Semester 2 English : 2 Where Go the Boats?,2,CBSE,Class 2,Integrated Subjects,Rise & Shine,,2,Active,
6690,Semester 2 English : 3 Brer Rabbit and Brer Fox,3,CBSE,Class 2,Integrated Subjects,Rise & Shine,,3,Active,
6691,Semester 2 English : 3 Glasses for Gopi,3,CBSE,Class 1,Integrated Subjects,Rise & Shine,,3,Active,
6692,Semester 2 English : 3 Rip Van Winkle,3,CBSE,Class 4,Integrated Subjects,Rise & Shine,,3,Active,
6693,Semester 2 English : 3 The Broken Wing,3,CBSE,Class 5,Integrated Subjects,Rise & Shine,,3,Active,
6694,Semester 2 English : 3 The Railway Children,3,CBSE,Class 3,Integrated Subjects,Rise & Shine,,3,Active,
6695,Semester 2 English : 4 A Tale of Tails,4,CBSE,Class 2,Integrated Subjects,Rise & Shine,,4,Active,
6696,Semester 2 English : 4 Off to School,4,CBSE,Class 1,Integrated Subjects,Rise & Shine,,4,Active,
6697,Semester 2 English : 4 Stories About Gandhiji,4,CBSE,Class 4,Integrated Subjects,Rise & Shine,,4,Active,
6698,Semester 2 English : 4 The Big Winner,4,CBSE,Class 5,Integrated Subjects,Rise & Shine,,4,Active,
6699,Semester 2 English : 4 The strange Bell,4,CBSE,Class 3,Integrated Subjects,Rise & Shine,,4,Active,
6700,Semester 2 English : 5 The Moon Came from Heaven,5,CBSE,Class 1,Integrated Subjects,Rise & Shine,,5,Active,
6701,Semester 2 English : 5 The Shrewd Farmer,5,CBSE,Class 5,Integrated Subjects,Rise & Shine,,5,Active,
6702,Semester 2 English : 5 The South American Parakeet,5,CBSE,Class 3,Integrated Subjects,Rise & Shine,,5,Active,
6703,Semester 2 English : 5 The Store,5,CBSE,Class 2,Integrated Subjects,Rise & Shine,,5,Active,
6704,Semester 2 English : 5 Totto chan,5,CBSE,Class 4,Integrated Subjects,Rise & Shine,,5,Active,
6705,Semester 2 English : 6 Angry Wind,6,CBSE,Class 2,Integrated Subjects,Rise & Shine,,6,Active,
6706,Semester 2 English : 6 Bela's Birthday,6,CBSE,Class 1,Integrated Subjects,Rise & Shine,,6,Active,
6707,Semester 2 English : 6 Somewhere,6,CBSE,Class 4,Integrated Subjects,Rise & Shine,,6,Active,
6708,Semester 2 English : 6 The Song of the Engine,6,CBSE,Class 3,Integrated Subjects,Rise & Shine,,6,Active,
6709,"Semester 2 English : 6 Twinkle, Twinkle",6,CBSE,Class 5,Integrated Subjects,Rise & Shine,,6,Active,
6710,Semester 2 English : 7 A Holiday,7,CBSE,Class 2,Integrated Subjects,Rise & Shine,,7,Active,
6711,Semester 2 English : 7 Grandfather's House,7,CBSE,Class 3,Integrated Subjects,Rise & Shine,,7,Active,
6712,Semester 2 English : 7 Greek Legends,7,CBSE,Class 5,Integrated Subjects,Rise & Shine,,7,Active,
6713,Semester 2 English : 7 The Lucky Little Shop,7,CBSE,Class 1,Integrated Subjects,Rise & Shine,,7,Active,
6714,Semester 2 English : 7 The Nurse,7,CBSE,Class 4,Integrated Subjects,Rise & Shine,,7,Active,
6715,Semester 2 English : 8 Pippi Finds a Spink,8,CBSE,Class 5,Integrated Subjects,Rise & Shine,,8,Active,
6716,Semester 2 English : 8 Tenali Raman,8,CBSE,Class 3,Integrated Subjects,Rise & Shine,,8,Active,
6717,Semester 2 English : 8 The Caterpillar,8,CBSE,Class 4,Integrated Subjects,Rise & Shine,,8,Active,
6718,Semester 2 English : 8 The Hare and the Tortoise,8,CBSE,Class 1,Integrated Subjects,Rise & Shine,,8,Active,
6719,Semester 2 English : 8 The Wind and the Sun,8,CBSE,Class 2,Integrated Subjects,Rise & Shine,,8,Active,
6720,Semester 2 English : 9 The Marks of a Tiger,9,CBSE,Class 1,Integrated Subjects,Rise & Shine,,9,Active,
6721,Semester 2 English : 9 The Snowdrop,9,CBSE,Class 3,Integrated Subjects,Rise & Shine,,9,Active,
6722,Semester 2 English : 9 The Windy Nights,9,CBSE,Class 4,Integrated Subjects,Rise & Shine,,9,Active,
6723,Semester 2 English : 9 This is My Story,9,CBSE,Class 2,Integrated Subjects,Rise & Shine,,9,Active,
6724,Semester 2 English : 9 Zebra Question,9,CBSE,Class 5,Integrated Subjects,Rise & Shine,,9,Active,
6725,Semester 2 Environmental Studies : 1 Helping Each Other,20,CBSE,Class 1,Integrated Subjects,Rise & Shine,,20,Active,
6726,Semester 2 Environmental Studies : 1 Neighbourhood Services,20,CBSE,Class 2,Integrated Subjects,Rise & Shine,,20,Active,
6727,Semester 2 Environmental Studies : 10 In the Sky,10,CBSE,Class 1,Integrated Subjects,Rise & Shine,,1,Active,
6728,Semester 2 Environmental Studies : 10 Measurement,29,CBSE,Class 2,Integrated Subjects,Rise & Shine,,29,Active,
6729,Semester 2 Environmental Studies : 2 My Neighbourhood,21,CBSE,Class 1,Integrated Subjects,Rise & Shine,,21,Active,
6730,Semester 2 Environmental Studies : 2 Recreation,21,CBSE,Class 2,Integrated Subjects,Rise & Shine,,21,Active,
6731,Semester 2 Environmental Studies : 3 Festivals are Fun,22,CBSE,Class 1,Integrated Subjects,Rise & Shine,,22,Active,
6732,Semester 2 Environmental Studies : 3 Parts of a Plant,22,CBSE,Class 2,Integrated Subjects,Rise & Shine,,22,Active,
6733,Semester 2 Environmental Studies : 4 Materials,23,CBSE,Class 2,Integrated Subjects,Rise & Shine,,23,Active,
6734,Semester 2 Environmental Studies : 4 My School,23,CBSE,Class 1,Integrated Subjects,Rise & Shine,,23,Active,
6735,Semester 2 Environmental Studies : 5 Amazing World of Animals,24,CBSE,Class 1,Integrated Subjects,Rise & Shine,,24,Active,
6736,Semester 2 Environmental Studies : 5 Changes Around Me,24,CBSE,Class 2,Integrated Subjects,Rise & Shine,,24,Active,
6737,Semester 2 Environmental Studies : 6 Air,25,CBSE,Class 2,Integrated Subjects,Rise & Shine,,25,Active,
6738,Semester 2 Environmental Studies : 6 Plants Around Us,25,CBSE,Class 1,Integrated Subjects,Rise & Shine,,25,Active,
6739,Semester 2 Environmental Studies : 7 Travelling is Fun,26,CBSE,Class 1,Integrated Subjects,Rise & Shine,,26,Active,
6740,Semester 2 Environmental Studies : 7 Water,26,CBSE,Class 2,Integrated Subjects,Rise & Shine,,26,Active,
6741,Semester 2 Environmental Studies : 8 Animals,27,CBSE,Class 2,Integrated Subjects,Rise & Shine,,27,Active,
6742,Semester 2 Environmental Studies : 8 Time,27,CBSE,Class 1,Integrated Subjects,Rise & Shine,,27,Active,
6743,Semester 2 Environmental Studies : 9 Directions,28,CBSE,Class 1,Integrated Subjects,Rise & Shine,,28,Active,
6744,Semester 2 Environmental Studies : 9 Time,28,CBSE,Class 2,Integrated Subjects,Rise & Shine,,28,Active,
6745,Semester 2 Mathematics : 1 Addition and Subtraction of Bigger Numbers,12,CBSE,Class 2,Integrated Subjects,Rise & Shine,,12,Active,
6746,Semester 2 Mathematics : 1 Basic Geometrical Concepts,12,CBSE,Class 5,Integrated Subjects,Rise & Shine,,12,Active,
6747,Semester 2 Mathematics : 1 Fractions,11,CBSE,Class 3,Integrated Subjects,Rise & Shine,,11,Active,
6748,Semester 2 Mathematics : 1 Fractions,11,CBSE,Class 4,Integrated Subjects,Rise & Shine,,11,Active,
6749,Semester 2 Mathematics : 1 Shapes and Patterns,13,CBSE,Class 1,Integrated Subjects,Rise & Shine,,13,Active,
6750,Semester 2 Mathematics : 2 Data Handling,14,CBSE,Class 1,Integrated Subjects,Rise & Shine,,14,Active,
6751,Semester 2 Mathematics : 2 Geometry,12,CBSE,Class 3,Integrated Subjects,Rise & Shine,,12,Active,
6752,Semester 2 Mathematics : 2 Geometry,12,CBSE,Class 4,Integrated Subjects,Rise & Shine,,12,Active,
6753,Semester 2 Mathematics : 2 Measurements,13,CBSE,Class 5,Integrated Subjects,Rise & Shine,,13,Active,
6754,Semester 2 Mathematics : 2 More about Multiplication,13,CBSE,Class 2,Integrated Subjects,Rise & Shine,,13,Active,
6755,Semester 2 Mathematics : 3 Numbers up to 100,15,CBSE,Class 1,Integrated Subjects,Rise & Shine,,15,Active,
6756,Semester 2 Mathematics : 3 Pattern,13,CBSE,Class 3,Integrated Subjects,Rise & Shine,,13,Active,
6757,Semester 2 Mathematics : 3 Patterns,13,CBSE,Class 4,Integrated Subjects,Rise & Shine,,13,Active,
6758,Semester 2 Mathematics : 3 Patterns,14,CBSE,Class 2,Integrated Subjects,Rise & Shine,,14,Active,
6759,Semester 2 Mathematics : 3 Perimeter and Area,14,CBSE,Class 5,Integrated Subjects,Rise & Shine,,14,Active,
6760,Semester 2 Mathematics : 4 Addition and Subtraction up to 99,16,CBSE,Class 1,Integrated Subjects,Rise & Shine,,16,Active,
6761,Semester 2 Mathematics : 4 Measurement,14,CBSE,Class 3,Integrated Subjects,Rise & Shine,,14,Active,
6762,Semester 2 Mathematics : 4 Measurement,14,CBSE,Class 4,Integrated Subjects,Rise & Shine,,14,Active,
6763,Semester 2 Mathematics : 4 Measurement,15,CBSE,Class 2,Integrated Subjects,Rise & Shine,,15,Active,
6764,Semester 2 Mathematics : 4 Measurement of Volume,15,CBSE,Class 5,Integrated Subjects,Rise & Shine,,15,Active,
6765,Semester 2 Mathematics : 5 Geometry,16,CBSE,Class 2,Integrated Subjects,Rise & Shine,,16,Active,
6766,Semester 2 Mathematics : 5 Measurement,17,CBSE,Class 1,Integrated Subjects,Rise & Shine,,17,Active,
6767,Semester 2 Mathematics : 5 Temperature,16,CBSE,Class 5,Integrated Subjects,Rise & Shine,,16,Active,
6768,Semester 2 Mathematics : 5 Time,15,CBSE,Class 3,Integrated Subjects,Rise & Shine,,15,Active,
6769,Semester 2 Mathematics : 5 Time,15,CBSE,Class 4,Integrated Subjects,Rise & Shine,,15,Active,
6770,Semester 2 Mathematics : 6 Money,16,CBSE,Class 3,Integrated Subjects,Rise & Shine,,16,Active,
6771,Semester 2 Mathematics : 6 Money,16,CBSE,Class 4,Integrated Subjects,Rise & Shine,,16,Active,
6772,Semester 2 Mathematics : 6 Time,17,CBSE,Class 5,Integrated Subjects,Rise & Shine,,17,Active,
6773,Semester 2 Mathematics : 6 Time,18,CBSE,Class 1,Integrated Subjects,Rise & Shine,,18,Active,
6774,Semester 2 Mathematics : 6 Time,17,CBSE,Class 2,Integrated Subjects,Rise & Shine,,17,Active,
6775,Semester 2 Mathematics : 7 Handling Data,17,CBSE,Class 3,Integrated Subjects,Rise & Shine,,17,Active,
6776,Semester 2 Mathematics : 7 Money,18,CBSE,Class 5,Integrated Subjects,Rise & Shine,,18,Active,
6777,Semester 2 Mathematics : 7 Money,19,CBSE,Class 1,Integrated Subjects,Rise & Shine,,19,Active,
6778,Semester 2 Mathematics : 7 Money,18,CBSE,Class 2,Integrated Subjects,Rise & Shine,,18,Active,
6779,Semester 2 Mathematics : 7 Pictorial Representation of Data,17,CBSE,Class 4,Integrated Subjects,Rise & Shine,,17,Active,
6780,Semester 2 Mathematics : 8 Data Handling,19,CBSE,Class 5,Integrated Subjects,Rise & Shine,,19,Active,
6781,Semester 2 Mathematics : 8 Data Handling,19,CBSE,Class 2,Integrated Subjects,Rise & Shine,,19,Active,
6782,Semester 2 Science : 1 Birds,18,CBSE,Class 3,Integrated Subjects,Rise & Shine,,18,Active,
6783,Semester 2 Science : 2 Our Body,19,CBSE,Class 3,Integrated Subjects,Rise & Shine,,19,Active,
6784,Semester 2 Science : 3 Our Body,20,CBSE,Class 3,Integrated Subjects,Rise & Shine,,20,Active,
6785,Semester 2 Science : 4 Mesurement,21,CBSE,Class 3,Integrated Subjects,Rise & Shine,,21,Active,
6786,"Semester 2 Science : 5 Air, Water and Weather",22,CBSE,Class 3,Integrated Subjects,Rise & Shine,,22,Active,
6787,"Semester 2 Science : 6 The Sun, Moon and Stars",23,CBSE,Class 3,Integrated Subjects,Rise & Shine,,23,Active,
6788,Semester 2 Science : 7 The Earth,24,CBSE,Class 3,Integrated Subjects,Rise & Shine,,24,Active,
6789,Semester 2 Science : 1 Reproduction in Animals,18,CBSE,Class 4,Integrated Subjects,Rise & Shine,,18,Active,
6790,Semester 2 Science : 2 Adaptation in Animals,19,CBSE,Class 4,Integrated Subjects,Rise & Shine,,19,Active,
6791,"Semester 2 Science : 3 Force, Work and Energy",20,CBSE,Class 4,Integrated Subjects,Rise & Shine,,20,Active,
6792,"Semester 2 Science : 4 Air, Water and Weather",21,CBSE,Class 4,Integrated Subjects,Rise & Shine,,21,Active,
6793,Semester 2 Science : 5 The Solar System,22,CBSE,Class 4,Integrated Subjects,Rise & Shine,,22,Active,
6794,Semester 2 Science : 6 Green and Clean Earth,23,CBSE,Class 4,Integrated Subjects,Rise & Shine,,23,Active,
6795,Semester 2 Science : 1 Skeletal System,20,CBSE,Class 5,Integrated Subjects,Rise & Shine,,20,Active,
6796,Semester 2 Science : 2 Nervous System,21,CBSE,Class 5,Integrated Subjects,Rise & Shine,,21,Active,
6797,Semester 2 Science : 3 Force and Machines,22,CBSE,Class 5,Integrated Subjects,Rise & Shine,,22,Active,
6798,Semester 2 Science : 4 Air and Water,23,CBSE,Class 5,Integrated Subjects,Rise & Shine,,23,Active,
6799,"Semester 2 Science : 5 The Earth, The Sun and The Moon",24,CBSE,Class 5,Integrated Subjects,Rise & Shine,,24,Active,
6800,Semester 2 Science : 6 Natural Calamities,25,CBSE,Class 5,Integrated Subjects,Rise & Shine,,25,Active,
6801,Semester 2 Science : 7 Our Environment,26,CBSE,Class 5,Integrated Subjects,Rise & Shine,,26,Active,
6802,Semester 2 Social Studies : 1 Human Resources,24,CBSE,Class 4,Integrated Subjects,Rise & Shine,,24,Active,
6803,Semester 2 Social Studies : 1 Occupations,25,CBSE,Class 3,Integrated Subjects,Rise & Shine,,25,Active,
6804,Semester 2 Social Studies : 1 The World of Growing Knowledge,27,CBSE,Class 5,Integrated Subjects,Rise & Shine,,27,Active,
6805,Semester 2 Social Studies : 10 India Wins Freedom,36,CBSE,Class 5,Integrated Subjects,Rise & Shine,,36,Active,
6806,"Semester 2 Social Studies : 10 Our Goals, Right and Duties",33,CBSE,Class 4,Integrated Subjects,Rise & Shine,,33,Active,
6807,Semester 2 Social Studies : 11 Our National Symbols,34,CBSE,Class 4,Integrated Subjects,Rise & Shine,,34,Active,
6808,Semester 2 Social Studies : 2 People Who Help Us,26,CBSE,Class 3,Integrated Subjects,Rise & Shine,,26,Active,
6809,Semester 2 Social Studies : 2 The Animal Wealth of India,25,CBSE,Class 4,Integrated Subjects,Rise & Shine,,25,Active,
6810,Semester 2 Social Studies : 2 The Development of Medical Science,28,CBSE,Class 5,Integrated Subjects,Rise & Shine,,28,Active,
6811,Semester 2 Social Studies : 3 Agriculture in India,26,CBSE,Class 4,Integrated Subjects,Rise & Shine,,26,Active,
6812,Semester 2 Social Studies : 3 Local Administration,27,CBSE,Class 3,Integrated Subjects,Rise & Shine,,27,Active,
6813,Semester 2 Social Studies : 3 The Machine Age,29,CBSE,Class 5,Integrated Subjects,Rise & Shine,,29,Active,
6814,Semester 2 Social Studies : 4 Delhi,28,CBSE,Class 3,Integrated Subjects,Rise & Shine,,28,Active,
6815,Semester 2 Social Studies : 4 Great Personalities,30,CBSE,Class 5,Integrated Subjects,Rise & Shine,,30,Active,
6816,Semester 2 Social Studies : 4 Industrial Development of India,27,CBSE,Class 4,Integrated Subjects,Rise & Shine,,27,Active,
6817,Semester 2 Social Studies : 5 Means of Transport,28,CBSE,Class 4,Integrated Subjects,Rise & Shine,,28,Active,
6818,Semester 2 Social Studies : 5 Mumbai,29,CBSE,Class 3,Integrated Subjects,Rise & Shine,,29,Active,
6819,Semester 2 Social Studies : 5 The Birth of United Nations,31,CBSE,Class 5,Integrated Subjects,Rise & Shine,,31,Active,
6820,Semester 2 Social Studies : 6 Kolkata,30,CBSE,Class 3,Integrated Subjects,Rise & Shine,,30,Active,
6821,Semester 2 Social Studies : 6 Means of Communication,29,CBSE,Class 4,Integrated Subjects,Rise & Shine,,29,Active,
6822,Semester 2 Social Studies : 6 The Working of the United Nations,32,CBSE,Class 5,Integrated Subjects,Rise & Shine,,32,Active,
6823,"Semester 2 Social Studies : 7 Art, Architecture and Culture",30,CBSE,Class 4,Integrated Subjects,Rise & Shine,,30,Active,
6824,Semester 2 Social Studies : 7 Chennai,31,CBSE,Class 3,Integrated Subjects,Rise & Shine,,31,Active,
6825,Semester 2 Social Studies : 7 India and the United Nation,33,CBSE,Class 5,Integrated Subjects,Rise & Shine,,33,Active,
6826,Semester 2 Social Studies : 8 Discovery of Fire,32,CBSE,Class 3,Integrated Subjects,Rise & Shine,,32,Active,
6827,Semester 2 Social Studies : 8 The Revolt of 1857,34,CBSE,Class 5,Integrated Subjects,Rise & Shine,,34,Active,
6828,Semester 2 Social Studies : 8 They Showed Us the Way,31,CBSE,Class 4,Integrated Subjects,Rise & Shine,,31,Active,
6829,Semester 2 Social Studies : 9 Beginning of the Freedom Struggle,35,CBSE,Class 5,Integrated Subjects,Rise & Shine,,35,Active,
6830,Semester 2 Social Studies : 9 Our Government,32,CBSE,Class 4,Integrated Subjects,Rise & Shine,,32,Active,
6831,Semester 2 Social Studies : 9 The Story of Wheel,33,CBSE,Class 3,Integrated Subjects,Rise & Shine,,33,Active,
6832,Services in My Neighbourhood,7,CBSE,Class 2,Social Studies,Illustrative Social Studies,,7,Active,
6833,SINGULAR AND PLURAL,5,CBSE,Class 4,English,Grammar Success with Composition,,5,Active,
6834,Soc. & Pol. Life  1. On Equality,22,CBSE,Class 7,Social Science,Social Science Success,,22,Active,
6835,Soc. & Pol. Life  1. The Indian Constitution,25,CBSE,Class 8,Social Science,Social Science Success,,25,Active,
6836,Soc. & Pol. Life  1. Understanding Diversity,22,CBSE,Class 6,Social Science,Social Science Success,,22,Active,
6837,Soc. & Pol. Life  10. Law and Social Justice,34,CBSE,Class 8,Social Science,Social Science Success,,34,Active,
6838,Soc. & Pol. Life  2.  Role of the Government in Health,23,CBSE,Class 7,Social Science,Social Science Success,,23,Active,
6839,Soc. & Pol. Life  2. Understanding Secularism,26,CBSE,Class 8,Social Science,Social Science Success,,26,Active,
6840,Soc. & Pol. Life  2. Diversity and Discrimination,23,CBSE,Class 6,Social Science,Social Science Success,,23,Active,
6841,Soc. & Pol. Life  3.  How a State Government Works,24,CBSE,Class 7,Social Science,Social Science Success,,24,Active,
6842,Soc. & Pol. Life  3. Role of The Parliament,27,CBSE,Class 8,Social Science,Social Science Success,,27,Active,
6843,Soc. & Pol. Life  3. What is Government?,24,CBSE,Class 6,Social Science,Social Science Success,,24,Active,
6844,Soc. & Pol. Life  4.  Growing up as Boys and Girls,25,CBSE,Class 7,Social Science,Social Science Success,,25,Active,
6845,Soc. & Pol. Life  4. The Need to Establish The Rule of Law,28,CBSE,Class 8,Social Science,Social Science Success,,28,Active,
6846,Soc. & Pol. Life  4. Key Elements of a Democratic Government,25,CBSE,Class 6,Social Science,Social Science Success,,25,Active,
6847,Soc. & Pol. Life  5. The Judicial System,29,CBSE,Class 8,Social Science,Social Science Success,,29,Active,
6848,Soc. & Pol. Life  5. Women Change the World,26,CBSE,Class 7,Social Science,Social Science Success,,26,Active,
6849,Soc. & Pol. Life  5. Panchayati Raj,26,CBSE,Class 6,Social Science,Social Science Success,,26,Active,
6850,Soc. & Pol. Life  6. Our Criminal Justice System,30,CBSE,Class 8,Social Science,Social Science Success,,30,Active,
6851,Soc. & Pol. Life  6. Understanding Media,27,CBSE,Class 7,Social Science,Social Science Success,,27,Active,
6852,Soc. & Pol. Life  6. Rural Administration,27,CBSE,Class 6,Social Science,Social Science Success,,27,Active,
6853,Soc. & Pol. Life  7. Understanding Advertising,28,CBSE,Class 7,Social Science,Social Science Success,,28,Active,
6854,Soc. & Pol. Life  7. Understanding Marginalisation,31,CBSE,Class 8,Social Science,Social Science Success,,31,Active,
6855,Soc. & Pol. Life  7. Urban Administration,28,CBSE,Class 6,Social Science,Social Science Success,,28,Active,
6856,Soc. & Pol. Life  8. Confronting Marginalisation,32,CBSE,Class 8,Social Science,Social Science Success,,32,Active,
6857,Soc. & Pol. Life  8. Markets Around Us,29,CBSE,Class 7,Social Science,Social Science Success,,29,Active,
6858,Soc. & Pol. Life  8. Rural Livelihoods,29,CBSE,Class 6,Social Science,Social Science Success,,29,Active,
6859,Soc. & Pol. Life  9. A Shirt in the Market,30,CBSE,Class 7,Social Science,Social Science Success,,30,Active,
6860,Soc. & Pol. Life  9. Public Facilities,33,CBSE,Class 8,Social Science,Social Science Success,,33,Active,
6861,Soc. & Pol. Life  9. Urban Livelihoods,30,CBSE,Class 6,Social Science,Social Science Success,,30,Active,
6862,Social and Political Life 1. Equality in a Democracy,16,CBSE,Class 7,Social Science,Social Science Success (2023-24),,16,Active,
6863,Social and Political Life 1. The Indian Constitution,19,CBSE,Class 8,Social Science,Social Science Success (2023-24),,19,Active,
6864,Social and Political Life 1. Understanding Diversity,20,CBSE,Class 6,Social Science,Social Science Success (2023-24),,20,Active,
6865,Social and Political Life 2. Diversity and Discrimination,21,CBSE,Class 6,Social Science,Social Science Success (2023-24),,21,Active,
6866,Social and Political Life 2. Role of Government in Health,17,CBSE,Class 7,Social Science,Social Science Success (2023-24),,17,Active,
6867,Social and Political Life 2. Understanding Secularism,20,CBSE,Class 8,Social Science,Social Science Success (2023-24),,20,Active,
6868,Social and Political Life 3. How a State Government Works,18,CBSE,Class 7,Social Science,Social Science Success (2023-24),,18,Active,
6869,Social and Political Life 3. Role of the Parliament,21,CBSE,Class 8,Social Science,Social Science Success (2023-24),,21,Active,
6870,Social and Political Life 3.What is Government?,22,CBSE,Class 6,Social Science,Social Science Success (2023-24),,22,Active,
6871,Social and Political Life 4. Growing up as Boys and Girls,19,CBSE,Class 7,Social Science,Social Science Success (2023-24),,19,Active,
6872,Social and Political Life 4. Panchayati Raj,23,CBSE,Class 6,Social Science,Social Science Success (2023-24),,23,Active,
6873,Social and Political Life 4. The Need to Establish The Rule of Law,22,CBSE,Class 8,Social Science,Social Science Success (2023-24),,22,Active,
6874,Social and Political Life 5. Rural Administration,24,CBSE,Class 6,Social Science,Social Science Success (2023-24),,24,Active,
6875,Social and Political Life 5. The Judicial System,23,CBSE,Class 8,Social Science,Social Science Success (2023-24),,23,Active,
6876,Social and Political Life 5. Women Change the World,20,CBSE,Class 7,Social Science,Social Science Success (2023-24),,20,Active,
6877,Social and Political Life 6. Understanding Marginalisation,24,CBSE,Class 8,Social Science,Social Science Success (2023-24),,24,Active,
6878,Social and Political Life 6. Understanding Media,21,CBSE,Class 7,Social Science,Social Science Success (2023-24),,21,Active,
6879,Social and Political Life 6. Urban Administration,25,CBSE,Class 6,Social Science,Social Science Success (2023-24),,25,Active,
6880,Social and Political Life 7. Confronting Marginalisation,25,CBSE,Class 8,Social Science,Social Science Success (2023-24),,25,Active,
6881,Social and Political Life 7. Markets Around Us,22,CBSE,Class 7,Social Science,Social Science Success (2023-24),,22,Active,
6882,Social and Political Life 7. Rural Livelihoods,26,CBSE,Class 6,Social Science,Social Science Success (2023-24),,26,Active,
6883,Social and Political Life 8. A Shirt in the Market,23,CBSE,Class 7,Social Science,Social Science Success (2023-24),,23,Active,
6884,Social and Political Life 8. Public Facilities,26,CBSE,Class 8,Social Science,Social Science Success (2023-24),,26,Active,
6885,Social and Political Life 8. Urban Livelihoods,27,CBSE,Class 6,Social Science,Social Science Success (2023-24),,27,Active,
6886,Social and Political Life 9. Law and Social Justice,27,CBSE,Class 8,Social Science,Social Science Success (2023-24),,27,Active,
6887,SOME MORE NOUNS,2,CBSE,Class 2,English,Grammar Success with Composition,,2,Active,
6888,Stories : Chapter 22 A Thirsty Crow,20,CBSE,UKG,Kindergarten,Zig Zag Zoom,,20,Active,
6889,Stories : Chapter 23 Two Cats and a Monkey,21,CBSE,UKG,Kindergarten,Zig Zag Zoom,,21,Active,
6890,Stories : Chapter 24 The Greedy Dog,22,CBSE,UKG,Kindergarten,Zig Zag Zoom,,22,Active,
6891,Stories : Chapter 25 Bad Habits,23,CBSE,UKG,Kindergarten,Zig Zag Zoom,,23,Active,
6892,Term 1 Social Studies : 1. The Earth  Our Home,8,CBSE,Class 3,Integrated Subjects,Composite An Integrated Term Course,,8,Active,
6893,Term 1 Social Studies : 2. How Our Earth Looks,9,CBSE,Class 3,Integrated Subjects,Composite An Integrated Term Course,,9,Active,
6894,Term 1 Social Studies : 3. Our Country  India,10,CBSE,Class 3,Integrated Subjects,Composite An Integrated Term Course,,10,Active,
6895,Term 1 Social Studies : 4. Indian States,11,CBSE,Class 3,Integrated Subjects,Composite An Integrated Term Course,,11,Active,
6896,Term 1 Social Studies : 5. Food We Eat,12,CBSE,Class 3,Integrated Subjects,Composite An Integrated Term Course,,12,Active,
6897,Term 1 Social Studies : 6. Indian Dresses,13,CBSE,Class 3,Integrated Subjects,Composite An Integrated Term Course,,13,Active,
6898,Term 1 Social Studies : 1. Globe,18,CBSE,Class 5,Integrated Subjects,Composite An Integrated Term Course,,18,Active,
6899,Term 1 Social Studies : 1. Physical Features of India,15,CBSE,Class 4,Integrated Subjects,Composite An Integrated Term Course,,15,Active,
6900,Term 1 Social Studies : 2. Maps — Our Guides,19,CBSE,Class 5,Integrated Subjects,Composite An Integrated Term Course,,19,Active,
6901,Term 1 Social Studies : 2. The Northern Mountains,16,CBSE,Class 4,Integrated Subjects,Composite An Integrated Term Course,,16,Active,
6902,Term 1 Social Studies : 3. The Northern Plains,17,CBSE,Class 4,Integrated Subjects,Composite An Integrated Term Course,,17,Active,
6903,Term 1 Social Studies : 3. Weather and Climate,20,CBSE,Class 5,Integrated Subjects,Composite An Integrated Term Course,,20,Active,
6904,Term 1 Social Studies : 4. Democratic Republic of the Congo  Land of Dense Forests,21,CBSE,Class 5,Integrated Subjects,Composite An Integrated Term Course,,21,Active,
6905,Term 1 Social Studies : 4. The Great Indian Desert,18,CBSE,Class 4,Integrated Subjects,Composite An Integrated Term Course,,18,Active,
6906,Term 1 Social Studies : 5. Greenland — The Land of Snow,22,CBSE,Class 5,Integrated Subjects,Composite An Integrated Term Course,,22,Active,
6907,Term 1 Social Studies : 5. The Southern Plateaus,19,CBSE,Class 4,Integrated Subjects,Composite An Integrated Term Course,,19,Active,
6908,Term 1 Social Studies : 6. Saudi Arabia — The Land of Sand,23,CBSE,Class 5,Integrated Subjects,Composite An Integrated Term Course,,23,Active,
6909,Term 1 Social Studies : 6. The Coastal Plains and Islands,20,CBSE,Class 4,Integrated Subjects,Composite An Integrated Term Course,,20,Active,
6910,Term 1 English : 1 I See,1,CBSE,Class 1,Integrated Subjects,Composite An Integrated Term Course,,1,Active,
6911,Term 1 English : 1. Jungle Calls,1,CBSE,Class 5,Integrated Subjects,Composite An Integrated Term Course,,1,Active,
6912,Term 1 English : 1. Let's Play,1,CBSE,Class 2,Integrated Subjects,Composite An Integrated Term Course,,1,Active,
6913,Term 1 English : 1. Pat and Spot,1,CBSE,Class 3,Integrated Subjects,Composite An Integrated Term Course,,1,Active,
6914,Term 1 English : 1. The Soup Stone,1,CBSE,Class 4,Integrated Subjects,Composite An Integrated Term Course,,1,Active,
6915,Term 1 English : 2 At the Zoo,2,CBSE,Class 1,Integrated Subjects,Composite An Integrated Term Course,,2,Active,
6916,Term 1 English : 2. A True Friend,2,CBSE,Class 3,Integrated Subjects,Composite An Integrated Term Course,,2,Active,
6917,Term 1 English : 2. Alice's Adventures,2,CBSE,Class 4,Integrated Subjects,Composite An Integrated Term Course,,2,Active,
6918,Term 1 English : 2. Tansen,2,CBSE,Class 5,Integrated Subjects,Composite An Integrated Term Course,,2,Active,
6919,Term 1 English : 2. Waiting for Spring,2,CBSE,Class 2,Integrated Subjects,Composite An Integrated Term Course,,2,Active,
6920,Term 1 English : 3 Friends in the Zoo,3,CBSE,Class 1,Integrated Subjects,Composite An Integrated Term Course,,3,Active,
6921,Term 1 English : 3. The Antique Mask Adventure,3,CBSE,Class 4,Integrated Subjects,Composite An Integrated Term Course,,3,Active,
6922,Term 1 English : 3. The Dream,3,CBSE,Class 2,Integrated Subjects,Composite An Integrated Term Course,,3,Active,
6923,Term 1 English : 3. The Elves and the Shoemaker,3,CBSE,Class 3,Integrated Subjects,Composite An Integrated Term Course,,3,Active,
6924,Term 1 English : 3. The Secret Garden,3,CBSE,Class 5,Integrated Subjects,Composite An Integrated Term Course,,3,Active,
6925,Term 1 English : 4 Anu Draws,4,CBSE,Class 1,Integrated Subjects,Composite An Integrated Term Course,,4,Active,
6926,Term 1 English : 4. Elephant,4,CBSE,Class 5,Integrated Subjects,Composite An Integrated Term Course,,4,Active,
6927,Term 1 English : 4. Grandma's Glasses,4,CBSE,Class 3,Integrated Subjects,Composite An Integrated Term Course,,4,Active,
6928,Term 1 English : 4. I Asked the Boy Who Couldn't See,4,CBSE,Class 4,Integrated Subjects,Composite An Integrated Term Course,,4,Active,
6929,Term 1 English : 4. Rain,4,CBSE,Class 2,Integrated Subjects,Composite An Integrated Term Course,,4,Active,
6930,Term 1 English : 5 After My Bath,5,CBSE,Class 1,Integrated Subjects,Composite An Integrated Term Course,,5,Active,
6931,Term 1 English : 5. Kyla,5,CBSE,Class 5,Integrated Subjects,Composite An Integrated Term Course,,5,Active,
6932,Term 1 English : 5. The Friendly Postman,5,CBSE,Class 3,Integrated Subjects,Composite An Integrated Term Course,,5,Active,
6933,Term 1 English : 5. The Happy Little Bridge,5,CBSE,Class 2,Integrated Subjects,Composite An Integrated Term Course,,5,Active,
6934,Term 1 English : 5. The Wizard of Oz,5,CBSE,Class 4,Integrated Subjects,Composite An Integrated Term Course,,5,Active,
6935,Term 1 English : 6 Cleaning the Classroom,6,CBSE,Class 1,Integrated Subjects,Composite An Integrated Term Course,,6,Active,
6936,Term 1 English : 6. Of Course,6,CBSE,Class 4,Integrated Subjects,Composite An Integrated Term Course,,6,Active,
6937,Term 1 English : 6. Robin Hood,6,CBSE,Class 5,Integrated Subjects,Composite An Integrated Term Course,,6,Active,
6938,Term 1 English : 6. The Desert Fair,6,CBSE,Class 3,Integrated Subjects,Composite An Integrated Term Course,,6,Active,
6939,Term 1 English : 6. The Perfect Spot,6,CBSE,Class 2,Integrated Subjects,Composite An Integrated Term Course,,6,Active,
6940,Term 1 English : 7 The Holiday,7,CBSE,Class 1,Integrated Subjects,Composite An Integrated Term Course,,7,Active,
6941,Term 1 English : 7. A Girl Called Agnes,7,CBSE,Class 5,Integrated Subjects,Composite An Integrated Term Course,,7,Active,
6942,Term 1 English : 7. The Three Billy Goats Gruff,7,CBSE,Class 3,Integrated Subjects,Composite An Integrated Term Course,,7,Active,
6943,Term 1 English : 8 Picnic,8,CBSE,Class 1,Integrated Subjects,Composite An Integrated Term Course,,8,Active,
6944,Term 1 English : 8. Rubs,8,CBSE,Class 5,Integrated Subjects,Composite An Integrated Term Course,,8,Active,
6945,Term 1 Environmental Studies : 1 My Self,12,CBSE,Class 1,Integrated Subjects,Composite An Integrated Term Course,,12,Active,
6946,Term 1 Environmental Studies : 1. Functions of Our Body Parts,7,CBSE,Class 2,Integrated Subjects,Composite An Integrated Term Course,,7,Active,
6947,Term 1 Environmental Studies : 2 My Body,13,CBSE,Class 1,Integrated Subjects,Composite An Integrated Term Course,,13,Active,
6948,Term 1 Environmental Studies : 2. Growing Older,8,CBSE,Class 2,Integrated Subjects,Composite An Integrated Term Course,,8,Active,
6949,Term 1 Environmental Studies : 3 My Senses,14,CBSE,Class 1,Integrated Subjects,Composite An Integrated Term Course,,14,Active,
6950,Term 1 Environmental Studies : 3. Healthy Food Habits,9,CBSE,Class 2,Integrated Subjects,Composite An Integrated Term Course,,9,Active,
6951,Term 1 Environmental Studies : 4 My Family,15,CBSE,Class 1,Integrated Subjects,Composite An Integrated Term Course,,15,Active,
6952,Term 1 Environmental Studies : 4. Types of Houses,10,CBSE,Class 2,Integrated Subjects,Composite An Integrated Term Course,,10,Active,
6953,Term 1 Environmental Studies : 5 Our Food,16,CBSE,Class 1,Integrated Subjects,Composite An Integrated Term Course,,16,Active,
6954,Term 1 Environmental Studies : 5. Rooms in a House,11,CBSE,Class 2,Integrated Subjects,Composite An Integrated Term Course,,11,Active,
6955,Term 1 Environmental Studies : 6 Clothing,17,CBSE,Class 1,Integrated Subjects,Composite An Integrated Term Course,,17,Active,
6956,Term 1 Environmental Studies : 6. Means of Transport,12,CBSE,Class 2,Integrated Subjects,Composite An Integrated Term Course,,12,Active,
6957,"Term 1 Environmental Studies : 7 Home, Sweet Home",18,CBSE,Class 1,Integrated Subjects,Composite An Integrated Term Course,,18,Active,
6958,Term 1 Mathematics : 1. Numbers Beyond 999,19,CBSE,Class 3,Integrated Subjects,Composite An Integrated Term Course,,19,Active,
6959,Term 1 Mathematics : 2 Addition,14,CBSE,Class 2,Integrated Subjects,Composite An Integrated Term Course,,14,Active,
6960,Term 1 Mathematics : 2. Addition,20,CBSE,Class 3,Integrated Subjects,Composite An Integrated Term Course,,20,Active,
6961,Term 1 Mathematics : 3 Subtraction,15,CBSE,Class 2,Integrated Subjects,Composite An Integrated Term Course,,15,Active,
6962,Term 1 Mathematics : 3. Multiplication,21,CBSE,Class 3,Integrated Subjects,Composite An Integrated Term Course,,21,Active,
6963,Term 1 Mathematics : 1 Number up to 200,13,CBSE,Class 2,Integrated Subjects,Composite An Integrated Term Course,,13,Active,
6964,Term 1 Mathematics : 1. Numbers,9,CBSE,Class 5,Integrated Subjects,Composite An Integrated Term Course,,9,Active,
6965,Term 1 Mathematics : 1. Numbers Beyond 9999,7,CBSE,Class 4,Integrated Subjects,Composite An Integrated Term Course,,7,Active,
6966,Term 1 Mathematics : 1. Numbers up to 9,9,CBSE,Class 1,Integrated Subjects,Composite An Integrated Term Course,,9,Active,
6967,Term 1 Mathematics : 2. Addition and Subtraction,8,CBSE,Class 4,Integrated Subjects,Composite An Integrated Term Course,,8,Active,
6968,Term 1 Mathematics : 2. Addition up to 9,10,CBSE,Class 1,Integrated Subjects,Composite An Integrated Term Course,,10,Active,
6969,Term 1 Mathematics : 2. Operations on Large Numbers,10,CBSE,Class 5,Integrated Subjects,Composite An Integrated Term Course,,10,Active,
6970,Term 1 Mathematics : 3. Factors and Multiples,11,CBSE,Class 5,Integrated Subjects,Composite An Integrated Term Course,,11,Active,
6971,Term 1 Mathematics : 3. Multiplication,9,CBSE,Class 4,Integrated Subjects,Composite An Integrated Term Course,,9,Active,
6972,Term 1 Mathematics : 3. Subtraction up to 9,11,CBSE,Class 1,Integrated Subjects,Composite An Integrated Term Course,,11,Active,
6973,Term 1 Science : 1. Eating Habits of Animals,14,CBSE,Class 3,Integrated Subjects,Composite An Integrated Term Course,,14,Active,
6974,Term 1 Science : 1. Food  Our Basic Need,10,CBSE,Class 4,Integrated Subjects,Composite An Integrated Term Course,,10,Active,
6975,Term 1 Science : 1. Growing Plants,12,CBSE,Class 5,Integrated Subjects,Composite An Integrated Term Course,,12,Active,
6976,Term 1 Science : 2. Food and Health,13,CBSE,Class 5,Integrated Subjects,Composite An Integrated Term Course,,13,Active,
6977,Term 1 Science : 2. Safety and First Aid,15,CBSE,Class 3,Integrated Subjects,Composite An Integrated Term Course,,15,Active,
6978,Term 1 Science : 2. Teeth and Digestive System,11,CBSE,Class 4,Integrated Subjects,Composite An Integrated Term Course,,11,Active,
6979,Term 1 Science : 3. Clothes,12,CBSE,Class 4,Integrated Subjects,Composite An Integrated Term Course,,12,Active,
6980,Term 1 Science : 3. Housing and Clothing,16,CBSE,Class 3,Integrated Subjects,Composite An Integrated Term Course,,16,Active,
6981,Term 1 Science : 3. Safety and First Aid,14,CBSE,Class 5,Integrated Subjects,Composite An Integrated Term Course,,14,Active,
6982,Term 1 Science : 4. Matter,13,CBSE,Class 4,Integrated Subjects,Composite An Integrated Term Course,,13,Active,
6983,Term 1 Science : 4. Soil,17,CBSE,Class 3,Integrated Subjects,Composite An Integrated Term Course,,17,Active,
6984,"Term 1 Science : 4. Solid, Liquids and Gases",15,CBSE,Class 5,Integrated Subjects,Composite An Integrated Term Course,,15,Active,
6985,Term 1 Science : 5. Safety First,14,CBSE,Class 4,Integrated Subjects,Composite An Integrated Term Course,,14,Active,
6986,Term 1 Science : 5. Soil,16,CBSE,Class 5,Integrated Subjects,Composite An Integrated Term Course,,16,Active,
6987,"Term 1 Science : 5. Solids, Liquids and Gases",18,CBSE,Class 3,Integrated Subjects,Composite An Integrated Term Course,,18,Active,
6988,Term 1 Science : 6. Rocks and Minerals,17,CBSE,Class 5,Integrated Subjects,Composite An Integrated Term Course,,17,Active,
6989,Term 2 Mathematics : 1 Numbers Up to 20,27,CBSE,Class 1,Integrated Subjects,Composite An Integrated Term Course,,27,Active,
6990,Term 2 Social Studies : 1. Our Festivals,29,CBSE,Class 3,Integrated Subjects,Composite An Integrated Term Course,,29,Active,
6991,Term 2 Social Studies : 1. Prairies : The Grassland,37,CBSE,Class 5,Integrated Subjects,Composite An Integrated Term Course,,37,Active,
6992,Term 2 Social Studies : 1. The Climate of India,37,CBSE,Class 4,Integrated Subjects,Composite An Integrated Term Course,,37,Active,
6993,Term 2 Social Studies : 2. Means of Transport,30,CBSE,Class 3,Integrated Subjects,Composite An Integrated Term Course,,30,Active,
6994,Term 2 Social Studies : 2. Means of Transport,38,CBSE,Class 5,Integrated Subjects,Composite An Integrated Term Course,,38,Active,
6995,Term 2 Social Studies : 2. Our Soil,38,CBSE,Class 4,Integrated Subjects,Composite An Integrated Term Course,,38,Active,
6996,Term 2 Social Studies : 3. Forests and Wildlife of India,39,CBSE,Class 4,Integrated Subjects,Composite An Integrated Term Course,,39,Active,
6997,Term 2 Social Studies : 3. Means of Communication,31,CBSE,Class 3,Integrated Subjects,Composite An Integrated Term Course,,31,Active,
6998,Term 2 Social Studies : 3. Means of Communication,39,CBSE,Class 5,Integrated Subjects,Composite An Integrated Term Course,,39,Active,
6999,Term 2 Social Studies : 4. Occupations,32,CBSE,Class 3,Integrated Subjects,Composite An Integrated Term Course,,32,Active,
7000,Term 2 Social Studies : 4. Our Water Resources,40,CBSE,Class 4,Integrated Subjects,Composite An Integrated Term Course,,40,Active,
7001,Term 2 Social Studies : 4.The World of Growing Knowledge,40,CBSE,Class 5,Integrated Subjects,Composite An Integrated Term Course,,40,Active,
7002,Term 2 Social Studies : 5. Our Mineral Resources,41,CBSE,Class 4,Integrated Subjects,Composite An Integrated Term Course,,41,Active,
7003,Term 2 Social Studies : 5. People Who Help Us,33,CBSE,Class 3,Integrated Subjects,Composite An Integrated Term Course,,33,Active,
7004,Term 2 Social Studies : 5. The Developrnent of Medical Science,41,CBSE,Class 5,Integrated Subjects,Composite An Integrated Term Course,,41,Active,
7005,Term 2 Social Studies : 6. Human Resources,42,CBSE,Class 4,Integrated Subjects,Composite An Integrated Term Course,,42,Active,
7006,Term 2 Social Studies : 6. Local Administration,34,CBSE,Class 3,Integrated Subjects,Composite An Integrated Term Course,,34,Active,
7007,Term 2 Social Studies : 7. The Animal Wealth of India,43,CBSE,Class 4,Integrated Subjects,Composite An Integrated Term Course,,43,Active,
7008,Term 2 Social Studies : 8. Agriculture in India,44,CBSE,Class 4,Integrated Subjects,Composite An Integrated Term Course,,44,Active,
7009,Term 2 English : 1 Market,19,CBSE,Class 1,Integrated Subjects,Composite An Integrated Term Course,,19,Active,
7010,Term 2 English : 1. Guno and Koyo,21,CBSE,Class 4,Integrated Subjects,Composite An Integrated Term Course,,21,Active,
7011,Term 2 English : 1. The Rainbow Fairies,22,CBSE,Class 3,Integrated Subjects,Composite An Integrated Term Course,,22,Active,
7012,Term 2 English : 1. The Test of a King,24,CBSE,Class 5,Integrated Subjects,Composite An Integrated Term Course,,24,Active,
7013,Term 2 English : 1. Try Again,16,CBSE,Class 2,Integrated Subjects,Composite An Integrated Term Course,,16,Active,
7014,Term 2 English : 2 Aman’s Picture,20,CBSE,Class 1,Integrated Subjects,Composite An Integrated Term Course,,20,Active,
7015,Term 2 English : 2. A Strange Morning,22,CBSE,Class 4,Integrated Subjects,Composite An Integrated Term Course,,22,Active,
7016,Term 2 English : 2. Clever Pao Zheng,23,CBSE,Class 3,Integrated Subjects,Composite An Integrated Term Course,,23,Active,
7017,Term 2 English : 2. The City Mouse and the Garden Mouse,17,CBSE,Class 2,Integrated Subjects,Composite An Integrated Term Course,,17,Active,
7018,Term 2 English : 2. The Wisest of Them All,25,CBSE,Class 5,Integrated Subjects,Composite An Integrated Term Course,,25,Active,
7019,Term 2 English : 3 Rainy Day,21,CBSE,Class 1,Integrated Subjects,Composite An Integrated Term Course,,21,Active,
7020,Term 2 English : 3. Puppets,23,CBSE,Class 4,Integrated Subjects,Composite An Integrated Term Course,,23,Active,
7021,Term 2 English : 3. The Elephants and the Moon,18,CBSE,Class 2,Integrated Subjects,Composite An Integrated Term Course,,18,Active,
7022,Term 2 English : 3. The Lonely Ghost,24,CBSE,Class 3,Integrated Subjects,Composite An Integrated Term Course,,24,Active,
7023,Term 2 English : 3. The Song of the River,26,CBSE,Class 5,Integrated Subjects,Composite An Integrated Term Course,,26,Active,
7024,Term 2 English : 4 Rose Dreamed,22,CBSE,Class 1,Integrated Subjects,Composite An Integrated Term Course,,22,Active,
7025,"Term 2 English : 4. Clytie, the Heliotrope",24,CBSE,Class 4,Integrated Subjects,Composite An Integrated Term Course,,24,Active,
7026,Term 2 English : 4. The Apple Tree,27,CBSE,Class 5,Integrated Subjects,Composite An Integrated Term Course,,27,Active,
7027,Term 2 English : 4. When I Was Little,19,CBSE,Class 2,Integrated Subjects,Composite An Integrated Term Course,,19,Active,
7028,Term 2 English : 4. Why the Sea is Salty,25,CBSE,Class 3,Integrated Subjects,Composite An Integrated Term Course,,25,Active,
7029,Term 2 English : 5 On a Farm,23,CBSE,Class 1,Integrated Subjects,Composite An Integrated Term Course,,23,Active,
7030,Term 2 English : 5. Animal Tails,20,CBSE,Class 2,Integrated Subjects,Composite An Integrated Term Course,,20,Active,
7031,Term 2 English : 5. John,26,CBSE,Class 3,Integrated Subjects,Composite An Integrated Term Course,,26,Active,
7032,Term 2 English : 5. The Broken Wing,28,CBSE,Class 5,Integrated Subjects,Composite An Integrated Term Course,,28,Active,
7033,Term 2 English : 5. The Seller of Wisdom,25,CBSE,Class 4,Integrated Subjects,Composite An Integrated Term Course,,25,Active,
7034,Term 2 English : 6 Say Hello,24,CBSE,Class 1,Integrated Subjects,Composite An Integrated Term Course,,24,Active,
7035,Term 2 English : 6. Grasshopper Green,26,CBSE,Class 4,Integrated Subjects,Composite An Integrated Term Course,,26,Active,
7036,Term 2 English : 6. The Big Winner,29,CBSE,Class 5,Integrated Subjects,Composite An Integrated Term Course,,29,Active,
7037,Term 2 English : 6. The Railway Children,27,CBSE,Class 3,Integrated Subjects,Composite An Integrated Term Course,,27,Active,
7038,Term 2 English : 6. Where Go the Boats?,21,CBSE,Class 2,Integrated Subjects,Composite An Integrated Term Course,,21,Active,
7039,Term 2 English : 7 Glasses for Gopi,25,CBSE,Class 1,Integrated Subjects,Composite An Integrated Term Course,,25,Active,
7040,Term 2 English : 7. Brer Rabbit and Brer Fox,22,CBSE,Class 2,Integrated Subjects,Composite An Integrated Term Course,,22,Active,
7041,Term 2 English : 7. Rip Van Winkle,27,CBSE,Class 4,Integrated Subjects,Composite An Integrated Term Course,,27,Active,
7042,Term 2 English : 7. The Strange Bell,28,CBSE,Class 3,Integrated Subjects,Composite An Integrated Term Course,,28,Active,
7043,Term 2 English : 8 Off to School,26,CBSE,Class 1,Integrated Subjects,Composite An Integrated Term Course,,26,Active,
7044,Term 2 English : 8. Stories about Gandhiji,28,CBSE,Class 4,Integrated Subjects,Composite An Integrated Term Course,,28,Active,
7045,Term 2 Environmental Studies : 1 Keeping Healthy and Fit,30,CBSE,Class 1,Integrated Subjects,Composite An Integrated Term Course,,30,Active,
7046,Term 2 Environmental Studies : 1. Healthy and Clean,23,CBSE,Class 2,Integrated Subjects,Composite An Integrated Term Course,,23,Active,
7047,Term 2 Environmental Studies : 2 Safety Rules,31,CBSE,Class 1,Integrated Subjects,Composite An Integrated Term Course,,31,Active,
7048,Term 2 Environmental Studies : 2. Safety Rules,24,CBSE,Class 2,Integrated Subjects,Composite An Integrated Term Course,,24,Active,
7049,Term 2 Environmental Studies : 3 Helping Each Other,32,CBSE,Class 1,Integrated Subjects,Composite An Integrated Term Course,,32,Active,
7050,Term 2 Environmental Studies : 3. My Family,25,CBSE,Class 2,Integrated Subjects,Composite An Integrated Term Course,,25,Active,
7051,Term 2 Environmental Studies : 4 My Neighborhood,33,CBSE,Class 1,Integrated Subjects,Composite An Integrated Term Course,,33,Active,
7052,Term 2 Environmental Studies : 4. Neighbourhood Services,26,CBSE,Class 2,Integrated Subjects,Composite An Integrated Term Course,,26,Active,
7053,Term 2 Environmental Studies : 5 Festivals are Fun,34,CBSE,Class 1,Integrated Subjects,Composite An Integrated Term Course,,34,Active,
7054,Term 2 Environmental Studies : 5. Recreation,27,CBSE,Class 2,Integrated Subjects,Composite An Integrated Term Course,,27,Active,
7055,Term 2 Mathematics : 1 Multiplication,28,CBSE,Class 2,Integrated Subjects,Composite An Integrated Term Course,,28,Active,
7056,Term 2 Mathematics : 2 Numbers up to 1000,29,CBSE,Class 2,Integrated Subjects,Composite An Integrated Term Course,,29,Active,
7057,Term 2 Mathematics : 3 Addition and Subtraction of Bigger Numbers,30,CBSE,Class 2,Integrated Subjects,Composite An Integrated Term Course,,30,Active,
7058,Term 2 Mathematics : 4 More about Multiplication,31,CBSE,Class 2,Integrated Subjects,Composite An Integrated Term Course,,31,Active,
7059,Term 2 Mathematics : 5 Patterns,32,CBSE,Class 2,Integrated Subjects,Composite An Integrated Term Course,,32,Active,
7060,Term 2 Mathematics : 1. Division,29,CBSE,Class 4,Integrated Subjects,Composite An Integrated Term Course,,29,Active,
7061,Term 2 Mathematics : 1. Fractions,30,CBSE,Class 5,Integrated Subjects,Composite An Integrated Term Course,,30,Active,
7062,Term 2 Mathematics : 1. Subtraction,39,CBSE,Class 3,Integrated Subjects,Composite An Integrated Term Course,,39,Active,
7063,Term 2 Mathematics : 2 Addition and Subtraction Up to 20,28,CBSE,Class 1,Integrated Subjects,Composite An Integrated Term Course,,28,Active,
7064,Term 2 Mathematics : 2. Decimals,31,CBSE,Class 5,Integrated Subjects,Composite An Integrated Term Course,,31,Active,
7065,Term 2 Mathematics : 2. Division,40,CBSE,Class 3,Integrated Subjects,Composite An Integrated Term Course,,40,Active,
7066,Term 2 Mathematics : 2. Multiples and Factors,30,CBSE,Class 4,Integrated Subjects,Composite An Integrated Term Course,,30,Active,
7067,Term 2 Mathematics : 3 Numbers Up to 50,27,CBSE,Class 1,Integrated Subjects,Composite An Integrated Term Course,,27,Active,
7068,Term 2 Mathematics : 3. Basic Geometrical Concepts,32,CBSE,Class 5,Integrated Subjects,Composite An Integrated Term Course,,32,Active,
7069,Term 2 Mathematics : 3. Fractions,31,CBSE,Class 4,Integrated Subjects,Composite An Integrated Term Course,,31,Active,
7070,Term 2 Mathematics : 3. More about Division,41,CBSE,Class 3,Integrated Subjects,Composite An Integrated Term Course,,41,Active,
7071,Term 2 Mathematics : 4 Shapes And Patterns,28,CBSE,Class 1,Integrated Subjects,Composite An Integrated Term Course,,28,Active,
7072,Term 2 Mathematics : 4. Fractions,42,CBSE,Class 3,Integrated Subjects,Composite An Integrated Term Course,,42,Active,
7073,Term 2 Mathematics : 4. Geometry,32,CBSE,Class 4,Integrated Subjects,Composite An Integrated Term Course,,32,Active,
7074,Term 2 Mathematics : 4. Measurements,33,CBSE,Class 5,Integrated Subjects,Composite An Integrated Term Course,,33,Active,
7075,Term 2 Mathematics : 5 Data Handling,29,CBSE,Class 1,Integrated Subjects,Composite An Integrated Term Course,,29,Active,
7076,Term 2 Science : 1. Anmals — Living and Surviving,34,CBSE,Class 5,Integrated Subjects,Composite An Integrated Term Course,,34,Active,
7077,Term 2 Science : 1. Living and Non living Things,35,CBSE,Class 3,Integrated Subjects,Composite An Integrated Term Course,,35,Active,
7078,Term 2 Science : 1. Plants The Producers,33,CBSE,Class 4,Integrated Subjects,Composite An Integrated Term Course,,33,Active,
7079,Term 2 Science : 2. Adaptations in Plants,34,CBSE,Class 4,Integrated Subjects,Composite An Integrated Term Course,,34,Active,
7080,Term 2 Science : 2. Parts of a Plant,36,CBSE,Class 3,Integrated Subjects,Composite An Integrated Term Course,,36,Active,
7081,Term 2 Science : 3. Birds,37,CBSE,Class 3,Integrated Subjects,Composite An Integrated Term Course,,37,Active,
7082,Term 2 Science : 3. Reproduction in Animals,35,CBSE,Class 4,Integrated Subjects,Composite An Integrated Term Course,,35,Active,
7083,Term 2 Science : 3.Nervous System,36,CBSE,Class 5,Integrated Subjects,Composite An Integrated Term Course,,36,Active,
7084,Term 2 Science : 4. Adaptations in Animals,36,CBSE,Class 4,Integrated Subjects,Composite An Integrated Term Course,,36,Active,
7085,Term 2 Science : 4. Our Body,38,CBSE,Class 3,Integrated Subjects,Composite An Integrated Term Course,,38,Active,
7086,Term 2 Science : Z Skeletal Systa n,35,CBSE,Class 5,Integrated Subjects,Composite An Integrated Term Course,,35,Active,
7087,Term 3 Social Studies : 1. Delhi,49,CBSE,Class 3,Integrated Subjects,Composite An Integrated Term Course,,49,Active,
7088,Term 3 Social Studies : 1. Industrial Development of India,60,CBSE,Class 4,Integrated Subjects,Composite An Integrated Term Course,,60,Active,
7089,Term 3 Social Studies : 1. The Machine Age,59,CBSE,Class 5,Integrated Subjects,Composite An Integrated Term Course,,59,Active,
7090,Term 3 Social Studies : 2. Great Personalities,60,CBSE,Class 5,Integrated Subjects,Composite An Integrated Term Course,,60,Active,
7091,Term 3 Social Studies : 2. Means of Transport,61,CBSE,Class 4,Integrated Subjects,Composite An Integrated Term Course,,61,Active,
7092,Term 3 Social Studies : 2. Mumbai,50,CBSE,Class 3,Integrated Subjects,Composite An Integrated Term Course,,50,Active,
7093,Term 3 Social Studies : 3. Kolkata,51,CBSE,Class 3,Integrated Subjects,Composite An Integrated Term Course,,51,Active,
7094,Term 3 Social Studies : 3. Means of Communication,62,CBSE,Class 4,Integrated Subjects,Composite An Integrated Term Course,,62,Active,
7095,Term 3 Social Studies : 3. The Birth Of he United Nations,61,CBSE,Class 5,Integrated Subjects,Composite An Integrated Term Course,,61,Active,
7096,"Term 3 Social Studies : 4. Art, Architecture and Culture",63,CBSE,Class 4,Integrated Subjects,Composite An Integrated Term Course,,63,Active,
7097,Term 3 Social Studies : 4. Chennai,52,CBSE,Class 3,Integrated Subjects,Composite An Integrated Term Course,,52,Active,
7098,Term 3 Social Studies : 4. The Working Of the United Nations,62,CBSE,Class 5,Integrated Subjects,Composite An Integrated Term Course,,62,Active,
7099,Term 3 Social Studies : 5. Discovery of Fire,53,CBSE,Class 3,Integrated Subjects,Composite An Integrated Term Course,,53,Active,
7100,Term 3 Social Studies : 5. India and the United Nations,63,CBSE,Class 5,Integrated Subjects,Composite An Integrated Term Course,,63,Active,
7101,Term 3 Social Studies : 5. They Showed Us the Way,64,CBSE,Class 4,Integrated Subjects,Composite An Integrated Term Course,,64,Active,
7102,Term 3 Social Studies : 6. Our Government,65,CBSE,Class 4,Integrated Subjects,Composite An Integrated Term Course,,65,Active,
7103,Term 3 Social Studies : 6. The Revolt of 1857,64,CBSE,Class 5,Integrated Subjects,Composite An Integrated Term Course,,64,Active,
7104,Term 3 Social Studies : 6. The Story of Wheel,54,CBSE,Class 3,Integrated Subjects,Composite An Integrated Term Course,,54,Active,
7105,Term 3 Social Studies : 7. Beginning Of the Freedom Struggle,65,CBSE,Class 5,Integrated Subjects,Composite An Integrated Term Course,,65,Active,
7106,"Term 3 Social Studies : 7. Our Goals, Right and Duties",66,CBSE,Class 4,Integrated Subjects,Composite An Integrated Term Course,,66,Active,
7107,Term 3 Social Studies : 8. India Wins Freedom,66,CBSE,Class 5,Integrated Subjects,Composite An Integrated Term Course,,66,Active,
7108,Term 3 Social Studies : 8. Our National Symbols,67,CBSE,Class 4,Integrated Subjects,Composite An Integrated Term Course,,67,Active,
7109,Term 3 English : 1. A Tale of Tails,33,CBSE,Class 2,Integrated Subjects,Composite An Integrated Term Course,,33,Active,
7110,Term 3 English : 1. The Moon Came from Heaven,35,CBSE,Class 1,Integrated Subjects,Composite An Integrated Term Course,,35,Active,
7111,Term 3 English : 1. The Shrewd Farmer,42,CBSE,Class 5,Integrated Subjects,Composite An Integrated Term Course,,42,Active,
7112,Term 3 English : 1. The South American Parakeet,43,CBSE,Class 3,Integrated Subjects,Composite An Integrated Term Course,,43,Active,
7113,Term 3 English : 1. The Totto chan,45,CBSE,Class 4,Integrated Subjects,Composite An Integrated Term Course,,45,Active,
7114,Term 3 English : 2. Bela's Birthday,36,CBSE,Class 1,Integrated Subjects,Composite An Integrated Term Course,,36,Active,
7115,Term 3 English : 2. Somewhere,46,CBSE,Class 4,Integrated Subjects,Composite An Integrated Term Course,,46,Active,
7116,Term 3 English : 2. The Store,34,CBSE,Class 2,Integrated Subjects,Composite An Integrated Term Course,,34,Active,
7117,"Term 3 English : 2. Twinkle, Twinkle",43,CBSE,Class 5,Integrated Subjects,Composite An Integrated Term Course,,43,Active,
7118,Term 3 English : 2.The Song of the Engine,44,CBSE,Class 3,Integrated Subjects,Composite An Integrated Term Course,,44,Active,
7119,Term 3 English : 3. Angry Wind,35,CBSE,Class 2,Integrated Subjects,Composite An Integrated Term Course,,35,Active,
7120,Term 3 English : 3. Grandfather's House,45,CBSE,Class 3,Integrated Subjects,Composite An Integrated Term Course,,45,Active,
7121,Term 3 English : 3. Greek Legends,44,CBSE,Class 5,Integrated Subjects,Composite An Integrated Term Course,,44,Active,
7122,Term 3 English : 3. The Lucky Little Shop,37,CBSE,Class 1,Integrated Subjects,Composite An Integrated Term Course,,37,Active,
7123,Term 3 English : 3. The Nurse,47,CBSE,Class 4,Integrated Subjects,Composite An Integrated Term Course,,47,Active,
7124,Term 3 English : 4. A Holiday,36,CBSE,Class 2,Integrated Subjects,Composite An Integrated Term Course,,36,Active,
7125,Term 3 English : 4. Pippi Finds a Spink,45,CBSE,Class 5,Integrated Subjects,Composite An Integrated Term Course,,45,Active,
7126,Term 3 English : 4. Tenali Raman,46,CBSE,Class 3,Integrated Subjects,Composite An Integrated Term Course,,46,Active,
7127,Term 3 English : 4. The Caterpillar,48,CBSE,Class 4,Integrated Subjects,Composite An Integrated Term Course,,48,Active,
7128,Term 3 English : 4. The Hare and the Tortoise,38,CBSE,Class 1,Integrated Subjects,Composite An Integrated Term Course,,38,Active,
7129,Term 3 English : 5. The Marks of a Tiger,39,CBSE,Class 1,Integrated Subjects,Composite An Integrated Term Course,,39,Active,
7130,Term 3 English : 5. The Snowdrop,47,CBSE,Class 3,Integrated Subjects,Composite An Integrated Term Course,,47,Active,
7131,Term 3 English : 5. The Wind and the Sun,37,CBSE,Class 2,Integrated Subjects,Composite An Integrated Term Course,,37,Active,
7132,Term 3 English : 5. Windy Nights,49,CBSE,Class 4,Integrated Subjects,Composite An Integrated Term Course,,49,Active,
7133,Term 3 English : 5. Zebra Quesion,46,CBSE,Class 5,Integrated Subjects,Composite An Integrated Term Course,,46,Active,
7134,Term 3 English : 6. Make Room for Elephants,48,CBSE,Class 3,Integrated Subjects,Composite An Integrated Term Course,,48,Active,
7135,Term 3 English : 6. The Little Mimic,50,CBSE,Class 4,Integrated Subjects,Composite An Integrated Term Course,,50,Active,
7136,Term 3 English : 6. The Rice Cakes,47,CBSE,Class 5,Integrated Subjects,Composite An Integrated Term Course,,47,Active,
7137,Term 3 English : 6. This is My Story,38,CBSE,Class 2,Integrated Subjects,Composite An Integrated Term Course,,38,Active,
7138,Term 3 English : 6. Two Sides,40,CBSE,Class 1,Integrated Subjects,Composite An Integrated Term Course,,40,Active,
7139,Term 3 English : 7. My Pet Dinosaur,39,CBSE,Class 2,Integrated Subjects,Composite An Integrated Term Course,,39,Active,
7140,Term 3 English : 7. The Lonely Duckling,41,CBSE,Class 1,Integrated Subjects,Composite An Integrated Term Course,,41,Active,
7141,Term 3 English : 8. In the Sky,40,CBSE,Class 2,Integrated Subjects,Composite An Integrated Term Course,,40,Active,
7142,Term 3 English : 8. Something Sweet to Eat,42,CBSE,Class 1,Integrated Subjects,Composite An Integrated Term Course,,42,Active,
7143,Term 3 Environmental Studies : 1. My School,43,CBSE,Class 1,Integrated Subjects,Composite An Integrated Term Course,,43,Active,
7144,Term 3 Environmental Studies : 1. Parts of a Plant,41,CBSE,Class 2,Integrated Subjects,Composite An Integrated Term Course,,41,Active,
7145,Term 3 Environmental Studies : 2. Amazing World of Animals,44,CBSE,Class 1,Integrated Subjects,Composite An Integrated Term Course,,44,Active,
7146,Term 3 Environmental Studies : 2. Materials,42,CBSE,Class 2,Integrated Subjects,Composite An Integrated Term Course,,42,Active,
7147,Term 3 Environmental Studies : 3. Changes Around Me,43,CBSE,Class 2,Integrated Subjects,Composite An Integrated Term Course,,43,Active,
7148,Term 3 Environmental Studies : 3. Plants Around Us,45,CBSE,Class 1,Integrated Subjects,Composite An Integrated Term Course,,45,Active,
7149,Term 3 Environmental Studies : 4. Air,44,CBSE,Class 2,Integrated Subjects,Composite An Integrated Term Course,,44,Active,
7150,Term 3 Environmental Studies : 4. Travelling is Fun,46,CBSE,Class 1,Integrated Subjects,Composite An Integrated Term Course,,46,Active,
7151,Term 3 Environmental Studies : 5. Time,47,CBSE,Class 1,Integrated Subjects,Composite An Integrated Term Course,,47,Active,
7152,Term 3 Environmental Studies : 5. Water,45,CBSE,Class 2,Integrated Subjects,Composite An Integrated Term Course,,45,Active,
7153,Term 3 Environmental Studies : 6. Animals,46,CBSE,Class 2,Integrated Subjects,Composite An Integrated Term Course,,46,Active,
7154,Term 3 Environmental Studies : 6. Directions,48,CBSE,Class 1,Integrated Subjects,Composite An Integrated Term Course,,48,Active,
7155,Term 3 Environmental Studies : 7. In the Sky,49,CBSE,Class 1,Integrated Subjects,Composite An Integrated Term Course,,49,Active,
7156,Term 3 Environmental Studies : 7. Time,47,CBSE,Class 2,Integrated Subjects,Composite An Integrated Term Course,,47,Active,
7157,Term 3 Environmental Studies : 8. Measurement,48,CBSE,Class 2,Integrated Subjects,Composite An Integrated Term Course,,48,Active,
7158,Term 3 Mathematics : 1 Measurement,49,CBSE,Class 2,Integrated Subjects,Composite An Integrated Term Course,,49,Active,
7159,Term 3 Mathematics : 2 Geometry,50,CBSE,Class 2,Integrated Subjects,Composite An Integrated Term Course,,50,Active,
7160,Term 3 Mathematics : 3 Time,51,CBSE,Class 2,Integrated Subjects,Composite An Integrated Term Course,,51,Active,
7161,Term 3 Mathematics : 4 Money,52,CBSE,Class 2,Integrated Subjects,Composite An Integrated Term Course,,52,Active,
7162,Term 3 Mathematics : 5 Data Handling,53,CBSE,Class 2,Integrated Subjects,Composite An Integrated Term Course,,53,Active,
7163,Term 3 Mathematics : 1 Number up to 100,50,CBSE,Class 1,Integrated Subjects,Composite An Integrated Term Course,,50,Active,
7164,Term 3 Mathematics : 1. Geometry,60,CBSE,Class 3,Integrated Subjects,Composite An Integrated Term Course,,60,Active,
7165,Term 3 Mathematics : 1. Patterns,51,CBSE,Class 4,Integrated Subjects,Composite An Integrated Term Course,,51,Active,
7166,Term 3 Mathematics : 1. Perimeter and Area,48,CBSE,Class 5,Integrated Subjects,Composite An Integrated Term Course,,48,Active,
7167,Term 3 Mathematics : 2 Addition and Subtraction up to 99,51,CBSE,Class 1,Integrated Subjects,Composite An Integrated Term Course,,51,Active,
7168,Term 3 Mathematics : 2. Measurement,52,CBSE,Class 4,Integrated Subjects,Composite An Integrated Term Course,,52,Active,
7169,Term 3 Mathematics : 2. Measurement Of Volume,49,CBSE,Class 5,Integrated Subjects,Composite An Integrated Term Course,,49,Active,
7170,Term 3 Mathematics : 2. Patterns,61,CBSE,Class 3,Integrated Subjects,Composite An Integrated Term Course,,61,Active,
7171,Term 3 Mathematics : 3 Measurement,52,CBSE,Class 1,Integrated Subjects,Composite An Integrated Term Course,,52,Active,
7172,Term 3 Mathematics : 3. Measurement,62,CBSE,Class 3,Integrated Subjects,Composite An Integrated Term Course,,62,Active,
7173,Term 3 Mathematics : 3. Temperature,50,CBSE,Class 5,Integrated Subjects,Composite An Integrated Term Course,,50,Active,
7174,Term 3 Mathematics : 3. Time,53,CBSE,Class 4,Integrated Subjects,Composite An Integrated Term Course,,53,Active,
7175,Term 3 Mathematics : 4 Time,53,CBSE,Class 1,Integrated Subjects,Composite An Integrated Term Course,,53,Active,
7176,Term 3 Mathematics : 4. Money,54,CBSE,Class 4,Integrated Subjects,Composite An Integrated Term Course,,54,Active,
7177,Term 3 Mathematics : 4. Time,63,CBSE,Class 3,Integrated Subjects,Composite An Integrated Term Course,,63,Active,
7178,Term 3 Mathematics : 4. Time,51,CBSE,Class 5,Integrated Subjects,Composite An Integrated Term Course,,51,Active,
7179,Term 3 Mathematics : 5 Money,54,CBSE,Class 1,Integrated Subjects,Composite An Integrated Term Course,,54,Active,
7180,Term 3 Mathematics : 5. Money,64,CBSE,Class 3,Integrated Subjects,Composite An Integrated Term Course,,64,Active,
7181,Term 3 Mathematics : 5. Money,52,CBSE,Class 5,Integrated Subjects,Composite An Integrated Term Course,,52,Active,
7182,Term 3 Mathematics : 5. Pictorial Representation of Data,55,CBSE,Class 4,Integrated Subjects,Composite An Integrated Term Course,,55,Active,
7183,Term 3 Mathematics : 6. Data Handling,65,CBSE,Class 3,Integrated Subjects,Composite An Integrated Term Course,,65,Active,
7184,Term 3 Mathematics : 6. Data Handling,53,CBSE,Class 5,Integrated Subjects,Composite An Integrated Term Course,,53,Active,
7185,Term 3 Science : 1. Force and Machines,54,CBSE,Class 5,Integrated Subjects,Composite An Integrated Term Course,,54,Active,
7186,"Term 3 Science : 1. Force, Work and Energy",56,CBSE,Class 4,Integrated Subjects,Composite An Integrated Term Course,,56,Active,
7187,"Term 3 Science : 1. Light, Sound and Force",55,CBSE,Class 3,Integrated Subjects,Composite An Integrated Term Course,,55,Active,
7188,Term 3 Science : 2. Air and Water,55,CBSE,Class 5,Integrated Subjects,Composite An Integrated Term Course,,55,Active,
7189,"Term 3 Science : 2. Air, Water and Weather",57,CBSE,Class 4,Integrated Subjects,Composite An Integrated Term Course,,57,Active,
7190,Term 3 Science : 2. Measurement,56,CBSE,Class 3,Integrated Subjects,Composite An Integrated Term Course,,56,Active,
7191,"Term 3 Science : 3. Air, Water and Weather",57,CBSE,Class 3,Integrated Subjects,Composite An Integrated Term Course,,57,Active,
7192,"Term 3 Science : 3. The Earth, The Sun and The Moon",56,CBSE,Class 5,Integrated Subjects,Composite An Integrated Term Course,,56,Active,
7193,Term 3 Science : 3. The Solar System,58,CBSE,Class 4,Integrated Subjects,Composite An Integrated Term Course,,58,Active,
7194,Term 3 Science : 4. Green and Clean Earth,59,CBSE,Class 4,Integrated Subjects,Composite An Integrated Term Course,,59,Active,
7195,Term 3 Science : 4. National Calamities,57,CBSE,Class 5,Integrated Subjects,Composite An Integrated Term Course,,57,Active,
7196,"Term 3 Science : 4. The Sun, Moon and Stars",58,CBSE,Class 3,Integrated Subjects,Composite An Integrated Term Course,,58,Active,
7197,Term 3 Science : 5. Our Environment,58,CBSE,Class 5,Integrated Subjects,Composite An Integrated Term Course,,58,Active,
7198,Term 3 Science : 5. The Earth,59,CBSE,Class 3,Integrated Subjects,Composite An Integrated Term Course,,59,Active,
7199,Thank God,1,CBSE,Class 1,Moral Science,My Book of Life Skills,,1,Active,
7200,THEME 1 : INTRODUCTION TO CHEMISTRY,1,ICSE,Class 6,Science,Learning Elementary Chemistry (2023-24),,1,Active,
7201,THEME 1 : MATTER,1,ICSE,Class 8,Science,Learning Elementary Chemistry (2023-24),,1,Active,
7202,THEME 1 : MATTER AND ITS COMPOSITION,1,ICSE,Class 7,Science,Learning Elementary Chemistry (2023-24),,1,Active,
7203,"THEME 2 : ELEMENTS, COMPOUNDS AND MIXTURES",2,ICSE,Class 6,Science,Learning Elementary Chemistry (2023-24),,2,Active,
7204,THEME 2 : PHYSICAL AND CHEMICAL CHANGES,2,ICSE,Class 7,Science,Learning Elementary Chemistry (2023-24),,2,Active,
7205,THEME 2 : PHYSICAL AND CHEMICAL CHANGES,2,ICSE,Class 8,Science,Learning Elementary Chemistry (2023-24),,2,Active,
7206,"THEME 3 : ELEMENTS, COMPOUNDS AND MIXTURES",3,ICSE,Class 7,Science,Learning Elementary Chemistry (2023-24),,3,Active,
7207,"THEME 3 : ELEMENTS, COMPOUNDS AND MIXTURES",3,ICSE,Class 8,Science,Learning Elementary Chemistry (2023-24),,3,Active,
7208,THEME 3 : MATTER,3,ICSE,Class 6,Science,Learning Elementary Chemistry (2023-24),,3,Active,
7209,THEME 4 : ATOMIC STRUCTURE,4,ICSE,Class 7,Science,Learning Elementary Chemistry (2023-24),,4,Active,
7210,THEME 4 : ATOMIC STRUCTURE,4,ICSE,Class 8,Science,Learning Elementary Chemistry (2023-24),,4,Active,
7211,THEME 4 : WATER,4,ICSE,Class 6,Science,Learning Elementary Chemistry (2023-24),,4,Active,
7212,THEME 5 : AIR AND ATMOSPHERE,5,ICSE,Class 6,Science,Learning Elementary Chemistry (2023-24),,5,Active,
7213,THEME 5 : LANGUAGE OF CHEMISTRY,5,ICSE,Class 7,Science,Learning Elementary Chemistry (2023-24),,5,Active,
7214,THEME 5 : LANGUAGE OF CHEMISTRY,5,ICSE,Class 8,Science,Learning Elementary Chemistry (2023-24),,5,Active,
7215,THEME 6 : CHEMICAL REACTIONS,6,ICSE,Class 8,Science,Learning Elementary Chemistry (2023-24),,6,Active,
7216,THEME 6 : METALS AND NON METALS,6,ICSE,Class 7,Science,Learning Elementary Chemistry (2023-24),,6,Active,
7217,THEME 7 : AIR AND ATMOSPHERE,7,ICSE,Class 7,Science,Learning Elementary Chemistry (2023-24),,7,Active,
7218,THEME 7 : HYDROGEN,7,ICSE,Class 8,Science,Learning Elementary Chemistry (2023-24),,7,Active,
7219,THEME 8 : WATER,8,ICSE,Class 8,Science,Learning Elementary Chemistry (2023-24),,8,Active,
7220,THEME 9 : CARBON AND ITS COMPOUNDS,9,ICSE,Class 8,Science,Learning Elementary Chemistry (2023-24),,9,Active,
7221,Trace and Enjoy,3,CBSE,LKG,Kindergarten,Zig Zag Zoom,,8,Active,
7222,Trace and Enjoy,3,CBSE,UKG,Kindergarten,Zig Zag Zoom,,3,Active,
7223,Trace and Enjoy : Chapter 1 A a,1,CBSE,LKG,Kindergarten,Zig Zag Zoom,,1,Active,
7224,Trace and Enjoy : Chapter 1 A a,1,CBSE,UKG,Kindergarten,Zig Zag Zoom,,1,Active,
7225,Trace and Enjoy : Chapter 10 J j,10,CBSE,LKG,Kindergarten,Zig Zag Zoom,,10,Active,
7226,Trace and Enjoy : Chapter 10 J j,10,CBSE,UKG,Kindergarten,Zig Zag Zoom,,10,Active,
7227,Trace and Enjoy : Chapter 11 K k,11,CBSE,LKG,Kindergarten,Zig Zag Zoom,,11,Active,
7228,Trace and Enjoy : Chapter 11 K k,11,CBSE,UKG,Kindergarten,Zig Zag Zoom,,11,Active,
7229,Trace and Enjoy : Chapter 12 L l,12,CBSE,LKG,Kindergarten,Zig Zag Zoom,,12,Active,
7230,Trace and Enjoy : Chapter 12 L l,12,CBSE,UKG,Kindergarten,Zig Zag Zoom,,12,Active,
7231,Trace and Enjoy : Chapter 13 M m,13,CBSE,LKG,Kindergarten,Zig Zag Zoom,,13,Active,
7232,Trace and Enjoy : Chapter 13 M m,13,CBSE,UKG,Kindergarten,Zig Zag Zoom,,13,Active,
7233,Trace and Enjoy : Chapter 14 N n,14,CBSE,UKG,Kindergarten,Zig Zag Zoom,,14,Active,
7234,Trace and Enjoy : Chapter 14 N n,14,CBSE,LKG,Kindergarten,Zig Zag Zoom,,14,Active,
7235,Trace and Enjoy : Chapter 15 O o,15,CBSE,UKG,Kindergarten,Zig Zag Zoom,,15,Active,
7236,Trace and Enjoy : Chapter 15 O o,15,CBSE,LKG,Kindergarten,Zig Zag Zoom,,15,Active,
7237,Trace and Enjoy : Chapter 16 P p,16,CBSE,UKG,Kindergarten,Zig Zag Zoom,,16,Active,
7238,Trace and Enjoy : Chapter 16 P p,16,CBSE,LKG,Kindergarten,Zig Zag Zoom,,16,Active,
7239,Trace and Enjoy : Chapter 17 Q q,17,CBSE,UKG,Kindergarten,Zig Zag Zoom,,17,Active,
7240,Trace and Enjoy : Chapter 17 Q q,17,CBSE,LKG,Kindergarten,Zig Zag Zoom,,17,Active,
7241,Trace and Enjoy : Chapter 18 R r,18,CBSE,UKG,Kindergarten,Zig Zag Zoom,,18,Active,
7242,Trace and Enjoy : Chapter 18 R r,18,CBSE,LKG,Kindergarten,Zig Zag Zoom,,18,Active,
7243,Trace and Enjoy : Chapter 19 S s,19,CBSE,UKG,Kindergarten,Zig Zag Zoom,,19,Active,
7244,Trace and Enjoy : Chapter 19 S s,19,CBSE,LKG,Kindergarten,Zig Zag Zoom,,19,Active,
7245,Trace and Enjoy : Chapter 2 B b,2,CBSE,LKG,Kindergarten,Zig Zag Zoom,,2,Active,
7246,Trace and Enjoy : Chapter 2 B b,2,CBSE,UKG,Kindergarten,Zig Zag Zoom,,2,Active,
7247,Trace and Enjoy : Chapter 20 T t,20,CBSE,UKG,Kindergarten,Zig Zag Zoom,,20,Active,
7248,Trace and Enjoy : Chapter 20 T t,20,CBSE,LKG,Kindergarten,Zig Zag Zoom,,20,Active,
7249,Trace and Enjoy : Chapter 21 U u,21,CBSE,UKG,Kindergarten,Zig Zag Zoom,,21,Active,
7250,Trace and Enjoy : Chapter 21 U u,21,CBSE,LKG,Kindergarten,Zig Zag Zoom,,21,Active,
7251,Trace and Enjoy : Chapter 22 V v,22,CBSE,UKG,Kindergarten,Zig Zag Zoom,,22,Active,
7252,Trace and Enjoy : Chapter 22 V v,22,CBSE,LKG,Kindergarten,Zig Zag Zoom,,22,Active,
7253,Trace and Enjoy : Chapter 23 W w,23,CBSE,UKG,Kindergarten,Zig Zag Zoom,,23,Active,
7254,Trace and Enjoy : Chapter 23 W w,23,CBSE,LKG,Kindergarten,Zig Zag Zoom,,23,Active,
7255,Trace and Enjoy : Chapter 24 X x,24,CBSE,UKG,Kindergarten,Zig Zag Zoom,,24,Active,
7256,Trace and Enjoy : Chapter 24 X x,24,CBSE,LKG,Kindergarten,Zig Zag Zoom,,24,Active,
7257,Trace and Enjoy : Chapter 25 Y y,25,CBSE,UKG,Kindergarten,Zig Zag Zoom,,25,Active,
7258,Trace and Enjoy : Chapter 25 Y y,25,CBSE,LKG,Kindergarten,Zig Zag Zoom,,25,Active,
7259,Trace and Enjoy : Chapter 26 Z z,26,CBSE,UKG,Kindergarten,Zig Zag Zoom,,26,Active,
7260,Trace and Enjoy : Chapter 26 Z z,26,CBSE,LKG,Kindergarten,Zig Zag Zoom,,26,Active,
7261,Trace and Enjoy : Chapter 3 C c,3,CBSE,LKG,Kindergarten,Zig Zag Zoom,,3,Active,
7262,Trace and Enjoy : Chapter 3 C c,3,CBSE,UKG,Kindergarten,Zig Zag Zoom,,3,Active,
7263,Trace and Enjoy : Chapter 4 D d,4,CBSE,LKG,Kindergarten,Zig Zag Zoom,,4,Active,
7264,Trace and Enjoy : Chapter 4 D d,4,CBSE,UKG,Kindergarten,Zig Zag Zoom,,4,Active,
7265,Trace and Enjoy : Chapter 5 E e,5,CBSE,LKG,Kindergarten,Zig Zag Zoom,,5,Active,
7266,Trace and Enjoy : Chapter 5 E e,5,CBSE,UKG,Kindergarten,Zig Zag Zoom,,5,Active,
7267,Trace and Enjoy : Chapter 6 F f,6,CBSE,LKG,Kindergarten,Zig Zag Zoom,,6,Active,
7268,Trace and Enjoy : Chapter 6 F f,6,CBSE,UKG,Kindergarten,Zig Zag Zoom,,6,Active,
7269,Trace and Enjoy : Chapter 7 G g,7,CBSE,LKG,Kindergarten,Zig Zag Zoom,,7,Active,
7270,Trace and Enjoy : Chapter 7 G g,7,CBSE,UKG,Kindergarten,Zig Zag Zoom,,7,Active,
7271,Trace and Enjoy : Chapter 8 H h,8,CBSE,LKG,Kindergarten,Zig Zag Zoom,,8,Active,
7272,Trace and Enjoy : Chapter 8 H h,8,CBSE,UKG,Kindergarten,Zig Zag Zoom,,8,Active,
7273,Trace and Enjoy : Chapter 9 I i,9,CBSE,LKG,Kindergarten,Zig Zag Zoom,,9,Active,
7274,Trace and Enjoy : Chapter 9 I i,9,CBSE,UKG,Kindergarten,Zig Zag Zoom,,9,Active,
7275,Unit  I Digital Documentation (Advanced),1,CBSE,Class 10,Information Technology,Basics of Information Technology Open Office for (For Acad. Year 2023-24),,1,Active,
7276,Unit  I Introduction to IT ITes Industry,1,CBSE,Class 9,Information Technology,Basics of Information Technology Open Office for (For Acad. Year 2023-24),,1,Active,
7277,Unit  II Data Entry and Keyboarding Skills,2,CBSE,Class 9,Information Technology,Basics of Information Technology Open Office for (For Acad. Year 2023-24),,2,Active,
7278,Unit  II Electronic Spreadsheet (Advanced),2,CBSE,Class 10,Information Technology,Basics of Information Technology Open Office for (For Acad. Year 2023-24),,2,Active,
7279,Unit  III Database Management System,3,CBSE,Class 10,Information Technology,Basics of Information Technology Open Office for (For Acad. Year 2023-24),,3,Active,
7280,Unit  III Digital Documentation,3,CBSE,Class 9,Information Technology,Basics of Information Technology Open Office for (For Acad. Year 2023-24),,3,Active,
7281,Unit  IV Electronic Spreadsheet,4,CBSE,Class 9,Information Technology,Basics of Information Technology Open Office for (For Acad. Year 2023-24),,4,Active,
7282,Unit  IV Web Applications and Security,4,CBSE,Class 10,Information Technology,Basics of Information Technology Open Office for (For Acad. Year 2023-24),,4,Active,
7283,Unit  IV Web Applications and Security,4,CBSE,Class 10,Information Technology,Concepts in Information Technology (For Acad. Year 2023-24),,4,Active,
7284,Unit  l Digital Documentation (Advanced),1,CBSE,Class 10,Information Technology,Concepts in Information Technology (For Acad. Year 2023-24),,1,Active,
7285,Unit  ll Electronic Spreadsheet (Advanced),2,CBSE,Class 10,Information Technology,Concepts in Information Technology (For Acad. Year 2023-24),,2,Active,
7286,Unit  lll Electronic Spreadsheet (Advanced),3,CBSE,Class 10,Information Technology,Concepts in Information Technology (For Acad. Year 2023-24),,3,Active,
7287,Unit  V Digital Presentation,5,CBSE,Class 9,Information Technology,Basics of Information Technology Open Office for (For Acad. Year 2023-24),,5,Active,
7288,Unit II Data Entry and Keyboarding Skills,2,CBSE,Class 9,Information Technology,Concepts in Information Technology (For Acad. Year 2023-24),,2,Active,
7289,Unit II Data Entry and Keyboarding Skills,2,CBSE,Class 9,Information Technology,Fundamentals of Information Technology MS Office for (For Acad. Year 2023-24),,2,Active,
7290,Unit II Electronic Spreadsheet (Advanced},2,CBSE,Class 10,Information Technology,Fundamentals of Information Technology MS Office for (For Acad. Year 2023-24),,2,Active,
7291,Unit IV Electronic Spreadsheet,4,CBSE,Class 9,Information Technology,Fundamentals of Information Technology MS Office for (For Acad. Year 2023-24),,4,Active,
7292,Unit lll Digital Documentation,3,CBSE,Class 9,Information Technology,Concepts in Information Technology (For Acad. Year 2023-24),,3,Active,
7293,Unit lll Digital Documentation,3,CBSE,Class 9,Information Technology,Fundamentals of Information Technology MS Office for (For Acad. Year 2023-24),,3,Active,
7294,Unit IV Electronic Spreadsheet,4,CBSE,Class 9,Information Technology,Concepts in Information Technology (For Acad. Year 2023-24),,4,Active,
7295,Unit 1 Digital Documentation (Advanced),1,CBSE,Class 10,Information Technology,Fundamentals of Information Technology MS Office for (For Acad. Year 2023-24),,1,Active,
7296,Unit I Introduction to IT ITes Industry,1,CBSE,Class 9,Information Technology,Concepts in Information Technology (For Acad. Year 2023-24),,1,Active,
7297,Unit I Introduction to IT ITes Industry,1,CBSE,Class 9,Information Technology,Fundamentals of Information Technology MS Office for (For Acad. Year 2023-24),,1,Active,
7298,Unit IV Web Applications and Security,4,CBSE,Class 10,Information Technology,Fundamentals of Information Technology MS Office for (For Acad. Year 2023-24),,4,Active,
7299,Unit lll Database Management System,3,CBSE,Class 10,Information Technology,Fundamentals of Information Technology MS Office for (For Acad. Year 2023-24),,3,Active,
7300,Unit V Digital Presentation,5,CBSE,Class 9,Information Technology,Concepts in Information Technology (For Acad. Year 2023-24),,5,Active,
7301,Unit V Digital Presentation,5,CBSE,Class 9,Information Technology,Fundamentals of Information Technology MS Office for (For Acad. Year 2023-24),,5,Active,
7302,Using Computers  Dos and Donts,4,ICSE,Class 1,Computer Science,My Book of Computer Studies,,4,Active,
7303,VERBS,2,CBSE,Class 3,English,Grammar Success with Composition,,2,Active,
7304,VERBS,4,CBSE,Class 6,English,Grammar Success with Composition,,4,Active,
7305,Water,9,ICSE,Class 8,Chemistry,Learning Elementary Chemistry,,9,Active,
7306,पाठ 1 आगे बढ़ते जाएँगे,1,ICSE,Class 6,Hindi,Saroj Hindi Pathmala,,1,Active,
7307,पाठ 10 हींग वाला,10,ICSE,Class 6,Hindi,Saroj Hindi Pathmala,,10,Active,
7308,पाठ 11 भारत का नवोदित टेनिस सितारा  युकी भांबरी,11,ICSE,Class 6,Hindi,Saroj Hindi Pathmala,,11,Active,
7309,पाठ 12 लुई ब्रेल,12,ICSE,Class 6,Hindi,Saroj Hindi Pathmala,,12,Active,
7310,पाठ 13 एवेरेस्ट से भी ऊँचे सपनों की दास्तान,13,ICSE,Class 6,Hindi,Saroj Hindi Pathmala,,13,Active,
7311,पाठ 14 दोहे,14,ICSE,Class 6,Hindi,Saroj Hindi Pathmala,,14,Active,
7312,पाठ 15 लाइव टेलीकास्ट,15,ICSE,Class 6,Hindi,Saroj Hindi Pathmala,,15,Active,
7313,पाठ 16 जाने अनजाने,16,ICSE,Class 6,Hindi,Saroj Hindi Pathmala,,16,Active,
7314,पाठ 2 सौ झॉलें,2,ICSE,Class 6,Hindi,Saroj Hindi Pathmala,,2,Active,
7315,पाठ 3 स्वावलंबन,3,ICSE,Class 6,Hindi,Saroj Hindi Pathmala,,3,Active,
7316,पाठ 4 एक किरन,4,ICSE,Class 6,Hindi,Saroj Hindi Pathmala,,4,Active,
7317,पाठ 5 द्वित्व व्यंजन,5,CBSE,Class 3,Hindi,Meri Apni Hindi,,5,Active,
7318,पाठ 5 मैं बनी हनुमान,5,ICSE,Class 6,Hindi,Saroj Hindi Pathmala,,5,Active,
7319,पाठ 6 वे तीन दिन,6,ICSE,Class 6,Hindi,Saroj Hindi Pathmala,,6,Active,
7320,पाठ 7 ईमानदार बालक,7,ICSE,Class 6,Hindi,Saroj Hindi Pathmala,,7,Active,
7321,पाठ 8 राजकुमारी रत्नावली,8,ICSE,Class 6,Hindi,Saroj Hindi Pathmala,,8,Active,
7322,पाठ 9 राई और पर्वत,9,ICSE,Class 6,Hindi,Saroj Hindi Pathmala,,9,Active,
7323,पाठ 1 इंद्रधनुष,1,ICSE,Class 7,Hindi,Saroj Hindi Pathmala,,1,Active,
7324,पाठ 1 एक बूँद,1,CBSE,Class 8,Hindi,Meri Apni Hindi,,1,Active,
7325,पाठ 1 किसको नमन करू मैं,1,ICSE,Class 8,Hindi,Saroj Hindi Pathmala,,1,Active,
7326,पाठ 1 कोई नहीं पराया,1,CBSE,Class 7,Hindi,Nikunj Hindi Pathmala (2023-24),,1,Active,
7327,पाठ 1 देश बड़ा हो जायेगा,1,CBSE,Class 5,Hindi,Meri Apni Hindi,,1,Active,
7328,पाठ 1 देश हमारा,1,CBSE,Class 7,Hindi,Meri Apni Hindi,,1,Active,
7329,पाठ 1 प्रकृति का संदेश,1,CBSE,Class 6,Hindi,Meri Apni Hindi,,1,Active,
7330,पाठ 1 भाषा,1,CBSE,Class 1,Hindi,Hindi Vyakaran Sudha (For Acad. Year 2023-24),,1,Active,
7331,पाठ 1 भाषा,1,CBSE,Class 2,Hindi,Hindi Vyakaran Sudha (For Acad. Year 2023-24),,1,Active,
7332,पाठ 1 भाषा,1,CBSE,Class 3,Hindi,Hindi Vyakaran Sudha (For Acad. Year 2023-24),,1,Active,
7333,पाठ 1 भाषा,1,CBSE,Class 4,Hindi,Hindi Vyakaran Sudha (For Acad. Year 2023-24),,1,Active,
7334,पाठ 1 भाषा,1,CBSE,Class 5,Hindi,Hindi Vyakaran Sudha (For Acad. Year 2023-24),,1,Active,
7335,पाठ 1 भाषा और लिपि,1,CBSE,Class 3,Hindi,Naveen Hindi Vyakaran Tatha Rachna (For Acad. Year 2023-24),,1,Active,
7336,पाठ 1 भाषा और व्याकरण,1,CBSE,Class 4,Hindi,Naveen Hindi Vyakaran Tatha Rachna (For Acad. Year 2023-24),,1,Active,
7337,"पाठ 1 भाषा, लिपि बोली और व्याकरण",1,CBSE,Class 7,Hindi,Naveen Hindi Vyakaran Tatha Rachna (For Acad. Year 2023-24),,1,Active,
7338,"पाठ 1 भाषा, लिपि और व्याकरण",1,CBSE,Class 6,Hindi,Naveen Hindi Vyakaran Tatha Rachna (For Acad. Year 2023-24),,1,Active,
7339,"पाठ 1 भाषा, लिपि और व्याकरण",1,CBSE,Class 5,Hindi,Naveen Hindi Vyakaran Tatha Rachna (For Acad. Year 2023-24),,1,Active,
7340,"पाठ 1 भाषा, लिपि, बोली और व्याकरण",1,CBSE,Class 8,Hindi,Naveen Hindi Vyakaran Tatha Rachna (For Acad. Year 2023-24),,1,Active,
7341,पाठ 1 भाषाए बोलीए लिपि और व्याकरण,1,CBSE,Class 7,Hindi,Hindi Vyakaran Sudha (For Acad. Year 2023-24),,1,Active,
7342,पाठ 1 भाषाए बोलीए लिपि और व्याकरण,1,CBSE,Class 8,Hindi,Hindi Vyakaran Sudha (For Acad. Year 2023-24),,1,Active,
7343,पाठ 1 भाषाए लिपि और व्याकरण,1,CBSE,Class 6,Hindi,Hindi Vyakaran Sudha (For Acad. Year 2023-24),,1,Active,
7344,पाठ 1 मम परिवारः मम गृहम् च,1,CBSE,Class 5,Sanskrit,Bal Sanskrit Kanika,,1,Active,
7345,पाठ 1 मैंने सीखा,1,CBSE,Class 6,Hindi,Nikunj Hindi Pathmala (2023-24),,1,Active,
7346,पाठ 1 वन्दे मातरम्,1,CBSE,Class 8,Sanskrit,Bal Sanskrit Kanika,,1,Active,
7347,पाठ 1 वर्णमाला,1,CBSE,Class 3,Hindi,Meri Apni Hindi,,1,Active,
7348,पाठ 1 वर्णमाला,1,CBSE,Class 1,Hindi,Veena Hindi Pathmala,,1,Active,
7349,पाठ 1 वृक्षारोपणम्,1,CBSE,Class 7,Sanskrit,Bal Sanskrit Kanika,,1,Active,
7350,"पाठ 1 सः, तौ, ते, एषः, एतौ, एते (क)",1,CBSE,Class 6,Sanskrit,Bal Sanskrit Kanika,,1,Active,
7351,पाठ 1 स्वर अ ऋ,1,CBSE,Class 1,Hindi,Meri Apni Hindi,,1,Active,
7352,पाठ 1 हम है नन्हे वीर सिपाही,1,CBSE,Class 4,Hindi,Meri Apni Hindi,,1,Active,
7353,पाठ 1 हँस रही उषा,1,CBSE,Class 8,Hindi,Nikunj Hindi Pathmala (2023-24),,1,Active,
7354,पाठ 1 एक किरण आई छाई,1,CBSE,Class 3,Hindi,Veena Hindi Pathmala,,1,Active,
7355,पाठ 1 एक एक,1,ICSE,Class 5,Hindi,Saroj Hindi Pathmala,,1,Active,
7356,पाठ 1 देश मेरा महान हैं,1,CBSE,Class 4,Hindi,Veena Hindi Pathmala,,1,Active,
7357,पाठ 1 ये पल जाते यहीं ठहर,1,CBSE,Class 5,Hindi,Veena Hindi Pathmala,,1,Active,
7358,पाठ 1 सूरज दादा,1,CBSE,Class 2,Hindi,Veena Hindi Pathmala,,1,Active,
7359,पाठ 1. आओ दोहराएँ  वर्णमाला,1,ICSE,Class 1,Hindi,Saroj Hindi Pathmala,,1,Active,
7360,"पाठ 1. हम अनेक, किंतु एक",1,ICSE,Class 4,Hindi,Saroj Hindi Pathmala,,1,Active,
7361,पाठ 1. हम हैं नन्हे वीर सिपाही,1,ICSE,Class 2,Hindi,Saroj Hindi Pathmala,,1,Active,
7362,पाठ 1. हुआ सवेरा,1,ICSE,Class 3,Hindi,Saroj Hindi Pathmala,,1,Active,
7363,पाठ 1.बिना मात्रा के शब्द,1,CBSE,Class 2,Hindi,Meri Apni Hindi,,1,Active,
7364,पाठ 10 काम करने या बताने वाले शब्द,10,CBSE,Class 1,Hindi,Hindi Vyakaran Sudha (For Acad. Year 2023-24),,10,Active,
7365,पाठ 10 काम वाले शब्द,10,CBSE,Class 2,Hindi,Hindi Vyakaran Sudha (For Acad. Year 2023-24),,10,Active,
7366,पाठ 10 गिनती,10,CBSE,Class 3,Hindi,Hindi Vyakaran Sudha (For Acad. Year 2023-24),,10,Active,
7367,पाठ 10 मुहावरे,10,CBSE,Class 4,Hindi,Hindi Vyakaran Sudha (For Acad. Year 2023-24),,10,Active,
7368,पाठ 10 मुहावरे,10,CBSE,Class 5,Hindi,Hindi Vyakaran Sudha (For Acad. Year 2023-24),,10,Active,
7369,पाठ 10 अतिरिक्त वर्ण  ड़ और ढ़,10,CBSE,Class 1,Hindi,Veena Hindi Pathmala,,10,Active,
7370,"पाठ 10 एते, ते, एताः, ताः",10,CBSE,Class 5,Sanskrit,Bal Sanskrit Kanika,,10,Active,
7371,पाठ 10 ओ (ओ की मात्रा),10,CBSE,Class 2,Hindi,Meri Apni Hindi,,10,Active,
7372,पाठ 10 किसको नमन करूँ मैं,10,CBSE,Class 8,Hindi,Nikunj Hindi Pathmala (2023-24),,10,Active,
7373,पाठ 10 के बुद्धिमत्तमाः,10,CBSE,Class 8,Sanskrit,Bal Sanskrit Kanika,,10,Active,
7374,पाठ 10 कौन जीता,10,CBSE,Class 3,Hindi,Meri Apni Hindi,,10,Active,
7375,पाठ 10 क्रिया,10,CBSE,Class 6,Hindi,Naveen Hindi Vyakaran Tatha Rachna (For Acad. Year 2023-24),,10,Active,
7376,पाठ 10 क्रिया,10,CBSE,Class 8,Hindi,Hindi Vyakaran Sudha (For Acad. Year 2023-24),,10,Active,
7377,पाठ 10 क्रिया,10,CBSE,Class 5,Hindi,Naveen Hindi Vyakaran Tatha Rachna (For Acad. Year 2023-24),,10,Active,
7378,पाठ 10 क्रियाविशेषण,10,CBSE,Class 4,Hindi,Naveen Hindi Vyakaran Tatha Rachna (For Acad. Year 2023-24),,10,Active,
7379,पाठ 10 गिनती गीत,10,CBSE,Class 1,Hindi,Meri Apni Hindi,,10,Active,
7380,पाठ 10 चतुर लड़की,10,CBSE,Class 6,Hindi,Meri Apni Hindi,,10,Active,
7381,पाठ 10 चश्मे की यात्रा,10,CBSE,Class 7,Hindi,Nikunj Hindi Pathmala (2023-24),,10,Active,
7382,पाठ 10 तमिलनाडु,10,CBSE,Class 7,Hindi,Meri Apni Hindi,,10,Active,
7383,पाठ 10 पोंगल की धूम,10,CBSE,Class 5,Hindi,Meri Apni Hindi,,10,Active,
7384,पाठ 10 प्रेरक प्रसंग,10,ICSE,Class 7,Hindi,Saroj Hindi Pathmala,,10,Active,
7385,पाठ 10 विशेषण,10,CBSE,Class 6,Hindi,Hindi Vyakaran Sudha (For Acad. Year 2023-24),,10,Active,
7386,पाठ 10 विशेषण,10,CBSE,Class 7,Hindi,Hindi Vyakaran Sudha (For Acad. Year 2023-24),,10,Active,
7387,पाठ 10 वृक्षाय नमः,10,CBSE,Class 6,Sanskrit,Bal Sanskrit Kanika,,10,Active,
7388,पाठ 10 व्यवस्था को आखिर कौन बदलेगा,10,ICSE,Class 8,Hindi,Saroj Hindi Pathmala,,10,Active,
7389,पाठ 10 शुद्ध अशुद्ध,10,CBSE,Class 3,Hindi,Naveen Hindi Vyakaran Tatha Rachna (For Acad. Year 2023-24),,10,Active,
7390,पाठ 10 संज्ञा  विकार : लिंग,10,CBSE,Class 8,Hindi,Naveen Hindi Vyakaran Tatha Rachna (For Acad. Year 2023-24),,10,Active,
7391,पाठ 10 संज्ञा  विकार : वचन,10,CBSE,Class 7,Hindi,Naveen Hindi Vyakaran Tatha Rachna (For Acad. Year 2023-24),,10,Active,
7392,पाठ 10 सुदासः,10,CBSE,Class 7,Sanskrit,Bal Sanskrit Kanika,,10,Active,
7393,पाठ 10 स्टीफन हॉकिंग,10,CBSE,Class 8,Hindi,Meri Apni Hindi,,10,Active,
7394,पाठ 10 स्टैचू ऑफ यूनिटी,10,CBSE,Class 4,Hindi,Meri Apni Hindi,,10,Active,
7395,पाठ 10 स्वावलंबन,10,CBSE,Class 6,Hindi,Nikunj Hindi Pathmala (2023-24),,10,Active,
7396,पाठ 10 गुस्से का अंत,10,CBSE,Class 3,Hindi,Veena Hindi Pathmala,,10,Active,
7397,पाठ 10 तैरते जहाज डूबते चम्मच,10,CBSE,Class 5,Hindi,Veena Hindi Pathmala,,10,Active,
7398,पाठ 10 बीरबल की चतुराई,10,ICSE,Class 4,Hindi,Saroj Hindi Pathmala,,10,Active,
7399,पाठ 10 मछली का अभियान,10,CBSE,Class 2,Hindi,Veena Hindi Pathmala,,9,Active,
7400,पाठ 10 मेट्रो की कहानी: मेट्रो की ज़बानी,10,ICSE,Class 5,Hindi,Saroj Hindi Pathmala,,10,Active,
7401,पाठ 10 हम सब सुमन,10,CBSE,Class 4,Hindi,Veena Hindi Pathmala,,10,Active,
7402,पाठ 10. अमृतसर,10,ICSE,Class 3,Hindi,Saroj Hindi Pathmala,,10,Active,
7403,पाठ 10. चींटी और हाथी,10,ICSE,Class 2,Hindi,Saroj Hindi Pathmala,,10,Active,
7404,पाठ 10. ड ़ और ढ ़ का प्रयोग,10,ICSE,Class 1,Hindi,Saroj Hindi Pathmala,,10,Active,
7405,पाठ 11 उलटे अर्थ वाले शब्द,11,CBSE,Class 2,Hindi,Hindi Vyakaran Sudha (For Acad. Year 2023-24),,11,Active,
7406,पाठ 11 मुहावरे,11,CBSE,Class 3,Hindi,Hindi Vyakaran Sudha (For Acad. Year 2023-24),,11,Active,
7407,पाठ 11 अपठित गद्यांश,11,CBSE,Class 4,Hindi,Hindi Vyakaran Sudha (For Acad. Year 2023-24),,11,Active,
7408,पाठ 11 अपठित गद्यांश,11,CBSE,Class 5,Hindi,Hindi Vyakaran Sudha (For Acad. Year 2023-24),,11,Active,
7409,पाठ 11 अविकारी शब्द,11,CBSE,Class 8,Hindi,Hindi Vyakaran Sudha (For Acad. Year 2023-24),,11,Active,
7410,पाठ 11 अशुद्धि शोधन,11,CBSE,Class 4,Hindi,Naveen Hindi Vyakaran Tatha Rachna (For Acad. Year 2023-24),,11,Active,
7411,"पाठ 11 आओ, गिनें",11,CBSE,Class 1,Hindi,Meri Apni Hindi,,11,Active,
7412,"पाठ 11 आवाम्, युवाम्",11,CBSE,Class 5,Sanskrit,Bal Sanskrit Kanika,,11,Active,
7413,पाठ 11 उलटे अर्थ वाले शब्द,11,CBSE,Class 1,Hindi,Hindi Vyakaran Sudha (For Acad. Year 2023-24),,11,Active,
7414,पाठ 11 औ ौ (औ की मात्रा),11,CBSE,Class 2,Hindi,Meri Apni Hindi,,11,Active,
7415,पाठ 11 काल,11,CBSE,Class 6,Hindi,Naveen Hindi Vyakaran Tatha Rachna (For Acad. Year 2023-24),,11,Active,
7416,पाठ 11 काल,11,CBSE,Class 5,Hindi,Naveen Hindi Vyakaran Tatha Rachna (For Acad. Year 2023-24),,11,Active,
7417,पाठ 11 कीमती है जल,11,CBSE,Class 7,Hindi,Meri Apni Hindi,,11,Active,
7418,पाठ 11 क्रिया,11,CBSE,Class 6,Hindi,Hindi Vyakaran Sudha (For Acad. Year 2023-24),,11,Active,
7419,पाठ 11 क्रिया,11,CBSE,Class 7,Hindi,Hindi Vyakaran Sudha (For Acad. Year 2023-24),,11,Active,
7420,पाठ 11 गौरवशाली भारतीय सेना,11,CBSE,Class 8,Hindi,Meri Apni Hindi,,11,Active,
7421,पाठ 11 छिपा रहस्य,11,ICSE,Class 7,Hindi,Saroj Hindi Pathmala,,11,Active,
7422,पाठ 11 जंक फ़ूड,11,CBSE,Class 3,Hindi,Meri Apni Hindi,,11,Active,
7423,पाठ 11 नमक का दारोगा,11,ICSE,Class 8,Hindi,Saroj Hindi Pathmala,,11,Active,
7424,पाठ 11 पर्यायवाची या सामान अर्थ बताने वाले शब्द,11,CBSE,Class 3,Hindi,Naveen Hindi Vyakaran Tatha Rachna (For Acad. Year 2023-24),,11,Active,
7425,पाठ 11 प्रिया पुत्री,11,CBSE,Class 8,Sanskrit,Bal Sanskrit Kanika,,11,Active,
7426,पाठ 11 मातृभूमये नमः,11,CBSE,Class 7,Sanskrit,Bal Sanskrit Kanika,,11,Active,
7427,पाठ 11 मैसूर की सैर,11,CBSE,Class 5,Hindi,Meri Apni Hindi,,11,Active,
7428,पाठ 11 राई और पर्वत,11,CBSE,Class 6,Hindi,Nikunj Hindi Pathmala (2023-24),,11,Active,
7429,पाठ 11 वर्षा जल संचयन,11,CBSE,Class 8,Hindi,Nikunj Hindi Pathmala (2023-24),,11,Active,
7430,पाठ 11 वानराः,11,CBSE,Class 6,Sanskrit,Bal Sanskrit Kanika,,11,Active,
7431,पाठ 11 संगीत सम्राज्ञी एम एस सुबुलक्ष्मी,11,CBSE,Class 6,Hindi,Meri Apni Hindi,,11,Active,
7432,पाठ 11 संज्ञा  विकार : कारक,11,CBSE,Class 7,Hindi,Naveen Hindi Vyakaran Tatha Rachna (For Acad. Year 2023-24),,11,Active,
7433,पाठ 11 संज्ञा  विकार : वचन,11,CBSE,Class 8,Hindi,Naveen Hindi Vyakaran Tatha Rachna (For Acad. Year 2023-24),,11,Active,
7434,पाठ 11 संयुक्त/द्वित्व व्यंजन,11,CBSE,Class 1,Hindi,Veena Hindi Pathmala,,11,Active,
7435,पाठ 11 सोनाली का पत्र,11,CBSE,Class 4,Hindi,Meri Apni Hindi,,11,Active,
7436,पाठ 11 हिंद महासागर में छोटा सा हिंदुस्तान,11,CBSE,Class 7,Hindi,Nikunj Hindi Pathmala (2023-24),,11,Active,
7437,पाठ 11 आजाद पक्षी,11,CBSE,Class 2,Hindi,Veena Hindi Pathmala,,11,Active,
7438,पाठ 11 धर्मशाला की सैर,11,ICSE,Class 4,Hindi,Saroj Hindi Pathmala,,11,Active,
7439,पाठ 11 सच्ची लगन,11,CBSE,Class 5,Hindi,Veena Hindi Pathmala,,11,Active,
7440,पाठ 11 स्टी फन हॉकिंग,11,ICSE,Class 5,Hindi,Saroj Hindi Pathmala,,11,Active,
7441,पाठ 11 स्वच्छ पहल,11,CBSE,Class 4,Hindi,Veena Hindi Pathmala,,11,Active,
7442,पाठ 11 हरी भरी धरती,11,CBSE,Class 3,Hindi,Veena Hindi Pathmala,,11,Active,
7443,पाठ 11. चिड़िया रानी,11,ICSE,Class 2,Hindi,Saroj Hindi Pathmala,,11,Active,
7444,पाठ 11. संयुक्त तथा द्‌वित्व व्यंजन,11,ICSE,Class 1,Hindi,Saroj Hindi Pathmala,,11,Active,
7445,पाठ 11. सिंचाई करे कौन,11,ICSE,Class 3,Hindi,Saroj Hindi Pathmala,,11,Active,
7446,पाठ 12 रचनात्मक कार्य,12,CBSE,Class 5,Hindi,Hindi Vyakaran Sudha (For Acad. Year 2023-24),,12,Active,
7447,पाठ 12 रचनात्मक लेखन,12,CBSE,Class 4,Hindi,Hindi Vyakaran Sudha (For Acad. Year 2023-24),,12,Active,
7448,पाठ 12 वर्तनी की सामान्य अशुद्धियाँ,12,CBSE,Class 3,Hindi,Hindi Vyakaran Sudha (For Acad. Year 2023-24),,12,Active,
7449,पाठ 12 समान अर्थ वाले शब्द,12,CBSE,Class 2,Hindi,Hindi Vyakaran Sudha (For Acad. Year 2023-24),,12,Active,
7450,पाठ 12 समान अर्थ वाले शब्द (छाए),12,CBSE,Class 1,Hindi,Hindi Vyakaran Sudha (For Acad. Year 2023-24),,12,Active,
7451,पाठ 12 ‘र’ के रूप,12,CBSE,Class 1,Hindi,Veena Hindi Pathmala,,11,Active,
7452,पाठ 12 अनमोल दोहे,12,CBSE,Class 6,Hindi,Meri Apni Hindi,,12,Active,
7453,पाठ 12 अनुस्वार (ां ) चंद्रबिंदु ( ँ) तथा विसर्ग ( : ),12,CBSE,Class 2,Hindi,Meri Apni Hindi,,12,Active,
7454,पाठ 12 अविकारी शब्द,12,CBSE,Class 5,Hindi,Naveen Hindi Vyakaran Tatha Rachna (For Acad. Year 2023-24),,12,Active,
7455,पाठ 12 अव्यय,12,CBSE,Class 6,Hindi,Naveen Hindi Vyakaran Tatha Rachna (For Acad. Year 2023-24),,12,Active,
7456,पाठ 12 अव्यय या अविकारी शब्द,12,CBSE,Class 7,Hindi,Hindi Vyakaran Sudha (For Acad. Year 2023-24),,12,Active,
7457,पाठ 12 अशोक का शस्त्र त्याग,12,CBSE,Class 8,Hindi,Nikunj Hindi Pathmala (2023-24),,12,Active,
7458,पाठ 12 एकाकी वृक्षः,12,CBSE,Class 8,Sanskrit,Bal Sanskrit Kanika,,12,Active,
7459,"पाठ 12 एतौ, नौ, एते, ते",12,CBSE,Class 5,Sanskrit,Bal Sanskrit Kanika,,12,Active,
7460,पाठ 12 काल,12,CBSE,Class 6,Hindi,Hindi Vyakaran Sudha (For Acad. Year 2023-24),,12,Active,
7461,पाठ 12 कुरल काव्य,12,CBSE,Class 8,Hindi,Meri Apni Hindi,,12,Active,
7462,पाठ 12 चश्मे की यात्रा कथा,12,ICSE,Class 7,Hindi,Saroj Hindi Pathmala,,12,Active,
7463,पाठ 12 तिरुवल्लुवर के अनमोल वचन,12,CBSE,Class 7,Hindi,Meri Apni Hindi,,12,Active,
7464,पाठ 12 प्रश्नाः उत्तराणि च,12,CBSE,Class 6,Sanskrit,Bal Sanskrit Kanika,,12,Active,
7465,पाठ 12 फल,12,CBSE,Class 1,Hindi,Meri Apni Hindi,,12,Active,
7466,पाठ 12 भारत की उभरती बैडमिंटन स्वर पीवी. सिंधु,12,ICSE,Class 8,Hindi,Saroj Hindi Pathmala,,12,Active,
7467,पाठ 12 मधुराः श्लोकाः,12,CBSE,Class 7,Sanskrit,Bal Sanskrit Kanika,,12,Active,
7468,पाठ 12 मोर,12,CBSE,Class 3,Hindi,Meri Apni Hindi,,12,Active,
7469,पाठ 12 विराम चिहन,12,CBSE,Class 4,Hindi,Naveen Hindi Vyakaran Tatha Rachna (For Acad. Year 2023-24),,12,Active,
7470,पाठ 12 विलोम शब्द,12,CBSE,Class 3,Hindi,Naveen Hindi Vyakaran Tatha Rachna (For Acad. Year 2023-24),,12,Active,
7471,पाठ 12 वे तीन दिन,12,CBSE,Class 6,Hindi,Nikunj Hindi Pathmala (2023-24),,12,Active,
7472,पाठ 12 शब्द ए पद एवं पदबंध,12,CBSE,Class 8,Hindi,Hindi Vyakaran Sudha (For Acad. Year 2023-24),,12,Active,
7473,पाठ 12 सच्चा तीर्थयात्री,12,CBSE,Class 7,Hindi,Nikunj Hindi Pathmala (2023-24),,12,Active,
7474,पाठ 12 संज्ञा  विकार : कारक,12,CBSE,Class 8,Hindi,Naveen Hindi Vyakaran Tatha Rachna (For Acad. Year 2023-24),,12,Active,
7475,पाठ 12 सर्वनाम,12,CBSE,Class 7,Hindi,Naveen Hindi Vyakaran Tatha Rachna (For Acad. Year 2023-24),,12,Active,
7476,पाठ 12 सुनहरा टापू,12,CBSE,Class 4,Hindi,Meri Apni Hindi,,12,Active,
7477,पाठ 12 हिमालय की सीख,12,CBSE,Class 5,Hindi,Meri Apni Hindi,,12,Active,
7478,पाठ 12 गुणकारी गुड़हल,12,CBSE,Class 3,Hindi,Veena Hindi Pathmala,,13,Active,
7479,पाठ 12 चाँद : एक गुब्बारा,12,ICSE,Class 5,Hindi,Saroj Hindi Pathmala,,12,Active,
7480,पाठ 12 जंगल की होली,12,CBSE,Class 2,Hindi,Veena Hindi Pathmala,,12,Active,
7481,पाठ 12 प्यारा मिजोरम,12,CBSE,Class 5,Hindi,Veena Hindi Pathmala,,12,Active,
7482,पाठ 12 वीर बाला पदमा,12,CBSE,Class 4,Hindi,Veena Hindi Pathmala,,12,Active,
7483,पाठ 12 समय,12,ICSE,Class 4,Hindi,Saroj Hindi Pathmala,,12,Active,
7484,पाठ 12. गुब्बारे में चूहा,12,ICSE,Class 3,Hindi,Saroj Hindi Pathmala,,12,Active,
7485,पाठ 12. चतुर चूहा,12,ICSE,Class 2,Hindi,Saroj Hindi Pathmala,,12,Active,
7486,पाठ 12. र के रूप,12,ICSE,Class 1,Hindi,Saroj Hindi Pathmala,,12,Active,
7487,पाठ 13 अनेक शब्दों के लिए एक शब्द,13,CBSE,Class 2,Hindi,Hindi Vyakaran Sudha (For Acad. Year 2023-24),,13,Active,
7488,पाठ 13 अपठित गद्यांश,13,CBSE,Class 3,Hindi,Hindi Vyakaran Sudha (For Acad. Year 2023-24),,13,Active,
7489,पाठ 13 गुब्बारे में चूहा,13,CBSE,Class 4,Hindi,Meri Apni Hindi,,13,Active,
7490,पाठ 13 चित्र वर्णन,13,CBSE,Class 1,Hindi,Hindi Vyakaran Sudha (For Acad. Year 2023-24),,13,Active,
7491,पाठ 13 अकबरी लोटा,13,CBSE,Class 8,Hindi,Nikunj Hindi Pathmala (2023-24),,13,Active,
7492,पाठ 13 अनेक शब्दों के लिए एक शब्द,13,CBSE,Class 3,Hindi,Naveen Hindi Vyakaran Tatha Rachna (For Acad. Year 2023-24),,13,Active,
7493,पाठ 13 अमृताः श्लोकाः,13,CBSE,Class 8,Sanskrit,Bal Sanskrit Kanika,,13,Active,
7494,पाठ 13 अव्यय या अविकारी शब्द,13,CBSE,Class 6,Hindi,Hindi Vyakaran Sudha (For Acad. Year 2023-24),,13,Active,
7495,"पाठ 13 एतत्, एते, एतानि, तत्, ते, तानि",13,CBSE,Class 5,Sanskrit,Bal Sanskrit Kanika,,13,Active,
7496,पाठ 13 चाँदनी रात में ताजमहल,13,CBSE,Class 7,Hindi,Meri Apni Hindi,,13,Active,
7497,पाठ 13 दक्षिण भारत के नृत्य,13,CBSE,Class 6,Hindi,Meri Apni Hindi,,13,Active,
7498,पाठ 13 न जाओ शहरों की ओर,13,ICSE,Class 8,Hindi,Saroj Hindi Pathmala,,131,Active,
7499,पाठ 13 नन्हे मददगार,13,CBSE,Class 1,Hindi,Veena Hindi Pathmala,,12,Active,
7500,पाठ 13 नीति के दोहे,13,CBSE,Class 7,Hindi,Nikunj Hindi Pathmala (2023-24),,13,Active,
7501,पाठ 13 पर्यायवाची शब्द,13,CBSE,Class 4,Hindi,Naveen Hindi Vyakaran Tatha Rachna (For Acad. Year 2023-24),,13,Active,
7502,पाठ 13 पुसर्ला वेंकट सिंधु,13,CBSE,Class 6,Hindi,Nikunj Hindi Pathmala (2023-24),,13,Active,
7503,पाठ 13 बादल कैसे बनते है,13,CBSE,Class 5,Hindi,Meri Apni Hindi,,13,Active,
7504,पाठ 13 बुद्धेः बलम्,13,CBSE,Class 7,Sanskrit,Bal Sanskrit Kanika,,13,Active,
7505,पाठ 13 रोशनी,13,CBSE,Class 8,Hindi,Meri Apni Hindi,,13,Active,
7506,पाठ 13 वाक्य विचार,13,CBSE,Class 7,Hindi,Hindi Vyakaran Sudha (For Acad. Year 2023-24),,13,Active,
7507,पाठ 13 वाक्य विचार,13,CBSE,Class 8,Hindi,Hindi Vyakaran Sudha (For Acad. Year 2023-24),,13,Active,
7508,पाठ 13 वार्षिकोत्सवः,13,CBSE,Class 6,Sanskrit,Bal Sanskrit Kanika,,13,Active,
7509,पाठ 13 विशेषण,13,CBSE,Class 7,Hindi,Naveen Hindi Vyakaran Tatha Rachna (For Acad. Year 2023-24),,13,Active,
7510,पाठ 13 शब्द भेद : अर्थ के आधार पर,13,CBSE,Class 6,Hindi,Naveen Hindi Vyakaran Tatha Rachna (For Acad. Year 2023-24),,13,Active,
7511,पाठ 13 शुद्ध वर्तिनी,13,CBSE,Class 5,Hindi,Naveen Hindi Vyakaran Tatha Rachna (For Acad. Year 2023-24),,13,Active,
7512,पाठ 13 सब्जियाँ,13,CBSE,Class 1,Hindi,Meri Apni Hindi,,13,Active,
7513,पाठ 13 सर्वनाम,13,CBSE,Class 8,Hindi,Naveen Hindi Vyakaran Tatha Rachna (For Acad. Year 2023-24),,13,Active,
7514,पाठ 13 सूक्ति संग्रह,13,ICSE,Class 7,Hindi,Saroj Hindi Pathmala,,13,Active,
7515,पाठ 13 किस्से तेनालीराम के,13,CBSE,Class 3,Hindi,Veena Hindi Pathmala,,13,Active,
7516,पाठ 13 गोपाल ने मनाया पोंगल,13,ICSE,Class 5,Hindi,Saroj Hindi Pathmala,,13,Active,
7517,पाठ 13 चतुर चूहा,13,CBSE,Class 2,Hindi,Veena Hindi Pathmala,,11,Active,
7518,पाठ 13 डायरी के कुछ पन्ने,13,ICSE,Class 4,Hindi,Saroj Hindi Pathmala,,13,Active,
7519,पाठ 13 प्यारा नीम,13,CBSE,Class 4,Hindi,Veena Hindi Pathmala,,13,Active,
7520,पाठ 13 संत कबीर दास,13,CBSE,Class 5,Hindi,Veena Hindi Pathmala,,15,Active,
7521,पाठ 13. आइसक्रीम और ओवरकोट,13,ICSE,Class 3,Hindi,Saroj Hindi Pathmala,,13,Active,
7522,पाठ 13. आइसक्रीम और ओवरकोट,14,ICSE,Class 3,Hindi,Saroj Hindi Pathmala,,14,Active,
7523,पाठ 13. चिक्की और चाँद,13,ICSE,Class 1,Hindi,Saroj Hindi Pathmala,,13,Active,
7524,पाठ 13. सोच रही गुड़िया रानी,13,ICSE,Class 2,Hindi,Saroj Hindi Pathmala,,13,Active,
7525,पाठ 14 चित्र कथा रू पठन व लेखन,14,CBSE,Class 1,Hindi,Hindi Vyakaran Sudha (For Acad. Year 2023-24),,14,Active,
7526,पाठ 14 रचनात्मक लेखन,14,CBSE,Class 3,Hindi,Hindi Vyakaran Sudha (For Acad. Year 2023-24),,14,Active,
7527,पाठ 14 उद्यानम्,14,CBSE,Class 5,Sanskrit,Bal Sanskrit Kanika,,14,Active,
7528,पाठ 14 क्रिया,14,CBSE,Class 7,Hindi,Naveen Hindi Vyakaran Tatha Rachna (For Acad. Year 2023-24),,14,Active,
7529,पाठ 14 गणेश चतुर्थी,14,CBSE,Class 6,Hindi,Meri Apni Hindi,,14,Active,
7530,पाठ 14 गिनती,14,CBSE,Class 2,Hindi,Hindi Vyakaran Sudha (For Acad. Year 2023-24),,14,Active,
7531,पाठ 14 गिरिधर की कुँडलिया,14,CBSE,Class 8,Hindi,Nikunj Hindi Pathmala (2023-24),,14,Active,
7532,पाठ 14 गुलाब सिंह,14,ICSE,Class 8,Hindi,Saroj Hindi Pathmala,,14,Active,
7533,पाठ 14 गुलीवर की विचित्र यात्रा,14,CBSE,Class 8,Hindi,Meri Apni Hindi,,14,Active,
7534,पाठ 14 चित्र वर्णन,14,CBSE,Class 1,Hindi,Veena Hindi Pathmala,,14,Active,
7535,पाठ 14 दृढनिश्चयेन सर्वाः बाधाः दूरीभवन्ति।,14,CBSE,Class 8,Sanskrit,Bal Sanskrit Kanika,,14,Active,
7536,पाठ 14 दोहावली,14,CBSE,Class 6,Hindi,Nikunj Hindi Pathmala (2023-24),,14,Active,
7537,पाठ 14 नमक का दारोगा,14,CBSE,Class 7,Hindi,Nikunj Hindi Pathmala (2023-24),,14,Active,
7538,पाठ 14 मुहावरे,14,CBSE,Class 3,Hindi,Naveen Hindi Vyakaran Tatha Rachna (For Acad. Year 2023-24),,14,Active,
7539,पाठ 14 राजाभोजस्य राज्यसभा,14,CBSE,Class 7,Sanskrit,Bal Sanskrit Kanika,,14,Active,
7540,पाठ 14 लंच ब्रेक,14,CBSE,Class 5,Hindi,Meri Apni Hindi,,14,Active,
7541,पाठ 14 वाक्य रचना,14,CBSE,Class 6,Hindi,Hindi Vyakaran Sudha (For Acad. Year 2023-24),,14,Active,
7542,पाठ 14 विराम चिहन,14,CBSE,Class 5,Hindi,Naveen Hindi Vyakaran Tatha Rachna (For Acad. Year 2023-24),,14,Active,
7543,पाठ 14 विराम चिहन,14,CBSE,Class 7,Hindi,Hindi Vyakaran Sudha (For Acad. Year 2023-24),,14,Active,
7544,पाठ 14 विराम चिहन,14,CBSE,Class 8,Hindi,Hindi Vyakaran Sudha (For Acad. Year 2023-24),,14,Active,
7545,पाठ 14 विलोम शब्द,14,CBSE,Class 4,Hindi,Naveen Hindi Vyakaran Tatha Rachna (For Acad. Year 2023-24),,14,Active,
7546,पाठ 14 विशेषण,14,CBSE,Class 8,Hindi,Naveen Hindi Vyakaran Tatha Rachna (For Acad. Year 2023-24),,14,Active,
7547,पाठ 14 शब्द रचना : उपसर्ग,14,CBSE,Class 6,Hindi,Naveen Hindi Vyakaran Tatha Rachna (For Acad. Year 2023-24),,14,Active,
7548,पाठ 14 शेखचिल्ली का सपना,14,CBSE,Class 7,Hindi,Meri Apni Hindi,,14,Active,
7549,पाठ 14 संस्कृतम् भारतस्य गौरवम्,14,CBSE,Class 6,Sanskrit,Bal Sanskrit Kanika,,14,Active,
7550,पाठ 14 सूचना प्रौद्यौगिकी और हिंदी,14,ICSE,Class 7,Hindi,Saroj Hindi Pathmala,,14,Active,
7551,पाठ 14 दादी माँ का चश्मा,14,CBSE,Class 2,Hindi,Veena Hindi Pathmala,,13,Active,
7552,पाठ 14 पटाखों से तौबा,14,ICSE,Class 4,Hindi,Saroj Hindi Pathmala,,14,Active,
7553,पाठ 14 में हु मेट्रो,14,CBSE,Class 5,Hindi,Veena Hindi Pathmala,,17,Active,
7554,पाठ 14 सुनहरा टापू,14,CBSE,Class 3,Hindi,Veena Hindi Pathmala,,14,Active,
7555,पाठ 14 हमारी सेना,14,ICSE,Class 5,Hindi,Saroj Hindi Pathmala,,14,Active,
7556,पाठ 14 हीरा परी,14,CBSE,Class 4,Hindi,Veena Hindi Pathmala,,14,Active,
7557,पाठ 14. अनोखे संदेश,14,ICSE,Class 2,Hindi,Saroj Hindi Pathmala,,14,Active,
7558,पाठ 14. अपना देश,14,ICSE,Class 3,Hindi,Saroj Hindi Pathmala,,14,Active,
7559,पाठ 14. कौन जीता,14,ICSE,Class 1,Hindi,Saroj Hindi Pathmala,,14,Active,
7560,पाठ 15 चित्र वर्णन,15,CBSE,Class 2,Hindi,Hindi Vyakaran Sudha (For Acad. Year 2023-24),,15,Active,
7561,पाठ 15 वाक्य लेखन,15,CBSE,Class 1,Hindi,Hindi Vyakaran Sudha (For Acad. Year 2023-24),,15,Active,
7562,पाठ 15 अनेक शब्दों के लिए एक शब्द,15,CBSE,Class 4,Hindi,Naveen Hindi Vyakaran Tatha Rachna (For Acad. Year 2023-24),,15,Active,
7563,पाठ 15 कविता कदा स्फुरति?,15,CBSE,Class 8,Sanskrit,Bal Sanskrit Kanika,,15,Active,
7564,पाठ 15 कौड़ी से ई मनी तक,15,ICSE,Class 7,Hindi,Saroj Hindi Pathmala,,15,Active,
7565,पाठ 15 कौड़ी से ई–मनी तक,15,CBSE,Class 8,Hindi,Meri Apni Hindi,,15,Active,
7566,पाठ 15 क्रिया,15,CBSE,Class 8,Hindi,Naveen Hindi Vyakaran Tatha Rachna (For Acad. Year 2023-24),,15,Active,
7567,पाठ 15 क्रिया : काल,15,CBSE,Class 7,Hindi,Naveen Hindi Vyakaran Tatha Rachna (For Acad. Year 2023-24),,15,Active,
7568,पाठ 15 गिनती,15,CBSE,Class 3,Hindi,Naveen Hindi Vyakaran Tatha Rachna (For Acad. Year 2023-24),,15,Active,
7569,पाठ 15 गुरुदेव रविन्द्र नाथ ठाकुर,15,ICSE,Class 8,Hindi,Saroj Hindi Pathmala,,15,Active,
7570,पाठ 15 चतुरः काकः,15,CBSE,Class 5,Sanskrit,Bal Sanskrit Kanika,,15,Active,
7571,पाठ 15 नगरस्य नद्याः च वेदना,15,CBSE,Class 7,Sanskrit,Bal Sanskrit Kanika,,15,Active,
7572,पाठ 15 फास्टफूड और हमारा स्वास्थ्य,15,CBSE,Class 7,Hindi,Meri Apni Hindi,,15,Active,
7573,पाठ 15 मम अग्रज,15,CBSE,Class 6,Sanskrit,Bal Sanskrit Kanika,,15,Active,
7574,पाठ 15 मुहावरे और लोकोकितयाँ,15,CBSE,Class 5,Hindi,Naveen Hindi Vyakaran Tatha Rachna (For Acad. Year 2023-24),,15,Active,
7575,पाठ 15 योग एवं पौष्टिक आहार स्वास्थ्य की कुंजी,15,CBSE,Class 6,Hindi,Nikunj Hindi Pathmala (2023-24),,15,Active,
7576,पाठ 15 लोकनृत्यों की धरती नागालैंड,15,CBSE,Class 8,Hindi,Nikunj Hindi Pathmala (2023-24),,15,Active,
7577,पाठ 15 वर्तनी तथा वाक्य संबंधी अशुव्धि शोधन,15,CBSE,Class 7,Hindi,Hindi Vyakaran Sudha (For Acad. Year 2023-24),,15,Active,
7578,पाठ 15 वर्तनी तथा वाक्य संबंधी अशुव्धि शोधन,15,CBSE,Class 8,Hindi,Hindi Vyakaran Sudha (For Acad. Year 2023-24),,15,Active,
7579,पाठ 15 विराम चिहन,15,CBSE,Class 6,Hindi,Hindi Vyakaran Sudha (For Acad. Year 2023-24),,15,Active,
7580,पाठ 15 शब्द रचना :प्रत्यय,15,CBSE,Class 6,Hindi,Naveen Hindi Vyakaran Tatha Rachna (For Acad. Year 2023-24),,15,Active,
7581,पाठ 15 समय नियोजन,15,CBSE,Class 7,Hindi,Nikunj Hindi Pathmala (2023-24),,15,Active,
7582,पाठ 15 आया बसंत,15,CBSE,Class 3,Hindi,Veena Hindi Pathmala,,15,Active,
7583,पाठ 15 नीम,15,ICSE,Class 4,Hindi,Saroj Hindi Pathmala,,15,Active,
7584,पाठ 15 मिज़ोरम,15,ICSE,Class 5,Hindi,Saroj Hindi Pathmala,,15,Active,
7585,पाठ 15 वृक्ष की अभिलाषा,15,CBSE,Class 5,Hindi,Veena Hindi Pathmala,,16,Active,
7586,पाठ 15. मैं और मेरा परिवार,15,ICSE,Class 1,Hindi,Saroj Hindi Pathmala,,15,Active,
7587,पाठ 16 अनेकार्थी शब्द,16,CBSE,Class 4,Hindi,Naveen Hindi Vyakaran Tatha Rachna (For Acad. Year 2023-24),,16,Active,
7588,पाठ 16 अपठित गदयांश,16,CBSE,Class 3,Hindi,Naveen Hindi Vyakaran Tatha Rachna (For Acad. Year 2023-24),,16,Active,
7589,पाठ 16 उपसर्ग प्रत्यय,16,CBSE,Class 5,Hindi,Naveen Hindi Vyakaran Tatha Rachna (For Acad. Year 2023-24),,16,Active,
7590,पाठ 16 एक सुनहली किरण,16,ICSE,Class 8,Hindi,Saroj Hindi Pathmala,,16,Active,
7591,पाठ 16 क्रिया : काल,16,CBSE,Class 8,Hindi,Naveen Hindi Vyakaran Tatha Rachna (For Acad. Year 2023-24),,16,Active,
7592,पाठ 16 क्रिया : वाच्य,16,CBSE,Class 7,Hindi,Naveen Hindi Vyakaran Tatha Rachna (For Acad. Year 2023-24),,16,Active,
7593,पाठ 16 चित्रकथा पठन,16,CBSE,Class 2,Hindi,Hindi Vyakaran Sudha (For Acad. Year 2023-24),,16,Active,
7594,पाठ 16 बालदिवसः,16,CBSE,Class 6,Sanskrit,Bal Sanskrit Kanika,,16,Active,
7595,पाठ 16 मत बाँटो इंसान को,16,CBSE,Class 7,Hindi,Nikunj Hindi Pathmala (2023-24),,16,Active,
7596,पाठ 16 मुहावरे और लोकोक्तियाँ,16,CBSE,Class 6,Hindi,Hindi Vyakaran Sudha (For Acad. Year 2023-24),,16,Active,
7597,पाठ 16 मुहावरे और लोकोक्तियाँ,16,CBSE,Class 7,Hindi,Hindi Vyakaran Sudha (For Acad. Year 2023-24),,16,Active,
7598,पाठ 16 मुहावरे और लोकोक्तियाँ,16,CBSE,Class 8,Hindi,Hindi Vyakaran Sudha (For Acad. Year 2023-24),,16,Active,
7599,पाठ 16 वर्षा ऋतु,16,CBSE,Class 5,Sanskrit,Bal Sanskrit Kanika,,16,Active,
7600,पाठ 16 संधि,16,CBSE,Class 6,Hindi,Naveen Hindi Vyakaran Tatha Rachna (For Acad. Year 2023-24),,16,Active,
7601,पाठ 16 समय की सुरंग,16,ICSE,Class 7,Hindi,Saroj Hindi Pathmala,,16,Active,
7602,पाठ 16 सूक्तयः,16,CBSE,Class 7,Sanskrit,Bal Sanskrit Kanika,,16,Active,
7603,पाठ 16 सूक्ति सुमनानि,16,CBSE,Class 8,Sanskrit,Bal Sanskrit Kanika,,16,Active,
7604,पाठ 16 हिरोशिमा,16,CBSE,Class 8,Hindi,Nikunj Hindi Pathmala (2023-24),,16,Active,
7605,पाठ 16. पहिया,16,ICSE,Class 1,Hindi,Saroj Hindi Pathmala,,16,Active,
7606,पाठ 17 अपठित बोध रू गद्यांश व काव्यांश,17,CBSE,Class 7,Hindi,Hindi Vyakaran Sudha (For Acad. Year 2023-24),,17,Active,
7607,पाठ 17 वाक्य पठन एवं लेखन,17,CBSE,Class 2,Hindi,Hindi Vyakaran Sudha (For Acad. Year 2023-24),,17,Active,
7608,पाठ 17 अपठित गवयांश व काव्यांश,17,CBSE,Class 6,Hindi,Hindi Vyakaran Sudha (For Acad. Year 2023-24),,17,Active,
7609,पाठ 17 अलंकार,17,CBSE,Class 8,Hindi,Hindi Vyakaran Sudha (For Acad. Year 2023-24),,17,Active,
7610,पाठ 17 अव्यय,17,CBSE,Class 7,Hindi,Naveen Hindi Vyakaran Tatha Rachna (For Acad. Year 2023-24),,17,Active,
7611,पाठ 17 आप भले तो जग भला,17,ICSE,Class 8,Hindi,Saroj Hindi Pathmala,,17,Active,
7612,पाठ 17 ओलम्पिक खेल,17,ICSE,Class 7,Hindi,Saroj Hindi Pathmala,,17,Active,
7613,पाठ 17 चित्र वर्णन,17,CBSE,Class 3,Hindi,Naveen Hindi Vyakaran Tatha Rachna (For Acad. Year 2023-24),,17,Active,
7614,पाठ 17 पर्यायवाची शब्द,17,CBSE,Class 5,Hindi,Naveen Hindi Vyakaran Tatha Rachna (For Acad. Year 2023-24),,17,Active,
7615,पाठ 17 बालगीतम्,17,CBSE,Class 5,Sanskrit,Bal Sanskrit Kanika,,17,Active,
7616,पाठ 17 भक्ति पदावली,17,CBSE,Class 8,Hindi,Nikunj Hindi Pathmala (2023-24),,17,Active,
7617,पाठ 17 मुहावरे,17,CBSE,Class 4,Hindi,Naveen Hindi Vyakaran Tatha Rachna (For Acad. Year 2023-24),,17,Active,
7618,पाठ 17 वाच्य,17,CBSE,Class 8,Hindi,Naveen Hindi Vyakaran Tatha Rachna (For Acad. Year 2023-24),,17,Active,
7619,पाठ 17 शब्द रचना : समास,17,CBSE,Class 6,Hindi,Naveen Hindi Vyakaran Tatha Rachna (For Acad. Year 2023-24),,17,Active,
7620,पाठ 18 अपठित बोध रू गद्यांश व काव्यांश,18,CBSE,Class 8,Hindi,Hindi Vyakaran Sudha (For Acad. Year 2023-24),,18,Active,
7621,पाठ 18 बातचीत,18,CBSE,Class 2,Hindi,Hindi Vyakaran Sudha (For Acad. Year 2023-24),,18,Active,
7622,पाठ 18 अव्यय,18,CBSE,Class 8,Hindi,Naveen Hindi Vyakaran Tatha Rachna (For Acad. Year 2023-24),,18,Active,
7623,पाठ 18 गिल्लू,18,ICSE,Class 7,Hindi,Saroj Hindi Pathmala,,18,Active,
7624,पाठ 18 चित्र वर्णन,18,CBSE,Class 4,Hindi,Naveen Hindi Vyakaran Tatha Rachna (For Acad. Year 2023-24),,18,Active,
7625,पाठ 18 पत्र लेखन,18,CBSE,Class 3,Hindi,Naveen Hindi Vyakaran Tatha Rachna (For Acad. Year 2023-24),,18,Active,
7626,पाठ 18 रचनात्मक कार्य,18,CBSE,Class 6,Hindi,Hindi Vyakaran Sudha (For Acad. Year 2023-24),,18,Active,
7627,पाठ 18 रचनात्मक कार्य,18,CBSE,Class 7,Hindi,Hindi Vyakaran Sudha (For Acad. Year 2023-24),,18,Active,
7628,पाठ 18 वाक्य विचार,18,CBSE,Class 6,Hindi,Naveen Hindi Vyakaran Tatha Rachna (For Acad. Year 2023-24),,18,Active,
7629,पाठ 18 वाक्य विचार,18,CBSE,Class 7,Hindi,Naveen Hindi Vyakaran Tatha Rachna (For Acad. Year 2023-24),,18,Active,
7630,पाठ 18 विलोम शब्द,18,CBSE,Class 5,Hindi,Naveen Hindi Vyakaran Tatha Rachna (For Acad. Year 2023-24),,18,Active,
7631,पाठ 19 अनुच्छेद लेखन,19,CBSE,Class 3,Hindi,Naveen Hindi Vyakaran Tatha Rachna (For Acad. Year 2023-24),,19,Active,
7632,पाठ 19 अशुद्ध वाक्यों को शुद्ध करना,19,CBSE,Class 6,Hindi,Naveen Hindi Vyakaran Tatha Rachna (For Acad. Year 2023-24),,19,Active,
7633,पाठ 19 क्रियाविशेषण,19,CBSE,Class 8,Hindi,Naveen Hindi Vyakaran Tatha Rachna (For Acad. Year 2023-24),,19,Active,
7634,पाठ 19 रचनात्मक कार्य,19,CBSE,Class 8,Hindi,Hindi Vyakaran Sudha (For Acad. Year 2023-24),,19,Active,
7635,पाठ 19 विराम चिहन,19,CBSE,Class 7,Hindi,Naveen Hindi Vyakaran Tatha Rachna (For Acad. Year 2023-24),,19,Active,
7636,पाठ 19 श्रुतिसम भिन्नार्थक शब्द,19,CBSE,Class 5,Hindi,Naveen Hindi Vyakaran Tatha Rachna (For Acad. Year 2023-24),,19,Active,
7637,पाठ 19 संवाद लेखन,19,CBSE,Class 4,Hindi,Naveen Hindi Vyakaran Tatha Rachna (For Acad. Year 2023-24),,19,Active,
7638,पाठ 2 आइए कहानी कहें,2,CBSE,Class 1,Hindi,Hindi Vyakaran Sudha (For Acad. Year 2023-24),,2,Active,
7639,पाठ 2 वर्णमाला,2,CBSE,Class 3,Hindi,Hindi Vyakaran Sudha (For Acad. Year 2023-24),,2,Active,
7640,पाठ 2 अ ा (आ की मात्रा),2,CBSE,Class 2,Hindi,Meri Apni Hindi,,2,Active,
7641,पाठ 2 आइए वर्णमाला दोहराएँ,2,CBSE,Class 2,Hindi,Hindi Vyakaran Sudha (For Acad. Year 2023-24),,2,Active,
7642,पाठ 2 एकता टूटने पर,2,ICSE,Class 7,Hindi,Saroj Hindi Pathmala,,2,Active,
7643,पाठ 2 कामचोर,2,CBSE,Class 7,Hindi,Nikunj Hindi Pathmala (2023-24),,2,Active,
7644,पाठ 2 गिरगिट का सपना,2,CBSE,Class 8,Hindi,Meri Apni Hindi,,2,Active,
7645,पाठ 2 गुरुदेव रवींद्रनाथ ठाकुर,2,CBSE,Class 8,Hindi,Nikunj Hindi Pathmala (2023-24),,2,Active,
7646,पाठ 2 गुरुभक्त आरुणि,2,CBSE,Class 7,Hindi,Meri Apni Hindi,,2,Active,
7647,पाठ 2 घमंडी कौन,2,CBSE,Class 4,Hindi,Meri Apni Hindi,,2,Active,
7648,पाठ 2 नौकर,2,ICSE,Class 8,Hindi,Saroj Hindi Pathmala,,2,Active,
7649,पाठ 2 बिना मात्रा के शब्द,2,CBSE,Class 3,Hindi,Meri Apni Hindi,,2,Active,
7650,पाठ 2 बिना मात्रा वाले शब्द,2,CBSE,Class 1,Hindi,Veena Hindi Pathmala,,2,Active,
7651,पाठ 2 मधुराः श्लोकाः,2,CBSE,Class 8,Sanskrit,Bal Sanskrit Kanika,,2,Active,
7652,पाठ 2 मम शरीरम्,2,CBSE,Class 5,Sanskrit,Bal Sanskrit Kanika,,2,Active,
7653,पाठ 2 राजकुमार और नीम का पौधा,2,CBSE,Class 5,Hindi,Meri Apni Hindi,,2,Active,
7654,पाठ 2 वर्ण और वर्णमाला,2,CBSE,Class 6,Hindi,Hindi Vyakaran Sudha (For Acad. Year 2023-24),,2,Active,
7655,पाठ 2 वर्ण और वर्णमाला,2,CBSE,Class 3,Hindi,Naveen Hindi Vyakaran Tatha Rachna (For Acad. Year 2023-24),,2,Active,
7656,पाठ 2 वर्ण विचार,2,CBSE,Class 6,Hindi,Naveen Hindi Vyakaran Tatha Rachna (For Acad. Year 2023-24),,2,Active,
7657,पाठ 2 वर्ण विचार,2,CBSE,Class 7,Hindi,Naveen Hindi Vyakaran Tatha Rachna (For Acad. Year 2023-24),,2,Active,
7658,पाठ 2 वर्ण विचार,2,CBSE,Class 8,Hindi,Naveen Hindi Vyakaran Tatha Rachna (For Acad. Year 2023-24),,2,Active,
7659,पाठ 2 वर्ण विचार,2,CBSE,Class 4,Hindi,Naveen Hindi Vyakaran Tatha Rachna (For Acad. Year 2023-24),,2,Active,
7660,पाठ 2 वर्ण विचार,2,CBSE,Class 5,Hindi,Naveen Hindi Vyakaran Tatha Rachna (For Acad. Year 2023-24),,2,Active,
7661,पाठ 2 वर्ण विचार,2,CBSE,Class 7,Hindi,Hindi Vyakaran Sudha (For Acad. Year 2023-24),,2,Active,
7662,पाठ 2 वर्ण विचार,2,CBSE,Class 8,Hindi,Hindi Vyakaran Sudha (For Acad. Year 2023-24),,2,Active,
7663,"पाठ 2 सः, तो, ते, एषः, एतौ, एते (ख)",2,CBSE,Class 6,Sanskrit,Bal Sanskrit Kanika,,2,Active,
7664,पाठ 2 सफलाः भविष्यामः,2,CBSE,Class 7,Sanskrit,Bal Sanskrit Kanika,,2,Active,
7665,पाठ 2 सौ झीलें,2,CBSE,Class 6,Hindi,Nikunj Hindi Pathmala (2023-24),,2,Active,
7666,पाठ 2 स्वर ए अ:,2,CBSE,Class 1,Hindi,Meri Apni Hindi,,2,Active,
7667,पाठ 2 हमारी वर्णमाला,2,CBSE,Class 4,Hindi,Hindi Vyakaran Sudha (For Acad. Year 2023-24),,2,Active,
7668,पाठ 2 हमारी वर्णमाला,2,CBSE,Class 5,Hindi,Hindi Vyakaran Sudha (For Acad. Year 2023-24),,2,Active,
7669,पाठ 2 एक जैसे या अलग अलग,2,CBSE,Class 3,Hindi,Veena Hindi Pathmala,,2,Active,
7670,पाठ 2 चने के खेत,2,ICSE,Class 5,Hindi,Saroj Hindi Pathmala,,2,Active,
7671,पाठ 2 बीज बचाओ,2,CBSE,Class 5,Hindi,Veena Hindi Pathmala,,2,Active,
7672,पाठ 2 सुरीली मोटूशि,2,CBSE,Class 2,Hindi,Veena Hindi Pathmala,,2,Active,
7673,पाठ 2 हमारी खूबसूरत दुनिया,2,CBSE,Class 4,Hindi,Veena Hindi Pathmala,,1,Active,
7674,पाठ 2. कुएँ का पानी,2,ICSE,Class 4,Hindi,Saroj Hindi Pathmala,,2,Active,
7675,पाठ 2. खेल दिवस,2,ICSE,Class 3,Hindi,Saroj Hindi Pathmala,,2,Active,
7676,पाठ 2. बिना मात्रा के शब्द,2,ICSE,Class 1,Hindi,Saroj Hindi Pathmala,,2,Active,
7677,पाठ 2. राघवन सुधर गया,2,ICSE,Class 2,Hindi,Saroj Hindi Pathmala,,2,Active,
7678,पाठ 2. सोने का लालच,2,CBSE,Class 6,Hindi,Meri Apni Hindi,,2,Active,
7679,पाठ 20 अनेक शब्दों के लिए एक शब्द,20,CBSE,Class 5,Hindi,Naveen Hindi Vyakaran Tatha Rachna (For Acad. Year 2023-24),,20,Active,
7680,पाठ 20 कहानी लेखन,20,CBSE,Class 3,Hindi,Naveen Hindi Vyakaran Tatha Rachna (For Acad. Year 2023-24),,20,Active,
7681,पाठ 20 कहानी लेखन,20,CBSE,Class 4,Hindi,Naveen Hindi Vyakaran Tatha Rachna (For Acad. Year 2023-24),,20,Active,
7682,पाठ 20 पद परिचय,20,CBSE,Class 8,Hindi,Naveen Hindi Vyakaran Tatha Rachna (For Acad. Year 2023-24),,20,Active,
7683,पाठ 20 विराम चिहन,20,CBSE,Class 6,Hindi,Naveen Hindi Vyakaran Tatha Rachna (For Acad. Year 2023-24),,20,Active,
7684,पाठ 20 शब्द भेद : अर्थ के आधार पर,20,CBSE,Class 7,Hindi,Naveen Hindi Vyakaran Tatha Rachna (For Acad. Year 2023-24),,20,Active,
7685,पाठ 21 अनेकार्थी शब्द,21,CBSE,Class 5,Hindi,Naveen Hindi Vyakaran Tatha Rachna (For Acad. Year 2023-24),,21,Active,
7686,पाठ 21 पत्र लेखन,21,CBSE,Class 4,Hindi,Naveen Hindi Vyakaran Tatha Rachna (For Acad. Year 2023-24),,21,Active,
7687,पाठ 21 पद  बंध तथा वाक्य  विचार,21,CBSE,Class 8,Hindi,Naveen Hindi Vyakaran Tatha Rachna (For Acad. Year 2023-24),,21,Active,
7688,पाठ 21 मुहावरे और लोकोकितयाँ,21,CBSE,Class 6,Hindi,Naveen Hindi Vyakaran Tatha Rachna (For Acad. Year 2023-24),,21,Active,
7689,पाठ 21 मुहावरे और लोकोकितयाँ,21,CBSE,Class 7,Hindi,Naveen Hindi Vyakaran Tatha Rachna (For Acad. Year 2023-24),,21,Active,
7690,पाठ 22 अनुच्छेद लेखन,22,CBSE,Class 4,Hindi,Naveen Hindi Vyakaran Tatha Rachna (For Acad. Year 2023-24),,22,Active,
7691,पाठ 22 अपठित गदयांश तथा काव्यांश,22,CBSE,Class 6,Hindi,Naveen Hindi Vyakaran Tatha Rachna (For Acad. Year 2023-24),,22,Active,
7692,पाठ 22 विराम चिहन,22,CBSE,Class 8,Hindi,Naveen Hindi Vyakaran Tatha Rachna (For Acad. Year 2023-24),,22,Active,
7693,पाठ 22 सवांद लेखन,22,CBSE,Class 7,Hindi,Naveen Hindi Vyakaran Tatha Rachna (For Acad. Year 2023-24),,22,Active,
7694,पाठ 22 संवाद लेखन,22,CBSE,Class 5,Hindi,Naveen Hindi Vyakaran Tatha Rachna (For Acad. Year 2023-24),,22,Active,
7695,पाठ 23 अपठित गदयांश,23,CBSE,Class 4,Hindi,Naveen Hindi Vyakaran Tatha Rachna (For Acad. Year 2023-24),,23,Active,
7696,पाठ 23 कहानी लेखन,23,CBSE,Class 6,Hindi,Naveen Hindi Vyakaran Tatha Rachna (For Acad. Year 2023-24),,23,Active,
7697,पाठ 23 कहानी लेखन,23,CBSE,Class 7,Hindi,Naveen Hindi Vyakaran Tatha Rachna (For Acad. Year 2023-24),,23,Active,
7698,पाठ 23 चित्र वर्णन,23,CBSE,Class 5,Hindi,Naveen Hindi Vyakaran Tatha Rachna (For Acad. Year 2023-24),,23,Active,
7699,पाठ 23 वाक्य  सम्बन्धी अशुद्धि  शोधन,23,CBSE,Class 8,Hindi,Naveen Hindi Vyakaran Tatha Rachna (For Acad. Year 2023-24),,23,Active,
7700,पाठ 24 अपठित गदयांश तथा काव्यांश,24,CBSE,Class 7,Hindi,Naveen Hindi Vyakaran Tatha Rachna (For Acad. Year 2023-24),,24,Active,
7701,पाठ 24 कहानी लेखन,24,CBSE,Class 5,Hindi,Naveen Hindi Vyakaran Tatha Rachna (For Acad. Year 2023-24),,24,Active,
7702,पाठ 24 मुहावरे और लोकोकितयाँ,24,CBSE,Class 8,Hindi,Naveen Hindi Vyakaran Tatha Rachna (For Acad. Year 2023-24),,24,Active,
7703,पाठ 24 श्रवण कौशल,24,CBSE,Class 4,Hindi,Naveen Hindi Vyakaran Tatha Rachna (For Acad. Year 2023-24),,24,Active,
7704,पाठ 24 सवांद लेखन,24,CBSE,Class 6,Hindi,Naveen Hindi Vyakaran Tatha Rachna (For Acad. Year 2023-24),,24,Active,
7705,पाठ 25 अपठित गदयांश तथा काव्यांश,25,CBSE,Class 8,Hindi,Naveen Hindi Vyakaran Tatha Rachna (For Acad. Year 2023-24),,25,Active,
7706,पाठ 25 पत्र लेखन,25,CBSE,Class 5,Hindi,Naveen Hindi Vyakaran Tatha Rachna (For Acad. Year 2023-24),,25,Active,
7707,पाठ 25 पत्र लेखन,25,CBSE,Class 6,Hindi,Naveen Hindi Vyakaran Tatha Rachna (For Acad. Year 2023-24),,25,Active,
7708,पाठ 25 पत्र लेखन,25,CBSE,Class 7,Hindi,Naveen Hindi Vyakaran Tatha Rachna (For Acad. Year 2023-24),,25,Active,
7709,पाठ 26 अनुच्छेद लेखन,26,CBSE,Class 5,Hindi,Naveen Hindi Vyakaran Tatha Rachna (For Acad. Year 2023-24),,26,Active,
7710,पाठ 26 अनुच्छेद लेखन,26,CBSE,Class 6,Hindi,Naveen Hindi Vyakaran Tatha Rachna (For Acad. Year 2023-24),,26,Active,
7711,पाठ 26 अनुच्छेद लेखन,26,CBSE,Class 7,Hindi,Naveen Hindi Vyakaran Tatha Rachna (For Acad. Year 2023-24),,26,Active,
7712,पाठ 26 सवांद लेखन,26,CBSE,Class 8,Hindi,Naveen Hindi Vyakaran Tatha Rachna (For Acad. Year 2023-24),,26,Active,
7713,पाठ 27 अपठित गदयांश,27,CBSE,Class 5,Hindi,Naveen Hindi Vyakaran Tatha Rachna (For Acad. Year 2023-24),,27,Active,
7714,पाठ 27 चित्र वर्णन,27,CBSE,Class 6,Hindi,Naveen Hindi Vyakaran Tatha Rachna (For Acad. Year 2023-24),,27,Active,
7715,पाठ 27 चित्र वर्णन,27,CBSE,Class 7,Hindi,Naveen Hindi Vyakaran Tatha Rachna (For Acad. Year 2023-24),,27,Active,
7716,पाठ 27 विज्ञापन लेखन,27,CBSE,Class 8,Hindi,Naveen Hindi Vyakaran Tatha Rachna (For Acad. Year 2023-24),,27,Active,
7717,पाठ 28 विज्ञापन लेखन,28,CBSE,Class 6,Hindi,Naveen Hindi Vyakaran Tatha Rachna (For Acad. Year 2023-24),,28,Active,
7718,पाठ 28 विज्ञापन लेखन,28,CBSE,Class 7,Hindi,Naveen Hindi Vyakaran Tatha Rachna (For Acad. Year 2023-24),,28,Active,
7719,पाठ 28 श्रवण कौशल,28,CBSE,Class 5,Hindi,Naveen Hindi Vyakaran Tatha Rachna (For Acad. Year 2023-24),,28,Active,
7720,पाठ 28 सूचना  लेखन,28,CBSE,Class 8,Hindi,Naveen Hindi Vyakaran Tatha Rachna (For Acad. Year 2023-24),,28,Active,
7721,पाठ 29 पत्र लेखन,29,CBSE,Class 8,Hindi,Naveen Hindi Vyakaran Tatha Rachna (For Acad. Year 2023-24),,29,Active,
7722,पाठ 29 श्रवण कौशल,29,CBSE,Class 6,Hindi,Naveen Hindi Vyakaran Tatha Rachna (For Acad. Year 2023-24),,29,Active,
7723,पाठ 29 सुचना  लेखन,29,CBSE,Class 7,Hindi,Naveen Hindi Vyakaran Tatha Rachna (For Acad. Year 2023-24),,29,Active,
7724,पाठ 3  संज्ञा,3,CBSE,Class 4,Hindi,Hindi Vyakaran Sudha (For Acad. Year 2023-24),,3,Active,
7725,पाठ 3  संज्ञा,3,CBSE,Class 5,Hindi,Hindi Vyakaran Sudha (For Acad. Year 2023-24),,3,Active,
7726,पाठ 3 मात्राएँ और शब्द्‌,3,CBSE,Class 2,Hindi,Hindi Vyakaran Sudha (For Acad. Year 2023-24),,3,Active,
7727,पाठ 3 मात्राएँ और शब्द्‌,3,CBSE,Class 3,Hindi,Hindi Vyakaran Sudha (For Acad. Year 2023-24),,3,Active,
7728,पाठ 3 वर्णमाला,3,CBSE,Class 1,Hindi,Hindi Vyakaran Sudha (For Acad. Year 2023-24),,3,Active,
7729,पाठ 3 अस्माकं पितरौ,3,CBSE,Class 8,Sanskrit,Bal Sanskrit Kanika,,3,Active,
7730,पाठ 3 आओ करें प्रकति की रक्षा,3,CBSE,Class 8,Hindi,Meri Apni Hindi,,3,Active,
7731,पाठ 3 इ ि (इ की मात्रा),3,CBSE,Class 2,Hindi,Meri Apni Hindi,,3,Active,
7732,पाठ 3 ईमानदार बालक,3,CBSE,Class 7,Hindi,Meri Apni Hindi,,3,Active,
7733,पाठ 3 ओणम,3,CBSE,Class 4,Hindi,Meri Apni Hindi,,3,Active,
7734,पाठ 3 गौरा गाय,3,CBSE,Class 7,Hindi,Nikunj Hindi Pathmala (2023-24),,3,Active,
7735,पाठ 3 चेडुगुडु का खेल,3,CBSE,Class 6,Hindi,Meri Apni Hindi,,3,Active,
7736,पाठ 3 निर्मल परी,3,CBSE,Class 6,Hindi,Nikunj Hindi Pathmala (2023-24),,3,Active,
7737,पाठ 3 पिंजरे में कौन,3,CBSE,Class 5,Hindi,Meri Apni Hindi,,3,Active,
7738,पाठ 3 मम विद्यालयः,3,CBSE,Class 5,Sanskrit,Bal Sanskrit Kanika,,3,Active,
7739,"पाठ 3 मात्राएँ, शब्द और वाक्य",3,CBSE,Class 3,Hindi,Naveen Hindi Vyakaran Tatha Rachna (For Acad. Year 2023-24),,3,Active,
7740,पाठ 3 वनराज से मुलाकात,3,ICSE,Class 7,Hindi,Saroj Hindi Pathmala,,3,Active,
7741,पाठ 3 शब्द विचार,3,CBSE,Class 6,Hindi,Naveen Hindi Vyakaran Tatha Rachna (For Acad. Year 2023-24),,3,Active,
7742,पाठ 3 शब्द विचार,3,CBSE,Class 5,Hindi,Naveen Hindi Vyakaran Tatha Rachna (For Acad. Year 2023-24),,3,Active,
7743,पाठ 3 शब्द विचार,3,CBSE,Class 6,Hindi,Hindi Vyakaran Sudha (For Acad. Year 2023-24),,3,Active,
7744,पाठ 3 शेर और तोमचा,3,ICSE,Class 8,Hindi,Saroj Hindi Pathmala,,3,Active,
7745,पाठ 3 संज्ञा,3,CBSE,Class 4,Hindi,Naveen Hindi Vyakaran Tatha Rachna (For Acad. Year 2023-24),,3,Active,
7746,पाठ 3 संधि,3,CBSE,Class 7,Hindi,Naveen Hindi Vyakaran Tatha Rachna (For Acad. Year 2023-24),,3,Active,
7747,पाठ 3 संधि,3,CBSE,Class 8,Hindi,Naveen Hindi Vyakaran Tatha Rachna (For Acad. Year 2023-24),,3,Active,
7748,पाठ 3 संधि,3,CBSE,Class 7,Hindi,Hindi Vyakaran Sudha (For Acad. Year 2023-24),,3,Active,
7749,पाठ 3 संधि,3,CBSE,Class 8,Hindi,Hindi Vyakaran Sudha (For Acad. Year 2023-24),,3,Active,
7750,पाठ 3 समय की सुरंग,3,CBSE,Class 8,Hindi,Nikunj Hindi Pathmala (2023-24),,3,Active,
7751,"पाठ 3 सा, ते, ताः, एषा, एते, एताः",3,CBSE,Class 6,Sanskrit,Bal Sanskrit Kanika,,3,Active,
7752,पाठ 3 सूर्योदयः,3,CBSE,Class 7,Sanskrit,Bal Sanskrit Kanika,,3,Active,
7753,पाठ 3 स्वर माला,3,CBSE,Class 1,Hindi,Meri Apni Hindi,,3,Active,
7754,पाठ 3 स्वर और मात्राएँ,3,CBSE,Class 3,Hindi,Meri Apni Hindi,,3,Active,
7755,पाठ 3 स्वर और मात्रएँ आ (⊺),3,CBSE,Class 1,Hindi,Veena Hindi Pathmala,,3,Active,
7756,पाठ 3 चुलबुल की पूँछ,3,CBSE,Class 2,Hindi,Veena Hindi Pathmala,,3,Active,
7757,पाठ 3 जिस रात चाँद गायब हो गया,3,CBSE,Class 4,Hindi,Veena Hindi Pathmala,,1,Active,
7758,पाठ 3 पुस्तकालय,3,CBSE,Class 3,Hindi,Veena Hindi Pathmala,,1,Active,
7759,पाठ 3 पेड़ घूमने चला,3,ICSE,Class 5,Hindi,Saroj Hindi Pathmala,,3,Active,
7760,पाठ 3 मेरी मात्रभाषा क्या है,3,CBSE,Class 5,Hindi,Veena Hindi Pathmala,,2,Active,
7761,पाठ 3. गुस्से का अंत,3,ICSE,Class 3,Hindi,Saroj Hindi Pathmala,,3,Active,
7762,पाठ 3. ठीक समय,3,ICSE,Class 2,Hindi,Saroj Hindi Pathmala,,3,Active,
7763,पाठ 3. स्वर और मात्राएँ,3,ICSE,Class 1,Hindi,Saroj Hindi Pathmala,,3,Active,
7764,पाठ 3. हमारे त्योहार,3,ICSE,Class 4,Hindi,Saroj Hindi Pathmala,,3,Active,
7765,पाठ 30 अनुच्छेद लेखन,30,CBSE,Class 8,Hindi,Naveen Hindi Vyakaran Tatha Rachna (For Acad. Year 2023-24),,30,Active,
7766,पाठ 30 श्रवण कौशल,30,CBSE,Class 7,Hindi,Naveen Hindi Vyakaran Tatha Rachna (For Acad. Year 2023-24),,30,Active,
7767,पाठ 31 निबंध  लेखन,31,CBSE,Class 8,Hindi,Naveen Hindi Vyakaran Tatha Rachna (For Acad. Year 2023-24),,31,Active,
7768,पाठ 32 लघुकथा  लेखन,32,CBSE,Class 8,Hindi,Naveen Hindi Vyakaran Tatha Rachna (For Acad. Year 2023-24),,32,Active,
7769,पाठ 33 नारा  लेखन,33,CBSE,Class 8,Hindi,Naveen Hindi Vyakaran Tatha Rachna (For Acad. Year 2023-24),,33,Active,
7770,पाठ 34 सन्देश  लेखन,34,CBSE,Class 8,Hindi,Naveen Hindi Vyakaran Tatha Rachna (For Acad. Year 2023-24),,34,Active,
7771,पाठ 4 इ ( ि) और ई ( ी),4,CBSE,Class 1,Hindi,Veena Hindi Pathmala,,4,Active,
7772,पाठ 4 मात्राएँ और शब्द,4,CBSE,Class 1,Hindi,Hindi Vyakaran Sudha (For Acad. Year 2023-24),,4,Active,
7773,पाठ 4 अहम् त्वम् (क),4,CBSE,Class 5,Sanskrit,Bal Sanskrit Kanika,,4,Active,
7774,पाठ 4 ईी (ई की मात्रा),4,CBSE,Class 2,Hindi,Meri Apni Hindi,,4,Active,
7775,पाठ 4 कन्याकुमारी की यात्रा,4,ICSE,Class 8,Hindi,Saroj Hindi Pathmala,,4,Active,
7776,पाठ 4 करनी का फल,4,CBSE,Class 4,Hindi,Meri Apni Hindi,,4,Active,
7777,"पाठ 4 तत्, ते, तानि, एतत्, एते, एतानि",4,CBSE,Class 6,Sanskrit,Bal Sanskrit Kanika,,4,Active,
7778,पाठ 4 दवा का कमाल,4,CBSE,Class 5,Hindi,Meri Apni Hindi,,4,Active,
7779,पाठ 4 दीये का अभिमान,4,CBSE,Class 7,Hindi,Meri Apni Hindi,,4,Active,
7780,पाठ 4 नाम शब्द,4,CBSE,Class 2,Hindi,Hindi Vyakaran Sudha (For Acad. Year 2023-24),,4,Active,
7781,पाठ 4 नाम शब्द रू संज्ञा,4,CBSE,Class 3,Hindi,Hindi Vyakaran Sudha (For Acad. Year 2023-24),,4,Active,
7782,पाठ 4 मम भगिनी मानसी,4,CBSE,Class 7,Sanskrit,Bal Sanskrit Kanika,,4,Active,
7783,पाठ 4 मातृ भक्तः श्वेतः गजः बालगीतम् – पुष्पं पुष्पम्,4,CBSE,Class 8,Sanskrit,Bal Sanskrit Kanika,,4,Active,
7784,पाठ 4 मेरा शब्द पिटारा,4,CBSE,Class 1,Hindi,Meri Apni Hindi,,4,Active,
7785,पाठ 4 मोबाइल फोन कितने फायदे कितने नुकसान,4,CBSE,Class 6,Hindi,Meri Apni Hindi,,4,Active,
7786,पाठ 4 लिंग,4,CBSE,Class 4,Hindi,Naveen Hindi Vyakaran Tatha Rachna (For Acad. Year 2023-24),,4,Active,
7787,पाठ 4 शब्द विचार,4,CBSE,Class 7,Hindi,Naveen Hindi Vyakaran Tatha Rachna (For Acad. Year 2023-24),,4,Active,
7788,पाठ 4 शब्द विचार,4,CBSE,Class 8,Hindi,Naveen Hindi Vyakaran Tatha Rachna (For Acad. Year 2023-24),,4,Active,
7789,पाठ 4 शब्द विचार,4,CBSE,Class 7,Hindi,Hindi Vyakaran Sudha (For Acad. Year 2023-24),,4,Active,
7790,पाठ 4 शब्द विचार,4,CBSE,Class 8,Hindi,Hindi Vyakaran Sudha (For Acad. Year 2023-24),,4,Active,
7791,पाठ 4 संज्ञा,4,CBSE,Class 6,Hindi,Naveen Hindi Vyakaran Tatha Rachna (For Acad. Year 2023-24),,4,Active,
7792,पाठ 4 संज्ञा,4,CBSE,Class 3,Hindi,Naveen Hindi Vyakaran Tatha Rachna (For Acad. Year 2023-24),,4,Active,
7793,पाठ 4 संज्ञा,4,CBSE,Class 5,Hindi,Naveen Hindi Vyakaran Tatha Rachna (For Acad. Year 2023-24),,4,Active,
7794,पाठ 4 संतोष की सरिता,4,CBSE,Class 8,Hindi,Nikunj Hindi Pathmala (2023-24),,4,Active,
7795,पाठ 4 संधि,4,CBSE,Class 6,Hindi,Hindi Vyakaran Sudha (For Acad. Year 2023-24),,4,Active,
7796,पाठ 4 समय से अनुरोध,4,CBSE,Class 6,Hindi,Nikunj Hindi Pathmala (2023-24),,4,Active,
7797,पाठ 4 संयुक्त अक्षर तथा संयुक्त व्यंजन,4,CBSE,Class 3,Hindi,Meri Apni Hindi,,4,Active,
7798,पाठ 4 सर्वनाम,4,CBSE,Class 4,Hindi,Hindi Vyakaran Sudha (For Acad. Year 2023-24),,4,Active,
7799,पाठ 4 सर्वनाम,4,CBSE,Class 5,Hindi,Hindi Vyakaran Sudha (For Acad. Year 2023-24),,4,Active,
7800,पाठ 4 स्वच्छ भारत अभियान,4,CBSE,Class 7,Hindi,Nikunj Hindi Pathmala (2023-24),,4,Active,
7801,पाठ 4 स्वच्छ भारत अभियान,4,CBSE,Class 8,Hindi,Meri Apni Hindi,,4,Active,
7802,पाठ 4 हरी हरी दूब पर,4,ICSE,Class 7,Hindi,Saroj Hindi Pathmala,,4,Active,
7803,पाठ 4 ऐमन का बस्ता,4,CBSE,Class 2,Hindi,Veena Hindi Pathmala,,4,Active,
7804,पाठ 4 किताबें,4,CBSE,Class 4,Hindi,Veena Hindi Pathmala,,4,Active,
7805,पाठ 4 गप्प सुनो,4,CBSE,Class 3,Hindi,Veena Hindi Pathmala,,4,Active,
7806,पाठ 4 पक्षियों की सभा,4,ICSE,Class 5,Hindi,Saroj Hindi Pathmala,,4,Active,
7807,पाठ 4 समुन्द्र तट सफ़ाई अभियान,4,CBSE,Class 5,Hindi,Veena Hindi Pathmala,,4,Active,
7808,पाठ 4. इ ( ि ) और ई ( ी ),4,ICSE,Class 1,Hindi,Saroj Hindi Pathmala,,4,Active,
7809,पाठ 4. मोर,4,ICSE,Class 2,Hindi,Saroj Hindi Pathmala,,4,Active,
7810,पाठ 4. रज्जी का शौक,4,ICSE,Class 4,Hindi,Saroj Hindi Pathmala,,4,Active,
7811,पाठ 4. सोने का लालच,4,ICSE,Class 3,Hindi,Saroj Hindi Pathmala,,4,Active,
7812,पाठ 5 कसौटी,5,ICSE,Class 8,Hindi,Saroj Hindi Pathmala,,5,Active,
7813,पाठ 5 दिन महीने,5,CBSE,Class 2,Hindi,Hindi Vyakaran Sudha (For Acad. Year 2023-24),,5,Active,
7814,पाठ 5 नन्हा पौधा,5,CBSE,Class 6,Hindi,Meri Apni Hindi,,5,Active,
7815,पाठ 5 नाम की जगह सर्वनाम,5,CBSE,Class 3,Hindi,Hindi Vyakaran Sudha (For Acad. Year 2023-24),,5,Active,
7816,पाठ 5 नाम वाले शब्द,5,CBSE,Class 1,Hindi,Hindi Vyakaran Sudha (For Acad. Year 2023-24),,5,Active,
7817,"पाठ 5 अहम्, लम् (ख)",5,CBSE,Class 5,Sanskrit,Bal Sanskrit Kanika,,5,Active,
7818,पाठ 5 उ ( ु 0और ऊ ( ू),5,CBSE,Class 1,Hindi,Veena Hindi Pathmala,,5,Active,
7819,पाठ 5 उ ु (उ की मात्रा),5,CBSE,Class 2,Hindi,Meri Apni Hindi,,5,Active,
7820,पाठ 5 उपसर्ग,5,CBSE,Class 8,Hindi,Naveen Hindi Vyakaran Tatha Rachna (For Acad. Year 2023-24),,5,Active,
7821,पाठ 5 जलवायु परिवर्तन,5,CBSE,Class 6,Hindi,Nikunj Hindi Pathmala (2023-24),,5,Active,
7822,पाठ 5 जलाते चलो,5,CBSE,Class 8,Hindi,Nikunj Hindi Pathmala (2023-24),,5,Active,
7823,पाठ 5 ठीक समय,5,CBSE,Class 4,Hindi,Meri Apni Hindi,,5,Active,
7824,"पाठ 5 त्वम्, युवाम्, यूयम्",5,CBSE,Class 6,Sanskrit,Bal Sanskrit Kanika,,5,Active,
7825,पाठ 5 परख,5,CBSE,Class 7,Hindi,Meri Apni Hindi,,5,Active,
7826,"पाठ 5 पश्य, कः आगतः?",5,CBSE,Class 7,Sanskrit,Bal Sanskrit Kanika,,5,Active,
7827,पाठ 5 प्रदूषण,5,CBSE,Class 5,Hindi,Meri Apni Hindi,,5,Active,
7828,पाठ 5 बातचीत के नए साथी,5,ICSE,Class 7,Hindi,Saroj Hindi Pathmala,,5,Active,
7829,पाठ 5 भूल गया है क्यों इनसान,5,CBSE,Class 8,Hindi,Meri Apni Hindi,,5,Active,
7830,पाठ 5 मैत्री,5,CBSE,Class 8,Sanskrit,Bal Sanskrit Kanika,,5,Active,
7831,पाठ 5 रंग बिरंगे फूल,5,CBSE,Class 1,Hindi,Meri Apni Hindi,,5,Active,
7832,पाठ 5 लिंग,5,CBSE,Class 3,Hindi,Naveen Hindi Vyakaran Tatha Rachna (For Acad. Year 2023-24),,5,Active,
7833,पाठ 5 वचन,5,CBSE,Class 4,Hindi,Naveen Hindi Vyakaran Tatha Rachna (For Acad. Year 2023-24),,5,Active,
7834,पाठ 5 विशेषण,5,CBSE,Class 4,Hindi,Hindi Vyakaran Sudha (For Acad. Year 2023-24),,5,Active,
7835,पाठ 5 विशेषण,5,CBSE,Class 5,Hindi,Hindi Vyakaran Sudha (For Acad. Year 2023-24),,5,Active,
7836,पाठ 5 शब्द निर्माण : समास,5,CBSE,Class 7,Hindi,Naveen Hindi Vyakaran Tatha Rachna (For Acad. Year 2023-24),,5,Active,
7837,पाठ 5 शब्द भंडार,5,CBSE,Class 7,Hindi,Hindi Vyakaran Sudha (For Acad. Year 2023-24),,5,Active,
7838,पाठ 5 शब्द रचना,5,CBSE,Class 6,Hindi,Hindi Vyakaran Sudha (For Acad. Year 2023-24),,5,Active,
7839,पाठ 5 शब्द रचनारू उपसर्ग ए प्रत्यय ए समास,5,CBSE,Class 8,Hindi,Hindi Vyakaran Sudha (For Acad. Year 2023-24),,5,Active,
7840,पाठ 5 संज्ञा  विकार : लिंग,5,CBSE,Class 6,Hindi,Naveen Hindi Vyakaran Tatha Rachna (For Acad. Year 2023-24),,5,Active,
7841,पाठ 5 सत्कर्तव्य,5,CBSE,Class 7,Hindi,Nikunj Hindi Pathmala (2023-24),,5,Active,
7842,पाठ 5 सर्वनाम,5,CBSE,Class 5,Hindi,Naveen Hindi Vyakaran Tatha Rachna (For Acad. Year 2023-24),,5,Active,
7843,पाठ 5 आकाशगंगा में छेद,5,CBSE,Class 4,Hindi,Veena Hindi Pathmala,,3,Active,
7844,पाठ 5 एक की ताकत,5,CBSE,Class 5,Hindi,Veena Hindi Pathmala,,5,Active,
7845,पाठ 5 प्रभु का पेट दर्द,5,ICSE,Class 5,Hindi,Saroj Hindi Pathmala,,5,Active,
7846,पाठ 5 वीडियो गेम,5,CBSE,Class 3,Hindi,Veena Hindi Pathmala,,5,Active,
7847,पाठ 5 समय,5,CBSE,Class 2,Hindi,Veena Hindi Pathmala,,5,Active,
7848,पाठ 5. उ ( ु ) और ऊ ( ू ),5,ICSE,Class 1,Hindi,Saroj Hindi Pathmala,,5,Active,
7849,पाठ 5. पेड़ लगाओ,5,ICSE,Class 2,Hindi,Saroj Hindi Pathmala,,5,Active,
7850,पाठ 5. बादल,5,ICSE,Class 4,Hindi,Saroj Hindi Pathmala,,5,Active,
7851,पाठ 5. सोनाली का पत्र,5,ICSE,Class 3,Hindi,Saroj Hindi Pathmala,,5,Active,
7852,पाठ 6 ऋ (ृ),6,CBSE,Class 1,Hindi,Veena Hindi Pathmala,,6,Active,
7853,पाठ 6 करना या होना क्रिया,6,CBSE,Class 4,Hindi,Hindi Vyakaran Sudha (For Acad. Year 2023-24),,6,Active,
7854,पाठ 6 कैसा कितना विशेषण,6,CBSE,Class 3,Hindi,Hindi Vyakaran Sudha (For Acad. Year 2023-24),,6,Active,
7855,पाठ 6 लड़का लड़की,6,CBSE,Class 2,Hindi,Hindi Vyakaran Sudha (For Acad. Year 2023-24),,6,Active,
7856,पाठ 6 शब्द रचना रू उपसर्गए प्रत्ययए समास,6,CBSE,Class 7,Hindi,Hindi Vyakaran Sudha (For Acad. Year 2023-24),,6,Active,
7857,पाठ 6 अंतर्राष्ट्रीय योग दिवस,6,CBSE,Class 8,Hindi,Nikunj Hindi Pathmala (2023-24),,6,Active,
7858,पाठ 6 अमृत विन्दवः,6,CBSE,Class 7,Sanskrit,Bal Sanskrit Kanika,,6,Active,
7859,"पाठ 6 अहम्, आवाम्, वयम्",6,CBSE,Class 6,Sanskrit,Bal Sanskrit Kanika,,6,Active,
7860,पाठ 6 ऊ ू (ऊ की मात्रा),6,CBSE,Class 2,Hindi,Meri Apni Hindi,,6,Active,
7861,पाठ 6 ओणम,6,CBSE,Class 7,Hindi,Meri Apni Hindi,,6,Active,
7862,पाठ 6 क्रिया,6,CBSE,Class 5,Hindi,Hindi Vyakaran Sudha (For Acad. Year 2023-24),,6,Active,
7863,पाठ 6 जलाओ दिये,6,ICSE,Class 8,Hindi,Saroj Hindi Pathmala,,6,Active,
7864,पाठ 6 दीपदान,6,CBSE,Class 7,Hindi,Nikunj Hindi Pathmala (2023-24),,6,Active,
7865,पाठ 6 दुग्धकूप:,6,CBSE,Class 8,Sanskrit,Bal Sanskrit Kanika,,6,Active,
7866,पाठ 6 प्रत्यय,6,CBSE,Class 8,Hindi,Naveen Hindi Vyakaran Tatha Rachna (For Acad. Year 2023-24),,6,Active,
7867,पाठ 6 ब्रीफकेस,6,CBSE,Class 6,Hindi,Meri Apni Hindi,,6,Active,
7868,पाठ 6 यह दिवाली याद रहेगी,6,CBSE,Class 5,Hindi,Meri Apni Hindi,,6,Active,
7869,पाठ 6 र के रूप,6,CBSE,Class 3,Hindi,Meri Apni Hindi,,6,Active,
7870,पाठ 6 रंग,6,CBSE,Class 1,Hindi,Meri Apni Hindi,,6,Active,
7871,पाठ 6 रोशनी,6,ICSE,Class 7,Hindi,Saroj Hindi Pathmala,,6,Active,
7872,पाठ 6 लड़का लड़की,6,CBSE,Class 1,Hindi,Hindi Vyakaran Sudha (For Acad. Year 2023-24),,6,Active,
7873,पाठ 6 लाइव टेलीकास्ट,6,CBSE,Class 6,Hindi,Nikunj Hindi Pathmala (2023-24),,6,Active,
7874,पाठ 6 लिंग,6,CBSE,Class 5,Hindi,Naveen Hindi Vyakaran Tatha Rachna (For Acad. Year 2023-24),,6,Active,
7875,पाठ 6 वचन,6,CBSE,Class 3,Hindi,Naveen Hindi Vyakaran Tatha Rachna (For Acad. Year 2023-24),,6,Active,
7876,"पाठ 6 वयम्, यूयम् (क)",6,CBSE,Class 5,Sanskrit,Bal Sanskrit Kanika,,6,Active,
7877,पाठ 6 शब्द निर्माण : उपसर्ग,6,CBSE,Class 7,Hindi,Naveen Hindi Vyakaran Tatha Rachna (For Acad. Year 2023-24),,6,Active,
7878,पाठ 6 शब्द भंडार,6,CBSE,Class 6,Hindi,Hindi Vyakaran Sudha (For Acad. Year 2023-24),,6,Active,
7879,पाठ 6 शरीर की सफाई,6,CBSE,Class 4,Hindi,Meri Apni Hindi,,6,Active,
7880,पाठ 6 संज्ञा,6,CBSE,Class 8,Hindi,Hindi Vyakaran Sudha (For Acad. Year 2023-24),,6,Active,
7881,पाठ 6 संज्ञा  विकार : वचन,6,CBSE,Class 6,Hindi,Naveen Hindi Vyakaran Tatha Rachna (For Acad. Year 2023-24),,6,Active,
7882,पाठ 6 सपनों की नगरी मुंबई,6,CBSE,Class 8,Hindi,Meri Apni Hindi,,6,Active,
7883,पाठ 6 सर्वनाम,6,CBSE,Class 4,Hindi,Naveen Hindi Vyakaran Tatha Rachna (For Acad. Year 2023-24),,6,Active,
7884,पाठ 6 अनमोल दोहे,6,ICSE,Class 5,Hindi,Saroj Hindi Pathmala,,6,Active,
7885,पाठ 6 बादलों की आइसक्रीम,6,CBSE,Class 2,Hindi,Veena Hindi Pathmala,,6,Active,
7886,पाठ 6 मेड इन इंडिया,6,CBSE,Class 5,Hindi,Veena Hindi Pathmala,,6,Active,
7887,पाठ 6 शहरी ताल का जादू,6,CBSE,Class 4,Hindi,Veena Hindi Pathmala,,6,Active,
7888,पाठ 6 सोनाली का पत्र,6,CBSE,Class 3,Hindi,Veena Hindi Pathmala,,6,Active,
7889,पाठ 6. ॠ ( ृ),6,ICSE,Class 1,Hindi,Saroj Hindi Pathmala,,6,Active,
7890,पाठ 6. चाँद और सूरज,6,ICSE,Class 4,Hindi,Saroj Hindi Pathmala,,6,Active,
7891,पाठ 6. बूँद बूँद बचाओ,6,ICSE,Class 3,Hindi,Saroj Hindi Pathmala,,6,Active,
7892,पाठ 6. मुर्गा और लोमड़ी,6,ICSE,Class 2,Hindi,Saroj Hindi Pathmala,,6,Active,
7893,पाठ 7 एक अनेक,7,CBSE,Class 1,Hindi,Hindi Vyakaran Sudha (For Acad. Year 2023-24),,7,Active,
7894,पाठ 7 एक अनेक,7,CBSE,Class 2,Hindi,Hindi Vyakaran Sudha (For Acad. Year 2023-24),,7,Active,
7895,पाठ 7 करना या होना क्रिया,7,CBSE,Class 3,Hindi,Hindi Vyakaran Sudha (For Acad. Year 2023-24),,7,Active,
7896,पाठ 7 विराम चिहन,7,CBSE,Class 4,Hindi,Hindi Vyakaran Sudha (For Acad. Year 2023-24),,7,Active,
7897,पाठ 7 विराम चिहन,7,CBSE,Class 5,Hindi,Hindi Vyakaran Sudha (For Acad. Year 2023-24),,7,Active,
7898,पाठ 7 अग्निपुत्री टेसी थॉमस,7,CBSE,Class 7,Hindi,Meri Apni Hindi,,7,Active,
7899,पाठ 7 अमर शहीद भगत सिंह के पत्र,7,ICSE,Class 7,Hindi,Saroj Hindi Pathmala,,7,Active,
7900,पाठ 7 अमृत बिन्दवः,7,CBSE,Class 8,Sanskrit,Bal Sanskrit Kanika,,7,Active,
7901,पाठ 7 अशोक का शस्त्र त्याग,7,ICSE,Class 8,Hindi,Saroj Hindi Pathmala,,7,Active,
7902,पाठ 7 ऋ ( ऋ की मात्रा),7,CBSE,Class 2,Hindi,Meri Apni Hindi,,7,Active,
7903,पाठ 7 ए (µे) और ऐ (µै),7,CBSE,Class 1,Hindi,Veena Hindi Pathmala,,7,Active,
7904,पाठ 7 एकता दूटने पर,7,CBSE,Class 7,Hindi,Nikunj Hindi Pathmala (2023-24),,7,Active,
7905,पाठ 7 ऐसे थे संत तिरुवल्लुवर,7,CBSE,Class 5,Hindi,Meri Apni Hindi,,7,Active,
7906,पाठ 7 कन्याकुमारी,7,CBSE,Class 6,Hindi,Meri Apni Hindi,,7,Active,
7907,पाठ 7 ड़ और ढ़ का प्रयोग,7,CBSE,Class 3,Hindi,Meri Apni Hindi,,7,Active,
7908,पाठ 7 नौकर (अनुदित कथा),7,CBSE,Class 8,Hindi,Nikunj Hindi Pathmala (2023-24),,7,Active,
7909,पाठ 7 परीक्षा,7,CBSE,Class 6,Hindi,Nikunj Hindi Pathmala (2023-24),,7,Active,
7910,पाठ 7 मम विद्यालयः,7,CBSE,Class 6,Sanskrit,Bal Sanskrit Kanika,,7,Active,
7911,पाठ 7 राजकुमार और हंस,7,CBSE,Class 4,Hindi,Meri Apni Hindi,,7,Active,
7912,पाठ 7 वचन,7,CBSE,Class 5,Hindi,Naveen Hindi Vyakaran Tatha Rachna (For Acad. Year 2023-24),,7,Active,
7913,"पाठ 7 वयम्, यूयम् (ख)",7,CBSE,Class 5,Sanskrit,Bal Sanskrit Kanika,,7,Active,
7914,पाठ 7 विशु,7,CBSE,Class 8,Hindi,Meri Apni Hindi,,7,Active,
7915,पाठ 7 विशेषण,7,CBSE,Class 4,Hindi,Naveen Hindi Vyakaran Tatha Rachna (For Acad. Year 2023-24),,7,Active,
7916,पाठ 7 व्यंजन,7,CBSE,Class 1,Hindi,Meri Apni Hindi,,7,Active,
7917,पाठ 7 शब्द निर्माण : प्रत्यय,7,CBSE,Class 7,Hindi,Naveen Hindi Vyakaran Tatha Rachna (For Acad. Year 2023-24),,7,Active,
7918,पाठ 7 षष्टि पूर्ति उत्सवः,7,CBSE,Class 7,Sanskrit,Bal Sanskrit Kanika,,7,Active,
7919,पाठ 7 संज्ञा,7,CBSE,Class 6,Hindi,Hindi Vyakaran Sudha (For Acad. Year 2023-24),,7,Active,
7920,पाठ 7 संज्ञा,7,CBSE,Class 7,Hindi,Hindi Vyakaran Sudha (For Acad. Year 2023-24),,7,Active,
7921,पाठ 7 संज्ञा  विकार : कारक,7,CBSE,Class 6,Hindi,Naveen Hindi Vyakaran Tatha Rachna (For Acad. Year 2023-24),,7,Active,
7922,पाठ 7 संज्ञा के विकारी तत्व रू लिंगए वचनए कारक,7,CBSE,Class 8,Hindi,Hindi Vyakaran Sudha (For Acad. Year 2023-24),,7,Active,
7923,पाठ 7 समास,7,CBSE,Class 8,Hindi,Naveen Hindi Vyakaran Tatha Rachna (For Acad. Year 2023-24),,7,Active,
7924,पाठ 7 सर्वनाम,7,CBSE,Class 3,Hindi,Naveen Hindi Vyakaran Tatha Rachna (For Acad. Year 2023-24),,7,Active,
7925,पाठ 7 इंटरनेट के जाल में फंसा कुणाल,7,CBSE,Class 5,Hindi,Veena Hindi Pathmala,,7,Active,
7926,पाठ 7 चूहे के पेट में चूहे कूदे,7,CBSE,Class 3,Hindi,Veena Hindi Pathmala,,7,Active,
7927,पाठ 7 चौपाल फलों की,7,CBSE,Class 4,Hindi,Veena Hindi Pathmala,,7,Active,
7928,पाठ 7 डिजनीलैंड की सैर,7,ICSE,Class 5,Hindi,Saroj Hindi Pathmala,,7,Active,
7929,पाठ 7 रँगीला मोर,7,CBSE,Class 2,Hindi,Veena Hindi Pathmala,,7,Active,
7930,पाठ 7. ए ( े ) और ऐ ( ै ),7,ICSE,Class 1,Hindi,Saroj Hindi Pathmala,,7,Active,
7931,पाठ 7. घमंडी कौन,7,ICSE,Class 3,Hindi,Saroj Hindi Pathmala,,7,Active,
7932,पाठ 7. तितली,7,ICSE,Class 2,Hindi,Saroj Hindi Pathmala,,7,Active,
7933,पाठ 7. नसीहत,7,ICSE,Class 4,Hindi,Saroj Hindi Pathmala,,7,Active,
7934,पाठ 8 अशुद्ध को शुद्ध करना,8,CBSE,Class 5,Hindi,Hindi Vyakaran Sudha (For Acad. Year 2023-24),,8,Active,
7935,पाठ 8 नाम की जगह,8,CBSE,Class 1,Hindi,Hindi Vyakaran Sudha (For Acad. Year 2023-24),,8,Active,
7936,पाठ 8 विराम चिहन,8,CBSE,Class 3,Hindi,Hindi Vyakaran Sudha (For Acad. Year 2023-24),,8,Active,
7937,पाठ 8 अकबरी लोटा,8,ICSE,Class 8,Hindi,Saroj Hindi Pathmala,,8,Active,
7938,पाठ 8 आगे बढ़ते जाएँगे,8,CBSE,Class 6,Hindi,Nikunj Hindi Pathmala (2023-24),,8,Active,
7939,पाठ 8 आपकी मुदठी में है आपका भाग्य,8,CBSE,Class 7,Hindi,Nikunj Hindi Pathmala (2023-24),,8,Active,
7940,पाठ 8 ए ( ऐ ) ( ै की मात्रा,8,CBSE,Class 2,Hindi,Meri Apni Hindi,,8,Active,
7941,पाठ 8 ओ (ो) और औ (ौ),7,CBSE,Class 1,Hindi,Veena Hindi Pathmala,,8,Active,
7942,पाठ 8 कन्याकुमारी की यात्रा,8,CBSE,Class 8,Hindi,Nikunj Hindi Pathmala (2023-24),,8,Active,
7943,पाठ 8 काँटों में राह बनाते हैं,8,CBSE,Class 8,Hindi,Meri Apni Hindi,,8,Active,
7944,पाठ 8 कारक,8,CBSE,Class 5,Hindi,Naveen Hindi Vyakaran Tatha Rachna (For Acad. Year 2023-24),,8,Active,
7945,पाठ 8 क्रिया,8,CBSE,Class 4,Hindi,Naveen Hindi Vyakaran Tatha Rachna (For Acad. Year 2023-24),,8,Active,
7946,पाठ 8 चतुरः वानरः,8,CBSE,Class 8,Sanskrit,Bal Sanskrit Kanika,,8,Active,
7947,पाठ 8 जिंदगी कैसे चलेगी,8,CBSE,Class 7,Hindi,Meri Apni Hindi,,8,Active,
7948,पाठ 8 त्वं कदा किं करोषि?,8,CBSE,Class 7,Sanskrit,Bal Sanskrit Kanika,,8,Active,
7949,पाठ 8 नाम की जगह,8,CBSE,Class 2,Hindi,Hindi Vyakaran Sudha (For Acad. Year 2023-24),,8,Active,
7950,पाठ 8 बूँद बूँद बचाओ,8,CBSE,Class 4,Hindi,Meri Apni Hindi,,8,Active,
7951,पाठ 8 मम मातुल गृहम्,8,CBSE,Class 6,Sanskrit,Bal Sanskrit Kanika,,8,Active,
7952,पाठ 8 मैं और मेरा परिवार,8,CBSE,Class 3,Hindi,Meri Apni Hindi,,8,Active,
7953,पाठ 8 रिमझिम बरस रहा है पानी,8,CBSE,Class 5,Hindi,Meri Apni Hindi,,8,Active,
7954,पाठ 8 विशेषण,8,CBSE,Class 3,Hindi,Naveen Hindi Vyakaran Tatha Rachna (For Acad. Year 2023-24),,8,Active,
7955,पाठ 8 शब्द भंडार,8,CBSE,Class 4,Hindi,Hindi Vyakaran Sudha (For Acad. Year 2023-24),,8,Active,
7956,पाठ 8 शब्द भेद : अर्थ के आधार पर,8,CBSE,Class 8,Hindi,Naveen Hindi Vyakaran Tatha Rachna (For Acad. Year 2023-24),,8,Active,
7957,"पाठ 8 सः, एषः, सा, एषा (क)",8,CBSE,Class 5,Sanskrit,Bal Sanskrit Kanika,,8,Active,
7958,पाठ 8 संज्ञा,8,CBSE,Class 7,Hindi,Naveen Hindi Vyakaran Tatha Rachna (For Acad. Year 2023-24),,8,Active,
7959,पाठ 8 संज्ञा के विकार,8,CBSE,Class 6,Hindi,Hindi Vyakaran Sudha (For Acad. Year 2023-24),,8,Active,
7960,पाठ 8 संज्ञा के विकारी तत्व रू लिंगए वचनए कारक,8,CBSE,Class 7,Hindi,Hindi Vyakaran Sudha (For Acad. Year 2023-24),,8,Active,
7961,पाठ 8 संयुक्ताक्षर,8,CBSE,Class 1,Hindi,Meri Apni Hindi,,8,Active,
7962,पाठ 8 सर्वनाम,8,CBSE,Class 6,Hindi,Naveen Hindi Vyakaran Tatha Rachna (For Acad. Year 2023-24),,8,Active,
7963,पाठ 8 सर्वनाम,8,CBSE,Class 8,Hindi,Hindi Vyakaran Sudha (For Acad. Year 2023-24),,8,Active,
7964,पाठ 8 हाजिरजवाब मुल्ला नसरुद्दीन,8,CBSE,Class 6,Hindi,Meri Apni Hindi,,8,Active,
7965,पाठ 8 हिंद महासागर में छोटा सा हिन्दुस्तान,8,ICSE,Class 7,Hindi,Saroj Hindi Pathmala,,8,Active,
7966,पाठ 8 अनोखा यज्ञ,8,ICSE,Class 5,Hindi,Saroj Hindi Pathmala,,8,Active,
7967,पाठ 8 घुमक्कड़ कछुआ,8,ICSE,Class 4,Hindi,Saroj Hindi Pathmala,,8,Active,
7968,पाठ 8 जुगाड़ से जादू,8,CBSE,Class 5,Hindi,Veena Hindi Pathmala,,8,Active,
7969,पाठ 8 बादल आए,8,CBSE,Class 4,Hindi,Veena Hindi Pathmala,,8,Active,
7970,पाठ 8 मिटटी के दरिये,8,CBSE,Class 3,Hindi,Veena Hindi Pathmala,,8,Active,
7971,पाठ 8 सब्जी की टोकरी,8,CBSE,Class 2,Hindi,Veena Hindi Pathmala,,8,Active,
7972,पाठ 8. ऐसा क्यों होता है?,8,ICSE,Class 3,Hindi,Saroj Hindi Pathmala,,8,Active,
7973,पाठ 8. ओ ( ो ) और औ ( ौ ),8,ICSE,Class 1,Hindi,Saroj Hindi Pathmala,,8,Active,
7974,पाठ 8. सुनिधि गई बाज़ार,8,ICSE,Class 2,Hindi,Saroj Hindi Pathmala,,8,Active,
7975,पाठ 9 कैसा कितना,9,CBSE,Class 1,Hindi,Hindi Vyakaran Sudha (For Acad. Year 2023-24),,9,Active,
7976,पाठ 9 कैसा कितना,9,CBSE,Class 2,Hindi,Hindi Vyakaran Sudha (For Acad. Year 2023-24),,9,Active,
7977,पाठ 9 दिन महीने व गिनती,9,CBSE,Class 4,Hindi,Hindi Vyakaran Sudha (For Acad. Year 2023-24),,9,Active,
7978,पाठ 9 अतिरिक्त मात्राएँ  अनुस्वार (µं) चंद्रबिंदु (µँ) तथा विसर्ग (ः),9,CBSE,Class 1,Hindi,Veena Hindi Pathmala,,9,Active,
7979,पाठ 9 अब दोहराएँ,9,CBSE,Class 1,Hindi,Meri Apni Hindi,,9,Active,
7980,पाठ 9 अस्माकं प्रेरणास्रोतम्,9,CBSE,Class 8,Sanskrit,Bal Sanskrit Kanika,,9,Active,
7981,पाठ 9 ऊँचाई,9,CBSE,Class 7,Hindi,Nikunj Hindi Pathmala (2023-24),,9,Active,
7982,पाठ 9 एक किरन,9,CBSE,Class 6,Hindi,Meri Apni Hindi,,9,Active,
7983,"पाठ 9 एषः, सः, एषा, सा (ख)",9,CBSE,Class 5,Sanskrit,Bal Sanskrit Kanika,,9,Active,
7984,पाठ 9 ऐ ै (ऐ की मात्रा),9,CBSE,Class 2,Hindi,Meri Apni Hindi,,9,Active,
7985,पाठ 9 कः श्रेष्ठः ?,9,CBSE,Class 7,Sanskrit,Bal Sanskrit Kanika,,9,Active,
7986,पाठ 9 काल,9,CBSE,Class 4,Hindi,Naveen Hindi Vyakaran Tatha Rachna (For Acad. Year 2023-24),,9,Active,
7987,पाठ 9 कुएँ का पानी,9,CBSE,Class 5,Hindi,Meri Apni Hindi,,9,Active,
7988,पाठ 9 क्रिया,9,CBSE,Class 3,Hindi,Naveen Hindi Vyakaran Tatha Rachna (For Acad. Year 2023-24),,9,Active,
7989,पाठ 9 घमंडी का सिर नीचा,9,CBSE,Class 7,Hindi,Meri Apni Hindi,,9,Active,
7990,पाठ 9 पेड़ लगाओ,9,CBSE,Class 3,Hindi,Meri Apni Hindi,,9,Active,
7991,पाठ 9 बाल लीला,9,ICSE,Class 8,Hindi,Saroj Hindi Pathmala,,9,Active,
7992,पाठ 9 मत बांटो इंसान को,9,ICSE,Class 7,Hindi,Saroj Hindi Pathmala,,9,Active,
7993,पाठ 9 मंत्र,9,CBSE,Class 8,Hindi,Nikunj Hindi Pathmala (2023-24),,9,Active,
7994,पाठ 9 मेहनत का फल,9,CBSE,Class 4,Hindi,Meri Apni Hindi,,9,Active,
7995,पाठ 9 लुई ब्रेल,9,CBSE,Class 6,Hindi,Nikunj Hindi Pathmala (2023-24),,9,Active,
7996,पाठ 9 वार्तालाप:,9,CBSE,Class 6,Sanskrit,Bal Sanskrit Kanika,,9,Active,
7997,पाठ 9 विशेषण,9,CBSE,Class 6,Hindi,Naveen Hindi Vyakaran Tatha Rachna (For Acad. Year 2023-24),,9,Active,
7998,पाठ 9 विशेषण,9,CBSE,Class 8,Hindi,Hindi Vyakaran Sudha (For Acad. Year 2023-24),,9,Active,
7999,पाठ 9 विशेषण,9,CBSE,Class 5,Hindi,Naveen Hindi Vyakaran Tatha Rachna (For Acad. Year 2023-24),,9,Active,
8000,पाठ 9 शब्द भंडार,9,CBSE,Class 3,Hindi,Hindi Vyakaran Sudha (For Acad. Year 2023-24),,9,Active,
8001,पाठ 9 शब्द भंडार,9,CBSE,Class 5,Hindi,Hindi Vyakaran Sudha (For Acad. Year 2023-24),,9,Active,
8002,पाठ 9 सच्चा तीर्थयात्री,9,CBSE,Class 8,Hindi,Meri Apni Hindi,,9,Active,
8003,पाठ 9 संज्ञा,9,CBSE,Class 8,Hindi,Naveen Hindi Vyakaran Tatha Rachna (For Acad. Year 2023-24),,9,Active,
8004,पाठ 9 संज्ञा  विकार : लिंग,9,CBSE,Class 7,Hindi,Naveen Hindi Vyakaran Tatha Rachna (For Acad. Year 2023-24),,9,Active,
8005,पाठ 9 सर्वनाम,9,CBSE,Class 6,Hindi,Hindi Vyakaran Sudha (For Acad. Year 2023-24),,9,Active,
8006,पाठ 9 सर्वनाम,9,CBSE,Class 7,Hindi,Hindi Vyakaran Sudha (For Acad. Year 2023-24),,9,Active,
8007,पाठ 9 अश्विन की डायरी,9,CBSE,Class 4,Hindi,Veena Hindi Pathmala,,9,Active,
8008,पाठ 9 उठो धरा के अमर सपूतो,9,CBSE,Class 5,Hindi,Veena Hindi Pathmala,,9,Active,
8009,पाठ 9 एक शहर है फूलों का,9,ICSE,Class 4,Hindi,Saroj Hindi Pathmala,,9,Active,
8010,पाठ 9 प्रकृति का संदेश,9,ICSE,Class 5,Hindi,Saroj Hindi Pathmala,,9,Active,
8011,पाठ 9 प्रकृति से सीख,9,CBSE,Class 2,Hindi,Veena Hindi Pathmala,,8,Active,
8012,पाठ 9 मेहनत का मंत्र,9,CBSE,Class 3,Hindi,Veena Hindi Pathmala,,9,Active,
8013,"पाठ 9. अनुस्वार ( ं ), चंद्रबिंदु ( ँ ) तथा विसर्ग (: )",9,ICSE,Class 1,Hindi,Saroj Hindi Pathmala,,9,Active,
8014,पाठ 9. सुनहरा टापू,9,ICSE,Class 3,Hindi,Saroj Hindi Pathmala,,9,Active,
8015,पाठ 9. होली है,9,ICSE,Class 2,Hindi,Saroj Hindi Pathmala,,9,Active,
8016,बालगीत,6,CBSE,Nursery,Kindergarten,Zig Zag Zoom,,6,Active,
8017,बालगीत,4,CBSE,LKG,Kindergarten,Zig Zag Zoom,,4,Active,
8018,बालगीत,1,CBSE,UKG,Kindergarten,Zig Zag Zoom,,1,Active,
8019,बालगीत : 1 चंदा मामा,1,CBSE,Nursery,Kindergarten,Zig Zag Zoom,,1,Active,
8020,बालगीत : 1 सवेरा,1,CBSE,LKG,Kindergarten,Zig Zag Zoom,,1,Active,
8021,बालगीत : 10 गुब्बारे,10,CBSE,LKG,Kindergarten,Zig Zag Zoom,,10,Active,
8022,बालगीत : 10 मछली रानी,10,CBSE,Nursery,Kindergarten,Zig Zag Zoom,,10,Active,
8023,बालगीत : 11 बारिश,11,CBSE,Nursery,Kindergarten,Zig Zag Zoom,,11,Active,
8024,बालगीत : 11 हाथी,11,CBSE,LKG,Kindergarten,Zig Zag Zoom,,11,Active,
8025,बालगीत : 12 मेरी प्यारी माँ,12,CBSE,LKG,Kindergarten,Zig Zag Zoom,,12,Active,
8026,बालगीत : 12 रेल,12,CBSE,Nursery,Kindergarten,Zig Zag Zoom,,12,Active,
8027,बालगीत : 2 आम,2,CBSE,Nursery,Kindergarten,Zig Zag Zoom,,2,Active,
8028,बालगीत : 2 चीं चीं चीं,2,CBSE,LKG,Kindergarten,Zig Zag Zoom,,2,Active,
8029,बालगीत : 3 तितली,3,CBSE,LKG,Kindergarten,Zig Zag Zoom,,3,Active,
8030,बालगीत : 3 पतंग,3,CBSE,Nursery,Kindergarten,Zig Zag Zoom,,3,Active,
8031,बालगीत : 4 चुहिया,4,CBSE,Nursery,Kindergarten,Zig Zag Zoom,,4,Active,
8032,बालगीत : 4 दीपावली,4,CBSE,LKG,Kindergarten,Zig Zag Zoom,,4,Active,
8033,बालगीत : 5 मछली रानी,5,CBSE,LKG,Kindergarten,Zig Zag Zoom,,5,Active,
8034,बालगीत : 5 हाथी,5,CBSE,Nursery,Kindergarten,Zig Zag Zoom,,5,Active,
8035,बालगीत : 6 चिड़िया,6,CBSE,Nursery,Kindergarten,Zig Zag Zoom,,6,Active,
8036,बालगीत : 6 बदल आए,6,CBSE,LKG,Kindergarten,Zig Zag Zoom,,6,Active,
8037,बालगीत : 7 मोर,7,CBSE,Nursery,Kindergarten,Zig Zag Zoom,,7,Active,
8038,बालगीत : 7 होली आई,7,CBSE,LKG,Kindergarten,Zig Zag Zoom,,7,Active,
8039,बालगीत : 8 कौन क्या कहता,8,CBSE,LKG,Kindergarten,Zig Zag Zoom,,8,Active,
8040,बालगीत : 8 तितली,8,CBSE,Nursery,Kindergarten,Zig Zag Zoom,,8,Active,
8041,बालगीत : 9 दीपावली,9,CBSE,Nursery,Kindergarten,Zig Zag Zoom,,9,Active,
8042,बालगीत : 9 हाय राम,9,CBSE,LKG,Kindergarten,Zig Zag Zoom,,9,Active,
8043,बालगीत : Chapter 1 विनती,1,CBSE,UKG,Kindergarten,Zig Zag Zoom,,1,Active,
8044,बालगीत : Chapter 10 मेढक को जुकाम,10,CBSE,UKG,Kindergarten,Zig Zag Zoom,,10,Active,
8045,बालगीत : Chapter 11 गर्मी आई,11,CBSE,UKG,Kindergarten,Zig Zag Zoom,,11,Active,
8046,बालगीत : Chapter 12 चालक लोमड़ी,12,CBSE,UKG,Kindergarten,Zig Zag Zoom,,12,Active,
8047,बालगीत : Chapter 2 हाथी दादा,2,CBSE,UKG,Kindergarten,Zig Zag Zoom,,2,Active,
8048,बालगीत : Chapter 3 गाते फूल,3,CBSE,UKG,Kindergarten,Zig Zag Zoom,,3,Active,
8049,बालगीत : Chapter 4 होली का हुड़दंग,4,CBSE,UKG,Kindergarten,Zig Zag Zoom,,4,Active,
8050,बालगीत : Chapter 5 अ आ इ ई,5,CBSE,UKG,Kindergarten,Zig Zag Zoom,,5,Active,
8051,बालगीत : Chapter 6 गिलहरी,6,CBSE,UKG,Kindergarten,Zig Zag Zoom,,6,Active,
8052,बालगीत : Chapter 7 टन टन टन,7,CBSE,UKG,Kindergarten,Zig Zag Zoom,,7,Active,
8053,बालगीत : Chapter 8 पेड़,8,CBSE,UKG,Kindergarten,Zig Zag Zoom,,8,Active,
8054,बालगीत : Chapter 9 बत्ती,9,CBSE,UKG,Kindergarten,Zig Zag Zoom,,9,Active,
8055,मेरा पहला अक्षर,7,CBSE,Nursery,Kindergarten,Zig Zag Zoom,,7,Active,
8056,मेरा पहला अक्षर,3,CBSE,LKG,Kindergarten,Zig Zag Zoom,,3,Active,
8057,मेरा पहला अक्षर,3,CBSE,Nursery,Kindergarten,Zig Zag Zoom,,3,Active,
8058,मेरा पहला अक्षर,3,CBSE,UKG,Kindergarten,Zig Zag Zoom,,3,Active,
8059,मेरा पहला अक्षर : 1 स्कूल का पहला दिन,14,CBSE,Nursery,Kindergarten,Zig Zag Zoom,,14,Active,
8060,मेरा पहला अक्षर : 1 हमारी दुनिया,14,CBSE,LKG,Kindergarten,Zig Zag Zoom,,14,Active,
8061,मेरा पहला अक्षर : 10 ट से ण,23,CBSE,Nursery,Kindergarten,Zig Zag Zoom,,23,Active,
8062,मेरा पहला अक्षर : 10 अन्य व्यंजन,23,CBSE,LKG,Kindergarten,Zig Zag Zoom,,23,Active,
8063,मेरा पहला अक्षर : 11 आओ दोहराएँ,24,CBSE,LKG,Kindergarten,Zig Zag Zoom,,24,Active,
8064,मेरा पहला अक्षर : 11 त से न,24,CBSE,Nursery,Kindergarten,Zig Zag Zoom,,24,Active,
8065,मेरा पहला अक्षर : 12 दो अक्षरो वाले बिना मात्रा के शब्द,25,CBSE,LKG,Kindergarten,Zig Zag Zoom,,25,Active,
8066,मेरा पहला अक्षर : 12 प से म,25,CBSE,Nursery,Kindergarten,Zig Zag Zoom,,25,Active,
8067,मेरा पहला अक्षर : 13 तीन अक्षरो वाले बिना मात्रा के शब्द,26,CBSE,LKG,Kindergarten,Zig Zag Zoom,,26,Active,
8068,मेरा पहला अक्षर : 13 यसेढ़,26,CBSE,Nursery,Kindergarten,Zig Zag Zoom,,26,Active,
8069,मेरा पहला अक्षर : 14 चार अक्षरो वाले बिना मात्रा के शब्द,27,CBSE,LKG,Kindergarten,Zig Zag Zoom,,27,Active,
8070,मेरा पहला अक्षर : 14 श से ढ,27,CBSE,Nursery,Kindergarten,Zig Zag Zoom,,27,Active,
8071,मेरा पहला अक्षर : 15 अभ्यास,28,CBSE,LKG,Kindergarten,Zig Zag Zoom,,28,Active,
8072,मेरा पहला अक्षर : 15 आओ दोहराएँ,28,CBSE,Nursery,Kindergarten,Zig Zag Zoom,,28,Active,
8073,मेरा पहला अक्षर : 16 अब दोहराएँ,29,CBSE,LKG,Kindergarten,Zig Zag Zoom,,29,Active,
8074,मेरा पहला अक्षर : 2 चिड़ियाघर,15,CBSE,Nursery,Kindergarten,Zig Zag Zoom,,15,Active,
8075,मेरा पहला अक्षर : 2 फलो की टोकरी,15,CBSE,LKG,Kindergarten,Zig Zag Zoom,,15,Active,
8076,मेरा पहला अक्षर : 3 अ से अ:,16,CBSE,LKG,Kindergarten,Zig Zag Zoom,,16,Active,
8077,मेरा पहला अक्षर : 3 स्वर परिचय,16,CBSE,Nursery,Kindergarten,Zig Zag Zoom,,16,Active,
8078,मेरा पहला अक्षर : 4 अ से ऋ,17,CBSE,Nursery,Kindergarten,Zig Zag Zoom,,17,Active,
8079,मेरा पहला अक्षर : 4 क से ङ,17,CBSE,LKG,Kindergarten,Zig Zag Zoom,,17,Active,
8080,मेरा पहला अक्षर : 5 ए से अः,18,CBSE,Nursery,Kindergarten,Zig Zag Zoom,,18,Active,
8081,मेरा पहला अक्षर : 5 च से ञ,18,CBSE,LKG,Kindergarten,Zig Zag Zoom,,18,Active,
8082,मेरा पहला अक्षर : 6 आओ दोहराएँ,19,CBSE,Nursery,Kindergarten,Zig Zag Zoom,,19,Active,
8083,मेरा पहला अक्षर : 6 ट से ण,19,CBSE,LKG,Kindergarten,Zig Zag Zoom,,19,Active,
8084,मेरा पहला अक्षर : 7 आओ दोहराएँ,20,CBSE,Nursery,Kindergarten,Zig Zag Zoom,,20,Active,
8085,मेरा पहला अक्षर : 7 त से न,20,CBSE,LKG,Kindergarten,Zig Zag Zoom,,20,Active,
8086,मेरा पहला अक्षर : 8 क से ड,21,CBSE,Nursery,Kindergarten,Zig Zag Zoom,,21,Active,
8087,मेरा पहला अक्षर : 8 प से म,21,CBSE,LKG,Kindergarten,Zig Zag Zoom,,21,Active,
8088,मेरा पहला अक्षर : 9 च से ञ,22,CBSE,Nursery,Kindergarten,Zig Zag Zoom,,22,Active,
8089,मेरा पहला अक्षर : 9 य से ह,22,CBSE,LKG,Kindergarten,Zig Zag Zoom,,22,Active,
8090,मेरा पहला अक्षर : Chapter 01 चित्रकथा,13,CBSE,UKG,Kindergarten,Zig Zag Zoom,,13,Active,
8091,मेरा पहला अक्षर : Chapter 02 जन्मदिन मुबारक,14,CBSE,UKG,Kindergarten,Zig Zag Zoom,,14,Active,
8092,मेरा पहला अक्षर : Chapter 03 हिंदी वर्णमाला,15,CBSE,UKG,Kindergarten,Zig Zag Zoom,,15,Active,
8093,मेरा पहला अक्षर : Chapter 04 बिना मात्रा के दो अक्षर वाले शब्द,16,CBSE,UKG,Kindergarten,Zig Zag Zoom,,16,Active,
8094,मेरा पहला अक्षर : Chapter 05 बिना मात्रा के तीन अक्षर वाले शब्द,17,CBSE,UKG,Kindergarten,Zig Zag Zoom,,17,Active,
8095,मेरा पहला अक्षर : Chapter 06 बिना मात्रा के चार अक्षर वाले शब्द,18,CBSE,UKG,Kindergarten,Zig Zag Zoom,,18,Active,
8096,मेरा पहला अक्षर : Chapter 07 स्वरों की मात्राएँ ( अ ),19,CBSE,UKG,Kindergarten,Zig Zag Zoom,,19,Active,
8097,मेरा पहला अक्षर : Chapter 08 आ की मात्रा,20,CBSE,UKG,Kindergarten,Zig Zag Zoom,,20,Active,
8098,मेरा पहला अक्षर : Chapter 09 इ की मात्रा,21,CBSE,UKG,Kindergarten,Zig Zag Zoom,,21,Active,
8099,मेरा पहला अक्षर : Chapter 10 ई की मात्रा,22,CBSE,UKG,Kindergarten,Zig Zag Zoom,,22,Active,
8100,मेरा पहला अक्षर : Chapter 11 उ की मात्रा,23,CBSE,UKG,Kindergarten,Zig Zag Zoom,,23,Active,
8101,मेरा पहला अक्षर : Chapter 12 ऊ की मात्रा,24,CBSE,UKG,Kindergarten,Zig Zag Zoom,,24,Active,
8102,मेरा पहला अक्षर : Chapter 13 ऋ की मात्रा,25,CBSE,UKG,Kindergarten,Zig Zag Zoom,,25,Active,
8103,मेरा पहला अक्षर : Chapter 14 ए की मात्रा,26,CBSE,UKG,Kindergarten,Zig Zag Zoom,,26,Active,
8104,मेरा पहला अक्षर : Chapter 15 ऐ की मात्रा,27,CBSE,UKG,Kindergarten,Zig Zag Zoom,,27,Active,
8105,मेरा पहला अक्षर : Chapter 16 ओ की मात्रा,28,CBSE,UKG,Kindergarten,Zig Zag Zoom,,28,Active,
8106,मेरा पहला अक्षर : Chapter 17 औ की मात्रा,29,CBSE,UKG,Kindergarten,Zig Zag Zoom,,29,Active,
8107,मेरा पहला अक्षर : Chapter 18 अं की मात्रा,30,CBSE,UKG,Kindergarten,Zig Zag Zoom,,30,Active,
8108,मेरा पहला अक्षर : Chapter 19 अँ की मात्रा,31,CBSE,UKG,Kindergarten,Zig Zag Zoom,,31,Active,
8109,मेरा पहला अक्षर : Chapter 20 अः की मात्रा,32,CBSE,UKG,Kindergarten,Zig Zag Zoom,,32,Active,
8110,मेरा पहला अक्षर : Chapter 21 गोलू खाना खाएगा,33,CBSE,UKG,Kindergarten,Zig Zag Zoom,,33,Active,
8111,मेहनत का फल,4,CBSE,Class 2,Hindi,Nootan Saral Hindi Mala,,1,Active,
8112,लिखो और सीखो,13,CBSE,LKG,Kindergarten,Zig Zag Zoom,,13,Active,
8113,लिखो और सीखो,2,CBSE,UKG,Kindergarten,Zig Zag Zoom,,2,Active,
8114,लिखो और सीखो,13,CBSE,Nursery,Kindergarten,Zig Zag Zoom,,13,Active,
8115,वर्णमाला,1,ICSE,Class 1,Hindi,Saroj Hindi Pathmala,,1,Active,
