Board Name,Class Name,Subject Name,Series Name,Chapter Name,Topic Name,Subtopic Name,Question Type,"Question(If question is mcq or Assertion & Reason  use option 1 to option 4 and in answer give 1,2,3,4 number only not option value, if true false, or any other type question give answer in answer coloumn and for fill in the blanks you can use comma seprator for multiple filling answers eg fill1,fill2, fill3)",Answer,Option1,Option2,Option3,Option4,Explanation,Question Weight(optional),Difficulty Level,Learning Outcomes(optional),"Skills(optional if any seprate with comma ,)","Tags(optional if any seprate with comma ,)","Status(1==active,0=Inactive)"
CBSE,Class 3,English,Stepping Stones,Chapter 3 How the Sultan Found an Honest Man,,,Fill in the blank (QPG),"The guests did not dance as ___________________________________ and they would have
________________________ caught.",N\A,,,,,,Other,Hard,Test Learning Outcome 1,"Skillone,skilltwo","English, STEPPING STONES COURSE BOOK 3",1
CBSE,Class 3,English,Stepping Stones,Chapter 3 How the Sultan Found an Honest Man,,,Fill in the blank (QPG),The ___________________________________________________ for ____________________________________,N\A,,,,,,Other,Hard,Test Learning Outcome 1,"Skillone,skilltwo","English, STEPPING STONES COURSE BOOK 3",1
CBSE,Class 3,English,Stepping Stones,Chapter 3 How the Sultan Found an Honest Man,,,Fill in the blank (QPG),The guests _______________________________________________________________ were punished.,N\A,,,,,,Other,Hard,Test Learning Outcome 1,"Skillone,skilltwo","English, STEPPING STONES COURSE BOOK 3",1
CBSE,Class 3,English,Stepping Stones,Chapter 3 How the Sultan Found an Honest Man,,,Fill in the blank (QPG),The man who _______________________________________________________________ the treasure.,N\A,,,,,,Other,Hard,Test Learning Outcome 1,"Skillone,skilltwo","English, STEPPING STONES COURSE BOOK 3",1
CBSE,Class 3,English,Stepping Stones,Chapter 3 How the Sultan Found an Honest Man,,,Fill in the blank (QPG),My sister _______________ in class one.,N\A,,,,,,Other,Hard,Test Learning Outcome 2,"Skillone,skilltwo","English, STEPPING STONES COURSE BOOK 3",1
CBSE,Class 3,English,Stepping Stones,Chapter 3 How the Sultan Found an Honest Man,,,Fill in the blank (QPG),Raman ________________ the best speaker of our class.,N\A,,,,,,Other,Hard,Test Learning Outcome 3,"Skillone,skilltwo","English, STEPPING STONES COURSE BOOK 3",1
CBSE,Class 3,English,Stepping Stones,Chapter 3 How the Sultan Found an Honest Man,,,Fill in the blank (QPG),Sunita _______________ singing on the stage.,N\A,,,,,,Other,Hard,Test Learning Outcome 4,"Skillone,skilltwo","English, STEPPING STONES COURSE BOOK 3",1
CBSE,Class 3,English,Stepping Stones,Chapter 3 How the Sultan Found an Honest Man,,,Fill in the blank (QPG),The boys ________________ playing football.,N\A,,,,,,Other,Hard,Test Learning Outcome 5,"Skillone,skilltwo","English, STEPPING STONES COURSE BOOK 3",1
CBSE,Class 3,English,Stepping Stones,Chapter 3 How the Sultan Found an Honest Man,,,Fill in the blank (QPG),The stars _________________ shining in the sky.,N\A,,,,,,Other,Hard,Test Learning Outcome 6,"Skillone,skilltwo","English, STEPPING STONES COURSE BOOK 3",1
CBSE,Class 3,English,Stepping Stones,Chapter 3 How the Sultan Found an Honest Man,,,Fill in the blank (QPG),They _________________ going to the market.,N\A,,,,,,Other,Hard,Test Learning Outcome 7,"Skillone,skilltwo","English, STEPPING STONES COURSE BOOK 3",1
CBSE,Class 3,English,Stepping Stones,Chapter 3 How the Sultan Found an Honest Man,,,Fill in the blank (QPG),This _______________ a beautiful card.,N\A,,,,,,Other,Hard,Test Learning Outcome 8,"Skillone,skilltwo","English, STEPPING STONES COURSE BOOK 3",1
CBSE,Class 3,English,Stepping Stones,Chapter 3 How the Sultan Found an Honest Man,,,Fill in the blank (QPG),"This _______________ a school rule, your must be punctual.",N\A,,,,,,Other,Hard,Test Learning Outcome 9,"Skillone,skilltwo","English, STEPPING STONES COURSE BOOK 3",1
CBSE,Class 3,English,Stepping Stones,Chapter 3 How the Sultan Found an Honest Man,,,Fill in the blank (QPG),Who _______________ your partner in this game?,N\A,,,,,,Other,Hard,Test Learning Outcome 10,"Skillone,skilltwo","English, STEPPING STONES COURSE BOOK 3",1
CBSE,Class 3,English,Stepping Stones,Chapter 3 How the Sultan Found an Honest Man,,,Fill in the blank (QPG),You _______________ a very naughty boy.,N\A,,,,,,Other,Hard,Test Learning Outcome 11,"Skillone,skilltwo","English, STEPPING STONES COURSE BOOK 3",1
CBSE,Class 3,English,Stepping Stones,Chapter 3 How the Sultan Found an Honest Man,,,Short Answer Questions (QPG),Describe the passage through which the guests had to pass for the feast.,N\A,,,,,,Other,Hard,Test Learning Outcome 12,"Skillone,skilltwo","English, STEPPING STONES COURSE BOOK 3",1
CBSE,Class 3,English,Stepping Stones,Chapter 3 How the Sultan Found an Honest Man,,,Short Answer Questions (QPG),How did the Vizier find the honest man?,N\A,,,,,,Other,Hard,Test Learning Outcome 13,"Skillone,skilltwo","English, STEPPING STONES COURSE BOOK 3",1
CBSE,Class 3,English,Stepping Stones,Chapter 3 How the Sultan Found an Honest Man,,,Short Answer Questions (QPG),What advice did the Vizier give the Sultan?,N\A,,,,,,Other,Hard,Test Learning Outcome 14,"Skillone,skilltwo","English, STEPPING STONES COURSE BOOK 3",1
CBSE,Class 3,English,Stepping Stones,Chapter 3 How the Sultan Found an Honest Man,,,Short Answer Questions (QPG),What did the Sultan ask his guests to do after they had eaten ?,N\A,,,,,,Other,Hard,Test Learning Outcome 15,"Skillone,skilltwo","English, STEPPING STONES COURSE BOOK 3",1
CBSE,Class 3,English,Stepping Stones,Chapter 3 How the Sultan Found an Honest Man,,,Short Answer Questions (QPG),Why did the Sultan call the Vizier?,N\A,,,,,,Other,Hard,Test Learning Outcome 16,"Skillone,skilltwo","English, STEPPING STONES COURSE BOOK 3",1
CBSE,Class 3,English,Stepping Stones,Chapter 5 Robinson Crusoe,,,Fill in the blank (QPG),"A huge elephant stood on the road, but the ___________________
rabbit ran away.",N\A,,,,,,Other,Hard,Test Learning Outcome 17,"Skillone,skilltwo","English, STEPPING STONES COURSE BOOK 3",1
CBSE,Class 3,English,Stepping Stones,Chapter 5 Robinson Crusoe,,,Fill in the blank (QPG),"The old man is sitting, but his ________________________________
son is playing.",N\A,,,,,,Other,Hard,Test Learning Outcome 18,"Skillone,skilltwo","English, STEPPING STONES COURSE BOOK 3",1
CBSE,Class 3,English,Stepping Stones,Chapter 5 Robinson Crusoe,,,Fill in the blank (QPG),Bali has new shoes but mine are ________________________________,N\A,,,,,,Other,Hard,Test Learning Outcome 19,"Skillone,skilltwo","English, STEPPING STONES COURSE BOOK 3",1
CBSE,Class 3,English,Stepping Stones,Chapter 5 Robinson Crusoe,,,Fill in the blank (QPG),Honey is sweet but lemons are ________________sour______________.,N\A,,,,,,Other,Hard,Test Learning Outcome 20,"Skillone,skilltwo","English, STEPPING STONES COURSE BOOK 3",1
CBSE,Class 3,English,Stepping Stones,Chapter 5 Robinson Crusoe,,,Fill in the blank (QPG),Lions are strong but deer are ________________________________,N\A,,,,,,Other,Hard,Test Learning Outcome 21,"Skillone,skilltwo","English, STEPPING STONES COURSE BOOK 3",1
CBSE,Class 3,English,Stepping Stones,Chapter 5 Robinson Crusoe,,,Fill in the blank (QPG),Mr. Bose is rich but his servant is ______________________________,N\A,,,,,,Other,Hard,Test Learning Outcome 22,"Skillone,skilltwo","English, STEPPING STONES COURSE BOOK 3",1
CBSE,Class 3,English,Stepping Stones,Chapter 5 Robinson Crusoe,,,Fill in the blank (QPG),My hair are black but my grandma’s are ______________________________,N\A,,,,,,Other,Hard,Test Learning Outcome 23,"Skillone,skilltwo","English, STEPPING STONES COURSE BOOK 3",1
CBSE,Class 3,English,Stepping Stones,Chapter 5 Robinson Crusoe,,,Fill in the blank (QPG),Raman is hardworking but Kabeer is __________________________,N\A,,,,,,Other,Hard,Test Learning Outcome 24,"Skillone,skilltwo","English, STEPPING STONES COURSE BOOK 3",1
CBSE,Class 3,English,Stepping Stones,Chapter 5 Robinson Crusoe,,,Fill in the blank (QPG),This knife is sharp but that one is ________________________________,N\A,,,,,,Other,Hard,Test Learning Outcome 25,"Skillone,skilltwo","English, STEPPING STONES COURSE BOOK 3",1
CBSE,Class 3,English,Stepping Stones,Chapter 5 Robinson Crusoe,,,Fill in the blank (QPG),Winters are cold but summers are ______________________________________,N\A,,,,,,Other,Hard,Test Learning Outcome 26,"Skillone,skilltwo","English, STEPPING STONES COURSE BOOK 3",1
CBSE,Class 3,English,Stepping Stones,Chapter 5 Robinson Crusoe,,,Short Answer Questions (QPG),Describe how Crusoe was shipwrecked.,N\A,,,,,,Other,Hard,Test Learning Outcome 27,"Skillone,skilltwo","English, STEPPING STONES COURSE BOOK 3",1
CBSE,Class 3,English,Stepping Stones,Chapter 5 Robinson Crusoe,,,Short Answer Questions (QPG),How did Robinson Crusoe reach the shore?,N\A,,,,,,Other,Hard,Test Learning Outcome 28,"Skillone,skilltwo","English, STEPPING STONES COURSE BOOK 3",1
CBSE,Class 3,English,Stepping Stones,Chapter 5 Robinson Crusoe,,,Short Answer Questions (QPG),What did he find in his pockets?,N\A,,,,,,Other,Hard,Test Learning Outcome 29,"Skillone,skilltwo","English, STEPPING STONES COURSE BOOK 3",1
CBSE,Class 3,English,Stepping Stones,Chapter 5 Robinson Crusoe,,,Short Answer Questions (QPG),What did Robinson want to do when he grew up?,N\A,,,,,,Other,Hard,Test Learning Outcome 30,"Skillone,skilltwo","English, STEPPING STONES COURSE BOOK 3",1
CBSE,Class 3,English,Stepping Stones,Chapter 5 Robinson Crusoe,,,Short Answer Questions (QPG),Why was he worried?,N\A,,,,,,Other,Hard,Test Learning Outcome 31,"Skillone,skilltwo","English, STEPPING STONES COURSE BOOK 3",1
CBSE,Class 3,English,Stepping Stones,Chapter 4 The Bun The Wind (Poem),,,Fill in the blank (QPG),The boys ____________________ on the street.,N\A,,,,,,Other,Hard,Test Learning Outcome 32,"Skillone,skilltwo","English, STEPPING STONES COURSE BOOK 3",1
CBSE,Class 3,English,Stepping Stones,Chapter 4 The Bun The Wind (Poem),,,Fill in the blank (QPG),The driver ____________________ the car very fast.,N\A,,,,,,Other,Hard,Test Learning Outcome 33,"Skillone,skilltwo","English, STEPPING STONES COURSE BOOK 3",1
CBSE,Class 3,English,Stepping Stones,Chapter 4 The Bun The Wind (Poem),,,Fill in the blank (QPG),The peacock ____________________ its tail like a fan.,N\A,,,,,,Other,Hard,Test Learning Outcome 34,"Skillone,skilltwo","English, STEPPING STONES COURSE BOOK 3",1
CBSE,Class 3,English,Stepping Stones,Chapter 4 The Bun The Wind (Poem),,,Fill in the blank (QPG),The teacher ____________________ us a new lesson.,N\A,,,,,,Other,Hard,Test Learning Outcome 35,"Skillone,skilltwo","English, STEPPING STONES COURSE BOOK 3",1
CBSE,Class 3,English,Stepping Stones,Chapter 4 The Bun The Wind (Poem),,,Fill in the blank (QPG),______________________ are your balls?,N\A,,,,,,Other,Hard,Test Learning Outcome 36,"Skillone,skilltwo","English, STEPPING STONES COURSE BOOK 3",1
CBSE,Class 3,English,Stepping Stones,Chapter 4 The Bun The Wind (Poem),,,Fill in the blank (QPG),"The ______________________ lost the race to the slow
and steady tortoise.",N\A,,,,,,Other,Hard,Test Learning Outcome 37,"Skillone,skilltwo","English, STEPPING STONES COURSE BOOK 3",1
CBSE,Class 3,English,Stepping Stones,Chapter 4 The Bun The Wind (Poem),,,Fill in the blank (QPG),"We _______________________ to get up early tomorrow, as we are leaving
for Mumbai.",N\A,,,,,,Other,Hard,Test Learning Outcome 38,"Skillone,skilltwo","English, STEPPING STONES COURSE BOOK 3",1
CBSE,Class 3,English,Stepping Stones,Chapter 4 The Bun The Wind (Poem),,,Fill in the blank (QPG),Goldilocks ate up the porridge of the baby ______________________,N\A,,,,,,Other,Hard,Test Learning Outcome 39,"Skillone,skilltwo","English, STEPPING STONES COURSE BOOK 3",1
CBSE,Class 3,English,Stepping Stones,Chapter 4 The Bun The Wind (Poem),,,Fill in the blank (QPG),He __________________________ to go to the market just now.,N\A,,,,,,Other,Hard,Test Learning Outcome 40,"Skillone,skilltwo","English, STEPPING STONES COURSE BOOK 3",1
CBSE,Class 3,English,Stepping Stones,Chapter 4 The Bun The Wind (Poem),,,Fill in the blank (QPG),I __________________________ to play football today.,N\A,,,,,,Other,Hard,Test Learning Outcome 41,"Skillone,skilltwo","English, STEPPING STONES COURSE BOOK 3",1
CBSE,Class 3,English,Stepping Stones,Chapter 4 The Bun The Wind (Poem),,,Fill in the blank (QPG),Is ________________________ any milk in the jug?,N\A,,,,,,Other,Hard,Test Learning Outcome 42,"Skillone,skilltwo","English, STEPPING STONES COURSE BOOK 3",1
CBSE,Class 3,English,Stepping Stones,Chapter 4 The Bun The Wind (Poem),,,Fill in the blank (QPG),It is better to eat whole wheat ______________________,N\A,,,,,,Other,Hard,Test Learning Outcome 43,"Skillone,skilltwo","English, STEPPING STONES COURSE BOOK 3",1
CBSE,Class 3,English,Stepping Stones,Chapter 4 The Bun The Wind (Poem),,,Fill in the blank (QPG),My friend has long beautiful ______________________,N\A,,,,,,Other,Hard,Test Learning Outcome 44,"Skillone,skilltwo","English, STEPPING STONES COURSE BOOK 3",1
CBSE,Class 3,English,Stepping Stones,Chapter 4 The Bun The Wind (Poem),,,Fill in the blank (QPG),No one has ______________ the wind.,N\A,,,,,,Other,Hard,Test Learning Outcome 45,"Skillone,skilltwo","English, STEPPING STONES COURSE BOOK 3",1
CBSE,Class 3,English,Stepping Stones,Chapter 4 The Bun The Wind (Poem),,,Fill in the blank (QPG),"Nobody has cleaned the ______________________ today, it is dirty.",N\A,,,,,,Other,Hard,Test Learning Outcome 46,"Skillone,skilltwo","English, STEPPING STONES COURSE BOOK 3",1
CBSE,Class 3,English,Stepping Stones,Chapter 4 The Bun The Wind (Poem),,,Fill in the blank (QPG),She __________________________ two new dresses for the party.,N\A,,,,,,Other,Hard,Test Learning Outcome 47,"Skillone,skilltwo","English, STEPPING STONES COURSE BOOK 3",1
CBSE,Class 3,English,Stepping Stones,Chapter 4 The Bun The Wind (Poem),,,Fill in the blank (QPG),The bad ______________________ cursed the little princess.,N\A,,,,,,Other,Hard,Test Learning Outcome 48,"Skillone,skilltwo","English, STEPPING STONES COURSE BOOK 3",1
CBSE,Class 3,English,Stepping Stones,Chapter 4 The Bun The Wind (Poem),,,Fill in the blank (QPG),The boy ____________________ lost his pen and could not find it yesterday.,N\A,,,,,,Other,Hard,Test Learning Outcome 49,"Skillone,skilltwo","English, STEPPING STONES COURSE BOOK 3",1
CBSE,Class 3,English,Stepping Stones,Chapter 4 The Bun The Wind (Poem),,,Fill in the blank (QPG),The horse ______________________ down the road.,N\A,,,,,,Other,Hard,Test Learning Outcome 50,"Skillone,skilltwo","English, STEPPING STONES COURSE BOOK 3",1
CBSE,Class 3,English,Stepping Stones,Chapter 4 The Bun The Wind (Poem),,,Fill in the blank (QPG),The monkeys ____________________ on the trees.,N\A,,,,,,Other,Hard,Test Learning Outcome 51,"Skillone,skilltwo","English, STEPPING STONES COURSE BOOK 3",1
CBSE,Class 3,English,Stepping Stones,Chapter 4 The Bun The Wind (Poem),,,Fill in the blank (QPG),The moon ______________________ at night.,N\A,,,,,,Other,Hard,Test Learning Outcome 52,"Skillone,skilltwo","English, STEPPING STONES COURSE BOOK 3",1
CBSE,Class 3,English,Stepping Stones,Chapter 4 The Bun The Wind (Poem),,,Fill in the blank (QPG),The ox ____________________ the heavy carts.,N\A,,,,,,Other,Hard,Test Learning Outcome 53,"Skillone,skilltwo","English, STEPPING STONES COURSE BOOK 3",1
CBSE,Class 3,English,Stepping Stones,Chapter 4 The Bun The Wind (Poem),,,Fill in the blank (QPG),The room was ______________________ with no furniture in it.,N\A,,,,,,Other,Hard,Test Learning Outcome 54,"Skillone,skilltwo","English, STEPPING STONES COURSE BOOK 3",1
CBSE,Class 3,English,Stepping Stones,Chapter 4 The Bun The Wind (Poem),,,Fill in the blank (QPG),The soldiers ____________________ along the river.,N\A,,,,,,Other,Hard,Test Learning Outcome 55,"Skillone,skilltwo","English, STEPPING STONES COURSE BOOK 3",1
CBSE,Class 3,English,Stepping Stones,Chapter 4 The Bun The Wind (Poem),,,Fill in the blank (QPG),The trees bend when the wind is passing ___________.,N\A,,,,,,Other,Hard,Test Learning Outcome 56,"Skillone,skilltwo","English, STEPPING STONES COURSE BOOK 3",1
CBSE,Class 3,English,Stepping Stones,Chapter 4 The Bun The Wind (Poem),,,Fill in the blank (QPG),"These are ______________________ books, not ours.",N\A,,,,,,Other,Hard,Test Learning Outcome 57,"Skillone,skilltwo","English, STEPPING STONES COURSE BOOK 3",1
CBSE,Class 3,English,Stepping Stones,Chapter 4 The Bun The Wind (Poem),,,Fill in the blank (QPG),They __________________________ two cars.,N\A,,,,,,Other,Hard,Test Learning Outcome 58,"Skillone,skilltwo","English, STEPPING STONES COURSE BOOK 3",1
CBSE,Class 3,English,Stepping Stones,Chapter 4 The Bun The Wind (Poem),,,Fill in the blank (QPG),They __________________________ two tickets for the music programme.,N\A,,,,,,Other,Hard,Test Learning Outcome 59,"Skillone,skilltwo","English, STEPPING STONES COURSE BOOK 3",1
CBSE,Class 3,English,Stepping Stones,Chapter 4 The Bun The Wind (Poem),,,Fill in the blank (QPG),When leaves shake we know that the wind is passing ____________ them.,N\A,,,,,,Other,Hard,Test Learning Outcome 60,"Skillone,skilltwo","English, STEPPING STONES COURSE BOOK 3",1
CBSE,Class 3,English,Stepping Stones,Chapter 4 The Bun The Wind (Poem),,,Fill in the blank (QPG),"Where __________________________ you been the whole day, boys?",N\A,,,,,,Other,Hard,Test Learning Outcome 61,"Skillone,skilltwo","English, STEPPING STONES COURSE BOOK 3",1
CBSE,Class 3,English,Stepping Stones,Chapter 4 The Bun The Wind (Poem),,,Fill in the blank (QPG),You __________________________ to exercise every day to remain healthy.,N\A,,,,,,Other,Hard,Test Learning Outcome 62,"Skillone,skilltwo","English, STEPPING STONES COURSE BOOK 3",1
CBSE,Class 3,English,Stepping Stones,Chapter 4 The Bun The Wind (Poem),,,Short Answer Questions (QPG),How did the old woman make the bun?,N\A,,,,,,Other,Hard,Test Learning Outcome 63,"Skillone,skilltwo","English, STEPPING STONES COURSE BOOK 3",1
CBSE,Class 3,English,Stepping Stones,Chapter 4 The Bun The Wind (Poem),,,Short Answer Questions (QPG),What did the old man ask the old woman to do?,N\A,,,,,,Other,Hard,Test Learning Outcome 64,"Skillone,skilltwo","English, STEPPING STONES COURSE BOOK 3",1
CBSE,Class 3,English,Stepping Stones,Chapter 4 The Bun The Wind (Poem),,,Short Answer Questions (QPG),What did the old woman complain about?,N\A,,,,,,Other,Hard,Test Learning Outcome 65,"Skillone,skilltwo","English, STEPPING STONES COURSE BOOK 3",1
CBSE,Class 3,English,Stepping Stones,Chapter 4 The Bun The Wind (Poem),,,Short Answer Questions (QPG),Where did the old woman and the old man live?,N\A,,,,,,Other,Hard,Test Learning Outcome 66,"Skillone,skilltwo","English, STEPPING STONES COURSE BOOK 3",1
CBSE,Class 3,English,Stepping Stones,Chapter 4 The Bun The Wind (Poem),,,Short Answer Questions (QPG),Write in order the names of animals the bun met as it rolled down the road.,N\A,,,,,,Other,Hard,Test Learning Outcome 67,"Skillone,skilltwo","English, STEPPING STONES COURSE BOOK 3",1
CBSE,Class 3,English,Stepping Stones,Chapter 1 The Evergreens,,,Fill in the blank (QPG),"Give the describing words used in the poem for the following naming words.
(a) _________ sky (b) _________ garden (c) _________ roof (d) _________ river",N\A,,,,,,Other,Hard,Test Learning Outcome 68,"Skillone,skilltwo","English, STEPPING STONES COURSE BOOK 3",1
CBSE,Class 3,English,Stepping Stones,Chapter 1 The Evergreens,,,Fill in the blank (QPG),Each _______________________________ plant one.,N\A,,,,,,Other,Hard,Test Learning Outcome 69,"Skillone,skilltwo","English, STEPPING STONES COURSE BOOK 3",1
CBSE,Class 3,English,Stepping Stones,Chapter 1 The Evergreens,,,Fill in the blank (QPG),"Great, wide, beautiful, wonderful _______________________________.",N\A,,,,,,Other,Hard,Test Learning Outcome 70,"Skillone,skilltwo","English, STEPPING STONES COURSE BOOK 3",1
CBSE,Class 3,English,Stepping Stones,Chapter 1 The Evergreens,,,Fill in the blank (QPG),It is the most pleasant thing ______________________________________ .,N\A,,,,,,Other,Hard,Test Learning Outcome 71,"Skillone,skilltwo","English, STEPPING STONES COURSE BOOK 3",1
CBSE,Class 3,English,Stepping Stones,Chapter 1 The Evergreens,,,Fill in the blank (QPG),Save _______________________________ planet.,N\A,,,,,,Other,Hard,Test Learning Outcome 72,"Skillone,skilltwo","English, STEPPING STONES COURSE BOOK 3",1
CBSE,Class 3,English,Stepping Stones,Chapter 1 The Evergreens,,,Fill in the blank (QPG),The _________________________ planet ________________________ __________________________.,N\A,,,,,,Other,Hard,Test Learning Outcome 73,"Skillone,skilltwo","English, STEPPING STONES COURSE BOOK 3",1
CBSE,Class 3,English,Stepping Stones,Chapter 1 The Evergreens,,,Fill in the blank (QPG),The beautiful ________________________________________.,N\A,,,,,,Other,Hard,Test Learning Outcome 74,"Skillone,skilltwo","English, STEPPING STONES COURSE BOOK 3",1
CBSE,Class 3,English,Stepping Stones,Chapter 1 The Evergreens,,,Fill in the blank (QPG),"The child can see rivers, ___________________________ ______________________.",N\A,,,,,,Other,Hard,Test Learning Outcome 75,"Skillone,skilltwo","English, STEPPING STONES COURSE BOOK 3",1
CBSE,Class 3,English,Stepping Stones,Chapter 1 The Evergreens,,,Fill in the blank (QPG),The swing goes up ______________________________________,N\A,,,,,,Other,Hard,Test Learning Outcome 76,"Skillone,skilltwo","English, STEPPING STONES COURSE BOOK 3",1
CBSE,Class 3,English,Stepping Stones,Chapter 1 The Evergreens,,,Fill in the blank (QPG),"When she looks down, she can see ________________ and __________________",N\A,,,,,,Other,Hard,Test Learning Outcome 77,"Skillone,skilltwo","English, STEPPING STONES COURSE BOOK 3",1
CBSE,Class 3,English,Stepping Stones,Chapter 1 The Evergreens,,,Fill in the blank (QPG),_______________________ and __________________________ make four.,N\A,,,,,,Other,Hard,Test Learning Outcome 78,"Skillone,skilltwo","English, STEPPING STONES COURSE BOOK 3",1
CBSE,Class 3,English,Stepping Stones,Chapter 1 The Evergreens,,,Fill in the blank (QPG),"_______________________ at the dog, it is chasing the cat.",N\A,,,,,,Other,Hard,Test Learning Outcome 79,"Skillone,skilltwo","English, STEPPING STONES COURSE BOOK 3",1
CBSE,Class 3,English,Stepping Stones,Chapter 1 The Evergreens,,,Fill in the blank (QPG),Do you _______________________ where the kite is?,N\A,,,,,,Other,Hard,Test Learning Outcome 80,"Skillone,skilltwo","English, STEPPING STONES COURSE BOOK 3",1
CBSE,Class 3,English,Stepping Stones,Chapter 1 The Evergreens,,,Fill in the blank (QPG),I _______________________ not want to watch T.V.,N\A,,,,,,Other,Hard,Test Learning Outcome 81,"Skillone,skilltwo","English, STEPPING STONES COURSE BOOK 3",1
CBSE,Class 3,English,Stepping Stones,Chapter 1 The Evergreens,,,Fill in the blank (QPG),I like him _______________________________.,N\A,,,,,,Other,Hard,Test Learning Outcome 82,"Skillone,skilltwo","English, STEPPING STONES COURSE BOOK 3",1
CBSE,Class 3,English,Stepping Stones,Chapter 1 The Evergreens,,,Fill in the blank (QPG),It is fun to travel in a ____________________________________.,N\A,,,,,,Other,Hard,Test Learning Outcome 83,"Skillone,skilltwo","English, STEPPING STONES COURSE BOOK 3",1
CBSE,Class 3,English,Stepping Stones,Chapter 1 The Evergreens,,,Fill in the blank (QPG),Some animals have thick _______________________________ on their bodies.,N\A,,,,,,Other,Hard,Test Learning Outcome 84,"Skillone,skilltwo","English, STEPPING STONES COURSE BOOK 3",1
CBSE,Class 3,English,Stepping Stones,Chapter 1 The Evergreens,,,Fill in the blank (QPG),The ____________________________ of cattle were in the meadow.,N\A,,,,,,Other,Hard,Test Learning Outcome 85,"Skillone,skilltwo","English, STEPPING STONES COURSE BOOK 3",1
CBSE,Class 3,English,Stepping Stones,Chapter 1 The Evergreens,,,Fill in the blank (QPG),The ___________________________________ tree is decorated at Christmas.,N\A,,,,,,Other,Hard,Test Learning Outcome 86,"Skillone,skilltwo","English, STEPPING STONES COURSE BOOK 3",1
CBSE,Class 3,English,Stepping Stones,Chapter 1 The Evergreens,,,Fill in the blank (QPG),The bird ________________________________ over the hill.,N\A,,,,,,Other,Hard,Test Learning Outcome 87,"Skillone,skilltwo","English, STEPPING STONES COURSE BOOK 3",1
CBSE,Class 3,English,Stepping Stones,Chapter 1 The Evergreens,,,Fill in the blank (QPG),"The boy is down with _______________________, so he cannot go to school.",N\A,,,,,,Other,Hard,Test Learning Outcome 88,"Skillone,skilltwo","English, STEPPING STONES COURSE BOOK 3",1
CBSE,Class 3,English,Stepping Stones,Chapter 1 The Evergreens,,,Fill in the blank (QPG),We _________________________________ a noise.,N\A,,,,,,Other,Hard,Test Learning Outcome 89,"Skillone,skilltwo","English, STEPPING STONES COURSE BOOK 3",1
CBSE,Class 3,English,Stepping Stones,Chapter 1 The Evergreens,,,Fill in the blank (QPG),We are going ________________________ school.,N\A,,,,,,Other,Hard,Test Learning Outcome 90,"Skillone,skilltwo","English, STEPPING STONES COURSE BOOK 3",1
CBSE,Class 3,English,Stepping Stones,Chapter 1 The Evergreens,,,Fill in the blank (QPG),We were given a ______________________________ sheet of paper to write.,N\A,,,,,,Other,Hard,Test Learning Outcome 91,"Skillone,skilltwo","English, STEPPING STONES COURSE BOOK 3",1
CBSE,Class 3,English,Stepping Stones,Chapter 1 The Evergreens,,,Fill in the blank (QPG),You can _______________________ at the temple from the roof.,N\A,,,,,,Other,Hard,Test Learning Outcome 92,"Skillone,skilltwo","English, STEPPING STONES COURSE BOOK 3",1
CBSE,Class 3,English,Stepping Stones,Chapter 1 The Evergreens,,,Fill in the blank (QPG),You must _______________________ out and play in the park.,N\A,,,,,,Other,Hard,Test Learning Outcome 93,"Skillone,skilltwo","English, STEPPING STONES COURSE BOOK 3",1
CBSE,Class 3,English,Stepping Stones,Chapter 1 The Evergreens,,,Short Answer Questions (QPG),"How did King Winter reward the pine, fir and juniper
trees?",N\A,,,,,,Other,Hard,Test Learning Outcome 94,"Skillone,skilltwo","English, STEPPING STONES COURSE BOOK 3",1
CBSE,Class 3,English,Stepping Stones,Chapter 1 The Evergreens,,,Short Answer Questions (QPG),How did she break her wing?,N\A,,,,,,Other,Hard,Test Learning Outcome 95,"Skillone,skilltwo","English, STEPPING STONES COURSE BOOK 3",1
CBSE,Class 3,English,Stepping Stones,Chapter 1 The Evergreens,,,Short Answer Questions (QPG),"How did the pine, the fir and the juniper help the bird?",N\A,,,,,,Other,Hard,Test Learning Outcome 96,"Skillone,skilltwo","English, STEPPING STONES COURSE BOOK 3",1
CBSE,Class 3,English,Stepping Stones,Chapter 1 The Evergreens,,,Short Answer Questions (QPG),What do birds do in winter?,N\A,,,,,,Other,Hard,Test Learning Outcome 97,"Skillone,skilltwo","English, STEPPING STONES COURSE BOOK 3",1
CBSE,Class 3,English,Stepping Stones,Chapter 1 The Evergreens,,,Short Answer Questions (QPG),Why was the bird proud?,N\A,,,,,,Other,Hard,Test Learning Outcome 98,"Skillone,skilltwo","English, STEPPING STONES COURSE BOOK 3",1
CBSE,Class 3,English,Stepping Stones,Chapter 2 The Mouse’s Tale,,,Fill in the blank (QPG),The guards ________________________________ their whistles.,N\A,,,,,,Other,Hard,Test Learning Outcome 99,"Skillone,skilltwo","English, STEPPING STONES COURSE BOOK 3",1
CBSE,Class 3,English,Stepping Stones,Chapter 2 The Mouse’s Tale,,,Fill in the blank (QPG),The horses ________________________________ around the field.,N\A,,,,,,Other,Hard,Test Learning Outcome 100,"Skillone,skilltwo","English, STEPPING STONES COURSE BOOK 3",1
CBSE,Class 3,English,Stepping Stones,Chapter 2 The Mouse’s Tale,,,Fill in the blank (QPG),The monkey ________________________________ the tree.,N\A,,,,,,Other,Hard,Test Learning Outcome 101,"Skillone,skilltwo","English, STEPPING STONES COURSE BOOK 3",1
CBSE,Class 3,English,Stepping Stones,Chapter 2 The Mouse’s Tale,,,Fill in the blank (QPG),The ox ________________________________ the cart.,N\A,,,,,,Other,Hard,Test Learning Outcome 102,"Skillone,skilltwo","English, STEPPING STONES COURSE BOOK 3",1
CBSE,Class 3,English,Stepping Stones,Chapter 2 The Mouse’s Tale,,,Fill in the blank (QPG),The postman ________________________________ letters.,N\A,,,,,,Other,Hard,Test Learning Outcome 103,"Skillone,skilltwo","English, STEPPING STONES COURSE BOOK 3",1
CBSE,Class 3,English,Stepping Stones,Chapter 2 The Mouse’s Tale,,,Fill in the blank (QPG),The rain ________________________________ down the sky.,N\A,,,,,,Other,Hard,Test Learning Outcome 104,"Skillone,skilltwo","English, STEPPING STONES COURSE BOOK 3",1
CBSE,Class 3,English,Stepping Stones,Chapter 2 The Mouse’s Tale,,,Fill in the blank (QPG),The soldiers march along the road.,N\A,,,,,,Other,Hard,Test Learning Outcome 105,"Skillone,skilltwo","English, STEPPING STONES COURSE BOOK 3",1
CBSE,Class 3,English,Stepping Stones,Chapter 2 The Mouse’s Tale,,,Fill in the blank (QPG),The stars ________________________________ in the sky.,N\A,,,,,,Other,Hard,Test Learning Outcome 106,"Skillone,skilltwo","English, STEPPING STONES COURSE BOOK 3",1
CBSE,Class 4,English,Stepping Stones,Chapter 2 Earth Day,,,Fill in the blank (QPG),"“The monitor will _________________________ the money for the picnic”, said the teacher.",N\A,,,,,,Other,Hard,Test Learning Outcome 107,"Skillone,skilltwo","English, STEPPING STONES COURSE BOOK 4",1
CBSE,Class 4,English,Stepping Stones,Chapter 2 Earth Day,,,Fill in the blank (QPG),"Get up quickly, Rohan. They are going to _______________________ breakfast in five
minutes,” said Ram to his friend.",N\A,,,,,,Other,Hard,Test Learning Outcome 108,"Skillone,skilltwo","English, STEPPING STONES COURSE BOOK 4",1
CBSE,Class 4,English,Stepping Stones,Chapter 2 Earth Day,,,Fill in the blank (QPG),"The Earth is also called the _______________ planet because it
supports life (living / dead).",N\A,,,,,,Other,Hard,Test Learning Outcome 109,"Skillone,skilltwo","English, STEPPING STONES COURSE BOOK 4",1
CBSE,Class 4,English,Stepping Stones,Chapter 2 Earth Day,,,Fill in the blank (QPG),"The Earth is covered by 3 parts of ___________________ and only one part of
_______________ (land / water).",N\A,,,,,,Other,Hard,Test Learning Outcome 110,"Skillone,skilltwo","English, STEPPING STONES COURSE BOOK 4",1
CBSE,Class 4,English,Stepping Stones,Chapter 2 Earth Day,,,Fill in the blank (QPG),"The protective shield around the Earth is the _________________ (atmosphere/
vacuum).",N\A,,,,,,Other,Hard,Test Learning Outcome 111,"Skillone,skilltwo","English, STEPPING STONES COURSE BOOK 4",1
CBSE,Class 4,English,Stepping Stones,Chapter 2 Earth Day,,,Fill in the blank (QPG),It is also called the ______________ planet because it supports plant life (red/green).,N\A,,,,,,Other,Hard,Test Learning Outcome 112,"Skillone,skilltwo","English, STEPPING STONES COURSE BOOK 4",1
CBSE,Class 4,English,Stepping Stones,Chapter 2 Earth Day,,,Fill in the blank (QPG),The Earth is called the blue planet because it has __________________ (land/water).,N\A,,,,,,Other,Hard,Test Learning Outcome 113,"Skillone,skilltwo","English, STEPPING STONES COURSE BOOK 4",1
CBSE,Class 4,English,Stepping Stones,Chapter 2 Earth Day,,,Fill in the blank (QPG),The teacher has to ________________________ a lot of homework everyday.,N\A,,,,,,Other,Hard,Test Learning Outcome 114,"Skillone,skilltwo","English, STEPPING STONES COURSE BOOK 4",1
CBSE,Class 4,English,Stepping Stones,Chapter 2 Earth Day,,,Fill in the blank (QPG),We must ________________________ our pocket money and not spend it on useless things.,N\A,,,,,,Other,Hard,Test Learning Outcome 115,"Skillone,skilltwo","English, STEPPING STONES COURSE BOOK 4",1
CBSE,Class 4,English,Stepping Stones,Chapter 2 Earth Day,,,Fill in the blank (QPG),You must exercise and ___________________________ your weight.,N\A,,,,,,Other,Hard,Test Learning Outcome 116,"Skillone,skilltwo","English, STEPPING STONES COURSE BOOK 4",1
CBSE,Class 4,English,Stepping Stones,Chapter 3 Hamaguchi,,,Short Answer Questions (QPG),Hamaguchi refused to take help to put out the fire. Why?,N\A,,,,,,Other,Hard,Test Learning Outcome 117,"Skillone,skilltwo","English, STEPPING STONES COURSE BOOK 4",1
CBSE,Class 4,English,Stepping Stones,Chapter 3 Hamaguchi,,,Short Answer Questions (QPG),How did Hamaguchi help the villagers?,N\A,,,,,,Other,Hard,Test Learning Outcome 118,"Skillone,skilltwo","English, STEPPING STONES COURSE BOOK 4",1
CBSE,Class 4,English,Stepping Stones,Chapter 3 Hamaguchi,,,Short Answer Questions (QPG),What caused Hamaguchi to worry?,N\A,,,,,,Other,Hard,Test Learning Outcome 119,"Skillone,skilltwo","English, STEPPING STONES COURSE BOOK 4",1
CBSE,Class 4,English,Stepping Stones,Chapter 3 Hamaguchi,,,Short Answer Questions (QPG),What could Hamaguchi see as he sat outside the house with his grandson?,N\A,,,,,,Other,Hard,Test Learning Outcome 120,"Skillone,skilltwo","English, STEPPING STONES COURSE BOOK 4",1
CBSE,Class 4,English,Stepping Stones,Chapter 3 Hamaguchi,,,Short Answer Questions (QPG),What happened when the tidal wave struck?,N\A,,,,,,Other,Hard,Test Learning Outcome 121,"Skillone,skilltwo","English, STEPPING STONES COURSE BOOK 4",1
CBSE,Class 4,English,Stepping Stones,Chapter 3 Hamaguchi,,,Short Answer Questions (QPG),What were the villagers celebrating?,N\A,,,,,,Other,Hard,Test Learning Outcome 122,"Skillone,skilltwo","English, STEPPING STONES COURSE BOOK 4",1
CBSE,Class 4,English,Stepping Stones,Chapter 3 Hamaguchi,,,Short Answer Questions (QPG),Who was Hamaguchi?,N\A,,,,,,Other,Hard,Test Learning Outcome 123,"Skillone,skilltwo","English, STEPPING STONES COURSE BOOK 4",1
CBSE,Class 4,English,Stepping Stones,Chapter 3 Hamaguchi,,,Short Answer Questions (QPG),Why did the bell ringer at the temple set the bell ringing?,N\A,,,,,,Other,Hard,Test Learning Outcome 124,"Skillone,skilltwo","English, STEPPING STONES COURSE BOOK 4",1
CBSE,Class 4,English,Stepping Stones,Chapter 3 Hamaguchi,,,Short Answer Questions (QPG),Why did the villagers bow their heads in reverence to Hamaguchi?,N\A,,,,,,Other,Hard,Test Learning Outcome 125,"Skillone,skilltwo","English, STEPPING STONES COURSE BOOK 4",1
CBSE,Class 4,English,Stepping Stones,Chapter 3 Hamaguchi,,,Short Answer Questions (QPG),Why was Tada puzzled?,N\A,,,,,,Other,Hard,Test Learning Outcome 126,"Skillone,skilltwo","English, STEPPING STONES COURSE BOOK 4",1
CBSE,Class 4,English,Stepping Stones,Chapter 4 The Great Whitewash,,,Fill in the blank (QPG),A ______________________________ of bees flew out of the hive.,N\A,,,,,,Other,Hard,Test Learning Outcome 127,"Skillone,skilltwo","English, STEPPING STONES COURSE BOOK 4",1
CBSE,Class 4,English,Stepping Stones,Chapter 4 The Great Whitewash,,,Fill in the blank (QPG),A ______________________________ of sheep was grazing in the valley.,N\A,,,,,,Other,Hard,Test Learning Outcome 128,"Skillone,skilltwo","English, STEPPING STONES COURSE BOOK 4",1
CBSE,Class 4,English,Stepping Stones,Chapter 4 The Great Whitewash,,,Fill in the blank (QPG),A large ______________________________ of people gathered in the street.,N\A,,,,,,Other,Hard,Test Learning Outcome 129,"Skillone,skilltwo","English, STEPPING STONES COURSE BOOK 4",1
CBSE,Class 4,English,Stepping Stones,Chapter 4 The Great Whitewash,,,Fill in the blank (QPG),An ______________________________ consists of soldiers and commanders.,N\A,,,,,,Other,Hard,Test Learning Outcome 130,"Skillone,skilltwo","English, STEPPING STONES COURSE BOOK 4",1
CBSE,Class 4,English,Stepping Stones,Chapter 4 The Great Whitewash,,,Fill in the blank (QPG),Open your book ________________________________________ page 20.,N\A,,,,,,Other,Hard,Test Learning Outcome 131,"Skillone,skilltwo","English, STEPPING STONES COURSE BOOK 4",1
CBSE,Class 4,English,Stepping Stones,Chapter 4 The Great Whitewash,,,Fill in the blank (QPG),Our ______________________________ consists of forty pupils.,N\A,,,,,,Other,Hard,Test Learning Outcome 132,"Skillone,skilltwo","English, STEPPING STONES COURSE BOOK 4",1
CBSE,Class 4,English,Stepping Stones,Chapter 4 The Great Whitewash,,,Fill in the blank (QPG),Our ______________________________ won the match.,N\A,,,,,,Other,Hard,Test Learning Outcome 133,"Skillone,skilltwo","English, STEPPING STONES COURSE BOOK 4",1
CBSE,Class 4,English,Stepping Stones,Chapter 4 The Great Whitewash,,,Fill in the blank (QPG),She is fond ________________________________________ ice-cream.,N\A,,,,,,Other,Hard,Test Learning Outcome 134,"Skillone,skilltwo","English, STEPPING STONES COURSE BOOK 4",1
CBSE,Class 4,English,Stepping Stones,Chapter 4 The Great Whitewash,,,Fill in the blank (QPG),The ______________________________ attacked the police.,N\A,,,,,,Other,Hard,Test Learning Outcome 135,"Skillone,skilltwo","English, STEPPING STONES COURSE BOOK 4",1
CBSE,Class 4,English,Stepping Stones,Chapter 4 The Great Whitewash,,,Fill in the blank (QPG),The ______________________________ is holding its meeting.,N\A,,,,,,Other,Hard,Test Learning Outcome 136,"Skillone,skilltwo","English, STEPPING STONES COURSE BOOK 4",1
CBSE,Class 4,English,Stepping Stones,Chapter 4 The Great Whitewash,,,Fill in the blank (QPG),The children jumped ________________________________________ joy.,N\A,,,,,,Other,Hard,Test Learning Outcome 137,"Skillone,skilltwo","English, STEPPING STONES COURSE BOOK 4",1
CBSE,Class 4,English,Stepping Stones,Chapter 4 The Great Whitewash,,,Fill in the blank (QPG),The old woman was carrying a _____________________ of sticks.,N\A,,,,,,Other,Hard,Test Learning Outcome 138,"Skillone,skilltwo","English, STEPPING STONES COURSE BOOK 4",1
CBSE,Class 4,English,Stepping Stones,Chapter 4 The Great Whitewash,,,Fill in the blank (QPG),There is a toy shop ________________________________________ my house.,N\A,,,,,,Other,Hard,Test Learning Outcome 139,"Skillone,skilltwo","English, STEPPING STONES COURSE BOOK 4",1
CBSE,Class 4,English,Stepping Stones,Chapter 4 The Great Whitewash,,,Fill in the blank (QPG),We saw a ______________________________ of cattle in the field.,N\A,,,,,,Other,Hard,Test Learning Outcome 140,"Skillone,skilltwo","English, STEPPING STONES COURSE BOOK 4",1
CBSE,Class 4,English,Stepping Stones,Chapter 4 The Great Whitewash,,,Fill in the blank (QPG),Who is sitting ________________________________________ you?,N\A,,,,,,Other,Hard,Test Learning Outcome 141,"Skillone,skilltwo","English, STEPPING STONES COURSE BOOK 4",1
CBSE,Class 4,English,Stepping Stones,Chapter 4 The Great Whitewash,,,Short Answer Questions (QPG),How did Tom rope in his friends to paint the fence?,N\A,,,,,,Other,Hard,Test Learning Outcome 142,"Skillone,skilltwo","English, STEPPING STONES COURSE BOOK 4",1
CBSE,Class 4,English,Stepping Stones,Chapter 4 The Great Whitewash,,,Short Answer Questions (QPG),What did Aunt Polly ask Tom to do as a punishment?,N\A,,,,,,Other,Hard,Test Learning Outcome 143,"Skillone,skilltwo","English, STEPPING STONES COURSE BOOK 4",1
CBSE,Class 4,English,Stepping Stones,Chapter 4 The Great Whitewash,,,Short Answer Questions (QPG),What did Tom gain by pretending that his choice was fun to do?,N\A,,,,,,Other,Hard,Test Learning Outcome 144,"Skillone,skilltwo","English, STEPPING STONES COURSE BOOK 4",1
CBSE,Class 4,English,Stepping Stones,Chapter 4 The Great Whitewash,,,Short Answer Questions (QPG),Why did Aunt Polly punish Tom?,N\A,,,,,,Other,Hard,Test Learning Outcome 145,"Skillone,skilltwo","English, STEPPING STONES COURSE BOOK 4",1
CBSE,Class 4,English,Stepping Stones,Chapter 4 The Great Whitewash,,,Short Answer Questions (QPG),With whom did Tom live?,N\A,,,,,,Other,Hard,Test Learning Outcome 146,"Skillone,skilltwo","English, STEPPING STONES COURSE BOOK 4",1
CBSE,Class 4,English,Stepping Stones,Chapter 4 The Great Whitewash,,,True or False (QPG),"Hundreds of battles which killed thousands, injured millions, were fought
before the Greeks finally won through a trick.",N\A,,,,,,Other,Hard,Test Learning Outcome 147,"Skillone,skilltwo","English, STEPPING STONES COURSE BOOK 4",1
CBSE,Class 4,English,Stepping Stones,Chapter 4 The Great Whitewash,,,True or False (QPG),Greece is a small country in Asia.,N\A,,,,,,Other,Hard,Test Learning Outcome 148,"Skillone,skilltwo","English, STEPPING STONES COURSE BOOK 4",1
CBSE,Class 4,English,Stepping Stones,Chapter 4 The Great Whitewash,,,True or False (QPG),Helen of Troy was kidnapped by a Greek prince.,N\A,,,,,,Other,Hard,Test Learning Outcome 149,"Skillone,skilltwo","English, STEPPING STONES COURSE BOOK 4",1
CBSE,Class 4,English,Stepping Stones,Chapter 4 The Great Whitewash,,,True or False (QPG),"Many Greek kings, including Ulysses, sailed to Troy to rescue Helen.",N\A,,,,,,Other,Hard,Test Learning Outcome 150,"Skillone,skilltwo","English, STEPPING STONES COURSE BOOK 4",1
CBSE,Class 4,English,Stepping Stones,Chapter 4 The Great Whitewash,,,True or False (QPG),The great wall of Troy prevented the Greeks from entering the city.,N\A,,,,,,Other,Hard,Test Learning Outcome 151,"Skillone,skilltwo","English, STEPPING STONES COURSE BOOK 4",1
CBSE,Class 4,English,Stepping Stones,Chapter 1 The Shooting Test,,,Fill in the blank (QPG),Arjun was skilled in the use of the _____________________ and arrow.,N\A,,,,,,Other,Hard,Test Learning Outcome 152,"Skillone,skilltwo","English, STEPPING STONES COURSE BOOK 4",1
CBSE,Class 4,English,Stepping Stones,Chapter 1 The Shooting Test,,,Fill in the blank (QPG),My __________________________ thumped loudly when the results were announced.,N\A,,,,,,Other,Hard,Test Learning Outcome 153,"Skillone,skilltwo","English, STEPPING STONES COURSE BOOK 4",1
CBSE,Class 4,English,Stepping Stones,Chapter 1 The Shooting Test,,,Fill in the blank (QPG),The battle was lost because of lack of _________________________.,N\A,,,,,,Other,Hard,Test Learning Outcome 154,"Skillone,skilltwo","English, STEPPING STONES COURSE BOOK 4",1
CBSE,Class 4,English,Stepping Stones,Chapter 1 The Shooting Test,,,Fill in the blank (QPG),"The river rose above the danger _____________________, causing floods.",N\A,,,,,,Other,Hard,Test Learning Outcome 155,"Skillone,skilltwo","English, STEPPING STONES COURSE BOOK 4",1
CBSE,Class 4,English,Stepping Stones,Chapter 1 The Shooting Test,,,Fill in the blank (QPG),Work ________________________ to perform well.,N\A,,,,,,Other,Hard,Test Learning Outcome 156,"Skillone,skilltwo","English, STEPPING STONES COURSE BOOK 4",1
CBSE,Class 4,English,Stepping Stones,Chapter 1 The Shooting Test,,,Fill in the blank (QPG),‘I can see only the bird’s right eye.’ ______________________,N\A,,,,,,Other,Hard,Test Learning Outcome 157,"Skillone,skilltwo","English, STEPPING STONES COURSE BOOK 4",1
CBSE,Class 4,English,Stepping Stones,Chapter 1 The Shooting Test,,,Fill in the blank (QPG),‘You’ve taught me to use the club too.’ _______________________,N\A,,,,,,Other,Hard,Test Learning Outcome 158,"Skillone,skilltwo","English, STEPPING STONES COURSE BOOK 4",1
CBSE,Class 4,English,Stepping Stones,Chapter 1 The Shooting Test,,,Fill in the blank (QPG),"‘Guruji, I see my bow with an arrow on it, a tree.’
_________________________",N\A,,,,,,Other,Hard,Test Learning Outcome 159,"Skillone,skilltwo","English, STEPPING STONES COURSE BOOK 4",1
CBSE,Class 4,English,Stepping Stones,Chapter 1 The Shooting Test,,,Fill in the blank (QPG),"‘Guruji, I see you, I see my brothers, I see those trees and I see the bird in that tree.’
_________________________",N\A,,,,,,Other,Hard,Test Learning Outcome 160,"Skillone,skilltwo","English, STEPPING STONES COURSE BOOK 4",1
CBSE,Class 4,English,Stepping Stones,Chapter 1 The Shooting Test,,,Fill in the blank (QPG),"‘I see a tree, the blue sky behind it and a bird on one
of the branches of a tree.’ ___________________________",N\A,,,,,,Other,Hard,Test Learning Outcome 161,"Skillone,skilltwo","English, STEPPING STONES COURSE BOOK 4",1
CBSE,Class 5,English,Stepping Stones,Chapter 4 Kassim's Old Shoes,,,Fill in the blank (QPG),Kassim begged the judge to send the shoes to prison.,N\A,,,,,,Other,Hard,Test Learning Outcome 162,"Skillone,skilltwo","English, STEPPING STONES COURSE BOOK 5",1
CBSE,Class 5,English,Stepping Stones,Chapter 4 Kassim's Old Shoes,,,Fill in the blank (QPG),A crowd gathered in his garden.,N\A,,,,,,Other,Hard,Test Learning Outcome 163,"Skillone,skilltwo","English, STEPPING STONES COURSE BOOK 5",1
CBSE,Class 5,English,Stepping Stones,Chapter 4 Kassim's Old Shoes,,,Fill in the blank (QPG),A fisherman found the shoes.,N\A,,,,,,Other,Hard,Test Learning Outcome 164,"Skillone,skilltwo","English, STEPPING STONES COURSE BOOK 5",1
CBSE,Class 5,English,Stepping Stones,Chapter 4 Kassim's Old Shoes,,,Fill in the blank (QPG),He had learnt a lesson.,N\A,,,,,,Other,Hard,Test Learning Outcome 165,"Skillone,skilltwo","English, STEPPING STONES COURSE BOOK 5",1
CBSE,Class 5,English,Stepping Stones,Chapter 4 Kassim's Old Shoes,,,Fill in the blank (QPG),Kassim lost his shoes.,N\A,,,,,,Other,Hard,Test Learning Outcome 166,"Skillone,skilltwo","English, STEPPING STONES COURSE BOOK 5",1
CBSE,Class 5,English,Stepping Stones,Chapter 4 Kassim's Old Shoes,,,Fill in the blank (QPG),Kassim paid a gold coin to everyone.,N\A,,,,,,Other,Hard,Test Learning Outcome 167,"Skillone,skilltwo","English, STEPPING STONES COURSE BOOK 5",1
CBSE,Class 5,English,Stepping Stones,Chapter 4 Kassim's Old Shoes,,,Fill in the blank (QPG),Kassim paid twenty thousand gold pieces.,N\A,,,,,,Other,Hard,Test Learning Outcome 168,"Skillone,skilltwo","English, STEPPING STONES COURSE BOOK 5",1
CBSE,Class 5,English,Stepping Stones,Chapter 4 Kassim's Old Shoes,,,Fill in the blank (QPG),Kassim went for a bath.,N\A,,,,,,Other,Hard,Test Learning Outcome 169,"Skillone,skilltwo","English, STEPPING STONES COURSE BOOK 5",1
CBSE,Class 5,English,Stepping Stones,Chapter 4 Kassim's Old Shoes,,,Fill in the blank (QPG),Kassim wore the rich man’s shoes.,N\A,,,,,,Other,Hard,Test Learning Outcome 170,"Skillone,skilltwo","English, STEPPING STONES COURSE BOOK 5",1
CBSE,Class 5,English,Stepping Stones,Chapter 4 Kassim's Old Shoes,,,Fill in the blank (QPG),The fisherman yelled and shook Kassim like a rat.,N\A,,,,,,Other,Hard,Test Learning Outcome 171,"Skillone,skilltwo","English, STEPPING STONES COURSE BOOK 5",1
CBSE,Class 5,English,Stepping Stones,Chapter 4 Kassim's Old Shoes,,,Fill in the blank (QPG),The judge watched Kassim go.,N\A,,,,,,Other,Hard,Test Learning Outcome 172,"Skillone,skilltwo","English, STEPPING STONES COURSE BOOK 5",1
CBSE,Class 5,English,Stepping Stones,Chapter 4 Kassim's Old Shoes,,,Fill in the blank (QPG),The old woman died.,N\A,,,,,,Other,Hard,Test Learning Outcome 173,"Skillone,skilltwo","English, STEPPING STONES COURSE BOOK 5",1
CBSE,Class 5,English,Stepping Stones,Chapter 4 Kassim's Old Shoes,,,Fill in the blank (QPG),"The boys _____________________________ beautiful kites and _______________________________ them
in the air. (make, fly)",N\A,,,,,,Other,Hard,Test Learning Outcome 174,"Skillone,skilltwo","English, STEPPING STONES COURSE BOOK 5",1
CBSE,Class 5,English,Stepping Stones,Chapter 4 Kassim's Old Shoes,,,Fill in the blank (QPG),"The old woman’s cottage _______________________ fire and was _________________________ totally.
(catch, burn)",N\A,,,,,,Other,Hard,Test Learning Outcome 175,"Skillone,skilltwo","English, STEPPING STONES COURSE BOOK 5",1
CBSE,Class 5,English,Stepping Stones,Chapter 4 Kassim's Old Shoes,,,Fill in the blank (QPG),"The thief _________________________________ as fast as he _________________________________ when
he _________________________________ the policeman. (run, can, see).",N\A,,,,,,Other,Hard,Test Learning Outcome 176,"Skillone,skilltwo","English, STEPPING STONES COURSE BOOK 5",1
CBSE,Class 5,English,Stepping Stones,Chapter 4 Kassim's Old Shoes,,,Fill in the blank (QPG),"He ____________ twenty thousand gold pieces and ______________________ his life. (pay, save).",N\A,,,,,,Other,Hard,Test Learning Outcome 177,"Skillone,skilltwo","English, STEPPING STONES COURSE BOOK 5",1
CBSE,Class 5,English,Stepping Stones,Chapter 4 Kassim's Old Shoes,,,Fill in the blank (QPG),"In the new shoes, his feet _________________________________ as light as air. (feel)",N\A,,,,,,Other,Hard,Test Learning Outcome 178,"Skillone,skilltwo","English, STEPPING STONES COURSE BOOK 5",1
CBSE,Class 5,English,Stepping Stones,Chapter 4 Kassim's Old Shoes,,,Short Answer Questions (QPG),Giving Kassim a bath was an ordeal. Explain why.,N\A,,,,,,Other,Hard,Test Learning Outcome 179,"Skillone,skilltwo","English, STEPPING STONES COURSE BOOK 5",1
CBSE,Class 5,English,Stepping Stones,Chapter 4 Kassim's Old Shoes,,,Short Answer Questions (QPG),How did Kassim lose his shoes?,N\A,,,,,,Other,Hard,Test Learning Outcome 180,"Skillone,skilltwo","English, STEPPING STONES COURSE BOOK 5",1
CBSE,Class 5,English,Stepping Stones,Chapter 4 Kassim's Old Shoes,,,Short Answer Questions (QPG),How did the fisherman get Kassim’s shoes?,N\A,,,,,,Other,Hard,Test Learning Outcome 181,"Skillone,skilltwo","English, STEPPING STONES COURSE BOOK 5",1
CBSE,Class 5,English,Stepping Stones,Chapter 4 Kassim's Old Shoes,,,Short Answer Questions (QPG),Kassim was too miserly. How do you know?,N\A,,,,,,Other,Hard,Test Learning Outcome 182,"Skillone,skilltwo","English, STEPPING STONES COURSE BOOK 5",1
CBSE,Class 5,English,Stepping Stones,Chapter 4 Kassim's Old Shoes,,,Short Answer Questions (QPG),What happened when Kassim tossed the shoes over the garden wall?,N\A,,,,,,Other,Hard,Test Learning Outcome 183,"Skillone,skilltwo","English, STEPPING STONES COURSE BOOK 5",1
CBSE,Class 5,English,Stepping Stones,Chapter 4 Kassim's Old Shoes,,,Short Answer Questions (QPG),What lesson had Kassim learnt?,N\A,,,,,,Other,Hard,Test Learning Outcome 184,"Skillone,skilltwo","English, STEPPING STONES COURSE BOOK 5",1
CBSE,Class 5,English,Stepping Stones,Chapter 4 Kassim's Old Shoes,,,Short Answer Questions (QPG),What penalty did Kassim have to pay to the murdered woman’s family?,N\A,,,,,,Other,Hard,Test Learning Outcome 185,"Skillone,skilltwo","English, STEPPING STONES COURSE BOOK 5",1
CBSE,Class 5,English,Stepping Stones,Chapter 4 Kassim's Old Shoes,,,Short Answer Questions (QPG),Who was Kassim?,N\A,,,,,,Other,Hard,Test Learning Outcome 186,"Skillone,skilltwo","English, STEPPING STONES COURSE BOOK 5",1
CBSE,Class 5,English,Stepping Stones,Chapter 4 Kassim's Old Shoes,,,Short Answer Questions (QPG),Why did Kassim want the judge to send his shoes to prison?,N\A,,,,,,Other,Hard,Test Learning Outcome 187,"Skillone,skilltwo","English, STEPPING STONES COURSE BOOK 5",1
CBSE,Class 5,English,Stepping Stones,Chapter 4 Kassim's Old Shoes,,,Short Answer Questions (QPG),Why did people make fun of Kassim’s shoes?,N\A,,,,,,Other,Hard,Test Learning Outcome 188,"Skillone,skilltwo","English, STEPPING STONES COURSE BOOK 5",1
CBSE,Class 5,English,Stepping Stones,Chapter 3 Lost At Sea,,,Fill in the blank (QPG),There were no clouds and the sun shone _________________________________.,N\A,,,,,,Other,Hard,Test Learning Outcome 189,"Skillone,skilltwo","English, STEPPING STONES COURSE BOOK 5",1
CBSE,Class 5,English,Stepping Stones,Chapter 3 Lost At Sea,,,Fill in the blank (QPG),"After late night, I awoke with ___________________________.",N\A,,,,,,Other,Hard,Test Learning Outcome 190,"Skillone,skilltwo","English, STEPPING STONES COURSE BOOK 5",1
CBSE,Class 5,English,Stepping Stones,Chapter 3 Lost At Sea,,,Fill in the blank (QPG),All the day the children played _________________________________ in the park.,N\A,,,,,,Other,Hard,Test Learning Outcome 191,"Skillone,skilltwo","English, STEPPING STONES COURSE BOOK 5",1
CBSE,Class 5,English,Stepping Stones,Chapter 3 Lost At Sea,,,Fill in the blank (QPG),I had to shout _________________________________ to attract her attention.,N\A,,,,,,Other,Hard,Test Learning Outcome 192,"Skillone,skilltwo","English, STEPPING STONES COURSE BOOK 5",1
CBSE,Class 5,English,Stepping Stones,Chapter 3 Lost At Sea,,,Fill in the blank (QPG),I went up to collect my prize with a ___________________________ .,N\A,,,,,,Other,Hard,Test Learning Outcome 193,"Skillone,skilltwo","English, STEPPING STONES COURSE BOOK 5",1
CBSE,Class 5,English,Stepping Stones,Chapter 3 Lost At Sea,,,Fill in the blank (QPG),Nearing the shore we were able to see the skyline ___________________________.,N\A,,,,,,Other,Hard,Test Learning Outcome 194,"Skillone,skilltwo","English, STEPPING STONES COURSE BOOK 5",1
CBSE,Class 5,English,Stepping Stones,Chapter 3 Lost At Sea,,,Fill in the blank (QPG),The dance ___________________________ so fast that we were surprised.,N\A,,,,,,Other,Hard,Test Learning Outcome 195,"Skillone,skilltwo","English, STEPPING STONES COURSE BOOK 5",1
CBSE,Class 5,English,Stepping Stones,Chapter 3 Lost At Sea,,,Fill in the blank (QPG),The deserted home was ___________________________ .,N\A,,,,,,Other,Hard,Test Learning Outcome 196,"Skillone,skilltwo","English, STEPPING STONES COURSE BOOK 5",1
CBSE,Class 5,English,Stepping Stones,Chapter 3 Lost At Sea,,,Fill in the blank (QPG),The hungry man ate the food _________________________________.,N\A,,,,,,Other,Hard,Test Learning Outcome 197,"Skillone,skilltwo","English, STEPPING STONES COURSE BOOK 5",1
CBSE,Class 5,English,Stepping Stones,Chapter 3 Lost At Sea,,,Fill in the blank (QPG),The kite flew ___________________________ into the sky.,N\A,,,,,,Other,Hard,Test Learning Outcome 198,"Skillone,skilltwo","English, STEPPING STONES COURSE BOOK 5",1
CBSE,Class 5,English,Stepping Stones,Chapter 3 Lost At Sea,,,Fill in the blank (QPG),The mountaineers ___________________________ with great zeal for the expedition.,N\A,,,,,,Other,Hard,Test Learning Outcome 199,"Skillone,skilltwo","English, STEPPING STONES COURSE BOOK 5",1
CBSE,Class 5,English,Stepping Stones,Chapter 3 Lost At Sea,,,Fill in the blank (QPG),Though I ran ___________________________ I lost the race.,N\A,,,,,,Other,Hard,Test Learning Outcome 200,"Skillone,skilltwo","English, STEPPING STONES COURSE BOOK 5",1
CBSE,Class 5,English,Stepping Stones,Chapter 3 Lost At Sea,,,Fill in the blank (QPG),Tony climbed the trees as _________________________________ as a monkey.,N\A,,,,,,Other,Hard,Test Learning Outcome 201,"Skillone,skilltwo","English, STEPPING STONES COURSE BOOK 5",1
CBSE,Class 5,English,Stepping Stones,Chapter 3 Lost At Sea,,,Fill in the blank (QPG),We reached the railway station ___________________________ to board the train.,N\A,,,,,,Other,Hard,Test Learning Outcome 202,"Skillone,skilltwo","English, STEPPING STONES COURSE BOOK 5",1
CBSE,Class 5,English,Stepping Stones,Chapter 3 Lost At Sea,,,Fill in the blank (QPG),When the lights went out I had to ___________________________ to look for the torch.,N\A,,,,,,Other,Hard,Test Learning Outcome 203,"Skillone,skilltwo","English, STEPPING STONES COURSE BOOK 5",1
CBSE,Class 5,English,Stepping Stones,Chapter 3 Lost At Sea,,,Short Answer Questions (QPG),Describe how Hawkins escaped from Hands.,N\A,,,,,,Other,Hard,Test Learning Outcome 204,"Skillone,skilltwo","English, STEPPING STONES COURSE BOOK 5",1
CBSE,Class 5,English,Stepping Stones,Chapter 3 Lost At Sea,,,Short Answer Questions (QPG),Hispaniola had been freed. How?,N\A,,,,,,Other,Hard,Test Learning Outcome 205,"Skillone,skilltwo","English, STEPPING STONES COURSE BOOK 5",1
CBSE,Class 5,English,Stepping Stones,Chapter 3 Lost At Sea,,,Short Answer Questions (QPG),How did the little boat get smashed?,N\A,,,,,,Other,Hard,Test Learning Outcome 206,"Skillone,skilltwo","English, STEPPING STONES COURSE BOOK 5",1
CBSE,Class 5,English,Stepping Stones,Chapter 3 Lost At Sea,,,Short Answer Questions (QPG),List the items required for daily personal care.,N\A,,,,,,Other,Hard,Test Learning Outcome 207,"Skillone,skilltwo","English, STEPPING STONES COURSE BOOK 5",1
CBSE,Class 5,English,Stepping Stones,Chapter 3 Lost At Sea,,,Short Answer Questions (QPG),Quote the lines of the poem that tell of clothes ‘you could hardly refuse’.,N\A,,,,,,Other,Hard,Test Learning Outcome 208,"Skillone,skilltwo","English, STEPPING STONES COURSE BOOK 5",1
CBSE,Class 5,English,Stepping Stones,Chapter 3 Lost At Sea,,,Short Answer Questions (QPG),What are beverages? Name those mentioned in the poem.,N\A,,,,,,Other,Hard,Test Learning Outcome 209,"Skillone,skilltwo","English, STEPPING STONES COURSE BOOK 5",1
CBSE,Class 5,English,Stepping Stones,Chapter 3 Lost At Sea,,,Short Answer Questions (QPG),What did he see when he awoke?,N\A,,,,,,Other,Hard,Test Learning Outcome 210,"Skillone,skilltwo","English, STEPPING STONES COURSE BOOK 5",1
CBSE,Class 5,English,Stepping Stones,Chapter 3 Lost At Sea,,,Short Answer Questions (QPG),What did the narrator do to take charge of Hispaniola?,N\A,,,,,,Other,Hard,Test Learning Outcome 211,"Skillone,skilltwo","English, STEPPING STONES COURSE BOOK 5",1
CBSE,Class 5,English,Stepping Stones,Chapter 3 Lost At Sea,,,Short Answer Questions (QPG),"What do people do when they are tired, regardless of whether they are rich or poor?",N\A,,,,,,Other,Hard,Test Learning Outcome 212,"Skillone,skilltwo","English, STEPPING STONES COURSE BOOK 5",1
CBSE,Class 5,English,Stepping Stones,Chapter 3 Lost At Sea,,,Short Answer Questions (QPG),Who was lost at sea?,N\A,,,,,,Other,Hard,Test Learning Outcome 213,"Skillone,skilltwo","English, STEPPING STONES COURSE BOOK 5",1
CBSE,Class 5,English,Stepping Stones,Chapter 3 Lost At Sea,,,Short Answer Questions (QPG),Whose was the weird voice? What did it repeat?,N\A,,,,,,Other,Hard,Test Learning Outcome 214,"Skillone,skilltwo","English, STEPPING STONES COURSE BOOK 5",1
CBSE,Class 5,English,Stepping Stones,Chapter 3 Lost At Sea,,,Short Answer Questions (QPG),Why do you think Hands offered help to Jim?,N\A,,,,,,Other,Hard,Test Learning Outcome 215,"Skillone,skilltwo","English, STEPPING STONES COURSE BOOK 5",1
CBSE,Class 5,English,Stepping Stones,Chapter 5 Shravan Kumar,,,True or False (QPG),"“Alas! you are dying. Who will look after your parents?”
said Dashratha.",N\A,,,,,,Other,Hard,Test Learning Outcome 216,"Skillone,skilltwo","English, STEPPING STONES COURSE BOOK 5",1
CBSE,Class 5,English,Stepping Stones,Chapter 5 Shravan Kumar,,,True or False (QPG),"“You have indeed committed a great crime. I will not
forgive you, but curse you,” said Shravana’s father.",N\A,,,,,,Other,Hard,Test Learning Outcome 217,"Skillone,skilltwo","English, STEPPING STONES COURSE BOOK 5",1
CBSE,Class 5,English,Stepping Stones,Chapter 5 Shravan Kumar,,,True or False (QPG),"King Dashratha could aim and shoot the minute he heard a
sound.",N\A,,,,,,Other,Hard,Test Learning Outcome 218,"Skillone,skilltwo","English, STEPPING STONES COURSE BOOK 5",1
CBSE,Class 5,English,Stepping Stones,Chapter 5 Shravan Kumar,,,True or False (QPG),"Setting his parents in the baskets, Shravan heaved the pole
on his shoulders.",N\A,,,,,,Other,Hard,Test Learning Outcome 219,"Skillone,skilltwo","English, STEPPING STONES COURSE BOOK 5",1
CBSE,Class 5,English,Stepping Stones,Chapter 5 Shravan Kumar,,,True or False (QPG),Dashratha was the King of Varanasi.,N\A,,,,,,Other,Hard,Test Learning Outcome 220,"Skillone,skilltwo","English, STEPPING STONES COURSE BOOK 5",1
CBSE,Class 5,English,Stepping Stones,Chapter 2 The Three Spinners,,,Fill in the blank (QPG),______________________ ______________________ was a ruler of Britain.,N\A,,,,,,Other,Hard,Test Learning Outcome 221,"Skillone,skilltwo","English, STEPPING STONES COURSE BOOK 5",1
CBSE,Class 5,English,Stepping Stones,Chapter 2 The Three Spinners,,,Fill in the blank (QPG),"Though the fire was under control still __________________________ was seen coming out of
the ______________________.",N\A,,,,,,Other,Hard,Test Learning Outcome 222,"Skillone,skilltwo","English, STEPPING STONES COURSE BOOK 5",1
CBSE,Class 5,English,Stepping Stones,Chapter 2 The Three Spinners,,,Fill in the blank (QPG),Paris is the ______________________ of ______________________.,N\A,,,,,,Other,Hard,Test Learning Outcome 223,"Skillone,skilltwo","English, STEPPING STONES COURSE BOOK 5",1
CBSE,Class 5,English,Stepping Stones,Chapter 2 The Three Spinners,,,Fill in the blank (QPG),Ramlal’s farm has many ______________________ and ______________________.,N\A,,,,,,Other,Hard,Test Learning Outcome 224,"Skillone,skilltwo","English, STEPPING STONES COURSE BOOK 5",1
CBSE,Class 5,English,Stepping Stones,Chapter 2 The Three Spinners,,,Fill in the blank (QPG),The guard blows his ______________________ and waves his ____________________ to start the train.,N\A,,,,,,Other,Hard,Test Learning Outcome 225,"Skillone,skilltwo","English, STEPPING STONES COURSE BOOK 5",1
CBSE,Class 5,English,Stepping Stones,Chapter 2 The Three Spinners,,,Fill in the blank (QPG),The largest city in ______________________ is ______________________.,N\A,,,,,,Other,Hard,Test Learning Outcome 226,"Skillone,skilltwo","English, STEPPING STONES COURSE BOOK 5",1
CBSE,Class 5,English,Stepping Stones,Chapter 2 The Three Spinners,,,Fill in the blank (QPG),The place where cars are kept is called a ______________________.,N\A,,,,,,Other,Hard,Test Learning Outcome 227,"Skillone,skilltwo","English, STEPPING STONES COURSE BOOK 5",1
CBSE,Class 5,English,Stepping Stones,Chapter 2 The Three Spinners,,,Short Answer Questions (QPG),"Explain the lines
(a) that show that the shadow cannot be seen sometimes.
(b) that it is fast asleep.
(c) that the shadow is like the poet.",N\A,,,,,,Other,Hard,Test Learning Outcome 228,"Skillone,skilltwo","English, STEPPING STONES COURSE BOOK 5",1
CBSE,Class 5,English,Stepping Stones,Chapter 2 The Three Spinners,,,Short Answer Questions (QPG),What does the shadow do when the poet jumps into bed?,N\A,,,,,,Other,Hard,Test Learning Outcome 229,"Skillone,skilltwo","English, STEPPING STONES COURSE BOOK 5",1
CBSE,Class 5,English,Stepping Stones,Chapter 2 The Three Spinners,,,Short Answer Questions (QPG),What is the funniest thing about the shadow?,N\A,,,,,,Other,Hard,Test Learning Outcome 230,"Skillone,skilltwo","English, STEPPING STONES COURSE BOOK 5",1
CBSE,Class 5,English,Stepping Stones,Chapter 2 The Three Spinners,,,Short Answer Questions (QPG),Why does the poet think the shadow is a coward?,N\A,,,,,,Other,Hard,Test Learning Outcome 231,"Skillone,skilltwo","English, STEPPING STONES COURSE BOOK 5",1
CBSE,Class 5,English,Stepping Stones,Chapter 1 Who did PatrickS Homework?,,,Short Answer Questions (QPG),How did luck favour Patrick?,N\A,,,,,,Other,Hard,Test Learning Outcome 232,"Skillone,skilltwo","English, STEPPING STONES COURSE BOOK 5",1
CBSE,Class 5,English,Stepping Stones,Chapter 1 Who did PatrickS Homework?,,,Short Answer Questions (QPG),What happened on St. Patrick’s Day?,N\A,,,,,,Other,Hard,Test Learning Outcome 233,"Skillone,skilltwo","English, STEPPING STONES COURSE BOOK 5",1
CBSE,Class 5,English,Stepping Stones,Chapter 1 Who did PatrickS Homework?,,,Short Answer Questions (QPG),Why did the elf bother Patrick every now and then?,N\A,,,,,,Other,Hard,Test Learning Outcome 234,"Skillone,skilltwo","English, STEPPING STONES COURSE BOOK 5",1
CBSE,Class 5,English,Stepping Stones,Chapter 1 Who did PatrickS Homework?,,,Short Answer Questions (QPG),Why didn’t Patrick do his homework?,N\A,,,,,,Other,Hard,Test Learning Outcome 235,"Skillone,skilltwo","English, STEPPING STONES COURSE BOOK 5",1
CBSE,Class 5,English,Stepping Stones,Chapter 1 Who did PatrickS Homework?,,,Short Answer Questions (QPG),Why was Patrick weary?,N\A,,,,,,Other,Hard,Test Learning Outcome 236,"Skillone,skilltwo","English, STEPPING STONES COURSE BOOK 5",1
CBSE,Class 5,English,Stepping Stones,Chapter 1 Who did PatrickS Homework?,,,True or False (QPG),Elves know their multiplication tables and history very well.,N\A,,,,,,Other,Hard,Test Learning Outcome 237,"Skillone,skilltwo","English, STEPPING STONES COURSE BOOK 5",1
CBSE,Class 5,English,Stepping Stones,Chapter 1 Who did PatrickS Homework?,,,True or False (QPG),He was very rude and did his homework.,N\A,,,,,,Other,Hard,Test Learning Outcome 238,"Skillone,skilltwo","English, STEPPING STONES COURSE BOOK 5",1
CBSE,Class 5,English,Stepping Stones,Chapter 1 Who did PatrickS Homework?,,,True or False (QPG),Patrick got his A+.,N\A,,,,,,Other,Hard,Test Learning Outcome 239,"Skillone,skilltwo","English, STEPPING STONES COURSE BOOK 5",1
CBSE,Class 5,English,Stepping Stones,Chapter 1 Who did PatrickS Homework?,,,True or False (QPG),Patrick had changed into a model kid.,N\A,,,,,,Other,Hard,Test Learning Outcome 240,"Skillone,skilltwo","English, STEPPING STONES COURSE BOOK 5",1
CBSE,Class 5,English,Stepping Stones,Chapter 1 Who did PatrickS Homework?,,,True or False (QPG),Patrick played tennis and hockey.,N\A,,,,,,Other,Hard,Test Learning Outcome 241,"Skillone,skilltwo","English, STEPPING STONES COURSE BOOK 5",1
CBSE,Class 5,English,Stepping Stones,Chapter 1 Who did PatrickS Homework?,,,True or False (QPG),The elf wore a tall hat much like a witch’s.,N\A,,,,,,Other,Hard,Test Learning Outcome 242,"Skillone,skilltwo","English, STEPPING STONES COURSE BOOK 5",1
CBSE,Class 6,English,Stepping Stones,Chapter 14 A Visit To A Biscuit Factory,,,Fill in the blank (QPG),Expert biscuit makers ___________ how much of each ingredient was required for ___________ kinds of biscuits.,N\A,,,,,,Other,Hard,Test Learning Outcome 243,"Skillone,skilltwo","English, STEPPING STONES COURSE BOOK 6",1
CBSE,Class 6,English,Stepping Stones,Chapter 14 A Visit To A Biscuit Factory,,,Fill in the blank (QPG),The students lined up and ___________ their teacher into the factory premises.,N\A,,,,,,Other,Hard,Test Learning Outcome 244,"Skillone,skilltwo","English, STEPPING STONES COURSE BOOK 6",1
CBSE,Class 6,English,Stepping Stones,Chapter 14 A Visit To A Biscuit Factory,,,Fill in the blank (QPG),"They were mixing the flour, butter, sugar and essence or nuts, or bits of ___________ as was required.",N\A,,,,,,Other,Hard,Test Learning Outcome 245,"Skillone,skilltwo","English, STEPPING STONES COURSE BOOK 6",1
CBSE,Class 6,English,Stepping Stones,Chapter 14 A Visit To A Biscuit Factory,,,Fill in the blank (QPG),They were being packed for distribution to all parts of the country by __________ and ___________.,N\A,,,,,,Other,Hard,Test Learning Outcome 246,"Skillone,skilltwo","English, STEPPING STONES COURSE BOOK 6",1
CBSE,Class 6,English,Stepping Stones,Chapter 14 A Visit To A Biscuit Factory,,,Short Answer Questions (QPG),‘Not a single child was absent.’ Why?,N\A,,,,,,Other,Hard,Test Learning Outcome 247,"Skillone,skilltwo","English, STEPPING STONES COURSE BOOK 6",1
CBSE,Class 6,English,Stepping Stones,Chapter 14 A Visit To A Biscuit Factory,,,Short Answer Questions (QPG),Different aromas hit the children near the factory. Name them.,N\A,,,,,,Other,Hard,Test Learning Outcome 248,"Skillone,skilltwo","English, STEPPING STONES COURSE BOOK 6",1
CBSE,Class 6,English,Stepping Stones,Chapter 14 A Visit To A Biscuit Factory,,,Short Answer Questions (QPG),How are biscuits packed in a factory?,N\A,,,,,,Other,Hard,Test Learning Outcome 249,"Skillone,skilltwo","English, STEPPING STONES COURSE BOOK 6",1
CBSE,Class 6,English,Stepping Stones,Chapter 14 A Visit To A Biscuit Factory,,,Short Answer Questions (QPG),What did each child get as he boarded the bus?,N\A,,,,,,Other,Hard,Test Learning Outcome 250,"Skillone,skilltwo","English, STEPPING STONES COURSE BOOK 6",1
CBSE,Class 6,English,Stepping Stones,Chapter 14 A Visit To A Biscuit Factory,,,Short Answer Questions (QPG),What did the children ask Mrs. Mehta about the factory?,N\A,,,,,,Other,Hard,Test Learning Outcome 251,"Skillone,skilltwo","English, STEPPING STONES COURSE BOOK 6",1
CBSE,Class 6,English,Stepping Stones,Chapter 14 A Visit To A Biscuit Factory,,,Short Answer Questions (QPG),What instructions did Mrs. Mehta give to the children?,N\A,,,,,,Other,Hard,Test Learning Outcome 252,"Skillone,skilltwo","English, STEPPING STONES COURSE BOOK 6",1
CBSE,Class 6,English,Stepping Stones,Chapter 14 A Visit To A Biscuit Factory,,,Short Answer Questions (QPG),What processes are undertaken during the manufacturing of biscuits?,N\A,,,,,,Other,Hard,Test Learning Outcome 253,"Skillone,skilltwo","English, STEPPING STONES COURSE BOOK 6",1
CBSE,Class 6,English,Stepping Stones,Chapter 14 A Visit To A Biscuit Factory,,,Short Answer Questions (QPG),Why were the children amazed at the factory?,N\A,,,,,,Other,Hard,Test Learning Outcome 254,"Skillone,skilltwo","English, STEPPING STONES COURSE BOOK 6",1
CBSE,Class 6,English,Stepping Stones,Chapter 3 Alice In Wonderland (1),,,Multiple Choice Question (QPG) Test Paper,"Alice cried, “Curiouser, Curiouser!” when",N\A,she shut up like a box,she opened up like a telescope,she flew up into the sky,she got buried in the ground,,Other,Hard,Test Learning Outcome 255,"Skillone,skilltwo","English, STEPPING STONES COURSE BOOK 6",1
CBSE,Class 6,English,Stepping Stones,Chapter 3 Alice In Wonderland (1),,,Multiple Choice Question (QPG) Test Paper,Alice liked books with,N\A,pictures and conversations,only pictures,only conversations,neither pictures nor conversations,,Other,Hard,Test Learning Outcome 256,"Skillone,skilltwo","English, STEPPING STONES COURSE BOOK 6",1
CBSE,Class 6,English,Stepping Stones,Chapter 3 Alice In Wonderland (1),,,Multiple Choice Question (QPG) Test Paper,The rabbit was carrying a,N\A,big clock,small clock,small watch,a thermometer,,Other,Hard,Test Learning Outcome 257,"Skillone,skilltwo","English, STEPPING STONES COURSE BOOK 6",1
CBSE,Class 6,English,Stepping Stones,Chapter 3 Alice In Wonderland (1),,,Multiple Choice Question (QPG) Test Paper,To keep herself busy Alice thought of,N\A,making sand castles,making daisy chains,reading a book,making garlands,,Other,Hard,Test Learning Outcome 258,"Skillone,skilltwo","English, STEPPING STONES COURSE BOOK 6",1
CBSE,Class 6,English,Stepping Stones,Chapter 3 Alice In Wonderland (1),,,Multiple Choice Question (QPG) Test Paper,When Alice drank the contents of the bottle she became,N\A,taller,ten inches tall,nine feet tall,she remained the same height,,Other,Hard,Test Learning Outcome 259,"Skillone,skilltwo","English, STEPPING STONES COURSE BOOK 6",1
CBSE,Class 6,English,Stepping Stones,Chapter 3 Alice In Wonderland (1),,,Short Answer Questions (QPG),“Good bye feet!” Explain what caused Alice to say this.,N\A,,,,,,Other,Hard,Test Learning Outcome 260,"Skillone,skilltwo","English, STEPPING STONES COURSE BOOK 6",1
CBSE,Class 6,English,Stepping Stones,Chapter 3 Alice In Wonderland (1),,,Short Answer Questions (QPG),"“What a strange feeling,” said Alice. What had happened?",N\A,,,,,,Other,Hard,Test Learning Outcome 261,"Skillone,skilltwo","English, STEPPING STONES COURSE BOOK 6",1
CBSE,Class 6,English,Stepping Stones,Chapter 3 Alice In Wonderland (1),,,Short Answer Questions (QPG),"“Alice had got so much into the way of expecting nothing but out of the way things to
happen.” Why?",N\A,,,,,,Other,Hard,Test Learning Outcome 262,"Skillone,skilltwo","English, STEPPING STONES COURSE BOOK 6",1
CBSE,Class 6,English,Stepping Stones,Chapter 3 Alice In Wonderland (1),,,Short Answer Questions (QPG),Alice was bored. Why?,N\A,,,,,,Other,Hard,Test Learning Outcome 263,"Skillone,skilltwo","English, STEPPING STONES COURSE BOOK 6",1
CBSE,Class 6,English,Stepping Stones,Chapter 3 Alice In Wonderland (1),,,Short Answer Questions (QPG),Describe the hall where Alice found herself standing. Who had disappeared?,N\A,,,,,,Other,Hard,Test Learning Outcome 264,"Skillone,skilltwo","English, STEPPING STONES COURSE BOOK 6",1
CBSE,Class 6,English,Stepping Stones,Chapter 3 Alice In Wonderland (1),,,Short Answer Questions (QPG),What did Alice see as she was falling down the rabbit hole?,N\A,,,,,,Other,Hard,Test Learning Outcome 265,"Skillone,skilltwo","English, STEPPING STONES COURSE BOOK 6",1
CBSE,Class 6,English,Stepping Stones,Chapter 3 Alice In Wonderland (1),,,Short Answer Questions (QPG),What did she see when she opened the trap door using the golden key?,N\A,,,,,,Other,Hard,Test Learning Outcome 266,"Skillone,skilltwo","English, STEPPING STONES COURSE BOOK 6",1
CBSE,Class 6,English,Stepping Stones,Chapter 3 Alice In Wonderland (1),,,Short Answer Questions (QPG),What made Alice notice the rabbit?,N\A,,,,,,Other,Hard,Test Learning Outcome 267,"Skillone,skilltwo","English, STEPPING STONES COURSE BOOK 6",1
CBSE,Class 6,English,Stepping Stones,Chapter 3 Alice In Wonderland (1),,,Short Answer Questions (QPG),What thoughts came to her mind when she saw a tiny cake with the words “EAT ME”?,N\A,,,,,,Other,Hard,Test Learning Outcome 268,"Skillone,skilltwo","English, STEPPING STONES COURSE BOOK 6",1
CBSE,Class 6,English,Stepping Stones,Chapter 3 Alice In Wonderland (1),,,Short Answer Questions (QPG),Why did she want to become smaller?,N\A,,,,,,Other,Hard,Test Learning Outcome 269,"Skillone,skilltwo","English, STEPPING STONES COURSE BOOK 6",1
CBSE,Class 6,English,Stepping Stones,Chapter 3 Alice In Wonderland (1),,,Short Answer Questions (QPG),Why was Alice upset?,N\A,,,,,,Other,Hard,Test Learning Outcome 270,"Skillone,skilltwo","English, STEPPING STONES COURSE BOOK 6",1
CBSE,Class 6,English,Stepping Stones,Chapter 4 Alice In Wonderland (2),,,Short Answer Questions (QPG),“Let us swim to the land.” Who all swam after Alice?,N\A,,,,,,Other,Hard,Test Learning Outcome 271,"Skillone,skilltwo","English, STEPPING STONES COURSE BOOK 6",1
CBSE,Class 6,English,Stepping Stones,Chapter 4 Alice In Wonderland (2),,,Short Answer Questions (QPG),How did Alice find herself in neck deep salt water?,N\A,,,,,,Other,Hard,Test Learning Outcome 272,"Skillone,skilltwo","English, STEPPING STONES COURSE BOOK 6",1
CBSE,Class 6,English,Stepping Stones,Chapter 4 Alice In Wonderland (2),,,Short Answer Questions (QPG),What did Alice think when she heard a splash?,N\A,,,,,,Other,Hard,Test Learning Outcome 273,"Skillone,skilltwo","English, STEPPING STONES COURSE BOOK 6",1
CBSE,Class 6,English,Stepping Stones,Chapter 4 Alice In Wonderland (2),,,Short Answer Questions (QPG),What happened to Alice as she was fanning herself?,N\A,,,,,,Other,Hard,Test Learning Outcome 274,"Skillone,skilltwo","English, STEPPING STONES COURSE BOOK 6",1
CBSE,Class 6,English,Stepping Stones,Chapter 4 Alice In Wonderland (2),,,Short Answer Questions (QPG),What made the mouse swim away from Alice? Why did he come back?,N\A,,,,,,Other,Hard,Test Learning Outcome 275,"Skillone,skilltwo","English, STEPPING STONES COURSE BOOK 6",1
CBSE,Class 6,English,Stepping Stones,Chapter 4 Alice In Wonderland (2),,,Short Answer Questions (QPG),Why did Alice tell herself to stop crying?,N\A,,,,,,Other,Hard,Test Learning Outcome 276,"Skillone,skilltwo","English, STEPPING STONES COURSE BOOK 6",1
CBSE,Class 6,English,Stepping Stones,Chapter 4 Alice In Wonderland (2),,,Short Answer Questions (QPG),Why did the mouse shake with fright?,N\A,,,,,,Other,Hard,Test Learning Outcome 277,"Skillone,skilltwo","English, STEPPING STONES COURSE BOOK 6",1
CBSE,Class 6,English,Stepping Stones,Chapter 4 Alice In Wonderland (2),,,Short Answer Questions (QPG),Why do you think the rabbit dropped his gloves and the fan?,N\A,,,,,,Other,Hard,Test Learning Outcome 278,"Skillone,skilltwo","English, STEPPING STONES COURSE BOOK 6",1
CBSE,Class 6,English,Stepping Stones,Chapter 4 Alice In Wonderland (2),,,True or False (QPG),A limerick has six lines.,N\A,,,,,,Other,Hard,Test Learning Outcome 279,"Skillone,skilltwo","English, STEPPING STONES COURSE BOOK 6",1
CBSE,Class 6,English,Stepping Stones,Chapter 4 Alice In Wonderland (2),,,True or False (QPG),A limerick has three long and two short lines.,N\A,,,,,,Other,Hard,Test Learning Outcome 280,"Skillone,skilltwo","English, STEPPING STONES COURSE BOOK 6",1
CBSE,Class 6,English,Stepping Stones,Chapter 4 Alice In Wonderland (2),,,True or False (QPG),The first two lines rhyme with the last one.,N\A,,,,,,Other,Hard,Test Learning Outcome 281,"Skillone,skilltwo","English, STEPPING STONES COURSE BOOK 6",1
CBSE,Class 6,English,Stepping Stones,Chapter 4 Alice In Wonderland (2),,,True or False (QPG),The limerick is about a young lady called Wryn.,N\A,,,,,,Other,Hard,Test Learning Outcome 282,"Skillone,skilltwo","English, STEPPING STONES COURSE BOOK 6",1
CBSE,Class 6,English,Stepping Stones,Chapter 4 Alice In Wonderland (2),,,True or False (QPG),The third and fourth lines also rhyme.,N\A,,,,,,Other,Hard,Test Learning Outcome 283,"Skillone,skilltwo","English, STEPPING STONES COURSE BOOK 6",1
CBSE,Class 6,English,Stepping Stones,Chapter 4 Alice In Wonderland (2),,,True or False (QPG),This poem is called a limerick.,N\A,,,,,,Other,Hard,Test Learning Outcome 284,"Skillone,skilltwo","English, STEPPING STONES COURSE BOOK 6",1
CBSE,Class 6,English,Stepping Stones,Chapter 12 Charge of the Light Brigade,,,Multiple Choice Question (QPG) Test Paper,At the end of the battle the soldiers who returned were :,N\A,all the six hundred,not the six hundred,all that was left of the six hundred,none of these,,Other,Hard,Test Learning Outcome 285,"Skillone,skilltwo","English, STEPPING STONES COURSE BOOK 6",1
CBSE,Class 6,English,Stepping Stones,Chapter 12 Charge of the Light Brigade,,,Multiple Choice Question (QPG) Test Paper,It was an unequal battle because,N\A,cavalry was pitted against artillery,less number of soldiers against double the number,swords against guns,none of these,,Other,Hard,Test Learning Outcome 286,"Skillone,skilltwo","English, STEPPING STONES COURSE BOOK 6",1
CBSE,Class 6,English,Stepping Stones,Chapter 12 Charge of the Light Brigade,,,Multiple Choice Question (QPG) Test Paper,The order given to the six hundred was,N\A,a wrong orderly someone,a blunder by someone,none of these,an inspiration of the someone,,Other,Hard,Test Learning Outcome 287,"Skillone,skilltwo","English, STEPPING STONES COURSE BOOK 6",1
CBSE,Class 6,English,Stepping Stones,Chapter 12 Charge of the Light Brigade,,,Multiple Choice Question (QPG) Test Paper,The six hundred soldiers belonged to the,N\A,infantry,cavalry,artillery,none of these,,Other,Hard,Test Learning Outcome 288,"Skillone,skilltwo","English, STEPPING STONES COURSE BOOK 6",1
CBSE,Class 6,English,Stepping Stones,Chapter 12 Charge of the Light Brigade,,,Multiple Choice Question (QPG) Test Paper,The soldiers obeyed the order because their duty is to,N\A,do and die,none of these,not to reason why,both (a) and (b),,Other,Hard,Test Learning Outcome 289,"Skillone,skilltwo","English, STEPPING STONES COURSE BOOK 6",1
CBSE,Class 6,English,Stepping Stones,Chapter 12 Charge of the Light Brigade,,,True or False (QPG),The Light Brigade killed every Russian and Cossack.,N\A,,,,,,Other,Hard,Test Learning Outcome 290,"Skillone,skilltwo","English, STEPPING STONES COURSE BOOK 6",1
CBSE,Class 6,English,Stepping Stones,Chapter 12 Charge of the Light Brigade,,,True or False (QPG),The Light Brigade was asked to move forward and charge at the guns.,N\A,,,,,,Other,Hard,Test Learning Outcome 291,"Skillone,skilltwo","English, STEPPING STONES COURSE BOOK 6",1
CBSE,Class 6,English,Stepping Stones,Chapter 12 Charge of the Light Brigade,,,True or False (QPG),The poet thinks that the glorious charge can never be forgotten.,N\A,,,,,,Other,Hard,Test Learning Outcome 292,"Skillone,skilltwo","English, STEPPING STONES COURSE BOOK 6",1
CBSE,Class 6,English,Stepping Stones,Chapter 12 Charge of the Light Brigade,,,True or False (QPG),The soldiers did not know that someone had made a mistake.,N\A,,,,,,Other,Hard,Test Learning Outcome 293,"Skillone,skilltwo","English, STEPPING STONES COURSE BOOK 6",1
CBSE,Class 6,English,Stepping Stones,Chapter 12 Charge of the Light Brigade,,,True or False (QPG),The world was amazed at the bravery of the Light Brigade.,N\A,,,,,,Other,Hard,Test Learning Outcome 294,"Skillone,skilltwo","English, STEPPING STONES COURSE BOOK 6",1
CBSE,Class 6,English,Stepping Stones,Chapter 17 Easter,,,Fill in the blank (QPG),"Easter is a festival of the __________________ . __________________ is believed to have died on the
cross. In churches no bells are __________________________ on this day. The Saturday between
Good Friday and Easter Sunday is called _____________________ Saturday. Easter Sunday
is a day of _____________________________. People ________________________ friends and relatives,
______________________________ greetings and buy _____________________________ eggs.",N\A,,,,,,Other,Hard,Test Learning Outcome 295,"Skillone,skilltwo","English, STEPPING STONES COURSE BOOK 6",1
CBSE,Class 6,English,Stepping Stones,Chapter 17 Easter,,,Matching Question (QPG),chick (b) good healthdeer (f) symbol of lifeeaster egg (a) loveflowers (g) fertility of springrabbit (c) good fortunerooster (e) fulfilment of wishessun (d) new life,N\A,,,,,,Other,Hard,Test Learning Outcome 296,"Skillone,skilltwo","English, STEPPING STONES COURSE BOOK 6",1
CBSE,Class 6,English,Stepping Stones,Chapter 17 Easter,,,Short Answer Questions (QPG),Describe the Catholic ceremonies.,N\A,,,,,,Other,Hard,Test Learning Outcome 303,"Skillone,skilltwo","English, STEPPING STONES COURSE BOOK 6",1
CBSE,Class 6,English,Stepping Stones,Chapter 17 Easter,,,Short Answer Questions (QPG),What is Lent?,N\A,,,,,,Other,Hard,Test Learning Outcome 304,"Skillone,skilltwo","English, STEPPING STONES COURSE BOOK 6",1
CBSE,Class 6,English,Stepping Stones,Chapter 17 Easter,,,Short Answer Questions (QPG),When are Easter and Good Friday observed?,N\A,,,,,,Other,Hard,Test Learning Outcome 305,"Skillone,skilltwo","English, STEPPING STONES COURSE BOOK 6",1
CBSE,Class 6,English,Stepping Stones,Chapter 17 Easter,,,Short Answer Questions (QPG),"Why is day called, ‘Good Friday’?",N\A,,,,,,Other,Hard,Test Learning Outcome 306,"Skillone,skilltwo","English, STEPPING STONES COURSE BOOK 6",1
CBSE,Class 6,English,Stepping Stones,Chapter 9 From A Railway Carriage,,,Short Answer Questions (QPG),"‘Stringing the daises’, What kind of action is described by this phrase?",N\A,,,,,,Other,Hard,Test Learning Outcome 307,"Skillone,skilltwo","English, STEPPING STONES COURSE BOOK 6",1
CBSE,Class 6,English,Stepping Stones,Chapter 9 From A Railway Carriage,,,Short Answer Questions (QPG),Describe the actions of the people the poet sees from the train.,N\A,,,,,,Other,Hard,Test Learning Outcome 308,"Skillone,skilltwo","English, STEPPING STONES COURSE BOOK 6",1
CBSE,Class 6,English,Stepping Stones,Chapter 9 From A Railway Carriage,,,Short Answer Questions (QPG),Find three comparisons in the poem which show the great speed of the train.,N\A,,,,,,Other,Hard,Test Learning Outcome 309,"Skillone,skilltwo","English, STEPPING STONES COURSE BOOK 6",1
CBSE,Class 6,English,Stepping Stones,Chapter 9 From A Railway Carriage,,,Short Answer Questions (QPG),What image of the train is created in your mind by the poet? Give examples,N\A,,,,,,Other,Hard,Test Learning Outcome 310,"Skillone,skilltwo","English, STEPPING STONES COURSE BOOK 6",1
CBSE,Class 6,English,Stepping Stones,Chapter 9 From A Railway Carriage,,,Short Answer Questions (QPG),What is the rhyme scheme of the poem? What is the literary name for it?,N\A,,,,,,Other,Hard,Test Learning Outcome 311,"Skillone,skilltwo","English, STEPPING STONES COURSE BOOK 6",1
CBSE,Class 6,English,Stepping Stones,Chapter 9 From A Railway Carriage,,,Short Answer Questions (QPG),What kind of places does the train pass by?,N\A,,,,,,Other,Hard,Test Learning Outcome 312,"Skillone,skilltwo","English, STEPPING STONES COURSE BOOK 6",1
CBSE,Class 6,English,Stepping Stones,Chapter 1 How the Peacock  Got Eyes on Its  Tail,,,Short Answer Questions (QPG),"“Out, ungrateful wretch!” Who said these words? What consequences did the peacock have
to face for ill-treating his wife?",N\A,,,,,,Other,Hard,Test Learning Outcome 313,"Skillone,skilltwo","English, STEPPING STONES COURSE BOOK 6",1
CBSE,Class 6,English,Stepping Stones,Chapter 1 How the Peacock  Got Eyes on Its  Tail,,,Short Answer Questions (QPG),Describe the wedding celebrations.,N\A,,,,,,Other,Hard,Test Learning Outcome 314,"Skillone,skilltwo","English, STEPPING STONES COURSE BOOK 6",1
CBSE,Class 6,English,Stepping Stones,Chapter 1 How the Peacock  Got Eyes on Its  Tail,,,Short Answer Questions (QPG),How did the elephant welcome the other animals? Why did he refuse to be the king?,N\A,,,,,,Other,Hard,Test Learning Outcome 315,"Skillone,skilltwo","English, STEPPING STONES COURSE BOOK 6",1
CBSE,Class 6,English,Stepping Stones,Chapter 1 How the Peacock  Got Eyes on Its  Tail,,,Short Answer Questions (QPG),How did the peacock get eyes on its tail?,N\A,,,,,,Other,Hard,Test Learning Outcome 316,"Skillone,skilltwo","English, STEPPING STONES COURSE BOOK 6",1
CBSE,Class 6,English,Stepping Stones,Chapter 1 How the Peacock  Got Eyes on Its  Tail,,,Short Answer Questions (QPG),How did the peacock treat Surya?,N\A,,,,,,Other,Hard,Test Learning Outcome 317,"Skillone,skilltwo","English, STEPPING STONES COURSE BOOK 6",1
CBSE,Class 6,English,Stepping Stones,Chapter 1 How the Peacock  Got Eyes on Its  Tail,,,Short Answer Questions (QPG),The peacock looked like a king. How?,N\A,,,,,,Other,Hard,Test Learning Outcome 318,"Skillone,skilltwo","English, STEPPING STONES COURSE BOOK 6",1
CBSE,Class 6,English,Stepping Stones,Chapter 1 How the Peacock  Got Eyes on Its  Tail,,,Short Answer Questions (QPG),What do the people of Rajasthan still believe?,N\A,,,,,,Other,Hard,Test Learning Outcome 319,"Skillone,skilltwo","English, STEPPING STONES COURSE BOOK 6",1
CBSE,Class 6,English,Stepping Stones,Chapter 1 How the Peacock  Got Eyes on Its  Tail,,,Short Answer Questions (QPG),What gifts did the Sun King give the couple?,N\A,,,,,,Other,Hard,Test Learning Outcome 320,"Skillone,skilltwo","English, STEPPING STONES COURSE BOOK 6",1
CBSE,Class 6,English,Stepping Stones,Chapter 1 How the Peacock  Got Eyes on Its  Tail,,,Short Answer Questions (QPG),What made the animals scurry away from the lion?,N\A,,,,,,Other,Hard,Test Learning Outcome 321,"Skillone,skilltwo","English, STEPPING STONES COURSE BOOK 6",1
CBSE,Class 6,English,Stepping Stones,Chapter 1 How the Peacock  Got Eyes on Its  Tail,,,Short Answer Questions (QPG),Who was Surya? Why did she fall in love with the peacock?,N\A,,,,,,Other,Hard,Test Learning Outcome 322,"Skillone,skilltwo","English, STEPPING STONES COURSE BOOK 6",1
CBSE,Class 6,English,Stepping Stones,Chapter 1 How the Peacock  Got Eyes on Its  Tail,,,Short Answer Questions (QPG),Why did Surya’s father feel that the peacock was no match for her?,N\A,,,,,,Other,Hard,Test Learning Outcome 323,"Skillone,skilltwo","English, STEPPING STONES COURSE BOOK 6",1
CBSE,Class 6,English,Stepping Stones,Chapter 1 How the Peacock  Got Eyes on Its  Tail,,,Short Answer Questions (QPG),Why did the animals have a meeting? Describe the gathering.,N\A,,,,,,Other,Hard,Test Learning Outcome 324,"Skillone,skilltwo","English, STEPPING STONES COURSE BOOK 6",1
CBSE,Class 6,English,Stepping Stones,Chapter 1 How the Peacock  Got Eyes on Its  Tail,,,Fill in the blank (QPG),"“He was so beautiful, but oh, so stuffed with pride!” ______________________",N\A,,,,,,Other,Hard,Test Learning Outcome 325,"Skillone,skilltwo","English, STEPPING STONES COURSE BOOK 6",1
CBSE,Class 6,English,Stepping Stones,Chapter 1 How the Peacock  Got Eyes on Its  Tail,,,Fill in the blank (QPG),"“Look at me, I have no beauty left.” ______________________",N\A,,,,,,Other,Hard,Test Learning Outcome 326,"Skillone,skilltwo","English, STEPPING STONES COURSE BOOK 6",1
CBSE,Class 6,English,Stepping Stones,Chapter 1 How the Peacock  Got Eyes on Its  Tail,,,Fill in the blank (QPG),"“Oh, nothing, you only need to agree with the ministers.” ______________________",N\A,,,,,,Other,Hard,Test Learning Outcome 327,"Skillone,skilltwo","English, STEPPING STONES COURSE BOOK 6",1
CBSE,Class 6,English,Stepping Stones,Chapter 1 How the Peacock  Got Eyes on Its  Tail,,,Fill in the blank (QPG),“Yes! But what am I expected to do?” ______________________,N\A,,,,,,Other,Hard,Test Learning Outcome 328,"Skillone,skilltwo","English, STEPPING STONES COURSE BOOK 6",1
CBSE,Class 6,English,Stepping Stones,"Chapter 10 Mowgli, The Man's Cub (1)",,,Fill in the blank (QPG),"Father and Mother Wolf felt uncomfortable when Tabaqui said, ‘__________________________’.
They thought the comment was _____________________________ .",N\A,,,,,,Other,Hard,Test Learning Outcome 329,"Skillone,skilltwo","English, STEPPING STONES COURSE BOOK 6",1
CBSE,Class 6,English,Stepping Stones,"Chapter 10 Mowgli, The Man's Cub (1)",,,Fill in the blank (QPG),"Father Wolf called Sher Khan, __________________________________________ he blamed him for
starting _____________________________ with that ________________________________________________",N\A,,,,,,Other,Hard,Test Learning Outcome 330,"Skillone,skilltwo","English, STEPPING STONES COURSE BOOK 6",1
CBSE,Class 6,English,Stepping Stones,"Chapter 10 Mowgli, The Man's Cub (1)",,,Fill in the blank (QPG),"Mother Wolf thought Sher Khan was hunting _____________________________ and not
_____________________________ or _____________________________ .",N\A,,,,,,Other,Hard,Test Learning Outcome 331,"Skillone,skilltwo","English, STEPPING STONES COURSE BOOK 6",1
CBSE,Class 6,English,Stepping Stones,"Chapter 10 Mowgli, The Man's Cub (1)",,,Fill in the blank (QPG),"Now Sher Khan was _____________________________ and, he _____________________________ only
___________________________________________________________________________________ .",N\A,,,,,,Other,Hard,Test Learning Outcome 332,"Skillone,skilltwo","English, STEPPING STONES COURSE BOOK 6",1
CBSE,Class 6,English,Stepping Stones,"Chapter 10 Mowgli, The Man's Cub (1)",,,Fill in the blank (QPG),"Sher Khan was _____________________________ who lived near the _____________________________,
_____________________________ miles away.",N\A,,,,,,Other,Hard,Test Learning Outcome 333,"Skillone,skilltwo","English, STEPPING STONES COURSE BOOK 6",1
CBSE,Class 6,English,Stepping Stones,"Chapter 10 Mowgli, The Man's Cub (1)",,,Fill in the blank (QPG),"Tabaqui thanked Father and Mother Wolf for a good meal. The good meal was
_______________________________________________________________________ .",N\A,,,,,,Other,Hard,Test Learning Outcome 334,"Skillone,skilltwo","English, STEPPING STONES COURSE BOOK 6",1
CBSE,Class 6,English,Stepping Stones,"Chapter 10 Mowgli, The Man's Cub (1)",,,Fill in the blank (QPG),Mowgli was __________________________________ .,N\A,,,,,,Other,Hard,Test Learning Outcome 335,"Skillone,skilltwo","English, STEPPING STONES COURSE BOOK 6",1
CBSE,Class 6,English,Stepping Stones,"Chapter 10 Mowgli, The Man's Cub (1)",,,Fill in the blank (QPG),The wolves hated Tabaqui because he ________________________________________________,N\A,,,,,,Other,Hard,Test Learning Outcome 336,"Skillone,skilltwo","English, STEPPING STONES COURSE BOOK 6",1
CBSE,Class 6,English,Stepping Stones,"Chapter 10 Mowgli, The Man's Cub (1)",,,Short Answer Questions (QPG),Father Wolf exclaimed ‘the silly tiger.’ Why?,N\A,,,,,,Other,Hard,Test Learning Outcome 337,"Skillone,skilltwo","English, STEPPING STONES COURSE BOOK 6",1
CBSE,Class 6,English,Stepping Stones,"Chapter 10 Mowgli, The Man's Cub (1)",,,Short Answer Questions (QPG),How did Mother Wolf scare Sher Khan and turn away?,N\A,,,,,,Other,Hard,Test Learning Outcome 338,"Skillone,skilltwo","English, STEPPING STONES COURSE BOOK 6",1
CBSE,Class 6,English,Stepping Stones,"Chapter 10 Mowgli, The Man's Cub (1)",,,Short Answer Questions (QPG),What did Sher Khan demand from the wolves?,N\A,,,,,,Other,Hard,Test Learning Outcome 339,"Skillone,skilltwo","English, STEPPING STONES COURSE BOOK 6",1
CBSE,Class 6,English,Stepping Stones,"Chapter 10 Mowgli, The Man's Cub (1)",,,Short Answer Questions (QPG),What was the law of the jungle?,N\A,,,,,,Other,Hard,Test Learning Outcome 340,"Skillone,skilltwo","English, STEPPING STONES COURSE BOOK 6",1
CBSE,Class 6,English,Stepping Stones,"Chapter 10 Mowgli, The Man's Cub (1)",,,Short Answer Questions (QPG),Who was Mowgli?,N\A,,,,,,Other,Hard,Test Learning Outcome 341,"Skillone,skilltwo","English, STEPPING STONES COURSE BOOK 6",1
CBSE,Class 6,English,Stepping Stones,"Chapter 10 Mowgli, The Man's Cub (1)",,,Short Answer Questions (QPG),Who was Sher Khan?,N\A,,,,,,Other,Hard,Test Learning Outcome 342,"Skillone,skilltwo","English, STEPPING STONES COURSE BOOK 6",1
CBSE,Class 6,English,Stepping Stones,"Chapter 10 Mowgli, The Man's Cub (1)",,,Short Answer Questions (QPG),Why did Father and Mother Wolf feel uncomfortable on hearing Tabaqui’s comments?,N\A,,,,,,Other,Hard,Test Learning Outcome 343,"Skillone,skilltwo","English, STEPPING STONES COURSE BOOK 6",1
CBSE,Class 6,English,Stepping Stones,"Chapter 10 Mowgli, The Man's Cub (1)",,,Short Answer Questions (QPG),Why did the wolves hate Tabaqui?,N\A,,,,,,Other,Hard,Test Learning Outcome 344,"Skillone,skilltwo","English, STEPPING STONES COURSE BOOK 6",1
CBSE,Class 6,English,Stepping Stones,"Chapter 10 Mowgli, The Man's Cub (1)",,,Short Answer Questions (QPG),Why had the tiger’s angry roar changed into a cry of pain?,N\A,,,,,,Other,Hard,Test Learning Outcome 345,"Skillone,skilltwo","English, STEPPING STONES COURSE BOOK 6",1
CBSE,Class 6,English,Stepping Stones,"Chapter 10 Mowgli, The Man's Cub (1)",,,Short Answer Questions (QPG),Why was Father Wolf angry and upset?,N\A,,,,,,Other,Hard,Test Learning Outcome 346,"Skillone,skilltwo","English, STEPPING STONES COURSE BOOK 6",1
CBSE,Class 6,English,Stepping Stones,"Chapter 10 Mowgli, The Man's Cub (1)",,,True or False (QPG),"Mother Wolf asked Father Wolf to bring Mowgli in as she had never seen a man’s
cub before.",N\A,,,,,,Other,Hard,Test Learning Outcome 347,"Skillone,skilltwo","English, STEPPING STONES COURSE BOOK 6",1
CBSE,Class 6,English,Stepping Stones,"Chapter 10 Mowgli, The Man's Cub (1)",,,True or False (QPG),Mother Wolf was sure that Sher Khan was hunting wild bucks and fat cows that night.,N\A,,,,,,Other,Hard,Test Learning Outcome 348,"Skillone,skilltwo","English, STEPPING STONES COURSE BOOK 6",1
CBSE,Class 6,English,Stepping Stones,"Chapter 10 Mowgli, The Man's Cub (1)",,,True or False (QPG),"The dry, angry cry of the tiger told Father Wolf that Sher Khan had not found a prey yet.",N\A,,,,,,Other,Hard,Test Learning Outcome 349,"Skillone,skilltwo","English, STEPPING STONES COURSE BOOK 6",1
CBSE,Class 6,English,Stepping Stones,"Chapter 10 Mowgli, The Man's Cub (1)",,,True or False (QPG),The people of Vanganga were very happy with Sher Khan for hunting in their village.,N\A,,,,,,Other,Hard,Test Learning Outcome 350,"Skillone,skilltwo","English, STEPPING STONES COURSE BOOK 6",1
CBSE,Class 6,English,Stepping Stones,"Chapter 10 Mowgli, The Man's Cub (1)",,,True or False (QPG),The tiny toddler that entered the cave cried in fear when he saw the wolf family.,N\A,,,,,,Other,Hard,Test Learning Outcome 351,"Skillone,skilltwo","English, STEPPING STONES COURSE BOOK 6",1
CBSE,Class 6,English,Stepping Stones,"Chapter 11 Mowgli, The Man's Cub (2)",,,Short Answer Questions (QPG),‘What do free people want with a man’s cub?’ Who raised this objection and why?,N\A,,,,,,Other,Hard,Test Learning Outcome 352,"Skillone,skilltwo","English, STEPPING STONES COURSE BOOK 6",1
CBSE,Class 6,English,Stepping Stones,"Chapter 11 Mowgli, The Man's Cub (2)",,,Short Answer Questions (QPG),"Did Mowgli eventually succeed in joining the wolves’ pack? If so, how?",N\A,,,,,,Other,Hard,Test Learning Outcome 353,"Skillone,skilltwo","English, STEPPING STONES COURSE BOOK 6",1
CBSE,Class 6,English,Stepping Stones,"Chapter 11 Mowgli, The Man's Cub (2)",,,Short Answer Questions (QPG),How was the panther right?,N\A,,,,,,Other,Hard,Test Learning Outcome 354,"Skillone,skilltwo","English, STEPPING STONES COURSE BOOK 6",1
CBSE,Class 6,English,Stepping Stones,"Chapter 11 Mowgli, The Man's Cub (2)",,,Short Answer Questions (QPG),In due course of time what all did Mowgli learn?,N\A,,,,,,Other,Hard,Test Learning Outcome 355,"Skillone,skilltwo","English, STEPPING STONES COURSE BOOK 6",1
CBSE,Class 6,English,Stepping Stones,"Chapter 11 Mowgli, The Man's Cub (2)",,,Short Answer Questions (QPG),Name the two members of the pack who supported Mowgli.,N\A,,,,,,Other,Hard,Test Learning Outcome 356,"Skillone,skilltwo","English, STEPPING STONES COURSE BOOK 6",1
CBSE,Class 6,English,Stepping Stones,"Chapter 11 Mowgli, The Man's Cub (2)",,,Short Answer Questions (QPG),What did Sher Khan speak from behind the rock?,N\A,,,,,,Other,Hard,Test Learning Outcome 357,"Skillone,skilltwo","English, STEPPING STONES COURSE BOOK 6",1
CBSE,Class 6,English,Stepping Stones,"Chapter 11 Mowgli, The Man's Cub (2)",,,Short Answer Questions (QPG),What was Bagheera’s argument? What sacrifice did he agree to make?,N\A,,,,,,Other,Hard,Test Learning Outcome 358,"Skillone,skilltwo","English, STEPPING STONES COURSE BOOK 6",1
CBSE,Class 6,English,Stepping Stones,"Chapter 11 Mowgli, The Man's Cub (2)",,,Short Answer Questions (QPG),What was Mowgli doing while the inspection was in progress?,N\A,,,,,,Other,Hard,Test Learning Outcome 359,"Skillone,skilltwo","English, STEPPING STONES COURSE BOOK 6",1
CBSE,Class 6,English,Stepping Stones,"Chapter 11 Mowgli, The Man's Cub (2)",,,Short Answer Questions (QPG),Who was Akela? What did he call out each time the cubs were shown to the pack?,N\A,,,,,,Other,Hard,Test Learning Outcome 360,"Skillone,skilltwo","English, STEPPING STONES COURSE BOOK 6",1
CBSE,Class 6,English,Stepping Stones,"Chapter 11 Mowgli, The Man's Cub (2)",,,Short Answer Questions (QPG),Why did Father and Mother Wolf go to the great rock and whom did they take with them?,N\A,,,,,,Other,Hard,Test Learning Outcome 361,"Skillone,skilltwo","English, STEPPING STONES COURSE BOOK 6",1
CBSE,Class 6,English,Stepping Stones,"Chapter 11 Mowgli, The Man's Cub (2)",,,Short Answer Questions (QPG),Why did Mowgli keep away from men?,N\A,,,,,,Other,Hard,Test Learning Outcome 362,"Skillone,skilltwo","English, STEPPING STONES COURSE BOOK 6",1
CBSE,Class 6,English,Stepping Stones,Chapter 5 Thank You Wright Brothers,,,Short Answer Questions (QPG),Describe the new flying machine made by the Wright brothers.,N\A,,,,,,Other,Hard,Test Learning Outcome 363,"Skillone,skilltwo","English, STEPPING STONES COURSE BOOK 6",1
CBSE,Class 6,English,Stepping Stones,Chapter 5 Thank You Wright Brothers,,,Short Answer Questions (QPG),How did Otto Lilienthal’s invention of the glider inspire the Wright brothers?,N\A,,,,,,Other,Hard,Test Learning Outcome 364,"Skillone,skilltwo","English, STEPPING STONES COURSE BOOK 6",1
CBSE,Class 6,English,Stepping Stones,Chapter 5 Thank You Wright Brothers,,,Short Answer Questions (QPG),How did the experience of working at their father’s printing press help them?,N\A,,,,,,Other,Hard,Test Learning Outcome 365,"Skillone,skilltwo","English, STEPPING STONES COURSE BOOK 6",1
CBSE,Class 6,English,Stepping Stones,Chapter 5 Thank You Wright Brothers,,,Short Answer Questions (QPG),How did they find a solution to prevent the flying machine from overturning?,N\A,,,,,,Other,Hard,Test Learning Outcome 366,"Skillone,skilltwo","English, STEPPING STONES COURSE BOOK 6",1
CBSE,Class 6,English,Stepping Stones,Chapter 5 Thank You Wright Brothers,,,Short Answer Questions (QPG),How was the model glider made? Where were the trials conducted?,N\A,,,,,,Other,Hard,Test Learning Outcome 367,"Skillone,skilltwo","English, STEPPING STONES COURSE BOOK 6",1
CBSE,Class 6,English,Stepping Stones,Chapter 5 Thank You Wright Brothers,,,Short Answer Questions (QPG),What celebrations followed the pathbreaking invention of the flyer?,N\A,,,,,,Other,Hard,Test Learning Outcome 368,"Skillone,skilltwo","English, STEPPING STONES COURSE BOOK 6",1
CBSE,Class 6,English,Stepping Stones,Chapter 5 Thank You Wright Brothers,,,Short Answer Questions (QPG),What did the brothers do to understand the intricacies of flying?,N\A,,,,,,Other,Hard,Test Learning Outcome 369,"Skillone,skilltwo","English, STEPPING STONES COURSE BOOK 6",1
CBSE,Class 6,English,Stepping Stones,Chapter 5 Thank You Wright Brothers,,,Short Answer Questions (QPG),What did the two brothers do next to make the glider stay in the air?,N\A,,,,,,Other,Hard,Test Learning Outcome 370,"Skillone,skilltwo","English, STEPPING STONES COURSE BOOK 6",1
CBSE,Class 6,English,Stepping Stones,Chapter 5 Thank You Wright Brothers,,,Short Answer Questions (QPG),Who was Milton Wright? What gift did he bring for his boys?,N\A,,,,,,Other,Hard,Test Learning Outcome 371,"Skillone,skilltwo","English, STEPPING STONES COURSE BOOK 6",1
CBSE,Class 6,English,Stepping Stones,Chapter 5 Thank You Wright Brothers,,,Short Answer Questions (QPG),Why did the brothers open a bicycle shop?,N\A,,,,,,Other,Hard,Test Learning Outcome 372,"Skillone,skilltwo","English, STEPPING STONES COURSE BOOK 6",1
CBSE,Class 6,English,Stepping Stones,Chapter 5 Thank You Wright Brothers,,,Short Answer Questions (QPG),Why were the brothers excited? What did they dream of doing?,N\A,,,,,,Other,Hard,Test Learning Outcome 373,"Skillone,skilltwo","English, STEPPING STONES COURSE BOOK 6",1
CBSE,Class 6,English,Stepping Stones,Chapter 5 Thank You Wright Brothers,,,Short Answer Questions (QPG),Why were the Wright brothers unable to complete their education?,N\A,,,,,,Other,Hard,Test Learning Outcome 374,"Skillone,skilltwo","English, STEPPING STONES COURSE BOOK 6",1
CBSE,Class 6,English,Stepping Stones,Chapter 15 The Little Things That Happen,,,Fill in the blank (QPG),"According to the poet, life is _________________________________ .",N\A,,,,,,Other,Hard,Test Learning Outcome 375,"Skillone,skilltwo","English, STEPPING STONES COURSE BOOK 6",1
CBSE,Class 6,English,Stepping Stones,Chapter 15 The Little Things That Happen,,,Fill in the blank (QPG),Life will look different if we ____________________________ our _____________________________ .,N\A,,,,,,Other,Hard,Test Learning Outcome 376,"Skillone,skilltwo","English, STEPPING STONES COURSE BOOK 6",1
CBSE,Class 6,English,Stepping Stones,Chapter 15 The Little Things That Happen,,,Fill in the blank (QPG),Sometimes things look _________________________________ to us.,N\A,,,,,,Other,Hard,Test Learning Outcome 377,"Skillone,skilltwo","English, STEPPING STONES COURSE BOOK 6",1
CBSE,Class 6,English,Stepping Stones,Chapter 15 The Little Things That Happen,,,Fill in the blank (QPG),To be happy we have to turn the _________________________________ out.,N\A,,,,,,Other,Hard,Test Learning Outcome 378,"Skillone,skilltwo","English, STEPPING STONES COURSE BOOK 6",1
CBSE,Class 6,English,Stepping Stones,Chapter 15 The Little Things That Happen,,,Fill in the blank (QPG),Which two sides does the poet mention? _________________________________ .,N\A,,,,,,Other,Hard,Test Learning Outcome 379,"Skillone,skilltwo","English, STEPPING STONES COURSE BOOK 6",1
CBSE,Class 6,English,Stepping Stones,Chapter 15 The Little Things That Happen,,,Matching Question (QPG),abandon (a) stickadhere (d) copycoarse (c) leastdisaster (e) highestenemy (b) angerenormous (f) purposeimitate (i) roughintention (g) giganticminimum (j) unfriendly,N\A,,,,,,Other,Hard,Test Learning Outcome 380,"Skillone,skilltwo","English, STEPPING STONES COURSE BOOK 6",1
CBSE,Class 6,English,Stepping Stones,Chapter 15 The Little Things That Happen,,,Short Answer Questions (QPG),‘‘Some stay ever near you.’’ Which memories is the poet talking about?,N\A,,,,,,Other,Hard,Test Learning Outcome 391,"Skillone,skilltwo","English, STEPPING STONES COURSE BOOK 6",1
CBSE,Class 6,English,Stepping Stones,Chapter 15 The Little Things That Happen,,,Short Answer Questions (QPG),“Of which you keep the keys.” Which keys is the poet referring to?,N\A,,,,,,Other,Hard,Test Learning Outcome 392,"Skillone,skilltwo","English, STEPPING STONES COURSE BOOK 6",1
CBSE,Class 6,English,Stepping Stones,Chapter 15 The Little Things That Happen,,,Short Answer Questions (QPG),“The keys grow rusty.” Elaborate.,N\A,,,,,,Other,Hard,Test Learning Outcome 393,"Skillone,skilltwo","English, STEPPING STONES COURSE BOOK 6",1
CBSE,Class 6,English,Stepping Stones,Chapter 15 The Little Things That Happen,,,Short Answer Questions (QPG),What are memories?,N\A,,,,,,Other,Hard,Test Learning Outcome 394,"Skillone,skilltwo","English, STEPPING STONES COURSE BOOK 6",1
CBSE,Class 6,English,Stepping Stones,Chapter 15 The Little Things That Happen,,,Short Answer Questions (QPG),Why do we remember some things and forget the others?,N\A,,,,,,Other,Hard,Test Learning Outcome 395,"Skillone,skilltwo","English, STEPPING STONES COURSE BOOK 6",1
CBSE,Class 6,English,Stepping Stones,Chapter 7 The Nightingale,,,Multiple Choice Question (QPG) Test Paper,All stanzas are of 8 lines except stanza,N\A,one and two,six and eight,none of these,only the last,,Other,Hard,Test Learning Outcome 396,"Skillone,skilltwo","English, STEPPING STONES COURSE BOOK 6",1
CBSE,Class 6,English,Stepping Stones,Chapter 7 The Nightingale,,,Multiple Choice Question (QPG) Test Paper,The number of stanzas in the poem is,N\A,eight,nine,seven,none of these,,Other,Hard,Test Learning Outcome 397,"Skillone,skilltwo","English, STEPPING STONES COURSE BOOK 6",1
CBSE,Class 6,English,Stepping Stones,Chapter 7 The Nightingale,,,Multiple Choice Question (QPG) Test Paper,The rhyme scheme of each stanza is,N\A,aa bb cc dd,"abcd, abcd","abcb, defe",none of these,,Other,Hard,Test Learning Outcome 398,"Skillone,skilltwo","English, STEPPING STONES COURSE BOOK 6",1
CBSE,Class 6,English,Stepping Stones,Chapter 7 The Nightingale,,,Multiple Choice Question (QPG) Test Paper,They wound it up refers to —,N\A,a mechanical bird,the nightingale,to the listeners,none of these,,Other,Hard,Test Learning Outcome 399,"Skillone,skilltwo","English, STEPPING STONES COURSE BOOK 6",1
CBSE,Class 6,English,Stepping Stones,Chapter 7 The Nightingale,,,Multiple Choice Question (QPG) Test Paper,Which of the following words describes the action of the Nightingale best?,N\A,generous,none of these,kind,humble,,Other,Hard,Test Learning Outcome 400,"Skillone,skilltwo","English, STEPPING STONES COURSE BOOK 6",1
CBSE,Class 6,English,Stepping Stones,Chapter 7 The Nightingale,,,Short Answer Questions (QPG),The clockwork was “laid aside”. Why?,N\A,,,,,,Other,Hard,Test Learning Outcome 401,"Skillone,skilltwo","English, STEPPING STONES COURSE BOOK 6",1
CBSE,Class 6,English,Stepping Stones,Chapter 7 The Nightingale,,,Short Answer Questions (QPG),The Emperor sat up in bed and wished everyone “Good Morning”. What does it tell us?,N\A,,,,,,Other,Hard,Test Learning Outcome 402,"Skillone,skilltwo","English, STEPPING STONES COURSE BOOK 6",1
CBSE,Class 6,English,Stepping Stones,Chapter 7 The Nightingale,,,Short Answer Questions (QPG),What is the message given by this poem?,N\A,,,,,,Other,Hard,Test Learning Outcome 403,"Skillone,skilltwo","English, STEPPING STONES COURSE BOOK 6",1
CBSE,Class 6,English,Stepping Stones,Chapter 7 The Nightingale,,,Short Answer Questions (QPG),What kind of present did the king receive? What was its effect on the courtiers?,N\A,,,,,,Other,Hard,Test Learning Outcome 404,"Skillone,skilltwo","English, STEPPING STONES COURSE BOOK 6",1
CBSE,Class 6,English,Stepping Stones,Chapter 7 The Nightingale,,,Short Answer Questions (QPG),What was special about his palace?,N\A,,,,,,Other,Hard,Test Learning Outcome 405,"Skillone,skilltwo","English, STEPPING STONES COURSE BOOK 6",1
CBSE,Class 6,English,Stepping Stones,Chapter 7 The Nightingale,,,Short Answer Questions (QPG),What was the effect of the Nightingale’s song on the king and the courtiers?,N\A,,,,,,Other,Hard,Test Learning Outcome 406,"Skillone,skilltwo","English, STEPPING STONES COURSE BOOK 6",1
CBSE,Class 6,English,Stepping Stones,Chapter 7 The Nightingale,,,Short Answer Questions (QPG),Where did the Emperor live?,N\A,,,,,,Other,Hard,Test Learning Outcome 407,"Skillone,skilltwo","English, STEPPING STONES COURSE BOOK 6",1
CBSE,Class 6,English,Stepping Stones,Chapter 7 The Nightingale,,,Short Answer Questions (QPG),Which quality of the Nightingale drew the attention of the Emperor?,N\A,,,,,,Other,Hard,Test Learning Outcome 408,"Skillone,skilltwo","English, STEPPING STONES COURSE BOOK 6",1
CBSE,Class 6,English,Stepping Stones,Chapter 7 The Nightingale,,,Short Answer Questions (QPG),Why did doctors shake their heads in sorrow?,N\A,,,,,,Other,Hard,Test Learning Outcome 409,"Skillone,skilltwo","English, STEPPING STONES COURSE BOOK 6",1
CBSE,Class 6,English,Stepping Stones,Chapter 7 The Nightingale,,,Short Answer Questions (QPG),Why do people generally weep? Why did the king cry?,N\A,,,,,,Other,Hard,Test Learning Outcome 410,"Skillone,skilltwo","English, STEPPING STONES COURSE BOOK 6",1
CBSE,Class 6,English,Stepping Stones,Chapter 8 The Rescue,,,Multiple Choice Question (QPG) Test Paper,Gopi had,N\A,none of these,a big boat which could go far into the sea,a big boat with a big net,a small boat incapable of going far into the sea,,Other,Hard,Test Learning Outcome 411,"Skillone,skilltwo","English, STEPPING STONES COURSE BOOK 6",1
CBSE,Class 6,English,Stepping Stones,Chapter 8 The Rescue,,,Multiple Choice Question (QPG) Test Paper,Gopi was a __________ who lived in __________,N\A,farmer/Chennai,fisherman/Mumbai,Cobbler/Pune,none of these,,Other,Hard,Test Learning Outcome 412,"Skillone,skilltwo","English, STEPPING STONES COURSE BOOK 6",1
CBSE,Class 6,English,Stepping Stones,Chapter 8 The Rescue,,,Multiple Choice Question (QPG) Test Paper,Gopi’s luck changed,N\A,when he caught a big haul one day,when he rescued a rich businessman’s daughter from drowning,when he saved the train from falling into the creek,none of these,,Other,Hard,Test Learning Outcome 413,"Skillone,skilltwo","English, STEPPING STONES COURSE BOOK 6",1
CBSE,Class 6,English,Stepping Stones,Chapter 8 The Rescue,,,Multiple Choice Question (QPG) Test Paper,His work was to,N\A,catch fish before sunrise,work in fields before sunrise,none of these,mend shoes till evening,,Other,Hard,Test Learning Outcome 414,"Skillone,skilltwo","English, STEPPING STONES COURSE BOOK 6",1
CBSE,Class 6,English,Stepping Stones,Chapter 8 The Rescue,,,Multiple Choice Question (QPG) Test Paper,The railway bridge over the creek,N\A,helped Gopi to catch the fish,its noise scared the fish and Gopi could not catch them,carried important people all over India,none of these,,Other,Hard,Test Learning Outcome 415,"Skillone,skilltwo","English, STEPPING STONES COURSE BOOK 6",1
CBSE,Class 6,English,Stepping Stones,Chapter 8 The Rescue,,,Short Answer Questions (QPG),What did Gopi do when he saw a little girl falling off the train into the creek?,N\A,,,,,,Other,Hard,Test Learning Outcome 416,"Skillone,skilltwo","English, STEPPING STONES COURSE BOOK 6",1
CBSE,Class 6,English,Stepping Stones,Chapter 8 The Rescue,,,Short Answer Questions (QPG),What made Gopi stop blaming the railway bridge for his bad luck?,N\A,,,,,,Other,Hard,Test Learning Outcome 417,"Skillone,skilltwo","English, STEPPING STONES COURSE BOOK 6",1
CBSE,Class 6,English,Stepping Stones,Chapter 8 The Rescue,,,Short Answer Questions (QPG),Why did Gopi faint? How did he regain consciousness?,N\A,,,,,,Other,Hard,Test Learning Outcome 418,"Skillone,skilltwo","English, STEPPING STONES COURSE BOOK 6",1
CBSE,Class 6,English,Stepping Stones,Chapter 8 The Rescue,,,Short Answer Questions (QPG),Why did Gopi wish for a bigger boat? Give two reasons.,N\A,,,,,,Other,Hard,Test Learning Outcome 419,"Skillone,skilltwo","English, STEPPING STONES COURSE BOOK 6",1
CBSE,Class 6,English,Stepping Stones,Chapter 8 The Rescue,,,Short Answer Questions (QPG),Why was the bridge on the creek important?,N\A,,,,,,Other,Hard,Test Learning Outcome 420,"Skillone,skilltwo","English, STEPPING STONES COURSE BOOK 6",1
CBSE,Class 6,English,Stepping Stones,Chapter 2 The Shoemaker  And The Elves,,,Matching Question (QPG),"Cobbie (a) “Don’t I look cute?”Narrator (f) “Nine a.m., nine a.m., and everything is wonderful!”Shiny (e) “And these pants are stitched so well!”Sparkles (d) “Let’s open them.”Stitchy (c) Look at the craftsmanship!Town Crier (b) “They never would have to eat cabbage again!”“Nine a.m., life is full of surprises!” Can you tell why?",N\A,,,,,,Other,Hard,Test Learning Outcome 421,"Skillone,skilltwo","English, STEPPING STONES COURSE BOOK 6",1
CBSE,Class 6,English,Stepping Stones,Chapter 2 The Shoemaker  And The Elves,,,Short Answer Questions (QPG),"“Nine a.m., life is full of surprises!” Can you tell why?",N\A,,,,,,Other,Hard,Test Learning Outcome 427,"Skillone,skilltwo","English, STEPPING STONES COURSE BOOK 6",1
CBSE,Class 6,English,Stepping Stones,Chapter 2 The Shoemaker  And The Elves,,,Short Answer Questions (QPG),"What happened to change Hans and Gretchen’s lives? What did they do to find out who
made the shoes?",N\A,,,,,,Other,Hard,Test Learning Outcome 428,"Skillone,skilltwo","English, STEPPING STONES COURSE BOOK 6",1
CBSE,Class 6,English,Stepping Stones,Chapter 2 The Shoemaker  And The Elves,,,Short Answer Questions (QPG),Gretchen and Hans were worried. Why?,N\A,,,,,,Other,Hard,Test Learning Outcome 429,"Skillone,skilltwo","English, STEPPING STONES COURSE BOOK 6",1
CBSE,Class 6,English,Stepping Stones,Chapter 2 The Shoemaker  And The Elves,,,Short Answer Questions (QPG),How did Hans and Gretchen plan to spend the money?,N\A,,,,,,Other,Hard,Test Learning Outcome 430,"Skillone,skilltwo","English, STEPPING STONES COURSE BOOK 6",1
CBSE,Class 6,English,Stepping Stones,Chapter 2 The Shoemaker  And The Elves,,,Short Answer Questions (QPG),What did the couple decide to do for the elves in return?,N\A,,,,,,Other,Hard,Test Learning Outcome 431,"Skillone,skilltwo","English, STEPPING STONES COURSE BOOK 6",1
CBSE,Class 6,English,Stepping Stones,Chapter 2 The Shoemaker  And The Elves,,,Short Answer Questions (QPG),What did they want to eat?,N\A,,,,,,Other,Hard,Test Learning Outcome 432,"Skillone,skilltwo","English, STEPPING STONES COURSE BOOK 6",1
CBSE,Class 6,English,Stepping Stones,Chapter 2 The Shoemaker  And The Elves,,,Short Answer Questions (QPG),Where did the shoemaker and his wife live? What kind of a couple were they?,N\A,,,,,,Other,Hard,Test Learning Outcome 433,"Skillone,skilltwo","English, STEPPING STONES COURSE BOOK 6",1
CBSE,Class 6,English,Stepping Stones,Chapter 2 The Shoemaker  And The Elves,,,Short Answer Questions (QPG),Which shoes did Ann and Jacob buy? What did the shoes cost them?,N\A,,,,,,Other,Hard,Test Learning Outcome 434,"Skillone,skilltwo","English, STEPPING STONES COURSE BOOK 6",1
CBSE,Class 6,English,Stepping Stones,Chapter 2 The Shoemaker  And The Elves,,,Short Answer Questions (QPG),Who bought the shoes for whom? What did he give Hans for the pair?,N\A,,,,,,Other,Hard,Test Learning Outcome 435,"Skillone,skilltwo","English, STEPPING STONES COURSE BOOK 6",1
CBSE,Class 6,English,Stepping Stones,Chapter 2 The Shoemaker  And The Elves,,,Short Answer Questions (QPG),Why was Hans in a hurry to finish making the last pair of shoes?,N\A,,,,,,Other,Hard,Test Learning Outcome 436,"Skillone,skilltwo","English, STEPPING STONES COURSE BOOK 6",1
CBSE,Class 6,English,Stepping Stones,Chapter 18 The Spider And The Fly,,,Fill in the blank (QPG),Aesop’s fables give invaluable __________________________ for life.,N\A,,,,,,Other,Hard,Test Learning Outcome 437,"Skillone,skilltwo","English, STEPPING STONES COURSE BOOK 6",1
CBSE,Class 6,English,Stepping Stones,Chapter 18 The Spider And The Fly,,,Fill in the blank (QPG),An __________________________ mind is the devil’s workshop.,N\A,,,,,,Other,Hard,Test Learning Outcome 438,"Skillone,skilltwo","English, STEPPING STONES COURSE BOOK 6",1
CBSE,Class 6,English,Stepping Stones,Chapter 18 The Spider And The Fly,,,Fill in the blank (QPG),Do not get carried away by __________________________ words.,N\A,,,,,,Other,Hard,Test Learning Outcome 439,"Skillone,skilltwo","English, STEPPING STONES COURSE BOOK 6",1
CBSE,Class 6,English,Stepping Stones,Chapter 18 The Spider And The Fly,,,Fill in the blank (QPG),Pay no __________________________ to petty issues.,N\A,,,,,,Other,Hard,Test Learning Outcome 440,"Skillone,skilltwo","English, STEPPING STONES COURSE BOOK 6",1
CBSE,Class 6,English,Stepping Stones,Chapter 18 The Spider And The Fly,,,Fill in the blank (QPG),We go to a __________________________ to seek advice on problematic issues.,N\A,,,,,,Other,Hard,Test Learning Outcome 441,"Skillone,skilltwo","English, STEPPING STONES COURSE BOOK 6",1
CBSE,Class 6,English,Stepping Stones,Chapter 18 The Spider And The Fly,,,Matching Question (QPG),bells (b) boomcameras (e) squeakcoins (c) clickguns (d) jingleparrots (f) tapshoes (a) screechbrilliant,N\A,,,,,,Other,Hard,Test Learning Outcome 442,"Skillone,skilltwo","English, STEPPING STONES COURSE BOOK 6",1
CBSE,Class 6,English,Stepping Stones,Chapter 18 The Spider And The Fly,,,Multiple Choice Question (QPG) Test Paper,brilliant,N\A,shiny,dully,very bright,none of these,,Other,Hard,Test Learning Outcome 448,"Skillone,skilltwo","English, STEPPING STONES COURSE BOOK 6",1
CBSE,Class 6,English,Stepping Stones,Chapter 18 The Spider And The Fly,,,Multiple Choice Question (QPG) Test Paper,curious,N\A,strange,old,new,none of these,,Other,Hard,Test Learning Outcome 449,"Skillone,skilltwo","English, STEPPING STONES COURSE BOOK 6",1
CBSE,Class 6,English,Stepping Stones,Chapter 18 The Spider And The Fly,,,Multiple Choice Question (QPG) Test Paper,dismal,N\A,bright,dark,small,none of these,,Other,Hard,Test Learning Outcome 450,"Skillone,skilltwo","English, STEPPING STONES COURSE BOOK 6",1
CBSE,Class 6,English,Stepping Stones,Chapter 18 The Spider And The Fly,,,Multiple Choice Question (QPG) Test Paper,gauzy,N\A,thin & transparent,none of these,opaque,black,,Other,Hard,Test Learning Outcome 451,"Skillone,skilltwo","English, STEPPING STONES COURSE BOOK 6",1
CBSE,Class 6,English,Stepping Stones,Chapter 18 The Spider And The Fly,,,Multiple Choice Question (QPG) Test Paper,parlour,N\A,living room,a small sitting room,a bedroom,none of these,,Other,Hard,Test Learning Outcome 452,"Skillone,skilltwo","English, STEPPING STONES COURSE BOOK 6",1
CBSE,Class 6,English,Stepping Stones,Chapter 18 The Spider And The Fly,,,Multiple Choice Question (QPG) Test Paper,snugly,N\A,cozily,lovingly,carefully,none of these,,Other,Hard,Test Learning Outcome 453,"Skillone,skilltwo","English, STEPPING STONES COURSE BOOK 6",1
CBSE,Class 6,English,Stepping Stones,Chapter 18 The Spider And The Fly,,,Multiple Choice Question (QPG) Test Paper,vain,N\A,proud,useless,none of these,useful,,Other,Hard,Test Learning Outcome 454,"Skillone,skilltwo","English, STEPPING STONES COURSE BOOK 6",1
CBSE,Class 6,English,Stepping Stones,Chapter 18 The Spider And The Fly,,,Multiple Choice Question (QPG) Test Paper,weary,N\A,tired,none of these,sad,happily,,Other,Hard,Test Learning Outcome 455,"Skillone,skilltwo","English, STEPPING STONES COURSE BOOK 6",1
CBSE,Class 6,English,Stepping Stones,Chapter 18 The Spider And The Fly,,,Multiple Choice Question (QPG) Test Paper,winding,N\A,long,none of these,airy,circular,,Other,Hard,Test Learning Outcome 456,"Skillone,skilltwo","English, STEPPING STONES COURSE BOOK 6",1
CBSE,Class 6,English,Stepping Stones,Chapter 18 The Spider And The Fly,,,Short Answer Questions (QPG),Did the fly accept the offer? Why?,N\A,,,,,,Other,Hard,Test Learning Outcome 457,"Skillone,skilltwo","English, STEPPING STONES COURSE BOOK 6",1
CBSE,Class 6,English,Stepping Stones,Chapter 18 The Spider And The Fly,,,Short Answer Questions (QPG),How did the spider flatter the fly to lure her?,N\A,,,,,,Other,Hard,Test Learning Outcome 458,"Skillone,skilltwo","English, STEPPING STONES COURSE BOOK 6",1
CBSE,Class 6,English,Stepping Stones,Chapter 18 The Spider And The Fly,,,Short Answer Questions (QPG),Quote the stanza that tells us that the spider is cunning.,N\A,,,,,,Other,Hard,Test Learning Outcome 459,"Skillone,skilltwo","English, STEPPING STONES COURSE BOOK 6",1
CBSE,Class 6,English,Stepping Stones,Chapter 18 The Spider And The Fly,,,Short Answer Questions (QPG),The fly fell prey to the spider’s trap. Explain how.,N\A,,,,,,Other,Hard,Test Learning Outcome 460,"Skillone,skilltwo","English, STEPPING STONES COURSE BOOK 6",1
CBSE,Class 6,English,Stepping Stones,Chapter 18 The Spider And The Fly,,,Short Answer Questions (QPG),What did the spider do to trap the fly?,N\A,,,,,,Other,Hard,Test Learning Outcome 461,"Skillone,skilltwo","English, STEPPING STONES COURSE BOOK 6",1
CBSE,Class 6,English,Stepping Stones,Chapter 18 The Spider And The Fly,,,Short Answer Questions (QPG),What rosy pictures did the spider paint of his parlor to the fly?,N\A,,,,,,Other,Hard,Test Learning Outcome 462,"Skillone,skilltwo","English, STEPPING STONES COURSE BOOK 6",1
CBSE,Class 6,English,Stepping Stones,Chapter 18 The Spider And The Fly,,,Short Answer Questions (QPG),Why did the fly not get carried away by the tempting picture?,N\A,,,,,,Other,Hard,Test Learning Outcome 463,"Skillone,skilltwo","English, STEPPING STONES COURSE BOOK 6",1
CBSE,Class 6,English,Stepping Stones,Chapter 18 The Spider And The Fly,,,Short Answer Questions (QPG),Why did the spider invite the fly to his parlor?,N\A,,,,,,Other,Hard,Test Learning Outcome 464,"Skillone,skilltwo","English, STEPPING STONES COURSE BOOK 6",1
CBSE,Class 6,English,Stepping Stones,Chapter 6 To The Headmaster,,,Short Answer Questions (QPG),“Stand and fight if he is right.” What does Lincoln mean? Elaborate.,N\A,,,,,,Other,Hard,Test Learning Outcome 465,"Skillone,skilltwo","English, STEPPING STONES COURSE BOOK 6",1
CBSE,Class 6,English,Stepping Stones,Chapter 6 To The Headmaster,,,Short Answer Questions (QPG),How does Lincoln wish his son to be treated at school?,N\A,,,,,,Other,Hard,Test Learning Outcome 466,"Skillone,skilltwo","English, STEPPING STONES COURSE BOOK 6",1
CBSE,Class 6,English,Stepping Stones,Chapter 6 To The Headmaster,,,Short Answer Questions (QPG),What according to Lincoln is needed to live in the world?,N\A,,,,,,Other,Hard,Test Learning Outcome 467,"Skillone,skilltwo","English, STEPPING STONES COURSE BOOK 6",1
CBSE,Class 6,English,Stepping Stones,Chapter 6 To The Headmaster,,,Short Answer Questions (QPG),What things will the child have to learn at school?,N\A,,,,,,Other,Hard,Test Learning Outcome 468,"Skillone,skilltwo","English, STEPPING STONES COURSE BOOK 6",1
CBSE,Class 6,English,Stepping Stones,Chapter 6 To The Headmaster,,,Short Answer Questions (QPG),What worried Lincoln as his son set out for school?,N\A,,,,,,Other,Hard,Test Learning Outcome 469,"Skillone,skilltwo","English, STEPPING STONES COURSE BOOK 6",1
CBSE,Class 6,English,Stepping Stones,Chapter 6 To The Headmaster,,,Short Answer Questions (QPG),Why does Abraham Lincoln call his son the king of the roost and the boss of the backyard?,N\A,,,,,,Other,Hard,Test Learning Outcome 470,"Skillone,skilltwo","English, STEPPING STONES COURSE BOOK 6",1
CBSE,Class 6,English,Stepping Stones,Chapter 16 Where Is Iggie?,,,Short Answer Questions (QPG),“You look much better now.” Who said these words to whom and why?,N\A,,,,,,Other,Hard,Test Learning Outcome 471,"Skillone,skilltwo","English, STEPPING STONES COURSE BOOK 6",1
CBSE,Class 6,English,Stepping Stones,Chapter 16 Where Is Iggie?,,,Short Answer Questions (QPG),Iggie had vanished! How?,N\A,,,,,,Other,Hard,Test Learning Outcome 472,"Skillone,skilltwo","English, STEPPING STONES COURSE BOOK 6",1
CBSE,Class 6,English,Stepping Stones,Chapter 16 Where Is Iggie?,,,Short Answer Questions (QPG),What food did Martin leave for Iggie outside his apartment door?,N\A,,,,,,Other,Hard,Test Learning Outcome 473,"Skillone,skilltwo","English, STEPPING STONES COURSE BOOK 6",1
CBSE,Class 6,English,Stepping Stones,Chapter 16 Where Is Iggie?,,,Short Answer Questions (QPG),Where all did Martin and Arnold look for Iggie?,N\A,,,,,,Other,Hard,Test Learning Outcome 474,"Skillone,skilltwo","English, STEPPING STONES COURSE BOOK 6",1
CBSE,Class 6,English,Stepping Stones,Chapter 16 Where Is Iggie?,,,Short Answer Questions (QPG),Where did Martin eventually find Iggie?,N\A,,,,,,Other,Hard,Test Learning Outcome 475,"Skillone,skilltwo","English, STEPPING STONES COURSE BOOK 6",1
CBSE,Class 6,English,Stepping Stones,Chapter 16 Where Is Iggie?,,,Short Answer Questions (QPG),Who had gifted Iggie to Martin and when?,N\A,,,,,,Other,Hard,Test Learning Outcome 476,"Skillone,skilltwo","English, STEPPING STONES COURSE BOOK 6",1
CBSE,Class 6,English,Stepping Stones,Chapter 16 Where Is Iggie?,,,Short Answer Questions (QPG),Why did Aunt Mary drive Martin over to Sis’s apartment?,N\A,,,,,,Other,Hard,Test Learning Outcome 477,"Skillone,skilltwo","English, STEPPING STONES COURSE BOOK 6",1
CBSE,Class 6,English,Stepping Stones,Chapter 16 Where Is Iggie?,,,Short Answer Questions (QPG),Why was Martin worried?,N\A,,,,,,Other,Hard,Test Learning Outcome 478,"Skillone,skilltwo","English, STEPPING STONES COURSE BOOK 6",1
CBSE,Class 6,English,Stepping Stones,Chapter 13 Where the Mind Is Without Fear,,,Multiple Choice Question (QPG) Test Paper,broken up into fragments,N\A,broken into pieces,isolated,separated,fallen apart,,Other,Hard,Test Learning Outcome 479,"Skillone,skilltwo","English, STEPPING STONES COURSE BOOK 6",1
CBSE,Class 6,English,Stepping Stones,Chapter 13 Where the Mind Is Without Fear,,,Multiple Choice Question (QPG) Test Paper,depths of truth,N\A,truthful,from the heart,only truth is spoken,sea of emotion,,Other,Hard,Test Learning Outcome 480,"Skillone,skilltwo","English, STEPPING STONES COURSE BOOK 6",1
CBSE,Class 6,English,Stepping Stones,Chapter 13 Where the Mind Is Without Fear,,,Multiple Choice Question (QPG) Test Paper,narrow domestic walls,N\A,enclosed,having closed minds,differences,in a room,,Other,Hard,Test Learning Outcome 481,"Skillone,skilltwo","English, STEPPING STONES COURSE BOOK 6",1
CBSE,Class 6,English,Stepping Stones,Chapter 13 Where the Mind Is Without Fear,,,Multiple Choice Question (QPG) Test Paper,tireless striving,N\A,concerted effort,repetition,work,perseverance,,Other,Hard,Test Learning Outcome 482,"Skillone,skilltwo","English, STEPPING STONES COURSE BOOK 6",1
CBSE,Class 6,English,Stepping Stones,Chapter 13 Where the Mind Is Without Fear,,,Multiple Choice Question (QPG) Test Paper,towards perfection,N\A,being flawless,everyone does best,aiming to be perfect,aspire to be the best,,Other,Hard,Test Learning Outcome 483,"Skillone,skilltwo","English, STEPPING STONES COURSE BOOK 6",1
CBSE,Class 6,English,Stepping Stones,Chapter 13 Where the Mind Is Without Fear,,,Short Answer Questions (QPG),"The poet has used Adjectives to emphasise his images (word pictures). Explain what he
means by :
(a) Knowledge is free
(b) Narrow domestic walls
(c) Ever widening thought and action",N\A,,,,,,Other,Hard,Test Learning Outcome 484,"Skillone,skilltwo","English, STEPPING STONES COURSE BOOK 6",1
CBSE,Class 6,English,Stepping Stones,Chapter 13 Where the Mind Is Without Fear,,,Short Answer Questions (QPG),Give two things which Tagore associates with freedom.,N\A,,,,,,Other,Hard,Test Learning Outcome 485,"Skillone,skilltwo","English, STEPPING STONES COURSE BOOK 6",1
CBSE,Class 7,English,Stepping Stones,Chapter 1 A Comedy of Errors,,,Multiple Choice Question (QPG) Test Paper,doting,N\A,irritable,loving,friendly,none of these,,Other,Hard,Test Learning Outcome 486,"Skillone,skilltwo","English, STEPPING STONES COURSE BOOK 7",1
CBSE,Class 7,English,Stepping Stones,Chapter 1 A Comedy of Errors,,,Multiple Choice Question (QPG) Test Paper,freely,N\A,without constraint,carelessly,willingly,none of these,,Other,Hard,Test Learning Outcome 487,"Skillone,skilltwo","English, STEPPING STONES COURSE BOOK 7",1
CBSE,Class 7,English,Stepping Stones,Chapter 1 A Comedy of Errors,,,Multiple Choice Question (QPG) Test Paper,haunches,N\A,feet,legs,none of these,lower parts of the body,,Other,Hard,Test Learning Outcome 488,"Skillone,skilltwo","English, STEPPING STONES COURSE BOOK 7",1
CBSE,Class 7,English,Stepping Stones,Chapter 1 A Comedy of Errors,,,Multiple Choice Question (QPG) Test Paper,inexplicable,N\A,baffling,sudden,weird,none of these,,Other,Hard,Test Learning Outcome 489,"Skillone,skilltwo","English, STEPPING STONES COURSE BOOK 7",1
CBSE,Class 7,English,Stepping Stones,Chapter 1 A Comedy of Errors,,,Multiple Choice Question (QPG) Test Paper,persimmon,N\A,a fruit,a soft orange,none of these,a tomato,,Other,Hard,Test Learning Outcome 490,"Skillone,skilltwo","English, STEPPING STONES COURSE BOOK 7",1
CBSE,Class 7,English,Stepping Stones,Chapter 1 A Comedy of Errors,,,Multiple Choice Question (QPG) Test Paper,sheer,N\A,unmixed,delicate,absolute,none of these,,Other,Hard,Test Learning Outcome 491,"Skillone,skilltwo","English, STEPPING STONES COURSE BOOK 7",1
CBSE,Class 7,English,Stepping Stones,Chapter 1 A Comedy of Errors,,,Multiple Choice Question (QPG) Test Paper,stealthily,N\A,slowly,hurriedly,secretly,none of these,,Other,Hard,Test Learning Outcome 492,"Skillone,skilltwo","English, STEPPING STONES COURSE BOOK 7",1
CBSE,Class 7,English,Stepping Stones,Chapter 1 A Comedy of Errors,,,Multiple Choice Question (QPG) Test Paper,terrified,N\A,panic stricken,none of these,frightened,afraid,,Other,Hard,Test Learning Outcome 493,"Skillone,skilltwo","English, STEPPING STONES COURSE BOOK 7",1
CBSE,Class 7,English,Stepping Stones,Chapter 1 A Comedy of Errors,,,Short Answer Questions (QPG),"How did the grandmother try to stop Minijoon’s cries, the first time?",N\A,,,,,,Other,Hard,Test Learning Outcome 494,"Skillone,skilltwo","English, STEPPING STONES COURSE BOOK 7",1
CBSE,Class 7,English,Stepping Stones,Chapter 1 A Comedy of Errors,,,Short Answer Questions (QPG),What is a persimmon? Why did its mention frighten the tiger?,N\A,,,,,,Other,Hard,Test Learning Outcome 495,"Skillone,skilltwo","English, STEPPING STONES COURSE BOOK 7",1
CBSE,Class 7,English,Stepping Stones,Chapter 1 A Comedy of Errors,,,Short Answer Questions (QPG),What made the tiger enter Soon-Bok’s courtyard?,N\A,,,,,,Other,Hard,Test Learning Outcome 496,"Skillone,skilltwo","English, STEPPING STONES COURSE BOOK 7",1
CBSE,Class 7,English,Stepping Stones,Chapter 1 A Comedy of Errors,,,Short Answer Questions (QPG),Where did Soon-Bok live with her grandson?,N\A,,,,,,Other,Hard,Test Learning Outcome 497,"Skillone,skilltwo","English, STEPPING STONES COURSE BOOK 7",1
CBSE,Class 7,English,Stepping Stones,Chapter 1 A Comedy of Errors,,,Short Answer Questions (QPG),Who entered Soon-Bok’s house at this moment and why?,N\A,,,,,,Other,Hard,Test Learning Outcome 498,"Skillone,skilltwo","English, STEPPING STONES COURSE BOOK 7",1
CBSE,Class 7,English,Stepping Stones,Chapter 1 A Comedy of Errors,,,Short Answer Questions (QPG),Why was the tiger taken by surprise?,N\A,,,,,,Other,Hard,Test Learning Outcome 499,"Skillone,skilltwo","English, STEPPING STONES COURSE BOOK 7",1
CBSE,Class 7,English,Stepping Stones,Chapter 9 A Hostile Desert,,,Long Answer Questions (QPG),"The writer makes a comparison between the desert and the sea. Explain and describe. Think
of any other comparison on your own.",N\A,,,,,,Other,Hard,Test Learning Outcome 500,"Skillone,skilltwo","English, STEPPING STONES COURSE BOOK 7",1
CBSE,Class 7,English,Stepping Stones,Chapter 9 A Hostile Desert,,,Long Answer Questions (QPG),What do you think the writer means by “the Universe is filled”?,N\A,,,,,,Other,Hard,Test Learning Outcome 501,"Skillone,skilltwo","English, STEPPING STONES COURSE BOOK 7",1
CBSE,Class 7,English,Stepping Stones,Chapter 9 A Hostile Desert,,,Long Answer Questions (QPG),Why were the travellers most afraid at night?,N\A,,,,,,Other,Hard,Test Learning Outcome 502,"Skillone,skilltwo","English, STEPPING STONES COURSE BOOK 7",1
CBSE,Class 7,English,Stepping Stones,Chapter 9 A Hostile Desert,,,Matching Question (QPG),camped (b) peace/calmdisturbance (g) friendlyhostile (a) bottomminimal (i) everywherenowhere (c) maximumrefreshing (d) arisestationary (h) tiringstrengthened (e) continuedstumble (j) weakened,N\A,,,,,,Other,Hard,Test Learning Outcome 503,"Skillone,skilltwo","English, STEPPING STONES COURSE BOOK 7",1
CBSE,Class 7,English,Stepping Stones,Chapter 9 A Hostile Desert,,,Multiple Choice Question (QPG) Test Paper,The journey through the desert cost them the loss of,N\A,a horse and three camels,all their supplies,loss of voices.,none of these,,Other,Hard,Test Learning Outcome 513,"Skillone,skilltwo","English, STEPPING STONES COURSE BOOK 7",1
CBSE,Class 7,English,Stepping Stones,Chapter 9 A Hostile Desert,,,Multiple Choice Question (QPG) Test Paper,Their only sustenance and protection was,N\A,fire and tea.,not talking at all.,their trucks,none of these,,Other,Hard,Test Learning Outcome 514,"Skillone,skilltwo","English, STEPPING STONES COURSE BOOK 7",1
CBSE,Class 7,English,Stepping Stones,Chapter 9 A Hostile Desert,,,Multiple Choice Question (QPG) Test Paper,They could not sleep the first night because it was,N\A,too hot,too windy,too cold,none of these,,Other,Hard,Test Learning Outcome 515,"Skillone,skilltwo","English, STEPPING STONES COURSE BOOK 7",1
CBSE,Class 7,English,Stepping Stones,Chapter 9 A Hostile Desert,,,Multiple Choice Question (QPG) Test Paper,Which of the following statement is true?,N\A,They woke up late in the afternoon.,They woke up two hours before sunrise.,They did not sleep the whole night.,none of these,,Other,Hard,Test Learning Outcome 516,"Skillone,skilltwo","English, STEPPING STONES COURSE BOOK 7",1
CBSE,Class 7,English,Stepping Stones,Chapter 9 A Hostile Desert,,,Multiple Choice Question (QPG) Test Paper,Which of the following statements is not given in the passage?,N\A,A sandstorm hit them in the clear morning coming from nowhere.,The wind became very gentle gradually and they were refreshed.,"They were struck by large pebbles against their skins, knees and thighs.",none of these,,Other,Hard,Test Learning Outcome 517,"Skillone,skilltwo","English, STEPPING STONES COURSE BOOK 7",1
CBSE,Class 7,English,Stepping Stones,Chapter 13 A Strange ManS Arrival,,,Short Answer Questions (QPG),"(I). When does the story begin?(II). “A room and a fire!” are the first words uttered by the stranger. Why?
(III). What surprised Mrs. Hall for the first time? What gave her the second surprise?
(IV). She was stunned later. What was it that shocked her?
(V). Give two examples to show that the stranger behaved strangely and rudely with Mrs. Hall.
(VI). What made Mrs. Hall subdue her fears and tolerate the behaviour of the stranger?",N\A,,,,,,Other,Hard,Test Learning Outcome 518,"Skillone,skilltwo","English, STEPPING STONES COURSE BOOK 7",1
CBSE,Class 7,English,Stepping Stones,Chapter 15 Bonsai—A Tree in a Pot,,,Multiple Choice Question (QPG) Test Paper,‘Bonsai’ can be compared with,N\A,a miniature painting.,a Japanese miniature poem of 17 lines called Haiku.,a Chinese tree cut and pruned and made small.,none of these,,Other,Hard,Test Learning Outcome 519,"Skillone,skilltwo","English, STEPPING STONES COURSE BOOK 7",1
CBSE,Class 7,English,Stepping Stones,Chapter 15 Bonsai—A Tree in a Pot,,,Multiple Choice Question (QPG) Test Paper,To make Bonsai tree look beautiful,N\A,we have to prune its branches from time to time from all sides.,we should protect it from changes in nature.,it should not be allowed to grow taller.,none of these,,Other,Hard,Test Learning Outcome 520,"Skillone,skilltwo","English, STEPPING STONES COURSE BOOK 7",1
CBSE,Class 7,English,Stepping Stones,Chapter 15 Bonsai—A Tree in a Pot,,,Multiple Choice Question (QPG) Test Paper,What is bonsai?,N\A,A small tree,A tree turned dwarf,none of these,A tree-in-a-pot,,Other,Hard,Test Learning Outcome 521,"Skillone,skilltwo","English, STEPPING STONES COURSE BOOK 7",1
CBSE,Class 7,English,Stepping Stones,Chapter 15 Bonsai—A Tree in a Pot,,,Multiple Choice Question (QPG) Test Paper,Which of the following statements is true?,N\A,The colour of the leaves indicates the health of the tree.,The most important part of the tree are its branches.,none of these,It is a delicate plant and should not be kept outside.,,Other,Hard,Test Learning Outcome 522,"Skillone,skilltwo","English, STEPPING STONES COURSE BOOK 7",1
CBSE,Class 7,English,Stepping Stones,"Chapter 17 In Sahyadri Hills, A Lesson in Humility",,,Fill in the blank (QPG),"(i). The _______________________________________ was so heavy that Reema could barely walk.(II). The tenant ________________________________ the prospect of meeting the owner of the flat.
(III). Mr. Gupta _____________________________ the sale of the house in a very professional manner..
(IV). The ________________________________ leaves made the atmosphere very fresh and pleasant.
(V). Ramu’s hut had a _______________________________________ roof with walls made of mud.
(VI). Metro is the most convenient option of _______________________________________ for work.",N\A,,,,,,Other,Hard,Test Learning Outcome 523,"Skillone,skilltwo","English, STEPPING STONES COURSE BOOK 7",1
CBSE,Class 7,English,Stepping Stones,"Chapter 17 In Sahyadri Hills, A Lesson in Humility",,,Short Answer Questions (QPG),"(I). What according to the writer, are the joys that can never be experienced in a town or city?
(II). What was the writer’s purpose of paying a visit to Sahyadri Hills?
(III). Who was known as Thandappa? What was his importance?
(IV). What was the condition of the village school?
(V). What gift did Thandappa offer to the writer?",N\A,,,,,,Other,Hard,Test Learning Outcome 524,"Skillone,skilltwo","English, STEPPING STONES COURSE BOOK 7",1
CBSE,Class 7,English,Stepping Stones,Chapter 14 Malala Yousafzai,,,True or False (QPG),"(I). Malala Yousafzai is a citizen of Afghanistan.(II). No other Pakistani citizen has ever won the Nobel Prize.
(III). Malala’s family consisted of her parents, two younger brothers and two pet chickens.
(IV). Her father, Ziauddin runs a chain of hotels known as Kushal Hotels.
(V). When only eleven years old, Malala gave a fiery speech at a Press Club meeting in Peshawar.
(VI). The Taliban were specially looking for her to kill her.
(VII). Pakistani clerics issued a Fatwa condemning Malala for her work for children.
(VIII). Her first public speech was given in the UN.",N\A,,,,,,Other,Hard,Test Learning Outcome 525,"Skillone,skilltwo","English, STEPPING STONES COURSE BOOK 7",1
CBSE,Class 7,English,Stepping Stones,Chapter 3 Pip Amazes Himself,,,Fill in the blank (QPG),"_______________________________________, Mahatma Gandhi has been the greatest man of the
20th century, and will never be forgotten.",N\A,,,,,,Other,Hard,Test Learning Outcome 527,"Skillone,skilltwo","English, STEPPING STONES COURSE BOOK 7",1
CBSE,Class 7,English,Stepping Stones,Chapter 3 Pip Amazes Himself,,,Fill in the blank (QPG),"Alice was _______________________________________ to know whether she could grow smaller
if she ate the cake with “Eat Me” written on it.",N\A,,,,,,Other,Hard,Test Learning Outcome 528,"Skillone,skilltwo","English, STEPPING STONES COURSE BOOK 7",1
CBSE,Class 7,English,Stepping Stones,Chapter 3 Pip Amazes Himself,,,Fill in the blank (QPG),"It was a _______________________________________ to watch the three–hour long movie, the
worst I had ever seen.",N\A,,,,,,Other,Hard,Test Learning Outcome 529,"Skillone,skilltwo","English, STEPPING STONES COURSE BOOK 7",1
CBSE,Class 7,English,Stepping Stones,Chapter 3 Pip Amazes Himself,,,Fill in the blank (QPG),"It was an ____________________________________ task to beat the powerful candidate in the
elections, but Amit did it.",N\A,,,,,,Other,Hard,Test Learning Outcome 530,"Skillone,skilltwo","English, STEPPING STONES COURSE BOOK 7",1
CBSE,Class 7,English,Stepping Stones,Chapter 3 Pip Amazes Himself,,,Fill in the blank (QPG),"The spectator went mad with joy at India’s victory in the match and ________________________
the team with full-throated shouts.",N\A,,,,,,Other,Hard,Test Learning Outcome 531,"Skillone,skilltwo","English, STEPPING STONES COURSE BOOK 7",1
CBSE,Class 7,English,Stepping Stones,Chapter 3 Pip Amazes Himself,,,Multiple Choice Question (QPG) Test Paper,"Every time the narrator answered a question, his sister",N\A,hugged him hard for his wit.,hit him hard on the neck or back for not giving enough details.,praised him for his observation.,none of these,,Other,Hard,Test Learning Outcome 532,"Skillone,skilltwo","English, STEPPING STONES COURSE BOOK 7",1
CBSE,Class 7,English,Stepping Stones,Chapter 3 Pip Amazes Himself,,,Multiple Choice Question (QPG) Test Paper,Which of the following is not a statement made by the narrator?,N\A,Four big dogs fought for veal cutlets out of a silver basket.,"Miss Havisham, Estella and the narrator played with different coloured flags",(a)and (b) both,none of these,,Other,Hard,Test Learning Outcome 533,"Skillone,skilltwo","English, STEPPING STONES COURSE BOOK 7",1
CBSE,Class 7,English,Stepping Stones,Chapter 3 Pip Amazes Himself,,,Multiple Choice Question (QPG) Test Paper,Why did Pip admit the truth to his brother-in-law?,N\A,He was feeling extremely guilty and wanted to confess to someone,He truly loved and respected Joe only and was ashamed of lying to him.,He was afraid that Joe will guess the truth and he would be punished by him.,none of these,,Other,Hard,Test Learning Outcome 534,"Skillone,skilltwo","English, STEPPING STONES COURSE BOOK 7",1
CBSE,Class 7,English,Stepping Stones,Chapter 3 Pip Amazes Himself,,,Short Answer Questions (QPG),"The narrator says, “When I said my prayers, I did not forget Joe’s advice.” What advice
is he talking about in this context. What does it tell you about both Joe and Pip?",N\A,,,,,,Other,Hard,Test Learning Outcome 535,"Skillone,skilltwo","English, STEPPING STONES COURSE BOOK 7",1
CBSE,Class 7,English,Stepping Stones,Chapter 3 Pip Amazes Himself,,,Short Answer Questions (QPG),"Which lie of Pip, do you think, is the funniest? Why?",N\A,,,,,,Other,Hard,Test Learning Outcome 536,"Skillone,skilltwo","English, STEPPING STONES COURSE BOOK 7",1
CBSE,Class 7,English,Stepping Stones,Chapter 3 Pip Amazes Himself,,,True or False (QPG),"Miss Estella — Miss Havisham’s niece — gave cake and wine in a gold
plate to her.",N\A,,,,,,Other,Hard,Test Learning Outcome 537,"Skillone,skilltwo","English, STEPPING STONES COURSE BOOK 7",1
CBSE,Class 7,English,Stepping Stones,Chapter 3 Pip Amazes Himself,,,True or False (QPG),Pip’s sister told her husband Joe the real experience of the narrator.,N\A,,,,,,Other,Hard,Test Learning Outcome 538,"Skillone,skilltwo","English, STEPPING STONES COURSE BOOK 7",1
CBSE,Class 7,English,Stepping Stones,Chapter 3 Pip Amazes Himself,,,True or False (QPG),"The cupboard was full of pistols, jam and pills besides swords.",N\A,,,,,,Other,Hard,Test Learning Outcome 539,"Skillone,skilltwo","English, STEPPING STONES COURSE BOOK 7",1
CBSE,Class 7,English,Stepping Stones,Chapter 3 Pip Amazes Himself,,,True or False (QPG),The narrator’s sister was one of the most caring and loving women.,N\A,,,,,,Other,Hard,Test Learning Outcome 540,"Skillone,skilltwo","English, STEPPING STONES COURSE BOOK 7",1
CBSE,Class 7,English,Stepping Stones,Chapter 3 Pip Amazes Himself,,,True or False (QPG),Veal cutlets were served to the narrator in a silver plate.,N\A,,,,,,Other,Hard,Test Learning Outcome 541,"Skillone,skilltwo","English, STEPPING STONES COURSE BOOK 7",1
CBSE,Class 7,English,Stepping Stones,Chapter 10 Shipwrecked,,,Fill in the blank (QPG),"(I). It was an ______________________________________________ when the rocket Endeavour was shot
into space, as it burnt to ashes within minutes of its launch.
(II). I ______________________________________________ when I saw the owner of the mango grove rush

towards me.
(III). The pilot’s ______________________________________________ saved the plane from landing on a
crowded street and many lives were saved.
(IV). We were left with ______________________________________________ but to retreat and give up the
idea of climbing Everest.
(V). The news of our winning the overall medal took _______________________________________________
but we were overjoyed.
(VI). As I entered the examination hall I was overtaken by such a _______________________________
_______________________ that I almost decided to run away.
(VII). The ______________________________________________ showed no mercy and the invincible Titantic
sank, killing hundreds of passengers.
(VIII). My father’s anger, ______________________________________________, made him calm and ready
to listen to my apology.",N\A,,,,,,Other,Hard,Test Learning Outcome 542,"Skillone,skilltwo","English, STEPPING STONES COURSE BOOK 7",1
CBSE,Class 7,English,Stepping Stones,Chapter 10 Shipwrecked,,,Short Answer Questions (QPG),"(i). Explain the difference between a tornado and a hurricane.(II). What was the only option left for Crusoe and his companions? Why was it dangerous to do so?
(III). How do we know that Crusoe had ‘presence of mind.’ Give an example.
(IV). Explain, what could have been “near fatal,” ultimately saved Crusoe’s life.",N\A,,,,,,Other,Hard,Test Learning Outcome 543,"Skillone,skilltwo","English, STEPPING STONES COURSE BOOK 7",1
CBSE,Class 7,English,Stepping Stones,Chapter 10 Shipwrecked,,,True or False (QPG),"(I). Robinson Crusoe sailed at an auspicious time, from London for a long sea voyage.
(II). Crusoe and his fellow sailors jumped into a boat to save themselves from the raging waves.
(III). Crusoe was a strong swimmer and he managed to reach land on his own.
(IV). He held on to a piece of rock so that the waves would not carry him out to sea.
(V). In the end, Crusoe had strength enough to run up to the shore, free of danger.",N\A,,,,,,Other,Hard,Test Learning Outcome 544,"Skillone,skilltwo","English, STEPPING STONES COURSE BOOK 7",1
CBSE,Class 7,English,Stepping Stones,Chapter 8 Stopping by Woods on a Snowy Evening,,,Fill in the blank (QPG),_____________________________ Sunday is the first day of the week.,N\A,,,,,,Other,Hard,Test Learning Outcome 545,"Skillone,skilltwo","English, STEPPING STONES COURSE BOOK 7",1
CBSE,Class 7,English,Stepping Stones,Chapter 8 Stopping by Woods on a Snowy Evening,,,Fill in the blank (QPG),"_____________________________ ass and _____________________________ horse were seen tied up with
_____________________________ rope in _____________________________ shed.",N\A,,,,,,Other,Hard,Test Learning Outcome 546,"Skillone,skilltwo","English, STEPPING STONES COURSE BOOK 7",1
CBSE,Class 7,English,Stepping Stones,Chapter 8 Stopping by Woods on a Snowy Evening,,,Fill in the blank (QPG),"She was very hungry, so she took out ________________________ apple and ___________________________
orange from _____________________________ fridge.",N\A,,,,,,Other,Hard,Test Learning Outcome 547,"Skillone,skilltwo","English, STEPPING STONES COURSE BOOK 7",1
CBSE,Class 7,English,Stepping Stones,Chapter 8 Stopping by Woods on a Snowy Evening,,,Fill in the blank (QPG),Give him _____________________________ hundred rupees.,N\A,,,,,,Other,Hard,Test Learning Outcome 548,"Skillone,skilltwo","English, STEPPING STONES COURSE BOOK 7",1
CBSE,Class 7,English,Stepping Stones,Chapter 8 Stopping by Woods on a Snowy Evening,,,Fill in the blank (QPG),Mr Ashish is _____________________________ honourable man.,N\A,,,,,,Other,Hard,Test Learning Outcome 549,"Skillone,skilltwo","English, STEPPING STONES COURSE BOOK 7",1
CBSE,Class 7,English,Stepping Stones,Chapter 8 Stopping by Woods on a Snowy Evening,,,Fill in the blank (QPG),Parsis worship _____________________________ fire.,N\A,,,,,,Other,Hard,Test Learning Outcome 550,"Skillone,skilltwo","English, STEPPING STONES COURSE BOOK 7",1
CBSE,Class 7,English,Stepping Stones,Chapter 8 Stopping by Woods on a Snowy Evening,,,Fill in the blank (QPG),The moon is shining in _____________________________ sky.,N\A,,,,,,Other,Hard,Test Learning Outcome 551,"Skillone,skilltwo","English, STEPPING STONES COURSE BOOK 7",1
CBSE,Class 7,English,Stepping Stones,Chapter 8 Stopping by Woods on a Snowy Evening,,,Fill in the blank (QPG),Their colony was in _____________________________ centre of _____________________________ town.,N\A,,,,,,Other,Hard,Test Learning Outcome 552,"Skillone,skilltwo","English, STEPPING STONES COURSE BOOK 7",1
CBSE,Class 7,English,Stepping Stones,Chapter 8 Stopping by Woods on a Snowy Evening,,,Fill in the blank (QPG),There was _____________________________ shady group of trees nearby.,N\A,,,,,,Other,Hard,Test Learning Outcome 553,"Skillone,skilltwo","English, STEPPING STONES COURSE BOOK 7",1
CBSE,Class 7,English,Stepping Stones,Chapter 8 Stopping by Woods on a Snowy Evening,,,Fill in the blank (QPG),"This is _____________________________ boy, I saw in _____________________________ market.",N\A,,,,,,Other,Hard,Test Learning Outcome 554,"Skillone,skilltwo","English, STEPPING STONES COURSE BOOK 7",1
CBSE,Class 7,English,Stepping Stones,Chapter 8 Stopping by Woods on a Snowy Evening,,,Multiple Choice Question (QPG) Test Paper,The poem is a beautiful example of,N\A,imagery,characterisation,none of these,sound words,,Other,Hard,Test Learning Outcome 555,"Skillone,skilltwo","English, STEPPING STONES COURSE BOOK 7",1
CBSE,Class 7,English,Stepping Stones,Chapter 8 Stopping by Woods on a Snowy Evening,,,Multiple Choice Question (QPG) Test Paper,The poet’s horse is surprised to stop because,N\A,the poet appears to be tired.,the ground is all frozen for any kind of movement.,there appears no farmhouse nearby.,none of these,,Other,Hard,Test Learning Outcome 556,"Skillone,skilltwo","English, STEPPING STONES COURSE BOOK 7",1
CBSE,Class 7,English,Stepping Stones,Chapter 8 Stopping by Woods on a Snowy Evening,,,Short Answer Questions (QPG),Do you think the poet is adventurous or foolish to travel on such a cold evening?,N\A,,,,,,Other,Hard,Test Learning Outcome 557,"Skillone,skilltwo","English, STEPPING STONES COURSE BOOK 7",1
CBSE,Class 7,English,Stepping Stones,Chapter 8 Stopping by Woods on a Snowy Evening,,,Short Answer Questions (QPG),What are the words used by the poet to reinforce the scene of solitude?,N\A,,,,,,Other,Hard,Test Learning Outcome 558,"Skillone,skilltwo","English, STEPPING STONES COURSE BOOK 7",1
CBSE,Class 7,English,Stepping Stones,Chapter 8 Stopping by Woods on a Snowy Evening,,,Short Answer Questions (QPG),Who is the real owner of the woods? What is the poet’s attitude towards him?,N\A,,,,,,Other,Hard,Test Learning Outcome 559,"Skillone,skilltwo","English, STEPPING STONES COURSE BOOK 7",1
CBSE,Class 7,English,Stepping Stones,Chapter 8 Stopping by Woods on a Snowy Evening,,,Short Answer Questions (QPG),Why does it appear to be the darkest evening of the year?,N\A,,,,,,Other,Hard,Test Learning Outcome 560,"Skillone,skilltwo","English, STEPPING STONES COURSE BOOK 7",1
CBSE,Class 7,English,Stepping Stones,Chapter 8 Stopping by Woods on a Snowy Evening,,,Short Answer Questions (QPG),Why does the poet’s horse shake his bells?,N\A,,,,,,Other,Hard,Test Learning Outcome 561,"Skillone,skilltwo","English, STEPPING STONES COURSE BOOK 7",1
CBSE,Class 7,English,Stepping Stones,Chapter 12 The Ballad of Father Gilligan,,,Fill in the blank (QPG),"(I). We went round the school and _________________________ up all the rubbish.(II). Do you think they’ll _________________________ through the exam next week?
(III). I was left alone and I had to _________________________ out the garbage.
(IV). I agreed to _________________________ after my sister’s cat when she went abroad.
(V). The price of petrol has _________________________ up thrice in three months.",N\A,,,,,,Other,Hard,Test Learning Outcome 562,"Skillone,skilltwo","English, STEPPING STONES COURSE BOOK 7",1
CBSE,Class 7,English,Stepping Stones,Chapter 12 The Ballad of Father Gilligan,,,Fill in the blank (QPG),"(I). We went round the school and _________________________ up all the rubbish.(II). Do you think they’ll _________________________ through the exam next week?
(III). I was left alone and I had to _________________________ out the garbage.
(IV). I agreed to _________________________ after my sister’s cat when she went abroad.
(V). The price of petrol has _________________________ up thrice in three months.",N\A,,,,,,Other,Hard,Test Learning Outcome 563,"Skillone,skilltwo","English, STEPPING STONES COURSE BOOK 7",1
CBSE,Class 7,English,Stepping Stones,Chapter 12 The Ballad of Father Gilligan,,,Short Answer Questions (QPG),"(I). Who was Father Gilligan? What was his duty?(II). How is the passage of time expressed in the poem? Give examples.
(III). What was Father Gilligan’s complaint?
(IV). Why did he immediately ask God to forgive him?
(V). “Father! you come again!” What do these lines suggest?
(VI). Why did Father Gilligan fall upon his knees and thank God?",N\A,,,,,,Other,Hard,Test Learning Outcome 564,"Skillone,skilltwo","English, STEPPING STONES COURSE BOOK 7",1
CBSE,Class 7,English,Stepping Stones,Chapter 12 The Ballad of Father Gilligan,,,Short Answer Questions (QPG),"(I). Who was Father Gilligan? What was his duty?(II).How is the passage of time expressed in the poem? Give examples.
(III). What was Father Gilligan’s complaint?
(IV). Why did he immediately ask God to forgive him?
(V). “Father! you come again!” What do these lines suggest?
(VI). Why did Father Gilligan fall upon his knees and thank God?",N\A,,,,,,Other,Hard,Test Learning Outcome 565,"Skillone,skilltwo","English, STEPPING STONES COURSE BOOK 7",1
CBSE,Class 7,English,Stepping Stones,Chapter 4 The critic (A Poem),,,Short Answer Questions (QPG),"In the second stanza, the child seems to resent the fact that he is scolded for certain things,
but everyone allows his father to do them. Make a list of those things.",N\A,,,,,,Other,Hard,Test Learning Outcome 566,"Skillone,skilltwo","English, STEPPING STONES COURSE BOOK 7",1
CBSE,Class 7,English,Stepping Stones,Chapter 4 The critic (A Poem),,,Short Answer Questions (QPG),Explain the simile in the last two lines of the poem.,N\A,,,,,,Other,Hard,Test Learning Outcome 567,"Skillone,skilltwo","English, STEPPING STONES COURSE BOOK 7",1
CBSE,Class 7,English,Stepping Stones,Chapter 4 The critic (A Poem),,,Short Answer Questions (QPG),What is the profession of the father in the poem?,N\A,,,,,,Other,Hard,Test Learning Outcome 568,"Skillone,skilltwo","English, STEPPING STONES COURSE BOOK 7",1
CBSE,Class 7,English,Stepping Stones,Chapter 4 The critic (A Poem),,,Short Answer Questions (QPG),Which lines rhyme in the poem?,N\A,,,,,,Other,Hard,Test Learning Outcome 569,"Skillone,skilltwo","English, STEPPING STONES COURSE BOOK 7",1
CBSE,Class 7,English,Stepping Stones,Chapter 4 The critic (A Poem),,,Short Answer Questions (QPG),"Who is the critic? Is he very young, young or grown up?",N\A,,,,,,Other,Hard,Test Learning Outcome 570,"Skillone,skilltwo","English, STEPPING STONES COURSE BOOK 7",1
CBSE,Class 7,English,Stepping Stones,Chapter 6 The Daffodils,,,Matching Question (QPG),bliss (i) alonecontinuous (d) happinessglee (f) livelyhost (c) lonelinessjocund (g) crowdlonely (b) joypensive (h) strolledsolitude (j) endlesssprightly (e) jollywander’d (a) thoughtful,N\A,,,,,,Other,Hard,Test Learning Outcome 571,"Skillone,skilltwo","English, STEPPING STONES COURSE BOOK 7",1
CBSE,Class 7,English,Stepping Stones,Chapter 6 The Daffodils,,,Multiple Choice Question (QPG) Test Paper,lonely as a cloud is –,N\A,a metaphor,a pun,a simile,none of these,,Other,Hard,Test Learning Outcome 581,"Skillone,skilltwo","English, STEPPING STONES COURSE BOOK 7",1
CBSE,Class 7,English,Stepping Stones,Chapter 6 The Daffodils,,,Multiple Choice Question (QPG) Test Paper,The opposite of pensive in the poem will be,N\A,vacant,none of these,cautious,thoughtful,,Other,Hard,Test Learning Outcome 582,"Skillone,skilltwo","English, STEPPING STONES COURSE BOOK 7",1
CBSE,Class 7,English,Stepping Stones,Chapter 6 The Daffodils,,,Multiple Choice Question (QPG) Test Paper,The word sparkling in the poem can be replaced by,N\A,gleaming,none of these,energetic,dashing,,Other,Hard,Test Learning Outcome 583,"Skillone,skilltwo","English, STEPPING STONES COURSE BOOK 7",1
CBSE,Class 7,English,Stepping Stones,Chapter 6 The Daffodils,,,Short Answer Questions (QPG),"The word ‘out-did’ is used by the poet to create an image of daffodils leaving something
far behind. Explain in your own words.",N\A,,,,,,Other,Hard,Test Learning Outcome 584,"Skillone,skilltwo","English, STEPPING STONES COURSE BOOK 7",1
CBSE,Class 7,English,Stepping Stones,Chapter 6 The Daffodils,,,Short Answer Questions (QPG),"Which line (quote it) gives the impression that it was impossible to count the number of
daffodils?",N\A,,,,,,Other,Hard,Test Learning Outcome 585,"Skillone,skilltwo","English, STEPPING STONES COURSE BOOK 7",1
CBSE,Class 7,English,Stepping Stones,Chapter 6 The Daffodils,,,Short Answer Questions (QPG),When does the poet remember the daffodils? How does the memory affect him?,N\A,,,,,,Other,Hard,Test Learning Outcome 586,"Skillone,skilltwo","English, STEPPING STONES COURSE BOOK 7",1
CBSE,Class 7,English,Stepping Stones,Chapter 6 The Daffodils,,,Short Answer Questions (QPG),Where were the daffodils? How does the poet describe what they were doing?,N\A,,,,,,Other,Hard,Test Learning Outcome 587,"Skillone,skilltwo","English, STEPPING STONES COURSE BOOK 7",1
CBSE,Class 7,English,Stepping Stones,Chapter 6 The Daffodils,,,Short Answer Questions (QPG),Why does the poet compare himself to a cloud?,N\A,,,,,,Other,Hard,Test Learning Outcome 588,"Skillone,skilltwo","English, STEPPING STONES COURSE BOOK 7",1
CBSE,Class 7,English,Stepping Stones,Chapter 11 The Flight of Icarus,,,Short Answer Questions (QPG),"(I). Why was Daedalus living in Crete and not in his homeland Greece?(II). Give an example to show that the king of Crete wanted to keep Daedalus in Crete permanently.
(III). What was Daedalus famous for? How did he prove his talents?
(IV). Which sound advice of his father Icarus ignored? What were the consequences?",N\A,,,,,,Other,Hard,Test Learning Outcome 589,"Skillone,skilltwo","English, STEPPING STONES COURSE BOOK 7",1
CBSE,Class 7,English,Stepping Stones,Chapter 11 The Flight of Icarus,,,True or False (QPG),"(I). Daedalus was a great Greek philosopher.(II). Daedalus and his son Icarus, worked in the kingdom of Crete.
(III). Daedalus did not want to remain in Crete, he wanted to be free and go back with his son to Greece.
(IV). Icarus was so keen to fly that he jumped out of the window before his father could stop him.
(V). Daedalus looked on helplessly as his son crashed down to his death.",N\A,,,,,,Other,Hard,Test Learning Outcome 590,"Skillone,skilltwo","English, STEPPING STONES COURSE BOOK 7",1
CBSE,Class 7,English,Stepping Stones,Chapter 7 The Niagara Falls,,,Multiple Choice Question (QPG) Test Paper,ARRAY,N\A,dress grandly,none of these,military order,impressive display,,Other,Hard,Test Learning Outcome 591,"Skillone,skilltwo","English, STEPPING STONES COURSE BOOK 7",1
CBSE,Class 7,English,Stepping Stones,Chapter 7 The Niagara Falls,,,Multiple Choice Question (QPG) Test Paper,CONVENTIONAL,N\A,original,none of these,traditional,meeting,,Other,Hard,Test Learning Outcome 592,"Skillone,skilltwo","English, STEPPING STONES COURSE BOOK 7",1
CBSE,Class 7,English,Stepping Stones,Chapter 7 The Niagara Falls,,,Multiple Choice Question (QPG) Test Paper,CRYSTALLINE,N\A,extremely clear,a crystal,a transparent surface,none of these,,Other,Hard,Test Learning Outcome 593,"Skillone,skilltwo","English, STEPPING STONES COURSE BOOK 7",1
CBSE,Class 7,English,Stepping Stones,Chapter 7 The Niagara Falls,,,Multiple Choice Question (QPG) Test Paper,DESTINATION,N\A,portion,end,start,none of these,,Other,Hard,Test Learning Outcome 594,"Skillone,skilltwo","English, STEPPING STONES COURSE BOOK 7",1
CBSE,Class 7,English,Stepping Stones,Chapter 7 The Niagara Falls,,,Multiple Choice Question (QPG) Test Paper,INTREPID,N\A,risky,dangerous,fearless,none of these,,Other,Hard,Test Learning Outcome 595,"Skillone,skilltwo","English, STEPPING STONES COURSE BOOK 7",1
CBSE,Class 7,English,Stepping Stones,Chapter 7 The Niagara Falls,,,Multiple Choice Question (QPG) Test Paper,ROARING,N\A,extremely successful,resounding,deep loud sound,none of these,,Other,Hard,Test Learning Outcome 596,"Skillone,skilltwo","English, STEPPING STONES COURSE BOOK 7",1
CBSE,Class 7,English,Stepping Stones,Chapter 7 The Niagara Falls,,,Multiple Choice Question (QPG) Test Paper,SPECTACLE,N\A,ludicrous,a pair of lenses,grand display,none of these,,Other,Hard,Test Learning Outcome 597,"Skillone,skilltwo","English, STEPPING STONES COURSE BOOK 7",1
CBSE,Class 7,English,Stepping Stones,Chapter 7 The Niagara Falls,,,Multiple Choice Question (QPG) Test Paper,STRANDED,N\A,left helpless,seaside,none of these,threaded,,Other,Hard,Test Learning Outcome 598,"Skillone,skilltwo","English, STEPPING STONES COURSE BOOK 7",1
CBSE,Class 7,English,Stepping Stones,Chapter 7 The Niagara Falls,,,Multiple Choice Question (QPG) Test Paper,SUBJECT,N\A,to explore,under control,theme,none of these,,Other,Hard,Test Learning Outcome 599,"Skillone,skilltwo","English, STEPPING STONES COURSE BOOK 7",1
CBSE,Class 7,English,Stepping Stones,Chapter 7 The Niagara Falls,,,Multiple Choice Question (QPG) Test Paper,SUPPLEMENTING,N\A,added to,informing,none of these,giving supplies,,Other,Hard,Test Learning Outcome 600,"Skillone,skilltwo","English, STEPPING STONES COURSE BOOK 7",1
CBSE,Class 7,English,Stepping Stones,Chapter 7 The Niagara Falls,,,Short Answer Questions (QPG),"In 1980, who were the people who succeeded in seeing the falls in a barrel? What reason
was given by one of them for being so daring?",N\A,,,,,,Other,Hard,Test Learning Outcome 601,"Skillone,skilltwo","English, STEPPING STONES COURSE BOOK 7",1
CBSE,Class 7,English,Stepping Stones,Chapter 7 The Niagara Falls,,,Short Answer Questions (QPG),Give two reasons why the falls cannot freeze completely.,N\A,,,,,,Other,Hard,Test Learning Outcome 602,"Skillone,skilltwo","English, STEPPING STONES COURSE BOOK 7",1
CBSE,Class 7,English,Stepping Stones,Chapter 7 The Niagara Falls,,,Short Answer Questions (QPG),What happened and when some people believed that the end of the world was near?,N\A,,,,,,Other,Hard,Test Learning Outcome 603,"Skillone,skilltwo","English, STEPPING STONES COURSE BOOK 7",1
CBSE,Class 7,English,Stepping Stones,Chapter 7 The Niagara Falls,,,Short Answer Questions (QPG),Where are Niagara falls? Give their exact location. Why are they considered very impressive?,N\A,,,,,,Other,Hard,Test Learning Outcome 604,"Skillone,skilltwo","English, STEPPING STONES COURSE BOOK 7",1
CBSE,Class 7,English,Stepping Stones,Chapter 7 The Niagara Falls,,,Short Answer Questions (QPG),Which incident made the Government strictly ban walking on the ice?,N\A,,,,,,Other,Hard,Test Learning Outcome 605,"Skillone,skilltwo","English, STEPPING STONES COURSE BOOK 7",1
CBSE,Class 7,English,Stepping Stones,Chapter 7 The Niagara Falls,,,Short Answer Questions (QPG),Why have the falls become a honeymoon attraction?,N\A,,,,,,Other,Hard,Test Learning Outcome 606,"Skillone,skilltwo","English, STEPPING STONES COURSE BOOK 7",1
CBSE,Class 7,English,Stepping Stones,Chapter 7 The Niagara Falls,,,True or False (QPG),"The American side of the Niagara Falls were almost completely frozen
on February 20, 2015.",N\A,,,,,,Other,Hard,Test Learning Outcome 607,"Skillone,skilltwo","English, STEPPING STONES COURSE BOOK 7",1
CBSE,Class 7,English,Stepping Stones,Chapter 7 The Niagara Falls,,,True or False (QPG),"You can see and hear more than 20 million people annually from all
over the world at Niagara Falls",N\A,,,,,,Other,Hard,Test Learning Outcome 608,"Skillone,skilltwo","English, STEPPING STONES COURSE BOOK 7",1
CBSE,Class 7,English,Stepping Stones,Chapter 7 The Niagara Falls,,,True or False (QPG),Not many people have successfully tried to see the falls in a barrel.,N\A,,,,,,Other,Hard,Test Learning Outcome 609,"Skillone,skilltwo","English, STEPPING STONES COURSE BOOK 7",1
CBSE,Class 7,English,Stepping Stones,Chapter 7 The Niagara Falls,,,True or False (QPG),The most impressive part of Niagara are Canadian Horseshoe Falls.,N\A,,,,,,Other,Hard,Test Learning Outcome 610,"Skillone,skilltwo","English, STEPPING STONES COURSE BOOK 7",1
CBSE,Class 7,English,Stepping Stones,Chapter 7 The Niagara Falls,,,True or False (QPG),There is hardly anything else to see in the city except the Falls,N\A,,,,,,Other,Hard,Test Learning Outcome 611,"Skillone,skilltwo","English, STEPPING STONES COURSE BOOK 7",1
CBSE,Class 7,English,Stepping Stones,Chapter 18 The Psalm Of life,,,Fill in the blank (QPG),"(I). The angry child threw the _____________________________________ glass down the stairs and it broke into pieces.
(II). The star player of the team could not score a single _____________________________________ in the final match.
(III). _____________________________________ by curiosity, the children followed the stranger into the dark, gloomy street.
(IV). It has become very difficult to build a new house, rising prices of cement, the cost of
employing _____________________________________ and the huge amount of paper work in discouraging.
(V). I got a _____________________________________ glimpse of the thief as he was running down the steps.",N\A,,,,,,Other,Hard,Test Learning Outcome 612,"Skillone,skilltwo","English, STEPPING STONES COURSE BOOK 7",1
CBSE,Class 7,English,Stepping Stones,Chapter 18 The Psalm Of life,,,True or False (QPG),"(I). A PSALM means a song, a poem or a prayer.(II). The ultimate goal of life is death, according to the poet.
(III). Our goal in life is to make every next day to be better than the previous one.
(IV). We must put our faith in the future and seek inspiration from the past.
(V). Like the great people of the world we should also leave an example for those who follow us.
(VI). We must make continuous effort, have patience and be ready to face any crises.
(VII). The poem is an inspiring one, full of hope and encourages us to have full faith in ourselves and God above us.",N\A,,,,,,Other,Hard,Test Learning Outcome 613,"Skillone,skilltwo","English, STEPPING STONES COURSE BOOK 7",1
CBSE,Class 7,English,Stepping Stones,Chapter 5 Tweets of JOY,,,Fill in the blank (QPG),"Father, ______________________ your car tonight?",N\A,,,,,,Other,Hard,Test Learning Outcome 614,"Skillone,skilltwo","English, STEPPING STONES COURSE BOOK 7",1
CBSE,Class 7,English,Stepping Stones,Chapter 5 Tweets of JOY,,,Fill in the blank (QPG),I ______________________ learning Spanish next year.,N\A,,,,,,Other,Hard,Test Learning Outcome 615,"Skillone,skilltwo","English, STEPPING STONES COURSE BOOK 7",1
CBSE,Class 7,English,Stepping Stones,Chapter 5 Tweets of JOY,,,Fill in the blank (QPG),She ______________________ letters all day tomorrow.,N\A,,,,,,Other,Hard,Test Learning Outcome 616,"Skillone,skilltwo","English, STEPPING STONES COURSE BOOK 7",1
CBSE,Class 7,English,Stepping Stones,Chapter 5 Tweets of JOY,,,Fill in the blank (QPG),The nurse ______________________ a close watch on the baby till next week.,N\A,,,,,,Other,Hard,Test Learning Outcome 617,"Skillone,skilltwo","English, STEPPING STONES COURSE BOOK 7",1
CBSE,Class 7,English,Stepping Stones,Chapter 5 Tweets of JOY,,,Fill in the blank (QPG),"The police ______________________ the case from Monday, next week.",N\A,,,,,,Other,Hard,Test Learning Outcome 618,"Skillone,skilltwo","English, STEPPING STONES COURSE BOOK 7",1
CBSE,Class 7,English,Stepping Stones,Chapter 5 Tweets of JOY,,,Matching Question (QPG),"Increase in the numbers of birders (a) Sunder Nursery by Ratish NandaJagat Prakash Verma (e) Sultanpur Bird SanctuaryPalam Vihar, 2013 (d) Use of more sophisticated equipmentRed Necked Phalarope (b) Oriental Scops OwlUltramarine Flycatcher (c) Saw Smew in Jhajjar District.",N\A,,,,,,Other,Hard,Test Learning Outcome 619,"Skillone,skilltwo","English, STEPPING STONES COURSE BOOK 7",1
CBSE,Class 7,English,Stepping Stones,Chapter 5 Tweets of JOY,,,Short Answer Questions (QPG),"How did Udiyaman Shukla discover a rare bird? Name the bird and give one reason why
it is a significant discovery.",N\A,,,,,,Other,Hard,Test Learning Outcome 624,"Skillone,skilltwo","English, STEPPING STONES COURSE BOOK 7",1
CBSE,Class 7,English,Stepping Stones,Chapter 5 Tweets of JOY,,,Short Answer Questions (QPG),"Why was it sheer chance that the Red Necked Phalarope was seen in Delhi? After how
many years was it seen?",N\A,,,,,,Other,Hard,Test Learning Outcome 625,"Skillone,skilltwo","English, STEPPING STONES COURSE BOOK 7",1
CBSE,Class 7,English,Stepping Stones,Chapter 5 Tweets of JOY,,,Short Answer Questions (QPG),"To which region do most of the rare birds, seen this year, belong?",N\A,,,,,,Other,Hard,Test Learning Outcome 626,"Skillone,skilltwo","English, STEPPING STONES COURSE BOOK 7",1
CBSE,Class 7,English,Stepping Stones,Chapter 5 Tweets of JOY,,,Short Answer Questions (QPG),Why have bird watchers seen more rare birds in Delhi this year? Give two reasons.,N\A,,,,,,Other,Hard,Test Learning Outcome 627,"Skillone,skilltwo","English, STEPPING STONES COURSE BOOK 7",1
CBSE,Class 7,English,Stepping Stones,Chapter 5 Tweets of JOY,,,True or False (QPG),"Smew, a species of duck, was last seen in Delhi region by Basil
Edwards in 1922.",N\A,,,,,,Other,Hard,Test Learning Outcome 628,"Skillone,skilltwo","English, STEPPING STONES COURSE BOOK 7",1
CBSE,Class 7,English,Stepping Stones,Chapter 5 Tweets of JOY,,,True or False (QPG),"The Lemon-Rumped Warbler was seen by many birdwatchers at
Basai Wetlands.",N\A,,,,,,Other,Hard,Test Learning Outcome 629,"Skillone,skilltwo","English, STEPPING STONES COURSE BOOK 7",1
CBSE,Class 7,English,Stepping Stones,Chapter 5 Tweets of JOY,,,True or False (QPG),"The Slaty-Blue Flycatcher was seen feeding on the ground next to the
jogging track in Nehru Park.",N\A,,,,,,Other,Hard,Test Learning Outcome 630,"Skillone,skilltwo","English, STEPPING STONES COURSE BOOK 7",1
CBSE,Class 7,English,Stepping Stones,Chapter 5 Tweets of JOY,,,True or False (QPG),According to bird watchers they are able to sight rare birds due to the weather.,N\A,,,,,,Other,Hard,Test Learning Outcome 631,"Skillone,skilltwo","English, STEPPING STONES COURSE BOOK 7",1
CBSE,Class 7,English,Stepping Stones,Chapter 5 Tweets of JOY,,,True or False (QPG),Almost all the sightings of rare birds take place in winter.,N\A,,,,,,Other,Hard,Test Learning Outcome 632,"Skillone,skilltwo","English, STEPPING STONES COURSE BOOK 7",1
CBSE,Class 7,English,Stepping Stones,Chapter 2 When Daddy was a Little Boy,,,Fill in the blank (QPG),"India’s victory against Pakistan in the World Cup made some of the spectators do _________
_________________________________________in sheer joy.",N\A,,,,,,Other,Hard,Test Learning Outcome 633,"Skillone,skilltwo","English, STEPPING STONES COURSE BOOK 7",1
CBSE,Class 7,English,Stepping Stones,Chapter 2 When Daddy was a Little Boy,,,Fill in the blank (QPG),"Rohan stood __________________________________________________ when he saw the big cobra in
the middle of the road.",N\A,,,,,,Other,Hard,Test Learning Outcome 634,"Skillone,skilltwo","English, STEPPING STONES COURSE BOOK 7",1
CBSE,Class 7,English,Stepping Stones,Chapter 2 When Daddy was a Little Boy,,,Fill in the blank (QPG),"The acrobatics performed by the motorcycle riders on the Republic Day were ______________
____________________________________and appreciated by all.",N\A,,,,,,Other,Hard,Test Learning Outcome 635,"Skillone,skilltwo","English, STEPPING STONES COURSE BOOK 7",1
CBSE,Class 7,English,Stepping Stones,Chapter 2 When Daddy was a Little Boy,,,Fill in the blank (QPG),"Though many of his friends bunked school, yet Kabir ______________________________________
and they were saved from punishment.",N\A,,,,,,Other,Hard,Test Learning Outcome 636,"Skillone,skilltwo","English, STEPPING STONES COURSE BOOK 7",1
CBSE,Class 7,English,Stepping Stones,Chapter 2 When Daddy was a Little Boy,,,Fill in the blank (QPG),"When the police arrived at the scene of the crime, the culprits had escaped; they had
__________________________________________________.",N\A,,,,,,Other,Hard,Test Learning Outcome 637,"Skillone,skilltwo","English, STEPPING STONES COURSE BOOK 7",1
CBSE,Class 7,English,Stepping Stones,Chapter 2 When Daddy was a Little Boy,,,Fill in the blank (QPG),The little chick tried to fly __________________________________________________ but failed.,N\A,,,,,,Other,Hard,Test Learning Outcome 638,"Skillone,skilltwo","English, STEPPING STONES COURSE BOOK 7",1
CBSE,Class 7,English,Stepping Stones,Chapter 2 When Daddy was a Little Boy,,,Short Answer Questions (QPG),“Even the Principal of the school could not help laughing out loud with everyone looking.” Give an example to prove the above statement true. Explain the significance of the bold words.,N\A,,,,,,Other,Hard,Test Learning Outcome 639,"Skillone,skilltwo","English, STEPPING STONES COURSE BOOK 7",1
CBSE,Class 7,English,Stepping Stones,Chapter 2 When Daddy was a Little Boy,,,Short Answer Questions (QPG),“They wouldn’t let him live it down.” What does the writer mean by this remark? What opinion do you form of the school friends of Little Daddy?,N\A,,,,,,Other,Hard,Test Learning Outcome 640,"Skillone,skilltwo","English, STEPPING STONES COURSE BOOK 7",1
CBSE,Class 7,English,Stepping Stones,Chapter 2 When Daddy was a Little Boy,,,Short Answer Questions (QPG),Give reasons to show why Misha was not afraid of lying on the tram track.,N\A,,,,,,Other,Hard,Test Learning Outcome 641,"Skillone,skilltwo","English, STEPPING STONES COURSE BOOK 7",1
CBSE,Class 7,English,Stepping Stones,Chapter 2 When Daddy was a Little Boy,,,Short Answer Questions (QPG),Why was there a big crowd around Misha during recess?,N\A,,,,,,Other,Hard,Test Learning Outcome 642,"Skillone,skilltwo","English, STEPPING STONES COURSE BOOK 7",1
CBSE,Class 8,English,Stepping Stones,Chapter 3 A Ghost Outwitted!,,,Fill in the blank (QPG),"I haven't got _________________________ books, you have got _________________________ than one
but Rani has the ____________________________ books. (many)",N\A,,,,,,Other,Hard,Test Learning Outcome 643,"Skillone,skilltwo","English, STEPPING STONES COURSE BOOK 7",1
CBSE,Class 8,English,Stepping Stones,Chapter 3 A Ghost Outwitted!,,,Fill in the blank (QPG),Africa is the _____________________________ of the five continents. (hot),N\A,,,,,,Other,Hard,Test Learning Outcome 644,"Skillone,skilltwo","English, STEPPING STONES COURSE BOOK 7",1
CBSE,Class 8,English,Stepping Stones,Chapter 3 A Ghost Outwitted!,,,Fill in the blank (QPG),Akbar was the _____________________________ of all the Mughal Emperors. (wise),N\A,,,,,,Other,Hard,Test Learning Outcome 645,"Skillone,skilltwo","English, STEPPING STONES COURSE BOOK 7",1
CBSE,Class 8,English,Stepping Stones,Chapter 3 A Ghost Outwitted!,,,Fill in the blank (QPG),"He is utterly confused, his problems are becoming _______________________________",N\A,,,,,,Other,Hard,Test Learning Outcome 646,"Skillone,skilltwo","English, STEPPING STONES COURSE BOOK 7",1
CBSE,Class 8,English,Stepping Stones,Chapter 3 A Ghost Outwitted!,,,Fill in the blank (QPG),He wanted to reach home __________________________ than his father. (soon),N\A,,,,,,Other,Hard,Test Learning Outcome 647,"Skillone,skilltwo","English, STEPPING STONES COURSE BOOK 7",1
CBSE,Class 8,English,Stepping Stones,Chapter 3 A Ghost Outwitted!,,,Fill in the blank (QPG),How much _________________________ are we going? (far),N\A,,,,,,Other,Hard,Test Learning Outcome 648,"Skillone,skilltwo","English, STEPPING STONES COURSE BOOK 7",1
CBSE,Class 8,English,Stepping Stones,Chapter 3 A Ghost Outwitted!,,,Fill in the blank (QPG),Iron is ____________________________ than any other metal. (powerful),N\A,,,,,,Other,Hard,Test Learning Outcome 649,"Skillone,skilltwo","English, STEPPING STONES COURSE BOOK 7",1
CBSE,Class 8,English,Stepping Stones,Chapter 3 A Ghost Outwitted!,,,Fill in the blank (QPG),It was a very _____________________________ night and we all fell ill the next day. (cold),N\A,,,,,,Other,Hard,Test Learning Outcome 650,"Skillone,skilltwo","English, STEPPING STONES COURSE BOOK 7",1
CBSE,Class 8,English,Stepping Stones,Chapter 3 A Ghost Outwitted!,,,Fill in the blank (QPG),Maths become _______________________________ from class to class.,N\A,,,,,,Other,Hard,Test Learning Outcome 651,"Skillone,skilltwo","English, STEPPING STONES COURSE BOOK 7",1
CBSE,Class 8,English,Stepping Stones,Chapter 3 A Ghost Outwitted!,,,Fill in the blank (QPG),Our turn to buy the tickets came very late as the queue was getting _____________________,N\A,,,,,,Other,Hard,Test Learning Outcome 652,"Skillone,skilltwo","English, STEPPING STONES COURSE BOOK 7",1
CBSE,Class 8,English,Stepping Stones,Chapter 3 A Ghost Outwitted!,,,Fill in the blank (QPG),The population of Tokyo is _______________________________ than that of any town in India. (great),N\A,,,,,,Other,Hard,Test Learning Outcome 653,"Skillone,skilltwo","English, STEPPING STONES COURSE BOOK 7",1
CBSE,Class 8,English,Stepping Stones,Chapter 3 A Ghost Outwitted!,,,Fill in the blank (QPG),The textbooks are getting ________________________________ complicated.,N\A,,,,,,Other,Hard,Test Learning Outcome 654,"Skillone,skilltwo","English, STEPPING STONES COURSE BOOK 8",1
CBSE,Class 8,English,Stepping Stones,Chapter 3 A Ghost Outwitted!,,,Fill in the blank (QPG),"Things could not be __________________________________ , the untimely rain added to our woes. (bad)",N\A,,,,,,Other,Hard,Test Learning Outcome 655,"Skillone,skilltwo","English, STEPPING STONES COURSE BOOK 8",1
CBSE,Class 8,English,Stepping Stones,Chapter 3 A Ghost Outwitted!,,,Fill in the blank (QPG),We couldn't hear ourselves as the music had become ___________________________________,N\A,,,,,,Other,Hard,Test Learning Outcome 656,"Skillone,skilltwo","English, STEPPING STONES COURSE BOOK 8",1
CBSE,Class 8,English,Stepping Stones,Chapter 3 A Ghost Outwitted!,,,Fill in the blank (QPG),"We were looking for a cheap hotel, ________________________",N\A,,,,,,Other,Hard,Test Learning Outcome 657,"Skillone,skilltwo","English, STEPPING STONES COURSE BOOK 8",1
CBSE,Class 8,English,Stepping Stones,Chapter 3 A Ghost Outwitted!,,,Fill in the blank (QPG),What is the __________________________________ price you will accept for this second-hand car? (little),N\A,,,,,,Other,Hard,Test Learning Outcome 658,"Skillone,skilltwo","English, STEPPING STONES COURSE BOOK 8",1
CBSE,Class 8,English,Stepping Stones,Chapter 3 A Ghost Outwitted!,,,Short Answer Questions (QPG),Even though the cause was lost. Which cause is the poet referring to?,N\A,,,,,,Other,Hard,Test Learning Outcome 659,"Skillone,skilltwo","English, STEPPING STONES COURSE BOOK 8",1
CBSE,Class 8,English,Stepping Stones,Chapter 3 A Ghost Outwitted!,,,Short Answer Questions (QPG),When they try to spook and fright. Who are 'they'? Explain 'spook' in your own words.,N\A,,,,,,Other,Hard,Test Learning Outcome 660,"Skillone,skilltwo","English, STEPPING STONES COURSE BOOK 8",1
CBSE,Class 8,English,Stepping Stones,Chapter 3 A Ghost Outwitted!,,,Short Answer Questions (QPG),"Bring out the humour in the description of how the ghost went about doing his duty aRer
he recovered.",N\A,,,,,,Other,Hard,Test Learning Outcome 661,"Skillone,skilltwo","English, STEPPING STONES COURSE BOOK 8",1
CBSE,Class 8,English,Stepping Stones,Chapter 3 A Ghost Outwitted!,,,Short Answer Questions (QPG),"What had been the effect on the ghost of the events that had been taking place for the last
four weeks?",N\A,,,,,,Other,Hard,Test Learning Outcome 662,"Skillone,skilltwo","English, STEPPING STONES COURSE BOOK 8",1
CBSE,Class 8,English,Stepping Stones,Chapter 3 A Ghost Outwitted!,,,Short Answer Questions (QPG),Describe the phantom which had terrorised him----a ghost himself.,N\A,,,,,,Other,Hard,Test Learning Outcome 663,"Skillone,skilltwo","English, STEPPING STONES COURSE BOOK 8",1
CBSE,Class 8,English,Stepping Stones,Chapter 3 A Ghost Outwitted!,,,Short Answer Questions (QPG),How and by whom was the final blow given to his attempts to scare the American family?,N\A,,,,,,Other,Hard,Test Learning Outcome 664,"Skillone,skilltwo","English, STEPPING STONES COURSE BOOK 8",1
CBSE,Class 8,English,Stepping Stones,Chapter 3 A Ghost Outwitted!,,,Short Answer Questions (QPG),"What ""isn't going to work"" and why?",N\A,,,,,,Other,Hard,Test Learning Outcome 665,"Skillone,skilltwo","English, STEPPING STONES COURSE BOOK 8",1
CBSE,Class 8,English,Stepping Stones,Chapter 3 A Ghost Outwitted!,,,Short Answer Questions (QPG),What advice did the poet give to the ghost?,N\A,,,,,,Other,Hard,Test Learning Outcome 666,"Skillone,skilltwo","English, STEPPING STONES COURSE BOOK 8",1
CBSE,Class 8,English,Stepping Stones,Chapter 3 A Ghost Outwitted!,,,Short Answer Questions (QPG),"What is common between ""ginger hair"" and a ""pumpkin,"" colour, size or shape?",N\A,,,,,,Other,Hard,Test Learning Outcome 667,"Skillone,skilltwo","English, STEPPING STONES COURSE BOOK 8",1
CBSE,Class 8,English,Stepping Stones,Chapter 3 A Ghost Outwitted!,,,Short Answer Questions (QPG),Why was the ghost laid up by a severe cold?,N\A,,,,,,Other,Hard,Test Learning Outcome 668,"Skillone,skilltwo","English, STEPPING STONES COURSE BOOK 8",1
CBSE,Class 8,English,Stepping Stones,Chapter 3 A Ghost Outwitted!,,,Short Answer Questions (QPG),"Why was the poet not 'scared' by the ""Boo""?",N\A,,,,,,Other,Hard,Test Learning Outcome 669,"Skillone,skilltwo","English, STEPPING STONES COURSE BOOK 8",1
CBSE,Class 8,English,Stepping Stones,Chapter 2 A Mad Tea-Party,,,Short Answer Questions (QPG),"Thrice Alice was angry with the threethe March Hare, the Hatter and the Dormouse. Why?
How did she react each time?",N\A,,,,,,Other,Hard,Test Learning Outcome 670,"Skillone,skilltwo","English, STEPPING STONES COURSE BOOK 8",1
CBSE,Class 8,English,Stepping Stones,Chapter 2 A Mad Tea-Party,,,Short Answer Questions (QPG),"What explanation Alice is given by the Hatter? Why is it always tea-time for him and his
two friends?",N\A,,,,,,Other,Hard,Test Learning Outcome 671,"Skillone,skilltwo","English, STEPPING STONES COURSE BOOK 8",1
CBSE,Class 8,English,Stepping Stones,Chapter 2 A Mad Tea-Party,,,Short Answer Questions (QPG),"Describe the theme of the story, the Dormouse told Alice.",N\A,,,,,,Other,Hard,Test Learning Outcome 672,"Skillone,skilltwo","English, STEPPING STONES COURSE BOOK 8",1
CBSE,Class 8,English,Stepping Stones,Chapter 2 A Mad Tea-Party,,,Short Answer Questions (QPG),What made Alice leave the party in a huff!,N\A,,,,,,Other,Hard,Test Learning Outcome 673,"Skillone,skilltwo","English, STEPPING STONES COURSE BOOK 8",1
CBSE,Class 8,English,Stepping Stones,Chapter 2 A Mad Tea-Party,,,Short Answer Questions (QPG),"Why did the March Hare meekly reply, ""It was the best butter""?",N\A,,,,,,Other,Hard,Test Learning Outcome 674,"Skillone,skilltwo","English, STEPPING STONES COURSE BOOK 8",1
CBSE,Class 8,English,Stepping Stones,Chapter 2 A Mad Tea-Party,,,True or False (QPG),"The last thing which Alice saw when she left the tea-party, was that
the Dormouse had fallen asleep again.",N\A,,,,,,Other,Hard,Test Learning Outcome 675,"Skillone,skilltwo","English, STEPPING STONES COURSE BOOK 8",1
CBSE,Class 8,English,Stepping Stones,Chapter 2 A Mad Tea-Party,,,True or False (QPG),"When Alice came forward to sit with the others present, they
all shouted, ""Welcome! Welcome!",N\A,,,,,,Other,Hard,Test Learning Outcome 676,"Skillone,skilltwo","English, STEPPING STONES COURSE BOOK 8",1
CBSE,Class 8,English,Stepping Stones,Chapter 2 A Mad Tea-Party,,,True or False (QPG),All the characters in this lesson are animals.,N\A,,,,,,Other,Hard,Test Learning Outcome 677,"Skillone,skilltwo","English, STEPPING STONES COURSE BOOK 8",1
CBSE,Class 8,English,Stepping Stones,Chapter 2 A Mad Tea-Party,,,True or False (QPG),The Dormouse woke up suddenly and asked Alice to tell a story.,N\A,,,,,,Other,Hard,Test Learning Outcome 678,"Skillone,skilltwo","English, STEPPING STONES COURSE BOOK 8",1
CBSE,Class 8,English,Stepping Stones,Chapter 2 A Mad Tea-Party,,,True or False (QPG),The Hatter's first speech was to comment on Alice's hair.,N\A,,,,,,Other,Hard,Test Learning Outcome 679,"Skillone,skilltwo","English, STEPPING STONES COURSE BOOK 8",1
CBSE,Class 8,English,Stepping Stones,Chapter 5 Campaign to Get Certain Noises Allowed,,,Short Answer Questions (QPG),"In what way does the poet expect us (the readers) to react? What warning does he
give us?",N\A,,,,,,Other,Hard,Test Learning Outcome 680,"Skillone,skilltwo","English, STEPPING STONES COURSE BOOK 8",1
CBSE,Class 8,English,Stepping Stones,Chapter 5 Campaign to Get Certain Noises Allowed,,,Short Answer Questions (QPG),"How does the poet prove that he, as a boy, is different from his sister?",N\A,,,,,,Other,Hard,Test Learning Outcome 681,"Skillone,skilltwo","English, STEPPING STONES COURSE BOOK 8",1
CBSE,Class 8,English,Stepping Stones,Chapter 5 Campaign to Get Certain Noises Allowed,,,Short Answer Questions (QPG),In what way do the poet's father and mother react to their stories? Why?,N\A,,,,,,Other,Hard,Test Learning Outcome 682,"Skillone,skilltwo","English, STEPPING STONES COURSE BOOK 8",1
CBSE,Class 8,English,Stepping Stones,Chapter 5 Campaign to Get Certain Noises Allowed,,,Short Answer Questions (QPG),"What do you understand by ""Girly books""?",N\A,,,,,,Other,Hard,Test Learning Outcome 683,"Skillone,skilltwo","English, STEPPING STONES COURSE BOOK 8",1
CBSE,Class 8,English,Stepping Stones,Chapter 5 Campaign to Get Certain Noises Allowed,,,Short Answer Questions (QPG),Why does everyone look at the poet?,N\A,,,,,,Other,Hard,Test Learning Outcome 684,"Skillone,skilltwo","English, STEPPING STONES COURSE BOOK 8",1
CBSE,Class 8,English,Stepping Stones,Chapter 1 How Laughter Helped Stop the Argument,,,Fill in the blank (QPG),"A book gives you knowledge,____________________________________________?",N\A,,,,,,Other,Hard,Test Learning Outcome 685,"Skillone,skilltwo","English, STEPPING STONES COURSE BOOK 8",1
CBSE,Class 8,English,Stepping Stones,Chapter 1 How Laughter Helped Stop the Argument,,,Fill in the blank (QPG),"He did not steal the book, ___________________________________________________ ?",N\A,,,,,,Other,Hard,Test Learning Outcome 686,"Skillone,skilltwo","English, STEPPING STONES COURSE BOOK 8",1
CBSE,Class 8,English,Stepping Stones,Chapter 1 How Laughter Helped Stop the Argument,,,Fill in the blank (QPG),"Malini is an Event Manager, _____________________________________________ ?",N\A,,,,,,Other,Hard,Test Learning Outcome 687,"Skillone,skilltwo","English, STEPPING STONES COURSE BOOK 8",1
CBSE,Class 8,English,Stepping Stones,Chapter 1 How Laughter Helped Stop the Argument,,,Fill in the blank (QPG),"Rajan broke the chair, ___________________________________ ?",N\A,,,,,,Other,Hard,Test Learning Outcome 688,"Skillone,skilltwo","English, STEPPING STONES COURSE BOOK 8",1
CBSE,Class 8,English,Stepping Stones,Chapter 1 How Laughter Helped Stop the Argument,,,Fill in the blank (QPG),"She does not care for detective novels,_____________________________________?",N\A,,,,,,Other,Hard,Test Learning Outcome 689,"Skillone,skilltwo","English, STEPPING STONES COURSE BOOK 8",1
CBSE,Class 8,English,Stepping Stones,Chapter 1 How Laughter Helped Stop the Argument,,,Fill in the blank (QPG),"She tried to help me,_______________________________________?",N\A,,,,,,Other,Hard,Test Learning Outcome 690,"Skillone,skilltwo","English, STEPPING STONES COURSE BOOK 8",1
CBSE,Class 8,English,Stepping Stones,Chapter 1 How Laughter Helped Stop the Argument,,,Fill in the blank (QPG),"They were never great friends, ___________________________________________ ?",N\A,,,,,,Other,Hard,Test Learning Outcome 691,"Skillone,skilltwo","English, STEPPING STONES COURSE BOOK 8",1
CBSE,Class 8,English,Stepping Stones,Chapter 1 How Laughter Helped Stop the Argument,,,Fill in the blank (QPG),"This poem is funny, _____________________________________________ ?",N\A,,,,,,Other,Hard,Test Learning Outcome 692,"Skillone,skilltwo","English, STEPPING STONES COURSE BOOK 8",1
CBSE,Class 8,English,Stepping Stones,Chapter 1 How Laughter Helped Stop the Argument,,,Fill in the blank (QPG),"You can join us in the game, ___________________________________________ ?",N\A,,,,,,Other,Hard,Test Learning Outcome 693,"Skillone,skilltwo","English, STEPPING STONES COURSE BOOK 8",1
CBSE,Class 8,English,Stepping Stones,Chapter 1 How Laughter Helped Stop the Argument,,,Fill in the blank (QPG),"You didn't go to school today,__________________________________________ ?",N\A,,,,,,Other,Hard,Test Learning Outcome 694,"Skillone,skilltwo","English, STEPPING STONES COURSE BOOK 8",1
CBSE,Class 8,English,Stepping Stones,Chapter 1 How Laughter Helped Stop the Argument,,,Short Answer Questions (QPG),What is the argument about?,N\A,,,,,,Other,Hard,Test Learning Outcome 695,"Skillone,skilltwo","English, STEPPING STONES COURSE BOOK 8",1
CBSE,Class 8,English,Stepping Stones,Chapter 1 How Laughter Helped Stop the Argument,,,Short Answer Questions (QPG),"From what do the speakers take inspiration and form an idea of the subject they are arguing
about? Give examples.",N\A,,,,,,Other,Hard,Test Learning Outcome 696,"Skillone,skilltwo","English, STEPPING STONES COURSE BOOK 8",1
CBSE,Class 8,English,Stepping Stones,Chapter 1 How Laughter Helped Stop the Argument,,,Short Answer Questions (QPG),"Which voice gives you a clue that the setting of the poem is West Indies and not England
or Europe?",N\A,,,,,,Other,Hard,Test Learning Outcome 697,"Skillone,skilltwo","English, STEPPING STONES COURSE BOOK 8",1
CBSE,Class 8,English,Stepping Stones,Chapter 1 How Laughter Helped Stop the Argument,,,Short Answer Questions (QPG),Which voice has a sense of humour? Quote the line.,N\A,,,,,,Other,Hard,Test Learning Outcome 698,"Skillone,skilltwo","English, STEPPING STONES COURSE BOOK 8",1
CBSE,Class 8,English,Stepping Stones,Chapter 1 How Laughter Helped Stop the Argument,,,Short Answer Questions (QPG),Who stops the argument and how?,N\A,,,,,,Other,Hard,Test Learning Outcome 699,"Skillone,skilltwo","English, STEPPING STONES COURSE BOOK 8",1
CBSE,Class 8,English,Stepping Stones,Chapter 1 How Laughter Helped Stop the Argument,,,True or False (QPG),I have never seen no cartoon film so far,N\A,,,,,,Other,Hard,Test Learning Outcome 700,"Skillone,skilltwo","English, STEPPING STONES COURSE BOOK 8",1
CBSE,Class 8,English,Stepping Stones,Chapter 1 How Laughter Helped Stop the Argument,,,True or False (QPG),It won't make any difference if they are late.,N\A,,,,,,Other,Hard,Test Learning Outcome 701,"Skillone,skilltwo","English, STEPPING STONES COURSE BOOK 8",1
CBSE,Class 8,English,Stepping Stones,Chapter 1 How Laughter Helped Stop the Argument,,,True or False (QPG),This book has no information about ancient Japan.,N\A,,,,,,Other,Hard,Test Learning Outcome 702,"Skillone,skilltwo","English, STEPPING STONES COURSE BOOK 8",1
CBSE,Class 8,English,Stepping Stones,Chapter 4 Search for Treasure,,,Short Answer Questions (QPG),"Where was the haunted house? Why did it arouse fear in the boys' hearts even when they
never entered it?",N\A,,,,,,Other,Hard,Test Learning Outcome 703,"Skillone,skilltwo","English, STEPPING STONES COURSE BOOK 8",1
CBSE,Class 8,English,Stepping Stones,Chapter 4 Search for Treasure,,,Short Answer Questions (QPG),Describe Huck's feelings while they were digging for treasure at midnight.,N\A,,,,,,Other,Hard,Test Learning Outcome 704,"Skillone,skilltwo","English, STEPPING STONES COURSE BOOK 8",1
CBSE,Class 8,English,Stepping Stones,Chapter 4 Search for Treasure,,,Short Answer Questions (QPG),How did people find out later where the treasure lay buried?,N\A,,,,,,Other,Hard,Test Learning Outcome 705,"Skillone,skilltwo","English, STEPPING STONES COURSE BOOK 8",1
CBSE,Class 8,English,Stepping Stones,Chapter 4 Search for Treasure,,,Short Answer Questions (QPG),Which remark of Tom made Huck Finn's eyes shine with pleasure?,N\A,,,,,,Other,Hard,Test Learning Outcome 706,"Skillone,skilltwo","English, STEPPING STONES COURSE BOOK 8",1
CBSE,Class 8,English,Stepping Stones,Chapter 4 Search for Treasure,,,Short Answer Questions (QPG),Why did Huck prefer 'dead people' to 'ghosts'? How did Tom allay his fears?,N\A,,,,,,Other,Hard,Test Learning Outcome 707,"Skillone,skilltwo","English, STEPPING STONES COURSE BOOK 8",1
