Board Name,Class Name,Subject Name,Series Name,Chapter Name,Topic Name,Subtopic Name,Question Type,"Question(If question is mcq or Assertion & Reason  use option 1 to option 4 and in answer give 1,2,3,4 number only not option value, if true false, or any other type question give answer in answer coloumn and for fill in the blanks you can use comma seprator for multiple filling answers eg fill1,fill2, fill3)",Answer,Option1,Option2,Option3,Option4,Explanation,Question Weight(optional),Difficulty Level,Learning Outcomes(optional),"Skills(optional if any seprate with comma ,)","Tags(optional if any seprate with comma ,)","Status(1==active,0=Inactive)"
CBSE,Class 6,English,Elementary English Grammar and Composition ,ACTIVE AND PASSIVE VOICE,,,Fill in the blank (QPG),"It ________ (suggest) last week that a new pension plan should be presented before the
Lok Sabha.",N/A,,,,,,Other,Hard,Test Learning Outcome 1,"Skillone,skilltwo",Elementary English Grammar and Composition Class 6,1
CBSE,Class 6,English,Elementary English Grammar and Composition ,ACTIVE AND PASSIVE VOICE,,,Fill in the blank (QPG),"We ______________ (send) a reminder by the telephone company that we had not paid
our bill.",N/A,,,,,,Other,Hard,Test Learning Outcome 1,"Skillone,skilltwo",Elementary English Grammar and Composition Class 6,1
CBSE,Class 6,English,Elementary English Grammar and Composition ,ACTIVE AND PASSIVE VOICE,,,Fill in the blank (QPG),The coach always _______ (encourage) the children to practice swimming everyday,N/A,,,,,,Other,Hard,Test Learning Outcome 1,"Skillone,skilltwo",Elementary English Grammar and Composition Class 6,1
CBSE,Class 6,English,Elementary English Grammar and Composition ,ACTIVE AND PASSIVE VOICE,,,Fill in the blank (QPG),A high wall ______________ (build) around the compound to protect the garden.,N/A,,,,,,Other,Hard,Test Learning Outcome 1,"Skillone,skilltwo",Elementary English Grammar and Composition Class 6,1
CBSE,Class 6,English,Elementary English Grammar and Composition ,ACTIVE AND PASSIVE VOICE,,,Fill in the blank (QPG),I __________ (send) food parcels regularly by my parents when I was studying abroad.,N/A,,,,,,Other,Hard,Test Learning Outcome 1,"Skillone,skilltwo",Elementary English Grammar and Composition Class 6,1
CBSE,Class 6,English,Elementary English Grammar and Composition ,ACTIVE AND PASSIVE VOICE,,,Fill in the blank (QPG),It ________ (believe) that the government will soon reduce the price of petrol in Delhi.,N/A,,,,,,Other,Hard,Test Learning Outcome 1,"Skillone,skilltwo",Elementary English Grammar and Composition Class 6,1
CBSE,Class 6,English,Elementary English Grammar and Composition ,ACTIVE AND PASSIVE VOICE,,,Fill in the blank (QPG),It ______________ (predict) that there will be heavy snowfall in New York tomorrow.,N/A,,,,,,Other,Hard,Test Learning Outcome 1,"Skillone,skilltwo",Elementary English Grammar and Composition Class 6,1
CBSE,Class 6,English,Elementary English Grammar and Composition ,ACTIVE AND PASSIVE VOICE,,,Fill in the blank (QPG),People ______________ (say) that Mr. Khan is a brilliant lawyer.,N/A,,,,,,Other,Hard,Test Learning Outcome 1,"Skillone,skilltwo",Elementary English Grammar and Composition Class 6,1
CBSE,Class 6,English,Elementary English Grammar and Composition ,ACTIVE AND PASSIVE VOICE,,,Fill in the blank (QPG),The tenants ______________ (warn) about their noisy behaviour by the landlord.,N/A,,,,,,Other,Hard,Test Learning Outcome 1,"Skillone,skilltwo",Elementary English Grammar and Composition Class 6,1
CBSE,Class 6,English,Elementary English Grammar and Composition ,ACTIVE AND PASSIVE VOICE,,,Fill in the blank (QPG),We ______________ (give) a variety of books to read on the subject.,N/A,,,,,,Other,Hard,Test Learning Outcome 1,"Skillone,skilltwo",Elementary English Grammar and Composition Class 6,1
CBSE,Class 6,English,Elementary English Grammar and Composition ,ACTIVE AND PASSIVE VOICE,,,Fill in the blank (QPG),"My fiend did not eat _______________ sweets, but ate a number
of chappatis.",N/A,,,,,,Other,Hard,Test Learning Outcome 1,"Skillone,skilltwo",Elementary English Grammar and Composition Class 6,1
CBSE,Class 6,English,Elementary English Grammar and Composition ,ACTIVE AND PASSIVE VOICE,,,Fill in the blank (QPG),"We did not have ________________ milk in the house to give
to the hungry child.",N/A,,,,,,Other,Hard,Test Learning Outcome 1,"Skillone,skilltwo",Elementary English Grammar and Composition Class 6,1
CBSE,Class 6,English,Elementary English Grammar and Composition ,ACTIVE AND PASSIVE VOICE,,,Fill in the blank (QPG),A _____________________ person does not make a good friend.,N/A,,,,,,Other,Hard,Test Learning Outcome 1,"Skillone,skilltwo",Elementary English Grammar and Composition Class 6,1
CBSE,Class 6,English,Elementary English Grammar and Composition ,ACTIVE AND PASSIVE VOICE,,,Fill in the blank (QPG),He has _______________ sense and talks too much.,N/A,,,,,,Other,Hard,Test Learning Outcome 1,"Skillone,skilltwo",Elementary English Grammar and Composition Class 6,1
CBSE,Class 6,English,Elementary English Grammar and Composition ,ACTIVE AND PASSIVE VOICE,,,Fill in the blank (QPG),He showed ___________________ patience in solving the problem.,N/A,,,,,,Other,Hard,Test Learning Outcome 1,"Skillone,skilltwo",Elementary English Grammar and Composition Class 6,1
CBSE,Class 6,English,Elementary English Grammar and Composition ,ACTIVE AND PASSIVE VOICE,,,Fill in the blank (QPG),"I ate ______________ vegetables, _______________ rice and drank_____________ water.",N/A,,,,,,Other,Hard,Test Learning Outcome 1,"Skillone,skilltwo",Elementary English Grammar and Composition Class 6,1
CBSE,Class 6,English,Elementary English Grammar and Composition ,ACTIVE AND PASSIVE VOICE,,,Fill in the blank (QPG),It is _________________ to drive fast on a __________________ day.,N/A,,,,,,Other,Hard,Test Learning Outcome 1,"Skillone,skilltwo",Elementary English Grammar and Composition Class 6,1
CBSE,Class 6,English,Elementary English Grammar and Composition ,ACTIVE AND PASSIVE VOICE,,,Fill in the blank (QPG),My sister is too ___________________ to go to school.,N/A,,,,,,Other,Hard,Test Learning Outcome 1,"Skillone,skilltwo",Elementary English Grammar and Composition Class 6,1
CBSE,Class 6,English,Elementary English Grammar and Composition ,ACTIVE AND PASSIVE VOICE,,,Fill in the blank (QPG),Snow White's step mother was very ___________________ to her.,N/A,,,,,,Other,Hard,Test Learning Outcome 1,"Skillone,skilltwo",Elementary English Grammar and Composition Class 6,1
CBSE,Class 6,English,Elementary English Grammar and Composition ,ACTIVE AND PASSIVE VOICE,,,Fill in the blank (QPG),The man spent the _________________ bundle of notes he had.,N/A,,,,,,Other,Hard,Test Learning Outcome 1,"Skillone,skilltwo",Elementary English Grammar and Composition Class 6,1
CBSE,Class 6,English,Elementary English Grammar and Composition ,ACTIVE AND PASSIVE VOICE,,,Fill in the blank (QPG),The old man was ______________________________after a long walk.,N/A,,,,,,Other,Hard,Test Learning Outcome 1,"Skillone,skilltwo",Elementary English Grammar and Composition Class 6,1
CBSE,Class 6,English,Elementary English Grammar and Composition ,ACTIVE AND PASSIVE VOICE,,,Fill in the blank (QPG),The principal was very _________________ yesterday and I couldn't meet him.,N/A,,,,,,Other,Hard,Test Learning Outcome 1,"Skillone,skilltwo",Elementary English Grammar and Composition Class 6,1
CBSE,Class 6,English,Elementary English Grammar and Composition ,ACTIVE AND PASSIVE VOICE,,,Fill in the blank (QPG),The teacher was ____________________ with my homework.,N/A,,,,,,Other,Hard,Test Learning Outcome 1,"Skillone,skilltwo",Elementary English Grammar and Composition Class 6,1
CBSE,Class 6,English,Elementary English Grammar and Composition ,ACTIVE AND PASSIVE VOICE,,,Fill in the blank (QPG),We all a g d that the food was _____________________ .,N/A,,,,,,Other,Hard,Test Learning Outcome 1,"Skillone,skilltwo",Elementary English Grammar and Composition Class 6,1
CBSE,Class 6,English,Elementary English Grammar and Composition ,ACTIVE AND PASSIVE VOICE,,,Fill in the blank (QPG),He is ____________ deaf.,N/A,,,,,,Other,Hard,Test Learning Outcome 1,"Skillone,skilltwo",Elementary English Grammar and Composition Class 6,1
CBSE,Class 6,English,Elementary English Grammar and Composition ,ACTIVE AND PASSIVE VOICE,,,Fill in the blank (QPG),He was ___________ exhausted.,N/A,,,,,,Other,Hard,Test Learning Outcome 1,"Skillone,skilltwo",Elementary English Grammar and Composition Class 6,1
CBSE,Class 6,English,Elementary English Grammar and Composition ,ACTIVE AND PASSIVE VOICE,,,Fill in the blank (QPG),He was ___________ worn out.,N/A,,,,,,Other,Hard,Test Learning Outcome 1,"Skillone,skilltwo",Elementary English Grammar and Composition Class 6,1
CBSE,Class 6,English,Elementary English Grammar and Composition ,ACTIVE AND PASSIVE VOICE,,,Fill in the blank (QPG),He works ___________ hard.,N/A,,,,,,Other,Hard,Test Learning Outcome 1,"Skillone,skilltwo",Elementary English Grammar and Composition Class 6,1
CBSE,Class 6,English,Elementary English Grammar and Composition ,ACTIVE AND PASSIVE VOICE,,,Fill in the blank (QPG),I am ___________ better today.,N/A,,,,,,Other,Hard,Test Learning Outcome 1,"Skillone,skilltwo",Elementary English Grammar and Composition Class 6,1
CBSE,Class 6,English,Elementary English Grammar and Composition ,ACTIVE AND PASSIVE VOICE,,,Fill in the blank (QPG),l am ___________ glad to see you.,N/A,,,,,,Other,Hard,Test Learning Outcome 1,"Skillone,skilltwo",Elementary English Grammar and Composition Class 6,1
CBSE,Class 6,English,Elementary English Grammar and Composition ,ACTIVE AND PASSIVE VOICE,,,Fill in the blank (QPG),She __________ comes here now.,N/A,,,,,,Other,Hard,Test Learning Outcome 1,"Skillone,skilltwo",Elementary English Grammar and Composition Class 6,1
CBSE,Class 6,English,Elementary English Grammar and Composition ,ACTIVE AND PASSIVE VOICE,,,Fill in the blank (QPG),She rose ___________ early.,N/A,,,,,,Other,Hard,Test Learning Outcome 1,"Skillone,skilltwo",Elementary English Grammar and Composition Class 6,1
CBSE,Class 6,English,Elementary English Grammar and Composition ,ACTIVE AND PASSIVE VOICE,,,Fill in the blank (QPG),The burglar crept __________.,N/A,,,,,,Other,Hard,Test Learning Outcome 1,"Skillone,skilltwo",Elementary English Grammar and Composition Class 6,1
CBSE,Class 6,English,Elementary English Grammar and Composition ,ACTIVE AND PASSIVE VOICE,,,Fill in the blank (QPG),The child has been _________ treated.,N/A,,,,,,Other,Hard,Test Learning Outcome 1,"Skillone,skilltwo",Elementary English Grammar and Composition Class 6,1
CBSE,Class 6,English,Elementary English Grammar and Composition ,ACTIVE AND PASSIVE VOICE,,,Fill in the blank (QPG),The children played ________ in the house.,N/A,,,,,,Other,Hard,Test Learning Outcome 1,"Skillone,skilltwo",Elementary English Grammar and Composition Class 6,1
CBSE,Class 6,English,Elementary English Grammar and Composition ,ACTIVE AND PASSIVE VOICE,,,Fill in the blank (QPG),The cup was ___________ full.,N/A,,,,,,Other,Hard,Test Learning Outcome 1,"Skillone,skilltwo",Elementary English Grammar and Composition Class 6,1
CBSE,Class 6,English,Elementary English Grammar and Composition ,ACTIVE AND PASSIVE VOICE,,,Fill in the blank (QPG),The sea was ____________ calm.,N/A,,,,,,Other,Hard,Test Learning Outcome 1,"Skillone,skilltwo",Elementary English Grammar and Composition Class 6,1
CBSE,Class 6,English,Elementary English Grammar and Composition ,ACTIVE AND PASSIVE VOICE,,,Fill in the blank (QPG),The Sikhs fought _________.,N/A,,,,,,Other,Hard,Test Learning Outcome 1,"Skillone,skilltwo",Elementary English Grammar and Composition Class 6,1
CBSE,Class 6,English,Elementary English Grammar and Composition ,ACTIVE AND PASSIVE VOICE,,,Fill in the blank (QPG),Tortoises walk very __________ .,N/A,,,,,,Other,Hard,Test Learning Outcome 1,"Skillone,skilltwo",Elementary English Grammar and Composition Class 6,1
CBSE,Class 6,English,Elementary English Grammar and Composition ,ACTIVE AND PASSIVE VOICE,,,Fill in the blank (QPG),You are ___________ right.,N/A,,,,,,Other,Hard,Test Learning Outcome 1,"Skillone,skilltwo",Elementary English Grammar and Composition Class 6,1
CBSE,Class 6,English,Elementary English Grammar and Composition ,AGREEMENT OF THE VERB WITH THE SUBJECT,,,Fill in the blank (QPG),Bread and butter __________________ a wholesome food.,N/A,,,,,,Other,Hard,Test Learning Outcome 1,"Skillone,skilltwo",Elementary English Grammar and Composition Class 6,1
CBSE,Class 6,English,Elementary English Grammar and Composition ,AGREEMENT OF THE VERB WITH THE SUBJECT,,,Fill in the blank (QPG),Each of these boys __________________ passed.,N/A,,,,,,Other,Hard,Test Learning Outcome 1,"Skillone,skilltwo",Elementary English Grammar and Composition Class 6,1
CBSE,Class 6,English,Elementary English Grammar and Composition ,AGREEMENT OF THE VERB WITH THE SUBJECT,,,Fill in the blank (QPG),Good news __________________ always welcome.,N/A,,,,,,Other,Hard,Test Learning Outcome 1,"Skillone,skilltwo",Elementary English Grammar and Composition Class 6,1
CBSE,Class 6,English,Elementary English Grammar and Composition ,AGREEMENT OF THE VERB WITH THE SUBJECT,,,Fill in the blank (QPG),Mathematics __________________ a difficult subject.,N/A,,,,,,Other,Hard,Test Learning Outcome 1,"Skillone,skilltwo",Elementary English Grammar and Composition Class 6,1
CBSE,Class 6,English,Elementary English Grammar and Composition ,AGREEMENT OF THE VERB WITH THE SUBJECT,,,Fill in the blank (QPG),Neither of us __________________ there.,N/A,,,,,,Other,Hard,Test Learning Outcome 1,"Skillone,skilltwo",Elementary English Grammar and Composition Class 6,1
CBSE,Class 6,English,Elementary English Grammar and Composition ,AGREEMENT OF THE VERB WITH THE SUBJECT,,,Fill in the blank (QPG),Neither you nor I __________________ to be blame.,N/A,,,,,,Other,Hard,Test Learning Outcome 1,"Skillone,skilltwo",Elementary English Grammar and Composition Class 6,1
CBSE,Class 6,English,Elementary English Grammar and Composition ,AGREEMENT OF THE VERB WITH THE SUBJECT,,,Fill in the blank (QPG),None of these boys __________________ passed.,N/A,,,,,,Other,Hard,Test Learning Outcome 1,"Skillone,skilltwo",Elementary English Grammar and Composition Class 6,1
CBSE,Class 6,English,Elementary English Grammar and Composition ,AGREEMENT OF THE VERB WITH THE SUBJECT,,,Fill in the blank (QPG),Not one of you __________________ done his work properly.,N/A,,,,,,Other,Hard,Test Learning Outcome 1,"Skillone,skilltwo",Elementary English Grammar and Composition Class 6,1
CBSE,Class 6,English,Elementary English Grammar and Composition ,AGREEMENT OF THE VERB WITH THE SUBJECT,,,Fill in the blank (QPG),"The boy, as well as his father, __________________ present.",N/A,,,,,,Other,Hard,Test Learning Outcome 1,"Skillone,skilltwo",Elementary English Grammar and Composition Class 6,1
CBSE,Class 6,English,Elementary English Grammar and Composition ,AGREEMENT OF THE VERB WITH THE SUBJECT,,,Fill in the blank (QPG),The quality of these apples __________________ not good.,N/A,,,,,,Other,Hard,Test Learning Outcome 1,"Skillone,skilltwo",Elementary English Grammar and Composition Class 6,1
CBSE,Class 6,English,Elementary English Grammar and Composition ,COMPARISON OF ADJECTIVES,,,Fill in the blank (QPG),He is the ____________ boy in the class. (1. lazy 2. lazier 3. laziest.),N/A,,,,,,Other,Hard,Test Learning Outcome 1,"Skillone,skilltwo",Elementary English Grammar and Composition Class 6,1
CBSE,Class 6,English,Elementary English Grammar and Composition ,COMPARISON OF ADJECTIVES,,,Fill in the blank (QPG),Make ____________ noise. (1. little 2. less 3. least.),N/A,,,,,,Other,Hard,Test Learning Outcome 1,"Skillone,skilltwo",Elementary English Grammar and Composition Class 6,1
CBSE,Class 6,English,Elementary English Grammar and Composition ,COMPARISON OF ADJECTIVES,,,Fill in the blank (QPG),Prevention is ____________ than cure. (1. good 2. better 3. best.),N/A,,,,,,Other,Hard,Test Learning Outcome 1,"Skillone,skilltwo",Elementary English Grammar and Composition Class 6,1
CBSE,Class 6,English,Elementary English Grammar and Composition ,COMPARISON OF ADJECTIVES,,,Fill in the blank (QPG),Things are now ____________ here than before. (1. bad 2. worse 3. worst.),N/A,,,,,,Other,Hard,Test Learning Outcome 1,"Skillone,skilltwo",Elementary English Grammar and Composition Class 6,1
CBSE,Class 6,English,Elementary English Grammar and Composition ,COMPARISON OF ADJECTIVES,,,Fill in the blank (QPG),What is the ____________ price you can take ? (1. little 2. less 3. least.),N/A,,,,,,Other,Hard,Test Learning Outcome 1,"Skillone,skilltwo",Elementary English Grammar and Composition Class 6,1
CBSE,Class 6,English,Elementary English Grammar and Composition ,COMPARISON OF ADVERBS,,,Fill in the blank (QPG),"Gill arrived ______________ , Simran came ______________ but Mary arrived the
______________. (late)",N/A,,,,,,Other,Hard,Test Learning Outcome 1,"Skillone,skilltwo",Elementary English Grammar and Composition Class 6,1
CBSE,Class 6,English,Elementary English Grammar and Composition ,COMPARISON OF ADVERBS,,,Fill in the blank (QPG),"He eats much, his bothers eat ______________ and the one that eats ______________
is their old grandfather. (much)",N/A,,,,,,Other,Hard,Test Learning Outcome 1,"Skillone,skilltwo",Elementary English Grammar and Composition Class 6,1
CBSE,Class 6,English,Elementary English Grammar and Composition ,COMPARISON OF ADVERBS,,,Fill in the blank (QPG),"He was nervous but he became ______________ when he came close to the house.
(confident)",N/A,,,,,,Other,Hard,Test Learning Outcome 1,"Skillone,skilltwo",Elementary English Grammar and Composition Class 6,1
CBSE,Class 6,English,Elementary English Grammar and Composition ,COMPARISON OF ADVERBS,,,Fill in the blank (QPG),"My neighbour speaks good English, but his wife speaks ______________ than he does
and of course their daughter speaks ______________ (good) English in the family.",N/A,,,,,,Other,Hard,Test Learning Outcome 1,"Skillone,skilltwo",Elementary English Grammar and Composition Class 6,1
CBSE,Class 6,English,Elementary English Grammar and Composition ,COMPARISON OF ADVERBS,,,Fill in the blank (QPG),A bike goes ______________ but a plane goes the ______________. (fast),N/A,,,,,,Other,Hard,Test Learning Outcome 1,"Skillone,skilltwo",Elementary English Grammar and Composition Class 6,1
CBSE,Class 6,English,Elementary English Grammar and Composition ,COMPARISON OF ADVERBS,,,Fill in the blank (QPG),Can you tell me who danced the ______________ in the competition? (good),N/A,,,,,,Other,Hard,Test Learning Outcome 1,"Skillone,skilltwo",Elementary English Grammar and Composition Class 6,1
CBSE,Class 6,English,Elementary English Grammar and Composition ,COMPARISON OF ADVERBS,,,Fill in the blank (QPG),Harita came ______________ (early) than Sunita.,N/A,,,,,,Other,Hard,Test Learning Outcome 1,"Skillone,skilltwo",Elementary English Grammar and Composition Class 6,1
CBSE,Class 6,English,Elementary English Grammar and Composition ,COMPARISON OF ADVERBS,,,Fill in the blank (QPG),He came ______________ than everyone in the party and gave no explanation. (late),N/A,,,,,,Other,Hard,Test Learning Outcome 1,"Skillone,skilltwo",Elementary English Grammar and Composition Class 6,1
CBSE,Class 6,English,Elementary English Grammar and Composition ,COMPARISON OF ADVERBS,,,Fill in the blank (QPG),He walked ___________________ today than he did yesterday. (slow),N/A,,,,,,Other,Hard,Test Learning Outcome 1,"Skillone,skilltwo",Elementary English Grammar and Composition Class 6,1
CBSE,Class 6,English,Elementary English Grammar and Composition ,COMPARISON OF ADVERBS,,,Fill in the blank (QPG),I did the test ______________ (bad) but my friend did ______________ than I did.,N/A,,,,,,Other,Hard,Test Learning Outcome 1,"Skillone,skilltwo",Elementary English Grammar and Composition Class 6,1
CBSE,Class 6,English,Elementary English Grammar and Composition ,COMPARISON OF ADVERBS,,,Fill in the blank (QPG),I enjoy Maths lessons ______________ than I used to. (much),N/A,,,,,,Other,Hard,Test Learning Outcome 1,"Skillone,skilltwo",Elementary English Grammar and Composition Class 6,1
CBSE,Class 6,English,Elementary English Grammar and Composition ,COMPARISON OF ADVERBS,,,Fill in the blank (QPG),I like Geography the ______________ of all my subjects in class. (little),N/A,,,,,,Other,Hard,Test Learning Outcome 1,"Skillone,skilltwo",Elementary English Grammar and Composition Class 6,1
CBSE,Class 6,English,Elementary English Grammar and Composition ,COMPARISON OF ADVERBS,,,Fill in the blank (QPG),Irfan Pathan bowled ______________ than any other bowler in the match. (fast),N/A,,,,,,Other,Hard,Test Learning Outcome 1,"Skillone,skilltwo",Elementary English Grammar and Composition Class 6,1
CBSE,Class 6,English,Elementary English Grammar and Composition ,COMPARISON OF ADVERBS,,,Fill in the blank (QPG),Light travels more quickly than sound. (quick),N/A,,,,,,Other,Hard,Test Learning Outcome 1,"Skillone,skilltwo",Elementary English Grammar and Composition Class 6,1
CBSE,Class 6,English,Elementary English Grammar and Composition ,COMPARISON OF ADVERBS,,,Fill in the blank (QPG),Rafi sang ______________ but Raja sang ______________. (well),N/A,,,,,,Other,Hard,Test Learning Outcome 1,"Skillone,skilltwo",Elementary English Grammar and Composition Class 6,1
CBSE,Class 6,English,Elementary English Grammar and Composition ,COMPARISON OF ADVERBS,,,Fill in the blank (QPG),Rahim made carpets skilfully but his sons worked ______________. (skilful),N/A,,,,,,Other,Hard,Test Learning Outcome 1,"Skillone,skilltwo",Elementary English Grammar and Composition Class 6,1
CBSE,Class 6,English,Elementary English Grammar and Composition ,COMPARISON OF ADVERBS,,,Fill in the blank (QPG),The lark sings ______________ than the thrush. (beautiful),N/A,,,,,,Other,Hard,Test Learning Outcome 1,"Skillone,skilltwo",Elementary English Grammar and Composition Class 6,1
CBSE,Class 6,English,Elementary English Grammar and Composition ,COMPARISON OF ADVERBS,,,Fill in the blank (QPG),The lion ran ______________ than the mouse and caught it. (fast),N/A,,,,,,Other,Hard,Test Learning Outcome 1,"Skillone,skilltwo",Elementary English Grammar and Composition Class 6,1
CBSE,Class 6,English,Elementary English Grammar and Composition ,COMPARISON OF ADVERBS,,,Fill in the blank (QPG),Who wrote this ___________________ essay? (imaginative),N/A,,,,,,Other,Hard,Test Learning Outcome 1,"Skillone,skilltwo",Elementary English Grammar and Composition Class 6,1
CBSE,Class 6,English,Elementary English Grammar and Composition ,COMPARISON OF ADVERBS,,,Fill in the blank (QPG),You will find that you can speak English ______________ than others. (well),N/A,,,,,,Other,Hard,Test Learning Outcome 1,"Skillone,skilltwo",Elementary English Grammar and Composition Class 6,1
CBSE,Class 6,English,Elementary English Grammar and Composition ,CONJUNCTIONS : KINDS OF CONJUNCTIONS,,,Fill in the blank (QPG),"__________ he made many attempts, he could not scale Mt. Everest.",N/A,,,,,,Other,Hard,Test Learning Outcome 1,"Skillone,skilltwo",Elementary English Grammar and Composition Class 6,1
CBSE,Class 6,English,Elementary English Grammar and Composition ,CONJUNCTIONS : KINDS OF CONJUNCTIONS,,,Fill in the blank (QPG),__________ you are so ill you must take long leave.,N/A,,,,,,Other,Hard,Test Learning Outcome 1,"Skillone,skilltwo",Elementary English Grammar and Composition Class 6,1
CBSE,Class 6,English,Elementary English Grammar and Composition ,CONJUNCTIONS : KINDS OF CONJUNCTIONS,,,Fill in the blank (QPG),___________ it was late we decided to take rest.,N/A,,,,,,Other,Hard,Test Learning Outcome 1,"Skillone,skilltwo",Elementary English Grammar and Composition Class 6,1
CBSE,Class 6,English,Elementary English Grammar and Composition ,CONJUNCTIONS : KINDS OF CONJUNCTIONS,,,Fill in the blank (QPG),He has become old ___________ I saw him two years ago.,N/A,,,,,,Other,Hard,Test Learning Outcome 1,"Skillone,skilltwo",Elementary English Grammar and Composition Class 6,1
CBSE,Class 6,English,Elementary English Grammar and Composition ,CONJUNCTIONS : KINDS OF CONJUNCTIONS,,,Fill in the blank (QPG),He is very sharp __________ most of the time he looks lost in thoughts.,N/A,,,,,,Other,Hard,Test Learning Outcome 1,"Skillone,skilltwo",Elementary English Grammar and Composition Class 6,1
CBSE,Class 6,English,Elementary English Grammar and Composition ,CONJUNCTIONS : KINDS OF CONJUNCTIONS,,,Fill in the blank (QPG),He started quarrelling with his friends _______________ he met them.,N/A,,,,,,Other,Hard,Test Learning Outcome 1,"Skillone,skilltwo",Elementary English Grammar and Composition Class 6,1
CBSE,Class 6,English,Elementary English Grammar and Composition ,CONJUNCTIONS : KINDS OF CONJUNCTIONS,,,Fill in the blank (QPG),I slept immediately ___________ I was tired.,N/A,,,,,,Other,Hard,Test Learning Outcome 1,"Skillone,skilltwo",Elementary English Grammar and Composition Class 6,1
CBSE,Class 6,English,Elementary English Grammar and Composition ,CONJUNCTIONS : KINDS OF CONJUNCTIONS,,,Fill in the blank (QPG),I will not pardon him __________ he apologises.,N/A,,,,,,Other,Hard,Test Learning Outcome 1,"Skillone,skilltwo",Elementary English Grammar and Composition Class 6,1
CBSE,Class 6,English,Elementary English Grammar and Composition ,CONJUNCTIONS : KINDS OF CONJUNCTIONS,,,Fill in the blank (QPG),It is a lovely night ___________ there is a full moon.,N/A,,,,,,Other,Hard,Test Learning Outcome 1,"Skillone,skilltwo",Elementary English Grammar and Composition Class 6,1
CBSE,Class 6,English,Elementary English Grammar and Composition ,CONJUNCTIONS : KINDS OF CONJUNCTIONS,,,Fill in the blank (QPG),The ant tried again and again __________ it could not climb the wall.,N/A,,,,,,Other,Hard,Test Learning Outcome 1,"Skillone,skilltwo",Elementary English Grammar and Composition Class 6,1
CBSE,Class 6,English,Elementary English Grammar and Composition ,CONJUNCTIONS : KINDS OF CONJUNCTIONS,,,Fill in the blank (QPG),They rested ___________ they resumed their journey.,N/A,,,,,,Other,Hard,Test Learning Outcome 1,"Skillone,skilltwo",Elementary English Grammar and Composition Class 6,1
CBSE,Class 6,English,Elementary English Grammar and Composition ,CONJUNCTIONS : KINDS OF CONJUNCTIONS,,,Fill in the blank (QPG),You cannot leave ___________ I tell you to do so.,N/A,,,,,,Other,Hard,Test Learning Outcome 1,"Skillone,skilltwo",Elementary English Grammar and Composition Class 6,1
CBSE,Class 6,English,Elementary English Grammar and Composition ,INTERJECTIONS,,,Fill in the blank (QPG),He is true __________ his word.,N/A,,,,,,Other,Hard,Test Learning Outcome 1,"Skillone,skilltwo",Elementary English Grammar and Composition Class 6,1
CBSE,Class 6,English,Elementary English Grammar and Composition ,INTERJECTIONS,,,Fill in the blank (QPG),He succeeded __________ passing the examination.,N/A,,,,,,Other,Hard,Test Learning Outcome 1,"Skillone,skilltwo",Elementary English Grammar and Composition Class 6,1
CBSE,Class 6,English,Elementary English Grammar and Composition ,INTERJECTIONS,,,Fill in the blank (QPG),I shall do it __________ pleasure.,N/A,,,,,,Other,Hard,Test Learning Outcome 1,"Skillone,skilltwo",Elementary English Grammar and Composition Class 6,1
CBSE,Class 6,English,Elementary English Grammar and Composition ,INTERJECTIONS,,,Fill in the blank (QPG),It does not belong __________ my family.,N/A,,,,,,Other,Hard,Test Learning Outcome 1,"Skillone,skilltwo",Elementary English Grammar and Composition Class 6,1
CBSE,Class 6,English,Elementary English Grammar and Composition ,INTERJECTIONS,,,Fill in the blank (QPG),John has been writing letters __________ morning.,N/A,,,,,,Other,Hard,Test Learning Outcome 1,"Skillone,skilltwo",Elementary English Grammar and Composition Class 6,1
CBSE,Class 6,English,Elementary English Grammar and Composition ,INTERJECTIONS,,,Fill in the blank (QPG),She comes __________ her whole family to every party.,N/A,,,,,,Other,Hard,Test Learning Outcome 1,"Skillone,skilltwo",Elementary English Grammar and Composition Class 6,1
CBSE,Class 6,English,Elementary English Grammar and Composition ,INTERJECTIONS,,,Fill in the blank (QPG),She is dependent __________ her parents.,N/A,,,,,,Other,Hard,Test Learning Outcome 1,"Skillone,skilltwo",Elementary English Grammar and Composition Class 6,1
CBSE,Class 6,English,Elementary English Grammar and Composition ,INTERJECTIONS,,,Fill in the blank (QPG),They walked __________ the classroom.,N/A,,,,,,Other,Hard,Test Learning Outcome 1,"Skillone,skilltwo",Elementary English Grammar and Composition Class 6,1
CBSE,Class 6,English,Elementary English Grammar and Composition ,MORE ABOUT PREPOSITIONS,,,Fill in the blank (QPG),"_____________ advising, he gave us money.",N/A,,,,,,Other,Hard,Test Learning Outcome 1,"Skillone,skilltwo",Elementary English Grammar and Composition Class 6,1
CBSE,Class 6,English,Elementary English Grammar and Composition ,MORE ABOUT PREPOSITIONS,,,Fill in the blank (QPG),Distribute the mangoes _____________ the students.,N/A,,,,,,Other,Hard,Test Learning Outcome 1,"Skillone,skilltwo",Elementary English Grammar and Composition Class 6,1
CBSE,Class 6,English,Elementary English Grammar and Composition ,MORE ABOUT PREPOSITIONS,,,Fill in the blank (QPG),He has been living here _____________ a long time.,N/A,,,,,,Other,Hard,Test Learning Outcome 1,"Skillone,skilltwo",Elementary English Grammar and Composition Class 6,1
CBSE,Class 6,English,Elementary English Grammar and Composition ,MORE ABOUT PREPOSITIONS,,,Fill in the blank (QPG),He sat _____________ the chair and started writing a letter _____________ his sister.,N/A,,,,,,Other,Hard,Test Learning Outcome 1,"Skillone,skilltwo",Elementary English Grammar and Composition Class 6,1
CBSE,Class 6,English,Elementary English Grammar and Composition ,MORE ABOUT PREPOSITIONS,,,Fill in the blank (QPG),I am sorry to differ _____________ you _____________ that question.,N/A,,,,,,Other,Hard,Test Learning Outcome 1,"Skillone,skilltwo",Elementary English Grammar and Composition Class 6,1
CBSE,Class 6,English,Elementary English Grammar and Composition ,MORE ABOUT PREPOSITIONS,,,Fill in the blank (QPG),I prefer walking _____________ cycling.,N/A,,,,,,Other,Hard,Test Learning Outcome 1,"Skillone,skilltwo",Elementary English Grammar and Composition Class 6,1
CBSE,Class 6,English,Elementary English Grammar and Composition ,MORE ABOUT PREPOSITIONS,,,Fill in the blank (QPG),It has been raining _____________ yesterday.,N/A,,,,,,Other,Hard,Test Learning Outcome 1,"Skillone,skilltwo",Elementary English Grammar and Composition Class 6,1
CBSE,Class 6,English,Elementary English Grammar and Composition ,MORE ABOUT PREPOSITIONS,,,Fill in the blank (QPG),Open your book _____________ page ten.,N/A,,,,,,Other,Hard,Test Learning Outcome 1,"Skillone,skilltwo",Elementary English Grammar and Composition Class 6,1
CBSE,Class 6,English,Elementary English Grammar and Composition ,MORE ABOUT PREPOSITIONS,,,Fill in the blank (QPG),"Please do not lean _____________ this glass table, it will break.",N/A,,,,,,Other,Hard,Test Learning Outcome 1,"Skillone,skilltwo",Elementary English Grammar and Composition Class 6,1
CBSE,Class 6,English,Elementary English Grammar and Composition ,MORE ABOUT PREPOSITIONS,,,Fill in the blank (QPG),She was very fond _____________ reading novels.,N/A,,,,,,Other,Hard,Test Learning Outcome 1,"Skillone,skilltwo",Elementary English Grammar and Composition Class 6,1
CBSE,Class 6,English,Elementary English Grammar and Composition ,MORE ABOUT PREPOSITIONS,,,Fill in the blank (QPG),The bee come in _____________ the open window.,N/A,,,,,,Other,Hard,Test Learning Outcome 1,"Skillone,skilltwo",Elementary English Grammar and Composition Class 6,1
CBSE,Class 6,English,Elementary English Grammar and Composition ,MORE ABOUT PREPOSITIONS,,,Fill in the blank (QPG),The book shop is _____________ the supermarket.,N/A,,,,,,Other,Hard,Test Learning Outcome 1,"Skillone,skilltwo",Elementary English Grammar and Composition Class 6,1
CBSE,Class 6,English,Elementary English Grammar and Composition ,MORE ABOUT PREPOSITIONS,,,Fill in the blank (QPG),The live telecast of the IPL match will start _____________ 1.30 p.m.,N/A,,,,,,Other,Hard,Test Learning Outcome 1,"Skillone,skilltwo",Elementary English Grammar and Composition Class 6,1
CBSE,Class 6,English,Elementary English Grammar and Composition ,MORE ABOUT PREPOSITIONS,,,Fill in the blank (QPG),The Shatabdi Express leaves _____________ 12 Noon for Mumbai.,N/A,,,,,,Other,Hard,Test Learning Outcome 1,"Skillone,skilltwo",Elementary English Grammar and Composition Class 6,1
CBSE,Class 6,English,Elementary English Grammar and Composition ,MORE ABOUT PREPOSITIONS,,,Fill in the blank (QPG),The soldiers marched _____________ the house.,N/A,,,,,,Other,Hard,Test Learning Outcome 1,"Skillone,skilltwo",Elementary English Grammar and Composition Class 6,1
CBSE,Class 6,English,Elementary English Grammar and Composition ,MORE ABOUT PREPOSITIONS,,,Fill in the blank (QPG),There is an interesting article _____________ page twelve.,N/A,,,,,,Other,Hard,Test Learning Outcome 1,"Skillone,skilltwo",Elementary English Grammar and Composition Class 6,1
CBSE,Class 6,English,Elementary English Grammar and Composition ,MORE ABOUT PREPOSITIONS,,,Fill in the blank (QPG),We have some friends staying with us _____________ the weekend.,N/A,,,,,,Other,Hard,Test Learning Outcome 1,"Skillone,skilltwo",Elementary English Grammar and Composition Class 6,1
CBSE,Class 6,English,Elementary English Grammar and Composition ,MORE ABOUT PREPOSITIONS,,,Fill in the blank (QPG),Who were you talking _____________ just now?,N/A,,,,,,Other,Hard,Test Learning Outcome 1,"Skillone,skilltwo",Elementary English Grammar and Composition Class 6,1
CBSE,Class 6,English,Elementary English Grammar and Composition ,MORE ABOUT PREPOSITIONS,,,Fill in the blank (QPG),You can see the doctor _____________ two and four in the afternoon.,N/A,,,,,,Other,Hard,Test Learning Outcome 1,"Skillone,skilltwo",Elementary English Grammar and Composition Class 6,1
CBSE,Class 6,English,Elementary English Grammar and Composition ,MORE ABOUT PREPOSITIONS,,,Fill in the blank (QPG),You can watch T.V. _____________ 11 p.m. and then you must go to bed.,N/A,,,,,,Other,Hard,Test Learning Outcome 1,"Skillone,skilltwo",Elementary English Grammar and Composition Class 6,1
CBSE,Class 6,English,Elementary English Grammar and Composition ,NOUNS : CASE,,,Short Answer Questions (QPG),He hit Tom. _____________________,N/A,,,,,,Other,Hard,Test Learning Outcome 1,"Skillone,skilltwo",Elementary English Grammar and Composition Class 6,1
CBSE,Class 6,English,Elementary English Grammar and Composition ,NOUNS : CASE,,,Short Answer Questions (QPG),He saw her. _____________________,N/A,,,,,,Other,Hard,Test Learning Outcome 1,"Skillone,skilltwo",Elementary English Grammar and Composition Class 6,1
CBSE,Class 6,English,Elementary English Grammar and Composition ,NOUNS : CASE,,,Short Answer Questions (QPG),I shall speak after Smith. _____________________,N/A,,,,,,Other,Hard,Test Learning Outcome 1,"Skillone,skilltwo",Elementary English Grammar and Composition Class 6,1
CBSE,Class 6,English,Elementary English Grammar and Composition ,NOUNS : CASE,,,Short Answer Questions (QPG),Mary is in the room. _____________________,N/A,,,,,,Other,Hard,Test Learning Outcome 1,"Skillone,skilltwo",Elementary English Grammar and Composition Class 6,1
CBSE,Class 6,English,Elementary English Grammar and Composition ,NOUNS : CASE,,,Short Answer Questions (QPG),She saw him. _____________________,N/A,,,,,,Other,Hard,Test Learning Outcome 1,"Skillone,skilltwo",Elementary English Grammar and Composition Class 6,1
CBSE,Class 6,English,Elementary English Grammar and Composition ,NOUNS : CASE,,,Short Answer Questions (QPG),The book is on the desk. _____________________,N/A,,,,,,Other,Hard,Test Learning Outcome 1,"Skillone,skilltwo",Elementary English Grammar and Composition Class 6,1
CBSE,Class 6,English,Elementary English Grammar and Composition ,NOUNS : CASE,,,Short Answer Questions (QPG),The cow gives milk. _____________________,N/A,,,,,,Other,Hard,Test Learning Outcome 1,"Skillone,skilltwo",Elementary English Grammar and Composition Class 6,1
CBSE,Class 6,English,Elementary English Grammar and Composition ,NOUNS : CASE,,,Short Answer Questions (QPG),The policeman arrested the thief. _____________________,N/A,,,,,,Other,Hard,Test Learning Outcome 1,"Skillone,skilltwo",Elementary English Grammar and Composition Class 6,1
CBSE,Class 6,English,Elementary English Grammar and Composition ,NOUNS : CASE,,,Short Answer Questions (QPG),The river flows into the sea. _____________________,N/A,,,,,,Other,Hard,Test Learning Outcome 1,"Skillone,skilltwo",Elementary English Grammar and Composition Class 6,1
CBSE,Class 6,English,Elementary English Grammar and Composition ,NOUNS : GENDER,,,Short Answer Questions (QPG),"The bridegroom was an young man very fashionably
dressed.",N/A,,,,,,Other,Hard,Test Learning Outcome 1,"Skillone,skilltwo",Elementary English Grammar and Composition Class 6,1
CBSE,Class 6,English,Elementary English Grammar and Composition ,NOUNS : GENDER,,,Short Answer Questions (QPG),"The king gave the shepherd a prize because he had saved
the life of his son.",N/A,,,,,,Other,Hard,Test Learning Outcome 1,"Skillone,skilltwo",Elementary English Grammar and Composition Class 6,1
CBSE,Class 6,English,Elementary English Grammar and Composition ,NOUNS : GENDER,,,Short Answer Questions (QPG),"The prince took pity on the poor man. He brought him to
his palace.",N/A,,,,,,Other,Hard,Test Learning Outcome 1,"Skillone,skilltwo",Elementary English Grammar and Composition Class 6,1
CBSE,Class 6,English,Elementary English Grammar and Composition ,NOUNS : GENDER,,,Short Answer Questions (QPG),His nephews and brothers came to see him.,N/A,,,,,,Other,Hard,Test Learning Outcome 1,"Skillone,skilltwo",Elementary English Grammar and Composition Class 6,1
CBSE,Class 6,English,Elementary English Grammar and Composition ,NOUNS : GENDER,,,Short Answer Questions (QPG),"Papa, a gentleman has come to meet you.",N/A,,,,,,Other,Hard,Test Learning Outcome 1,"Skillone,skilltwo",Elementary English Grammar and Composition Class 6,1
CBSE,Class 6,English,Elementary English Grammar and Composition ,NOUNS : GENDER,,,Short Answer Questions (QPG),That man is the father of six sons.,N/A,,,,,,Other,Hard,Test Learning Outcome 1,"Skillone,skilltwo",Elementary English Grammar and Composition Class 6,1
CBSE,Class 6,English,Elementary English Grammar and Composition ,NOUNS : GENDER,,,Short Answer Questions (QPG),The father loved his youngest son and left all his money to him.,N/A,,,,,,Other,Hard,Test Learning Outcome 1,"Skillone,skilltwo",Elementary English Grammar and Composition Class 6,1
CBSE,Class 6,English,Elementary English Grammar and Composition ,NOUNS : GENDER,,,Short Answer Questions (QPG),"The hero is a poet, prophet, and a priest.",N/A,,,,,,Other,Hard,Test Learning Outcome 1,"Skillone,skilltwo",Elementary English Grammar and Composition Class 6,1
CBSE,Class 6,English,Elementary English Grammar and Composition ,NOUNS : GENDER,,,Short Answer Questions (QPG),The king gave the wizard a prize.,N/A,,,,,,Other,Hard,Test Learning Outcome 1,"Skillone,skilltwo",Elementary English Grammar and Composition Class 6,1
CBSE,Class 6,English,Elementary English Grammar and Composition ,NOUNS : GENDER,,,Short Answer Questions (QPG),The king went to the dining hall to eat his dinner.,N/A,,,,,,Other,Hard,Test Learning Outcome 1,"Skillone,skilltwo",Elementary English Grammar and Composition Class 6,1
CBSE,Class 6,English,Elementary English Grammar and Composition ,NOUNS : GENDER,,,Short Answer Questions (QPG),The lion carried away the son of a washerman.,N/A,,,,,,Other,Hard,Test Learning Outcome 1,"Skillone,skilltwo",Elementary English Grammar and Composition Class 6,1
CBSE,Class 6,English,Elementary English Grammar and Composition ,NOUNS : GENDER,,,Short Answer Questions (QPG),The monk lived in a monastery and he never talked to any person for years.,N/A,,,,,,Other,Hard,Test Learning Outcome 1,"Skillone,skilltwo",Elementary English Grammar and Composition Class 6,1
CBSE,Class 6,English,Elementary English Grammar and Composition ,NOUNS : GENDER,,,Short Answer Questions (QPG),The prince punished the actor who was a traitor.,N/A,,,,,,Other,Hard,Test Learning Outcome 1,"Skillone,skilltwo",Elementary English Grammar and Composition Class 6,1
CBSE,Class 6,English,Elementary English Grammar and Composition ,NOUNS : GENDER,,,Short Answer Questions (QPG),The Prince rode as fast as he could to reach the fort in time.,N/A,,,,,,Other,Hard,Test Learning Outcome 1,"Skillone,skilltwo",Elementary English Grammar and Composition Class 6,1
CBSE,Class 6,English,Elementary English Grammar and Composition ,NOUNS : GENDER,,,Short Answer Questions (QPG),The tiger sprang at the throat of the hunter.,N/A,,,,,,Other,Hard,Test Learning Outcome 1,"Skillone,skilltwo",Elementary English Grammar and Composition Class 6,1
CBSE,Class 6,English,Elementary English Grammar and Composition ,NOUNS : KINDS OF NOUNS,,,Fill in the blank (QPG),A slave knows no _______________ . (free),N/A,,,,,,Other,Hard,Test Learning Outcome 1,"Skillone,skilltwo",Elementary English Grammar and Composition Class 6,1
CBSE,Class 6,English,Elementary English Grammar and Composition ,NOUNS : KINDS OF NOUNS,,,Fill in the blank (QPG),Always speak the ___________________ . (true),N/A,,,,,,Other,Hard,Test Learning Outcome 1,"Skillone,skilltwo",Elementary English Grammar and Composition Class 6,1
CBSE,Class 6,English,Elementary English Grammar and Composition ,NOUNS : KINDS OF NOUNS,,,Fill in the blank (QPG),I believe in her ________________ . (innocent),N/A,,,,,,Other,Hard,Test Learning Outcome 1,"Skillone,skilltwo",Elementary English Grammar and Composition Class 6,1
CBSE,Class 6,English,Elementary English Grammar and Composition ,NOUNS : KINDS OF NOUNS,,,Fill in the blank (QPG),I often think of the happy days of my . (child),N/A,,,,,,Other,Hard,Test Learning Outcome 1,"Skillone,skilltwo",Elementary English Grammar and Composition Class 6,1
CBSE,Class 6,English,Elementary English Grammar and Composition ,NOUNS : KINDS OF NOUNS,,,Fill in the blank (QPG),She accepted our ___________________ . (invite),N/A,,,,,,Other,Hard,Test Learning Outcome 1,"Skillone,skilltwo",Elementary English Grammar and Composition Class 6,1
CBSE,Class 6,English,Elementary English Grammar and Composition ,NOUNS : KINDS OF NOUNS,,,Fill in the blank (QPG),Solomon was famous for his ___________________ . (wise,N/A,,,,,,Other,Hard,Test Learning Outcome 1,"Skillone,skilltwo",Elementary English Grammar and Composition Class 6,1
CBSE,Class 6,English,Elementary English Grammar and Composition ,NOUNS : KINDS OF NOUNS,,,Fill in the blank (QPG),The elephant has great ______________________ (strong),N/A,,,,,,Other,Hard,Test Learning Outcome 1,"Skillone,skilltwo",Elementary English Grammar and Composition Class 6,1
CBSE,Class 6,English,Elementary English Grammar and Composition ,NOUNS : KINDS OF NOUNS,,,Fill in the blank (QPG),The Headmaster gave him _________________ for telling a lie. (punish],N/A,,,,,,Other,Hard,Test Learning Outcome 1,"Skillone,skilltwo",Elementary English Grammar and Composition Class 6,1
CBSE,Class 6,English,Elementary English Grammar and Composition ,NOUNS : KINDS OF NOUNS,,,Fill in the blank (QPG),We all love __________________ . (honest),N/A,,,,,,Other,Hard,Test Learning Outcome 1,"Skillone,skilltwo",Elementary English Grammar and Composition Class 6,1
CBSE,Class 6,English,Elementary English Grammar and Composition ,NOUNS : KINDS OF NOUNS,,,Fill in the blank (QPG),Without health there is no ___________________ . (happy),N/A,,,,,,Other,Hard,Test Learning Outcome 1,"Skillone,skilltwo",Elementary English Grammar and Composition Class 6,1
CBSE,Class 6,English,Elementary English Grammar and Composition ,NOUNS : NUMBER,,,Fill in the blank (QPG),"(Is, are) ___________ your father and mother at
home.",N/A,,,,,,Other,Hard,Test Learning Outcome 1,"Skillone,skilltwo",Elementary English Grammar and Composition Class 6,1
CBSE,Class 6,English,Elementary English Grammar and Composition ,NOUNS : NUMBER,,,Fill in the blank (QPG),"A large number of people ___________ (was,
were) waiting for the Prime Minister.",N/A,,,,,,Other,Hard,Test Learning Outcome 1,"Skillone,skilltwo",Elementary English Grammar and Composition Class 6,1
CBSE,Class 6,English,Elementary English Grammar and Composition ,NOUNS : NUMBER,,,Fill in the blank (QPG),"All the members of the family _____________
(has, have) left.",N/A,,,,,,Other,Hard,Test Learning Outcome 1,"Skillone,skilltwo",Elementary English Grammar and Composition Class 6,1
CBSE,Class 6,English,Elementary English Grammar and Composition ,NOUNS : NUMBER,,,Fill in the blank (QPG),"He and I ___________ (was, were) playing
football.",N/A,,,,,,Other,Hard,Test Learning Outcome 1,"Skillone,skilltwo",Elementary English Grammar and Composition Class 6,1
CBSE,Class 6,English,Elementary English Grammar and Composition ,NOUNS : NUMBER,,,Fill in the blank (QPG),"Neither the cat nor the dog ___________ (has,
have) been here.",N/A,,,,,,Other,Hard,Test Learning Outcome 1,"Skillone,skilltwo",Elementary English Grammar and Composition Class 6,1
CBSE,Class 6,English,Elementary English Grammar and Composition ,NOUNS : NUMBER,,,Fill in the blank (QPG),"One of the boys ___________ (was/were)
punished.",N/A,,,,,,Other,Hard,Test Learning Outcome 1,"Skillone,skilltwo",Elementary English Grammar and Composition Class 6,1
CBSE,Class 6,English,Elementary English Grammar and Composition ,NOUNS : NUMBER,,,Fill in the blank (QPG),"The committee _____________ (is, are) divided
in its opinion.",N/A,,,,,,Other,Hard,Test Learning Outcome 1,"Skillone,skilltwo",Elementary English Grammar and Composition Class 6,1
CBSE,Class 6,English,Elementary English Grammar and Composition ,NOUNS : NUMBER,,,Fill in the blank (QPG),"The crowd _____________ (was, were) waiting
for the king.",N/A,,,,,,Other,Hard,Test Learning Outcome 1,"Skillone,skilltwo",Elementary English Grammar and Composition Class 6,1
CBSE,Class 6,English,Elementary English Grammar and Composition ,NOUNS : NUMBER,,,Fill in the blank (QPG),"The family _____________ (has, have) left the
house.",N/A,,,,,,Other,Hard,Test Learning Outcome 1,"Skillone,skilltwo",Elementary English Grammar and Composition Class 6,1
CBSE,Class 6,English,Elementary English Grammar and Composition ,NOUNS : NUMBER,,,Fill in the blank (QPG),"The members of the committee __________ (is,
are) quarrelling among themselves.",N/A,,,,,,Other,Hard,Test Learning Outcome 1,"Skillone,skilltwo",Elementary English Grammar and Composition Class 6,1
CBSE,Class 6,English,Elementary English Grammar and Composition ,NOUNS : NUMBER,,,Fill in the blank (QPG),"The people in the crowd _____________ (was,
were) pushing one another.",N/A,,,,,,Other,Hard,Test Learning Outcome 1,"Skillone,skilltwo",Elementary English Grammar and Composition Class 6,1
CBSE,Class 6,English,Elementary English Grammar and Composition ,NOUNS : NUMBER,,,Fill in the blank (QPG),"There _____________ (is, are) a class of students here.",N/A,,,,,,Other,Hard,Test Learning Outcome 1,"Skillone,skilltwo",Elementary English Grammar and Composition Class 6,1
CBSE,Class 6,English,Elementary English Grammar and Composition ,NOUNS : NUMBER,,,Fill in the blank (QPG),"There _____________ (is, are) a herd of cattle in
the field.",N/A,,,,,,Other,Hard,Test Learning Outcome 1,"Skillone,skilltwo",Elementary English Grammar and Composition Class 6,1
CBSE,Class 6,English,Elementary English Grammar and Composition ,NOUNS : NUMBER,,,Fill in the blank (QPG),"This flock of birds _____________ (is, are)
always seen in the morning.",N/A,,,,,,Other,Hard,Test Learning Outcome 1,"Skillone,skilltwo",Elementary English Grammar and Composition Class 6,1
CBSE,Class 6,English,Elementary English Grammar and Composition ,NOUNS : NUMBER,,,Fill in the blank (QPG),"The news ___________ (is, are) true.",N/A,,,,,,Other,Hard,Test Learning Outcome 1,"Skillone,skilltwo",Elementary English Grammar and Composition Class 6,1
CBSE,Class 6,English,Elementary English Grammar and Composition ,PREPOSITIONS,,,Fill in the blank (QPG),Be kind ___________ the poor.,N/A,,,,,,Other,Hard,Test Learning Outcome 1,"Skillone,skilltwo",Elementary English Grammar and Composition Class 6,1
CBSE,Class 6,English,Elementary English Grammar and Composition ,PREPOSITIONS,,,Fill in the blank (QPG),Beware ___________ mad dogs.,N/A,,,,,,Other,Hard,Test Learning Outcome 1,"Skillone,skilltwo",Elementary English Grammar and Composition Class 6,1
CBSE,Class 6,English,Elementary English Grammar and Composition ,PREPOSITIONS,,,Fill in the blank (QPG),Father is ___________ home.,N/A,,,,,,Other,Hard,Test Learning Outcome 1,"Skillone,skilltwo",Elementary English Grammar and Composition Class 6,1
CBSE,Class 6,English,Elementary English Grammar and Composition ,PREPOSITIONS,,,Fill in the blank (QPG),He died ___________ plague.,N/A,,,,,,Other,Hard,Test Learning Outcome 1,"Skillone,skilltwo",Elementary English Grammar and Composition Class 6,1
CBSE,Class 6,English,Elementary English Grammar and Composition ,PREPOSITIONS,,,Fill in the blank (QPG),He is famous ___________ his learning.,N/A,,,,,,Other,Hard,Test Learning Outcome 1,"Skillone,skilltwo",Elementary English Grammar and Composition Class 6,1
CBSE,Class 6,English,Elementary English Grammar and Composition ,PREPOSITIONS,,,Fill in the blank (QPG),He is married ___________ Rita.,N/A,,,,,,Other,Hard,Test Learning Outcome 1,"Skillone,skilltwo",Elementary English Grammar and Composition Class 6,1
CBSE,Class 6,English,Elementary English Grammar and Composition ,PREPOSITIONS,,,Fill in the blank (QPG),He is related ___________ me.,N/A,,,,,,Other,Hard,Test Learning Outcome 1,"Skillone,skilltwo",Elementary English Grammar and Composition Class 6,1
CBSE,Class 6,English,Elementary English Grammar and Composition ,PREPOSITIONS,,,Fill in the blank (QPG),Her face is familiar ___________ me.,N/A,,,,,,Other,Hard,Test Learning Outcome 1,"Skillone,skilltwo",Elementary English Grammar and Composition Class 6,1
CBSE,Class 6,English,Elementary English Grammar and Composition ,PREPOSITIONS,,,Fill in the blank (QPG),I agree ___________ you ___________ all points.,N/A,,,,,,Other,Hard,Test Learning Outcome 1,"Skillone,skilltwo",Elementary English Grammar and Composition Class 6,1
CBSE,Class 6,English,Elementary English Grammar and Composition ,PREPOSITIONS,,,Fill in the blank (QPG),I am not acquainted ___________ her.,N/A,,,,,,Other,Hard,Test Learning Outcome 1,"Skillone,skilltwo",Elementary English Grammar and Composition Class 6,1
CBSE,Class 6,English,Elementary English Grammar and Composition ,PREPOSITIONS,,,Fill in the blank (QPG),I am sorry ___________ my mistake.,N/A,,,,,,Other,Hard,Test Learning Outcome 1,"Skillone,skilltwo",Elementary English Grammar and Composition Class 6,1
CBSE,Class 6,English,Elementary English Grammar and Composition ,PREPOSITIONS,,,Fill in the blank (QPG),I congratulate you ___________ your success ___________ the examination.,N/A,,,,,,Other,Hard,Test Learning Outcome 1,"Skillone,skilltwo",Elementary English Grammar and Composition Class 6,1
CBSE,Class 6,English,Elementary English Grammar and Composition ,PREPOSITIONS,,,Fill in the blank (QPG),I have no taste ___________ music.,N/A,,,,,,Other,Hard,Test Learning Outcome 1,"Skillone,skilltwo",Elementary English Grammar and Composition Class 6,1
CBSE,Class 6,English,Elementary English Grammar and Composition ,PREPOSITIONS,,,Fill in the blank (QPG),I met a beggar ___________ the way.,N/A,,,,,,Other,Hard,Test Learning Outcome 1,"Skillone,skilltwo",Elementary English Grammar and Composition Class 6,1
CBSE,Class 6,English,Elementary English Grammar and Composition ,PREPOSITIONS,,,Fill in the blank (QPG),I warned him ___________ the danger.,N/A,,,,,,Other,Hard,Test Learning Outcome 1,"Skillone,skilltwo",Elementary English Grammar and Composition Class 6,1
CBSE,Class 6,English,Elementary English Grammar and Composition ,PREPOSITIONS,,,Fill in the blank (QPG),I was surprised ___________ his failure.,N/A,,,,,,Other,Hard,Test Learning Outcome 1,"Skillone,skilltwo",Elementary English Grammar and Composition Class 6,1
CBSE,Class 6,English,Elementary English Grammar and Composition ,PREPOSITIONS,,,Fill in the blank (QPG),I was talking ___________ my friend.,N/A,,,,,,Other,Hard,Test Learning Outcome 1,"Skillone,skilltwo",Elementary English Grammar and Composition Class 6,1
CBSE,Class 6,English,Elementary English Grammar and Composition ,PREPOSITIONS,,,Fill in the blank (QPG),She is proud ___________ her beauty.,N/A,,,,,,Other,Hard,Test Learning Outcome 1,"Skillone,skilltwo",Elementary English Grammar and Composition Class 6,1
CBSE,Class 6,English,Elementary English Grammar and Composition ,PREPOSITIONS,,,Fill in the blank (QPG),She laughed ___________ my face.,N/A,,,,,,Other,Hard,Test Learning Outcome 1,"Skillone,skilltwo",Elementary English Grammar and Composition Class 6,1
CBSE,Class 6,English,Elementary English Grammar and Composition ,PREPOSITIONS,,,Fill in the blank (QPG),The policeman is ___________ duty.,N/A,,,,,,Other,Hard,Test Learning Outcome 1,"Skillone,skilltwo",Elementary English Grammar and Composition Class 6,1
CBSE,Class 6,English,Elementary English Grammar and Composition ,PRONOUNS : KINDS OF PRONOUNS,,,Fill in the blank (QPG),______________ are you waiting for?,N/A,,,,,,Other,Hard,Test Learning Outcome 1,"Skillone,skilltwo",Elementary English Grammar and Composition Class 6,1
CBSE,Class 6,English,Elementary English Grammar and Composition ,PRONOUNS : KINDS OF PRONOUNS,,,Fill in the blank (QPG),"______________ do you prefer, milk or tea?",N/A,,,,,,Other,Hard,Test Learning Outcome 1,"Skillone,skilltwo",Elementary English Grammar and Composition Class 6,1
CBSE,Class 6,English,Elementary English Grammar and Composition ,PRONOUNS : KINDS OF PRONOUNS,,,Fill in the blank (QPG),"______________ is better, health or wealth?",N/A,,,,,,Other,Hard,Test Learning Outcome 1,"Skillone,skilltwo",Elementary English Grammar and Composition Class 6,1
CBSE,Class 6,English,Elementary English Grammar and Composition ,PRONOUNS : KINDS OF PRONOUNS,,,Fill in the blank (QPG),______________ of these dolls will you take?,N/A,,,,,,Other,Hard,Test Learning Outcome 1,"Skillone,skilltwo",Elementary English Grammar and Composition Class 6,1
CBSE,Class 6,English,Elementary English Grammar and Composition ,PRONOUNS : KINDS OF PRONOUNS,,,Fill in the blank (QPG),______________ of these girls stood first?,N/A,,,,,,Other,Hard,Test Learning Outcome 1,"Skillone,skilltwo",Elementary English Grammar and Composition Class 6,1
CBSE,Class 6,English,Elementary English Grammar and Composition ,PRONOUNS : KINDS OF PRONOUNS,,,Fill in the blank (QPG),______________ road I should take?,N/A,,,,,,Other,Hard,Test Learning Outcome 1,"Skillone,skilltwo",Elementary English Grammar and Composition Class 6,1
CBSE,Class 6,English,Elementary English Grammar and Composition ,PRONOUNS : KINDS OF PRONOUNS,,,Fill in the blank (QPG),______________ was she dancing with?,N/A,,,,,,Other,Hard,Test Learning Outcome 1,"Skillone,skilltwo",Elementary English Grammar and Composition Class 6,1
CBSE,Class 6,English,Elementary English Grammar and Composition ,PRONOUNS : KINDS OF PRONOUNS,,,Fill in the blank (QPG),______________ were you speaking to?,N/A,,,,,,Other,Hard,Test Learning Outcome 1,"Skillone,skilltwo",Elementary English Grammar and Composition Class 6,1
CBSE,Class 6,English,Elementary English Grammar and Composition ,PRONOUNS : KINDS OF PRONOUNS,,,Fill in the blank (QPG),__________________ are sweet grapes; __________________ are sour.,N/A,,,,,,Other,Hard,Test Learning Outcome 1,"Skillone,skilltwo",Elementary English Grammar and Composition Class 6,1
CBSE,Class 6,English,Elementary English Grammar and Composition ,PRONOUNS : KINDS OF PRONOUNS,,,Fill in the blank (QPG),"___________________ are my pens, ________________ are yours.",N/A,,,,,,Other,Hard,Test Learning Outcome 1,"Skillone,skilltwo",Elementary English Grammar and Composition Class 6,1
CBSE,Class 6,English,Elementary English Grammar and Composition ,PRONOUNS : KINDS OF PRONOUNS,,,Fill in the blank (QPG),__________________is my book; __________________ is yours.,N/A,,,,,,Other,Hard,Test Learning Outcome 1,"Skillone,skilltwo",Elementary English Grammar and Composition Class 6,1
CBSE,Class 6,English,Elementary English Grammar and Composition ,PRONOUNS : KINDS OF PRONOUNS,,,Fill in the blank (QPG),"Both books are good, but _____________ is better than _____________ .",N/A,,,,,,Other,Hard,Test Learning Outcome 1,"Skillone,skilltwo",Elementary English Grammar and Composition Class 6,1
CBSE,Class 6,English,Elementary English Grammar and Composition ,PRONOUNS : KINDS OF PRONOUNS,,,Fill in the blank (QPG),God helps those ____________ help themselves.,N/A,,,,,,Other,Hard,Test Learning Outcome 1,"Skillone,skilltwo",Elementary English Grammar and Composition Class 6,1
CBSE,Class 6,English,Elementary English Grammar and Composition ,PRONOUNS : KINDS OF PRONOUNS,,,Fill in the blank (QPG),He ____________ is content is rich.,N/A,,,,,,Other,Hard,Test Learning Outcome 1,"Skillone,skilltwo",Elementary English Grammar and Composition Class 6,1
CBSE,Class 6,English,Elementary English Grammar and Composition ,PRONOUNS : KINDS OF PRONOUNS,,,Fill in the blank (QPG),Here is the ring ____________ Sita lost.,N/A,,,,,,Other,Hard,Test Learning Outcome 1,"Skillone,skilltwo",Elementary English Grammar and Composition Class 6,1
CBSE,Class 6,English,Elementary English Grammar and Composition ,PRONOUNS : KINDS OF PRONOUNS,,,Fill in the blank (QPG),I ________________ went to see her.,N/A,,,,,,Other,Hard,Test Learning Outcome 1,"Skillone,skilltwo",Elementary English Grammar and Composition Class 6,1
CBSE,Class 6,English,Elementary English Grammar and Composition ,PRONOUNS : KINDS OF PRONOUNS,,,Fill in the blank (QPG),It is only camels ____________ can cross the deserts.,N/A,,,,,,Other,Hard,Test Learning Outcome 1,"Skillone,skilltwo",Elementary English Grammar and Composition Class 6,1
CBSE,Class 6,English,Elementary English Grammar and Composition ,PRONOUNS : KINDS OF PRONOUNS,,,Fill in the blank (QPG),Of ______________ are you speaking?,N/A,,,,,,Other,Hard,Test Learning Outcome 1,"Skillone,skilltwo",Elementary English Grammar and Composition Class 6,1
CBSE,Class 6,English,Elementary English Grammar and Composition ,PRONOUNS : KINDS OF PRONOUNS,,,Fill in the blank (QPG),She killed __________________ .,N/A,,,,,,Other,Hard,Test Learning Outcome 1,"Skillone,skilltwo",Elementary English Grammar and Composition Class 6,1
CBSE,Class 6,English,Elementary English Grammar and Composition ,PRONOUNS : KINDS OF PRONOUNS,,,Fill in the blank (QPG),Sometimes we deceive __________________ .,N/A,,,,,,Other,Hard,Test Learning Outcome 1,"Skillone,skilltwo",Elementary English Grammar and Composition Class 6,1
CBSE,Class 6,English,Elementary English Grammar and Composition ,PRONOUNS : KINDS OF PRONOUNS,,,Fill in the blank (QPG),Take anything ____________ you like.,N/A,,,,,,Other,Hard,Test Learning Outcome 1,"Skillone,skilltwo",Elementary English Grammar and Composition Class 6,1
CBSE,Class 6,English,Elementary English Grammar and Composition ,PRONOUNS : KINDS OF PRONOUNS,,,Fill in the blank (QPG),The climate of Punjab is better than ____________________ of Murnbai.,N/A,,,,,,Other,Hard,Test Learning Outcome 1,"Skillone,skilltwo",Elementary English Grammar and Composition Class 6,1
CBSE,Class 6,English,Elementary English Grammar and Composition ,PRONOUNS : KINDS OF PRONOUNS,,,Fill in the blank (QPG),The king ____________ was there.,N/A,,,,,,Other,Hard,Test Learning Outcome 1,"Skillone,skilltwo",Elementary English Grammar and Composition Class 6,1
CBSE,Class 6,English,Elementary English Grammar and Composition ,PRONOUNS : KINDS OF PRONOUNS,,,Fill in the blank (QPG),The man ____________ is honest is trusted.,N/A,,,,,,Other,Hard,Test Learning Outcome 1,"Skillone,skilltwo",Elementary English Grammar and Composition Class 6,1
CBSE,Class 6,English,Elementary English Grammar and Composition ,PRONOUNS : KINDS OF PRONOUNS,,,Fill in the blank (QPG),The prisoner hanged __________________ .,N/A,,,,,,Other,Hard,Test Learning Outcome 1,"Skillone,skilltwo",Elementary English Grammar and Composition Class 6,1
CBSE,Class 6,English,Elementary English Grammar and Composition ,PRONOUNS : KINDS OF PRONOUNS,,,Fill in the blank (QPG),The streets of Mumbai are wider than __________________ of Kolkata.,N/A,,,,,,Other,Hard,Test Learning Outcome 1,"Skillone,skilltwo",Elementary English Grammar and Composition Class 6,1
CBSE,Class 6,English,Elementary English Grammar and Composition ,PRONOUNS : KINDS OF PRONOUNS,,,Fill in the blank (QPG),The wall _____________ fell,N/A,,,,,,Other,Hard,Test Learning Outcome 1,"Skillone,skilltwo",Elementary English Grammar and Composition Class 6,1
CBSE,Class 6,English,Elementary English Grammar and Composition ,PRONOUNS : KINDS OF PRONOUNS,,,Fill in the blank (QPG),These are the boys ____________ all praise.,N/A,,,,,,Other,Hard,Test Learning Outcome 1,"Skillone,skilltwo",Elementary English Grammar and Composition Class 6,1
CBSE,Class 6,English,Elementary English Grammar and Composition ,PRONOUNS : KINDS OF PRONOUNS,,,Fill in the blank (QPG),They ____________ are humble need fear no fall.,N/A,,,,,,Other,Hard,Test Learning Outcome 1,"Skillone,skilltwo",Elementary English Grammar and Composition Class 6,1
CBSE,Class 6,English,Elementary English Grammar and Composition ,PRONOUNS : KINDS OF PRONOUNS,,,Fill in the blank (QPG),"They _____________ were present there,",N/A,,,,,,Other,Hard,Test Learning Outcome 1,"Skillone,skilltwo",Elementary English Grammar and Composition Class 6,1
CBSE,Class 6,English,Elementary English Grammar and Composition ,PRONOUNS : KINDS OF PRONOUNS,,,Fill in the blank (QPG),They blamed ____________________ .,N/A,,,,,,Other,Hard,Test Learning Outcome 1,"Skillone,skilltwo",Elementary English Grammar and Composition Class 6,1
CBSE,Class 6,English,Elementary English Grammar and Composition ,PRONOUNS : KINDS OF PRONOUNS,,,Fill in the blank (QPG),This is the boy ____________ hit me.,N/A,,,,,,Other,Hard,Test Learning Outcome 1,"Skillone,skilltwo",Elementary English Grammar and Composition Class 6,1
CBSE,Class 6,English,Elementary English Grammar and Composition ,PRONOUNS : KINDS OF PRONOUNS,,,Fill in the blank (QPG),This is the man ____________ horse won the race.,N/A,,,,,,Other,Hard,Test Learning Outcome 1,"Skillone,skilltwo",Elementary English Grammar and Composition Class 6,1
CBSE,Class 6,English,Elementary English Grammar and Composition ,PRONOUNS : KINDS OF PRONOUNS,,,Fill in the blank (QPG),To ______________ did you give the message?,N/A,,,,,,Other,Hard,Test Learning Outcome 1,"Skillone,skilltwo",Elementary English Grammar and Composition Class 6,1
CBSE,Class 6,English,Elementary English Grammar and Composition ,PRONOUNS : KINDS OF PRONOUNS,,,Fill in the blank (QPG),We enjoyed ________________.,N/A,,,,,,Other,Hard,Test Learning Outcome 1,"Skillone,skilltwo",Elementary English Grammar and Composition Class 6,1
CBSE,Class 6,English,Elementary English Grammar and Composition ,PRONOUNS : KINDS OF PRONOUNS,,,Fill in the blank (QPG),We heard her saying __________________ so.,N/A,,,,,,Other,Hard,Test Learning Outcome 1,"Skillone,skilltwo",Elementary English Grammar and Composition Class 6,1
CBSE,Class 6,English,Elementary English Grammar and Composition ,"PRONOUNS : NUMBER, GENDER AND CASE",,,Fill in the blank (QPG),All of _________ were present.,N/A,,,,,,Other,Hard,Test Learning Outcome 1,"Skillone,skilltwo",Elementary English Grammar and Composition Class 6,1
CBSE,Class 6,English,Elementary English Grammar and Composition ,"PRONOUNS : NUMBER, GENDER AND CASE",,,Fill in the blank (QPG),"Between you and ________, he is a thief.",N/A,,,,,,Other,Hard,Test Learning Outcome 1,"Skillone,skilltwo",Elementary English Grammar and Composition Class 6,1
CBSE,Class 6,English,Elementary English Grammar and Composition ,"PRONOUNS : NUMBER, GENDER AND CASE",,,Fill in the blank (QPG),"Boys, _______________ may go home now.",N/A,,,,,,Other,Hard,Test Learning Outcome 1,"Skillone,skilltwo",Elementary English Grammar and Composition Class 6,1
CBSE,Class 6,English,Elementary English Grammar and Composition ,"PRONOUNS : NUMBER, GENDER AND CASE",,,Fill in the blank (QPG),Do they know better than _________?,N/A,,,,,,Other,Hard,Test Learning Outcome 1,"Skillone,skilltwo",Elementary English Grammar and Composition Class 6,1
CBSE,Class 6,English,Elementary English Grammar and Composition ,"PRONOUNS : NUMBER, GENDER AND CASE",,,Fill in the blank (QPG),Do you know who _________ am?,N/A,,,,,,Other,Hard,Test Learning Outcome 1,"Skillone,skilltwo",Elementary English Grammar and Composition Class 6,1
CBSE,Class 6,English,Elementary English Grammar and Composition ,"PRONOUNS : NUMBER, GENDER AND CASE",,,Fill in the blank (QPG),Each one of _______________ gave Sita a present on birthday.,N/A,,,,,,Other,Hard,Test Learning Outcome 1,"Skillone,skilltwo",Elementary English Grammar and Composition Class 6,1
CBSE,Class 6,English,Elementary English Grammar and Composition ,"PRONOUNS : NUMBER, GENDER AND CASE",,,Fill in the blank (QPG),Everyone of the guests has taken _______________ seat.,N/A,,,,,,Other,Hard,Test Learning Outcome 1,"Skillone,skilltwo",Elementary English Grammar and Composition Class 6,1
CBSE,Class 6,English,Elementary English Grammar and Composition ,"PRONOUNS : NUMBER, GENDER AND CASE",,,Fill in the blank (QPG),He invited __________ all to tea.,N/A,,,,,,Other,Hard,Test Learning Outcome 1,"Skillone,skilltwo",Elementary English Grammar and Composition Class 6,1
CBSE,Class 6,English,Elementary English Grammar and Composition ,"PRONOUNS : NUMBER, GENDER AND CASE",,,Fill in the blank (QPG),He invited Hari and _________ to tea.,N/A,,,,,,Other,Hard,Test Learning Outcome 1,"Skillone,skilltwo",Elementary English Grammar and Composition Class 6,1
CBSE,Class 6,English,Elementary English Grammar and Composition ,"PRONOUNS : NUMBER, GENDER AND CASE",,,Fill in the blank (QPG),He is taller than _________.,N/A,,,,,,Other,Hard,Test Learning Outcome 1,"Skillone,skilltwo",Elementary English Grammar and Composition Class 6,1
CBSE,Class 6,English,Elementary English Grammar and Composition ,"PRONOUNS : NUMBER, GENDER AND CASE",,,Fill in the blank (QPG),I am older than ___________.,N/A,,,,,,Other,Hard,Test Learning Outcome 1,"Skillone,skilltwo",Elementary English Grammar and Composition Class 6,1
CBSE,Class 6,English,Elementary English Grammar and Composition ,"PRONOUNS : NUMBER, GENDER AND CASE",,,Fill in the blank (QPG),I can do this as well as __________.,N/A,,,,,,Other,Hard,Test Learning Outcome 1,"Skillone,skilltwo",Elementary English Grammar and Composition Class 6,1
CBSE,Class 6,English,Elementary English Grammar and Composition ,"PRONOUNS : NUMBER, GENDER AND CASE",,,Fill in the blank (QPG),"I can’t find my keys, I left _______________ on the table yesterday.",N/A,,,,,,Other,Hard,Test Learning Outcome 1,"Skillone,skilltwo",Elementary English Grammar and Composition Class 6,1
CBSE,Class 6,English,Elementary English Grammar and Composition ,"PRONOUNS : NUMBER, GENDER AND CASE",,,Fill in the blank (QPG),I sent for you and ___________.,N/A,,,,,,Other,Hard,Test Learning Outcome 1,"Skillone,skilltwo",Elementary English Grammar and Composition Class 6,1
CBSE,Class 6,English,Elementary English Grammar and Composition ,"PRONOUNS : NUMBER, GENDER AND CASE",,,Fill in the blank (QPG),"In spite of doing their best, __________ did not win the prize.",N/A,,,,,,Other,Hard,Test Learning Outcome 1,"Skillone,skilltwo",Elementary English Grammar and Composition Class 6,1
CBSE,Class 6,English,Elementary English Grammar and Composition ,"PRONOUNS : NUMBER, GENDER AND CASE",,,Fill in the blank (QPG),It is __________ that say this.,N/A,,,,,,Other,Hard,Test Learning Outcome 1,"Skillone,skilltwo",Elementary English Grammar and Composition Class 6,1
CBSE,Class 6,English,Elementary English Grammar and Composition ,"PRONOUNS : NUMBER, GENDER AND CASE",,,Fill in the blank (QPG),It is ___________ who has broken this chair.,N/A,,,,,,Other,Hard,Test Learning Outcome 1,"Skillone,skilltwo",Elementary English Grammar and Composition Class 6,1
CBSE,Class 6,English,Elementary English Grammar and Composition ,"PRONOUNS : NUMBER, GENDER AND CASE",,,Fill in the blank (QPG),It was ________ who rang you up.,N/A,,,,,,Other,Hard,Test Learning Outcome 1,"Skillone,skilltwo",Elementary English Grammar and Composition Class 6,1
CBSE,Class 6,English,Elementary English Grammar and Composition ,"PRONOUNS : NUMBER, GENDER AND CASE",,,Fill in the blank (QPG),It was perhaps ___________.,N/A,,,,,,Other,Hard,Test Learning Outcome 1,"Skillone,skilltwo",Elementary English Grammar and Composition Class 6,1
CBSE,Class 6,English,Elementary English Grammar and Composition ,"PRONOUNS : NUMBER, GENDER AND CASE",,,Fill in the blank (QPG),Let _________ all sing together.,N/A,,,,,,Other,Hard,Test Learning Outcome 1,"Skillone,skilltwo",Elementary English Grammar and Composition Class 6,1
CBSE,Class 6,English,Elementary English Grammar and Composition ,"PRONOUNS : NUMBER, GENDER AND CASE",,,Fill in the blank (QPG),Phone your friend and ask _____________ to come and play with _____________.,N/A,,,,,,Other,Hard,Test Learning Outcome 1,"Skillone,skilltwo",Elementary English Grammar and Composition Class 6,1
CBSE,Class 6,English,Elementary English Grammar and Composition ,"PRONOUNS : NUMBER, GENDER AND CASE",,,Fill in the blank (QPG),Pupils such as _______ must be punished.,N/A,,,,,,Other,Hard,Test Learning Outcome 1,"Skillone,skilltwo",Elementary English Grammar and Composition Class 6,1
CBSE,Class 6,English,Elementary English Grammar and Composition ,"PRONOUNS : NUMBER, GENDER AND CASE",,,Fill in the blank (QPG),Sheela has promised that ________________ will visit me this evening.,N/A,,,,,,Other,Hard,Test Learning Outcome 1,"Skillone,skilltwo",Elementary English Grammar and Composition Class 6,1
CBSE,Class 6,English,Elementary English Grammar and Composition ,"PRONOUNS : NUMBER, GENDER AND CASE",,,Fill in the blank (QPG),Take this file and give _______________ to my secretary.,N/A,,,,,,Other,Hard,Test Learning Outcome 1,"Skillone,skilltwo",Elementary English Grammar and Composition Class 6,1
CBSE,Class 6,English,Elementary English Grammar and Composition ,"PRONOUNS : NUMBER, GENDER AND CASE",,,Fill in the blank (QPG),The chief guest thanked _______________ all for a wonderful performance.,N/A,,,,,,Other,Hard,Test Learning Outcome 1,"Skillone,skilltwo",Elementary English Grammar and Composition Class 6,1
CBSE,Class 6,English,Elementary English Grammar and Composition ,"PRONOUNS : NUMBER, GENDER AND CASE",,,Fill in the blank (QPG),The children know that _________ are helping them.,N/A,,,,,,Other,Hard,Test Learning Outcome 1,"Skillone,skilltwo",Elementary English Grammar and Composition Class 6,1
CBSE,Class 6,English,Elementary English Grammar and Composition ,"PRONOUNS : NUMBER, GENDER AND CASE",,,Fill in the blank (QPG),There is no misunderstanding between _________.,N/A,,,,,,Other,Hard,Test Learning Outcome 1,"Skillone,skilltwo",Elementary English Grammar and Composition Class 6,1
CBSE,Class 6,English,Elementary English Grammar and Composition ,"PRONOUNS : NUMBER, GENDER AND CASE",,,Fill in the blank (QPG),They are looking at __________.,N/A,,,,,,Other,Hard,Test Learning Outcome 1,"Skillone,skilltwo",Elementary English Grammar and Composition Class 6,1
CBSE,Class 6,English,Elementary English Grammar and Composition ,"PRONOUNS : NUMBER, GENDER AND CASE",,,Fill in the blank (QPG),They are stronger than _________.,N/A,,,,,,Other,Hard,Test Learning Outcome 1,"Skillone,skilltwo",Elementary English Grammar and Composition Class 6,1
CBSE,Class 6,English,Elementary English Grammar and Composition ,"PRONOUNS : NUMBER, GENDER AND CASE",,,Fill in the blank (QPG),They know the truth as well as _________.,N/A,,,,,,Other,Hard,Test Learning Outcome 1,"Skillone,skilltwo",Elementary English Grammar and Composition Class 6,1
CBSE,Class 6,English,Elementary English Grammar and Composition ,"PRONOUNS : NUMBER, GENDER AND CASE",,,Fill in the blank (QPG),"This book is theirs, give it to ___________.",N/A,,,,,,Other,Hard,Test Learning Outcome 1,"Skillone,skilltwo",Elementary English Grammar and Composition Class 6,1
CBSE,Class 6,English,Elementary English Grammar and Composition ,"PRONOUNS : NUMBER, GENDER AND CASE",,,Fill in the blank (QPG),"This is _______________ house, he has been living here since 2005.",N/A,,,,,,Other,Hard,Test Learning Outcome 1,"Skillone,skilltwo",Elementary English Grammar and Composition Class 6,1
CBSE,Class 6,English,Elementary English Grammar and Composition ,"PRONOUNS : NUMBER, GENDER AND CASE",,,Fill in the blank (QPG),Tom and _________ were invited.,N/A,,,,,,Other,Hard,Test Learning Outcome 1,"Skillone,skilltwo",Elementary English Grammar and Composition Class 6,1
CBSE,Class 6,English,Elementary English Grammar and Composition ,"PRONOUNS : NUMBER, GENDER AND CASE",,,Fill in the blank (QPG),We are not so rich as ___________.,N/A,,,,,,Other,Hard,Test Learning Outcome 1,"Skillone,skilltwo",Elementary English Grammar and Composition Class 6,1
CBSE,Class 6,English,Elementary English Grammar and Composition ,"PRONOUNS : NUMBER, GENDER AND CASE",,,Fill in the blank (QPG),We got there sooner than _________.,N/A,,,,,,Other,Hard,Test Learning Outcome 1,"Skillone,skilltwo",Elementary English Grammar and Composition Class 6,1
CBSE,Class 6,English,Elementary English Grammar and Composition ,"PRONOUNS : NUMBER, GENDER AND CASE",,,Fill in the blank (QPG),We know it as well as ___________.,N/A,,,,,,Other,Hard,Test Learning Outcome 1,"Skillone,skilltwo",Elementary English Grammar and Composition Class 6,1
CBSE,Class 6,English,Elementary English Grammar and Composition ,"PRONOUNS : NUMBER, GENDER AND CASE",,,Fill in the blank (QPG),Where were _______________ both during recess?,N/A,,,,,,Other,Hard,Test Learning Outcome 1,"Skillone,skilltwo",Elementary English Grammar and Composition Class 6,1
CBSE,Class 6,English,Elementary English Grammar and Composition ,"PRONOUNS : NUMBER, GENDER AND CASE",,,Fill in the blank (QPG),Who is talking? It is ___________.,N/A,,,,,,Other,Hard,Test Learning Outcome 1,"Skillone,skilltwo",Elementary English Grammar and Composition Class 6,1
CBSE,Class 6,English,Elementary English Grammar and Composition ,"PRONOUNS : NUMBER, GENDER AND CASE",,,Fill in the blank (QPG),Who is there ? It is _________.,N/A,,,,,,Other,Hard,Test Learning Outcome 1,"Skillone,skilltwo",Elementary English Grammar and Composition Class 6,1
CBSE,Class 6,English,Elementary English Grammar and Composition ,"PRONOUNS : NUMBER, GENDER AND CASE",,,Fill in the blank (QPG),You are a far better player than _________.,N/A,,,,,,Other,Hard,Test Learning Outcome 1,"Skillone,skilltwo",Elementary English Grammar and Composition Class 6,1
CBSE,Class 6,English,Elementary English Grammar and Composition ,"PRONOUNS : NUMBER, GENDER AND CASE",,,Fill in the blank (QPG),You know that as well as _________.,N/A,,,,,,Other,Hard,Test Learning Outcome 1,"Skillone,skilltwo",Elementary English Grammar and Composition Class 6,1
CBSE,Class 6,English,Elementary English Grammar and Composition ,SIMPLE FUTURE TENSE,,,Fill in the blank (QPG),All of us _________________ our exam results in May. (get),N/A,,,,,,Other,Hard,Test Learning Outcome 1,"Skillone,skilltwo",Elementary English Grammar and Composition Class 6,1
CBSE,Class 6,English,Elementary English Grammar and Composition ,SIMPLE FUTURE TENSE,,,Fill in the blank (QPG),I _________________ you at the station tomorrow. (meet),N/A,,,,,,Other,Hard,Test Learning Outcome 1,"Skillone,skilltwo",Elementary English Grammar and Composition Class 6,1
CBSE,Class 6,English,Elementary English Grammar and Composition ,SIMPLE FUTURE TENSE,,,Fill in the blank (QPG),The train _________________ by an hour. (late),N/A,,,,,,Other,Hard,Test Learning Outcome 1,"Skillone,skilltwo",Elementary English Grammar and Composition Class 6,1
CBSE,Class 6,English,Elementary English Grammar and Composition ,SIMPLE FUTURE TENSE,,,Fill in the blank (QPG),This Sari _________________ you better than that. (suit),N/A,,,,,,Other,Hard,Test Learning Outcome 1,"Skillone,skilltwo",Elementary English Grammar and Composition Class 6,1
CBSE,Class 6,English,Elementary English Grammar and Composition ,SIMPLE FUTURE TENSE,,,Fill in the blank (QPG),We _________________ our friends when the holidays are over. (miss),N/A,,,,,,Other,Hard,Test Learning Outcome 1,"Skillone,skilltwo",Elementary English Grammar and Composition Class 6,1
CBSE,Class 6,English,Elementary English Grammar and Composition ,SIMPLE PAST TENSE,,,Fill in the blank (QPG),A mad dog _________ my sister. He was _________ by a mad dog. (Bite),N/A,,,,,,Other,Hard,Test Learning Outcome 1,"Skillone,skilltwo",Elementary English Grammar and Composition Class 6,1
CBSE,Class 6,English,Elementary English Grammar and Composition ,SIMPLE PAST TENSE,,,Fill in the blank (QPG),A wasp _________ her. She was _________ by a wasp. (Sting),N/A,,,,,,Other,Hard,Test Learning Outcome 1,"Skillone,skilltwo",Elementary English Grammar and Composition Class 6,1
CBSE,Class 6,English,Elementary English Grammar and Composition ,SIMPLE PAST TENSE,,,Fill in the blank (QPG),All political prisoners were _______________ on Independence Day. (pardon),N/A,,,,,,Other,Hard,Test Learning Outcome 1,"Skillone,skilltwo",Elementary English Grammar and Composition Class 6,1
CBSE,Class 6,English,Elementary English Grammar and Composition ,SIMPLE PAST TENSE,,,Fill in the blank (QPG),Anil _________ Afzal. Afzal was _________ by Anil. (Hit),N/A,,,,,,Other,Hard,Test Learning Outcome 1,"Skillone,skilltwo",Elementary English Grammar and Composition Class 6,1
CBSE,Class 6,English,Elementary English Grammar and Composition ,SIMPLE PAST TENSE,,,Fill in the blank (QPG),Ashok _________ John. Raman was _________ by Mahesh. (Strike),N/A,,,,,,Other,Hard,Test Learning Outcome 1,"Skillone,skilltwo",Elementary English Grammar and Composition Class 6,1
CBSE,Class 6,English,Elementary English Grammar and Composition ,SIMPLE PAST TENSE,,,Fill in the blank (QPG),Children _______________ home after the school was over. (hurry),N/A,,,,,,Other,Hard,Test Learning Outcome 1,"Skillone,skilltwo",Elementary English Grammar and Composition Class 6,1
CBSE,Class 6,English,Elementary English Grammar and Composition ,SIMPLE PAST TENSE,,,Fill in the blank (QPG),He _________ to tell a story. He has not yet _________ his work. (Begin),N/A,,,,,,Other,Hard,Test Learning Outcome 1,"Skillone,skilltwo",Elementary English Grammar and Composition Class 6,1
CBSE,Class 6,English,Elementary English Grammar and Composition ,SIMPLE PAST TENSE,,,Fill in the blank (QPG),I _________ a blind beggar. I have never _________ her. (Meet),N/A,,,,,,Other,Hard,Test Learning Outcome 1,"Skillone,skilltwo",Elementary English Grammar and Composition Class 6,1
CBSE,Class 6,English,Elementary English Grammar and Composition ,SIMPLE PAST TENSE,,,Fill in the blank (QPG),My son ______________ his school uniform when he fell into a ditch. (dirty),N/A,,,,,,Other,Hard,Test Learning Outcome 1,"Skillone,skilltwo",Elementary English Grammar and Composition Class 6,1
CBSE,Class 6,English,Elementary English Grammar and Composition ,SIMPLE PAST TENSE,,,Fill in the blank (QPG),She _________ a sweet song. Mary has not _________ as yet. (Sing),N/A,,,,,,Other,Hard,Test Learning Outcome 1,"Skillone,skilltwo",Elementary English Grammar and Composition Class 6,1
CBSE,Class 6,English,Elementary English Grammar and Composition ,SIMPLE PAST TENSE,,,Fill in the blank (QPG),The bird had ________ away. The bird ________ over the roof of the house. (Fly),N/A,,,,,,Other,Hard,Test Learning Outcome 1,"Skillone,skilltwo",Elementary English Grammar and Composition Class 6,1
CBSE,Class 6,English,Elementary English Grammar and Composition ,SIMPLE PAST TENSE,,,Fill in the blank (QPG),The maid ______________ to clean the house quickly but failed. (try),N/A,,,,,,Other,Hard,Test Learning Outcome 1,"Skillone,skilltwo",Elementary English Grammar and Composition Class 6,1
CBSE,Class 6,English,Elementary English Grammar and Composition ,SIMPLE PAST TENSE,,,Fill in the blank (QPG),The peon _________ the bell. Who has _________ the bell ? (Ring),N/A,,,,,,Other,Hard,Test Learning Outcome 1,"Skillone,skilltwo",Elementary English Grammar and Composition Class 6,1
CBSE,Class 6,English,Elementary English Grammar and Composition ,SIMPLE PAST TENSE,,,Fill in the blank (QPG),The plane ______________ a few minutes ago. (land),N/A,,,,,,Other,Hard,Test Learning Outcome 1,"Skillone,skilltwo",Elementary English Grammar and Composition Class 6,1
CBSE,Class 6,English,Elementary English Grammar and Composition ,SIMPLE PAST TENSE,,,Fill in the blank (QPG),"The stranger ______________ the child and ______________ at him. (pat, smile)",N/A,,,,,,Other,Hard,Test Learning Outcome 1,"Skillone,skilltwo",Elementary English Grammar and Composition Class 6,1
CBSE,Class 6,English,Elementary English Grammar and Composition ,SIMPLE PAST TENSE,,,Fill in the blank (QPG),The witch ________________ the handsome Prince into a frog. (change),N/A,,,,,,Other,Hard,Test Learning Outcome 1,"Skillone,skilltwo",Elementary English Grammar and Composition Class 6,1
CBSE,Class 6,English,Elementary English Grammar and Composition ,SIMPLE PAST TENSE,,,Fill in the blank (QPG),They _________ his feet and hands. The thief was _________ hand and foot. (Bind),N/A,,,,,,Other,Hard,Test Learning Outcome 1,"Skillone,skilltwo",Elementary English Grammar and Composition Class 6,1
CBSE,Class 6,English,Elementary English Grammar and Composition ,TENSES,,,Multiple Choice Question (QPG) Test Paper,By the end of this year she ________________ for 8 months.,N/A,,,,,,Other,Hard,Test Learning Outcome 1,"Skillone,skilltwo",Elementary English Grammar and Composition Class 6,1
CBSE,Class 6,English,Elementary English Grammar and Composition ,TENSES,,,Multiple Choice Question (QPG) Test Paper,Cork ________________ on water because it is lighter.,N/A,,,,,,Other,Hard,Test Learning Outcome 1,"Skillone,skilltwo",Elementary English Grammar and Composition Class 6,1
CBSE,Class 6,English,Elementary English Grammar and Composition ,TENSES,,,Multiple Choice Question (QPG) Test Paper,I ________________ learning Spanish next year.,N/A,,,,,,Other,Hard,Test Learning Outcome 1,"Skillone,skilltwo",Elementary English Grammar and Composition Class 6,1
CBSE,Class 6,English,Elementary English Grammar and Composition ,TENSES,,,Multiple Choice Question (QPG) Test Paper,"Mohan, ________________ your car tonight?",N/A,,,,,,Other,Hard,Test Learning Outcome 1,"Skillone,skilltwo",Elementary English Grammar and Composition Class 6,1
CBSE,Class 6,English,Elementary English Grammar and Composition ,TENSES,,,Multiple Choice Question (QPG) Test Paper,Our gift parcel ________________ Kavita by Monday.,N/A,,,,,,Other,Hard,Test Learning Outcome 1,"Skillone,skilltwo",Elementary English Grammar and Composition Class 6,1
CBSE,Class 6,English,Elementary English Grammar and Composition ,TENSES,,,Multiple Choice Question (QPG) Test Paper,The baby ________________ crying for the past one hour.,N/A,,,,,,Other,Hard,Test Learning Outcome 1,"Skillone,skilltwo",Elementary English Grammar and Composition Class 6,1
CBSE,Class 6,English,Elementary English Grammar and Composition ,TENSES,,,Multiple Choice Question (QPG) Test Paper,The nurse ________________ a close watch on the baby till next week.,N/A,,,,,,Other,Hard,Test Learning Outcome 1,"Skillone,skilltwo",Elementary English Grammar and Composition Class 6,1
CBSE,Class 6,English,Elementary English Grammar and Composition ,TENSES,,,Multiple Choice Question (QPG) Test Paper,The police ________________ the case from Monday.,N/A,,,,,,Other,Hard,Test Learning Outcome 1,"Skillone,skilltwo",Elementary English Grammar and Composition Class 6,1
CBSE,Class 6,English,Elementary English Grammar and Composition ,TENSES,,,Multiple Choice Question (QPG) Test Paper,You _____________ a statue in front of the building when you reach the end of the road.,N/A,,,,,,Other,Hard,Test Learning Outcome 1,"Skillone,skilltwo",Elementary English Grammar and Composition Class 6,1
CBSE,Class 6,English,Elementary English Grammar and Composition ,THE ‘PEFECT’ TENSES,,,Fill in the blank (QPG),_________________ Rashmi like to watch cricket matches?,N/A,,,,,,Other,Hard,Test Learning Outcome 1,"Skillone,skilltwo",Elementary English Grammar and Composition Class 6,1
CBSE,Class 6,English,Elementary English Grammar and Composition ,THE ‘PEFECT’ TENSES,,,Fill in the blank (QPG),_________________ the supermarket remain open till 10 O’clock?,N/A,,,,,,Other,Hard,Test Learning Outcome 1,"Skillone,skilltwo",Elementary English Grammar and Composition Class 6,1
CBSE,Class 6,English,Elementary English Grammar and Composition ,THE ‘PEFECT’ TENSES,,,Fill in the blank (QPG),_________________ you have an umbrella with you?,N/A,,,,,,Other,Hard,Test Learning Outcome 1,"Skillone,skilltwo",Elementary English Grammar and Composition Class 6,1
CBSE,Class 6,English,Elementary English Grammar and Composition ,THE ‘PEFECT’ TENSES,,,Fill in the blank (QPG),"The boys _________________ the dusting and cleaning, what _________________ the
girls _________________?",N/A,,,,,,Other,Hard,Test Learning Outcome 1,"Skillone,skilltwo",Elementary English Grammar and Composition Class 6,1
CBSE,Class 6,English,Elementary English Grammar and Composition ,THE ‘PEFECT’ TENSES,,,Fill in the blank (QPG),"I _________________ not like too much noise, I want silence around me.",N/A,,,,,,Other,Hard,Test Learning Outcome 1,"Skillone,skilltwo",Elementary English Grammar and Composition Class 6,1
CBSE,Class 6,English,Elementary English Grammar and Composition ,THE ‘PEFECT’ TENSES,,,Fill in the blank (QPG),She _________________ go out for a meal once in a while.,N/A,,,,,,Other,Hard,Test Learning Outcome 1,"Skillone,skilltwo",Elementary English Grammar and Composition Class 6,1
CBSE,Class 6,English,Elementary English Grammar and Composition ,THE ‘PEFECT’ TENSES,,,Fill in the blank (QPG),The little baby _________________ not like carrots.,N/A,,,,,,Other,Hard,Test Learning Outcome 1,"Skillone,skilltwo",Elementary English Grammar and Composition Class 6,1
CBSE,Class 6,English,Elementary English Grammar and Composition ,THE ‘PEFECT’ TENSES,,,Fill in the blank (QPG),"We always _________________ our exercises in the morning, don’t we?",N/A,,,,,,Other,Hard,Test Learning Outcome 1,"Skillone,skilltwo",Elementary English Grammar and Composition Class 6,1
CBSE,Class 6,English,Elementary English Grammar and Composition ,THE ‘PEFECT’ TENSES,,,Fill in the blank (QPG),What _________________ you want for lunch?,N/A,,,,,,Other,Hard,Test Learning Outcome 1,"Skillone,skilltwo",Elementary English Grammar and Composition Class 6,1
CBSE,Class 6,English,Elementary English Grammar and Composition ,THE ‘PEFECT’ TENSES,,,Fill in the blank (QPG),Where _________________ this bus go to?,N/A,,,,,,Other,Hard,Test Learning Outcome 1,"Skillone,skilltwo",Elementary English Grammar and Composition Class 6,1
CBSE,Class 6,English,Elementary English Grammar and Composition ,THE ‘PEFECT’ TENSES,,,Fill in the blank (QPG),Where _________________ you want to eat tonight.,N/A,,,,,,Other,Hard,Test Learning Outcome 1,"Skillone,skilltwo",Elementary English Grammar and Composition Class 6,1
CBSE,Class 6,English,Elementary English Grammar and Composition ,THE ‘PEFECT’ TENSES,,,Fill in the blank (QPG),Who _________________ this drawing?,N/A,,,,,,Other,Hard,Test Learning Outcome 1,"Skillone,skilltwo",Elementary English Grammar and Composition Class 6,1
CBSE,Class 6,English,Elementary English Grammar and Composition ,THE ‘PEFECT’ TENSES,,,Fill in the blank (QPG),Why _________________ he not leave for school at 6 A.M?,N/A,,,,,,Other,Hard,Test Learning Outcome 1,"Skillone,skilltwo",Elementary English Grammar and Composition Class 6,1
CBSE,Class 6,English,Elementary English Grammar and Composition ,THE ‘PEFECT’ TENSES,,,Fill in the blank (QPG),Why _________________ the two brothers fight yesterday?,N/A,,,,,,Other,Hard,Test Learning Outcome 1,"Skillone,skilltwo",Elementary English Grammar and Composition Class 6,1
CBSE,Class 6,English,Elementary English Grammar and Composition ,THE ‘PEFECT’ TENSES,,,Fill in the blank (QPG),Why _________________ you get a zero in mathematics?,N/A,,,,,,Other,Hard,Test Learning Outcome 1,"Skillone,skilltwo",Elementary English Grammar and Composition Class 6,1
CBSE,Class 6,English,Elementary English Grammar and Composition ,THE ‘PEFECT’ TENSES,,,Multiple Choice Question (QPG) Test Paper,The birds will be building their nests then.,N/A,,,,,,Other,Hard,Test Learning Outcome 1,"Skillone,skilltwo",Elementary English Grammar and Composition Class 6,1
CBSE,Class 6,English,Elementary English Grammar and Composition ,THE ‘PEFECT’ TENSES,,,Multiple Choice Question (QPG) Test Paper,The boat was sunk by a storm.,N/A,,,,,,Other,Hard,Test Learning Outcome 1,"Skillone,skilltwo",Elementary English Grammar and Composition Class 6,1
CBSE,Class 6,English,Elementary English Grammar and Composition ,THE ‘PEFECT’ TENSES,,,Multiple Choice Question (QPG) Test Paper,The lamp has vanished from the field.,N/A,,,,,,Other,Hard,Test Learning Outcome 1,"Skillone,skilltwo",Elementary English Grammar and Composition Class 6,1
CBSE,Class 6,English,Elementary English Grammar and Composition ,THE ‘PEFECT’ TENSES,,,Multiple Choice Question (QPG) Test Paper,The wind had been blowing hard.,N/A,,,,,,Other,Hard,Test Learning Outcome 1,"Skillone,skilltwo",Elementary English Grammar and Composition Class 6,1
CBSE,Class 6,English,Elementary English Grammar and Composition ,THE ‘PEFECT’ TENSES,,,Multiple Choice Question (QPG) Test Paper,They had been working on this project the whole month.,N/A,,,,,,Other,Hard,Test Learning Outcome 1,"Skillone,skilltwo",Elementary English Grammar and Composition Class 6,1
CBSE,Class 6,English,Elementary English Grammar and Composition ,THE ‘PEFECT’ TENSES,,,Multiple Choice Question (QPG) Test Paper,They have been swimming since morning.,N/A,,,,,,Other,Hard,Test Learning Outcome 1,"Skillone,skilltwo",Elementary English Grammar and Composition Class 6,1
CBSE,Class 6,English,Elementary English Grammar and Composition ,THE ‘PEFECT’ TENSES,,,Multiple Choice Question (QPG) Test Paper,We go to a movie once a week.,N/A,,,,,,Other,Hard,Test Learning Outcome 1,"Skillone,skilltwo",Elementary English Grammar and Composition Class 6,1
CBSE,Class 6,English,Elementary English Grammar and Composition ,THE ‘PEFECT’ TENSES,,,Multiple Choice Question (QPG) Test Paper,Where will you be staying in London?,N/A,,,,,,Other,Hard,Test Learning Outcome 1,"Skillone,skilltwo",Elementary English Grammar and Composition Class 6,1
CBSE,Class 6,English,Elementary English Grammar and Composition ,THE ‘PEFECT’ TENSES,,,Short Answer Questions (QPG),Are you going alone?,N/A,,,,,,Other,Hard,Test Learning Outcome 1,"Skillone,skilltwo",Elementary English Grammar and Composition Class 6,1
CBSE,Class 6,English,Elementary English Grammar and Composition ,THE ‘PEFECT’ TENSES,,,Short Answer Questions (QPG),Have you been to the place before?,N/A,,,,,,Other,Hard,Test Learning Outcome 1,"Skillone,skilltwo",Elementary English Grammar and Composition Class 6,1
CBSE,Class 6,English,Elementary English Grammar and Composition ,THE ‘PEFECT’ TENSES,,,Short Answer Questions (QPG),How are you going?,N/A,,,,,,Other,Hard,Test Learning Outcome 1,"Skillone,skilltwo",Elementary English Grammar and Composition Class 6,1
CBSE,Class 6,English,Elementary English Grammar and Composition ,THE ‘PEFECT’ TENSES,,,Short Answer Questions (QPG),Is this visit a part of your school activities?,N/A,,,,,,Other,Hard,Test Learning Outcome 1,"Skillone,skilltwo",Elementary English Grammar and Composition Class 6,1
CBSE,Class 6,English,Elementary English Grammar and Composition ,THE ‘PEFECT’ TENSES,,,Short Answer Questions (QPG),What are you going to do here?,N/A,,,,,,Other,Hard,Test Learning Outcome 1,"Skillone,skilltwo",Elementary English Grammar and Composition Class 6,1
CBSE,Class 6,English,Elementary English Grammar and Composition ,THE ‘PEFECT’ TENSES,,,Short Answer Questions (QPG),Where are you going this evening?,N/A,,,,,,Other,Hard,Test Learning Outcome 1,"Skillone,skilltwo",Elementary English Grammar and Composition Class 6,1
CBSE,Class 6,English,Elementary English Grammar and Composition ,THE ‘PEFECT’ TENSES,,,True or False (QPG),I ate my dinner before I left for the movie.,N/A,,,,,,Other,Hard,Test Learning Outcome 1,"Skillone,skilltwo",Elementary English Grammar and Composition Class 6,1
CBSE,Class 6,English,Elementary English Grammar and Composition ,THE ‘PEFECT’ TENSES,,,True or False (QPG),I have done my work before you arrived.,N/A,,,,,,Other,Hard,Test Learning Outcome 1,"Skillone,skilltwo",Elementary English Grammar and Composition Class 6,1
CBSE,Class 6,English,Elementary English Grammar and Composition ,THE ‘PEFECT’ TENSES,,,True or False (QPG),I hope you wash your face before you come to school.,N/A,,,,,,Other,Hard,Test Learning Outcome 1,"Skillone,skilltwo",Elementary English Grammar and Composition Class 6,1
CBSE,Class 6,English,Elementary English Grammar and Composition ,THE ‘PEFECT’ TENSES,,,True or False (QPG),She will finish her project by now.,N/A,,,,,,Other,Hard,Test Learning Outcome 1,"Skillone,skilltwo",Elementary English Grammar and Composition Class 6,1
CBSE,Class 6,English,Elementary English Grammar and Composition ,THE ‘PEFECT’ TENSES,,,True or False (QPG),The girls performed on the stage in Chennai.,N/A,,,,,,Other,Hard,Test Learning Outcome 1,"Skillone,skilltwo",Elementary English Grammar and Composition Class 6,1
CBSE,Class 6,English,Elementary English Grammar and Composition ,THE ‘PEFECT’ TENSES,,,True or False (QPG),We must reach the station before their parents arrive.,N/A,,,,,,Other,Hard,Test Learning Outcome 1,"Skillone,skilltwo",Elementary English Grammar and Composition Class 6,1
CBSE,Class 6,English,Elementary English Grammar and Composition ,THE ‘PEFECT’ TENSES,,,True or False (QPG),We shall go to Mumbai tomorrow.,N/A,,,,,,Other,Hard,Test Learning Outcome 1,"Skillone,skilltwo",Elementary English Grammar and Composition Class 6,1
CBSE,Class 6,English,Elementary English Grammar and Composition ,THE ‘PEFECT’ TENSES,,,True or False (QPG),"When I reached London, She had been away for six days.",N/A,,,,,,Other,Hard,Test Learning Outcome 1,"Skillone,skilltwo",Elementary English Grammar and Composition Class 6,1
CBSE,Class 6,English,Elementary English Grammar and Composition ,THE ‘PEFECT’ TENSES,,,True or False (QPG),When I reached the theatre the play had already begun.,N/A,,,,,,Other,Hard,Test Learning Outcome 1,"Skillone,skilltwo",Elementary English Grammar and Composition Class 6,1
CBSE,Class 6,English,Elementary English Grammar and Composition ,THE ‘PEFECT’ TENSES,,,True or False (QPG),You will complete your work before you eat your dinner.,N/A,,,,,,Other,Hard,Test Learning Outcome 1,"Skillone,skilltwo",Elementary English Grammar and Composition Class 6,1
CBSE,Class 6,English,Elementary English Grammar and Composition ,"THE PRESENT, PAST AND FUTURE CONTINUOUS TENSES",,,Fill in the blank (QPG),______________ you _______________ a chemist shop on your way home? (pass),N/A,,,,,,Other,Hard,Test Learning Outcome 1,"Skillone,skilltwo",Elementary English Grammar and Composition Class 6,1
CBSE,Class 6,English,Elementary English Grammar and Composition ,"THE PRESENT, PAST AND FUTURE CONTINUOUS TENSES",,,Fill in the blank (QPG),"Sachin Tendulkar ______________ not ______________ in the IPL match on 20th
April. (open)",N/A,,,,,,Other,Hard,Test Learning Outcome 1,"Skillone,skilltwo",Elementary English Grammar and Composition Class 6,1
CBSE,Class 6,English,Elementary English Grammar and Composition ,"THE PRESENT, PAST AND FUTURE CONTINUOUS TENSES",,,Fill in the blank (QPG),Don’t worry we _________________ accommodation for you in the hotel. (arrange),N/A,,,,,,Other,Hard,Test Learning Outcome 1,"Skillone,skilltwo",Elementary English Grammar and Composition Class 6,1
CBSE,Class 6,English,Elementary English Grammar and Composition ,"THE PRESENT, PAST AND FUTURE CONTINUOUS TENSES",,,Fill in the blank (QPG),He _________________ breakfast at 10 a.m. in the office. (have),N/A,,,,,,Other,Hard,Test Learning Outcome 1,"Skillone,skilltwo",Elementary English Grammar and Composition Class 6,1
CBSE,Class 6,English,Elementary English Grammar and Composition ,"THE PRESENT, PAST AND FUTURE CONTINUOUS TENSES",,,Fill in the blank (QPG),He _________________ on me at six in the evening. (call),N/A,,,,,,Other,Hard,Test Learning Outcome 1,"Skillone,skilltwo",Elementary English Grammar and Composition Class 6,1
CBSE,Class 6,English,Elementary English Grammar and Composition ,"THE PRESENT, PAST AND FUTURE CONTINUOUS TENSES",,,Fill in the blank (QPG),I ______________ not ______________ on the school trip on Wednesday. (go),N/A,,,,,,Other,Hard,Test Learning Outcome 1,"Skillone,skilltwo",Elementary English Grammar and Composition Class 6,1
CBSE,Class 6,English,Elementary English Grammar and Composition ,"THE PRESENT, PAST AND FUTURE CONTINUOUS TENSES",,,Fill in the blank (QPG),I _________________ till late in the night tomorrow. (work),N/A,,,,,,Other,Hard,Test Learning Outcome 1,"Skillone,skilltwo",Elementary English Grammar and Composition Class 6,1
CBSE,Class 6,English,Elementary English Grammar and Composition ,"THE PRESENT, PAST AND FUTURE CONTINUOUS TENSES",,,Fill in the blank (QPG),I __________________ of selling my car. (think),N/A,,,,,,Other,Hard,Test Learning Outcome 1,"Skillone,skilltwo",Elementary English Grammar and Composition Class 6,1
CBSE,Class 6,English,Elementary English Grammar and Composition ,"THE PRESENT, PAST AND FUTURE CONTINUOUS TENSES",,,Fill in the blank (QPG),Manohar __________________ everything about fishing to his brother. (teach),N/A,,,,,,Other,Hard,Test Learning Outcome 1,"Skillone,skilltwo",Elementary English Grammar and Composition Class 6,1
CBSE,Class 6,English,Elementary English Grammar and Composition ,"THE PRESENT, PAST AND FUTURE CONTINUOUS TENSES",,,Fill in the blank (QPG),Mohan _________________ for his office at 9 a.m. (leave),N/A,,,,,,Other,Hard,Test Learning Outcome 1,"Skillone,skilltwo",Elementary English Grammar and Composition Class 6,1
CBSE,Class 6,English,Elementary English Grammar and Composition ,"THE PRESENT, PAST AND FUTURE CONTINUOUS TENSES",,,Fill in the blank (QPG),My English __________________ everyday. (improve),N/A,,,,,,Other,Hard,Test Learning Outcome 1,"Skillone,skilltwo",Elementary English Grammar and Composition Class 6,1
CBSE,Class 6,English,Elementary English Grammar and Composition ,"THE PRESENT, PAST AND FUTURE CONTINUOUS TENSES",,,Fill in the blank (QPG),The movie __________________ at 4.40. (begin),N/A,,,,,,Other,Hard,Test Learning Outcome 1,"Skillone,skilltwo",Elementary English Grammar and Composition Class 6,1
CBSE,Class 6,English,Elementary English Grammar and Composition ,"THE PRESENT, PAST AND FUTURE CONTINUOUS TENSES",,,Fill in the blank (QPG),The teacher ___________________ the wild life in Kenya. (describe),N/A,,,,,,Other,Hard,Test Learning Outcome 1,"Skillone,skilltwo",Elementary English Grammar and Composition Class 6,1
CBSE,Class 6,English,Elementary English Grammar and Composition ,"THE PRESENT, PAST AND FUTURE CONTINUOUS TENSES",,,Fill in the blank (QPG),The weather ___________________ day by day now. (improve),N/A,,,,,,Other,Hard,Test Learning Outcome 1,"Skillone,skilltwo",Elementary English Grammar and Composition Class 6,1
CBSE,Class 6,English,Elementary English Grammar and Composition ,"THE PRESENT, PAST AND FUTURE CONTINUOUS TENSES",,,Fill in the blank (QPG),They _________________ the new gym from next month. (join),N/A,,,,,,Other,Hard,Test Learning Outcome 1,"Skillone,skilltwo",Elementary English Grammar and Composition Class 6,1
CBSE,Class 6,English,Elementary English Grammar and Composition ,"THE PRESENT, PAST AND FUTURE CONTINUOUS TENSES",,,Fill in the blank (QPG),They __________________ to a movie with their families on the coming Saturday. (go),N/A,,,,,,Other,Hard,Test Learning Outcome 1,"Skillone,skilltwo",Elementary English Grammar and Composition Class 6,1
CBSE,Class 6,English,Elementary English Grammar and Composition ,"THE PRESENT, PAST AND FUTURE CONTINUOUS TENSES",,,Fill in the blank (QPG),They ___________________ their friends in a club today. (meet),N/A,,,,,,Other,Hard,Test Learning Outcome 1,"Skillone,skilltwo",Elementary English Grammar and Composition Class 6,1
CBSE,Class 6,English,Elementary English Grammar and Composition ,"THE PRESENT, PAST AND FUTURE CONTINUOUS TENSES",,,Fill in the blank (QPG),This train __________________ at the right time. (leave),N/A,,,,,,Other,Hard,Test Learning Outcome 1,"Skillone,skilltwo",Elementary English Grammar and Composition Class 6,1
CBSE,Class 6,English,Elementary English Grammar and Composition ,"THE PRESENT, PAST AND FUTURE CONTINUOUS TENSES",,,Fill in the blank (QPG),When _________________ on the stage? (perform),N/A,,,,,,Other,Hard,Test Learning Outcome 1,"Skillone,skilltwo",Elementary English Grammar and Composition Class 6,1
CBSE,Class 6,English,Elementary English Grammar and Composition ,"THE PRESENT, PAST AND FUTURE CONTINUOUS TENSES",,,Fill in the blank (QPG),Who __________________ the sweet dish for the party? (make),N/A,,,,,,Other,Hard,Test Learning Outcome 1,"Skillone,skilltwo",Elementary English Grammar and Composition Class 6,1
CBSE,Class 6,English,Elementary English Grammar and Composition ,THE SENTENCE,,,Short Answer Questions (QPG),Ashoka was a just and wise ruler.,N/A,,,,,,Other,Hard,Test Learning Outcome 1,"Skillone,skilltwo",Elementary English Grammar and Composition Class 6,1
CBSE,Class 6,English,Elementary English Grammar and Composition ,THE SENTENCE,,,Short Answer Questions (QPG),"Clothes are made of cotton, wool and silk.",N/A,,,,,,Other,Hard,Test Learning Outcome 1,"Skillone,skilltwo",Elementary English Grammar and Composition Class 6,1
CBSE,Class 6,English,Elementary English Grammar and Composition ,THE SENTENCE,,,Short Answer Questions (QPG),Our class consists of forty pupils.,N/A,,,,,,Other,Hard,Test Learning Outcome 1,"Skillone,skilltwo",Elementary English Grammar and Composition Class 6,1
CBSE,Class 6,English,Elementary English Grammar and Composition ,THE SENTENCE,,,Short Answer Questions (QPG),Solomon was famous for his wisdom.,N/A,,,,,,Other,Hard,Test Learning Outcome 1,"Skillone,skilltwo",Elementary English Grammar and Composition Class 6,1
CBSE,Class 6,English,Elementary English Grammar and Composition ,THE SENTENCE,,,Short Answer Questions (QPG),The jury found the prisoner guilty.,N/A,,,,,,Other,Hard,Test Learning Outcome 1,"Skillone,skilltwo",Elementary English Grammar and Composition Class 6,1
CBSE,Class 6,English,Elementary English Grammar and Composition ,THE SENTENCE,,,Short Answer Questions (QPG),The people who live in Holland are called the Dutch.,N/A,,,,,,Other,Hard,Test Learning Outcome 1,"Skillone,skilltwo",Elementary English Grammar and Composition Class 6,1
CBSE,Class 6,English,Elementary English Grammar and Composition ,THE SENTENCE,,,Short Answer Questions (QPG),The police dispersed the mob.,N/A,,,,,,Other,Hard,Test Learning Outcome 1,"Skillone,skilltwo",Elementary English Grammar and Composition Class 6,1
CBSE,Class 6,English,Elementary English Grammar and Composition ,THE SENTENCE,,,Short Answer Questions (QPG),There was a large crowd in the street.,N/A,,,,,,Other,Hard,Test Learning Outcome 1,"Skillone,skilltwo",Elementary English Grammar and Composition Class 6,1
CBSE,Class 6,English,Elementary English Grammar and Composition ,THE SENTENCE,,,Short Answer Questions (QPG),Without health there is no happiness.,N/A,,,,,,Other,Hard,Test Learning Outcome 1,"Skillone,skilltwo",Elementary English Grammar and Composition Class 6,1
CBSE,Class 6,English,Elementary English Grammar and Composition ,THE USES OF THE TENSES : SIMPLE PRESENT TENSE,,,Fill in the blank (QPG),"As soon as he __________ his office he __________ his e-mail. (reach, read)",N/A,,,,,,Other,Hard,Test Learning Outcome 1,"Skillone,skilltwo",Elementary English Grammar and Composition Class 6,1
CBSE,Class 6,English,Elementary English Grammar and Composition ,THE USES OF THE TENSES : SIMPLE PRESENT TENSE,,,Fill in the blank (QPG),"I __________ to watch my children __________ in the garden. (love, play)",N/A,,,,,,Other,Hard,Test Learning Outcome 1,"Skillone,skilltwo",Elementary English Grammar and Composition Class 6,1
CBSE,Class 6,English,Elementary English Grammar and Composition ,THE USES OF THE TENSES : SIMPLE PRESENT TENSE,,,Fill in the blank (QPG),"If the baby __________ in the night, both parents __________ up. (cry, wake)",N/A,,,,,,Other,Hard,Test Learning Outcome 1,"Skillone,skilltwo",Elementary English Grammar and Composition Class 6,1
CBSE,Class 6,English,Elementary English Grammar and Composition ,THE USES OF THE TENSES : SIMPLE PRESENT TENSE,,,Fill in the blank (QPG),Mike __________ how to fix everything. (know),N/A,,,,,,Other,Hard,Test Learning Outcome 1,"Skillone,skilltwo",Elementary English Grammar and Composition Class 6,1
CBSE,Class 6,English,Elementary English Grammar and Composition ,THE USES OF THE TENSES : SIMPLE PRESENT TENSE,,,Fill in the blank (QPG),"Most people __________ the rules and __________ to be good citizens. (obey, try)",N/A,,,,,,Other,Hard,Test Learning Outcome 1,"Skillone,skilltwo",Elementary English Grammar and Composition Class 6,1
CBSE,Class 6,English,Elementary English Grammar and Composition ,USE OF ARTICLES,,,Fill in the blank (QPG),__________ can wait in the lobby as __________ is raining outside.,N/A,,,,,,Other,Hard,Test Learning Outcome 1,"Skillone,skilltwo",Elementary English Grammar and Composition Class 6,1
CBSE,Class 6,English,Elementary English Grammar and Composition ,USE OF ARTICLES,,,Fill in the blank (QPG),__________ Himalayas are __________ highest mountains in __________ world.,N/A,,,,,,Other,Hard,Test Learning Outcome 1,"Skillone,skilltwo",Elementary English Grammar and Composition Class 6,1
CBSE,Class 6,English,Elementary English Grammar and Composition ,USE OF ARTICLES,,,Fill in the blank (QPG),___________ Andamans are __________ group of islands in ________ Bay of Bengal.,N/A,,,,,,Other,Hard,Test Learning Outcome 1,"Skillone,skilltwo",Elementary English Grammar and Composition Class 6,1
CBSE,Class 6,English,Elementary English Grammar and Composition ,USE OF ARTICLES,,,Fill in the blank (QPG),____________ apple is ____________ fruit.,N/A,,,,,,Other,Hard,Test Learning Outcome 1,"Skillone,skilltwo",Elementary English Grammar and Composition Class 6,1
CBSE,Class 6,English,Elementary English Grammar and Composition ,USE OF ARTICLES,,,Fill in the blank (QPG),____________ earth moves round ____________ sun.,N/A,,,,,,Other,Hard,Test Learning Outcome 1,"Skillone,skilltwo",Elementary English Grammar and Composition Class 6,1
CBSE,Class 6,English,Elementary English Grammar and Composition ,USE OF ARTICLES,,,Fill in the blank (QPG),____________ English defeated ____________ French.,N/A,,,,,,Other,Hard,Test Learning Outcome 1,"Skillone,skilltwo",Elementary English Grammar and Composition Class 6,1
CBSE,Class 6,English,Elementary English Grammar and Composition ,USE OF ARTICLES,,,Fill in the blank (QPG),____________ Ganges rises in ____________ Himalayas.,N/A,,,,,,Other,Hard,Test Learning Outcome 1,"Skillone,skilltwo",Elementary English Grammar and Composition Class 6,1
CBSE,Class 6,English,Elementary English Grammar and Composition ,USE OF ARTICLES,,,Fill in the blank (QPG),____________ honest man is ____________ noblest work of God.,N/A,,,,,,Other,Hard,Test Learning Outcome 1,"Skillone,skilltwo",Elementary English Grammar and Composition Class 6,1
CBSE,Class 6,English,Elementary English Grammar and Composition ,USE OF ARTICLES,,,Fill in the blank (QPG),____________ lion is ____________ king of beasts.,N/A,,,,,,Other,Hard,Test Learning Outcome 1,"Skillone,skilltwo",Elementary English Grammar and Composition Class 6,1
CBSE,Class 6,English,Elementary English Grammar and Composition ,USE OF ARTICLES,,,Fill in the blank (QPG),____________ Ramayana is ____________ holy book of ____________ Hindus.,N/A,,,,,,Other,Hard,Test Learning Outcome 1,"Skillone,skilltwo",Elementary English Grammar and Composition Class 6,1
CBSE,Class 6,English,Elementary English Grammar and Composition ,USE OF ARTICLES,,,Fill in the blank (QPG),____________ sun rises in ____________ east.,N/A,,,,,,Other,Hard,Test Learning Outcome 1,"Skillone,skilltwo",Elementary English Grammar and Composition Class 6,1
CBSE,Class 6,English,Elementary English Grammar and Composition ,USE OF ARTICLES,,,Fill in the blank (QPG),____________ Taj Mahal ____________ finest tomb in ____________ world.,N/A,,,,,,Other,Hard,Test Learning Outcome 1,"Skillone,skilltwo",Elementary English Grammar and Composition Class 6,1
CBSE,Class 6,English,Elementary English Grammar and Composition ,USE OF ARTICLES,,,Fill in the blank (QPG),____________ umbrella is ____________ useful thing.,N/A,,,,,,Other,Hard,Test Learning Outcome 1,"Skillone,skilltwo",Elementary English Grammar and Composition Class 6,1
CBSE,Class 6,English,Elementary English Grammar and Composition ,USE OF ARTICLES,,,Fill in the blank (QPG),____________ year ago I visited ____________ island.,N/A,,,,,,Other,Hard,Test Learning Outcome 1,"Skillone,skilltwo",Elementary English Grammar and Composition Class 6,1
CBSE,Class 6,English,Elementary English Grammar and Composition ,USE OF ARTICLES,,,Fill in the blank (QPG),All of __________ were given a gift at the function.,N/A,,,,,,Other,Hard,Test Learning Outcome 1,"Skillone,skilltwo",Elementary English Grammar and Composition Class 6,1
CBSE,Class 6,English,Elementary English Grammar and Composition ,USE OF ARTICLES,,,Fill in the blank (QPG),Boys who misbehave like __________ should be punished.,N/A,,,,,,Other,Hard,Test Learning Outcome 1,"Skillone,skilltwo",Elementary English Grammar and Composition Class 6,1
CBSE,Class 6,English,Elementary English Grammar and Composition ,USE OF ARTICLES,,,Fill in the blank (QPG),Do you think __________ know better than __________?,N/A,,,,,,Other,Hard,Test Learning Outcome 1,"Skillone,skilltwo",Elementary English Grammar and Composition Class 6,1
CBSE,Class 6,English,Elementary English Grammar and Composition ,USE OF ARTICLES,,,Fill in the blank (QPG),English is ____________ language of ____________ people of England.,N/A,,,,,,Other,Hard,Test Learning Outcome 1,"Skillone,skilltwo",Elementary English Grammar and Composition Class 6,1
CBSE,Class 6,English,Elementary English Grammar and Composition ,USE OF ARTICLES,,,Fill in the blank (QPG),He is ____________ cleverest boy in ____________ class.,N/A,,,,,,Other,Hard,Test Learning Outcome 1,"Skillone,skilltwo",Elementary English Grammar and Composition Class 6,1
CBSE,Class 6,English,Elementary English Grammar and Composition ,USE OF ARTICLES,,,Fill in the blank (QPG),"He is ____________ European, but his wife is ____________ Indian.",N/A,,,,,,Other,Hard,Test Learning Outcome 1,"Skillone,skilltwo",Elementary English Grammar and Composition Class 6,1
CBSE,Class 6,English,Elementary English Grammar and Composition ,USE OF ARTICLES,,,Fill in the blank (QPG),"I bought ____________ cow, ____________ buffalo and ____________ ox.",N/A,,,,,,Other,Hard,Test Learning Outcome 1,"Skillone,skilltwo",Elementary English Grammar and Composition Class 6,1
CBSE,Class 6,English,Elementary English Grammar and Composition ,USE OF ARTICLES,,,Fill in the blank (QPG),I can dance much better than __________.,N/A,,,,,,Other,Hard,Test Learning Outcome 1,"Skillone,skilltwo",Elementary English Grammar and Composition Class 6,1
CBSE,Class 6,English,Elementary English Grammar and Composition ,USE OF ARTICLES,,,Fill in the blank (QPG),I met ____________ honourable man ____________ hour ago.,N/A,,,,,,Other,Hard,Test Learning Outcome 1,"Skillone,skilltwo",Elementary English Grammar and Composition Class 6,1
CBSE,Class 6,English,Elementary English Grammar and Composition ,USE OF ARTICLES,,,Fill in the blank (QPG),"If I were __________, I would not do it.",N/A,,,,,,Other,Hard,Test Learning Outcome 1,"Skillone,skilltwo",Elementary English Grammar and Composition Class 6,1
CBSE,Class 6,English,Elementary English Grammar and Composition ,USE OF ARTICLES,,,Fill in the blank (QPG),"Let __________ go, __________ is innocent.",N/A,,,,,,Other,Hard,Test Learning Outcome 1,"Skillone,skilltwo",Elementary English Grammar and Composition Class 6,1
CBSE,Class 6,English,Elementary English Grammar and Composition ,USE OF ARTICLES,,,Fill in the blank (QPG),My friend invited my mother and __________ to tea.,N/A,,,,,,Other,Hard,Test Learning Outcome 1,"Skillone,skilltwo",Elementary English Grammar and Composition Class 6,1
CBSE,Class 6,English,Elementary English Grammar and Composition ,USE OF ARTICLES,,,Fill in the blank (QPG),"The room on the left is __________, __________ is on the right.",N/A,,,,,,Other,Hard,Test Learning Outcome 1,"Skillone,skilltwo",Elementary English Grammar and Composition Class 6,1
CBSE,Class 6,English,Elementary English Grammar and Composition ,USE OF ARTICLES,,,Fill in the blank (QPG),There is ____________ hotel in ____________ centre of ____________ town.,N/A,,,,,,Other,Hard,Test Learning Outcome 1,"Skillone,skilltwo",Elementary English Grammar and Composition Class 6,1
CBSE,Class 6,English,Elementary English Grammar and Composition ,USE OF ARTICLES,,,Fill in the blank (QPG),"This is __________, __________ bought this book yesterday for you.",N/A,,,,,,Other,Hard,Test Learning Outcome 1,"Skillone,skilltwo",Elementary English Grammar and Composition Class 6,1
CBSE,Class 6,English,Elementary English Grammar and Composition ,USE OF ARTICLES,,,Fill in the blank (QPG),Who is knocking at the door? __________ is __________.,N/A,,,,,,Other,Hard,Test Learning Outcome 1,"Skillone,skilltwo",Elementary English Grammar and Composition Class 6,1
CBSE,Class 6,English,Elementary English Grammar and Composition ,USE OF ARTICLES,,,Fill in the blank (QPG),Yesterday I saw ____________ one-eyed man riding on ____________ ass.,N/A,,,,,,Other,Hard,Test Learning Outcome 1,"Skillone,skilltwo",Elementary English Grammar and Composition Class 6,1
CBSE,Class 6,English,Elementary English Grammar and Composition ,VERBS : KINDS OF VERBS,,,Fill in the blank (QPG),Could you make some sandwiches ___________________ us.,N/A,,,,,,Other,Hard,Test Learning Outcome 1,"Skillone,skilltwo",Elementary English Grammar and Composition Class 6,1
CBSE,Class 6,English,Elementary English Grammar and Composition ,VERBS : KINDS OF VERBS,,,Fill in the blank (QPG),Don't show these letters ___________________ anyone,N/A,,,,,,Other,Hard,Test Learning Outcome 1,"Skillone,skilltwo",Elementary English Grammar and Composition Class 6,1
CBSE,Class 6,English,Elementary English Grammar and Composition ,VERBS : KINDS OF VERBS,,,Fill in the blank (QPG),Hari bought a new watch and gave it ____________________ his sister.,N/A,,,,,,Other,Hard,Test Learning Outcome 1,"Skillone,skilltwo",Elementary English Grammar and Composition Class 6,1
CBSE,Class 6,English,Elementary English Grammar and Composition ,VERBS : KINDS OF VERBS,,,Fill in the blank (QPG),Hari has sent a message _________________________ his father.,N/A,,,,,,Other,Hard,Test Learning Outcome 1,"Skillone,skilltwo",Elementary English Grammar and Composition Class 6,1
CBSE,Class 6,English,Elementary English Grammar and Composition ,VERBS : KINDS OF VERBS,,,Fill in the blank (QPG),Please give these letters _________________ Afzal immediately.,N/A,,,,,,Other,Hard,Test Learning Outcome 1,"Skillone,skilltwo",Elementary English Grammar and Composition Class 6,1
CBSE,Class 6,English,Elementary English Grammar and Composition ,VERBS : KINDS OF VERBS,,,Fill in the blank (QPG),"Please, get a glass of water _______________________ me.",N/A,,,,,,Other,Hard,Test Learning Outcome 1,"Skillone,skilltwo",Elementary English Grammar and Composition Class 6,1
CBSE,Class 7,English,Elementary English Grammar and Composition ,ADJECTIVES,,,Fill in the blank (QPG),"I love the taste of the ___________________ (white, soft, thin) bread that my mother bakes.",N/A,,,,,,Other,Hard,Test Learning Outcome 1,"Skillone,skilltwo",Elementary English Grammar and Composition Class 7,1
CBSE,Class 7,English,Elementary English Grammar and Composition ,ADJECTIVES,,,Fill in the blank (QPG),"Hari used two __________________ (glass, empty, green) bottles to music.",N/A,,,,,,Other,Hard,Test Learning Outcome 1,"Skillone,skilltwo",Elementary English Grammar and Composition Class 7,1
CBSE,Class 7,English,Elementary English Grammar and Composition ,ADJECTIVES,,,Fill in the blank (QPG),"My sister wore this __________________ (long, pink, silk) dress for her dance performance.",N/A,,,,,,Other,Hard,Test Learning Outcome 1,"Skillone,skilltwo",Elementary English Grammar and Composition Class 7,1
CBSE,Class 7,English,Elementary English Grammar and Composition ,ADJECTIVES,,,Fill in the blank (QPG),"The ____________________ (young, talented, green eyed) musician is from Russia.",N/A,,,,,,Other,Hard,Test Learning Outcome 1,"Skillone,skilltwo",Elementary English Grammar and Composition Class 7,1
CBSE,Class 7,English,Elementary English Grammar and Composition ,ADJECTIVES,,,Fill in the blank (QPG),"We like to eat ___________________ (crispy, long, yellow) French Fries.",N/A,,,,,,Other,Hard,Test Learning Outcome 1,"Skillone,skilltwo",Elementary English Grammar and Composition Class 7,1
CBSE,Class 7,English,Elementary English Grammar and Composition ,DETERMINERS,,,Fill in the blank (QPG),"________________ stamps, which are lying on the table, belong
to my younger brother.",N/A,,,,,,Other,Hard,Test Learning Outcome 1,"Skillone,skilltwo",Elementary English Grammar and Composition Class 7,1
CBSE,Class 7,English,Elementary English Grammar and Composition ,DETERMINERS,,,Fill in the blank (QPG),I cannot find _________________ pictures in the album.,N/A,,,,,,Other,Hard,Test Learning Outcome 1,"Skillone,skilltwo",Elementary English Grammar and Composition Class 7,1
CBSE,Class 7,English,Elementary English Grammar and Composition ,DETERMINERS,,,Fill in the blank (QPG),is there _______________ tea left in the pot?,N/A,,,,,,Other,Hard,Test Learning Outcome 1,"Skillone,skilltwo",Elementary English Grammar and Composition Class 7,1
CBSE,Class 7,English,Elementary English Grammar and Composition ,DETERMINERS,,,Fill in the blank (QPG),The gardener does hardly _____________ work throughout the day.,N/A,,,,,,Other,Hard,Test Learning Outcome 1,"Skillone,skilltwo",Elementary English Grammar and Composition Class 7,1
CBSE,Class 7,English,Elementary English Grammar and Composition ,DETERMINERS,,,Fill in the blank (QPG),There is _________________ milk in the fridge.,N/A,,,,,,Other,Hard,Test Learning Outcome 1,"Skillone,skilltwo",Elementary English Grammar and Composition Class 7,1
CBSE,Class 7,English,Elementary English Grammar and Composition ,NOUNS,,,Fill in the blank (QPG),He was so poor that he was reduced to ________________ . (beggar),N/A,,,,,,Other,Hard,Test Learning Outcome 1,"Skillone,skilltwo",Elementary English Grammar and Composition Class 7,1
CBSE,Class 7,English,Elementary English Grammar and Composition ,NOUNS,,,Fill in the blank (QPG),His ___________ among his group was due to his _____________ . (unpopular/proud),N/A,,,,,,Other,Hard,Test Learning Outcome 1,"Skillone,skilltwo",Elementary English Grammar and Composition Class 7,1
CBSE,Class 7,English,Elementary English Grammar and Composition ,NOUNS,,,Fill in the blank (QPG),His _____________________ of many languages is amazing. (know),N/A,,,,,,Other,Hard,Test Learning Outcome 1,"Skillone,skilltwo",Elementary English Grammar and Composition Class 7,1
CBSE,Class 7,English,Elementary English Grammar and Composition ,NOUNS,,,Fill in the blank (QPG),Sunita Williams' ____________ as an astronaut made every Indian proud of her. (expert),N/A,,,,,,Other,Hard,Test Learning Outcome 1,"Skillone,skilltwo",Elementary English Grammar and Composition Class 7,1
CBSE,Class 7,English,Elementary English Grammar and Composition ,NOUNS,,,Fill in the blank (QPG),What is your daughter's ___________________ ? (high),N/A,,,,,,Other,Hard,Test Learning Outcome 1,"Skillone,skilltwo",Elementary English Grammar and Composition Class 7,1
CBSE,Class 7,English,Elementary English Grammar and Composition ,PRONOUNS,,,Fill in the blank (QPG),"The bird flew over the house. Did the children see ______________? No, ____________
did not see _________________ .",N/A,,,,,,Other,Hard,Test Learning Outcome 1,"Skillone,skilltwo",Elementary English Grammar and Composition Class 7,1
CBSE,Class 7,English,Elementary English Grammar and Composition ,PRONOUNS,,,Fill in the blank (QPG),"The boy went to school but as _____________ was late, the teacher punished 
____________________ .",N/A,,,,,,Other,Hard,Test Learning Outcome 1,"Skillone,skilltwo",Elementary English Grammar and Composition Class 7,1
CBSE,Class 7,English,Elementary English Grammar and Composition ,PRONOUNS,,,Fill in the blank (QPG),A dentist is a person ______________ looks after your teeth,N/A,,,,,,Other,Hard,Test Learning Outcome 1,"Skillone,skilltwo",Elementary English Grammar and Composition Class 7,1
CBSE,Class 7,English,Elementary English Grammar and Composition ,PRONOUNS,,,Fill in the blank (QPG),Children _______________ eat junk food become fat.,N/A,,,,,,Other,Hard,Test Learning Outcome 1,"Skillone,skilltwo",Elementary English Grammar and Composition Class 7,1
CBSE,Class 7,English,Elementary English Grammar and Composition ,PRONOUNS,,,Fill in the blank (QPG),Do you know _____________ will be the chief guest of the function?,N/A,,,,,,Other,Hard,Test Learning Outcome 1,"Skillone,skilltwo",Elementary English Grammar and Composition Class 7,1
CBSE,Class 7,English,Elementary English Grammar and Composition ,PRONOUNS,,,Fill in the blank (QPG),I have a friend _____________ mother is the principal of a school.,N/A,,,,,,Other,Hard,Test Learning Outcome 1,"Skillone,skilltwo",Elementary English Grammar and Composition Class 7,1
CBSE,Class 7,English,Elementary English Grammar and Composition ,PRONOUNS,,,Fill in the blank (QPG),"In a fit of depression, she poisoned _______________ .",N/A,,,,,,Other,Hard,Test Learning Outcome 1,"Skillone,skilltwo",Elementary English Grammar and Composition Class 7,1
CBSE,Class 7,English,Elementary English Grammar and Composition ,PRONOUNS,,,Fill in the blank (QPG),Sita _______________ was to be blamed for her failure in the exams.,N/A,,,,,,Other,Hard,Test Learning Outcome 1,"Skillone,skilltwo",Elementary English Grammar and Composition Class 7,1
CBSE,Class 7,English,Elementary English Grammar and Composition ,PRONOUNS,,,Fill in the blank (QPG),The Superintendent of Police ________________ conducted the inquiry.,N/A,,,,,,Other,Hard,Test Learning Outcome 1,"Skillone,skilltwo",Elementary English Grammar and Composition Class 7,1
CBSE,Class 7,English,Elementary English Grammar and Composition ,PRONOUNS,,,Fill in the blank (QPG),This is a suitcase ______________ you can wheel along.,N/A,,,,,,Other,Hard,Test Learning Outcome 1,"Skillone,skilltwo",Elementary English Grammar and Composition Class 7,1
CBSE,Class 7,English,Elementary English Grammar and Composition ,PRONOUNS,,,Fill in the blank (QPG),This is the bus _______________ goes to India Gate.,N/A,,,,,,Other,Hard,Test Learning Outcome 1,"Skillone,skilltwo",Elementary English Grammar and Composition Class 7,1
CBSE,Class 7,English,Elementary English Grammar and Composition ,PRONOUNS,,,Fill in the blank (QPG),This is the man _______________ you wanted to meet.,N/A,,,,,,Other,Hard,Test Learning Outcome 1,"Skillone,skilltwo",Elementary English Grammar and Composition Class 7,1
CBSE,Class 7,English,Elementary English Grammar and Composition ,PRONOUNS,,,Fill in the blank (QPG),This is the shop ______________ sells latest mobiles.,N/A,,,,,,Other,Hard,Test Learning Outcome 1,"Skillone,skilltwo",Elementary English Grammar and Composition Class 7,1
CBSE,Class 7,English,Elementary English Grammar and Composition ,PRONOUNS,,,Fill in the blank (QPG),We do not know _____________ rang us up just now.,N/A,,,,,,Other,Hard,Test Learning Outcome 1,"Skillone,skilltwo",Elementary English Grammar and Composition Class 7,1
CBSE,Class 7,English,Elementary English Grammar and Composition ,PRONOUNS,,,Fill in the blank (QPG),We posted the letter _______________ .,N/A,,,,,,Other,Hard,Test Learning Outcome 1,"Skillone,skilltwo",Elementary English Grammar and Composition Class 7,1
CBSE,Class 7,English,Elementary English Grammar and Composition ,PRONOUNS,,,Fill in the blank (QPG),Where is the salesman _____________ was attending us?,N/A,,,,,,Other,Hard,Test Learning Outcome 1,"Skillone,skilltwo",Elementary English Grammar and Composition Class 7,1
CBSE,Class 7,English,Elementary English Grammar and Composition ,THE FUTURE TENSE,,,Fill in the blank (QPG),________________ you ________________ (see) your brother in London next week?,N/A,,,,,,Other,Hard,Test Learning Outcome 1,"Skillone,skilltwo",Elementary English Grammar and Composition Class 7,1
CBSE,Class 7,English,Elementary English Grammar and Composition ,THE FUTURE TENSE,,,Fill in the blank (QPG),Class Ten results ___________________________ (out) tomorrow.,N/A,,,,,,Other,Hard,Test Learning Outcome 1,"Skillone,skilltwo",Elementary English Grammar and Composition Class 7,1
CBSE,Class 7,English,Elementary English Grammar and Composition ,THE FUTURE TENSE,,,Fill in the blank (QPG),He ________________________ (back) for dinner by 10 o’clock.,N/A,,,,,,Other,Hard,Test Learning Outcome 1,"Skillone,skilltwo",Elementary English Grammar and Composition Class 7,1
CBSE,Class 7,English,Elementary English Grammar and Composition ,THE FUTURE TENSE,,,Fill in the blank (QPG),I ___________________ (send) invitations for my daughter’s wedding to my friends.,N/A,,,,,,Other,Hard,Test Learning Outcome 1,"Skillone,skilltwo",Elementary English Grammar and Composition Class 7,1
CBSE,Class 7,English,Elementary English Grammar and Composition ,THE FUTURE TENSE,,,Fill in the blank (QPG),I _______________________ (finish) my programme before he comes to see me.,N/A,,,,,,Other,Hard,Test Learning Outcome 1,"Skillone,skilltwo",Elementary English Grammar and Composition Class 7,1
CBSE,Class 7,English,Elementary English Grammar and Composition ,THE FUTURE TENSE,,,Fill in the blank (QPG),I fear schools ______________________ (close) early tomorrow due to the Bandh.,N/A,,,,,,Other,Hard,Test Learning Outcome 1,"Skillone,skilltwo",Elementary English Grammar and Composition Class 7,1
CBSE,Class 7,English,Elementary English Grammar and Composition ,THE FUTURE TENSE,,,Fill in the blank (QPG),I hope ___________________ (wash) your hands before you sit down for dinner.,N/A,,,,,,Other,Hard,Test Learning Outcome 1,"Skillone,skilltwo",Elementary English Grammar and Composition Class 7,1
CBSE,Class 7,English,Elementary English Grammar and Composition ,THE FUTURE TENSE,,,Fill in the blank (QPG),My son _______________ (teach) in this college for 15 years by the end of this month.,N/A,,,,,,Other,Hard,Test Learning Outcome 1,"Skillone,skilltwo",Elementary English Grammar and Composition Class 7,1
CBSE,Class 7,English,Elementary English Grammar and Composition ,THE FUTURE TENSE,,,Fill in the blank (QPG),We ______________________ (start) the new literature book tomorrow.,N/A,,,,,,Other,Hard,Test Learning Outcome 1,"Skillone,skilltwo",Elementary English Grammar and Composition Class 7,1
CBSE,Class 7,English,Elementary English Grammar and Composition ,THE FUTURE TENSE,,,Fill in the blank (QPG),We __________________________ (leave) in ten minutes.,N/A,,,,,,Other,Hard,Test Learning Outcome 1,"Skillone,skilltwo",Elementary English Grammar and Composition Class 7,1
CBSE,Class 7,English,Elementary English Grammar and Composition ,THE FUTURE TENSE,,,Fill in the blank (QPG),We certainly _____________________ (not eat) in that restaurant again!,N/A,,,,,,Other,Hard,Test Learning Outcome 1,"Skillone,skilltwo",Elementary English Grammar and Composition Class 7,1
CBSE,Class 7,English,Elementary English Grammar and Composition ,THE FUTURE TENSE,,,Fill in the blank (QPG),"You ___________ (not need) your camera for the next few hours, ___________ you?",N/A,,,,,,Other,Hard,Test Learning Outcome 1,"Skillone,skilltwo",Elementary English Grammar and Composition Class 7,1
CBSE,Class 7,English,Elementary English Grammar and Composition ,THE FUTURE TENSE,,,Fill in the blank (QPG),You ______________________ (met) the famous doctor before I meet you again.,N/A,,,,,,Other,Hard,Test Learning Outcome 1,"Skillone,skilltwo",Elementary English Grammar and Composition Class 7,1
CBSE,Class 7,English,Elementary English Grammar and Composition ,THE FUTURE TENSE,,,Fill in the blank (QPG),You ____________________________ (learn) French for five years by 2009.,N/A,,,,,,Other,Hard,Test Learning Outcome 1,"Skillone,skilltwo",Elementary English Grammar and Composition Class 7,1
CBSE,Class 7,English,Elementary English Grammar and Composition ,THE FUTURE TENSE,,,Fill in the blank (QPG),Your plants ______________________ (die) if you do not water them.,N/A,,,,,,Other,Hard,Test Learning Outcome 1,"Skillone,skilltwo",Elementary English Grammar and Composition Class 7,1
CBSE,Class 7,English,Elementary English Grammar and Composition ,THE PAST TENSE,,,Fill in the blank (QPG),He told me she _________________________ (ill) for six weeks.,N/A,,,,,,Other,Hard,Test Learning Outcome 1,"Skillone,skilltwo",Elementary English Grammar and Composition Class 7,1
CBSE,Class 7,English,Elementary English Grammar and Composition ,THE PAST TENSE,,,Fill in the blank (QPG),"I ______________ (wait) for her since 10 o’clock at the station, but she did not come.",N/A,,,,,,Other,Hard,Test Learning Outcome 1,"Skillone,skilltwo",Elementary English Grammar and Composition Class 7,1
CBSE,Class 7,English,Elementary English Grammar and Composition ,THE PAST TENSE,,,Fill in the blank (QPG),Shashi _______________________ (read) this novel for two weeks before she arrived.,N/A,,,,,,Other,Hard,Test Learning Outcome 1,"Skillone,skilltwo",Elementary English Grammar and Composition Class 7,1
CBSE,Class 7,English,Elementary English Grammar and Composition ,THE PAST TENSE,,,Fill in the blank (QPG),She ___________________________ (go) to Delhi when I went to her house yesterday.,N/A,,,,,,Other,Hard,Test Learning Outcome 1,"Skillone,skilltwo",Elementary English Grammar and Composition Class 7,1
CBSE,Class 7,English,Elementary English Grammar and Composition ,THE PAST TENSE,,,Fill in the blank (QPG),The rain ___________________________ (stop) when we came out.,N/A,,,,,,Other,Hard,Test Learning Outcome 1,"Skillone,skilltwo",Elementary English Grammar and Composition Class 7,1
CBSE,Class 7,English,Elementary English Grammar and Composition ,THE PRESENT TENSE,,,Fill in the blank (QPG),"__________ try to ring the bell, it __________ work properly.",N/A,,,,,,Other,Hard,Test Learning Outcome 1,"Skillone,skilltwo",Elementary English Grammar and Composition Class 7,1
CBSE,Class 7,English,Elementary English Grammar and Composition ,THE PRESENT TENSE,,,Fill in the blank (QPG),I _____________ a book in the library. (read),N/A,,,,,,Other,Hard,Test Learning Outcome 1,"Skillone,skilltwo",Elementary English Grammar and Composition Class 7,1
CBSE,Class 7,English,Elementary English Grammar and Composition ,THE PRESENT TENSE,,,Fill in the blank (QPG),"It __________ okay, I __________ your problem now, and I __________ to help you.",N/A,,,,,,Other,Hard,Test Learning Outcome 1,"Skillone,skilltwo",Elementary English Grammar and Composition Class 7,1
CBSE,Class 7,English,Elementary English Grammar and Composition ,THE PRESENT TENSE,,,Fill in the blank (QPG),Lots of dark clouds ________________ in the sky.,N/A,,,,,,Other,Hard,Test Learning Outcome 1,"Skillone,skilltwo",Elementary English Grammar and Composition Class 7,1
CBSE,Class 7,English,Elementary English Grammar and Composition ,THE PRESENT TENSE,,,Fill in the blank (QPG),Mummy ________________ dinner for guests.,N/A,,,,,,Other,Hard,Test Learning Outcome 1,"Skillone,skilltwo",Elementary English Grammar and Composition Class 7,1
CBSE,Class 7,English,Elementary English Grammar and Composition ,THE PRESENT TENSE,,,Fill in the blank (QPG),My parents ________________ to watch my school play tomorrow.,N/A,,,,,,Other,Hard,Test Learning Outcome 1,"Skillone,skilltwo",Elementary English Grammar and Composition Class 7,1
CBSE,Class 7,English,Elementary English Grammar and Composition ,THE PRESENT TENSE,,,Fill in the blank (QPG),"My students _____________ outside, they are not in the class. (play)",N/A,,,,,,Other,Hard,Test Learning Outcome 1,"Skillone,skilltwo",Elementary English Grammar and Composition Class 7,1
CBSE,Class 7,English,Elementary English Grammar and Composition ,THE PRESENT TENSE,,,Fill in the blank (QPG),"Please don’t disturb me, I ________________ to solve this difficult sum.",N/A,,,,,,Other,Hard,Test Learning Outcome 1,"Skillone,skilltwo",Elementary English Grammar and Composition Class 7,1
CBSE,Class 7,English,Elementary English Grammar and Composition ,THE PRESENT TENSE,,,Fill in the blank (QPG),Stop _______________ me. (tickle),N/A,,,,,,Other,Hard,Test Learning Outcome 1,"Skillone,skilltwo",Elementary English Grammar and Composition Class 7,1
CBSE,Class 7,English,Elementary English Grammar and Composition ,THE PRESENT TENSE,,,Fill in the blank (QPG),"The computer __________ mine, it __________ to my friend Ramesh.",N/A,,,,,,Other,Hard,Test Learning Outcome 1,"Skillone,skilltwo",Elementary English Grammar and Composition Class 7,1
CBSE,Class 7,English,Elementary English Grammar and Composition ,THE PRESENT TENSE,,,Fill in the blank (QPG),The moon _______________ its light from the sun. (get),N/A,,,,,,Other,Hard,Test Learning Outcome 1,"Skillone,skilltwo",Elementary English Grammar and Composition Class 7,1
CBSE,Class 7,English,Elementary English Grammar and Composition ,THE PRESENT TENSE,,,Fill in the blank (QPG),"The thief __________ in and __________ all the cash from the house. (break, steal)",N/A,,,,,,Other,Hard,Test Learning Outcome 1,"Skillone,skilltwo",Elementary English Grammar and Composition Class 7,1
CBSE,Class 7,English,Elementary English Grammar and Composition ,THE PRESENT TENSE,,,Fill in the blank (QPG),This shoe _____________ to be repaired. (need),N/A,,,,,,Other,Hard,Test Learning Outcome 1,"Skillone,skilltwo",Elementary English Grammar and Composition Class 7,1
CBSE,Class 7,English,Elementary English Grammar and Composition ,THE PRESENT TENSE,,,Fill in the blank (QPG),"We __________ near a cinema hall, we often __________ there to see a movie.",N/A,,,,,,Other,Hard,Test Learning Outcome 1,"Skillone,skilltwo",Elementary English Grammar and Composition Class 7,1
CBSE,Class 7,English,Elementary English Grammar and Composition ,THE PRESENT TENSE,,,Fill in the blank (QPG),"We __________ plenty of chairs, we __________ any more.",N/A,,,,,,Other,Hard,Test Learning Outcome 1,"Skillone,skilltwo",Elementary English Grammar and Composition Class 7,1
CBSE,Class 7,English,Elementary English Grammar and Composition ,THE PRESENT TENSE,,,Fill in the blank (QPG),We _____________ to the airport to meet our guests from Mumbai. (rush),N/A,,,,,,Other,Hard,Test Learning Outcome 1,"Skillone,skilltwo",Elementary English Grammar and Composition Class 7,1
CBSE,Class 7,English,Elementary English Grammar and Composition ,THE PRESENT TENSE,,,Fill in the blank (QPG),We ________________ music lessons these days.,N/A,,,,,,Other,Hard,Test Learning Outcome 1,"Skillone,skilltwo",Elementary English Grammar and Composition Class 7,1
CBSE,Class 7,English,Elementary English Grammar and Composition ,THE PRESENT TENSE,,,Fill in the blank (QPG),Who __________ to see me? Ask him to sit down.,N/A,,,,,,Other,Hard,Test Learning Outcome 1,"Skillone,skilltwo",Elementary English Grammar and Composition Class 7,1
CBSE,Class 7,English,Elementary English Grammar and Composition ,THE PRESENT TENSE,,,Fill in the blank (QPG),Why do you not _____________ for the last one hour? (work),N/A,,,,,,Other,Hard,Test Learning Outcome 1,"Skillone,skilltwo",Elementary English Grammar and Composition Class 7,1
CBSE,Class 7,English,Elementary English Grammar and Composition ,THE SENTENCE,,,Short Answer Questions (QPG),"He is too fat, ______________?",N/A,,,,,,Other,Hard,Test Learning Outcome 1,"Skillone,skilltwo",Elementary English Grammar and Composition Class 7,1
CBSE,Class 7,English,Elementary English Grammar and Composition ,THE SENTENCE,,,Short Answer Questions (QPG),"I cann’t reach on time, ______________?",N/A,,,,,,Other,Hard,Test Learning Outcome 1,"Skillone,skilltwo",Elementary English Grammar and Composition Class 7,1
CBSE,Class 7,English,Elementary English Grammar and Composition ,THE SENTENCE,,,Short Answer Questions (QPG),"It is not very hot today, ______________?",N/A,,,,,,Other,Hard,Test Learning Outcome 1,"Skillone,skilltwo",Elementary English Grammar and Composition Class 7,1
CBSE,Class 7,English,Elementary English Grammar and Composition ,THE SENTENCE,,,Short Answer Questions (QPG),She looks very happy ______________?,N/A,,,,,,Other,Hard,Test Learning Outcome 1,"Skillone,skilltwo",Elementary English Grammar and Composition Class 7,1
CBSE,Class 7,English,Elementary English Grammar and Composition ,THE SENTENCE,,,Short Answer Questions (QPG),"She won’t tell us the truth, ______________?",N/A,,,,,,Other,Hard,Test Learning Outcome 1,"Skillone,skilltwo",Elementary English Grammar and Composition Class 7,1
CBSE,Class 7,English,Elementary English Grammar and Composition ,THE SENTENCE,,,Short Answer Questions (QPG),They haven’t paid their fees ______________?,N/A,,,,,,Other,Hard,Test Learning Outcome 1,"Skillone,skilltwo",Elementary English Grammar and Composition Class 7,1
CBSE,Class 7,English,Elementary English Grammar and Composition ,THE SENTENCE,,,Short Answer Questions (QPG),We won’t drink anything ______________?,N/A,,,,,,Other,Hard,Test Learning Outcome 1,"Skillone,skilltwo",Elementary English Grammar and Composition Class 7,1
CBSE,Class 7,English,Elementary English Grammar and Composition ,THE SENTENCE,,,Short Answer Questions (QPG),"You were ill yesterday, ______________?",N/A,,,,,,Other,Hard,Test Learning Outcome 1,"Skillone,skilltwo",Elementary English Grammar and Composition Class 7,1
CBSE,Class 7,English,Elementary English Grammar and Composition ,THE SENTENCE,,,Short Answer Questions (QPG),"Your friend didn’t pass this year, ______________?",N/A,,,,,,Other,Hard,Test Learning Outcome 1,"Skillone,skilltwo",Elementary English Grammar and Composition Class 7,1
CBSE,Class 7,English,Elementary English Grammar and Composition ,THE SENTENCE,,,Short Answer Questions (QPG),"Your mother speaks French, ______________?",N/A,,,,,,Other,Hard,Test Learning Outcome 1,"Skillone,skilltwo",Elementary English Grammar and Composition Class 7,1
CBSE,Class 7,English,Elementary English Grammar and Composition ,THE SENTENCE,,,True or False (QPG),Are you in a hurry?,N/A,,,,,,Other,Hard,Test Learning Outcome 1,"Skillone,skilltwo",Elementary English Grammar and Composition Class 7,1
CBSE,Class 7,English,Elementary English Grammar and Composition ,THE SENTENCE,,,True or False (QPG),Can you wait a minute?,N/A,,,,,,Other,Hard,Test Learning Outcome 1,"Skillone,skilltwo",Elementary English Grammar and Composition Class 7,1
CBSE,Class 7,English,Elementary English Grammar and Composition ,THE SENTENCE,,,True or False (QPG),Did you meet Ashok yesterday?,N/A,,,,,,Other,Hard,Test Learning Outcome 1,"Skillone,skilltwo",Elementary English Grammar and Composition Class 7,1
CBSE,Class 7,English,Elementary English Grammar and Composition ,THE SENTENCE,,,True or False (QPG),Have you done your homework?,N/A,,,,,,Other,Hard,Test Learning Outcome 1,"Skillone,skilltwo",Elementary English Grammar and Composition Class 7,1
CBSE,Class 7,English,Elementary English Grammar and Composition ,THE SENTENCE,,,True or False (QPG),Is she well enough to attend the meeting?,N/A,,,,,,Other,Hard,Test Learning Outcome 1,"Skillone,skilltwo",Elementary English Grammar and Composition Class 7,1
CBSE,Class 7,English,Elementary English Grammar and Composition ,THE SENTENCE,,,True or False (QPG),Is there more tea?,N/A,,,,,,Other,Hard,Test Learning Outcome 1,"Skillone,skilltwo",Elementary English Grammar and Composition Class 7,1
CBSE,Class 7,English,Elementary English Grammar and Composition ,THE SENTENCE,,,True or False (QPG),May we stay till the end?,N/A,,,,,,Other,Hard,Test Learning Outcome 1,"Skillone,skilltwo",Elementary English Grammar and Composition Class 7,1
CBSE,Class 7,English,Elementary English Grammar and Composition ,THE SENTENCE,,,True or False (QPG),Was it cold last night?,N/A,,,,,,Other,Hard,Test Learning Outcome 1,"Skillone,skilltwo",Elementary English Grammar and Composition Class 7,1
CBSE,Class 7,English,Elementary English Grammar and Composition ,THE SENTENCE,,,True or False (QPG),Was the house burnt down?,N/A,,,,,,Other,Hard,Test Learning Outcome 1,"Skillone,skilltwo",Elementary English Grammar and Composition Class 7,1
CBSE,Class 7,English,Elementary English Grammar and Composition ,THE SENTENCE,,,True or False (QPG),Will you do me a favour?,N/A,,,,,,Other,Hard,Test Learning Outcome 1,"Skillone,skilltwo",Elementary English Grammar and Composition Class 7,1
CBSE,Class 7,English,Elementary English Grammar and Composition ,VERBS,,,Fill in the blank (QPG),____________ it rain in May in Delhi?,N/A,,,,,,Other,Hard,Test Learning Outcome 1,"Skillone,skilltwo",Elementary English Grammar and Composition Class 7,1
CBSE,Class 7,English,Elementary English Grammar and Composition ,VERBS,,,Fill in the blank (QPG),____________ there any spoons left?,N/A,,,,,,Other,Hard,Test Learning Outcome 1,"Skillone,skilltwo",Elementary English Grammar and Composition Class 7,1
CBSE,Class 7,English,Elementary English Grammar and Composition ,VERBS,,,Fill in the blank (QPG),_____________ we met before ?,N/A,,,,,,Other,Hard,Test Learning Outcome 1,"Skillone,skilltwo",Elementary English Grammar and Composition Class 7,1
CBSE,Class 7,English,Elementary English Grammar and Composition ,VERBS,,,Fill in the blank (QPG),_____________ you know anyone in the Collector’s office?,N/A,,,,,,Other,Hard,Test Learning Outcome 1,"Skillone,skilltwo",Elementary English Grammar and Composition Class 7,1
CBSE,Class 7,English,Elementary English Grammar and Composition ,VERBS,,,Fill in the blank (QPG),"The fireman ___________ his life when he rushed into the room to save the child
from the fire. (danger)",N/A,,,,,,Other,Hard,Test Learning Outcome 1,"Skillone,skilltwo",Elementary English Grammar and Composition Class 7,1
CBSE,Class 7,English,Elementary English Grammar and Composition ,VERBS,,,Fill in the blank (QPG),A new set of clothes ____________ given to the poor orphans last night.,N/A,,,,,,Other,Hard,Test Learning Outcome 1,"Skillone,skilltwo",Elementary English Grammar and Composition Class 7,1
CBSE,Class 7,English,Elementary English Grammar and Composition ,VERBS,,,Fill in the blank (QPG),He has ___________ in Orthopaedics. (special),N/A,,,,,,Other,Hard,Test Learning Outcome 1,"Skillone,skilltwo",Elementary English Grammar and Composition Class 7,1
CBSE,Class 7,English,Elementary English Grammar and Composition ,VERBS,,,Fill in the blank (QPG),He was ___________ by his teammates when he went out to bat. (courage),N/A,,,,,,Other,Hard,Test Learning Outcome 1,"Skillone,skilltwo",Elementary English Grammar and Composition Class 7,1
CBSE,Class 7,English,Elementary English Grammar and Composition ,VERBS,,,Fill in the blank (QPG),I ____________ have the slightest idea what he meant.,N/A,,,,,,Other,Hard,Test Learning Outcome 1,"Skillone,skilltwo",Elementary English Grammar and Composition Class 7,1
CBSE,Class 7,English,Elementary English Grammar and Composition ,VERBS,,,Fill in the blank (QPG),I ____________ not go for swimming last week.,N/A,,,,,,Other,Hard,Test Learning Outcome 1,"Skillone,skilltwo",Elementary English Grammar and Composition Class 7,1
CBSE,Class 7,English,Elementary English Grammar and Composition ,VERBS,,,Fill in the blank (QPG),India cannot ___________ so many refugees from Bangladesh. (food),N/A,,,,,,Other,Hard,Test Learning Outcome 1,"Skillone,skilltwo",Elementary English Grammar and Composition Class 7,1
CBSE,Class 7,English,Elementary English Grammar and Composition ,VERBS,,,Fill in the blank (QPG),Mohan Bagan ___________ the goals in the extra five minutes. (equal),N/A,,,,,,Other,Hard,Test Learning Outcome 1,"Skillone,skilltwo",Elementary English Grammar and Composition Class 7,1
CBSE,Class 7,English,Elementary English Grammar and Composition ,VERBS,,,Fill in the blank (QPG),"My friend and I __________ a quarrel yesterday, but we ___________ made up today.",N/A,,,,,,Other,Hard,Test Learning Outcome 1,"Skillone,skilltwo",Elementary English Grammar and Composition Class 7,1
CBSE,Class 7,English,Elementary English Grammar and Composition ,VERBS,,,Fill in the blank (QPG),"Randhir usually _________ a bath in the morning, but I _________ one in the evening.",N/A,,,,,,Other,Hard,Test Learning Outcome 1,"Skillone,skilltwo",Elementary English Grammar and Composition Class 7,1
CBSE,Class 7,English,Elementary English Grammar and Composition ,VERBS,,,Fill in the blank (QPG),She _________ her face as she was shy. She had _________ herself in the trees. (hide),N/A,,,,,,Other,Hard,Test Learning Outcome 1,"Skillone,skilltwo",Elementary English Grammar and Composition Class 7,1
CBSE,Class 7,English,Elementary English Grammar and Composition ,VERBS,,,Fill in the blank (QPG),The bully tried to ___________ the young child and steal his money. (fright),N/A,,,,,,Other,Hard,Test Learning Outcome 1,"Skillone,skilltwo",Elementary English Grammar and Composition Class 7,1
CBSE,Class 7,English,Elementary English Grammar and Composition ,VERBS,,,Fill in the blank (QPG),The police could not ___________ the arrests they made in the murder case. (just),N/A,,,,,,Other,Hard,Test Learning Outcome 1,"Skillone,skilltwo",Elementary English Grammar and Composition Class 7,1
CBSE,Class 7,English,Elementary English Grammar and Composition ,VERBS,,,Fill in the blank (QPG),They _________ Joshi as their leader. They have _________ the best speaker. (choose),N/A,,,,,,Other,Hard,Test Learning Outcome 1,"Skillone,skilltwo",Elementary English Grammar and Composition Class 7,1
CBSE,Class 7,English,Elementary English Grammar and Composition ,VERBS,,,Fill in the blank (QPG),This shoe ________ one hundred rupees. One lie has often __________ a life. (cost),N/A,,,,,,Other,Hard,Test Learning Outcome 1,"Skillone,skilltwo",Elementary English Grammar and Composition Class 7,1
CBSE,Class 7,English,Elementary English Grammar and Composition ,VERBS,,,Fill in the blank (QPG),Water is ___________ by boiling. (pure),N/A,,,,,,Other,Hard,Test Learning Outcome 1,"Skillone,skilltwo",Elementary English Grammar and Composition Class 7,1
CBSE,Class 7,English,Elementary English Grammar and Composition ,VERBS,,,Fill in the blank (QPG),We had to ___________ the rope to reach the water in the well. (length),N/A,,,,,,Other,Hard,Test Learning Outcome 1,"Skillone,skilltwo",Elementary English Grammar and Composition Class 7,1
CBSE,Class 7,English,Elementary English Grammar and Composition ,VERBS,,,Fill in the blank (QPG),We must ___________ how important a clean environment is. (real),N/A,,,,,,Other,Hard,Test Learning Outcome 1,"Skillone,skilltwo",Elementary English Grammar and Composition Class 7,1
CBSE,Class 7,English,Elementary English Grammar and Composition ,VERBS,,,Fill in the blank (QPG),You ______________ all done well in last week’s Maths test.,N/A,,,,,,Other,Hard,Test Learning Outcome 1,"Skillone,skilltwo",Elementary English Grammar and Composition Class 7,1
