Board Name,Class Name,Subject Name,Series Name,Chapter Name,Topic Name,Subtopic Name,Question Type,Question,Answer,Option1,Option2,Option3,Option4,Explanation,Question Weight(optional),Difficulty Level,Learning Outcomes(optional),"Skills(optional if any seprate with comma ,)","Tags(optional if any seprate with comma ,)","Status(1==active,0=Inactive)"
CBSE,Class 3,Social Studies,Illustrative Social Studies,Chapter 1 The Earth,,,Multiple Choice Question (QPG) Test Paper, What did people in the past believe about the shape of the Earth?, It is flat, It is round like a ball, It is flat, It is square, It is triangular,,Other,Hard,Test Learning Outcome 1,"Skillone,skilltwo",Illustrative Social Studies Class 3 Chapter 1 Test Paper Generator,1
CBSE,Class 3,Social Studies,Illustrative Social Studies,Chapter 1 The Earth,,,Multiple Choice Question (QPG) Test Paper, Who started a long journey in 1519 to prove that the Earth is round?, Ferdinand Magellan, Christopher Columbus, Ferdinand Magellan, Vasco da Gama, Marco Polo,,Other,Hard,Test Learning Outcome 1,"Skillone,skilltwo",Illustrative Social Studies Class 3 Chapter 1 Test Paper Generator,1
CBSE,Class 3,Social Studies,Illustrative Social Studies,Chapter 1 The Earth,,,Multiple Choice Question (QPG) Test Paper, What percentage of the Earth's surface is covered by water?,71.00%,29.00%,50.00%,71.00%,90.00%,,Other,Hard,Test Learning Outcome 1,"Skillone,skilltwo",Illustrative Social Studies Class 3 Chapter 1 Test Paper Generator,1
CBSE,Class 3,Social Studies,Illustrative Social Studies,Chapter 1 The Earth,,,Multiple Choice Question (QPG) Test Paper, What makes the sky look blue? , Dust particles and water in the atmosphere, Dust particles and water in the atmosphere, Presence of clouds, Reflection of city lights, The colour of the sun,,Other,Hard,Test Learning Outcome 1,"Skillone,skilltwo",Illustrative Social Studies Class 3 Chapter 1 Test Paper Generator,1
CBSE,Class 3,Social Studies,Illustrative Social Studies,Chapter 1 The Earth,,,Multiple Choice Question (QPG) Test Paper, What is the meeting point of the sky and the Earth when observed from a distance? , Horizon, Coast, Valley, Horizon, Plateau,,Other,Hard,Test Learning Outcome 1,"Skillone,skilltwo",Illustrative Social Studies Class 3 Chapter 1 Test Paper Generator,1
CBSE,Class 3,Social Studies,Illustrative Social Studies,Chapter 1 The Earth,,,Multiple Choice Question (QPG) Test Paper, In what way is the Earth slightly flattened?, At the top and the bottom, At the sides, At the top and the bottom, In the middle, In a spiral shape ,,Other,Hard,Test Learning Outcome 1,"Skillone,skilltwo",Illustrative Social Studies Class 3 Chapter 1 Test Paper Generator,1
CBSE,Class 3,Social Studies,Illustrative Social Studies,Chapter 1 The Earth,,,Multiple Choice Question (QPG) Test Paper, Where did the ships return after completing the journey around the Earth?, Spain, Spain, Portugal, England, Italy ,,Other,Hard,Test Learning Outcome 1,"Skillone,skilltwo",Illustrative Social Studies Class 3 Chapter 1 Test Paper Generator,1
CBSE,Class 3,Social Studies,Illustrative Social Studies,Chapter 1 The Earth,,,Multiple Choice Question (QPG) Test Paper, Who is a sailor?, a person who sails on a ship, a person who operates heavy machinery on land, a person who studies ancient civilizations, a person who designs spacecraft, a person who sails on a ship,,Other,Hard,Test Learning Outcome 1,"Skillone,skilltwo",Illustrative Social Studies Class 3 Chapter 1 Test Paper Generator,1
CBSE,Class 3,Social Studies,Illustrative Social Studies,Chapter 1 The Earth,,,Multiple Choice Question (QPG) Test Paper,"Assertion: The sky and the Earth seem to meet at the horizon.
Reason: This meeting is an optical illusion, and in reality, the sky and Earth never physically meet.","Both Assertion and Reason are true, and Reason is the correct explanation for the Assertion. The sky and the Earth seem to meet at the horizon due to the way our eyes perceive the space around us. This meeting is indeed an optical illusion, and in reality, the sky and Earth never physically meet. The curvature of the Earth and the way light travels contribute to this visual effect."," Both Assertion and Reason are true, and Reason is the correct explanation for the Assertion"," Both Assertion and Reason are true, and Reason is the correct explanation for the Assertion"," Assertion is true, but Reason is false", Both Assertion and Reason are false,,Other,Hard,Test Learning Outcome 1,"Skillone,skilltwo",Illustrative Social Studies Class 3 Chapter 1 Test Paper Generator,1
CBSE,Class 3,Social Studies,Illustrative Social Studies,Chapter 1 The Earth,,,Multiple Choice Question (QPG) Test Paper,"Assertion: The atmosphere surrounding the Earth is essential for the survival of all living beings.
Reason: The atmosphere is composed of gases, providing air that is necessary for humans, animals, and plants to live.","Both Assertion and Reason are true, and Reason is the correct explanation for the Assertion. The atmosphere surrounding the Earth is indeed essential for the survival of all living beings. The atmosphere is composed of gases, including oxygen, which is vital for humans, animals, and plants to live. "," Both Assertion and Reason are true, and Reason is the correct explanation for the Assertion"," Both Assertion and Reason are true, but Reason is not the correct explanation for the Assertion"," Assertion is true, but Reason is false", Both Assertion and Reason are false,,Other,Hard,Test Learning Outcome 1,"Skillone,skilltwo",Illustrative Social Studies Class 3 Chapter 1 Test Paper Generator,1
CBSE,Class 3,Social Studies,Illustrative Social Studies,Chapter 1 The Earth,,,True or False (QPG), People in the past believed the Earth was flat,N\A,,,,,,Other,Hard,Test Learning Outcome 1,"Skillone,skilltwo",Illustrative Social Studies Class 3 Chapter 1 Test Paper Generator,1
CBSE,Class 3,Social Studies,Illustrative Social Studies,Chapter 1 The Earth,,,True or False (QPG), Coastal areas are areas found inland,N\A,,,,,,Other,Hard,Test Learning Outcome 1,"Skillone,skilltwo",Illustrative Social Studies Class 3 Chapter 1 Test Paper Generator,1
CBSE,Class 3,Social Studies,Illustrative Social Studies,Chapter 1 The Earth,,,True or False (QPG)," The sky has colour, and it is red during the day",N\A,,,,,,Other,Hard,Test Learning Outcome 1,"Skillone,skilltwo",Illustrative Social Studies Class 3 Chapter 1 Test Paper Generator,1
CBSE,Class 3,Social Studies,Illustrative Social Studies,Chapter 1 The Earth,,,True or False (QPG), Only human beings and animals need air to live,N\A,,,,,,Other,Hard,Test Learning Outcome 1,"Skillone,skilltwo",Illustrative Social Studies Class 3 Chapter 1 Test Paper Generator,1
CBSE,Class 3,Social Studies,Illustrative Social Studies,Chapter 1 The Earth,,,True or False (QPG), Ferdinand Magellan's journey took five years to complete,N\A,,,,,,Other,Hard,Test Learning Outcome 1,"Skillone,skilltwo",Illustrative Social Studies Class 3 Chapter 1 Test Paper Generator,1
CBSE,Class 3,Social Studies,Illustrative Social Studies,Chapter 1 The Earth,,,True or False (QPG), The Earth has edges,N\A,,,,,,Other,Hard,Test Learning Outcome 1,"Skillone,skilltwo",Illustrative Social Studies Class 3 Chapter 1 Test Paper Generator,1
CBSE,Class 3,Social Studies,Illustrative Social Studies,Chapter 1 The Earth,,,True or False (QPG), Astronauts brought back pictures of the Earth from space,N\A,,,,,,Other,Hard,Test Learning Outcome 1,"Skillone,skilltwo",Illustrative Social Studies Class 3 Chapter 1 Test Paper Generator,1
CBSE,Class 3,Social Studies,Illustrative Social Studies,Chapter 1 The Earth,,,True or False (QPG), The water surface and the sky meet at a distant point,N\A,,,,,,Other,Hard,Test Learning Outcome 1,"Skillone,skilltwo",Illustrative Social Studies Class 3 Chapter 1 Test Paper Generator,1
CBSE,Class 3,Social Studies,Illustrative Social Studies,Chapter 1 The Earth,,,True or False (QPG), Ferdinand Magellan was a Spanish sailor,N\A,,,,,,Other,Hard,Test Learning Outcome 1,"Skillone,skilltwo",Illustrative Social Studies Class 3 Chapter 1 Test Paper Generator,1
CBSE,Class 3,Social Studies,Illustrative Social Studies,Chapter 1 The Earth,,,True or False (QPG), Atmosphere is made up of only two types of gases,N\A,,,,,,Other,Hard,Test Learning Outcome 1,"Skillone,skilltwo",Illustrative Social Studies Class 3 Chapter 1 Test Paper Generator,1
CBSE,Class 3,Social Studies,Illustrative Social Studies,Chapter 1 The Earth,,,Fill in the blank (QPG), The Earth's atmosphere extends upwards for about __________ Km,N\A,,,,,,Other,Hard,Test Learning Outcome 1,"Skillone,skilltwo",Illustrative Social Studies Class 3 Chapter 1 Test Paper Generator,1
CBSE,Class 3,Social Studies,Illustrative Social Studies,Chapter 1 The Earth,,,Fill in the blank (QPG), The place where land and sea meet is called __________,N\A,,,,,,Other,Hard,Test Learning Outcome 1,"Skillone,skilltwo",Illustrative Social Studies Class 3 Chapter 1 Test Paper Generator,1
CBSE,Class 3,Social Studies,Illustrative Social Studies,Chapter 1 The Earth,,,Fill in the blank (QPG), Coastal areas are areas found along the __________,N\A,,,,,,Other,Hard,Test Learning Outcome 1,"Skillone,skilltwo",Illustrative Social Studies Class 3 Chapter 1 Test Paper Generator,1
CBSE,Class 3,Social Studies,Illustrative Social Studies,Chapter 1 The Earth,,,Fill in the blank (QPG), The sky looks blue because of ______________ scattering sunlight,N\A,,,,,,Other,Hard,Test Learning Outcome 1,"Skillone,skilltwo",Illustrative Social Studies Class 3 Chapter 1 Test Paper Generator,1
CBSE,Class 3,Social Studies,Illustrative Social Studies,Chapter 1 The Earth,,,Fill in the blank (QPG), Ferdinand Magellan started his journey with ______________ships and many sailors,N\A,,,,,,Other,Hard,Test Learning Outcome 1,"Skillone,skilltwo",Illustrative Social Studies Class 3 Chapter 1 Test Paper Generator,1
CBSE,Class 3,Social Studies,Illustrative Social Studies,Chapter 1 The Earth,,,Fill in the blank (QPG), ______________ is an area of high flat land,N\A,,,,,,Other,Hard,Test Learning Outcome 1,"Skillone,skilltwo",Illustrative Social Studies Class 3 Chapter 1 Test Paper Generator,1
CBSE,Class 3,Social Studies,Illustrative Social Studies,Chapter 1 The Earth,,,Fill in the blank (QPG)," Astronauts brought back pictures of the Earth from __________, confirming its round shape",N\A,,,,,,Other,Hard,Test Learning Outcome 1,"Skillone,skilltwo",Illustrative Social Studies Class 3 Chapter 1 Test Paper Generator,1
CBSE,Class 3,Social Studies,Illustrative Social Studies,Chapter 1 The Earth,,,Fill in the blank (QPG), Coastal areas are regions where __________ and __________ meet,N\A,,,,,,Other,Hard,Test Learning Outcome 1,"Skillone,skilltwo",Illustrative Social Studies Class 3 Chapter 1 Test Paper Generator,1
CBSE,Class 3,Social Studies,Illustrative Social Studies,Chapter 1 The Earth,,,Fill in the blank (QPG)," The layer of air surrounding the Earth, known as the __________, is essential for all living beings",N\A,,,,,,Other,Hard,Test Learning Outcome 1,"Skillone,skilltwo",Illustrative Social Studies Class 3 Chapter 1 Test Paper Generator,1
CBSE,Class 3,Social Studies,Illustrative Social Studies,Chapter 1 The Earth,,,Fill in the blank (QPG),  People residing in areas where land and sea meet often live in regions known as __________,N\A,,,,,,Other,Hard,Test Learning Outcome 1,"Skillone,skilltwo",Illustrative Social Studies Class 3 Chapter 1 Test Paper Generator,1
CBSE,Class 3,Social Studies,Illustrative Social Studies,Chapter 1 The Earth,,,Very Short Answer Questions (QPG), What is the Earth compared to in terms of its shape?,N\A,,,,,,Other,Hard,Test Learning Outcome 1,"Skillone,skilltwo",Illustrative Social Studies Class 3 Chapter 1 Test Paper Generator,1
CBSE,Class 3,Social Studies,Illustrative Social Studies,Chapter 1 The Earth,,,Very Short Answer Questions (QPG)," Is the Earth completely round, or does it have some variations in shape?",N\A,,,,,,Other,Hard,Test Learning Outcome 1,"Skillone,skilltwo",Illustrative Social Studies Class 3 Chapter 1 Test Paper Generator,1
CBSE,Class 3,Social Studies,Illustrative Social Studies,Chapter 1 The Earth,,,Very Short Answer Questions (QPG), What kind of journey did Ferdinand Magellan take?,N\A,,,,,,Other,Hard,Test Learning Outcome 1,"Skillone,skilltwo",Illustrative Social Studies Class 3 Chapter 1 Test Paper Generator,1
CBSE,Class 3,Social Studies,Illustrative Social Studies,Chapter 1 The Earth,,,Very Short Answer Questions (QPG), Where is water found on the Earth's surface?,N\A,,,,,,Other,Hard,Test Learning Outcome 1,"Skillone,skilltwo",Illustrative Social Studies Class 3 Chapter 1 Test Paper Generator,1
CBSE,Class 3,Social Studies,Illustrative Social Studies,Chapter 1 The Earth,,,Very Short Answer Questions (QPG), What are some examples of land features found in the Earth's land portion?,N\A,,,,,,Other,Hard,Test Learning Outcome 1,"Skillone,skilltwo",Illustrative Social Studies Class 3 Chapter 1 Test Paper Generator,1
CBSE,Class 3,Social Studies,Illustrative Social Studies,Chapter 1 The Earth,,,Very Short Answer Questions (QPG), What is the layer of air surrounding the Earth called?,N\A,,,,,,Other,Hard,Test Learning Outcome 1,"Skillone,skilltwo",Illustrative Social Studies Class 3 Chapter 1 Test Paper Generator,1
CBSE,Class 3,Social Studies,Illustrative Social Studies,Chapter 1 The Earth,,,Very Short Answer Questions (QPG), What is the Earth's atmosphere made up of?,N\A,,,,,,Other,Hard,Test Learning Outcome 1,"Skillone,skilltwo",Illustrative Social Studies Class 3 Chapter 1 Test Paper Generator,1
CBSE,Class 3,Social Studies,Illustrative Social Studies,Chapter 1 The Earth,,,Very Short Answer Questions (QPG), What is the meeting point of the sky and the Earth called?,N\A,,,,,,Other,Hard,Test Learning Outcome 1,"Skillone,skilltwo",Illustrative Social Studies Class 3 Chapter 1 Test Paper Generator,1
CBSE,Class 3,Social Studies,Illustrative Social Studies,Chapter 1 The Earth,,,Very Short Answer Questions (QPG), Do the Earth and the sky physically meet at the horizon?,N\A,,,,,,Other,Hard,Test Learning Outcome 1,"Skillone,skilltwo",Illustrative Social Studies Class 3 Chapter 1 Test Paper Generator,1
CBSE,Class 3,Social Studies,Illustrative Social Studies,Chapter 1 The Earth,,,Very Short Answer Questions (QPG), What percentage of the Earth's surface is land?,N\A,,,,,,Other,Hard,Test Learning Outcome 1,"Skillone,skilltwo",Illustrative Social Studies Class 3 Chapter 1 Test Paper Generator,1
CBSE,Class 3,Social Studies,Illustrative Social Studies,Chapter 1 The Earth,,,Short Answer Questions (QPG)," Why do human beings, animals, and plants need air to live?",N\A,,,,,,Other,Hard,Test Learning Outcome 1,"Skillone,skilltwo",Illustrative Social Studies Class 3 Chapter 1 Test Paper Generator,1
CBSE,Class 3,Social Studies,Illustrative Social Studies,Chapter 1 The Earth,,,Short Answer Questions (QPG), What did the journey of Ferdinand Magellan reveal about the Earth's edges?,N\A,,,,,,Other,Hard,Test Learning Outcome 1,"Skillone,skilltwo",Illustrative Social Studies Class 3 Chapter 1 Test Paper Generator,1
CBSE,Class 3,Social Studies,Illustrative Social Studies,Chapter 1 The Earth,,,Short Answer Questions (QPG), How did astronauts later confirm the shape of the Earth?,N\A,,,,,,Other,Hard,Test Learning Outcome 1,"Skillone,skilltwo",Illustrative Social Studies Class 3 Chapter 1 Test Paper Generator,1
CBSE,Class 3,Social Studies,Illustrative Social Studies,Chapter 1 The Earth,,,Short Answer Questions (QPG)," What is the Earth slightly flattened at, and where does it bulge?",N\A,,,,,,Other,Hard,Test Learning Outcome 1,"Skillone,skilltwo",Illustrative Social Studies Class 3 Chapter 1 Test Paper Generator,1
CBSE,Class 3,Social Studies,Illustrative Social Studies,Chapter 1 The Earth,,,Short Answer Questions (QPG)," If you could sail around the Earth like Magellan, what would you bring with you?",N\A,,,,,,Other,Hard,Test Learning Outcome 1,"Skillone,skilltwo",Illustrative Social Studies Class 3 Chapter 1 Test Paper Generator,1
CBSE,Class 3,Social Studies,Illustrative Social Studies,Chapter 1 The Earth,,,Short Answer Questions (QPG), How high does the Earth's atmosphere extend?,N\A,,,,,,Other,Hard,Test Learning Outcome 1,"Skillone,skilltwo",Illustrative Social Studies Class 3 Chapter 1 Test Paper Generator,1
CBSE,Class 3,Social Studies,Illustrative Social Studies,Chapter 1 The Earth,,,Short Answer Questions (QPG), What does the sky look like from space?,N\A,,,,,,Other,Hard,Test Learning Outcome 1,"Skillone,skilltwo",Illustrative Social Studies Class 3 Chapter 1 Test Paper Generator,1
CBSE,Class 3,Social Studies,Illustrative Social Studies,Chapter 1 The Earth,,,Short Answer Questions (QPG)," When we stand on the coast and look towards the sea, what do we see?",N\A,,,,,,Other,Hard,Test Learning Outcome 1,"Skillone,skilltwo",Illustrative Social Studies Class 3 Chapter 1 Test Paper Generator,1
CBSE,Class 3,Social Studies,Illustrative Social Studies,Chapter 1 The Earth,,,Short Answer Questions (QPG)," Where did Magellan and his crew start their journey, and where did they end up?",N\A,,,,,,Other,Hard,Test Learning Outcome 1,"Skillone,skilltwo",Illustrative Social Studies Class 3 Chapter 1 Test Paper Generator,1
CBSE,Class 3,Social Studies,Illustrative Social Studies,Chapter 1 The Earth,,,Short Answer Questions (QPG), What does the sky look like from space?,N\A,,,,,,Other,Hard,Test Learning Outcome 1,"Skillone,skilltwo",Illustrative Social Studies Class 3 Chapter 1 Test Paper Generator,1
CBSE,Class 3,Social Studies,Illustrative Social Studies,Chapter 1 The Earth,,,Long Answer Questions (QPG), Explain why the sky and Earth appear to meet at the horizon when viewed from a great distance,N\A,,,,,,Other,Hard,Test Learning Outcome 1,"Skillone,skilltwo",Illustrative Social Studies Class 3 Chapter 1 Test Paper Generator,1
CBSE,Class 3,Social Studies,Illustrative Social Studies,Chapter 1 The Earth,,,Long Answer Questions (QPG), How did Magellan's journey impact the understanding of the Earth's shape?,N\A,,,,,,Other,Hard,Test Learning Outcome 1,"Skillone,skilltwo",Illustrative Social Studies Class 3 Chapter 1 Test Paper Generator,1
CBSE,Class 3,Social Studies,Illustrative Social Studies,Chapter 1 The Earth,,,Long Answer Questions (QPG), How do dust particles and water in the atmosphere contribute to the color of the sky?,N\A,,,,,,Other,Hard,Test Learning Outcome 1,"Skillone,skilltwo",Illustrative Social Studies Class 3 Chapter 1 Test Paper Generator,1
CBSE,Class 3,Social Studies,Illustrative Social Studies,Chapter 1 The Earth,,,Long Answer Questions (QPG), What are some fun activities you can do on the coast? List our any five,N\A,,,,,,Other,Hard,Test Learning Outcome 1,"Skillone,skilltwo",Illustrative Social Studies Class 3 Chapter 1 Test Paper Generator,1
CBSE,Class 3,Social Studies,Illustrative Social Studies,Chapter 1 The Earth,,,Long Answer Questions (QPG), Why do many people choose to live on the coast?,N\A,,,,,,Other,Hard,Test Learning Outcome 1,"Skillone,skilltwo",Illustrative Social Studies Class 3 Chapter 1 Test Paper Generator,1
CBSE,Class 3,Social Studies,Illustrative Social Studies,Chapter 1 The Earth,,,Long Answer Questions (QPG), How do dust particles and water in the atmosphere contribute to the color of the sky?,N\A,,,,,,Other,Hard,Test Learning Outcome 1,"Skillone,skilltwo",Illustrative Social Studies Class 3 Chapter 1 Test Paper Generator,1
CBSE,Class 3,Social Studies,Illustrative Social Studies,Chapter 1 The Earth,,,Long Answer Questions (QPG)," Define the horizon and explain why the Earth and the sky, when observed from a distance, appear to meet",N\A,,,,,,Other,Hard,Test Learning Outcome 1,"Skillone,skilltwo",Illustrative Social Studies Class 3 Chapter 1 Test Paper Generator,1
CBSE,Class 3,Social Studies,Illustrative Social Studies,Chapter 1 The Earth,,,Long Answer Questions (QPG)," If you could visit any coastal area in the world, where would you go and why?",N\A,,,,,,Other,Hard,Test Learning Outcome 1,"Skillone,skilltwo",Illustrative Social Studies Class 3 Chapter 1 Test Paper Generator,1
CBSE,Class 3,Social Studies,Illustrative Social Studies,Chapter 1 The Earth,,,Long Answer Questions (QPG)," Why is air important for all living things, including you?",N\A,,,,,,Other,Hard,Test Learning Outcome 1,"Skillone,skilltwo",Illustrative Social Studies Class 3 Chapter 1 Test Paper Generator,1
CBSE,Class 3,Social Studies,Illustrative Social Studies,Chapter 1 The Earth,,,Long Answer Questions (QPG), Can you think of other objects in nature that have a round shape? What are some everyday things that are shaped like a ball?,N\A,,,,,,Other,Hard,Test Learning Outcome 1,"Skillone,skilltwo",Illustrative Social Studies Class 3 Chapter 1 Test Paper Generator,1
CBSE,Class 3,Social Studies,Illustrative Social Studies,Chapter 2 How Our Earth Looks,,,Multiple Choice Question (QPG) Test Paper, What is the largest ocean in the world?, The Pacific Ocean, The Pacific Ocean, The Atlantic Ocean, The Indian Ocean, The Arctic Ocean,,Other,Hard,Test Learning Outcome 1,"Skillone,skilltwo",Illustrative Social Studies Class 3 Chapter 2 Test Paper Generator,1
CBSE,Class 3,Social Studies,Illustrative Social Studies,Chapter 2 How Our Earth Looks,,,Multiple Choice Question (QPG) Test Paper, Which of the following is NOT a continent?, Greenland, Asia, Africa, Antarctica, Greenland,,Other,Hard,Test Learning Outcome 1,"Skillone,skilltwo",Illustrative Social Studies Class 3 Chapter 2 Test Paper Generator,1
CBSE,Class 3,Social Studies,Illustrative Social Studies,Chapter 2 How Our Earth Looks,,,Multiple Choice Question (QPG) Test Paper, What can you use to see the details of a small country on a globe?, A magnifying glass, Your eyes, A magnifying glass, A book, A drawing ,,Other,Hard,Test Learning Outcome 1,"Skillone,skilltwo",Illustrative Social Studies Class 3 Chapter 2 Test Paper Generator,1
CBSE,Class 3,Social Studies,Illustrative Social Studies,Chapter 2 How Our Earth Looks,,,Multiple Choice Question (QPG) Test Paper, What shows the large areas of land on the Earth?, Continents, Oceans, Mountains , Continents, Rivers,,Other,Hard,Test Learning Outcome 1,"Skillone,skilltwo",Illustrative Social Studies Class 3 Chapter 2 Test Paper Generator,1
CBSE,Class 3,Social Studies,Illustrative Social Studies,Chapter 2 How Our Earth Looks,,,Multiple Choice Question (QPG) Test Paper, What do we use to see the details of countries on Earth?, Map, Globe, Map , Stand, Book,,Other,Hard,Test Learning Outcome 1,"Skillone,skilltwo",Illustrative Social Studies Class 3 Chapter 2 Test Paper Generator,1
CBSE,Class 3,Social Studies,Illustrative Social Studies,Chapter 2 How Our Earth Looks,,,Multiple Choice Question (QPG) Test Paper, How many oceans are there in the world?,5,3,5,7,10,,Other,Hard,Test Learning Outcome 1,"Skillone,skilltwo",Illustrative Social Studies Class 3 Chapter 2 Test Paper Generator,1
CBSE,Class 3,Social Studies,Illustrative Social Studies,Chapter 2 How Our Earth Looks,,,Multiple Choice Question (QPG) Test Paper, How many continents are there on Earth?,7,5,7,9,11,,Other,Hard,Test Learning Outcome 1,"Skillone,skilltwo",Illustrative Social Studies Class 3 Chapter 2 Test Paper Generator,1
CBSE,Class 3,Social Studies,Illustrative Social Studies,Chapter 2 How Our Earth Looks,,,Multiple Choice Question (QPG) Test Paper, What is usually used to mount a globe? , Plastic stand, Wooden base, Metal rod, Plastic stand, Glass surface,,Other,Hard,Test Learning Outcome 1,"Skillone,skilltwo",Illustrative Social Studies Class 3 Chapter 2 Test Paper Generator,1
CBSE,Class 3,Social Studies,Illustrative Social Studies,Chapter 2 How Our Earth Looks,,,Multiple Choice Question (QPG) Test Paper,"Assertion: Continents are the large landmasses on Earth. 
Reason: There are seven oceans in the world.","Both A and R are true, but R doesn't explain A. Continents are indeed the large landmasses on Earth, and there are seven continents, not oceans. The reason given doesn't correctly explain the assertion."," Both A and R are true, but R doesn't explain A"," Both A and R are true, and R explains A"," A is true, but R is false"," A is false, but R is true",,Other,Hard,Test Learning Outcome 1,"Skillone,skilltwo",Illustrative Social Studies Class 3 Chapter 2 Test Paper Generator,1
CBSE,Class 3,Social Studies,Illustrative Social Studies,Chapter 2 How Our Earth Looks,,,Multiple Choice Question (QPG) Test Paper,"Assertion: We can turn a globe easily. 
Reason: It has a metal rod through its center.","Both A and R are true, and R explains A. The metal rod acts as a pivot point, allowing the globe to spin smoothly around its axis."," Both A and R are true, and R explains A"," Both A and R are true, but R doesn't explain A"," A is true, but R is false"," A is false, but R is true",,Other,Hard,Test Learning Outcome 1,"Skillone,skilltwo",Illustrative Social Studies Class 3 Chapter 2 Test Paper Generator,1
CBSE,Class 3,Social Studies,Illustrative Social Studies,Chapter 2 How Our Earth Looks,,,True or False (QPG), The Earth is so small that we can see its entire surface at once,N\A,,,,,,Other,Hard,Test Learning Outcome 1,"Skillone,skilltwo",Illustrative Social Studies Class 3 Chapter 2 Test Paper Generator,1
CBSE,Class 3,Social Studies,Illustrative Social Studies,Chapter 2 How Our Earth Looks,,,True or False (QPG), A globe is a tiny picture of the Earth,N\A,,,,,,Other,Hard,Test Learning Outcome 1,"Skillone,skilltwo",Illustrative Social Studies Class 3 Chapter 2 Test Paper Generator,1
CBSE,Class 3,Social Studies,Illustrative Social Studies,Chapter 2 How Our Earth Looks,,,True or False (QPG), We can spin a globe easily because it has a metal stick through its center,N\A,,,,,,Other,Hard,Test Learning Outcome 1,"Skillone,skilltwo",Illustrative Social Studies Class 3 Chapter 2 Test Paper Generator,1
CBSE,Class 3,Social Studies,Illustrative Social Studies,Chapter 2 How Our Earth Looks,,,True or False (QPG), There are six continents on Earth,N\A,,,,,,Other,Hard,Test Learning Outcome 1,"Skillone,skilltwo",Illustrative Social Studies Class 3 Chapter 2 Test Paper Generator,1
CBSE,Class 3,Social Studies,Illustrative Social Studies,Chapter 2 How Our Earth Looks,,,True or False (QPG), Oceans cover 91% of the Earth's surface,N\A,,,,,,Other,Hard,Test Learning Outcome 1,"Skillone,skilltwo",Illustrative Social Studies Class 3 Chapter 2 Test Paper Generator,1
CBSE,Class 3,Social Studies,Illustrative Social Studies,Chapter 2 How Our Earth Looks,,,True or False (QPG), Most of the Earth's surface is covered with land,N\A,,,,,,Other,Hard,Test Learning Outcome 1,"Skillone,skilltwo",Illustrative Social Studies Class 3 Chapter 2 Test Paper Generator,1
CBSE,Class 3,Social Studies,Illustrative Social Studies,Chapter 2 How Our Earth Looks,,,True or False (QPG), Maps can be folded and carried in our pockets,N\A,,,,,,Other,Hard,Test Learning Outcome 1,"Skillone,skilltwo",Illustrative Social Studies Class 3 Chapter 2 Test Paper Generator,1
CBSE,Class 3,Social Studies,Illustrative Social Studies,Chapter 2 How Our Earth Looks,,,True or False (QPG), The top of a map always points North,N\A,,,,,,Other,Hard,Test Learning Outcome 1,"Skillone,skilltwo",Illustrative Social Studies Class 3 Chapter 2 Test Paper Generator,1
CBSE,Class 3,Social Studies,Illustrative Social Studies,Chapter 2 How Our Earth Looks,,,True or False (QPG), Antarctica is the only continent completely covered in ice,N\A,,,,,,Other,Hard,Test Learning Outcome 1,"Skillone,skilltwo",Illustrative Social Studies Class 3 Chapter 2 Test Paper Generator,1
CBSE,Class 3,Social Studies,Illustrative Social Studies,Chapter 2 How Our Earth Looks,,,True or False (QPG), Maps are three-dimensional representations of the Earth's surface,N\A,,,,,,Other,Hard,Test Learning Outcome 1,"Skillone,skilltwo",Illustrative Social Studies Class 3 Chapter 2 Test Paper Generator,1
CBSE,Class 3,Social Studies,Illustrative Social Studies,Chapter 2 How Our Earth Looks,,,Fill in the blank (QPG)," A metal rod passes through the center of the globe, allowing it to easily __________",N\A,,,,,,Other,Hard,Test Learning Outcome 1,"Skillone,skilltwo",Illustrative Social Studies Class 3 Chapter 2 Test Paper Generator,1
CBSE,Class 3,Social Studies,Illustrative Social Studies,Chapter 2 How Our Earth Looks,,,Fill in the blank (QPG), Maps are drawings of the Earth on a __________ surface,N\A,,,,,,Other,Hard,Test Learning Outcome 1,"Skillone,skilltwo",Illustrative Social Studies Class 3 Chapter 2 Test Paper Generator,1
CBSE,Class 3,Social Studies,Illustrative Social Studies,Chapter 2 How Our Earth Looks,,,Fill in the blank (QPG)," Small maps can be pasted in books, folded, and kept in our __________",N\A,,,,,,Other,Hard,Test Learning Outcome 1,"Skillone,skilltwo",Illustrative Social Studies Class 3 Chapter 2 Test Paper Generator,1
CBSE,Class 3,Social Studies,Illustrative Social Studies,Chapter 2 How Our Earth Looks,,,Fill in the blank (QPG), The blue part on the globe represents the __________ on Earth,N\A,,,,,,Other,Hard,Test Learning Outcome 1,"Skillone,skilltwo",Illustrative Social Studies Class 3 Chapter 2 Test Paper Generator,1
CBSE,Class 3,Social Studies,Illustrative Social Studies,Chapter 2 How Our Earth Looks,,,Fill in the blank (QPG), The remaining 29% of the Earth is covered with __________,N\A,,,,,,Other,Hard,Test Learning Outcome 1,"Skillone,skilltwo",Illustrative Social Studies Class 3 Chapter 2 Test Paper Generator,1
CBSE,Class 3,Social Studies,Illustrative Social Studies,Chapter 2 How Our Earth Looks,,,Fill in the blank (QPG), Maps help us see the details of different __________ on Earth,N\A,,,,,,Other,Hard,Test Learning Outcome 1,"Skillone,skilltwo",Illustrative Social Studies Class 3 Chapter 2 Test Paper Generator,1
CBSE,Class 3,Social Studies,Illustrative Social Studies,Chapter 2 How Our Earth Looks,,,Fill in the blank (QPG), We cannot see the whole Earth because it is very __________,N\A,,,,,,Other,Hard,Test Learning Outcome 1,"Skillone,skilltwo",Illustrative Social Studies Class 3 Chapter 2 Test Paper Generator,1
CBSE,Class 3,Social Studies,Illustrative Social Studies,Chapter 2 How Our Earth Looks,,,Fill in the blank (QPG)," To see the details of countries, we use a ______________",N\A,,,,,,Other,Hard,Test Learning Outcome 1,"Skillone,skilltwo",Illustrative Social Studies Class 3 Chapter 2 Test Paper Generator,1
CBSE,Class 3,Social Studies,Illustrative Social Studies,Chapter 2 How Our Earth Looks,,,Fill in the blank (QPG), Large water bodies on Earth are called _____________,N\A,,,,,,Other,Hard,Test Learning Outcome 1,"Skillone,skilltwo",Illustrative Social Studies Class 3 Chapter 2 Test Paper Generator,1
CBSE,Class 3,Social Studies,Illustrative Social Studies,Chapter 2 How Our Earth Looks,,,Fill in the blank (QPG), Large areas of land on Earth are called ____________,N\A,,,,,,Other,Hard,Test Learning Outcome 1,"Skillone,skilltwo",Illustrative Social Studies Class 3 Chapter 2 Test Paper Generator,1
CBSE,Class 3,Social Studies,Illustrative Social Studies,Chapter 2 How Our Earth Looks,,,Very Short Answer Questions (QPG), Which colour commonly represents North on a map?,N\A,,,,,,Other,Hard,Test Learning Outcome 1,"Skillone,skilltwo",Illustrative Social Studies Class 3 Chapter 2 Test Paper Generator,1
CBSE,Class 3,Social Studies,Illustrative Social Studies,Chapter 2 How Our Earth Looks,,,Very Short Answer Questions (QPG), Can you name one of the seven continents?,N\A,,,,,,Other,Hard,Test Learning Outcome 1,"Skillone,skilltwo",Illustrative Social Studies Class 3 Chapter 2 Test Paper Generator,1
CBSE,Class 3,Social Studies,Illustrative Social Studies,Chapter 2 How Our Earth Looks,,,Very Short Answer Questions (QPG), What does a globe show on its surface?,N\A,,,,,,Other,Hard,Test Learning Outcome 1,"Skillone,skilltwo",Illustrative Social Studies Class 3 Chapter 2 Test Paper Generator,1
CBSE,Class 3,Social Studies,Illustrative Social Studies,Chapter 2 How Our Earth Looks,,,Very Short Answer Questions (QPG), What is a drawing of the whole or a part of the Earth on a flat surface called?,N\A,,,,,,Other,Hard,Test Learning Outcome 1,"Skillone,skilltwo",Illustrative Social Studies Class 3 Chapter 2 Test Paper Generator,1
CBSE,Class 3,Social Studies,Illustrative Social Studies,Chapter 2 How Our Earth Looks,,,Very Short Answer Questions (QPG), Can you see the entire Earth at once?,N\A,,,,,,Other,Hard,Test Learning Outcome 1,"Skillone,skilltwo",Illustrative Social Studies Class 3 Chapter 2 Test Paper Generator,1
CBSE,Class 3,Social Studies,Illustrative Social Studies,Chapter 2 How Our Earth Looks,,,Very Short Answer Questions (QPG), What is the Earth like in size?,N\A,,,,,,Other,Hard,Test Learning Outcome 1,"Skillone,skilltwo",Illustrative Social Studies Class 3 Chapter 2 Test Paper Generator,1
CBSE,Class 3,Social Studies,Illustrative Social Studies,Chapter 2 How Our Earth Looks,,,Very Short Answer Questions (QPG), What is another name for a model of the Earth?,N\A,,,,,,Other,Hard,Test Learning Outcome 1,"Skillone,skilltwo",Illustrative Social Studies Class 3 Chapter 2 Test Paper Generator,1
CBSE,Class 3,Social Studies,Illustrative Social Studies,Chapter 2 How Our Earth Looks,,,Very Short Answer Questions (QPG), Which is the smallest continent?,N\A,,,,,,Other,Hard,Test Learning Outcome 1,"Skillone,skilltwo",Illustrative Social Studies Class 3 Chapter 2 Test Paper Generator,1
CBSE,Class 3,Social Studies,Illustrative Social Studies,Chapter 2 How Our Earth Looks,,,Very Short Answer Questions (QPG), How many cardinal directions are used on maps?,N\A,,,,,,Other,Hard,Test Learning Outcome 1,"Skillone,skilltwo",Illustrative Social Studies Class 3 Chapter 2 Test Paper Generator,1
CBSE,Class 3,Social Studies,Illustrative Social Studies,Chapter 2 How Our Earth Looks,,,Very Short Answer Questions (QPG), What are the large water bodies on Earth called?,N\A,,,,,,Other,Hard,Test Learning Outcome 1,"Skillone,skilltwo",Illustrative Social Studies Class 3 Chapter 2 Test Paper Generator,1
CBSE,Class 3,Social Studies,Illustrative Social Studies,Chapter 2 How Our Earth Looks,,,Short Answer Questions (QPG), Why do we use maps?,N\A,,,,,,Other,Hard,Test Learning Outcome 1,"Skillone,skilltwo",Illustrative Social Studies Class 3 Chapter 2 Test Paper Generator,1
CBSE,Class 3,Social Studies,Illustrative Social Studies,Chapter 2 How Our Earth Looks,,,Short Answer Questions (QPG), How is a globe shaped?,N\A,,,,,,Other,Hard,Test Learning Outcome 1,"Skillone,skilltwo",Illustrative Social Studies Class 3 Chapter 2 Test Paper Generator,1
CBSE,Class 3,Social Studies,Illustrative Social Studies,Chapter 2 How Our Earth Looks,,,Short Answer Questions (QPG), What are some different types of maps?,N\A,,,,,,Other,Hard,Test Learning Outcome 1,"Skillone,skilltwo",Illustrative Social Studies Class 3 Chapter 2 Test Paper Generator,1
CBSE,Class 3,Social Studies,Illustrative Social Studies,Chapter 2 How Our Earth Looks,,,Short Answer Questions (QPG), Can you spin a globe?,N\A,,,,,,Other,Hard,Test Learning Outcome 1,"Skillone,skilltwo",Illustrative Social Studies Class 3 Chapter 2 Test Paper Generator,1
CBSE,Class 3,Social Studies,Illustrative Social Studies,Chapter 2 How Our Earth Looks,,,Short Answer Questions (QPG), Where can small maps be pasted?,N\A,,,,,,Other,Hard,Test Learning Outcome 1,"Skillone,skilltwo",Illustrative Social Studies Class 3 Chapter 2 Test Paper Generator,1
CBSE,Class 3,Social Studies,Illustrative Social Studies,Chapter 2 How Our Earth Looks,,,Short Answer Questions (QPG), What do continents represent on the globe?,N\A,,,,,,Other,Hard,Test Learning Outcome 1,"Skillone,skilltwo",Illustrative Social Studies Class 3 Chapter 2 Test Paper Generator,1
CBSE,Class 3,Social Studies,Illustrative Social Studies,Chapter 2 How Our Earth Looks,,,Short Answer Questions (QPG), What tool can help us find North on a map or in real life?,N\A,,,,,,Other,Hard,Test Learning Outcome 1,"Skillone,skilltwo",Illustrative Social Studies Class 3 Chapter 2 Test Paper Generator,1
CBSE,Class 3,Social Studies,Illustrative Social Studies,Chapter 2 How Our Earth Looks,,,Short Answer Questions (QPG)," What is to the right on the map, and what is to the left?",N\A,,,,,,Other,Hard,Test Learning Outcome 1,"Skillone,skilltwo",Illustrative Social Studies Class 3 Chapter 2 Test Paper Generator,1
CBSE,Class 3,Social Studies,Illustrative Social Studies,Chapter 2 How Our Earth Looks,,,Short Answer Questions (QPG), What does the bottom part of the map signify?,N\A,,,,,,Other,Hard,Test Learning Outcome 1,"Skillone,skilltwo",Illustrative Social Studies Class 3 Chapter 2 Test Paper Generator,1
CBSE,Class 3,Social Studies,Illustrative Social Studies,Chapter 2 How Our Earth Looks,,,Short Answer Questions (QPG), What does the compass needle always point to?,N\A,,,,,,Other,Hard,Test Learning Outcome 1,"Skillone,skilltwo",Illustrative Social Studies Class 3 Chapter 2 Test Paper Generator,1
CBSE,Class 3,Social Studies,Illustrative Social Studies,Chapter 2 How Our Earth Looks,,,Long Answer Questions (QPG), Why is it difficult to see the details of every country on the globe?,N\A,,,,,,Other,Hard,Test Learning Outcome 1,"Skillone,skilltwo",Illustrative Social Studies Class 3 Chapter 2 Test Paper Generator,1
CBSE,Class 3,Social Studies,Illustrative Social Studies,Chapter 2 How Our Earth Looks,,,Long Answer Questions (QPG)," Can you explain what East, West, North, and South mean on a map and why they are important?",N\A,,,,,,Other,Hard,Test Learning Outcome 1,"Skillone,skilltwo",Illustrative Social Studies Class 3 Chapter 2 Test Paper Generator,1
CBSE,Class 3,Social Studies,Illustrative Social Studies,Chapter 2 How Our Earth Looks,,,Long Answer Questions (QPG), What is the difference between a compass and a map in terms of their function and usefulness for finding directions?,N\A,,,,,,Other,Hard,Test Learning Outcome 1,"Skillone,skilltwo",Illustrative Social Studies Class 3 Chapter 2 Test Paper Generator,1
CBSE,Class 3,Social Studies,Illustrative Social Studies,Chapter 2 How Our Earth Looks,,,Long Answer Questions (QPG), Can you give examples of how knowing directions on a map can help you in your everyday life?,N\A,,,,,,Other,Hard,Test Learning Outcome 1,"Skillone,skilltwo",Illustrative Social Studies Class 3 Chapter 2 Test Paper Generator,1
CBSE,Class 3,Social Studies,Illustrative Social Studies,Chapter 2 How Our Earth Looks,,,Long Answer Questions (QPG), Discuss the role of a compass in helping people navigate through different terrains,N\A,,,,,,Other,Hard,Test Learning Outcome 1,"Skillone,skilltwo",Illustrative Social Studies Class 3 Chapter 2 Test Paper Generator,1
CBSE,Class 3,Social Studies,Illustrative Social Studies,Chapter 2 How Our Earth Looks,,,Long Answer Questions (QPG), How is a map different from a globe?,N\A,,,,,,Other,Hard,Test Learning Outcome 1,"Skillone,skilltwo",Illustrative Social Studies Class 3 Chapter 2 Test Paper Generator,1
CBSE,Class 3,Social Studies,Illustrative Social Studies,Chapter 2 How Our Earth Looks,,,Long Answer Questions (QPG), Write down the distribution of water and land on the Earth's surface.  Include information about oceans and continents and their proportions,N\A,,,,,,Other,Hard,Test Learning Outcome 1,"Skillone,skilltwo",Illustrative Social Studies Class 3 Chapter 2 Test Paper Generator,1
CBSE,Class 3,Social Studies,Illustrative Social Studies,Chapter 2 How Our Earth Looks,,,Long Answer Questions (QPG)," Besides places on the Earth, what other information can you find on a map?",N\A,,,,,,Other,Hard,Test Learning Outcome 1,"Skillone,skilltwo",Illustrative Social Studies Class 3 Chapter 2 Test Paper Generator,1
CBSE,Class 3,Social Studies,Illustrative Social Studies,Chapter 2 How Our Earth Looks,,,Long Answer Questions (QPG)," What are continents, and why are they shown on a globe?",N\A,,,,,,Other,Hard,Test Learning Outcome 1,"Skillone,skilltwo",Illustrative Social Studies Class 3 Chapter 2 Test Paper Generator,1
CBSE,Class 3,Social Studies,Illustrative Social Studies,Chapter 2 How Our Earth Looks,,,Long Answer Questions (QPG)," What is an atlas, and why is it called a book of maps? What else can you find in an atlas?",N\A,,,,,,Other,Hard,Test Learning Outcome 1,"Skillone,skilltwo",Illustrative Social Studies Class 3 Chapter 2 Test Paper Generator,1
CBSE,Class 3,Social Studies,Illustrative Social Studies,Chapter 3 Our Country India,,,Multiple Choice Question (QPG) Test Paper, Which river is not mentioned as flowing through the Northern Plains?, Godavari, Ganga, Yamuna, Brahmaputra, Godavari,,Other,Hard,Test Learning Outcome 1,"Skillone,skilltwo",Illustrative Social Studies Class 3 Chapter 3 Test Paper Generator,1
CBSE,Class 3,Social Studies,Illustrative Social Studies,Chapter 3 Our Country India,,,Multiple Choice Question (QPG) Test Paper, What is the name of the desert in the north-western part of India?, Thar Desert, Sahara Desert, Gobi Desert, Thar Desert, Kalahari Desert,,Other,Hard,Test Learning Outcome 1,"Skillone,skilltwo",Illustrative Social Studies Class 3 Chapter 3 Test Paper Generator,1
CBSE,Class 3,Social Studies,Illustrative Social Studies,Chapter 3 Our Country India,,,Multiple Choice Question (QPG) Test Paper, What is the term for a large area of land having very little water and few plants?, Desert, Plateau, Desert, Peninsula, Plain,,Other,Hard,Test Learning Outcome 1,"Skillone,skilltwo",Illustrative Social Studies Class 3 Chapter 3 Test Paper Generator,1
CBSE,Class 3,Social Studies,Illustrative Social Studies,Chapter 3 Our Country India,,,Multiple Choice Question (QPG) Test Paper, Which factor contributes to different climates in different parts of India?," Presence of mountains, rivers, and forests", Presence of islands, Presence of plains," Presence of mountains, rivers, and forests", Presence of plateaus,,Other,Hard,Test Learning Outcome 1,"Skillone,skilltwo",Illustrative Social Studies Class 3 Chapter 3 Test Paper Generator,1
CBSE,Class 3,Social Studies,Illustrative Social Studies,Chapter 3 Our Country India,,,Multiple Choice Question (QPG) Test Paper," Which mountain range has some of the highest mountains in the world, including Mount Everest?", Himalayan Range, Rocky Mountains, Andes Mountains, Himalayan Range, Alps Mountain Range,,Other,Hard,Test Learning Outcome 1,"Skillone,skilltwo",Illustrative Social Studies Class 3 Chapter 3 Test Paper Generator,1
CBSE,Class 3,Social Studies,Illustrative Social Studies,Chapter 3 Our Country India,,,Multiple Choice Question (QPG) Test Paper, How many states are there in India?,28,26,28,29,27,,Other,Hard,Test Learning Outcome 1,"Skillone,skilltwo",Illustrative Social Studies Class 3 Chapter 3 Test Paper Generator,1
CBSE,Class 3,Social Studies,Illustrative Social Studies,Chapter 3 Our Country India,,,Multiple Choice Question (QPG) Test Paper, Hyderabad is the capital of which state?, Telangana, Telangana, Andhra Pradesh, Arunachal Pradesh, Tamil Nadu,,Other,Hard,Test Learning Outcome 1,"Skillone,skilltwo",Illustrative Social Studies Class 3 Chapter 3 Test Paper Generator,1
CBSE,Class 3,Social Studies,Illustrative Social Studies,Chapter 3 Our Country India,,,Multiple Choice Question (QPG) Test Paper, What is the term for land surrounded by water on three sides?, Peninsula, Peninsula, Island, Coast, Mountain Range,,Other,Hard,Test Learning Outcome 1,"Skillone,skilltwo",Illustrative Social Studies Class 3 Chapter 3 Test Paper Generator,1
CBSE,Class 3,Social Studies,Illustrative Social Studies,Chapter 3 Our Country India,,,Multiple Choice Question (QPG) Test Paper,"Assertion: Coastal plains in India are low-lying flat lands.
Reason: Coastal plains are found along the Eastern and Western Coasts of India.","Both Assertion and Reason are true, and Reason is the correct explanation of Assertion. Coastal plains in India are indeed low-lying flat lands, and they are found along both the Eastern and Western Coasts.","Both Assertion and Reason are true, and Reason is the correct explanation of Assertion","Both Assertion and Reason are true, but Reason is not the correct explanation of Assertion","Assertion is true, but Reason is false","Assertion is false, but Reason is true.",,Other,Hard,Test Learning Outcome 1,"Skillone,skilltwo",Illustrative Social Studies Class 3 Chapter 3 Test Paper Generator,1
CBSE,Class 3,Social Studies,Illustrative Social Studies,Chapter 3 Our Country India,,,Multiple Choice Question (QPG) Test Paper,"Assertion: The Southern Plateaus of India cover the largest part of the country.
Reason: The land in the Southern Plateaus is rocky and less fertile than the plains.","Both Assertion and Reason are true, but Reason is not the correct explanation of Assertion. While the Southern Plateaus of India cover a significant part of the country and are rocky, the assertion and reason are not directly related.","Both Assertion and Reason are true, and Reason is the correct explanation of Assertion","Both Assertion and Reason are true, but Reason is not the correct explanation of Assertion.","Assertion is true, but Reason is false","Assertion is false, but Reason is true.",,Other,Hard,Test Learning Outcome 1,"Skillone,skilltwo",Illustrative Social Studies Class 3 Chapter 3 Test Paper Generator,1
CBSE,Class 3,Social Studies,Illustrative Social Studies,Chapter 3 Our Country India,,,True or False (QPG), India is the largest country in the world,N\A,,,,,,Other,Hard,Test Learning Outcome 1,"Skillone,skilltwo",Illustrative Social Studies Class 3 Chapter 3 Test Paper Generator,1
CBSE,Class 3,Social Studies,Illustrative Social Studies,Chapter 3 Our Country India,,,True or False (QPG), The Great Himalayan Range is located in southern India,N\A,,,,,,Other,Hard,Test Learning Outcome 1,"Skillone,skilltwo",Illustrative Social Studies Class 3 Chapter 3 Test Paper Generator,1
CBSE,Class 3,Social Studies,Illustrative Social Studies,Chapter 3 Our Country India,,,True or False (QPG), The Southern Plateaus of India are more fertile than the plains,N\A,,,,,,Other,Hard,Test Learning Outcome 1,"Skillone,skilltwo",Illustrative Social Studies Class 3 Chapter 3 Test Paper Generator,1
CBSE,Class 3,Social Studies,Illustrative Social Studies,Chapter 3 Our Country India,,,True or False (QPG), Imphal is a capital of Manipur,N\A,,,,,,Other,Hard,Test Learning Outcome 1,"Skillone,skilltwo",Illustrative Social Studies Class 3 Chapter 3 Test Paper Generator,1
CBSE,Class 3,Social Studies,Illustrative Social Studies,Chapter 3 Our Country India,,,True or False (QPG), Meghalaya is the smallest state in area,N\A,,,,,,Other,Hard,Test Learning Outcome 1,"Skillone,skilltwo",Illustrative Social Studies Class 3 Chapter 3 Test Paper Generator,1
CBSE,Class 3,Social Studies,Illustrative Social Studies,Chapter 3 Our Country India,,,True or False (QPG), Srinagar is the summer capital of Jammu and Kashmir,N\A,,,,,,Other,Hard,Test Learning Outcome 1,"Skillone,skilltwo",Illustrative Social Studies Class 3 Chapter 3 Test Paper Generator,1
CBSE,Class 3,Social Studies,Illustrative Social Studies,Chapter 3 Our Country India,,,True or False (QPG)," Coastal places in India experience extreme temperatures, both very hot and very cold",N\A,,,,,,Other,Hard,Test Learning Outcome 1,"Skillone,skilltwo",Illustrative Social Studies Class 3 Chapter 3 Test Paper Generator,1
CBSE,Class 3,Social Studies,Illustrative Social Studies,Chapter 3 Our Country India,,,True or False (QPG), The Thar Desert in India receives heavy rainfall throughout the year,N\A,,,,,,Other,Hard,Test Learning Outcome 1,"Skillone,skilltwo",Illustrative Social Studies Class 3 Chapter 3 Test Paper Generator,1
CBSE,Class 3,Social Studies,Illustrative Social Studies,Chapter 3 Our Country India,,,True or False (QPG), There are 9 union territories,N\A,,,,,,Other,Hard,Test Learning Outcome 1,"Skillone,skilltwo",Illustrative Social Studies Class 3 Chapter 3 Test Paper Generator,1
CBSE,Class 3,Social Studies,Illustrative Social Studies,Chapter 3 Our Country India,,,True or False (QPG), Coastal Plains are also known as the Southern Plateaus,N\A,,,,,,Other,Hard,Test Learning Outcome 1,"Skillone,skilltwo",Illustrative Social Studies Class 3 Chapter 3 Test Paper Generator,1
CBSE,Class 3,Social Studies,Illustrative Social Studies,Chapter 3 Our Country India,,,Fill in the blank (QPG), The word 'India' is derived from the name of the river __________,N\A,,,,,,Other,Hard,Test Learning Outcome 1,"Skillone,skilltwo",Illustrative Social Studies Class 3 Chapter 3 Test Paper Generator,1
CBSE,Class 3,Social Studies,Illustrative Social Studies,Chapter 3 Our Country India,,,Fill in the blank (QPG), The Northern Plains of India are also known as the __________,N\A,,,,,,Other,Hard,Test Learning Outcome 1,"Skillone,skilltwo",Illustrative Social Studies Class 3 Chapter 3 Test Paper Generator,1
CBSE,Class 3,Social Studies,Illustrative Social Studies,Chapter 3 Our Country India,,,Fill in the blank (QPG), Coastal plains are low-lying flat lands found alongside a __________,N\A,,,,,,Other,Hard,Test Learning Outcome 1,"Skillone,skilltwo",Illustrative Social Studies Class 3 Chapter 3 Test Paper Generator,1
CBSE,Class 3,Social Studies,Illustrative Social Studies,Chapter 3 Our Country India,,,Fill in the blank (QPG), The capital of India is _________,N\A,,,,,,Other,Hard,Test Learning Outcome 1,"Skillone,skilltwo",Illustrative Social Studies Class 3 Chapter 3 Test Paper Generator,1
CBSE,Class 3,Social Studies,Illustrative Social Studies,Chapter 3 Our Country India,,,Fill in the blank (QPG), The land surrounded by water on three sides is called a _________,N\A,,,,,,Other,Hard,Test Learning Outcome 1,"Skillone,skilltwo",Illustrative Social Studies Class 3 Chapter 3 Test Paper Generator,1
CBSE,Class 3,Social Studies,Illustrative Social Studies,Chapter 3 Our Country India,,,Fill in the blank (QPG), _____________ is a capital of Madhya Pradesh,N\A,,,,,,Other,Hard,Test Learning Outcome 1,"Skillone,skilltwo",Illustrative Social Studies Class 3 Chapter 3 Test Paper Generator,1
CBSE,Class 3,Social Studies,Illustrative Social Studies,Chapter 3 Our Country India,,,Fill in the blank (QPG), The Indian Peninsula has the ____________ Sea on the western side,N\A,,,,,,Other,Hard,Test Learning Outcome 1,"Skillone,skilltwo",Illustrative Social Studies Class 3 Chapter 3 Test Paper Generator,1
CBSE,Class 3,Social Studies,Illustrative Social Studies,Chapter 3 Our Country India,,,Fill in the blank (QPG), The mountains have _____________ climate almost throughout the year,N\A,,,,,,Other,Hard,Test Learning Outcome 1,"Skillone,skilltwo",Illustrative Social Studies Class 3 Chapter 3 Test Paper Generator,1
CBSE,Class 3,Social Studies,Illustrative Social Studies,Chapter 3 Our Country India,,,Fill in the blank (QPG), Large water bodies on three sides surround the _____________ part of India,N\A,,,,,,Other,Hard,Test Learning Outcome 1,"Skillone,skilltwo",Illustrative Social Studies Class 3 Chapter 3 Test Paper Generator,1
CBSE,Class 3,Social Studies,Illustrative Social Studies,Chapter 3 Our Country India,,,Fill in the blank (QPG), Kavaratti is the capital of _______________,N\A,,,,,,Other,Hard,Test Learning Outcome 1,"Skillone,skilltwo",Illustrative Social Studies Class 3 Chapter 3 Test Paper Generator,1
CBSE,Class 3,Social Studies,Illustrative Social Studies,Chapter 3 Our Country India,,,Very Short Answer Questions (QPG)," What is the highest mountain in the world, and where is it located?",N\A,,,,,,Other,Hard,Test Learning Outcome 1,"Skillone,skilltwo",Illustrative Social Studies Class 3 Chapter 3 Test Paper Generator,1
CBSE,Class 3,Social Studies,Illustrative Social Studies,Chapter 3 Our Country India,,,Very Short Answer Questions (QPG), Which region is characterised by being neither very hot nor very cold and is surrounded by water on three sides?,N\A,,,,,,Other,Hard,Test Learning Outcome 1,"Skillone,skilltwo",Illustrative Social Studies Class 3 Chapter 3 Test Paper Generator,1
CBSE,Class 3,Social Studies,Illustrative Social Studies,Chapter 3 Our Country India,,,Very Short Answer Questions (QPG), Where are the Andaman and Nicobar Islands located?,N\A,,,,,,Other,Hard,Test Learning Outcome 1,"Skillone,skilltwo",Illustrative Social Studies Class 3 Chapter 3 Test Paper Generator,1
CBSE,Class 3,Social Studies,Illustrative Social Studies,Chapter 3 Our Country India,,,Very Short Answer Questions (QPG), What are the plains called that lie south of the Himalayas?,N\A,,,,,,Other,Hard,Test Learning Outcome 1,"Skillone,skilltwo",Illustrative Social Studies Class 3 Chapter 3 Test Paper Generator,1
CBSE,Class 3,Social Studies,Illustrative Social Studies,Chapter 3 Our Country India,,,Very Short Answer Questions (QPG), Which range has some of the highest mountains in the world?,N\A,,,,,,Other,Hard,Test Learning Outcome 1,"Skillone,skilltwo",Illustrative Social Studies Class 3 Chapter 3 Test Paper Generator,1
CBSE,Class 3,Social Studies,Illustrative Social Studies,Chapter 3 Our Country India,,,Very Short Answer Questions (QPG), Which river rises in the Himalayas?,N\A,,,,,,Other,Hard,Test Learning Outcome 1,"Skillone,skilltwo",Illustrative Social Studies Class 3 Chapter 3 Test Paper Generator,1
CBSE,Class 3,Social Studies,Illustrative Social Studies,Chapter 3 Our Country India,,,Very Short Answer Questions (QPG), Which state in India has the largest population?,N\A,,,,,,Other,Hard,Test Learning Outcome 1,"Skillone,skilltwo",Illustrative Social Studies Class 3 Chapter 3 Test Paper Generator,1
CBSE,Class 3,Social Studies,Illustrative Social Studies,Chapter 3 Our Country India,,,Very Short Answer Questions (QPG),  What is the Indian Peninsula surrounded by on three sides?,N\A,,,,,,Other,Hard,Test Learning Outcome 1,"Skillone,skilltwo",Illustrative Social Studies Class 3 Chapter 3 Test Paper Generator,1
CBSE,Class 3,Social Studies,Illustrative Social Studies,Chapter 3 Our Country India,,,Very Short Answer Questions (QPG), What is the height of Mount Everest?,N\A,,,,,,Other,Hard,Test Learning Outcome 1,"Skillone,skilltwo",Illustrative Social Studies Class 3 Chapter 3 Test Paper Generator,1
CBSE,Class 3,Social Studies,Illustrative Social Studies,Chapter 3 Our Country India,,,Very Short Answer Questions (QPG), Name two coasts in India where coastal plains are located,N\A,,,,,,Other,Hard,Test Learning Outcome 1,"Skillone,skilltwo",Illustrative Social Studies Class 3 Chapter 3 Test Paper Generator,1
CBSE,Class 3,Social Studies,Illustrative Social Studies,Chapter 3 Our Country India,,,Short Answer Questions (QPG), What are the main physical divisions of India?,N\A,,,,,,Other,Hard,Test Learning Outcome 1,"Skillone,skilltwo",Illustrative Social Studies Class 3 Chapter 3 Test Paper Generator,1
CBSE,Class 3,Social Studies,Illustrative Social Studies,Chapter 3 Our Country India,,,Short Answer Questions (QPG), Which river flows through the Deccan Plateau?,N\A,,,,,,Other,Hard,Test Learning Outcome 1,"Skillone,skilltwo",Illustrative Social Studies Class 3 Chapter 3 Test Paper Generator,1
CBSE,Class 3,Social Studies,Illustrative Social Studies,Chapter 3 Our Country India,,,Short Answer Questions (QPG), What is the climate like in coastal places in India?,N\A,,,,,,Other,Hard,Test Learning Outcome 1,"Skillone,skilltwo",Illustrative Social Studies Class 3 Chapter 3 Test Paper Generator,1
CBSE,Class 3,Social Studies,Illustrative Social Studies,Chapter 3 Our Country India,,,Short Answer Questions (QPG), What is a desert?,N\A,,,,,,Other,Hard,Test Learning Outcome 1,"Skillone,skilltwo",Illustrative Social Studies Class 3 Chapter 3 Test Paper Generator,1
CBSE,Class 3,Social Studies,Illustrative Social Studies,Chapter 3 Our Country India,,,Short Answer Questions (QPG)," Name the water bodies on the western, eastern, and southern sides of the Indian Peninsula",N\A,,,,,,Other,Hard,Test Learning Outcome 1,"Skillone,skilltwo",Illustrative Social Studies Class 3 Chapter 3 Test Paper Generator,1
CBSE,Class 3,Social Studies,Illustrative Social Studies,Chapter 3 Our Country India,,,Short Answer Questions (QPG)," How does the presence of mountains, rivers, plains, and forests affect India's climate?",N\A,,,,,,Other,Hard,Test Learning Outcome 1,"Skillone,skilltwo",Illustrative Social Studies Class 3 Chapter 3 Test Paper Generator,1
CBSE,Class 3,Social Studies,Illustrative Social Studies,Chapter 3 Our Country India,,,Short Answer Questions (QPG), What type of climate does North India experience in summers and winters?,N\A,,,,,,Other,Hard,Test Learning Outcome 1,"Skillone,skilltwo",Illustrative Social Studies Class 3 Chapter 3 Test Paper Generator,1
CBSE,Class 3,Social Studies,Illustrative Social Studies,Chapter 3 Our Country India,,,Short Answer Questions (QPG), Is the Southern Plateaus area more fertile than the plains?,N\A,,,,,,Other,Hard,Test Learning Outcome 1,"Skillone,skilltwo",Illustrative Social Studies Class 3 Chapter 3 Test Paper Generator,1
CBSE,Class 3,Social Studies,Illustrative Social Studies,Chapter 3 Our Country India,,,Short Answer Questions (QPG), How many oceans surround India?,N\A,,,,,,Other,Hard,Test Learning Outcome 1,"Skillone,skilltwo",Illustrative Social Studies Class 3 Chapter 3 Test Paper Generator,1
CBSE,Class 3,Social Studies,Illustrative Social Studies,Chapter 3 Our Country India,,,Short Answer Questions (QPG), What kind of land features are found in coastal plains?,N\A,,,,,,Other,Hard,Test Learning Outcome 1,"Skillone,skilltwo",Illustrative Social Studies Class 3 Chapter 3 Test Paper Generator,1
CBSE,Class 3,Social Studies,Illustrative Social Studies,Chapter 3 Our Country India,,,Long Answer Questions (QPG), What are the dimensions of India from north to south and east to west?,N\A,,,,,,Other,Hard,Test Learning Outcome 1,"Skillone,skilltwo",Illustrative Social Studies Class 3 Chapter 3 Test Paper Generator,1
CBSE,Class 3,Social Studies,Illustrative Social Studies,Chapter 3 Our Country India,,,Long Answer Questions (QPG), Name the neighbouring countries of India,N\A,,,,,,Other,Hard,Test Learning Outcome 1,"Skillone,skilltwo",Illustrative Social Studies Class 3 Chapter 3 Test Paper Generator,1
CBSE,Class 3,Social Studies,Illustrative Social Studies,Chapter 3 Our Country India,,,Long Answer Questions (QPG)," What are coastal plains, and where are they located in India?",N\A,,,,,,Other,Hard,Test Learning Outcome 1,"Skillone,skilltwo",Illustrative Social Studies Class 3 Chapter 3 Test Paper Generator,1
CBSE,Class 3,Social Studies,Illustrative Social Studies,Chapter 3 Our Country India,,,Long Answer Questions (QPG), Explain why life is tough in the Thar Desert,N\A,,,,,,Other,Hard,Test Learning Outcome 1,"Skillone,skilltwo",Illustrative Social Studies Class 3 Chapter 3 Test Paper Generator,1
CBSE,Class 3,Social Studies,Illustrative Social Studies,Chapter 3 Our Country India,,,Long Answer Questions (QPG)," How do mountains, rivers, plains, and forests contribute to different climates in India?",N\A,,,,,,Other,Hard,Test Learning Outcome 1,"Skillone,skilltwo",Illustrative Social Studies Class 3 Chapter 3 Test Paper Generator,1
CBSE,Class 3,Social Studies,Illustrative Social Studies,Chapter 3 Our Country India,,,Long Answer Questions (QPG), How is the climate in coastal places described?,N\A,,,,,,Other,Hard,Test Learning Outcome 1,"Skillone,skilltwo",Illustrative Social Studies Class 3 Chapter 3 Test Paper Generator,1
CBSE,Class 3,Social Studies,Illustrative Social Studies,Chapter 3 Our Country India,,,Long Answer Questions (QPG), What is the difference between a plateau and a plain?,N\A,,,,,,Other,Hard,Test Learning Outcome 1,"Skillone,skilltwo",Illustrative Social Studies Class 3 Chapter 3 Test Paper Generator,1
CBSE,Class 3,Social Studies,Illustrative Social Studies,Chapter 3 Our Country India,,,Long Answer Questions (QPG), Can you name five states in India and their capitals?,N\A,,,,,,Other,Hard,Test Learning Outcome 1,"Skillone,skilltwo",Illustrative Social Studies Class 3 Chapter 3 Test Paper Generator,1
CBSE,Class 3,Social Studies,Illustrative Social Studies,Chapter 3 Our Country India,,,Long Answer Questions (QPG), How do the physical divisions of India impact the lives of people?,N\A,,,,,,Other,Hard,Test Learning Outcome 1,"Skillone,skilltwo",Illustrative Social Studies Class 3 Chapter 3 Test Paper Generator,1
CBSE,Class 3,Social Studies,Illustrative Social Studies,Chapter 3 Our Country India,,,Long Answer Questions (QPG), How is the climate in coastal places described?,N\A,,,,,,Other,Hard,Test Learning Outcome 1,"Skillone,skilltwo",Illustrative Social Studies Class 3 Chapter 3 Test Paper Generator,1
CBSE,Class 3,Social Studies,Illustrative Social Studies,Chapter 4 Water,,,Multiple Choice Question (QPG) Test Paper, What is the percentage of Earth's surface covered by water?,71%,51%,61%,71%,81%,,Other,Hard,Test Learning Outcome 1,"Skillone,skilltwo",Illustrative Social Studies Class 3 Chapter 4 Test Paper Generator,1
CBSE,Class 3,Social Studies,Illustrative Social Studies,Chapter 4 Water,,,Multiple Choice Question (QPG) Test Paper," Which disease can be caused by consuming dirty, polluted water?", Cholera, Common cold, Cholera, Malaria, Headache,,Other,Hard,Test Learning Outcome 1,"Skillone,skilltwo",Illustrative Social Studies Class 3 Chapter 4 Test Paper Generator,1
CBSE,Class 3,Social Studies,Illustrative Social Studies,Chapter 4 Water,,,Multiple Choice Question (QPG) Test Paper, What colour is water?, Colourless , Green, Blue, Colourless, Purple,,Other,Hard,Test Learning Outcome 1,"Skillone,skilltwo",Illustrative Social Studies Class 3 Chapter 4 Test Paper Generator,1
CBSE,Class 3,Social Studies,Illustrative Social Studies,Chapter 4 Water,,,Multiple Choice Question (QPG) Test Paper, What is odourless?, Water, Water, Trees, Plants, Air,,Other,Hard,Test Learning Outcome 1,"Skillone,skilltwo",Illustrative Social Studies Class 3 Chapter 4 Test Paper Generator,1
CBSE,Class 3,Social Studies,Illustrative Social Studies,Chapter 4 Water,,,Multiple Choice Question (QPG) Test Paper, What are the harmful things that make water dirty called?, Pollutants, Cooking, Pollutants, Treasures, Plants,,Other,Hard,Test Learning Outcome 1,"Skillone,skilltwo",Illustrative Social Studies Class 3 Chapter 4 Test Paper Generator,1
CBSE,Class 3,Social Studies,Illustrative Social Studies,Chapter 4 Water,,,Multiple Choice Question (QPG) Test Paper, Which of the following is a main source of water?,Rain,Rain,River,handpump,Well,,Other,Hard,Test Learning Outcome 1,"Skillone,skilltwo",Illustrative Social Studies Class 3 Chapter 4 Test Paper Generator,1
CBSE,Class 3,Social Studies,Illustrative Social Studies,Chapter 4 Water,,,Multiple Choice Question (QPG) Test Paper, Which of these helps keep water cool in a clay pot?, The porous clay material, The lid, The handle, The porous clay material, The paint,,Other,Hard,Test Learning Outcome 1,"Skillone,skilltwo",Illustrative Social Studies Class 3 Chapter 4 Test Paper Generator,1
CBSE,Class 3,Social Studies,Illustrative Social Studies,Chapter 4 Water,,,Multiple Choice Question (QPG) Test Paper, Which activity does NOT contribute to water pollution?, Collecting rainwater, Washing clothes, Bathing animals, Collecting rainwater, Throwing garbage into water bodies,,Other,Hard,Test Learning Outcome 1,"Skillone,skilltwo",Illustrative Social Studies Class 3 Chapter 4 Test Paper Generator,1
CBSE,Class 3,Social Studies,Illustrative Social Studies,Chapter 4 Water,,,Multiple Choice Question (QPG) Test Paper,"Assertion: Rainwater is the cleanest water source. 
Reason: It falls directly from the sky and isn't touched by anything dirty.","The assertion is true, but the reason is false. Although rainwater has the potential to be the cleanest water source, it can become contaminated before reaching the ground.","Both assertion and reason are true, and the reason is a correct explanation of the assertion.","Both assertion and reason are true, but the reason is not a correct explanation of the assertion.","The assertion is true, but the reason is false.","The assertion is false, but the reason is true.",,Other,Hard,Test Learning Outcome 1,"Skillone,skilltwo",Illustrative Social Studies Class 3 Chapter 4 Test Paper Generator,1
CBSE,Class 3,Social Studies,Illustrative Social Studies,Chapter 4 Water,,,Multiple Choice Question (QPG) Test Paper,"Assertion: We should only drink water from plastic bottles. 
Reason: Bottled water is safe and clean."," The assertion is false, and the reason is false. It's not always safe to drink water only from plastic bottles because the safety depends on different things, like the bottle itself. It's better to think about where the water comes from rather than just the type of bottle.","Both assertion and reason are true, and the reason is a correct explanation of the assertion.","Both assertion and reason are true, but the reason is not a correct explanation of the assertion.","The assertion is false, but the reason is true.","The assertion is false, and the reason is false",,Other,Hard,Test Learning Outcome 1,"Skillone,skilltwo",Illustrative Social Studies Class 3 Chapter 4 Test Paper Generator,1
CBSE,Class 3,Social Studies,Illustrative Social Studies,Chapter 4 Water,,,True or False (QPG), Bucket should not be used to store water,N\A,,,,,,Other,Hard,Test Learning Outcome 1,"Skillone,skilltwo",Illustrative Social Studies Class 3 Chapter 4 Test Paper Generator,1
CBSE,Class 3,Social Studies,Illustrative Social Studies,Chapter 4 Water,,,True or False (QPG), Water is essential for life,N\A,,,,,,Other,Hard,Test Learning Outcome 1,"Skillone,skilltwo",Illustrative Social Studies Class 3 Chapter 4 Test Paper Generator,1
CBSE,Class 3,Social Studies,Illustrative Social Studies,Chapter 4 Water,,,True or False (QPG)," We can survive for weeks without food, not just a few days",N\A,,,,,,Other,Hard,Test Learning Outcome 1,"Skillone,skilltwo",Illustrative Social Studies Class 3 Chapter 4 Test Paper Generator,1
CBSE,Class 3,Social Studies,Illustrative Social Studies,Chapter 4 Water,,,True or False (QPG), Human activities like bathing animals do not lead to water pollution,N\A,,,,,,Other,Hard,Test Learning Outcome 1,"Skillone,skilltwo",Illustrative Social Studies Class 3 Chapter 4 Test Paper Generator,1
CBSE,Class 3,Social Studies,Illustrative Social Studies,Chapter 4 Water,,,True or False (QPG), A water jug is a complex utensil for storing water,N\A,,,,,,Other,Hard,Test Learning Outcome 1,"Skillone,skilltwo",Illustrative Social Studies Class 3 Chapter 4 Test Paper Generator,1
CBSE,Class 3,Social Studies,Illustrative Social Studies,Chapter 4 Water,,,True or False (QPG), Water bottles are not ideal for carrying water while traveling,N\A,,,,,,Other,Hard,Test Learning Outcome 1,"Skillone,skilltwo",Illustrative Social Studies Class 3 Chapter 4 Test Paper Generator,1
CBSE,Class 3,Social Studies,Illustrative Social Studies,Chapter 4 Water,,,True or False (QPG), Water pollution does not harm the environment,N\A,,,,,,Other,Hard,Test Learning Outcome 1,"Skillone,skilltwo",Illustrative Social Studies Class 3 Chapter 4 Test Paper Generator,1
CBSE,Class 3,Social Studies,Illustrative Social Studies,Chapter 4 Water,,,True or False (QPG), Rainwater harvesting systems help conserve water,N\A,,,,,,Other,Hard,Test Learning Outcome 1,"Skillone,skilltwo",Illustrative Social Studies Class 3 Chapter 4 Test Paper Generator,1
CBSE,Class 3,Social Studies,Illustrative Social Studies,Chapter 4 Water,,,True or False (QPG), Throwing garbage in water bodies causes pollution,N\A,,,,,,Other,Hard,Test Learning Outcome 1,"Skillone,skilltwo",Illustrative Social Studies Class 3 Chapter 4 Test Paper Generator,1
CBSE,Class 3,Social Studies,Illustrative Social Studies,Chapter 4 Water,,,True or False (QPG), Some rainwater seeps into the ground to become groundwater,N\A,,,,,,Other,Hard,Test Learning Outcome 1,"Skillone,skilltwo",Illustrative Social Studies Class 3 Chapter 4 Test Paper Generator,1
CBSE,Class 3,Social Studies,Illustrative Social Studies,Chapter 4 Water,,,Fill in the blank (QPG), We can survive without _________ for a few days but not without _________,N\A,,,,,,Other,Hard,Test Learning Outcome 1,"Skillone,skilltwo",Illustrative Social Studies Class 3 Chapter 4 Test Paper Generator,1
CBSE,Class 3,Social Studies,Illustrative Social Studies,Chapter 4 Water,,,Fill in the blank (QPG), Water is a resource that sustains life and connects us to the _________ world around us,N\A,,,,,,Other,Hard,Test Learning Outcome 1,"Skillone,skilltwo",Illustrative Social Studies Class 3 Chapter 4 Test Paper Generator,1
CBSE,Class 3,Social Studies,Illustrative Social Studies,Chapter 4 Water,,,Fill in the blank (QPG), Some communities collect rainwater from rooftops and store it in large tanks or underground _________,N\A,,,,,,Other,Hard,Test Learning Outcome 1,"Skillone,skilltwo",Illustrative Social Studies Class 3 Chapter 4 Test Paper Generator,1
CBSE,Class 3,Social Studies,Illustrative Social Studies,Chapter 4 Water,,,Fill in the blank (QPG), ______________ an artificial lake where water is stored,N\A,,,,,,Other,Hard,Test Learning Outcome 1,"Skillone,skilltwo",Illustrative Social Studies Class 3 Chapter 4 Test Paper Generator,1
CBSE,Class 3,Social Studies,Illustrative Social Studies,Chapter 4 Water,,,Fill in the blank (QPG)," Throughout history, people have made various ________________ to store and carry water",N\A,,,,,,Other,Hard,Test Learning Outcome 1,"Skillone,skilltwo",Illustrative Social Studies Class 3 Chapter 4 Test Paper Generator,1
CBSE,Class 3,Social Studies,Illustrative Social Studies,Chapter 4 Water,,,Fill in the blank (QPG), The _____________ clay material keeps the water cool by allowing it to evaporate through the walls,N\A,,,,,,Other,Hard,Test Learning Outcome 1,"Skillone,skilltwo",Illustrative Social Studies Class 3 Chapter 4 Test Paper Generator,1
CBSE,Class 3,Social Studies,Illustrative Social Studies,Chapter 4 Water,,,Fill in the blank (QPG)," Without water, life on earth would not be _________",N\A,,,,,,Other,Hard,Test Learning Outcome 1,"Skillone,skilltwo",Illustrative Social Studies Class 3 Chapter 4 Test Paper Generator,1
CBSE,Class 3,Social Studies,Illustrative Social Studies,Chapter 4 Water,,,Fill in the blank (QPG), Most of the water on earth is in _______________ form,N\A,,,,,,Other,Hard,Test Learning Outcome 1,"Skillone,skilltwo",Illustrative Social Studies Class 3 Chapter 4 Test Paper Generator,1
CBSE,Class 3,Social Studies,Illustrative Social Studies,Chapter 4 Water,,,Fill in the blank (QPG), ______________ is a group of living organisms that live in and interact with each other in a specific environment,N\A,,,,,,Other,Hard,Test Learning Outcome 1,"Skillone,skilltwo",Illustrative Social Studies Class 3 Chapter 4 Test Paper Generator,1
CBSE,Class 3,Social Studies,Illustrative Social Studies,Chapter 4 Water,,,Fill in the blank (QPG), The supply of water to crops at regular intervals is called _______________,N\A,,,,,,Other,Hard,Test Learning Outcome 1,"Skillone,skilltwo",Illustrative Social Studies Class 3 Chapter 4 Test Paper Generator,1
CBSE,Class 3,Social Studies,Illustrative Social Studies,Chapter 4 Water,,,Very Short Answer Questions (QPG), What can happen if we drink dirty water?,N\A,,,,,,Other,Hard,Test Learning Outcome 1,"Skillone,skilltwo",Illustrative Social Studies Class 3 Chapter 4 Test Paper Generator,1
CBSE,Class 3,Social Studies,Illustrative Social Studies,Chapter 4 Water,,,Very Short Answer Questions (QPG), Where is water found on Earth?,N\A,,,,,,Other,Hard,Test Learning Outcome 1,"Skillone,skilltwo",Illustrative Social Studies Class 3 Chapter 4 Test Paper Generator,1
CBSE,Class 3,Social Studies,Illustrative Social Studies,Chapter 4 Water,,,Very Short Answer Questions (QPG), Name two daily activities which do not need water,N\A,,,,,,Other,Hard,Test Learning Outcome 1,"Skillone,skilltwo",Illustrative Social Studies Class 3 Chapter 4 Test Paper Generator,1
CBSE,Class 3,Social Studies,Illustrative Social Studies,Chapter 4 Water,,,Very Short Answer Questions (QPG), Name three common utensils used to store water,N\A,,,,,,Other,Hard,Test Learning Outcome 1,"Skillone,skilltwo",Illustrative Social Studies Class 3 Chapter 4 Test Paper Generator,1
CBSE,Class 3,Social Studies,Illustrative Social Studies,Chapter 4 Water,,,Very Short Answer Questions (QPG), What are some fun things we can do with water?,N\A,,,,,,Other,Hard,Test Learning Outcome 1,"Skillone,skilltwo",Illustrative Social Studies Class 3 Chapter 4 Test Paper Generator,1
CBSE,Class 3,Social Studies,Illustrative Social Studies,Chapter 4 Water,,,Very Short Answer Questions (QPG), Does water have a smell?,N\A,,,,,,Other,Hard,Test Learning Outcome 1,"Skillone,skilltwo",Illustrative Social Studies Class 3 Chapter 4 Test Paper Generator,1
CBSE,Class 3,Social Studies,Illustrative Social Studies,Chapter 4 Water,,,Very Short Answer Questions (QPG), Would there be life on Earth without water?,N\A,,,,,,Other,Hard,Test Learning Outcome 1,"Skillone,skilltwo",Illustrative Social Studies Class 3 Chapter 4 Test Paper Generator,1
CBSE,Class 3,Social Studies,Illustrative Social Studies,Chapter 4 Water,,,Very Short Answer Questions (QPG), In which various forms is water present in our bodies?,N\A,,,,,,Other,Hard,Test Learning Outcome 1,"Skillone,skilltwo",Illustrative Social Studies Class 3 Chapter 4 Test Paper Generator,1
CBSE,Class 3,Social Studies,Illustrative Social Studies,Chapter 4 Water,,,Very Short Answer Questions (QPG), Name two sources of water except the tap from where we can get water for our daily use,N\A,,,,,,Other,Hard,Test Learning Outcome 1,"Skillone,skilltwo",Illustrative Social Studies Class 3 Chapter 4 Test Paper Generator,1
CBSE,Class 3,Social Studies,Illustrative Social Studies,Chapter 4 Water,,,Very Short Answer Questions (QPG), Name three common utensils used to store water,N\A,,,,,,Other,Hard,Test Learning Outcome 1,"Skillone,skilltwo",Illustrative Social Studies Class 3 Chapter 4 Test Paper Generator,1
CBSE,Class 3,Social Studies,Illustrative Social Studies,Chapter 4 Water,,,Short Answer Questions (QPG), Why is water essential for life on Earth?,N\A,,,,,,Other,Hard,Test Learning Outcome 1,"Skillone,skilltwo",Illustrative Social Studies Class 3 Chapter 4 Test Paper Generator,1
CBSE,Class 3,Social Studies,Illustrative Social Studies,Chapter 4 Water,,,Short Answer Questions (QPG), What is the primary use of clay pots (Matkas,N\A,,,,,,Other,Hard,Test Learning Outcome 1,"Skillone,skilltwo",Illustrative Social Studies Class 3 Chapter 4 Test Paper Generator,1
CBSE,Class 3,Social Studies,Illustrative Social Studies,Chapter 4 Water,,,Short Answer Questions (QPG), Why are water bottles ideal for carrying water while traveling?,N\A,,,,,,Other,Hard,Test Learning Outcome 1,"Skillone,skilltwo",Illustrative Social Studies Class 3 Chapter 4 Test Paper Generator,1
CBSE,Class 3,Social Studies,Illustrative Social Studies,Chapter 4 Water,,,Short Answer Questions (QPG), Why is water important for plants?,N\A,,,,,,Other,Hard,Test Learning Outcome 1,"Skillone,skilltwo",Illustrative Social Studies Class 3 Chapter 4 Test Paper Generator,1
CBSE,Class 3,Social Studies,Illustrative Social Studies,Chapter 4 Water,,,Short Answer Questions (QPG), What is the role of water in balancing the Earth's ecosystem?,N\A,,,,,,Other,Hard,Test Learning Outcome 1,"Skillone,skilltwo",Illustrative Social Studies Class 3 Chapter 4 Test Paper Generator,1
CBSE,Class 3,Social Studies,Illustrative Social Studies,Chapter 4 Water,,,Short Answer Questions (QPG), What is the significance of rainwater harvesting systems?,N\A,,,,,,Other,Hard,Test Learning Outcome 1,"Skillone,skilltwo",Illustrative Social Studies Class 3 Chapter 4 Test Paper Generator,1
CBSE,Class 3,Social Studies,Illustrative Social Studies,Chapter 4 Water,,,Short Answer Questions (QPG), Why is water considered a precious resource?,N\A,,,,,,Other,Hard,Test Learning Outcome 1,"Skillone,skilltwo",Illustrative Social Studies Class 3 Chapter 4 Test Paper Generator,1
CBSE,Class 3,Social Studies,Illustrative Social Studies,Chapter 4 Water,,,Short Answer Questions (QPG), What will happen if we do not collect rainwater?,N\A,,,,,,Other,Hard,Test Learning Outcome 1,"Skillone,skilltwo",Illustrative Social Studies Class 3 Chapter 4 Test Paper Generator,1
CBSE,Class 3,Social Studies,Illustrative Social Studies,Chapter 4 Water,,,Short Answer Questions (QPG), What does water pollution result from?,N\A,,,,,,Other,Hard,Test Learning Outcome 1,"Skillone,skilltwo",Illustrative Social Studies Class 3 Chapter 4 Test Paper Generator,1
CBSE,Class 3,Social Studies,Illustrative Social Studies,Chapter 4 Water,,,Long Answer Questions (QPG), What are the properties of water?,N\A,,,,,,Other,Hard,Test Learning Outcome 1,"Skillone,skilltwo",Illustrative Social Studies Class 3 Chapter 4 Test Paper Generator,1
CBSE,Class 3,Social Studies,Illustrative Social Studies,Chapter 4 Water,,,Long Answer Questions (QPG), How can we use underground water?,N\A,,,,,,Other,Hard,Test Learning Outcome 1,"Skillone,skilltwo",Illustrative Social Studies Class 3 Chapter 4 Test Paper Generator,1
CBSE,Class 3,Social Studies,Illustrative Social Studies,Chapter 4 Water,,,Long Answer Questions (QPG), How should we store drinking water?,N\A,,,,,,Other,Hard,Test Learning Outcome 1,"Skillone,skilltwo",Illustrative Social Studies Class 3 Chapter 4 Test Paper Generator,1
CBSE,Class 3,Social Studies,Illustrative Social Studies,Chapter 4 Water,,,Long Answer Questions (QPG), Why do we need to store water?,N\A,,,,,,Other,Hard,Test Learning Outcome 1,"Skillone,skilltwo",Illustrative Social Studies Class 3 Chapter 4 Test Paper Generator,1
CBSE,Class 3,Social Studies,Illustrative Social Studies,Chapter 4 Water,,,Long Answer Questions (QPG), What can we do to keep water clean?,N\A,,,,,,Other,Hard,Test Learning Outcome 1,"Skillone,skilltwo",Illustrative Social Studies Class 3 Chapter 4 Test Paper Generator,1
CBSE,Class 3,Social Studies,Illustrative Social Studies,Chapter 4 Water,,,Long Answer Questions (QPG), Why is farming not possible without enough water?,N\A,,,,,,Other,Hard,Test Learning Outcome 1,"Skillone,skilltwo",Illustrative Social Studies Class 3 Chapter 4 Test Paper Generator,1
CBSE,Class 3,Social Studies,Illustrative Social Studies,Chapter 4 Water,,,Long Answer Questions (QPG), Which good habits will you practise to use water carefully?,N\A,,,,,,Other,Hard,Test Learning Outcome 1,"Skillone,skilltwo",Illustrative Social Studies Class 3 Chapter 4 Test Paper Generator,1
CBSE,Class 3,Social Studies,Illustrative Social Studies,Chapter 4 Water,,,Long Answer Questions (QPG), What is the function of larger water tanks?,N\A,,,,,,Other,Hard,Test Learning Outcome 1,"Skillone,skilltwo",Illustrative Social Studies Class 3 Chapter 4 Test Paper Generator,1
CBSE,Class 3,Social Studies,Illustrative Social Studies,Chapter 4 Water,,,Long Answer Questions (QPG), How do clay pots (Matkas,N\A,,,,,,Other,Hard,Test Learning Outcome 1,"Skillone,skilltwo",Illustrative Social Studies Class 3 Chapter 4 Test Paper Generator,1
CBSE,Class 3,Social Studies,Illustrative Social Studies,Chapter 4 Water,,,Long Answer Questions (QPG)," Why is it important to draw water from wells, tubewells, and hand pumps?",N\A,,,,,,Other,Hard,Test Learning Outcome 1,"Skillone,skilltwo",Illustrative Social Studies Class 3 Chapter 4 Test Paper Generator,1
CBSE,Class 3,Social Studies,Illustrative Social Studies,Chapter 5 Family,,,Multiple Choice Question (QPG) Test Paper, What does the family tree help represent?, Relationships among family members, Friendships, Relationships among family members, School subjects, Favourite hobbies,,Other,Hard,Test Learning Outcome 1,"Skillone,skilltwo",Illustrative Social Studies Class 3 Chapter 5 Test Paper Generator,1
CBSE,Class 3,Social Studies,Illustrative Social Studies,Chapter 5 Family,,,Multiple Choice Question (QPG) Test Paper, How are people in a family connected to each other?, By birth or marriage, By friendship, By birth or marriage, By attending the same school, By working together,,Other,Hard,Test Learning Outcome 1,"Skillone,skilltwo",Illustrative Social Studies Class 3 Chapter 5 Test Paper Generator,1
CBSE,Class 3,Social Studies,Illustrative Social Studies,Chapter 5 Family,,,Multiple Choice Question (QPG) Test Paper, What is a common feature among family members?, Sharing a common surname, Having the same hobbies, Sharing a common surname, Living in different houses, Going to different schools,,Other,Hard,Test Learning Outcome 1,"Skillone,skilltwo",Illustrative Social Studies Class 3 Chapter 5 Test Paper Generator,1
CBSE,Class 3,Social Studies,Illustrative Social Studies,Chapter 5 Family,,,Multiple Choice Question (QPG) Test Paper, Who are the first generation in a family tree?, Grandparents, Parents, Grandparents, Uncles and aunts, Cousins,,Other,Hard,Test Learning Outcome 1,"Skillone,skilltwo",Illustrative Social Studies Class 3 Chapter 5 Test Paper Generator,1
CBSE,Class 3,Social Studies,Illustrative Social Studies,Chapter 5 Family,,,Multiple Choice Question (QPG) Test Paper, What do you call the children of your aunts and uncles?, Cousins, Siblings, Cousins, Nephews/Nieces, Grandchildren,,Other,Hard,Test Learning Outcome 1,"Skillone,skilltwo",Illustrative Social Studies Class 3 Chapter 5 Test Paper Generator,1
CBSE,Class 3,Social Studies,Illustrative Social Studies,Chapter 5 Family,,,Multiple Choice Question (QPG) Test Paper, What's an example of a daily family practice?, Eating together, Playing video games, Eating together, Going to the movies, Sleeping in different rooms,,Other,Hard,Test Learning Outcome 1,"Skillone,skilltwo",Illustrative Social Studies Class 3 Chapter 5 Test Paper Generator,1
CBSE,Class 3,Social Studies,Illustrative Social Studies,Chapter 5 Family,,,Multiple Choice Question (QPG) Test Paper, Which generation comes after the grandparents?, The parents, The aunts and uncles, The cousins, The parents, The children,,Other,Hard,Test Learning Outcome 1,"Skillone,skilltwo",Illustrative Social Studies Class 3 Chapter 5 Test Paper Generator,1
CBSE,Class 3,Social Studies,Illustrative Social Studies,Chapter 5 Family,,,Multiple Choice Question (QPG) Test Paper," Which generation do parents, uncles, and aunts form in a family tree?", Second generation, First generation, Second generation, Third generation, Fourth generation,,Other,Hard,Test Learning Outcome 1,"Skillone,skilltwo",Illustrative Social Studies Class 3 Chapter 5 Test Paper Generator,1
CBSE,Class 3,Social Studies,Illustrative Social Studies,Chapter 5 Family,,,Multiple Choice Question (QPG) Test Paper,"Assertion: Touching feet of elders is a common family custom.
Reason: Respecting elders is an important aspect of family traditions.","Both Assertion and Reason are true, and Reason is the correct explanation of Assertion. Touching the feet of elders is a common family custom in India, showing respect. Respecting elders is an important aspect of family traditions, and touching their feet is a way of expressing that respect."," Both Assertion and Reason are true, and Reason is the correct explanation of Assertion"," Both Assertion and Reason are true, but Reason is not the correct explanation of Assertion"," Assertion is true, but Reason is false", Both Assertion and Reason are false,,Other,Hard,Test Learning Outcome 1,"Skillone,skilltwo",Illustrative Social Studies Class 3 Chapter 5 Test Paper Generator,1
CBSE,Class 3,Social Studies,Illustrative Social Studies,Chapter 5 Family,,,Multiple Choice Question (QPG) Test Paper,"Assertion: Celebrating birthdays together strengthens family bonds.
Reason: Presents are the best part of birthdays.","Assertion is true, but Reason is false. Celebrating birthdays together can make families closer, but saying presents are the best part is not always true. People celebrate for different reasons, and spending time with loved ones is often more important than gifts."," Both Assertion and Reason are true, and Reason is the correct explanation of Assertion"," Both Assertion and Reason are true, but Reason is not the correct explanation of Assertion"," Assertion is true, but Reason is false", Both Assertion and Reason are false,,Other,Hard,Test Learning Outcome 1,"Skillone,skilltwo",Illustrative Social Studies Class 3 Chapter 5 Test Paper Generator,1
CBSE,Class 3,Social Studies,Illustrative Social Studies,Chapter 5 Family,,,True or False (QPG), All families live in the same house,N\A,,,,,,Other,Hard,Test Learning Outcome 1,"Skillone,skilltwo",Illustrative Social Studies Class 3 Chapter 5 Test Paper Generator,1
CBSE,Class 3,Social Studies,Illustrative Social Studies,Chapter 5 Family,,,True or False (QPG), Praying daily is a common practice in every family,N\A,,,,,,Other,Hard,Test Learning Outcome 1,"Skillone,skilltwo",Illustrative Social Studies Class 3 Chapter 5 Test Paper Generator,1
CBSE,Class 3,Social Studies,Illustrative Social Studies,Chapter 5 Family,,,True or False (QPG), Grandparents belong to the third generation in a family tree,N\A,,,,,,Other,Hard,Test Learning Outcome 1,"Skillone,skilltwo",Illustrative Social Studies Class 3 Chapter 5 Test Paper Generator,1
CBSE,Class 3,Social Studies,Illustrative Social Studies,Chapter 5 Family,,,True or False (QPG), You always have the same surname as your grandparents,N\A,,,,,,Other,Hard,Test Learning Outcome 1,"Skillone,skilltwo",Illustrative Social Studies Class 3 Chapter 5 Test Paper Generator,1
CBSE,Class 3,Social Studies,Illustrative Social Studies,Chapter 5 Family,,,True or False (QPG), Cousins are your classmates because they are around your age,N\A,,,,,,Other,Hard,Test Learning Outcome 1,"Skillone,skilltwo",Illustrative Social Studies Class 3 Chapter 5 Test Paper Generator,1
CBSE,Class 3,Social Studies,Illustrative Social Studies,Chapter 5 Family,,,True or False (QPG), Cousins are the children of your brothers and sisters,N\A,,,,,,Other,Hard,Test Learning Outcome 1,"Skillone,skilltwo",Illustrative Social Studies Class 3 Chapter 5 Test Paper Generator,1
CBSE,Class 3,Social Studies,Illustrative Social Studies,Chapter 5 Family,,,True or False (QPG), Families are always connected by birth,N\A,,,,,,Other,Hard,Test Learning Outcome 1,"Skillone,skilltwo",Illustrative Social Studies Class 3 Chapter 5 Test Paper Generator,1
CBSE,Class 3,Social Studies,Illustrative Social Studies,Chapter 5 Family,,,True or False (QPG), Daily practices in a family include jumping on the bed,N\A,,,,,,Other,Hard,Test Learning Outcome 1,"Skillone,skilltwo",Illustrative Social Studies Class 3 Chapter 5 Test Paper Generator,1
CBSE,Class 3,Social Studies,Illustrative Social Studies,Chapter 5 Family,,,True or False (QPG), Cousins are the siblings of your parents,N\A,,,,,,Other,Hard,Test Learning Outcome 1,"Skillone,skilltwo",Illustrative Social Studies Class 3 Chapter 5 Test Paper Generator,1
CBSE,Class 3,Social Studies,Illustrative Social Studies,Chapter 5 Family,,,True or False (QPG), Brothers and sisters are not considered siblings,N\A,,,,,,Other,Hard,Test Learning Outcome 1,"Skillone,skilltwo",Illustrative Social Studies Class 3 Chapter 5 Test Paper Generator,1
CBSE,Class 3,Social Studies,Illustrative Social Studies,Chapter 5 Family,,,Fill in the blank (QPG), People living together as a unit form a ________,N\A,,,,,,Other,Hard,Test Learning Outcome 1,"Skillone,skilltwo",Illustrative Social Studies Class 3 Chapter 5 Test Paper Generator,1
CBSE,Class 3,Social Studies,Illustrative Social Studies,Chapter 5 Family,,,Fill in the blank (QPG), Many families share a common ________,N\A,,,,,,Other,Hard,Test Learning Outcome 1,"Skillone,skilltwo",Illustrative Social Studies Class 3 Chapter 5 Test Paper Generator,1
CBSE,Class 3,Social Studies,Illustrative Social Studies,Chapter 5 Family,,,Fill in the blank (QPG), Our parent's parents are our ________,N\A,,,,,,Other,Hard,Test Learning Outcome 1,"Skillone,skilltwo",Illustrative Social Studies Class 3 Chapter 5 Test Paper Generator,1
CBSE,Class 3,Social Studies,Illustrative Social Studies,Chapter 5 Family,,,Fill in the blank (QPG), Our parent's brothers and sisters are our ________ and ________,N\A,,,,,,Other,Hard,Test Learning Outcome 1,"Skillone,skilltwo",Illustrative Social Studies Class 3 Chapter 5 Test Paper Generator,1
CBSE,Class 3,Social Studies,Illustrative Social Studies,Chapter 5 Family,,,Fill in the blank (QPG), Most families have special ________ and ________ that they pass down,N\A,,,,,,Other,Hard,Test Learning Outcome 1,"Skillone,skilltwo",Illustrative Social Studies Class 3 Chapter 5 Test Paper Generator,1
CBSE,Class 3,Social Studies,Illustrative Social Studies,Chapter 5 Family,,,Fill in the blank (QPG), Sharing toys with siblings helps us learn to ________,N\A,,,,,,Other,Hard,Test Learning Outcome 1,"Skillone,skilltwo",Illustrative Social Studies Class 3 Chapter 5 Test Paper Generator,1
CBSE,Class 3,Social Studies,Illustrative Social Studies,Chapter 5 Family,,,Fill in the blank (QPG), A family tree shows the ________ among different members,N\A,,,,,,Other,Hard,Test Learning Outcome 1,"Skillone,skilltwo",Illustrative Social Studies Class 3 Chapter 5 Test Paper Generator,1
CBSE,Class 3,Social Studies,Illustrative Social Studies,Chapter 5 Family,,,Fill in the blank (QPG), A family tree always starts with the ________ generation,N\A,,,,,,Other,Hard,Test Learning Outcome 1,"Skillone,skilltwo",Illustrative Social Studies Class 3 Chapter 5 Test Paper Generator,1
CBSE,Class 3,Social Studies,Illustrative Social Studies,Chapter 5 Family,,,Fill in the blank (QPG), We can learn about our family history from ________ and ________,N\A,,,,,,Other,Hard,Test Learning Outcome 1,"Skillone,skilltwo",Illustrative Social Studies Class 3 Chapter 5 Test Paper Generator,1
CBSE,Class 3,Social Studies,Illustrative Social Studies,Chapter 5 Family,,,Fill in the blank (QPG), Aunts and uncles are the ____________ of our parents,N\A,,,,,,Other,Hard,Test Learning Outcome 1,"Skillone,skilltwo",Illustrative Social Studies Class 3 Chapter 5 Test Paper Generator,1
CBSE,Class 3,Social Studies,Illustrative Social Studies,Chapter 5 Family,,,Very Short Answer Questions (QPG), Can you share a favourite family meal or dish that you all enjoy?,N\A,,,,,,Other,Hard,Test Learning Outcome 1,"Skillone,skilltwo",Illustrative Social Studies Class 3 Chapter 5 Test Paper Generator,1
CBSE,Class 3,Social Studies,Illustrative Social Studies,Chapter 5 Family,,,Very Short Answer Questions (QPG), What is a family tradition related to special occasions?,N\A,,,,,,Other,Hard,Test Learning Outcome 1,"Skillone,skilltwo",Illustrative Social Studies Class 3 Chapter 5 Test Paper Generator,1
CBSE,Class 3,Social Studies,Illustrative Social Studies,Chapter 5 Family,,,Very Short Answer Questions (QPG)," Name a family member who is not a parent, grandparent, uncle, or aunt",N\A,,,,,,Other,Hard,Test Learning Outcome 1,"Skillone,skilltwo",Illustrative Social Studies Class 3 Chapter 5 Test Paper Generator,1
CBSE,Class 3,Social Studies,Illustrative Social Studies,Chapter 5 Family,,,Very Short Answer Questions (QPG), What is a custom that many families follow before eating meals together?,N\A,,,,,,Other,Hard,Test Learning Outcome 1,"Skillone,skilltwo",Illustrative Social Studies Class 3 Chapter 5 Test Paper Generator,1
CBSE,Class 3,Social Studies,Illustrative Social Studies,Chapter 5 Family,,,Very Short Answer Questions (QPG)," If you were to create a family tree for your own family, who would be in the first generation?",N\A,,,,,,Other,Hard,Test Learning Outcome 1,"Skillone,skilltwo",Illustrative Social Studies Class 3 Chapter 5 Test Paper Generator,1
CBSE,Class 3,Social Studies,Illustrative Social Studies,Chapter 5 Family,,,Very Short Answer Questions (QPG)," If you have siblings, describe a favourite activity you enjoy doing together",N\A,,,,,,Other,Hard,Test Learning Outcome 1,"Skillone,skilltwo",Illustrative Social Studies Class 3 Chapter 5 Test Paper Generator,1
CBSE,Class 3,Social Studies,Illustrative Social Studies,Chapter 5 Family,,,Very Short Answer Questions (QPG), Share an example of a family tradition that involves celebrating special days together,N\A,,,,,,Other,Hard,Test Learning Outcome 1,"Skillone,skilltwo",Illustrative Social Studies Class 3 Chapter 5 Test Paper Generator,1
CBSE,Class 3,Social Studies,Illustrative Social Studies,Chapter 5 Family,,,Very Short Answer Questions (QPG), Write two ways in which you help your family,N\A,,,,,,Other,Hard,Test Learning Outcome 1,"Skillone,skilltwo",Illustrative Social Studies Class 3 Chapter 5 Test Paper Generator,1
CBSE,Class 3,Social Studies,Illustrative Social Studies,Chapter 5 Family,,,Very Short Answer Questions (QPG), What does the family teach us?,N\A,,,,,,Other,Hard,Test Learning Outcome 1,"Skillone,skilltwo",Illustrative Social Studies Class 3 Chapter 5 Test Paper Generator,1
CBSE,Class 3,Social Studies,Illustrative Social Studies,Chapter 5 Family,,,Very Short Answer Questions (QPG), How is your mother related to your paternal grandparents?,N\A,,,,,,Other,Hard,Test Learning Outcome 1,"Skillone,skilltwo",Illustrative Social Studies Class 3 Chapter 5 Test Paper Generator,1
CBSE,Class 3,Social Studies,Illustrative Social Studies,Chapter 5 Family,,,Short Answer Questions (QPG), What do you enjoy doing together as a family?,N\A,,,,,,Other,Hard,Test Learning Outcome 1,"Skillone,skilltwo",Illustrative Social Studies Class 3 Chapter 5 Test Paper Generator,1
CBSE,Class 3,Social Studies,Illustrative Social Studies,Chapter 5 Family,,,Short Answer Questions (QPG)," Who is the oldest member in your family, and what do you like about them?",N\A,,,,,,Other,Hard,Test Learning Outcome 1,"Skillone,skilltwo",Illustrative Social Studies Class 3 Chapter 5 Test Paper Generator,1
CBSE,Class 3,Social Studies,Illustrative Social Studies,Chapter 5 Family,,,Short Answer Questions (QPG), Give an example of a daily family practice,N\A,,,,,,Other,Hard,Test Learning Outcome 1,"Skillone,skilltwo",Illustrative Social Studies Class 3 Chapter 5 Test Paper Generator,1
CBSE,Class 3,Social Studies,Illustrative Social Studies,Chapter 5 Family,,,Short Answer Questions (QPG), What should you do before entering a house according to some families?,N\A,,,,,,Other,Hard,Test Learning Outcome 1,"Skillone,skilltwo",Illustrative Social Studies Class 3 Chapter 5 Test Paper Generator,1
CBSE,Class 3,Social Studies,Illustrative Social Studies,Chapter 5 Family,,,Short Answer Questions (QPG), Give two good qualities you have learnt from your family,N\A,,,,,,Other,Hard,Test Learning Outcome 1,"Skillone,skilltwo",Illustrative Social Studies Class 3 Chapter 5 Test Paper Generator,1
CBSE,Class 3,Social Studies,Illustrative Social Studies,Chapter 5 Family,,,Short Answer Questions (QPG), What is the purpose of a family tree?,N\A,,,,,,Other,Hard,Test Learning Outcome 1,"Skillone,skilltwo",Illustrative Social Studies Class 3 Chapter 5 Test Paper Generator,1
CBSE,Class 3,Social Studies,Illustrative Social Studies,Chapter 5 Family,,,Short Answer Questions (QPG), How can you show respect to elders in some families?,N\A,,,,,,Other,Hard,Test Learning Outcome 1,"Skillone,skilltwo",Illustrative Social Studies Class 3 Chapter 5 Test Paper Generator,1
CBSE,Class 3,Social Studies,Illustrative Social Studies,Chapter 5 Family,,,Short Answer Questions (QPG), List out any two family values followed in your family,N\A,,,,,,Other,Hard,Test Learning Outcome 1,"Skillone,skilltwo",Illustrative Social Studies Class 3 Chapter 5 Test Paper Generator,1
CBSE,Class 3,Social Studies,Illustrative Social Studies,Chapter 5 Family,,,Short Answer Questions (QPG), Who us an uncle?,N\A,,,,,,Other,Hard,Test Learning Outcome 1,"Skillone,skilltwo",Illustrative Social Studies Class 3 Chapter 5 Test Paper Generator,1
CBSE,Class 3,Social Studies,Illustrative Social Studies,Chapter 5 Family,,,Short Answer Questions (QPG), What is the difference between Paternal and Maternal?,N\A,,,,,,Other,Hard,Test Learning Outcome 1,"Skillone,skilltwo",Illustrative Social Studies Class 3 Chapter 5 Test Paper Generator,1
CBSE,Class 3,Social Studies,Illustrative Social Studies,Chapter 5 Family,,,Long Answer Questions (QPG), How are grandparents connected to you?,N\A,,,,,,Other,Hard,Test Learning Outcome 1,"Skillone,skilltwo",Illustrative Social Studies Class 3 Chapter 5 Test Paper Generator,1
CBSE,Class 3,Social Studies,Illustrative Social Studies,Chapter 5 Family,,,Long Answer Questions (QPG), Explain why families celebrate special days together,N\A,,,,,,Other,Hard,Test Learning Outcome 1,"Skillone,skilltwo",Illustrative Social Studies Class 3 Chapter 5 Test Paper Generator,1
CBSE,Class 3,Social Studies,Illustrative Social Studies,Chapter 5 Family,,,Long Answer Questions (QPG), Think of a special day celebrated in your family.  Describe how you celebrate it together,N\A,,,,,,Other,Hard,Test Learning Outcome 1,"Skillone,skilltwo",Illustrative Social Studies Class 3 Chapter 5 Test Paper Generator,1
CBSE,Class 3,Social Studies,Illustrative Social Studies,Chapter 5 Family,,,Long Answer Questions (QPG), How do you think the relationships among different family members can strengthen family bonds?,N\A,,,,,,Other,Hard,Test Learning Outcome 1,"Skillone,skilltwo",Illustrative Social Studies Class 3 Chapter 5 Test Paper Generator,1
CBSE,Class 3,Social Studies,Illustrative Social Studies,Chapter 5 Family,,,Long Answer Questions (QPG), How do you feel about having uncles and aunts in your family? What role do they play?,N\A,,,,,,Other,Hard,Test Learning Outcome 1,"Skillone,skilltwo",Illustrative Social Studies Class 3 Chapter 5 Test Paper Generator,1
CBSE,Class 3,Social Studies,Illustrative Social Studies,Chapter 5 Family,,,Long Answer Questions (QPG)," If you could add a new family tradition, what would it be, and why?",N\A,,,,,,Other,Hard,Test Learning Outcome 1,"Skillone,skilltwo",Illustrative Social Studies Class 3 Chapter 5 Test Paper Generator,1
CBSE,Class 3,Social Studies,Illustrative Social Studies,Chapter 5 Family,,,Long Answer Questions (QPG)," Think of a time when your family ate together.  What dish did you enjoy the most, and why?",N\A,,,,,,Other,Hard,Test Learning Outcome 1,"Skillone,skilltwo",Illustrative Social Studies Class 3 Chapter 5 Test Paper Generator,1
CBSE,Class 3,Social Studies,Illustrative Social Studies,Chapter 5 Family,,,Long Answer Questions (QPG), You're invited to a friend's family gathering.  What can you do to show respect for their customs and traditions?,N\A,,,,,,Other,Hard,Test Learning Outcome 1,"Skillone,skilltwo",Illustrative Social Studies Class 3 Chapter 5 Test Paper Generator,1
CBSE,Class 3,Social Studies,Illustrative Social Studies,Chapter 5 Family,,,Long Answer Questions (QPG), How does your family celebrate cultural or religious holidays?,N\A,,,,,,Other,Hard,Test Learning Outcome 1,"Skillone,skilltwo",Illustrative Social Studies Class 3 Chapter 5 Test Paper Generator,1
CBSE,Class 3,Social Studies,Illustrative Social Studies,Chapter 5 Family,,,Long Answer Questions (QPG), What is something special you've learned from your grandparents?,N\A,,,,,,Other,Hard,Test Learning Outcome 1,"Skillone,skilltwo",Illustrative Social Studies Class 3 Chapter 5 Test Paper Generator,1
CBSE,Class 3,Social Studies,Illustrative Social Studies,Chapter 6 Food We Eat,,,Multiple Choice Question (QPG) Test Paper," In which state is jowar, bajra, and wheat popular?", Rajasthan, Punjab, Rajasthan, Tamil Nadu, Kerala,,Other,Hard,Test Learning Outcome 1,"Skillone,skilltwo",Illustrative Social Studies Class 3 Chapter 6 Test Paper Generator,1
CBSE,Class 3,Social Studies,Illustrative Social Studies,Chapter 6 Food We Eat,,,Multiple Choice Question (QPG) Test Paper, Which region in India is known for consuming more wheat?, North India, East India, South India, North India, West India,,Other,Hard,Test Learning Outcome 1,"Skillone,skilltwo",Illustrative Social Studies Class 3 Chapter 6 Test Paper Generator,1
CBSE,Class 3,Social Studies,Illustrative Social Studies,Chapter 6 Food We Eat,,,Multiple Choice Question (QPG) Test Paper," People in coastal areas of Tamil Nadu, Odisha, Kerala, West Bengal, and Andhra Pradesh prefer to eat:", Fish with rice, Wheat and rice, Pulses and vegetables, Fish with rice, Fruits and nuts,,Other,Hard,Test Learning Outcome 1,"Skillone,skilltwo",Illustrative Social Studies Class 3 Chapter 6 Test Paper Generator,1
CBSE,Class 3,Social Studies,Illustrative Social Studies,Chapter 6 Food We Eat,,,Multiple Choice Question (QPG) Test Paper," What do you call people who do not eat food like eggs, meat, and fish?", Vegetarians, Non-vegetarians, Carnivores, Herbivores, Vegetarians,,Other,Hard,Test Learning Outcome 1,"Skillone,skilltwo",Illustrative Social Studies Class 3 Chapter 6 Test Paper Generator,1
CBSE,Class 3,Social Studies,Illustrative Social Studies,Chapter 6 Food We Eat,,,Multiple Choice Question (QPG) Test Paper, Which state is famous for a wide variety of apples?, Himachal Pradesh, Orissa, Uttar Pradesh, Maharashtra, Himachal Pradesh,,Other,Hard,Test Learning Outcome 1,"Skillone,skilltwo",Illustrative Social Studies Class 3 Chapter 6 Test Paper Generator,1
CBSE,Class 3,Social Studies,Illustrative Social Studies,Chapter 6 Food We Eat,,,Multiple Choice Question (QPG) Test Paper, Rice is the main foodgrain in:, North India, North India, East India, West India, South India,,Other,Hard,Test Learning Outcome 1,"Skillone,skilltwo",Illustrative Social Studies Class 3 Chapter 6 Test Paper Generator,1
CBSE,Class 3,Social Studies,Illustrative Social Studies,Chapter 6 Food We Eat,,,Multiple Choice Question (QPG) Test Paper, Which fruits are available throughout the year?, Apples and bananas, Mangoes, Oranges, Apples and bananas, Grapes and strawberries,,Other,Hard,Test Learning Outcome 1,"Skillone,skilltwo",Illustrative Social Studies Class 3 Chapter 6 Test Paper Generator,1
CBSE,Class 3,Social Studies,Illustrative Social Studies,Chapter 6 Food We Eat,,,Multiple Choice Question (QPG) Test Paper, What makes food tasty and colourful?, Spices, Water, Salt, Spices, Sugar,,Other,Hard,Test Learning Outcome 1,"Skillone,skilltwo",Illustrative Social Studies Class 3 Chapter 6 Test Paper Generator,1
CBSE,Class 3,Social Studies,Illustrative Social Studies,Chapter 6 Food We Eat,,,Multiple Choice Question (QPG) Test Paper,"Assertion: People in North India eat more wheat than rice.
Reason: Rice is not grown in North India.","Assertion is true, but the reason is false. Wheat is grown in large quantities in the Northern Plains, making it a popular food choice there. Rice is also grown in some parts of North India, but not as extensively as wheat"," Both Assertion and Reason are true, and Reason is the correct explanation of Assertion"," Both Assertion and Reason are true, but Reason is not the correct explanation of Assertion"," Assertion is true, but Reason is false", Both Assertion and Reason are false,,Other,Hard,Test Learning Outcome 1,"Skillone,skilltwo",Illustrative Social Studies Class 3 Chapter 6 Test Paper Generator,1
CBSE,Class 3,Social Studies,Illustrative Social Studies,Chapter 6 Food We Eat,,,Multiple Choice Question (QPG) Test Paper,"Assertion: India's diverse climatic conditions contribute to a wide variety of fruits and vegetables throughout the year.
Reason: Different states produce various fruits and vegetables, ensuring a continuous supply, though some are seasonal.","Both the assertion and the reason are true, and the reason explains the assertion. India's diverse climates and the fact that each state grows what suits its weather contribute to a continuous supply of various fruits and vegetables."," Both Assertion and Reason are true, and Reason is the correct explanation of Assertion"," Both Assertion and Reason are true, but Reason is not the correct explanation of Assertion"," Assertion is true, but Reason is false", Both Assertion and Reason are false,,Other,Hard,Test Learning Outcome 1,"Skillone,skilltwo",Illustrative Social Studies Class 3 Chapter 6 Test Paper Generator,1
CBSE,Class 3,Social Studies,Illustrative Social Studies,Chapter 6 Food We Eat,,,True or False (QPG), Everyone in India eats the same kind of food,N\A,,,,,,Other,Hard,Test Learning Outcome 1,"Skillone,skilltwo",Illustrative Social Studies Class 3 Chapter 6 Test Paper Generator,1
CBSE,Class 3,Social Studies,Illustrative Social Studies,Chapter 6 Food We Eat,,,True or False (QPG), People in Rajasthan mostly eat rice,N\A,,,,,,Other,Hard,Test Learning Outcome 1,"Skillone,skilltwo",Illustrative Social Studies Class 3 Chapter 6 Test Paper Generator,1
CBSE,Class 3,Social Studies,Illustrative Social Studies,Chapter 6 Food We Eat,,,True or False (QPG), All vegetables are available throughout the year,N\A,,,,,,Other,Hard,Test Learning Outcome 1,"Skillone,skilltwo",Illustrative Social Studies Class 3 Chapter 6 Test Paper Generator,1
CBSE,Class 3,Social Studies,Illustrative Social Studies,Chapter 6 Food We Eat,,,True or False (QPG)," The type of food one eats depends on factors like landform, climate, and crops grown in the region",N\A,,,,,,Other,Hard,Test Learning Outcome 1,"Skillone,skilltwo",Illustrative Social Studies Class 3 Chapter 6 Test Paper Generator,1
CBSE,Class 3,Social Studies,Illustrative Social Studies,Chapter 6 Food We Eat,,,True or False (QPG), Oil is not used for cooking food in India,N\A,,,,,,Other,Hard,Test Learning Outcome 1,"Skillone,skilltwo",Illustrative Social Studies Class 3 Chapter 6 Test Paper Generator,1
CBSE,Class 3,Social Studies,Illustrative Social Studies,Chapter 6 Food We Eat,,,True or False (QPG), Pulses are eaten only in specific regions of India,N\A,,,,,,Other,Hard,Test Learning Outcome 1,"Skillone,skilltwo",Illustrative Social Studies Class 3 Chapter 6 Test Paper Generator,1
CBSE,Class 3,Social Studies,Illustrative Social Studies,Chapter 6 Food We Eat,,,True or False (QPG), The availability of some fruits and vegetables is seasonal,N\A,,,,,,Other,Hard,Test Learning Outcome 1,"Skillone,skilltwo",Illustrative Social Studies Class 3 Chapter 6 Test Paper Generator,1
CBSE,Class 3,Social Studies,Illustrative Social Studies,Chapter 6 Food We Eat,,,True or False (QPG)," Potatoes, brinjal, cabbage, tomato, cauliflower, and onions are vegetables available throughout the year",N\A,,,,,,Other,Hard,Test Learning Outcome 1,"Skillone,skilltwo",Illustrative Social Studies Class 3 Chapter 6 Test Paper Generator,1
CBSE,Class 3,Social Studies,Illustrative Social Studies,Chapter 6 Food We Eat,,,True or False (QPG), Turmeric is a yellow powder made from the roots of a plant,N\A,,,,,,Other,Hard,Test Learning Outcome 1,"Skillone,skilltwo",Illustrative Social Studies Class 3 Chapter 6 Test Paper Generator,1
CBSE,Class 3,Social Studies,Illustrative Social Studies,Chapter 6 Food We Eat,,,True or False (QPG), Mangoes from Uttar Pradesh are famous for their variety,N\A,,,,,,Other,Hard,Test Learning Outcome 1,"Skillone,skilltwo",Illustrative Social Studies Class 3 Chapter 6 Test Paper Generator,1
CBSE,Class 3,Social Studies,Illustrative Social Studies,Chapter 6 Food We Eat,,,Fill in the blank (QPG), ___________ and ___________ are fruits available all year,N\A,,,,,,Other,Hard,Test Learning Outcome 1,"Skillone,skilltwo",Illustrative Social Studies Class 3 Chapter 6 Test Paper Generator,1
CBSE,Class 3,Social Studies,Illustrative Social Studies,Chapter 6 Food We Eat,,,Fill in the blank (QPG), _______ are commonly grown in India and used for cooking,N\A,,,,,,Other,Hard,Test Learning Outcome 1,"Skillone,skilltwo",Illustrative Social Studies Class 3 Chapter 6 Test Paper Generator,1
CBSE,Class 3,Social Studies,Illustrative Social Studies,Chapter 6 Food We Eat,,,Fill in the blank (QPG)," In East India, people eat more _______",N\A,,,,,,Other,Hard,Test Learning Outcome 1,"Skillone,skilltwo",Illustrative Social Studies Class 3 Chapter 6 Test Paper Generator,1
CBSE,Class 3,Social Studies,Illustrative Social Studies,Chapter 6 Food We Eat,,,Fill in the blank (QPG), _____________ is a person who owns or looks after a farm,N\A,,,,,,Other,Hard,Test Learning Outcome 1,"Skillone,skilltwo",Illustrative Social Studies Class 3 Chapter 6 Test Paper Generator,1
CBSE,Class 3,Social Studies,Illustrative Social Studies,Chapter 6 Food We Eat,,,Fill in the blank (QPG), Nagpur is famous for ______________,N\A,,,,,,Other,Hard,Test Learning Outcome 1,"Skillone,skilltwo",Illustrative Social Studies Class 3 Chapter 6 Test Paper Generator,1
CBSE,Class 3,Social Studies,Illustrative Social Studies,Chapter 6 Food We Eat,,,Fill in the blank (QPG), Millets are eaten in ____________ India,N\A,,,,,,Other,Hard,Test Learning Outcome 1,"Skillone,skilltwo",Illustrative Social Studies Class 3 Chapter 6 Test Paper Generator,1
CBSE,Class 3,Social Studies,Illustrative Social Studies,Chapter 6 Food We Eat,,,Fill in the blank (QPG), India is divided into ____________ main regions,N\A,,,,,,Other,Hard,Test Learning Outcome 1,"Skillone,skilltwo",Illustrative Social Studies Class 3 Chapter 6 Test Paper Generator,1
CBSE,Class 3,Social Studies,Illustrative Social Studies,Chapter 6 Food We Eat,,,Fill in the blank (QPG), We all need food to ____________,N\A,,,,,,Other,Hard,Test Learning Outcome 1,"Skillone,skilltwo",Illustrative Social Studies Class 3 Chapter 6 Test Paper Generator,1
CBSE,Class 3,Social Studies,Illustrative Social Studies,Chapter 6 Food We Eat,,,Fill in the blank (QPG), ___________ and ___________ are the most popular foodgrains in India,N\A,,,,,,Other,Hard,Test Learning Outcome 1,"Skillone,skilltwo",Illustrative Social Studies Class 3 Chapter 6 Test Paper Generator,1
CBSE,Class 3,Social Studies,Illustrative Social Studies,Chapter 6 Food We Eat,,,Fill in the blank (QPG), People of West Bengal are like to eat _____________ with rice,N\A,,,,,,Other,Hard,Test Learning Outcome 1,"Skillone,skilltwo",Illustrative Social Studies Class 3 Chapter 6 Test Paper Generator,1
CBSE,Class 3,Social Studies,Illustrative Social Studies,Chapter 6 Food We Eat,,,Very Short Answer Questions (QPG), Which regions eat a lot of fish?,N\A,,,,,,Other,Hard,Test Learning Outcome 1,"Skillone,skilltwo",Illustrative Social Studies Class 3 Chapter 6 Test Paper Generator,1
CBSE,Class 3,Social Studies,Illustrative Social Studies,Chapter 6 Food We Eat,,,Very Short Answer Questions (QPG), Which oils are commonly used for cooking in India? ,N\A,,,,,,Other,Hard,Test Learning Outcome 1,"Skillone,skilltwo",Illustrative Social Studies Class 3 Chapter 6 Test Paper Generator,1
CBSE,Class 3,Social Studies,Illustrative Social Studies,Chapter 6 Food We Eat,,,Very Short Answer Questions (QPG), Name two states in South India where people eat more rice,N\A,,,,,,Other,Hard,Test Learning Outcome 1,"Skillone,skilltwo",Illustrative Social Studies Class 3 Chapter 6 Test Paper Generator,1
CBSE,Class 3,Social Studies,Illustrative Social Studies,Chapter 6 Food We Eat,,,Very Short Answer Questions (QPG), Give an example of a fruit that is available throughout the year,N\A,,,,,,Other,Hard,Test Learning Outcome 1,"Skillone,skilltwo",Illustrative Social Studies Class 3 Chapter 6 Test Paper Generator,1
CBSE,Class 3,Social Studies,Illustrative Social Studies,Chapter 6 Food We Eat,,,Very Short Answer Questions (QPG), Can you give an example of a fruit that is available only in some seasons?,N\A,,,,,,Other,Hard,Test Learning Outcome 1,"Skillone,skilltwo",Illustrative Social Studies Class 3 Chapter 6 Test Paper Generator,1
CBSE,Class 3,Social Studies,Illustrative Social Studies,Chapter 6 Food We Eat,,,Very Short Answer Questions (QPG)," Are spices like chillies, cloves, turmeric, and pepper grown in India?",N\A,,,,,,Other,Hard,Test Learning Outcome 1,"Skillone,skilltwo",Illustrative Social Studies Class 3 Chapter 6 Test Paper Generator,1
CBSE,Class 3,Social Studies,Illustrative Social Studies,Chapter 6 Food We Eat,,,Very Short Answer Questions (QPG), What district in Maharashtra is famous for oranges?,N\A,,,,,,Other,Hard,Test Learning Outcome 1,"Skillone,skilltwo",Illustrative Social Studies Class 3 Chapter 6 Test Paper Generator,1
CBSE,Class 3,Social Studies,Illustrative Social Studies,Chapter 6 Food We Eat,,,Very Short Answer Questions (QPG), What is Uttar Pradesh famous for?,N\A,,,,,,Other,Hard,Test Learning Outcome 1,"Skillone,skilltwo",Illustrative Social Studies Class 3 Chapter 6 Test Paper Generator,1
CBSE,Class 3,Social Studies,Illustrative Social Studies,Chapter 6 Food We Eat,,,Very Short Answer Questions (QPG), Do people in East and South India eat more rice or wheat?,N\A,,,,,,Other,Hard,Test Learning Outcome 1,"Skillone,skilltwo",Illustrative Social Studies Class 3 Chapter 6 Test Paper Generator,1
CBSE,Class 3,Social Studies,Illustrative Social Studies,Chapter 6 Food We Eat,,,Very Short Answer Questions (QPG), Which state is famous for oranges?,N\A,,,,,,Other,Hard,Test Learning Outcome 1,"Skillone,skilltwo",Illustrative Social Studies Class 3 Chapter 6 Test Paper Generator,1
CBSE,Class 3,Social Studies,Illustrative Social Studies,Chapter 6 Food We Eat,,,Short Answer Questions (QPG), Who are non-vegetarian people?,N\A,,,,,,Other,Hard,Test Learning Outcome 1,"Skillone,skilltwo",Illustrative Social Studies Class 3 Chapter 6 Test Paper Generator,1
CBSE,Class 3,Social Studies,Illustrative Social Studies,Chapter 6 Food We Eat,,,Short Answer Questions (QPG), What are some common spices used in Indian cooking?,N\A,,,,,,Other,Hard,Test Learning Outcome 1,"Skillone,skilltwo",Illustrative Social Studies Class 3 Chapter 6 Test Paper Generator,1
CBSE,Class 3,Social Studies,Illustrative Social Studies,Chapter 6 Food We Eat,,,Short Answer Questions (QPG), List three vegetables that are available throughout the year,N\A,,,,,,Other,Hard,Test Learning Outcome 1,"Skillone,skilltwo",Illustrative Social Studies Class 3 Chapter 6 Test Paper Generator,1
CBSE,Class 3,Social Studies,Illustrative Social Studies,Chapter 6 Food We Eat,,,Short Answer Questions (QPG), Name three types of pulses eaten all over the country,N\A,,,,,,Other,Hard,Test Learning Outcome 1,"Skillone,skilltwo",Illustrative Social Studies Class 3 Chapter 6 Test Paper Generator,1
CBSE,Class 3,Social Studies,Illustrative Social Studies,Chapter 6 Food We Eat,,,Short Answer Questions (QPG)," Besides foodgrains, name three other categories of food consumed by Indians",N\A,,,,,,Other,Hard,Test Learning Outcome 1,"Skillone,skilltwo",Illustrative Social Studies Class 3 Chapter 6 Test Paper Generator,1
CBSE,Class 3,Social Studies,Illustrative Social Studies,Chapter 6 Food We Eat,,,Short Answer Questions (QPG), Why do people in the Eastern and Southern states eat more rice?,N\A,,,,,,Other,Hard,Test Learning Outcome 1,"Skillone,skilltwo",Illustrative Social Studies Class 3 Chapter 6 Test Paper Generator,1
CBSE,Class 3,Social Studies,Illustrative Social Studies,Chapter 6 Food We Eat,,,Short Answer Questions (QPG), Why do people prefer to eat food that is grown in their local area?,N\A,,,,,,Other,Hard,Test Learning Outcome 1,"Skillone,skilltwo",Illustrative Social Studies Class 3 Chapter 6 Test Paper Generator,1
CBSE,Class 3,Social Studies,Illustrative Social Studies,Chapter 6 Food We Eat,,,Short Answer Questions (QPG), Can you list three states where rice is a major foodgrain?,N\A,,,,,,Other,Hard,Test Learning Outcome 1,"Skillone,skilltwo",Illustrative Social Studies Class 3 Chapter 6 Test Paper Generator,1
CBSE,Class 3,Social Studies,Illustrative Social Studies,Chapter 6 Food We Eat,,,Short Answer Questions (QPG), What are Jammu and Kashmir famous for?,N\A,,,,,,Other,Hard,Test Learning Outcome 1,"Skillone,skilltwo",Illustrative Social Studies Class 3 Chapter 6 Test Paper Generator,1
CBSE,Class 3,Social Studies,Illustrative Social Studies,Chapter 6 Food We Eat,,,Short Answer Questions (QPG), Can you name five different types of food eaten in India?,N\A,,,,,,Other,Hard,Test Learning Outcome 1,"Skillone,skilltwo",Illustrative Social Studies Class 3 Chapter 6 Test Paper Generator,1
CBSE,Class 3,Social Studies,Illustrative Social Studies,Chapter 6 Food We Eat,,,Long Answer Questions (QPG), What factors influence the type of food people eat in different parts of India?,N\A,,,,,,Other,Hard,Test Learning Outcome 1,"Skillone,skilltwo",Illustrative Social Studies Class 3 Chapter 6 Test Paper Generator,1
CBSE,Class 3,Social Studies,Illustrative Social Studies,Chapter 6 Food We Eat,,,Long Answer Questions (QPG), Why do people prefer to eat foodgrains grown in their area?,N\A,,,,,,Other,Hard,Test Learning Outcome 1,"Skillone,skilltwo",Illustrative Social Studies Class 3 Chapter 6 Test Paper Generator,1
CBSE,Class 3,Social Studies,Illustrative Social Studies,Chapter 6 Food We Eat,,,Long Answer Questions (QPG), What influence does geography have on the type of food people eat?,N\A,,,,,,Other,Hard,Test Learning Outcome 1,"Skillone,skilltwo",Illustrative Social Studies Class 3 Chapter 6 Test Paper Generator,1
CBSE,Class 3,Social Studies,Illustrative Social Studies,Chapter 6 Food We Eat,,,Long Answer Questions (QPG), What is the primary factor influencing the type of food people eat in India?,N\A,,,,,,Other,Hard,Test Learning Outcome 1,"Skillone,skilltwo",Illustrative Social Studies Class 3 Chapter 6 Test Paper Generator,1
CBSE,Class 3,Social Studies,Illustrative Social Studies,Chapter 6 Food We Eat,,,Long Answer Questions (QPG), Why do farmers in different states grow different types of fruits and vegetables?,N\A,,,,,,Other,Hard,Test Learning Outcome 1,"Skillone,skilltwo",Illustrative Social Studies Class 3 Chapter 6 Test Paper Generator,1
CBSE,Class 3,Social Studies,Illustrative Social Studies,Chapter 6 Food We Eat,,,Long Answer Questions (QPG), What is food? How many types of foodgrains are there?,N\A,,,,,,Other,Hard,Test Learning Outcome 1,"Skillone,skilltwo",Illustrative Social Studies Class 3 Chapter 6 Test Paper Generator,1
CBSE,Class 3,Social Studies,Illustrative Social Studies,Chapter 6 Food We Eat,,,Long Answer Questions (QPG), Write the names of some food items which you have never eaten before but feel like eating,N\A,,,,,,Other,Hard,Test Learning Outcome 1,"Skillone,skilltwo",Illustrative Social Studies Class 3 Chapter 6 Test Paper Generator,1
CBSE,Class 3,Social Studies,Illustrative Social Studies,Chapter 6 Food We Eat,,,Long Answer Questions (QPG), Why do we eat food?,N\A,,,,,,Other,Hard,Test Learning Outcome 1,"Skillone,skilltwo",Illustrative Social Studies Class 3 Chapter 6 Test Paper Generator,1
CBSE,Class 3,Social Studies,Illustrative Social Studies,Chapter 6 Food We Eat,,,Long Answer Questions (QPG)," How is India divided based on major foodgrains, and what are the major foodgrains in each region?",N\A,,,,,,Other,Hard,Test Learning Outcome 1,"Skillone,skilltwo",Illustrative Social Studies Class 3 Chapter 6 Test Paper Generator,1
CBSE,Class 3,Social Studies,Illustrative Social Studies,Chapter 6 Food We Eat,,,Long Answer Questions (QPG), How can you use a map to understand the distribution of major foodgrains in India?,N\A,,,,,,Other,Hard,Test Learning Outcome 1,"Skillone,skilltwo",Illustrative Social Studies Class 3 Chapter 6 Test Paper Generator,1
