Board Name,Class Name,Subject Name,Series Name,Chapter Name,Topic Name,Subtopic Name,Question Type,Question,Answer,Option1,Option2,Option3,Option4,Explanation,Question Weight(optional),Difficulty Level,Learning Outcomes(optional),"Skills(optional if any seprate with comma ,)","Tags(optional if any seprate with comma ,)","Status(1==active,0=Inactive)"
CBSE,Class 1,Mathematics,Illustrative Mathematics,Chapter 1- Numbers up to 9,,,Multiple Choice Question (QPG) Test Paper, What is the number that comes after 4?,N/A,2,5,6,7,,Other,Hard,Test Learning Outcome 1,"Skillone,skilltwo",Illustrative Mathematics Class 1 Chapter 1 Test Paper Generator,1
CBSE,Class 1,Mathematics,Illustrative Mathematics,Chapter 1- Numbers up to 9,,,Multiple Choice Question (QPG) Test Paper," Write the number ""8"" in words",N/A, Eight, Nine, Ten, Seven,,Other,Hard,Test Learning Outcome 1,"Skillone,skilltwo",Illustrative Mathematics Class 1 Chapter 1 Test Paper Generator,1
CBSE,Class 1,Mathematics,Illustrative Mathematics,Chapter 1- Numbers up to 9,,,Multiple Choice Question (QPG) Test Paper, Which number is between 2 and 4?,N/A,1,3,5,6,,Other,Hard,Test Learning Outcome 1,"Skillone,skilltwo",Illustrative Mathematics Class 1 Chapter 1 Test Paper Generator,1
CBSE,Class 1,Mathematics,Illustrative Mathematics,Chapter 1- Numbers up to 9,,,Multiple Choice Question (QPG) Test Paper, What is the number before 9?,N/A,7,8,10,6,,Other,Hard,Test Learning Outcome 1,"Skillone,skilltwo",Illustrative Mathematics Class 1 Chapter 1 Test Paper Generator,1
CBSE,Class 1,Mathematics,Illustrative Mathematics,Chapter 1- Numbers up to 9,,,Multiple Choice Question (QPG) Test Paper," Arrange these numbers in increasing order: 3, 1, 4, 2",N/A," 1, 2, 3, 4"," 4, 3, 2, 1"," 2, 1, 3, 4"," 3, 4, 1, 2",,Other,Hard,Test Learning Outcome 1,"Skillone,skilltwo",Illustrative Mathematics Class 1 Chapter 1 Test Paper Generator,1
CBSE,Class 1,Mathematics,Illustrative Mathematics,Chapter 1- Numbers up to 9,,,Multiple Choice Question (QPG) Test Paper," Which is the smallest number: 6, 1, 2, 5?",N/A,6,2,5,1,,Other,Hard,Test Learning Outcome 1,"Skillone,skilltwo",Illustrative Mathematics Class 1 Chapter 1 Test Paper Generator,1
CBSE,Class 1,Mathematics,Illustrative Mathematics,Chapter 1- Numbers up to 9,,,Multiple Choice Question (QPG) Test Paper, What is the number 0 called?,N/A, Zero, One, Ten, Nine,,Other,Hard,Test Learning Outcome 1,"Skillone,skilltwo",Illustrative Mathematics Class 1 Chapter 1 Test Paper Generator,1
CBSE,Class 1,Mathematics,Illustrative Mathematics,Chapter 1- Numbers up to 9,,,Multiple Choice Question (QPG) Test Paper, How many fingers do you have on one hand?,N/A,3,5,7,9,,Other,Hard,Test Learning Outcome 1,"Skillone,skilltwo",Illustrative Mathematics Class 1 Chapter 1 Test Paper Generator,1
CBSE,Class 1,Mathematics,Illustrative Mathematics,Chapter 1- Numbers up to 9,,,Multiple Choice Question (QPG) Test Paper," Write the missing number: 1, ___, 3, 4",N/A,2,5,6,7,,Other,Hard,Test Learning Outcome 1,"Skillone,skilltwo",Illustrative Mathematics Class 1 Chapter 1 Test Paper Generator,1
CBSE,Class 1,Mathematics,Illustrative Mathematics,Chapter 1- Numbers up to 9,,,Fill in the blank (QPG),"The number ""5"" comes before ""6"". ___",N/A,,,,,,Other,Hard,Test Learning Outcome 1,"Skillone,skilltwo",Illustrative Mathematics Class 1 Chapter 1 Test Paper Generator,1
CBSE,Class 1,Mathematics,Illustrative Mathematics,Chapter 1- Numbers up to 9,,,Fill in the blank (QPG),"The number ""3"" is between ""2"" and ""4"". ___",N/A,,,,,,Other,Hard,Test Learning Outcome 1,"Skillone,skilltwo",Illustrative Mathematics Class 1 Chapter 1 Test Paper Generator,1
CBSE,Class 1,Mathematics,Illustrative Mathematics,Chapter 1- Numbers up to 9,,,Fill in the blank (QPG),"The number ""0"" is greater than ""1"". ___",N/A,,,,,,Other,Hard,Test Learning Outcome 1,"Skillone,skilltwo",Illustrative Mathematics Class 1 Chapter 1 Test Paper Generator,1
CBSE,Class 1,Mathematics,Illustrative Mathematics,Chapter 1- Numbers up to 9,,,Fill in the blank (QPG),"The number ""5"" is the smallest among 5, 8, and 2. ___",N/A,,,,,,Other,Hard,Test Learning Outcome 1,"Skillone,skilltwo",Illustrative Mathematics Class 1 Chapter 1 Test Paper Generator,1
CBSE,Class 1,Mathematics,Illustrative Mathematics,Chapter 1- Numbers up to 9,,,Fill in the blank (QPG),"The number ""9"" comes after ""8"". ___",N/A,,,,,,Other,Hard,Test Learning Outcome 1,"Skillone,skilltwo",Illustrative Mathematics Class 1 Chapter 1 Test Paper Generator,1
CBSE,Class 1,Mathematics,Illustrative Mathematics,Chapter 1- Numbers up to 9,,,Fill in the blank (QPG),Four is the number name for the number 5. ___,N/A,,,,,,Other,Hard,Test Learning Outcome 1,"Skillone,skilltwo",Illustrative Mathematics Class 1 Chapter 1 Test Paper Generator,1
CBSE,Class 1,Mathematics,Illustrative Mathematics,Chapter 1- Numbers up to 9,,,Fill in the blank (QPG),"The number ""1"" is also called ""zero"". ___",N/A,,,,,,Other,Hard,Test Learning Outcome 1,"Skillone,skilltwo",Illustrative Mathematics Class 1 Chapter 1 Test Paper Generator,1
CBSE,Class 1,Mathematics,Illustrative Mathematics,Chapter 1- Numbers up to 9,,,Fill in the blank (QPG),6 comes between 7 and 9. ___,N/A,,,,,,Other,Hard,Test Learning Outcome 1,"Skillone,skilltwo",Illustrative Mathematics Class 1 Chapter 1 Test Paper Generator,1
CBSE,Class 1,Mathematics,Illustrative Mathematics,Chapter 1- Numbers up to 9,,,Fill in the blank (QPG),"The number ""8"" comes before ""7"". ___",N/A,,,,,,Other,Hard,Test Learning Outcome 1,"Skillone,skilltwo",Illustrative Mathematics Class 1 Chapter 1 Test Paper Generator,1
CBSE,Class 1,Mathematics,Illustrative Mathematics,Chapter 1- Numbers up to 9,,,Fill in the blank (QPG),"The number ""5"" is the largest among 1, 3, and 5 ___.",N/A,,,,,,Other,Hard,Test Learning Outcome 1,"Skillone,skilltwo",Illustrative Mathematics Class 1 Chapter 1 Test Paper Generator,1
CBSE,Class 1,Mathematics,Illustrative Mathematics,Chapter 1- Numbers up to 9,,,Match the following (QPG),"A. 8                                1. Five
B. 2                                2. Eight
C. 9                                3. Two
D. 5                                4. Nine",N/A,,,,,,Other,Hard,Test Learning Outcome 1,"Skillone,skilltwo",Illustrative Mathematics Class 1 Chapter 1 Test Paper Generator,1
CBSE,Class 1,Mathematics,Illustrative Mathematics,Chapter 1- Numbers up to 9,,,Very Short Answer Questions (QPG)," Write the number ""7"" in words",N/A,,,,,,Other,Hard,Test Learning Outcome 1,"Skillone,skilltwo",Illustrative Mathematics Class 1 Chapter 1 Test Paper Generator,1
CBSE,Class 1,Mathematics,Illustrative Mathematics,Chapter 1- Numbers up to 9,,,Very Short Answer Questions (QPG), What number comes just after 3?,N/A,,,,,,Other,Hard,Test Learning Outcome 1,"Skillone,skilltwo",Illustrative Mathematics Class 1 Chapter 1 Test Paper Generator,1
CBSE,Class 1,Mathematics,Illustrative Mathematics,Chapter 1- Numbers up to 9,,,Very Short Answer Questions (QPG), Identify the number between 5 and 7,N/A,,,,,,Other,Hard,Test Learning Outcome 1,"Skillone,skilltwo",Illustrative Mathematics Class 1 Chapter 1 Test Paper Generator,1
CBSE,Class 1,Mathematics,Illustrative Mathematics,Chapter 1- Numbers up to 9,,,Very Short Answer Questions (QPG)," Which is the largest number among 2, 4, 1",N/A,,,,,,Other,Hard,Test Learning Outcome 1,"Skillone,skilltwo",Illustrative Mathematics Class 1 Chapter 1 Test Paper Generator,1
CBSE,Class 1,Mathematics,Illustrative Mathematics,Chapter 1- Numbers up to 9,,,Very Short Answer Questions (QPG)," What is the smallest number among 0, 3, and 8?",N/A,,,,,,Other,Hard,Test Learning Outcome 1,"Skillone,skilltwo",Illustrative Mathematics Class 1 Chapter 1 Test Paper Generator,1
CBSE,Class 1,Mathematics,Illustrative Mathematics,Chapter 1- Numbers up to 9,,,Very Short Answer Questions (QPG), What comes before 2 in the number sequence?,N/A,,,,,,Other,Hard,Test Learning Outcome 1,"Skillone,skilltwo",Illustrative Mathematics Class 1 Chapter 1 Test Paper Generator,1
CBSE,Class 1,Mathematics,Illustrative Mathematics,Chapter 1- Numbers up to 9,,,Very Short Answer Questions (QPG)," Write the missing number: 1, ___, 3, 4",N/A,,,,,,Other,Hard,Test Learning Outcome 1,"Skillone,skilltwo",Illustrative Mathematics Class 1 Chapter 1 Test Paper Generator,1
CBSE,Class 1,Mathematics,Illustrative Mathematics,Chapter 1- Numbers up to 9,,,Very Short Answer Questions (QPG), Identify the number that is between 4 and 6,N/A,,,,,,Other,Hard,Test Learning Outcome 1,"Skillone,skilltwo",Illustrative Mathematics Class 1 Chapter 1 Test Paper Generator,1
CBSE,Class 1,Mathematics,Illustrative Mathematics,Chapter 1- Numbers up to 9,,,Very Short Answer Questions (QPG), Write the number that comes after 5 and before 7,N/A,,,,,,Other,Hard,Test Learning Outcome 1,"Skillone,skilltwo",Illustrative Mathematics Class 1 Chapter 1 Test Paper Generator,1
CBSE,Class 1,Mathematics,Illustrative Mathematics,Chapter 1- Numbers up to 9,,,Very Short Answer Questions (QPG),   Write the number that comes just after 2,N/A,,,,,,Other,Hard,Test Learning Outcome 1,"Skillone,skilltwo",Illustrative Mathematics Class 1 Chapter 1 Test Paper Generator,1
CBSE,Class 1,Mathematics,Illustrative Mathematics,Chapter 1- Numbers up to 9,,,Short Answer Questions (QPG)," Arrange the numbers 2, 4, 6, 8 in decreasing order",N/A,,,,,,Other,Hard,Test Learning Outcome 1,"Skillone,skilltwo",Illustrative Mathematics Class 1 Chapter 1 Test Paper Generator,1
CBSE,Class 1,Mathematics,Illustrative Mathematics,Chapter 1- Numbers up to 9,,,Short Answer Questions (QPG), Write the number that comes before and after 5 in the sequence,N/A,,,,,,Other,Hard,Test Learning Outcome 1,"Skillone,skilltwo",Illustrative Mathematics Class 1 Chapter 1 Test Paper Generator,1
CBSE,Class 1,Mathematics,Illustrative Mathematics,Chapter 1- Numbers up to 9,,,Short Answer Questions (QPG)," If you have 7 apples and give away 5 of them, how many apples are you left with?",N/A,,,,,,Other,Hard,Test Learning Outcome 1,"Skillone,skilltwo",Illustrative Mathematics Class 1 Chapter 1 Test Paper Generator,1
CBSE,Class 1,Mathematics,Illustrative Mathematics,Chapter 1- Numbers up to 9,,,Short Answer Questions (QPG)," Arrange the numbers 3, 6, 2 in decreasing order",N/A,,,,,,Other,Hard,Test Learning Outcome 1,"Skillone,skilltwo",Illustrative Mathematics Class 1 Chapter 1 Test Paper Generator,1
CBSE,Class 1,Mathematics,Illustrative Mathematics,Chapter 1- Numbers up to 9,,,Short Answer Questions (QPG)," If you count backward from 8 to 1, what are the numbers in the sequence?",N/A,,,,,,Other,Hard,Test Learning Outcome 1,"Skillone,skilltwo",Illustrative Mathematics Class 1 Chapter 1 Test Paper Generator,1
CBSE,Class 1,Mathematics,Illustrative Mathematics,Chapter 2- Addition up to 9,,,Multiple Choice Question (QPG) Test Paper,What is the sum of 4 + 3?,N/A,6,7,8,9,,Other,Hard,Test Learning Outcome 1,"Skillone,skilltwo",Illustrative Mathematics Class 1 Chapter 2 Test Paper Generator,1
CBSE,Class 1,Mathematics,Illustrative Mathematics,Chapter 2- Addition up to 9,,,Multiple Choice Question (QPG) Test Paper,Which symbol represents addition?,N/A,a. - (minus),b. × (multiply),c. ÷ (divide),d. + (plus),,Other,Hard,Test Learning Outcome 1,"Skillone,skilltwo",Illustrative Mathematics Class 1 Chapter 2 Test Paper Generator,1
CBSE,Class 1,Mathematics,Illustrative Mathematics,Chapter 2- Addition up to 9,,,Multiple Choice Question (QPG) Test Paper,"Using number strips, what is the result of adding 2 and 5?",N/A,6,7,8,9,,Other,Hard,Test Learning Outcome 1,"Skillone,skilltwo",Illustrative Mathematics Class 1 Chapter 2 Test Paper Generator,1
CBSE,Class 1,Mathematics,Illustrative Mathematics,Chapter 2- Addition up to 9,,,Multiple Choice Question (QPG) Test Paper,What is the correct vertical addition for 4 + 4?,N/A,5,7,6,8,,Other,Hard,Test Learning Outcome 1,"Skillone,skilltwo",Illustrative Mathematics Class 1 Chapter 2 Test Paper Generator,1
CBSE,Class 1,Mathematics,Illustrative Mathematics,Chapter 2- Addition up to 9,,,Multiple Choice Question (QPG) Test Paper,What is the sum of 0 + 9?,N/A,8,9,10,0,,Other,Hard,Test Learning Outcome 1,"Skillone,skilltwo",Illustrative Mathematics Class 1 Chapter 2 Test Paper Generator,1
CBSE,Class 1,Mathematics,Illustrative Mathematics,Chapter 2- Addition up to 9,,,Multiple Choice Question (QPG) Test Paper,"In the order of addition, which number comes first in the expression 5 + 2 + 1?",N/A,2,1,5,The order doesn't matter.,,Other,Hard,Test Learning Outcome 1,"Skillone,skilltwo",Illustrative Mathematics Class 1 Chapter 2 Test Paper Generator,1
CBSE,Class 1,Mathematics,Illustrative Mathematics,Chapter 2- Addition up to 9,,,Multiple Choice Question (QPG) Test Paper,What is the result of adding zero to any number?,N/A,The original number,Zero,One,Two,,Other,Hard,Test Learning Outcome 1,"Skillone,skilltwo",Illustrative Mathematics Class 1 Chapter 2 Test Paper Generator,1
CBSE,Class 1,Mathematics,Illustrative Mathematics,Chapter 2- Addition up to 9,,,Multiple Choice Question (QPG) Test Paper,How many numbers are being added in the expression 2 + 3 + 4?,N/A,1,2,3,4,,Other,Hard,Test Learning Outcome 1,"Skillone,skilltwo",Illustrative Mathematics Class 1 Chapter 2 Test Paper Generator,1
CBSE,Class 1,Mathematics,Illustrative Mathematics,Chapter 2- Addition up to 9,,,Multiple Choice Question (QPG) Test Paper,What is the sum of 1 + 1 + 1?,N/A,1,2,3,4,,Other,Hard,Test Learning Outcome 1,"Skillone,skilltwo",Illustrative Mathematics Class 1 Chapter 2 Test Paper Generator,1
CBSE,Class 1,Mathematics,Illustrative Mathematics,Chapter 2- Addition up to 9,,,Multiple Choice Question (QPG) Test Paper,Which of the following is an example of addition of 3 numbers?,N/A,2 + 3,4 + 1,5 + 2 + 1,3 + 7,,Other,Hard,Test Learning Outcome 1,"Skillone,skilltwo",Illustrative Mathematics Class 1 Chapter 2 Test Paper Generator,1
CBSE,Class 1,Mathematics,Illustrative Mathematics,Chapter 2- Addition up to 9,,,True or False (QPG),The sum of 4 + 3 is 9. ---------,N/A,,,,,,Other,Hard,Test Learning Outcome 1,"Skillone,skilltwo",Illustrative Mathematics Class 1 Chapter 2 Test Paper Generator,1
CBSE,Class 1,Mathematics,Illustrative Mathematics,Chapter 2- Addition up to 9,,,True or False (QPG),"The symbol ""+"" represents addition. ---------",N/A,,,,,,Other,Hard,Test Learning Outcome 1,"Skillone,skilltwo",Illustrative Mathematics Class 1 Chapter 2 Test Paper Generator,1
CBSE,Class 1,Mathematics,Illustrative Mathematics,Chapter 2- Addition up to 9,,,True or False (QPG),"Using number strips, the result of adding 2 and 5 is 8. ---------",N/A,,,,,,Other,Hard,Test Learning Outcome 1,"Skillone,skilltwo",Illustrative Mathematics Class 1 Chapter 2 Test Paper Generator,1
CBSE,Class 1,Mathematics,Illustrative Mathematics,Chapter 2- Addition up to 9,,,True or False (QPG),The correct vertical addition for 3 + 4 is 6. ---------,N/A,,,,,,Other,Hard,Test Learning Outcome 1,"Skillone,skilltwo",Illustrative Mathematics Class 1 Chapter 2 Test Paper Generator,1
CBSE,Class 1,Mathematics,Illustrative Mathematics,Chapter 2- Addition up to 9,,,True or False (QPG),The sum of 0 + 9 is 9. ---------,N/A,,,,,,Other,Hard,Test Learning Outcome 1,"Skillone,skilltwo",Illustrative Mathematics Class 1 Chapter 2 Test Paper Generator,1
CBSE,Class 1,Mathematics,Illustrative Mathematics,Chapter 2- Addition up to 9,,,True or False (QPG),"In the order of addition, the number 5 comes last in the expression 5 + 2 + 1. ---------",N/A,,,,,,Other,Hard,Test Learning Outcome 1,"Skillone,skilltwo",Illustrative Mathematics Class 1 Chapter 2 Test Paper Generator,1
CBSE,Class 1,Mathematics,Illustrative Mathematics,Chapter 2- Addition up to 9,,,True or False (QPG),Adding zero to any number results in the original number. ---------,N/A,,,,,,Other,Hard,Test Learning Outcome 1,"Skillone,skilltwo",Illustrative Mathematics Class 1 Chapter 2 Test Paper Generator,1
CBSE,Class 1,Mathematics,Illustrative Mathematics,Chapter 2- Addition up to 9,,,True or False (QPG),There are 2 numbers being added in the expression 2 + 3 + 4. ---------,N/A,,,,,,Other,Hard,Test Learning Outcome 1,"Skillone,skilltwo",Illustrative Mathematics Class 1 Chapter 2 Test Paper Generator,1
CBSE,Class 1,Mathematics,Illustrative Mathematics,Chapter 2- Addition up to 9,,,True or False (QPG),The sum of 1 + 1 + 1 is 4. ---------,N/A,,,,,,Other,Hard,Test Learning Outcome 1,"Skillone,skilltwo",Illustrative Mathematics Class 1 Chapter 2 Test Paper Generator,1
CBSE,Class 1,Mathematics,Illustrative Mathematics,Chapter 2- Addition up to 9,,,True or False (QPG), The sum of 5 + 0 is 5. ---------,N/A,,,,,,Other,Hard,Test Learning Outcome 1,"Skillone,skilltwo",Illustrative Mathematics Class 1 Chapter 2 Test Paper Generator,1
CBSE,Class 1,Mathematics,Illustrative Mathematics,Chapter 2- Addition up to 9,,,True or False (QPG), 5 + 2 + 1 is an example of addition of 3 numbers. ---------,N/A,,,,,,Other,Hard,Test Learning Outcome 1,"Skillone,skilltwo",Illustrative Mathematics Class 1 Chapter 2 Test Paper Generator,1
CBSE,Class 1,Mathematics,Illustrative Mathematics,Chapter 2- Addition up to 9,,,True or False (QPG), The result of 8 + 1 using number strips is 7. ---------,N/A,,,,,,Other,Hard,Test Learning Outcome 1,"Skillone,skilltwo",Illustrative Mathematics Class 1 Chapter 2 Test Paper Generator,1
CBSE,Class 1,Mathematics,Illustrative Mathematics,Chapter 2- Addition up to 9,,,Match the following (QPG),"A. 4 + 3                          1. 8
B. 0 + 9                          2. 7
C. 3 + 5                          3. 2 
D. 1 + 1                          4. 9   ",N/A,,,,,,Other,Hard,Test Learning Outcome 1,"Skillone,skilltwo",Illustrative Mathematics Class 1 Chapter 2 Test Paper Generator,1
CBSE,Class 1,Mathematics,Illustrative Mathematics,Chapter 2- Addition up to 9,,,Fill in the blank (QPG),The sum of 4 + 5 is ____.,N/A,,,,,,Other,Hard,Test Learning Outcome 1,"Skillone,skilltwo",Illustrative Mathematics Class 1 Chapter 2 Test Paper Generator,1
CBSE,Class 1,Mathematics,Illustrative Mathematics,Chapter 2- Addition up to 9,,,Fill in the blank (QPG),The symbol for addition is ____.,N/A,,,,,,Other,Hard,Test Learning Outcome 1,"Skillone,skilltwo",Illustrative Mathematics Class 1 Chapter 2 Test Paper Generator,1
CBSE,Class 1,Mathematics,Illustrative Mathematics,Chapter 2- Addition up to 9,,,Fill in the blank (QPG),"Using number strips, the result of adding 3 and 2 is ____.",N/A,,,,,,Other,Hard,Test Learning Outcome 1,"Skillone,skilltwo",Illustrative Mathematics Class 1 Chapter 2 Test Paper Generator,1
CBSE,Class 1,Mathematics,Illustrative Mathematics,Chapter 2- Addition up to 9,,,Fill in the blank (QPG),"In vertical addition, the correct result for 6 + 2 is ____.",N/A,,,,,,Other,Hard,Test Learning Outcome 1,"Skillone,skilltwo",Illustrative Mathematics Class 1 Chapter 2 Test Paper Generator,1
CBSE,Class 1,Mathematics,Illustrative Mathematics,Chapter 2- Addition up to 9,,,Fill in the blank (QPG),The sum of 0 + 9 is ____.,N/A,,,,,,Other,Hard,Test Learning Outcome 1,"Skillone,skilltwo",Illustrative Mathematics Class 1 Chapter 2 Test Paper Generator,1
CBSE,Class 1,Mathematics,Illustrative Mathematics,Chapter 2- Addition up to 9,,,Fill in the blank (QPG),Adding zero to any number results in the original ____.,N/A,,,,,,Other,Hard,Test Learning Outcome 1,"Skillone,skilltwo",Illustrative Mathematics Class 1 Chapter 2 Test Paper Generator,1
CBSE,Class 1,Mathematics,Illustrative Mathematics,Chapter 2- Addition up to 9,,,Fill in the blank (QPG),The result of adding 2 + 3 + 4 is ____.,N/A,,,,,,Other,Hard,Test Learning Outcome 1,"Skillone,skilltwo",Illustrative Mathematics Class 1 Chapter 2 Test Paper Generator,1
CBSE,Class 1,Mathematics,Illustrative Mathematics,Chapter 2- Addition up to 9,,,Fill in the blank (QPG),"Using the vertical addition method, the result of 7 + 2 is ____.",N/A,,,,,,Other,Hard,Test Learning Outcome 1,"Skillone,skilltwo",Illustrative Mathematics Class 1 Chapter 2 Test Paper Generator,1
CBSE,Class 1,Mathematics,Illustrative Mathematics,Chapter 2- Addition up to 9,,,Fill in the blank (QPG),The result of 8 + 1 using number strips is ____.,N/A,,,,,,Other,Hard,Test Learning Outcome 1,"Skillone,skilltwo",Illustrative Mathematics Class 1 Chapter 2 Test Paper Generator,1
CBSE,Class 1,Mathematics,Illustrative Mathematics,Chapter 2- Addition up to 9,,,Fill in the blank (QPG), The ______ of numbers does not matter in addition.,N/A,,,,,,Other,Hard,Test Learning Outcome 1,"Skillone,skilltwo",Illustrative Mathematics Class 1 Chapter 2 Test Paper Generator,1
CBSE,Class 1,Mathematics,Illustrative Mathematics,Chapter 2- Addition up to 9,,,Short Answer Questions (QPG)," Tom has 4 apples, and his friend gives him 3 more. How many apples does Tom have in total?",N/A,,,,,,Other,Hard,Test Learning Outcome 1,"Skillone,skilltwo",Illustrative Mathematics Class 1 Chapter 2 Test Paper Generator,1
CBSE,Class 1,Mathematics,Illustrative Mathematics,Chapter 2- Addition up to 9,,,Short Answer Questions (QPG), Sarah has 5 red marbles and 2 blue marbles. How many marbles does she have in all?,N/A,,,,,,Other,Hard,Test Learning Outcome 1,"Skillone,skilltwo",Illustrative Mathematics Class 1 Chapter 2 Test Paper Generator,1
CBSE,Class 1,Mathematics,Illustrative Mathematics,Chapter 2- Addition up to 9,,,Short Answer Questions (QPG), A bakery sold 6 cakes in the morning and 2 more in the afternoon. How many cakes did they sell throughout the day?,N/A,,,,,,Other,Hard,Test Learning Outcome 1,"Skillone,skilltwo",Illustrative Mathematics Class 1 Chapter 2 Test Paper Generator,1
CBSE,Class 1,Mathematics,Illustrative Mathematics,Chapter 2- Addition up to 9,,,Short Answer Questions (QPG)," Lipika has 7 stickers, and she receives a gift with 1 more sticker. How many stickers does she have now?",N/A,,,,,,Other,Hard,Test Learning Outcome 1,"Skillone,skilltwo",Illustrative Mathematics Class 1 Chapter 2 Test Paper Generator,1
CBSE,Class 1,Mathematics,Illustrative Mathematics,Chapter 2- Addition up to 9,,,Short Answer Questions (QPG)," There are 3 birds on a tree, and 4 more join them. How many birds are on the tree now?",N/A,,,,,,Other,Hard,Test Learning Outcome 1,"Skillone,skilltwo",Illustrative Mathematics Class 1 Chapter 2 Test Paper Generator,1
CBSE,Class 1,Mathematics,Illustrative Mathematics,Chapter 3- Subtraction up to 9,,,Multiple Choice Question (QPG) Test Paper,What is the result of 8 - 3?,N/A,3,5,7,1,,Other,Hard,Test Learning Outcome 1,"Skillone,skilltwo",Illustrative Mathematics Class 1 Chapter 3 Test Paper Generator,1
CBSE,Class 1,Mathematics,Illustrative Mathematics,Chapter 3- Subtraction up to 9,,,Multiple Choice Question (QPG) Test Paper,"Using number strips, what is the result of subtracting 2 from 5?",N/A,3,5,2,7,,Other,Hard,Test Learning Outcome 1,"Skillone,skilltwo",Illustrative Mathematics Class 1 Chapter 3 Test Paper Generator,1
CBSE,Class 1,Mathematics,Illustrative Mathematics,Chapter 3- Subtraction up to 9,,,Multiple Choice Question (QPG) Test Paper,Which symbol represents subtraction?,N/A,a. + (plus),b. × (multiply),c. ÷ (divide),d. - (minus),,Other,Hard,Test Learning Outcome 1,"Skillone,skilltwo",Illustrative Mathematics Class 1 Chapter 3 Test Paper Generator,1
CBSE,Class 1,Mathematics,Illustrative Mathematics,Chapter 3- Subtraction up to 9,,,Multiple Choice Question (QPG) Test Paper,"In vertical subtraction, what is the correct result for 6 - 2?",N/A,8,4,3,6,,Other,Hard,Test Learning Outcome 1,"Skillone,skilltwo",Illustrative Mathematics Class 1 Chapter 3 Test Paper Generator,1
CBSE,Class 1,Mathematics,Illustrative Mathematics,Chapter 3- Subtraction up to 9,,,Multiple Choice Question (QPG) Test Paper,What is the result of subtracting 0 from 9?,N/A,8,9,0,1,,Other,Hard,Test Learning Outcome 1,"Skillone,skilltwo",Illustrative Mathematics Class 1 Chapter 3 Test Paper Generator,1
CBSE,Class 1,Mathematics,Illustrative Mathematics,Chapter 3- Subtraction up to 9,,,Multiple Choice Question (QPG) Test Paper,"In the expression 5 - 5, what is the result?",N/A,10,5,0,1,,Other,Hard,Test Learning Outcome 1,"Skillone,skilltwo",Illustrative Mathematics Class 1 Chapter 3 Test Paper Generator,1
CBSE,Class 1,Mathematics,Illustrative Mathematics,Chapter 3- Subtraction up to 9,,,Multiple Choice Question (QPG) Test Paper,Subtracting a number from itself results in ____.,N/A,0,1,2,The same number,,Other,Hard,Test Learning Outcome 1,"Skillone,skilltwo",Illustrative Mathematics Class 1 Chapter 3 Test Paper Generator,1
CBSE,Class 1,Mathematics,Illustrative Mathematics,Chapter 3- Subtraction up to 9,,,Multiple Choice Question (QPG) Test Paper,How many numbers are involved in the expression 9 - 2?,N/A,1,2,3,4,,Other,Hard,Test Learning Outcome 1,"Skillone,skilltwo",Illustrative Mathematics Class 1 Chapter 3 Test Paper Generator,1
CBSE,Class 1,Mathematics,Illustrative Mathematics,Chapter 3- Subtraction up to 9,,,Multiple Choice Question (QPG) Test Paper,Subtracting 2 from 8 using number strips results in ____.,N/A,6,8,2,10,,Other,Hard,Test Learning Outcome 1,"Skillone,skilltwo",Illustrative Mathematics Class 1 Chapter 3 Test Paper Generator,1
CBSE,Class 1,Mathematics,Illustrative Mathematics,Chapter 3- Subtraction up to 9,,,Multiple Choice Question (QPG) Test Paper,7 - 0 will be equal to,N/A,6-1,6 + 1,5-2,6 + 1,,Other,Hard,Test Learning Outcome 1,"Skillone,skilltwo",Illustrative Mathematics Class 1 Chapter 3 Test Paper Generator,1
CBSE,Class 1,Mathematics,Illustrative Mathematics,Chapter 3- Subtraction up to 9,,,True or False (QPG),The result of 7 - 3 is 4.,N/A,,,,,,Other,Hard,Test Learning Outcome 1,"Skillone,skilltwo",Illustrative Mathematics Class 1 Chapter 3 Test Paper Generator,1
CBSE,Class 1,Mathematics,Illustrative Mathematics,Chapter 3- Subtraction up to 9,,,True or False (QPG),"The symbol ""+"" represents subtraction.",N/A,,,,,,Other,Hard,Test Learning Outcome 1,"Skillone,skilltwo",Illustrative Mathematics Class 1 Chapter 3 Test Paper Generator,1
CBSE,Class 1,Mathematics,Illustrative Mathematics,Chapter 3- Subtraction up to 9,,,True or False (QPG),"Using number strips, the result of subtracting 3 from 5 is 2.",N/A,,,,,,Other,Hard,Test Learning Outcome 1,"Skillone,skilltwo",Illustrative Mathematics Class 1 Chapter 3 Test Paper Generator,1
CBSE,Class 1,Mathematics,Illustrative Mathematics,Chapter 3- Subtraction up to 9,,,True or False (QPG),"In the vertical subtraction 7 - 4, the correct answer is 2.",N/A,,,,,,Other,Hard,Test Learning Outcome 1,"Skillone,skilltwo",Illustrative Mathematics Class 1 Chapter 3 Test Paper Generator,1
CBSE,Class 1,Mathematics,Illustrative Mathematics,Chapter 3- Subtraction up to 9,,,True or False (QPG),The result of 6 - 0 is 0.,N/A,,,,,,Other,Hard,Test Learning Outcome 1,"Skillone,skilltwo",Illustrative Mathematics Class 1 Chapter 3 Test Paper Generator,1
CBSE,Class 1,Mathematics,Illustrative Mathematics,Chapter 3- Subtraction up to 9,,,True or False (QPG),Subtracting a number from itself always results in 0.,N/A,,,,,,Other,Hard,Test Learning Outcome 1,"Skillone,skilltwo",Illustrative Mathematics Class 1 Chapter 3 Test Paper Generator,1
CBSE,Class 1,Mathematics,Illustrative Mathematics,Chapter 3- Subtraction up to 9,,,True or False (QPG),Subtracting zero from any number results in the original number.,N/A,,,,,,Other,Hard,Test Learning Outcome 1,"Skillone,skilltwo",Illustrative Mathematics Class 1 Chapter 3 Test Paper Generator,1
CBSE,Class 1,Mathematics,Illustrative Mathematics,Chapter 3- Subtraction up to 9,,,True or False (QPG),The expression 5 + 3 = 8 is an example of a subtraction fact.,N/A,,,,,,Other,Hard,Test Learning Outcome 1,"Skillone,skilltwo",Illustrative Mathematics Class 1 Chapter 3 Test Paper Generator,1
CBSE,Class 1,Mathematics,Illustrative Mathematics,Chapter 3- Subtraction up to 9,,,True or False (QPG),"Using the vertical subtraction method, the result of 5 - 2 is 7.",N/A,,,,,,Other,Hard,Test Learning Outcome 1,"Skillone,skilltwo",Illustrative Mathematics Class 1 Chapter 3 Test Paper Generator,1
CBSE,Class 1,Mathematics,Illustrative Mathematics,Chapter 3- Subtraction up to 9,,,True or False (QPG)," Using number strips, the result of 9 - 4 is 6.",N/A,,,,,,Other,Hard,Test Learning Outcome 1,"Skillone,skilltwo",Illustrative Mathematics Class 1 Chapter 3 Test Paper Generator,1
CBSE,Class 1,Mathematics,Illustrative Mathematics,Chapter 3- Subtraction up to 9,,,Match the following (QPG),"A. 7 - 3                                1. The result is 5.

B. 2 - 2                                2. The result is 0.

C. 6 - 1                                3. The result is 4.",N/A,,,,,,Other,Hard,Test Learning Outcome 1,"Skillone,skilltwo",Illustrative Mathematics Class 1 Chapter 3 Test Paper Generator,1
CBSE,Class 1,Mathematics,Illustrative Mathematics,Chapter 3- Subtraction up to 9,,,Fill in the blank (QPG),The result of 6 - 3 is ____.,N/A,,,,,,Other,Hard,Test Learning Outcome 1,"Skillone,skilltwo",Illustrative Mathematics Class 1 Chapter 3 Test Paper Generator,1
CBSE,Class 1,Mathematics,Illustrative Mathematics,Chapter 3- Subtraction up to 9,,,Fill in the blank (QPG),The symbol for subtraction is ____.,N/A,,,,,,Other,Hard,Test Learning Outcome 1,"Skillone,skilltwo",Illustrative Mathematics Class 1 Chapter 3 Test Paper Generator,1
CBSE,Class 1,Mathematics,Illustrative Mathematics,Chapter 3- Subtraction up to 9,,,Fill in the blank (QPG),"Using number strips, the result of subtracting 4 from 7 is ____.",N/A,,,,,,Other,Hard,Test Learning Outcome 1,"Skillone,skilltwo",Illustrative Mathematics Class 1 Chapter 3 Test Paper Generator,1
CBSE,Class 1,Mathematics,Illustrative Mathematics,Chapter 3- Subtraction up to 9,,,Fill in the blank (QPG),"In the vertical subtraction 9 - 5, the correct answer is ____.",N/A,,,,,,Other,Hard,Test Learning Outcome 1,"Skillone,skilltwo",Illustrative Mathematics Class 1 Chapter 3 Test Paper Generator,1
CBSE,Class 1,Mathematics,Illustrative Mathematics,Chapter 3- Subtraction up to 9,,,Fill in the blank (QPG),The result of 8 - 0 is ____.,N/A,,,,,,Other,Hard,Test Learning Outcome 1,"Skillone,skilltwo",Illustrative Mathematics Class 1 Chapter 3 Test Paper Generator,1
CBSE,Class 1,Mathematics,Illustrative Mathematics,Chapter 3- Subtraction up to 9,,,Short Answer Questions (QPG),Jenny had 6 candies. She gave 3 to her friend. How many candies does Jenny have now?,N/A,,,,,,Other,Hard,Test Learning Outcome 1,"Skillone,skilltwo",Illustrative Mathematics Class 1 Chapter 3 Test Paper Generator,1
CBSE,Class 1,Mathematics,Illustrative Mathematics,Chapter 3- Subtraction up to 9,,,Short Answer Questions (QPG),There were 9 apples on the tree. 5 fell down. How many apples are still on the tree?,N/A,,,,,,Other,Hard,Test Learning Outcome 1,"Skillone,skilltwo",Illustrative Mathematics Class 1 Chapter 3 Test Paper Generator,1
CBSE,Class 1,Mathematics,Illustrative Mathematics,Chapter 3- Subtraction up to 9,,,Short Answer Questions (QPG),Tim has 8 red balloons. He gave 2 to his sister. How many red balloons does Tim have now?,N/A,,,,,,Other,Hard,Test Learning Outcome 1,"Skillone,skilltwo",Illustrative Mathematics Class 1 Chapter 3 Test Paper Generator,1
CBSE,Class 1,Mathematics,Illustrative Mathematics,Chapter 3- Subtraction up to 9,,,Short Answer Questions (QPG),Sarah has 7 stickers. She gave 4 stickers to her friend. How many stickers does Sarah have now?,N/A,,,,,,Other,Hard,Test Learning Outcome 1,"Skillone,skilltwo",Illustrative Mathematics Class 1 Chapter 3 Test Paper Generator,1
CBSE,Class 1,Mathematics,Illustrative Mathematics,Chapter 3- Subtraction up to 9,,,Short Answer Questions (QPG),"There are 5 toy cars in a box. If 2 are taken out, how many toy cars are left in the box?",N/A,,,,,,Other,Hard,Test Learning Outcome 1,"Skillone,skilltwo",Illustrative Mathematics Class 1 Chapter 3 Test Paper Generator,1
CBSE,Class 1,Mathematics,Illustrative Mathematics,Chapter 3- Subtraction up to 9,,,Short Answer Questions (QPG),Jack has 6 books on his shelf. He decided to give 2 books to his friend. How many books does Jack have now?,N/A,,,,,,Other,Hard,Test Learning Outcome 1,"Skillone,skilltwo",Illustrative Mathematics Class 1 Chapter 3 Test Paper Generator,1
CBSE,Class 1,Mathematics,Illustrative Mathematics,Chapter 3- Subtraction up to 9,,,Short Answer Questions (QPG),"In a basket, there are 8 oranges. If 3 oranges are taken out, how many oranges are left in the basket?",N/A,,,,,,Other,Hard,Test Learning Outcome 1,"Skillone,skilltwo",Illustrative Mathematics Class 1 Chapter 3 Test Paper Generator,1
CBSE,Class 1,Mathematics,Illustrative Mathematics,Chapter 3- Subtraction up to 9,,,Short Answer Questions (QPG),Mary had 9 dollars. She spent 5 dollars on a toy. How much money does Mary have left?,N/A,,,,,,Other,Hard,Test Learning Outcome 1,"Skillone,skilltwo",Illustrative Mathematics Class 1 Chapter 3 Test Paper Generator,1
CBSE,Class 1,Mathematics,Illustrative Mathematics,Chapter 3- Subtraction up to 9,,,Short Answer Questions (QPG),Anita had 6 balloons. 3 balloons got burst. How many balloons are left with Anita?,N/A,,,,,,Other,Hard,Test Learning Outcome 1,"Skillone,skilltwo",Illustrative Mathematics Class 1 Chapter 3 Test Paper Generator,1
CBSE,Class 1,Mathematics,Illustrative Mathematics,Chapter 3- Subtraction up to 9,,,Short Answer Questions (QPG), Rohan had 9 pencils. He gave 5 to his younger sister. How many pencils are left with Rohan?,N/A,,,,,,Other,Hard,Test Learning Outcome 1,"Skillone,skilltwo",Illustrative Mathematics Class 1 Chapter 3 Test Paper Generator,1
CBSE,Class 2,Mathematics,Illustrative Mathematics,Chapter 1- Numbers up to 200,,,Multiple Choice Question (QPG) Test Paper,What is the value of the digit 5 in the number 158?,50,5,50,500,"5,000",,Other,Hard,Test Learning Outcome 1,"Skillone,skilltwo",Illustrative Mathematics Class 2 Chapter 1 Test Paper Generator,1
CBSE,Class 2,Mathematics,Illustrative Mathematics,Chapter 1- Numbers up to 200,,,Multiple Choice Question (QPG) Test Paper,Which of the following represents the number 120 in expanded form?,100 + 20 + 0,100 + 10 + 2,200 + 10 + 0,100 + 20 + 0,120 + 0 + 0,,Other,Hard,Test Learning Outcome 1,"Skillone,skilltwo",Illustrative Mathematics Class 2 Chapter 1 Test Paper Generator,1
CBSE,Class 2,Mathematics,Illustrative Mathematics,Chapter 1- Numbers up to 200,,,Multiple Choice Question (QPG) Test Paper,What is the place value of the digit 7 in the number 376?,70,7,70,700,"7,000",,Other,Hard,Test Learning Outcome 1,"Skillone,skilltwo",Illustrative Mathematics Class 2 Chapter 1 Test Paper Generator,1
CBSE,Class 2,Mathematics,Illustrative Mathematics,Chapter 1- Numbers up to 200,,,Multiple Choice Question (QPG) Test Paper,"Which number comes next in the sequence: 134, 135, 136, ____?",137,137,145,130,200,,Other,Hard,Test Learning Outcome 1,"Skillone,skilltwo",Illustrative Mathematics Class 2 Chapter 1 Test Paper Generator,1
CBSE,Class 2,Mathematics,Illustrative Mathematics,Chapter 1- Numbers up to 200,,,Multiple Choice Question (QPG) Test Paper,"In the comparison of 3-digit numbers, which is greater: 248 or 824?",824,248,824,They are equal,Can not be determined,,Other,Hard,Test Learning Outcome 1,"Skillone,skilltwo",Illustrative Mathematics Class 2 Chapter 1 Test Paper Generator,1
CBSE,Class 2,Mathematics,Illustrative Mathematics,Chapter 1- Numbers up to 200,,,Multiple Choice Question (QPG) Test Paper,"Arrange the numbers 187, 145, and 162 in increasing order.","145, 162, 187","145, 162, 187","187, 145, 162","162, 145, 187","145, 187, 162",,Other,Hard,Test Learning Outcome 1,"Skillone,skilltwo",Illustrative Mathematics Class 2 Chapter 1 Test Paper Generator,1
CBSE,Class 2,Mathematics,Illustrative Mathematics,Chapter 1- Numbers up to 200,,,Multiple Choice Question (QPG) Test Paper,What is the sum of the digits in the number 193?,13,13,14,15,16,,Other,Hard,Test Learning Outcome 1,"Skillone,skilltwo",Illustrative Mathematics Class 2 Chapter 1 Test Paper Generator,1
CBSE,Class 2,Mathematics,Illustrative Mathematics,Chapter 1- Numbers up to 200,,,Multiple Choice Question (QPG) Test Paper,Which of the following is an ordinal number?,2nd,150,2nd,205,18,,Other,Hard,Test Learning Outcome 1,"Skillone,skilltwo",Illustrative Mathematics Class 2 Chapter 1 Test Paper Generator,1
CBSE,Class 2,Mathematics,Illustrative Mathematics,Chapter 1- Numbers up to 200,,,Multiple Choice Question (QPG) Test Paper,"In the number 124, which digit represents the tens place?",2,1,2,4,None of these,,Other,Hard,Test Learning Outcome 1,"Skillone,skilltwo",Illustrative Mathematics Class 2 Chapter 1 Test Paper Generator,1
CBSE,Class 2,Mathematics,Illustrative Mathematics,Chapter 1- Numbers up to 200,,,Multiple Choice Question (QPG) Test Paper,Which of the following is an odd number?,157,140,157,168,192,,Other,Hard,Test Learning Outcome 1,"Skillone,skilltwo",Illustrative Mathematics Class 2 Chapter 1 Test Paper Generator,1
CBSE,Class 2,Mathematics,Illustrative Mathematics,Chapter 1- Numbers up to 200,,,True or False (QPG),Spike abacus is used for counting.,N/A,,,,,,Other,Hard,Test Learning Outcome 1,"Skillone,skilltwo",Illustrative Mathematics Class 2 Chapter 1 Test Paper Generator,1
CBSE,Class 2,Mathematics,Illustrative Mathematics,Chapter 1- Numbers up to 200,,,True or False (QPG),"In the number 152, the digit ""5"" represents the tens place.",N/A,,,,,,Other,Hard,Test Learning Outcome 1,"Skillone,skilltwo",Illustrative Mathematics Class 2 Chapter 1 Test Paper Generator,1
CBSE,Class 2,Mathematics,Illustrative Mathematics,Chapter 1- Numbers up to 200,,,True or False (QPG),The expanded form of 183 is 100 + 80 + 3.,N/A,,,,,,Other,Hard,Test Learning Outcome 1,"Skillone,skilltwo",Illustrative Mathematics Class 2 Chapter 1 Test Paper Generator,1
CBSE,Class 2,Mathematics,Illustrative Mathematics,Chapter 1- Numbers up to 200,,,True or False (QPG),The number 247 is greater than 724.,N/A,,,,,,Other,Hard,Test Learning Outcome 1,"Skillone,skilltwo",Illustrative Mathematics Class 2 Chapter 1 Test Paper Generator,1
CBSE,Class 2,Mathematics,Illustrative Mathematics,Chapter 1- Numbers up to 200,,,True or False (QPG),"When ordering numbers, the sequence 120, 150, 180 is in increasing order.",N/A,,,,,,Other,Hard,Test Learning Outcome 1,"Skillone,skilltwo",Illustrative Mathematics Class 2 Chapter 1 Test Paper Generator,1
CBSE,Class 2,Mathematics,Illustrative Mathematics,Chapter 1- Numbers up to 200,,,True or False (QPG),The sum of the digits in the number 195 is 15.,N/A,,,,,,Other,Hard,Test Learning Outcome 1,"Skillone,skilltwo",Illustrative Mathematics Class 2 Chapter 1 Test Paper Generator,1
CBSE,Class 2,Mathematics,Illustrative Mathematics,Chapter 1- Numbers up to 200,,,True or False (QPG),The number 178 is an odd number.,N/A,,,,,,Other,Hard,Test Learning Outcome 1,"Skillone,skilltwo",Illustrative Mathematics Class 2 Chapter 1 Test Paper Generator,1
CBSE,Class 2,Mathematics,Illustrative Mathematics,Chapter 1- Numbers up to 200,,,True or False (QPG),An ordinal number indicates the position or order in a sequence.,N/A,,,,,,Other,Hard,Test Learning Outcome 1,"Skillone,skilltwo",Illustrative Mathematics Class 2 Chapter 1 Test Paper Generator,1
CBSE,Class 2,Mathematics,Illustrative Mathematics,Chapter 1- Numbers up to 200,,,True or False (QPG),"In the comparison of 3-digit numbers, 356 is less than 536.",N/A,,,,,,Other,Hard,Test Learning Outcome 1,"Skillone,skilltwo",Illustrative Mathematics Class 2 Chapter 1 Test Paper Generator,1
CBSE,Class 2,Mathematics,Illustrative Mathematics,Chapter 1- Numbers up to 200,,,True or False (QPG)," In the number 124, the digit ""2"" represents the units place.",N/A,,,,,,Other,Hard,Test Learning Outcome 1,"Skillone,skilltwo",Illustrative Mathematics Class 2 Chapter 1 Test Paper Generator,1
CBSE,Class 2,Mathematics,Illustrative Mathematics,Chapter 1- Numbers up to 200,,,Match the following (QPG),"A. 100 + 20 + 3                     1. 157
B. 100 + 50 + 7                     2. 218
C. 200 + 10 + 8                     3. 123",N/A,,,,,,Other,Hard,Test Learning Outcome 1,"Skillone,skilltwo",Illustrative Mathematics Class 2 Chapter 1 Test Paper Generator,1
CBSE,Class 2,Mathematics,Illustrative Mathematics,Chapter 1- Numbers up to 200,,,Match the following (QPG),"A. 124, 142, 158                 1. Ascending order
B. 187, 125, 136                 2. Descending order
C. 130, 120, 110                 3. Random order",N/A,,,,,,Other,Hard,Test Learning Outcome 1,"Skillone,skilltwo",Illustrative Mathematics Class 2 Chapter 1 Test Paper Generator,1
CBSE,Class 2,Mathematics,Illustrative Mathematics,Chapter 1- Numbers up to 200,,,Fill in the blank (QPG)," In the number 152, the digit ""5"" is in the ____________ place.",N/A,,,,,,Other,Hard,Test Learning Outcome 1,"Skillone,skilltwo",Illustrative Mathematics Class 2 Chapter 1 Test Paper Generator,1
CBSE,Class 2,Mathematics,Illustrative Mathematics,Chapter 1- Numbers up to 200,,,Fill in the blank (QPG), ____________  form of the number 162 is 100 + 60 + 2.,N/A,,,,,,Other,Hard,Test Learning Outcome 1,"Skillone,skilltwo",Illustrative Mathematics Class 2 Chapter 1 Test Paper Generator,1
CBSE,Class 2,Mathematics,Illustrative Mathematics,Chapter 1- Numbers up to 200,,,Fill in the blank (QPG), The number 135 is ____________ than 153.,N/A,,,,,,Other,Hard,Test Learning Outcome 1,"Skillone,skilltwo",Illustrative Mathematics Class 2 Chapter 1 Test Paper Generator,1
CBSE,Class 2,Mathematics,Illustrative Mathematics,Chapter 1- Numbers up to 200,,,Fill in the blank (QPG)," The numbers 187, 162, and 145 are in ____________ order.",N/A,,,,,,Other,Hard,Test Learning Outcome 1,"Skillone,skilltwo",Illustrative Mathematics Class 2 Chapter 1 Test Paper Generator,1
CBSE,Class 2,Mathematics,Illustrative Mathematics,Chapter 1- Numbers up to 200,,,Fill in the blank (QPG), The number 194 is an ____________ number.,N/A,,,,,,Other,Hard,Test Learning Outcome 1,"Skillone,skilltwo",Illustrative Mathematics Class 2 Chapter 1 Test Paper Generator,1
CBSE,Class 2,Mathematics,Illustrative Mathematics,Chapter 1- Numbers up to 200,,,Fill in the blank (QPG)," The number in the sequence 10, 20, ___, 40 is ____________.",N/A,,,,,,Other,Hard,Test Learning Outcome 1,"Skillone,skilltwo",Illustrative Mathematics Class 2 Chapter 1 Test Paper Generator,1
CBSE,Class 2,Mathematics,Illustrative Mathematics,Chapter 1- Numbers up to 200,,,Fill in the blank (QPG)," The even numbers in the set {125, 138, 142} are ____________ and ____________.",N/A,,,,,,Other,Hard,Test Learning Outcome 1,"Skillone,skilltwo",Illustrative Mathematics Class 2 Chapter 1 Test Paper Generator,1
CBSE,Class 2,Mathematics,Illustrative Mathematics,Chapter 1- Numbers up to 200,,,Fill in the blank (QPG), The number 205 is ____________ than 195.,N/A,,,,,,Other,Hard,Test Learning Outcome 1,"Skillone,skilltwo",Illustrative Mathematics Class 2 Chapter 1 Test Paper Generator,1
CBSE,Class 2,Mathematics,Illustrative Mathematics,Chapter 1- Numbers up to 200,,,Fill in the blank (QPG)," The place value of the digit ""8"" in the number 189 is ____________.",N/A,,,,,,Other,Hard,Test Learning Outcome 1,"Skillone,skilltwo",Illustrative Mathematics Class 2 Chapter 1 Test Paper Generator,1
CBSE,Class 2,Mathematics,Illustrative Mathematics,Chapter 1- Numbers up to 200,,,Fill in the blank (QPG)," In the comparison of 3-digit numbers, 462 is ____________ than 624.",N/A,,,,,,Other,Hard,Test Learning Outcome 1,"Skillone,skilltwo",Illustrative Mathematics Class 2 Chapter 1 Test Paper Generator,1
CBSE,Class 2,Mathematics,Illustrative Mathematics,Chapter 1- Numbers up to 200,,,Very Short Answer Questions (QPG), What is the tool used for counting and basic arithmetic?,N/A,,,,,,Other,Hard,Test Learning Outcome 1,"Skillone,skilltwo",Illustrative Mathematics Class 2 Chapter 1 Test Paper Generator,1
CBSE,Class 2,Mathematics,Illustrative Mathematics,Chapter 1- Numbers up to 200,,,Very Short Answer Questions (QPG), Write the expanded form of the number 180.,N/A,,,,,,Other,Hard,Test Learning Outcome 1,"Skillone,skilltwo",Illustrative Mathematics Class 2 Chapter 1 Test Paper Generator,1
CBSE,Class 2,Mathematics,Illustrative Mathematics,Chapter 1- Numbers up to 200,,,Very Short Answer Questions (QPG), Is 312 greater than 231?,N/A,,,,,,Other,Hard,Test Learning Outcome 1,"Skillone,skilltwo",Illustrative Mathematics Class 2 Chapter 1 Test Paper Generator,1
CBSE,Class 2,Mathematics,Illustrative Mathematics,Chapter 1- Numbers up to 200,,,Very Short Answer Questions (QPG)," Arrange 165, 120, and 142 in ascending order.",N/A,,,,,,Other,Hard,Test Learning Outcome 1,"Skillone,skilltwo",Illustrative Mathematics Class 2 Chapter 1 Test Paper Generator,1
CBSE,Class 2,Mathematics,Illustrative Mathematics,Chapter 1- Numbers up to 200,,,Very Short Answer Questions (QPG), What is the sum of the digits in the number 153?,N/A,,,,,,Other,Hard,Test Learning Outcome 1,"Skillone,skilltwo",Illustrative Mathematics Class 2 Chapter 1 Test Paper Generator,1
CBSE,Class 2,Mathematics,Illustrative Mathematics,Chapter 1- Numbers up to 200,,,Very Short Answer Questions (QPG), Is 187 an even or odd number?,N/A,,,,,,Other,Hard,Test Learning Outcome 1,"Skillone,skilltwo",Illustrative Mathematics Class 2 Chapter 1 Test Paper Generator,1
CBSE,Class 2,Mathematics,Illustrative Mathematics,Chapter 1- Numbers up to 200,,,Very Short Answer Questions (QPG)," In the comparison of 3-digit numbers, is 496 less than 649?",N/A,,,,,,Other,Hard,Test Learning Outcome 1,"Skillone,skilltwo",Illustrative Mathematics Class 2 Chapter 1 Test Paper Generator,1
CBSE,Class 2,Mathematics,Illustrative Mathematics,Chapter 1- Numbers up to 200,,,Very Short Answer Questions (QPG)," What is the missing number in the sequence 140, ____, 160?",N/A,,,,,,Other,Hard,Test Learning Outcome 1,"Skillone,skilltwo",Illustrative Mathematics Class 2 Chapter 1 Test Paper Generator,1
CBSE,Class 2,Mathematics,Illustrative Mathematics,Chapter 1- Numbers up to 200,,,Very Short Answer Questions (QPG)," What is the value of the digit ""7"" in the number 278?",N/A,,,,,,Other,Hard,Test Learning Outcome 1,"Skillone,skilltwo",Illustrative Mathematics Class 2 Chapter 1 Test Paper Generator,1
CBSE,Class 2,Mathematics,Illustrative Mathematics,Chapter 1- Numbers up to 200,,,Very Short Answer Questions (QPG),Are the numbers 183 and 381 equal?,N/A,,,,,,Other,Hard,Test Learning Outcome 1,"Skillone,skilltwo",Illustrative Mathematics Class 2 Chapter 1 Test Paper Generator,1
CBSE,Class 2,Mathematics,Illustrative Mathematics,Chapter 1- Numbers up to 200,,,Very Short Answer Questions (QPG)," In the number 156, what is the digit in the tens place?",N/A,,,,,,Other,Hard,Test Learning Outcome 1,"Skillone,skilltwo",Illustrative Mathematics Class 2 Chapter 1 Test Paper Generator,1
CBSE,Class 2,Mathematics,Illustrative Mathematics,Chapter 1- Numbers up to 200,,,Very Short Answer Questions (QPG),"Write the expanded form of 120 as a sum of hundreds, tens, and units.",N/A,,,,,,Other,Hard,Test Learning Outcome 1,"Skillone,skilltwo",Illustrative Mathematics Class 2 Chapter 1 Test Paper Generator,1
CBSE,Class 2,Mathematics,Illustrative Mathematics,Chapter 1- Numbers up to 200,,,Very Short Answer Questions (QPG), Is 194 greater than 309?,N/A,,,,,,Other,Hard,Test Learning Outcome 1,"Skillone,skilltwo",Illustrative Mathematics Class 2 Chapter 1 Test Paper Generator,1
CBSE,Class 2,Mathematics,Illustrative Mathematics,Chapter 2- Addition up to 9,,,Multiple Choice Question (QPG) Test Paper, What is the sum of 27 + 18?,45,      45,      35,55,      65,,Other,Hard,Test Learning Outcome 1,"Skillone,skilltwo",Illustrative Mathematics Class 2 Chapter 2 Test Paper Generator,1
CBSE,Class 2,Mathematics,Illustrative Mathematics,Chapter 2- Addition up to 9,,,Multiple Choice Question (QPG) Test Paper," In the addition problem 46 + 29, what is the digit in the tens place of the sum?",7,      7,      9,6,      8,,Other,Hard,Test Learning Outcome 1,"Skillone,skilltwo",Illustrative Mathematics Class 2 Chapter 2 Test Paper Generator,1
CBSE,Class 2,Mathematics,Illustrative Mathematics,Chapter 2- Addition up to 9,,,Multiple Choice Question (QPG) Test Paper, What is the result of 53 + 28?,81,      71,      81,61,      91,,Other,Hard,Test Learning Outcome 1,"Skillone,skilltwo",Illustrative Mathematics Class 2 Chapter 2 Test Paper Generator,1
CBSE,Class 2,Mathematics,Illustrative Mathematics,Chapter 2- Addition up to 9,,,Multiple Choice Question (QPG) Test Paper," When adding 38 + 27, what is the value of the digit in the ones place?",5,      5,      6,7,      8,,Other,Hard,Test Learning Outcome 1,"Skillone,skilltwo",Illustrative Mathematics Class 2 Chapter 2 Test Paper Generator,1
CBSE,Class 2,Mathematics,Illustrative Mathematics,Chapter 2- Addition up to 9,,,Multiple Choice Question (QPG) Test Paper, What is the sum of 45 + 26?,71,      71,      81,91,      101,,Other,Hard,Test Learning Outcome 1,"Skillone,skilltwo",Illustrative Mathematics Class 2 Chapter 2 Test Paper Generator,1
CBSE,Class 2,Mathematics,Illustrative Mathematics,Chapter 2- Addition up to 9,,,Multiple Choice Question (QPG) Test Paper," In the problem 24 + 12 + 13, what is the sum of the ones places?",9,      6,      7,8,      9,,Other,Hard,Test Learning Outcome 1,"Skillone,skilltwo",Illustrative Mathematics Class 2 Chapter 2 Test Paper Generator,1
CBSE,Class 2,Mathematics,Illustrative Mathematics,Chapter 2- Addition up to 9,,,Multiple Choice Question (QPG) Test Paper, Find the sum of 57 + 38.,95,      95,      105,115,      125,,Other,Hard,Test Learning Outcome 1,"Skillone,skilltwo",Illustrative Mathematics Class 2 Chapter 2 Test Paper Generator,1
CBSE,Class 2,Mathematics,Illustrative Mathematics,Chapter 2- Addition up to 9,,,Multiple Choice Question (QPG) Test Paper," When adding 49 + 28, what is the digit in the tens place of the sum?",7,      7,      8,9,      6,,Other,Hard,Test Learning Outcome 1,"Skillone,skilltwo",Illustrative Mathematics Class 2 Chapter 2 Test Paper Generator,1
CBSE,Class 2,Mathematics,Illustrative Mathematics,Chapter 2- Addition up to 9,,,Multiple Choice Question (QPG) Test Paper, What is the result of 26 + 39?,65,      55,      65,75,      85,,Other,Hard,Test Learning Outcome 1,"Skillone,skilltwo",Illustrative Mathematics Class 2 Chapter 2 Test Paper Generator,1
CBSE,Class 2,Mathematics,Illustrative Mathematics,Chapter 2- Addition up to 9,,,Multiple Choice Question (QPG) Test Paper,"  In the addition problem 42 + 27, what is the value of the digit in the ones place?",9,      9,      1,2,      7,,Other,Hard,Test Learning Outcome 1,"Skillone,skilltwo",Illustrative Mathematics Class 2 Chapter 2 Test Paper Generator,1
CBSE,Class 2,Mathematics,Illustrative Mathematics,Chapter 2- Addition up to 9,,,True or False (QPG), Regrouping is necessary when adding 2-digit numbers if the sum of the ones place is 10 or more,N/A,,,,,,Other,Hard,Test Learning Outcome 1,"Skillone,skilltwo",Illustrative Mathematics Class 2 Chapter 2 Test Paper Generator,1
CBSE,Class 2,Mathematics,Illustrative Mathematics,Chapter 2- Addition up to 9,,,True or False (QPG)," In the addition problem 34 + 28, the digit in the tens place of the sum is 6",N/A,,,,,,Other,Hard,Test Learning Outcome 1,"Skillone,skilltwo",Illustrative Mathematics Class 2 Chapter 2 Test Paper Generator,1
CBSE,Class 2,Mathematics,Illustrative Mathematics,Chapter 2- Addition up to 9,,,True or False (QPG), Adding three numbers always results in a larger sum than adding two numbers,N/A,,,,,,Other,Hard,Test Learning Outcome 1,"Skillone,skilltwo",Illustrative Mathematics Class 2 Chapter 2 Test Paper Generator,1
CBSE,Class 2,Mathematics,Illustrative Mathematics,Chapter 2- Addition up to 9,,,True or False (QPG)," When adding 47 + 29, the digit in the ones place of the sum is 6",N/A,,,,,,Other,Hard,Test Learning Outcome 1,"Skillone,skilltwo",Illustrative Mathematics Class 2 Chapter 2 Test Paper Generator,1
CBSE,Class 2,Mathematics,Illustrative Mathematics,Chapter 2- Addition up to 9,,,True or False (QPG), The sum of 58 + 26 is less than 90,N/A,,,,,,Other,Hard,Test Learning Outcome 1,"Skillone,skilltwo",Illustrative Mathematics Class 2 Chapter 2 Test Paper Generator,1
CBSE,Class 2,Mathematics,Illustrative Mathematics,Chapter 2- Addition up to 9,,,True or False (QPG)," In the problem 39 + 17 + 24, the sum of the tens places is 8",N/A,,,,,,Other,Hard,Test Learning Outcome 1,"Skillone,skilltwo",Illustrative Mathematics Class 2 Chapter 2 Test Paper Generator,1
CBSE,Class 2,Mathematics,Illustrative Mathematics,Chapter 2- Addition up to 9,,,True or False (QPG), Adding 56 + 27 gives a sum with a digit 8 in the tens place,N/A,,,,,,Other,Hard,Test Learning Outcome 1,"Skillone,skilltwo",Illustrative Mathematics Class 2 Chapter 2 Test Paper Generator,1
CBSE,Class 2,Mathematics,Illustrative Mathematics,Chapter 2- Addition up to 9,,,True or False (QPG), Regrouping is required when adding 49 + 28,N/A,,,,,,Other,Hard,Test Learning Outcome 1,"Skillone,skilltwo",Illustrative Mathematics Class 2 Chapter 2 Test Paper Generator,1
CBSE,Class 2,Mathematics,Illustrative Mathematics,Chapter 2- Addition up to 9,,,True or False (QPG), The sum of 36 + 48 is greater than 80,N/A,,,,,,Other,Hard,Test Learning Outcome 1,"Skillone,skilltwo",Illustrative Mathematics Class 2 Chapter 2 Test Paper Generator,1
CBSE,Class 2,Mathematics,Illustrative Mathematics,Chapter 2- Addition up to 9,,,True or False (QPG),   The sum of 47 + 19 + 14 is equal to 80,N/A,,,,,,Other,Hard,Test Learning Outcome 1,"Skillone,skilltwo",Illustrative Mathematics Class 2 Chapter 2 Test Paper Generator,1
CBSE,Class 2,Mathematics,Illustrative Mathematics,Chapter 2- Addition up to 9,,,Match the following (QPG),"1. 66 + 24               A. 63

2. 24 + 39               B. 85

3. 57 + 28               C. 75

4. 46 + 29               D. 90",N/A,,,,,,Other,Hard,Test Learning Outcome 1,"Skillone,skilltwo",Illustrative Mathematics Class 2 Chapter 2 Test Paper Generator,1
CBSE,Class 2,Mathematics,Illustrative Mathematics,Chapter 2- Addition up to 9,,,Fill in the blank (QPG),10 more than 67 is _____________.,N/A,,,,,,Other,Hard,Test Learning Outcome 1,"Skillone,skilltwo",Illustrative Mathematics Class 2 Chapter 2 Test Paper Generator,1
CBSE,Class 2,Mathematics,Illustrative Mathematics,Chapter 2- Addition up to 9,,,Fill in the blank (QPG),40 more than 26 is _____________.,N/A,,,,,,Other,Hard,Test Learning Outcome 1,"Skillone,skilltwo",Illustrative Mathematics Class 2 Chapter 2 Test Paper Generator,1
CBSE,Class 2,Mathematics,Illustrative Mathematics,Chapter 2- Addition up to 9,,,Fill in the blank (QPG),50 more than 31 is _____________.,N/A,,,,,,Other,Hard,Test Learning Outcome 1,"Skillone,skilltwo",Illustrative Mathematics Class 2 Chapter 2 Test Paper Generator,1
CBSE,Class 2,Mathematics,Illustrative Mathematics,Chapter 2- Addition up to 9,,,Fill in the blank (QPG),6 tens + 15 ones = 7 tens + _______ ones.,N/A,,,,,,Other,Hard,Test Learning Outcome 1,"Skillone,skilltwo",Illustrative Mathematics Class 2 Chapter 2 Test Paper Generator,1
CBSE,Class 2,Mathematics,Illustrative Mathematics,Chapter 2- Addition up to 9,,,Fill in the blank (QPG),4 tens + 24 ones = __________ tens + 4 ones.,N/A,,,,,,Other,Hard,Test Learning Outcome 1,"Skillone,skilltwo",Illustrative Mathematics Class 2 Chapter 2 Test Paper Generator,1
CBSE,Class 2,Mathematics,Illustrative Mathematics,Chapter 2- Addition up to 9,,,Fill in the blank (QPG),________ tens + 10 ones = 4 tens.,N/A,,,,,,Other,Hard,Test Learning Outcome 1,"Skillone,skilltwo",Illustrative Mathematics Class 2 Chapter 2 Test Paper Generator,1
CBSE,Class 2,Mathematics,Illustrative Mathematics,Chapter 2- Addition up to 9,,,Fill in the blank (QPG),30 + 2 tens + 4 ones = ______________.,N/A,,,,,,Other,Hard,Test Learning Outcome 1,"Skillone,skilltwo",Illustrative Mathematics Class 2 Chapter 2 Test Paper Generator,1
CBSE,Class 2,Mathematics,Illustrative Mathematics,Chapter 2- Addition up to 9,,,Fill in the blank (QPG),7 tens + ________ ones = 8 tens + 8 ones.,N/A,,,,,,Other,Hard,Test Learning Outcome 1,"Skillone,skilltwo",Illustrative Mathematics Class 2 Chapter 2 Test Paper Generator,1
CBSE,Class 2,Mathematics,Illustrative Mathematics,Chapter 2- Addition up to 9,,,Fill in the blank (QPG),47 + 29 = ________.,N/A,,,,,,Other,Hard,Test Learning Outcome 1,"Skillone,skilltwo",Illustrative Mathematics Class 2 Chapter 2 Test Paper Generator,1
CBSE,Class 2,Mathematics,Illustrative Mathematics,Chapter 2- Addition up to 9,,,Fill in the blank (QPG), 56 + 18 = _______.,N/A,,,,,,Other,Hard,Test Learning Outcome 1,"Skillone,skilltwo",Illustrative Mathematics Class 2 Chapter 2 Test Paper Generator,1
CBSE,Class 2,Mathematics,Illustrative Mathematics,Chapter 2- Addition up to 9,,,Very Short Answer Questions (QPG),       What is the sum of 45 and 28?,N/A,,,,,,Other,Hard,Test Learning Outcome 1,"Skillone,skilltwo",Illustrative Mathematics Class 2 Chapter 2 Test Paper Generator,1
CBSE,Class 2,Mathematics,Illustrative Mathematics,Chapter 2- Addition up to 9,,,Very Short Answer Questions (QPG),"       In the addition problem 53 + 19, what is the digit in the ones place of the sum?",N/A,,,,,,Other,Hard,Test Learning Outcome 1,"Skillone,skilltwo",Illustrative Mathematics Class 2 Chapter 2 Test Paper Generator,1
CBSE,Class 2,Mathematics,Illustrative Mathematics,Chapter 2- Addition up to 9,,,Very Short Answer Questions (QPG),"       When adding three numbers, if the sum of the ones place is 12, what is the next step?",N/A,,,,,,Other,Hard,Test Learning Outcome 1,"Skillone,skilltwo",Illustrative Mathematics Class 2 Chapter 2 Test Paper Generator,1
CBSE,Class 2,Mathematics,Illustrative Mathematics,Chapter 2- Addition up to 9,,,Very Short Answer Questions (QPG),       Add 36 and 47,N/A,,,,,,Other,Hard,Test Learning Outcome 1,"Skillone,skilltwo",Illustrative Mathematics Class 2 Chapter 2 Test Paper Generator,1
CBSE,Class 2,Mathematics,Illustrative Mathematics,Chapter 2- Addition up to 9,,,Very Short Answer Questions (QPG),"       If you have to regroup when adding 58 + 27, what digit is carried over?",N/A,,,,,,Other,Hard,Test Learning Outcome 1,"Skillone,skilltwo",Illustrative Mathematics Class 2 Chapter 2 Test Paper Generator,1
CBSE,Class 2,Mathematics,Illustrative Mathematics,Chapter 2- Addition up to 9,,,Very Short Answer Questions (QPG),       What is regrouping in addition?,N/A,,,,,,Other,Hard,Test Learning Outcome 1,"Skillone,skilltwo",Illustrative Mathematics Class 2 Chapter 2 Test Paper Generator,1
CBSE,Class 2,Mathematics,Illustrative Mathematics,Chapter 2- Addition up to 9,,,Very Short Answer Questions (QPG),"       If you add 39 and 26, and the sum is 65, what is the value of the digit in the tens place?",N/A,,,,,,Other,Hard,Test Learning Outcome 1,"Skillone,skilltwo",Illustrative Mathematics Class 2 Chapter 2 Test Paper Generator,1
CBSE,Class 2,Mathematics,Illustrative Mathematics,Chapter 2- Addition up to 9,,,Very Short Answer Questions (QPG),"       In the problem 42 + 19, do you need to regroup?",N/A,,,,,,Other,Hard,Test Learning Outcome 1,"Skillone,skilltwo",Illustrative Mathematics Class 2 Chapter 2 Test Paper Generator,1
CBSE,Class 2,Mathematics,Illustrative Mathematics,Chapter 2- Addition up to 9,,,Very Short Answer Questions (QPG),"       If you have the numbers 28, 14, and 36, what is the sum when you add them?",N/A,,,,,,Other,Hard,Test Learning Outcome 1,"Skillone,skilltwo",Illustrative Mathematics Class 2 Chapter 2 Test Paper Generator,1
CBSE,Class 2,Mathematics,Illustrative Mathematics,Chapter 2- Addition up to 9,,,Very Short Answer Questions (QPG),"   When adding three numbers, what is the importance of aligning them properly (ones under ones, tens under tens)?",N/A,,,,,,Other,Hard,Test Learning Outcome 1,"Skillone,skilltwo",Illustrative Mathematics Class 2 Chapter 2 Test Paper Generator,1
CBSE,Class 2,Mathematics,Illustrative Mathematics,Chapter 2- Addition up to 9,,,Short Answer Questions (QPG),Sarah had 36 apples. She bought 28 more. How many apples does she have now?,N/A,,,,,,Other,Hard,Test Learning Outcome 1,"Skillone,skilltwo",Illustrative Mathematics Class 2 Chapter 2 Test Paper Generator,1
CBSE,Class 2,Mathematics,Illustrative Mathematics,Chapter 2- Addition up to 9,,,Short Answer Questions (QPG),"In a basket, there are 28 red balloons and 35 blue balloons. How many balloons are there in total?",N/A,,,,,,Other,Hard,Test Learning Outcome 1,"Skillone,skilltwo",Illustrative Mathematics Class 2 Chapter 2 Test Paper Generator,1
CBSE,Class 2,Mathematics,Illustrative Mathematics,Chapter 2- Addition up to 9,,,Short Answer Questions (QPG),Emma has 49 stickers. She got 17 more from her brother. How many stickers does Emma have now?,N/A,,,,,,Other,Hard,Test Learning Outcome 1,"Skillone,skilltwo",Illustrative Mathematics Class 2 Chapter 2 Test Paper Generator,1
CBSE,Class 2,Mathematics,Illustrative Mathematics,Chapter 2- Addition up to 9,,,Short Answer Questions (QPG),"There are 63 students in a classroom. If 28 more students join, how many students will be in the classroom?",N/A,,,,,,Other,Hard,Test Learning Outcome 1,"Skillone,skilltwo",Illustrative Mathematics Class 2 Chapter 2 Test Paper Generator,1
CBSE,Class 2,Mathematics,Illustrative Mathematics,Chapter 2- Addition up to 9,,,Short Answer Questions (QPG),Olivia read 27 pages of a book in the morning and 35 pages in the afternoon. How many pages did she read in total?,N/A,,,,,,Other,Hard,Test Learning Outcome 1,"Skillone,skilltwo",Illustrative Mathematics Class 2 Chapter 2 Test Paper Generator,1
CBSE,Class 2,Mathematics,Illustrative Mathematics,Chapter 3- Subtraction,,,Multiple Choice Question (QPG) Test Paper,       What is the result of 74 - 29?,45,       55,      45,       31,      93,,Other,Hard,Test Learning Outcome 1,"Skillone,skilltwo",Illustrative Mathematics Class 2 Chapter 3 Test Paper Generator,1
CBSE,Class 2,Mathematics,Illustrative Mathematics,Chapter 3- Subtraction,,,Multiple Choice Question (QPG) Test Paper,"       In the subtraction problem 85 - 46, what is the digit in the tens place of the difference?",3,       3,      4,       5,      6,,Other,Hard,Test Learning Outcome 1,"Skillone,skilltwo",Illustrative Mathematics Class 2 Chapter 3 Test Paper Generator,1
CBSE,Class 2,Mathematics,Illustrative Mathematics,Chapter 3- Subtraction,,,Multiple Choice Question (QPG) Test Paper,"       When subtracting 82 - 37, what is the value of the digit in the ones place?",5,       4,      5,       6,      7,,Other,Hard,Test Learning Outcome 1,"Skillone,skilltwo",Illustrative Mathematics Class 2 Chapter 3 Test Paper Generator,1
CBSE,Class 2,Mathematics,Illustrative Mathematics,Chapter 3- Subtraction,,,Multiple Choice Question (QPG) Test Paper,       What is the result of 74?28?,46,      46,      56,       38,      64,,Other,Hard,Test Learning Outcome 1,"Skillone,skilltwo",Illustrative Mathematics Class 2 Chapter 3 Test Paper Generator,1
CBSE,Class 2,Mathematics,Illustrative Mathematics,Chapter 3- Subtraction,,,Multiple Choice Question (QPG) Test Paper,"       In 53?29, what is the digit in the tens place of the difference?",2,      2,      3,       4,      5,,Other,Hard,Test Learning Outcome 1,"Skillone,skilltwo",Illustrative Mathematics Class 2 Chapter 3 Test Paper Generator,1
CBSE,Class 2,Mathematics,Illustrative Mathematics,Chapter 3- Subtraction,,,Multiple Choice Question (QPG) Test Paper,       What is the difference between 89 and 47?,42,      36,      42,       52,      62,,Other,Hard,Test Learning Outcome 1,"Skillone,skilltwo",Illustrative Mathematics Class 2 Chapter 3 Test Paper Generator,1
CBSE,Class 2,Mathematics,Illustrative Mathematics,Chapter 3- Subtraction,,,Multiple Choice Question (QPG) Test Paper,"       If you subtract 29 from 64, what is the result?",35,      45,      25,       19,      35,,Other,Hard,Test Learning Outcome 1,"Skillone,skilltwo",Illustrative Mathematics Class 2 Chapter 3 Test Paper Generator,1
CBSE,Class 2,Mathematics,Illustrative Mathematics,Chapter 3- Subtraction,,,Multiple Choice Question (QPG) Test Paper,"       In the subtraction problem 72?38, what is the digit in the ones place of the difference?",4,      2,      3,       4,      5,,Other,Hard,Test Learning Outcome 1,"Skillone,skilltwo",Illustrative Mathematics Class 2 Chapter 3 Test Paper Generator,1
CBSE,Class 2,Mathematics,Illustrative Mathematics,Chapter 3- Subtraction,,,Multiple Choice Question (QPG) Test Paper,       What is the result of 56?29?,27,      28,      27,       26,      29,,Other,Hard,Test Learning Outcome 1,"Skillone,skilltwo",Illustrative Mathematics Class 2 Chapter 3 Test Paper Generator,1
CBSE,Class 2,Mathematics,Illustrative Mathematics,Chapter 3- Subtraction,,,Multiple Choice Question (QPG) Test Paper,What is the digit at tens place in the difference of 83-47?,3,       1,      2,       3,      4,,Other,Hard,Test Learning Outcome 1,"Skillone,skilltwo",Illustrative Mathematics Class 2 Chapter 3 Test Paper Generator,1
CBSE,Class 2,Mathematics,Illustrative Mathematics,Chapter 3- Subtraction,,,True or False (QPG),"In the subtraction problem 87 - 46, the digit in the tens place of the difference is 4.",N/A,,,,,,Other,Hard,Test Learning Outcome 1,"Skillone,skilltwo",Illustrative Mathematics Class 2 Chapter 3 Test Paper Generator,1
CBSE,Class 2,Mathematics,Illustrative Mathematics,Chapter 3- Subtraction,,,True or False (QPG),Subtracting a 1-digit number from a 2-digit number always results in a 1-digit difference.,N/A,,,,,,Other,Hard,Test Learning Outcome 1,"Skillone,skilltwo",Illustrative Mathematics Class 2 Chapter 3 Test Paper Generator,1
CBSE,Class 2,Mathematics,Illustrative Mathematics,Chapter 3- Subtraction,,,True or False (QPG),"When subtracting 73 - 28, the digit in the ones place of the difference is 5.",N/A,,,,,,Other,Hard,Test Learning Outcome 1,"Skillone,skilltwo",Illustrative Mathematics Class 2 Chapter 3 Test Paper Generator,1
CBSE,Class 2,Mathematics,Illustrative Mathematics,Chapter 3- Subtraction,,,True or False (QPG),The result of 78 - 18 is greater than 60.,N/A,,,,,,Other,Hard,Test Learning Outcome 1,"Skillone,skilltwo",Illustrative Mathematics Class 2 Chapter 3 Test Paper Generator,1
CBSE,Class 2,Mathematics,Illustrative Mathematics,Chapter 3- Subtraction,,,True or False (QPG),"In the subtraction problem 92 - 27, regrouping is required.",N/A,,,,,,Other,Hard,Test Learning Outcome 1,"Skillone,skilltwo",Illustrative Mathematics Class 2 Chapter 3 Test Paper Generator,1
CBSE,Class 2,Mathematics,Illustrative Mathematics,Chapter 3- Subtraction,,,True or False (QPG),"In the subtraction problem 54 ? 28, the digit in the tens place of the difference is 2.",N/A,,,,,,Other,Hard,Test Learning Outcome 1,"Skillone,skilltwo",Illustrative Mathematics Class 2 Chapter 3 Test Paper Generator,1
CBSE,Class 2,Mathematics,Illustrative Mathematics,Chapter 3- Subtraction,,,True or False (QPG),The difference of 85?46 is greater than 40.,N/A,,,,,,Other,Hard,Test Learning Outcome 1,"Skillone,skilltwo",Illustrative Mathematics Class 2 Chapter 3 Test Paper Generator,1
CBSE,Class 2,Mathematics,Illustrative Mathematics,Chapter 3- Subtraction,,,True or False (QPG),"In 62?35, regrouping is required.",N/A,,,,,,Other,Hard,Test Learning Outcome 1,"Skillone,skilltwo",Illustrative Mathematics Class 2 Chapter 3 Test Paper Generator,1
CBSE,Class 2,Mathematics,Illustrative Mathematics,Chapter 3- Subtraction,,,True or False (QPG),The result of 74?29 is less than 50.,N/A,,,,,,Other,Hard,Test Learning Outcome 1,"Skillone,skilltwo",Illustrative Mathematics Class 2 Chapter 3 Test Paper Generator,1
CBSE,Class 2,Mathematics,Illustrative Mathematics,Chapter 3- Subtraction,,,True or False (QPG),The difference of 74 ? 29 = 45.,N/A,,,,,,Other,Hard,Test Learning Outcome 1,"Skillone,skilltwo",Illustrative Mathematics Class 2 Chapter 3 Test Paper Generator,1
CBSE,Class 2,Mathematics,Illustrative Mathematics,Chapter 3- Subtraction,,,Match the following (QPG),"1. 74 – 29                            A. 38
2. 87 - 46                            B. 42
3. 78 – 36                           C. 45
4. 72 – 34                          D. 41",N/A,,,,,,Other,Hard,Test Learning Outcome 1,"Skillone,skilltwo",Illustrative Mathematics Class 2 Chapter 3 Test Paper Generator,1
CBSE,Class 2,Mathematics,Illustrative Mathematics,Chapter 3- Subtraction,,,Very Short Answer Questions (QPG),Subtract: 42?19.,N/A,,,,,,Other,Hard,Test Learning Outcome 1,"Skillone,skilltwo",Illustrative Mathematics Class 2 Chapter 3 Test Paper Generator,1
CBSE,Class 2,Mathematics,Illustrative Mathematics,Chapter 3- Subtraction,,,Very Short Answer Questions (QPG),What is the result of 56?28?,N/A,,,,,,Other,Hard,Test Learning Outcome 1,"Skillone,skilltwo",Illustrative Mathematics Class 2 Chapter 3 Test Paper Generator,1
CBSE,Class 2,Mathematics,Illustrative Mathematics,Chapter 3- Subtraction,,,Very Short Answer Questions (QPG),"If you have 63 candies and you eat 29, how many candies are left?",N/A,,,,,,Other,Hard,Test Learning Outcome 1,"Skillone,skilltwo",Illustrative Mathematics Class 2 Chapter 3 Test Paper Generator,1
CBSE,Class 2,Mathematics,Illustrative Mathematics,Chapter 3- Subtraction,,,Very Short Answer Questions (QPG),Subtract the tens place in 75 - 48.,N/A,,,,,,Other,Hard,Test Learning Outcome 1,"Skillone,skilltwo",Illustrative Mathematics Class 2 Chapter 3 Test Paper Generator,1
CBSE,Class 2,Mathematics,Illustrative Mathematics,Chapter 3- Subtraction,,,Very Short Answer Questions (QPG),What is the difference between 24 and 14?,N/A,,,,,,Other,Hard,Test Learning Outcome 1,"Skillone,skilltwo",Illustrative Mathematics Class 2 Chapter 3 Test Paper Generator,1
CBSE,Class 2,Mathematics,Illustrative Mathematics,Chapter 3- Subtraction,,,Very Short Answer Questions (QPG),"If you have 85 marbles and give away 37, how many marbles do you have now?",N/A,,,,,,Other,Hard,Test Learning Outcome 1,"Skillone,skilltwo",Illustrative Mathematics Class 2 Chapter 3 Test Paper Generator,1
CBSE,Class 2,Mathematics,Illustrative Mathematics,Chapter 3- Subtraction,,,Very Short Answer Questions (QPG),Subtract: 68?29,N/A,,,,,,Other,Hard,Test Learning Outcome 1,"Skillone,skilltwo",Illustrative Mathematics Class 2 Chapter 3 Test Paper Generator,1
CBSE,Class 2,Mathematics,Illustrative Mathematics,Chapter 3- Subtraction,,,Very Short Answer Questions (QPG),What is the value of the digit in the ones place in the result of 73?28?,N/A,,,,,,Other,Hard,Test Learning Outcome 1,"Skillone,skilltwo",Illustrative Mathematics Class 2 Chapter 3 Test Paper Generator,1
CBSE,Class 2,Mathematics,Illustrative Mathematics,Chapter 3- Subtraction,,,Very Short Answer Questions (QPG),Subtract the hundreds place in 32?18.,N/A,,,,,,Other,Hard,Test Learning Outcome 1,"Skillone,skilltwo",Illustrative Mathematics Class 2 Chapter 3 Test Paper Generator,1
CBSE,Class 2,Mathematics,Illustrative Mathematics,Chapter 3- Subtraction,,,Very Short Answer Questions (QPG), What is the result of 23?12?,N/A,,,,,,Other,Hard,Test Learning Outcome 1,"Skillone,skilltwo",Illustrative Mathematics Class 2 Chapter 3 Test Paper Generator,1
CBSE,Class 2,Mathematics,Illustrative Mathematics,Chapter 3- Subtraction,,,Fill in the blank (QPG),       93 ? 47 = ___,N/A,,,,,,Other,Hard,Test Learning Outcome 1,"Skillone,skilltwo",Illustrative Mathematics Class 2 Chapter 3 Test Paper Generator,1
CBSE,Class 2,Mathematics,Illustrative Mathematics,Chapter 3- Subtraction,,,Fill in the blank (QPG), 68 ? 43 = ___,N/A,,,,,,Other,Hard,Test Learning Outcome 1,"Skillone,skilltwo",Illustrative Mathematics Class 2 Chapter 3 Test Paper Generator,1
CBSE,Class 2,Mathematics,Illustrative Mathematics,Chapter 3- Subtraction,,,Short Answer Questions (QPG),"       In a game, Tom scored 56 points. If he loses 28 points in the next round, how many points does he have now?",N/A,,,,,,Other,Hard,Test Learning Outcome 1,"Skillone,skilltwo",Illustrative Mathematics Class 2 Chapter 3 Test Paper Generator,1
CBSE,Class 2,Mathematics,Illustrative Mathematics,Chapter 3- Subtraction,,,Short Answer Questions (QPG),"       A garden had 68 flowers. If 49 flowers were picked, how many flowers are still in the garden?",N/A,,,,,,Other,Hard,Test Learning Outcome 1,"Skillone,skilltwo",Illustrative Mathematics Class 2 Chapter 3 Test Paper Generator,1
CBSE,Class 2,Mathematics,Illustrative Mathematics,Chapter 3- Subtraction,,,Short Answer Questions (QPG),       Sarah bought a toy for ? 82. She gave the cashier ? 90. How much money did Sarah get back as change?,N/A,,,,,,Other,Hard,Test Learning Outcome 1,"Skillone,skilltwo",Illustrative Mathematics Class 2 Chapter 3 Test Paper Generator,1
CBSE,Class 2,Mathematics,Illustrative Mathematics,Chapter 3- Subtraction,,,Short Answer Questions (QPG),"       In a basket, there are 95 oranges. If 28 oranges are taken out, how many oranges are left in the basket?",N/A,,,,,,Other,Hard,Test Learning Outcome 1,"Skillone,skilltwo",Illustrative Mathematics Class 2 Chapter 3 Test Paper Generator,1
CBSE,Class 3,Mathematics,Illustrative Mathematics,Chapter 1- Numbers Beyond 999,,,Multiple Choice Question (QPG) Test Paper,"       What is the successor of 3,427?",3428,"      3,428","      3,426","       3,527","      3,327",,Other,Hard,Test Learning Outcome 1,"Skillone,skilltwo",Illustrative Mathematics Class 3 Chapter 1 Test Paper Generator,1
CBSE,Class 3,Mathematics,Illustrative Mathematics,Chapter 1- Numbers Beyond 999,,,Multiple Choice Question (QPG) Test Paper,"       Which digit is at the hundreds place of the number 4,815?",8,      4,      1,       8,      5,,Other,Hard,Test Learning Outcome 1,"Skillone,skilltwo",Illustrative Mathematics Class 3 Chapter 1 Test Paper Generator,1
CBSE,Class 3,Mathematics,Illustrative Mathematics,Chapter 1- Numbers Beyond 999,,,Multiple Choice Question (QPG) Test Paper,       Which is an odd number among the following?,"      3,579","      2,468","      3,579","       4,632","      5,214",,Other,Hard,Test Learning Outcome 1,"Skillone,skilltwo",Illustrative Mathematics Class 3 Chapter 1 Test Paper Generator,1
CBSE,Class 3,Mathematics,Illustrative Mathematics,Chapter 1- Numbers Beyond 999,,,Multiple Choice Question (QPG) Test Paper,"       What is the predecessor of 6,321?","      6,320","      6,320","      6,322","       6,421","      5,321",,Other,Hard,Test Learning Outcome 1,"Skillone,skilltwo",Illustrative Mathematics Class 3 Chapter 1 Test Paper Generator,1
CBSE,Class 3,Mathematics,Illustrative Mathematics,Chapter 1- Numbers Beyond 999,,,Multiple Choice Question (QPG) Test Paper,"       In the number 8,643, which digit is in the thousands place?",8,      6,      4,       8,      3,,Other,Hard,Test Learning Outcome 1,"Skillone,skilltwo",Illustrative Mathematics Class 3 Chapter 1 Test Paper Generator,1
CBSE,Class 3,Mathematics,Illustrative Mathematics,Chapter 1- Numbers Beyond 999,,,Multiple Choice Question (QPG) Test Paper,       Which of the following numbers is the greatest?,"      8,215","      7,815","      8,215","       7,518","      8,157",,Other,Hard,Test Learning Outcome 1,"Skillone,skilltwo",Illustrative Mathematics Class 3 Chapter 1 Test Paper Generator,1
CBSE,Class 3,Mathematics,Illustrative Mathematics,Chapter 1- Numbers Beyond 999,,,Multiple Choice Question (QPG) Test Paper,       Which is an even number among the following?,"      6,412","      5,721","      4,689","       3,527","      6,412",,Other,Hard,Test Learning Outcome 1,"Skillone,skilltwo",Illustrative Mathematics Class 3 Chapter 1 Test Paper Generator,1
CBSE,Class 3,Mathematics,Illustrative Mathematics,Chapter 1- Numbers Beyond 999,,,Multiple Choice Question (QPG) Test Paper,"       What is the place value of the digit 9 in the number 9,864?","       9,000",      90,      900,"       9,000",      9,,Other,Hard,Test Learning Outcome 1,"Skillone,skilltwo",Illustrative Mathematics Class 3 Chapter 1 Test Paper Generator,1
CBSE,Class 3,Mathematics,Illustrative Mathematics,Chapter 1- Numbers Beyond 999,,,Multiple Choice Question (QPG) Test Paper,"       Which number comes just before 5,000?","      4,999","      4,999","      5,001","       4,899","      5,100",,Other,Hard,Test Learning Outcome 1,"Skillone,skilltwo",Illustrative Mathematics Class 3 Chapter 1 Test Paper Generator,1
CBSE,Class 3,Mathematics,Illustrative Mathematics,Chapter 1- Numbers Beyond 999,,,Multiple Choice Question (QPG) Test Paper,"  If you build a number using the digits 5, 2, 0, and 6, which number can’t be formed?","      5,621","      5,206","      2,506","       6,205","      5,621",,Other,Hard,Test Learning Outcome 1,"Skillone,skilltwo",Illustrative Mathematics Class 3 Chapter 1 Test Paper Generator,1
CBSE,Class 3,Mathematics,Illustrative Mathematics,Chapter 1- Numbers Beyond 999,,,True or False (QPG),"The successor of 4,732 is 4,731.",N/A,,,,,,Other,Hard,Test Learning Outcome 1,"Skillone,skilltwo",Illustrative Mathematics Class 3 Chapter 1 Test Paper Generator,1
CBSE,Class 3,Mathematics,Illustrative Mathematics,Chapter 1- Numbers Beyond 999,,,True or False (QPG),"The digit in the tens place of the number 6,254 is 2.",N/A,,,,,,Other,Hard,Test Learning Outcome 1,"Skillone,skilltwo",Illustrative Mathematics Class 3 Chapter 1 Test Paper Generator,1
CBSE,Class 3,Mathematics,Illustrative Mathematics,Chapter 1- Numbers Beyond 999,,,True or False (QPG),"7,864 is an odd number.",N/A,,,,,,Other,Hard,Test Learning Outcome 1,"Skillone,skilltwo",Illustrative Mathematics Class 3 Chapter 1 Test Paper Generator,1
CBSE,Class 3,Mathematics,Illustrative Mathematics,Chapter 1- Numbers Beyond 999,,,True or False (QPG),"The predecessor of 9,321 is 9,322.",N/A,,,,,,Other,Hard,Test Learning Outcome 1,"Skillone,skilltwo",Illustrative Mathematics Class 3 Chapter 1 Test Paper Generator,1
CBSE,Class 3,Mathematics,Illustrative Mathematics,Chapter 1- Numbers Beyond 999,,,True or False (QPG),"In the number 5,637, the digit in the thousands place is 7.",N/A,,,,,,Other,Hard,Test Learning Outcome 1,"Skillone,skilltwo",Illustrative Mathematics Class 3 Chapter 1 Test Paper Generator,1
CBSE,Class 3,Mathematics,Illustrative Mathematics,Chapter 1- Numbers Beyond 999,,,True or False (QPG),"8,245 is greater than 8,524.",N/A,,,,,,Other,Hard,Test Learning Outcome 1,"Skillone,skilltwo",Illustrative Mathematics Class 3 Chapter 1 Test Paper Generator,1
CBSE,Class 3,Mathematics,Illustrative Mathematics,Chapter 1- Numbers Beyond 999,,,True or False (QPG),"The place value of the digit 4 in the number 3,467 is 4,000.",N/A,,,,,,Other,Hard,Test Learning Outcome 1,"Skillone,skilltwo",Illustrative Mathematics Class 3 Chapter 1 Test Paper Generator,1
CBSE,Class 3,Mathematics,Illustrative Mathematics,Chapter 1- Numbers Beyond 999,,,True or False (QPG),"3,572 is an even number.",N/A,,,,,,Other,Hard,Test Learning Outcome 1,"Skillone,skilltwo",Illustrative Mathematics Class 3 Chapter 1 Test Paper Generator,1
CBSE,Class 3,Mathematics,Illustrative Mathematics,Chapter 1- Numbers Beyond 999,,,True or False (QPG),"The place value of the digit 8 in the number 8,712 is 800.",N/A,,,,,,Other,Hard,Test Learning Outcome 1,"Skillone,skilltwo",Illustrative Mathematics Class 3 Chapter 1 Test Paper Generator,1
CBSE,Class 3,Mathematics,Illustrative Mathematics,Chapter 1- Numbers Beyond 999,,,True or False (QPG),"6,210 comes just after 6,209.",N/A,,,,,,Other,Hard,Test Learning Outcome 1,"Skillone,skilltwo",Illustrative Mathematics Class 3 Chapter 1 Test Paper Generator,1
CBSE,Class 3,Mathematics,Illustrative Mathematics,Chapter 1- Numbers Beyond 999,,,Match the following (QPG),"A. 9,781                                   1. 7,911

B. 5,632                                   2. 4,590

C. 4,589                                   3. 5,633 

D. 7,910                                  4. 9,782  ",N/A,,,,,,Other,Hard,Test Learning Outcome 1,"Skillone,skilltwo",Illustrative Mathematics Class 3 Chapter 1 Test Paper Generator,1
CBSE,Class 3,Mathematics,Illustrative Mathematics,Chapter 1- Numbers Beyond 999,,,Fill in the blank (QPG),"The digit in the __________ place of the number 4,872 is 8.",N/A,,,,,,Other,Hard,Test Learning Outcome 1,"Skillone,skilltwo",Illustrative Mathematics Class 3 Chapter 1 Test Paper Generator,1
CBSE,Class 3,Mathematics,Illustrative Mathematics,Chapter 1- Numbers Beyond 999,,,Fill in the blank (QPG),"The __________ of 3,654 is 3,653.",N/A,,,,,,Other,Hard,Test Learning Outcome 1,"Skillone,skilltwo",Illustrative Mathematics Class 3 Chapter 1 Test Paper Generator,1
CBSE,Class 3,Mathematics,Illustrative Mathematics,Chapter 1- Numbers Beyond 999,,,Fill in the blank (QPG),"In the number 7,218, the digit in the __________ place is 2.",N/A,,,,,,Other,Hard,Test Learning Outcome 1,"Skillone,skilltwo",Illustrative Mathematics Class 3 Chapter 1 Test Paper Generator,1
CBSE,Class 3,Mathematics,Illustrative Mathematics,Chapter 1- Numbers Beyond 999,,,Fill in the blank (QPG),"The __________ of 6,543 is 6,544.",N/A,,,,,,Other,Hard,Test Learning Outcome 1,"Skillone,skilltwo",Illustrative Mathematics Class 3 Chapter 1 Test Paper Generator,1
CBSE,Class 3,Mathematics,Illustrative Mathematics,Chapter 1- Numbers Beyond 999,,,Fill in the blank (QPG),"The digit 6 in the number 6,913 represents __________.",N/A,,,,,,Other,Hard,Test Learning Outcome 1,"Skillone,skilltwo",Illustrative Mathematics Class 3 Chapter 1 Test Paper Generator,1
CBSE,Class 3,Mathematics,Illustrative Mathematics,Chapter 1- Numbers Beyond 999,,,Fill in the blank (QPG),"The number just before 9,000 is __________.",N/A,,,,,,Other,Hard,Test Learning Outcome 1,"Skillone,skilltwo",Illustrative Mathematics Class 3 Chapter 1 Test Paper Generator,1
CBSE,Class 3,Mathematics,Illustrative Mathematics,Chapter 1- Numbers Beyond 999,,,Fill in the blank (QPG),"The digit in the tens place of the number 5,321 is __________.",N/A,,,,,,Other,Hard,Test Learning Outcome 1,"Skillone,skilltwo",Illustrative Mathematics Class 3 Chapter 1 Test Paper Generator,1
CBSE,Class 3,Mathematics,Illustrative Mathematics,Chapter 1- Numbers Beyond 999,,,Fill in the blank (QPG),"The number just after 6,999 is __________.",N/A,,,,,,Other,Hard,Test Learning Outcome 1,"Skillone,skilltwo",Illustrative Mathematics Class 3 Chapter 1 Test Paper Generator,1
CBSE,Class 3,Mathematics,Illustrative Mathematics,Chapter 1- Numbers Beyond 999,,,Fill in the blank (QPG),The greatest 4-digit number is _______.,N/A,,,,,,Other,Hard,Test Learning Outcome 1,"Skillone,skilltwo",Illustrative Mathematics Class 3 Chapter 1 Test Paper Generator,1
CBSE,Class 3,Mathematics,Illustrative Mathematics,Chapter 1- Numbers Beyond 999,,,Fill in the blank (QPG),.  4000 + 20 + 7 = ________.,N/A,,,,,,Other,Hard,Test Learning Outcome 1,"Skillone,skilltwo",Illustrative Mathematics Class 3 Chapter 1 Test Paper Generator,1
CBSE,Class 3,Mathematics,Illustrative Mathematics,Chapter 1- Numbers Beyond 999,,,Very Short Answer Questions (QPG),"What is the digit in the thousands place of the number 5,421?",N/A,,,,,,Other,Hard,Test Learning Outcome 1,"Skillone,skilltwo",Illustrative Mathematics Class 3 Chapter 1 Test Paper Generator,1
CBSE,Class 3,Mathematics,Illustrative Mathematics,Chapter 1- Numbers Beyond 999,,,Very Short Answer Questions (QPG),"Write the number 7,654 in words.",N/A,,,,,,Other,Hard,Test Learning Outcome 1,"Skillone,skilltwo",Illustrative Mathematics Class 3 Chapter 1 Test Paper Generator,1
CBSE,Class 3,Mathematics,Illustrative Mathematics,Chapter 1- Numbers Beyond 999,,,Very Short Answer Questions (QPG),"What is the predecessor of 8,912?",N/A,,,,,,Other,Hard,Test Learning Outcome 1,"Skillone,skilltwo",Illustrative Mathematics Class 3 Chapter 1 Test Paper Generator,1
CBSE,Class 3,Mathematics,Illustrative Mathematics,Chapter 1- Numbers Beyond 999,,,Very Short Answer Questions (QPG),"Which is greater: 6,238 or 6,327?",N/A,,,,,,Other,Hard,Test Learning Outcome 1,"Skillone,skilltwo",Illustrative Mathematics Class 3 Chapter 1 Test Paper Generator,1
CBSE,Class 3,Mathematics,Illustrative Mathematics,Chapter 1- Numbers Beyond 999,,,Very Short Answer Questions (QPG),"Write the expanded form of the number 9,462.",N/A,,,,,,Other,Hard,Test Learning Outcome 1,"Skillone,skilltwo",Illustrative Mathematics Class 3 Chapter 1 Test Paper Generator,1
CBSE,Class 3,Mathematics,Illustrative Mathematics,Chapter 1- Numbers Beyond 999,,,Very Short Answer Questions (QPG),"What is the place value of the digit 5 in the number 5,732?",N/A,,,,,,Other,Hard,Test Learning Outcome 1,"Skillone,skilltwo",Illustrative Mathematics Class 3 Chapter 1 Test Paper Generator,1
CBSE,Class 3,Mathematics,Illustrative Mathematics,Chapter 1- Numbers Beyond 999,,,Very Short Answer Questions (QPG),"Which is an odd number: 4,276 or 3,819?",N/A,,,,,,Other,Hard,Test Learning Outcome 1,"Skillone,skilltwo",Illustrative Mathematics Class 3 Chapter 1 Test Paper Generator,1
CBSE,Class 3,Mathematics,Illustrative Mathematics,Chapter 1- Numbers Beyond 999,,,Very Short Answer Questions (QPG),"If you build greatest number using the digits 2, 0, 6, and 3, what number is formed?",N/A,,,,,,Other,Hard,Test Learning Outcome 1,"Skillone,skilltwo",Illustrative Mathematics Class 3 Chapter 1 Test Paper Generator,1
CBSE,Class 3,Mathematics,Illustrative Mathematics,Chapter 1- Numbers Beyond 999,,,Very Short Answer Questions (QPG),"Which is an even number: 7,485 or 6,912?",N/A,,,,,,Other,Hard,Test Learning Outcome 1,"Skillone,skilltwo",Illustrative Mathematics Class 3 Chapter 1 Test Paper Generator,1
CBSE,Class 3,Mathematics,Illustrative Mathematics,Chapter 1- Numbers Beyond 999,,,Very Short Answer Questions (QPG)," Observe and tell next three numbers:  2008, 2010, 2012: ______, ______, ______.",N/A,,,,,,Other,Hard,Test Learning Outcome 1,"Skillone,skilltwo",Illustrative Mathematics Class 3 Chapter 1 Test Paper Generator,1
CBSE,Class 3,Mathematics,Illustrative Mathematics,Chapter 1- Numbers Beyond 999,,,Short Answer Questions (QPG),"       Write the number name of 4,019 and 9,998.",N/A,,,,,,Other,Hard,Test Learning Outcome 1,"Skillone,skilltwo",Illustrative Mathematics Class 3 Chapter 1 Test Paper Generator,1
CBSE,Class 3,Mathematics,Illustrative Mathematics,Chapter 1- Numbers Beyond 999,,,Short Answer Questions (QPG),"       Write the expanded form of 6,092.",N/A,,,,,,Other,Hard,Test Learning Outcome 1,"Skillone,skilltwo",Illustrative Mathematics Class 3 Chapter 1 Test Paper Generator,1
CBSE,Class 3,Mathematics,Illustrative Mathematics,Chapter 1- Numbers Beyond 999,,,Short Answer Questions (QPG),"       Write the numbers 5,312, 5,254, 5,108, and 5,432 in ascending order.",N/A,,,,,,Other,Hard,Test Learning Outcome 1,"Skillone,skilltwo",Illustrative Mathematics Class 3 Chapter 1 Test Paper Generator,1
CBSE,Class 3,Mathematics,Illustrative Mathematics,Chapter 1- Numbers Beyond 999,,,Short Answer Questions (QPG),"       Which number comes second when arranging: 4,587, 4,221, 4,650, and 4,102 in ascending order?",N/A,,,,,,Other,Hard,Test Learning Outcome 1,"Skillone,skilltwo",Illustrative Mathematics Class 3 Chapter 1 Test Paper Generator,1
CBSE,Class 3,Mathematics,Illustrative Mathematics,Chapter 1- Numbers Beyond 999,,,Short Answer Questions (QPG),"       Write the numbers 7,531, 7,295, 7,870, and 7,432 in descending order.",N/A,,,,,,Other,Hard,Test Learning Outcome 1,"Skillone,skilltwo",Illustrative Mathematics Class 3 Chapter 1 Test Paper Generator,1
CBSE,Class 3,Mathematics,Illustrative Mathematics,Chapter 1- Numbers Beyond 999,,,Short Answer Questions (QPG),"       What is the third smallest number in the set: 6,210, 6,397, 6,150, and 6,009?",N/A,,,,,,Other,Hard,Test Learning Outcome 1,"Skillone,skilltwo",Illustrative Mathematics Class 3 Chapter 1 Test Paper Generator,1
CBSE,Class 3,Mathematics,Illustrative Mathematics,Chapter 1- Numbers Beyond 999,,,Short Answer Questions (QPG),"What is the smallest 4-digit number you can build using the digits 3, 6, 8, and 2?",N/A,,,,,,Other,Hard,Test Learning Outcome 1,"Skillone,skilltwo",Illustrative Mathematics Class 3 Chapter 1 Test Paper Generator,1
CBSE,Class 3,Mathematics,Illustrative Mathematics,Chapter 1- Numbers Beyond 999,,,Short Answer Questions (QPG),"If you have the digits 9, 4, 6, and 2, what is the greatest 4-digit number you can form?",N/A,,,,,,Other,Hard,Test Learning Outcome 1,"Skillone,skilltwo",Illustrative Mathematics Class 3 Chapter 1 Test Paper Generator,1
CBSE,Class 3,Mathematics,Illustrative Mathematics,Chapter 1- Numbers Beyond 999,,,Short Answer Questions (QPG),"What is the smallest 4-digit number that can be formed using the digits 1, 0, 3, and 8?",N/A,,,,,,Other,Hard,Test Learning Outcome 1,"Skillone,skilltwo",Illustrative Mathematics Class 3 Chapter 1 Test Paper Generator,1
CBSE,Class 3,Mathematics,Illustrative Mathematics,Chapter 1- Numbers Beyond 999,,,Short Answer Questions (QPG), Write 3 odd numbers between 60 and 70.,N/A,,,,,,Other,Hard,Test Learning Outcome 1,"Skillone,skilltwo",Illustrative Mathematics Class 3 Chapter 1 Test Paper Generator,1
CBSE,Class 3,Mathematics,Illustrative Mathematics,Chapter 1- Numbers Beyond 999,,,Long Answer Questions (QPG),"       If you have the digits 9, 8, 7, and 6, can you create a 4-digit number where the hundreds place digit is the smallest?",N/A,,,,,,Other,Hard,Test Learning Outcome 1,"Skillone,skilltwo",Illustrative Mathematics Class 3 Chapter 1 Test Paper Generator,1
CBSE,Class 3,Mathematics,Illustrative Mathematics,Chapter 1- Numbers Beyond 999,,,Long Answer Questions (QPG),"       Arrange the digits 2, 3, 7, and 1 to form the greatest and smallest 4-digit numbers possible. What are these numbers?",N/A,,,,,,Other,Hard,Test Learning Outcome 1,"Skillone,skilltwo",Illustrative Mathematics Class 3 Chapter 1 Test Paper Generator,1
CBSE,Class 3,Mathematics,Illustrative Mathematics,Chapter 1- Numbers Beyond 999,,,Long Answer Questions (QPG),"       Use the digits 5, 6, 1, and 9 to create a 4-digit number where each digit is greater than the one to its left. What is the number?",N/A,,,,,,Other,Hard,Test Learning Outcome 1,"Skillone,skilltwo",Illustrative Mathematics Class 3 Chapter 1 Test Paper Generator,1
CBSE,Class 3,Mathematics,Illustrative Mathematics,Chapter 1- Numbers Beyond 999,,,Long Answer Questions (QPG),"       If you build a 4-digit number using the digits 2, 3, 5, and 7, what is the sum of the digits?",N/A,,,,,,Other,Hard,Test Learning Outcome 1,"Skillone,skilltwo",Illustrative Mathematics Class 3 Chapter 1 Test Paper Generator,1
CBSE,Class 3,Mathematics,Illustrative Mathematics,Chapter 1- Numbers Beyond 999,,,Long Answer Questions (QPG),       Write three consecutive odd numbers greater than 900.,N/A,,,,,,Other,Hard,Test Learning Outcome 1,"Skillone,skilltwo",Illustrative Mathematics Class 3 Chapter 1 Test Paper Generator,1
CBSE,Class 3,Mathematics,Illustrative Mathematics,Chapter 2- Addition,,,Multiple Choice Question (QPG) Test Paper,       What is the sum of 42 and 59?,101,      92,      101,       91,      102,,Other,Hard,Test Learning Outcome 1,"Skillone,skilltwo",Illustrative Mathematics Class 3 Chapter 2 Test Paper Generator,1
CBSE,Class 3,Mathematics,Illustrative Mathematics,Chapter 2- Addition,,,Multiple Choice Question (QPG) Test Paper,"       In the addition 326 + 187, what is the digit in the units place of the sum?",3,      6,      7,       8,      3,,Other,Hard,Test Learning Outcome 1,"Skillone,skilltwo",Illustrative Mathematics Class 3 Chapter 2 Test Paper Generator,1
CBSE,Class 3,Mathematics,Illustrative Mathematics,Chapter 2- Addition,,,Multiple Choice Question (QPG) Test Paper,"       If you break the number 64 into tens and ones, what is the result?",      60 + 4,      60 + 4,      40 + 24,       50 + 14,      30 + 34,,Other,Hard,Test Learning Outcome 1,"Skillone,skilltwo",Illustrative Mathematics Class 3 Chapter 2 Test Paper Generator,1
CBSE,Class 3,Mathematics,Illustrative Mathematics,Chapter 2- Addition,,,Multiple Choice Question (QPG) Test Paper,       What is the sum of 487 and 296?,       783,      673,      773,       783,      693,,Other,Hard,Test Learning Outcome 1,"Skillone,skilltwo",Illustrative Mathematics Class 3 Chapter 2 Test Paper Generator,1
CBSE,Class 3,Mathematics,Illustrative Mathematics,Chapter 2- Addition,,,Multiple Choice Question (QPG) Test Paper,"       In the addition 548 + 327, what is the digit in the hundreds place of the sum?",      8,      8,      9,       7,      6,,Other,Hard,Test Learning Outcome 1,"Skillone,skilltwo",Illustrative Mathematics Class 3 Chapter 2 Test Paper Generator,1
CBSE,Class 3,Mathematics,Illustrative Mathematics,Chapter 2- Addition,,,Multiple Choice Question (QPG) Test Paper,"       When adding 594 and 387, which digit is regrouped from the ones place to the tens place?",      9,      5,      9,       4,      8,,Other,Hard,Test Learning Outcome 1,"Skillone,skilltwo",Illustrative Mathematics Class 3 Chapter 2 Test Paper Generator,1
CBSE,Class 3,Mathematics,Illustrative Mathematics,Chapter 2- Addition,,,Multiple Choice Question (QPG) Test Paper,       What is the sum of 621 and 438?,       1059,      1049,      959,       1059,      949,,Other,Hard,Test Learning Outcome 1,"Skillone,skilltwo",Illustrative Mathematics Class 3 Chapter 2 Test Paper Generator,1
CBSE,Class 3,Mathematics,Illustrative Mathematics,Chapter 2- Addition,,,Multiple Choice Question (QPG) Test Paper,"       If you break the number 89 into tens and ones, what is the result?",      80 + 9,      80 + 9,      90 + 8,       70 + 19,      50 + 39,,Other,Hard,Test Learning Outcome 1,"Skillone,skilltwo",Illustrative Mathematics Class 3 Chapter 2 Test Paper Generator,1
CBSE,Class 3,Mathematics,Illustrative Mathematics,Chapter 2- Addition,,,Multiple Choice Question (QPG) Test Paper,"       In the addition 642 + 579, what is the digit in the tens place of the sum?",      2,      2,      1,       0,      8,,Other,Hard,Test Learning Outcome 1,"Skillone,skilltwo",Illustrative Mathematics Class 3 Chapter 2 Test Paper Generator,1
CBSE,Class 3,Mathematics,Illustrative Mathematics,Chapter 2- Addition,,,Multiple Choice Question (QPG) Test Paper,  What is the sum of 1296 and 8743?,       10039,      9839,      8949,       10039,      10029,,Other,Hard,Test Learning Outcome 1,"Skillone,skilltwo",Illustrative Mathematics Class 3 Chapter 2 Test Paper Generator,1
CBSE,Class 3,Mathematics,Illustrative Mathematics,Chapter 2- Addition,,,True or False (QPG), The sum of any two single-digit numbers is always a double-digit number.,N/A,,,,,,Other,Hard,Test Learning Outcome 1,"Skillone,skilltwo",Illustrative Mathematics Class 3 Chapter 2 Test Paper Generator,1
CBSE,Class 3,Mathematics,Illustrative Mathematics,Chapter 2- Addition,,,True or False (QPG), Regrouping is not required when adding 3-digit numbers.,N/A,,,,,,Other,Hard,Test Learning Outcome 1,"Skillone,skilltwo",Illustrative Mathematics Class 3 Chapter 2 Test Paper Generator,1
CBSE,Class 3,Mathematics,Illustrative Mathematics,Chapter 2- Addition,,,True or False (QPG),"       In the addition 428 + 579, the digit in the tens place of the sum is 8.",N/A,,,,,,Other,Hard,Test Learning Outcome 1,"Skillone,skilltwo",Illustrative Mathematics Class 3 Chapter 2 Test Paper Generator,1
CBSE,Class 3,Mathematics,Illustrative Mathematics,Chapter 2- Addition,,,True or False (QPG),       Breaking a number into tens and ones is the same as regrouping.,N/A,,,,,,Other,Hard,Test Learning Outcome 1,"Skillone,skilltwo",Illustrative Mathematics Class 3 Chapter 2 Test Paper Generator,1
CBSE,Class 3,Mathematics,Illustrative Mathematics,Chapter 2- Addition,,,True or False (QPG),   The sum of two odd numbers is always an odd number.,N/A,,,,,,Other,Hard,Test Learning Outcome 1,"Skillone,skilltwo",Illustrative Mathematics Class 3 Chapter 2 Test Paper Generator,1
CBSE,Class 3,Mathematics,Illustrative Mathematics,Chapter 2- Addition,,,True or False (QPG),"   In the addition 735 + 486, the digit in the hundreds place of the sum is 2.",N/A,,,,,,Other,Hard,Test Learning Outcome 1,"Skillone,skilltwo",Illustrative Mathematics Class 3 Chapter 2 Test Paper Generator,1
CBSE,Class 3,Mathematics,Illustrative Mathematics,Chapter 2- Addition,,,True or False (QPG),"   Regrouping can occur in the ones, tens, and hundreds places while adding 4-digit numbers.",N/A,,,,,,Other,Hard,Test Learning Outcome 1,"Skillone,skilltwo",Illustrative Mathematics Class 3 Chapter 2 Test Paper Generator,1
CBSE,Class 3,Mathematics,Illustrative Mathematics,Chapter 2- Addition,,,True or False (QPG),"   If you break the number 57 into tens and ones, it becomes 40 + 17.",N/A,,,,,,Other,Hard,Test Learning Outcome 1,"Skillone,skilltwo",Illustrative Mathematics Class 3 Chapter 2 Test Paper Generator,1
CBSE,Class 3,Mathematics,Illustrative Mathematics,Chapter 2- Addition,,,True or False (QPG),   The sum of any two even numbers is always an even number.,N/A,,,,,,Other,Hard,Test Learning Outcome 1,"Skillone,skilltwo",Illustrative Mathematics Class 3 Chapter 2 Test Paper Generator,1
CBSE,Class 3,Mathematics,Illustrative Mathematics,Chapter 2- Addition,,,True or False (QPG),"   In the addition 6+I28089 + 427, the digit in the units place of the sum is 6.",N/A,,,,,,Other,Hard,Test Learning Outcome 1,"Skillone,skilltwo",Illustrative Mathematics Class 3 Chapter 2 Test Paper Generator,1
CBSE,Class 3,Mathematics,Illustrative Mathematics,Chapter 2- Addition,,,Fill in the blank (QPG)," When adding 326 and 489, the digit in the __________ place of the sum is 8.",N/A,,,,,,Other,Hard,Test Learning Outcome 1,"Skillone,skilltwo",Illustrative Mathematics Class 3 Chapter 2 Test Paper Generator,1
CBSE,Class 3,Mathematics,Illustrative Mathematics,Chapter 2- Addition,,,Fill in the blank (QPG),       Breaking the number 75 into tens and ones results in __________ + __________.,N/A,,,,,,Other,Hard,Test Learning Outcome 1,"Skillone,skilltwo",Illustrative Mathematics Class 3 Chapter 2 Test Paper Generator,1
CBSE,Class 3,Mathematics,Illustrative Mathematics,Chapter 2- Addition,,,Fill in the blank (QPG),"  If you add 624 and 537, the digit in the __________ place of the sum is 1.",N/A,,,,,,Other,Hard,Test Learning Outcome 1,"Skillone,skilltwo",Illustrative Mathematics Class 3 Chapter 2 Test Paper Generator,1
CBSE,Class 3,Mathematics,Illustrative Mathematics,Chapter 2- Addition,,,Very Short Answer Questions (QPG),What is the sum of 438 and 267?,N/A,,,,,,Other,Hard,Test Learning Outcome 1,"Skillone,skilltwo",Illustrative Mathematics Class 3 Chapter 2 Test Paper Generator,1
CBSE,Class 3,Mathematics,Illustrative Mathematics,Chapter 2- Addition,,,Very Short Answer Questions (QPG),"If you break the number 94 into tens and ones, what is the result?",N/A,,,,,,Other,Hard,Test Learning Outcome 1,"Skillone,skilltwo",Illustrative Mathematics Class 3 Chapter 2 Test Paper Generator,1
CBSE,Class 3,Mathematics,Illustrative Mathematics,Chapter 2- Addition,,,Very Short Answer Questions (QPG),"In the addition 721 + 398, what is the digit in the units place of the sum?",N/A,,,,,,Other,Hard,Test Learning Outcome 1,"Skillone,skilltwo",Illustrative Mathematics Class 3 Chapter 2 Test Paper Generator,1
CBSE,Class 3,Mathematics,Illustrative Mathematics,Chapter 2- Addition,,,Very Short Answer Questions (QPG),What digit is regrouped from the tens place to the hundreds place when adding 568 and 327?,N/A,,,,,,Other,Hard,Test Learning Outcome 1,"Skillone,skilltwo",Illustrative Mathematics Class 3 Chapter 2 Test Paper Generator,1
CBSE,Class 3,Mathematics,Illustrative Mathematics,Chapter 2- Addition,,,Very Short Answer Questions (QPG),"If you add 624 and 895, what is the value of the digit in the hundreds place of the sum?",N/A,,,,,,Other,Hard,Test Learning Outcome 1,"Skillone,skilltwo",Illustrative Mathematics Class 3 Chapter 2 Test Paper Generator,1
CBSE,Class 3,Mathematics,Illustrative Mathematics,Chapter 2- Addition,,,Very Short Answer Questions (QPG),What is the place value of the digit 6 in the number 8642?,N/A,,,,,,Other,Hard,Test Learning Outcome 1,"Skillone,skilltwo",Illustrative Mathematics Class 3 Chapter 2 Test Paper Generator,1
CBSE,Class 3,Mathematics,Illustrative Mathematics,Chapter 2- Addition,,,Very Short Answer Questions (QPG),"If you break the number 57 into tens and ones, what is the tens place value?",N/A,,,,,,Other,Hard,Test Learning Outcome 1,"Skillone,skilltwo",Illustrative Mathematics Class 3 Chapter 2 Test Paper Generator,1
CBSE,Class 3,Mathematics,Illustrative Mathematics,Chapter 2- Addition,,,Very Short Answer Questions (QPG),What is the sum of 326 and 489?,N/A,,,,,,Other,Hard,Test Learning Outcome 1,"Skillone,skilltwo",Illustrative Mathematics Class 3 Chapter 2 Test Paper Generator,1
CBSE,Class 3,Mathematics,Illustrative Mathematics,Chapter 2- Addition,,,Very Short Answer Questions (QPG),"In the addition 725 + 398, what is the digit in the tens place of the sum?",N/A,,,,,,Other,Hard,Test Learning Outcome 1,"Skillone,skilltwo",Illustrative Mathematics Class 3 Chapter 2 Test Paper Generator,1
CBSE,Class 3,Mathematics,Illustrative Mathematics,Chapter 2- Addition,,,Very Short Answer Questions (QPG),". If you add 824 and 367, what is the value of the digit in the thousands place of the sum?",N/A,,,,,,Other,Hard,Test Learning Outcome 1,"Skillone,skilltwo",Illustrative Mathematics Class 3 Chapter 2 Test Paper Generator,1
CBSE,Class 3,Mathematics,Illustrative Mathematics,Chapter 2- Addition,,,Short Answer Questions (QPG),Explain the concept of regrouping in addition with a specific example.,N/A,,,,,,Other,Hard,Test Learning Outcome 1,"Skillone,skilltwo",Illustrative Mathematics Class 3 Chapter 2 Test Paper Generator,1
CBSE,Class 3,Mathematics,Illustrative Mathematics,Chapter 2- Addition,,,Short Answer Questions (QPG),"If you break the number 83 into tens and ones, what is the result?",N/A,,,,,,Other,Hard,Test Learning Outcome 1,"Skillone,skilltwo",Illustrative Mathematics Class 3 Chapter 2 Test Paper Generator,1
CBSE,Class 3,Mathematics,Illustrative Mathematics,Chapter 2- Addition,,,Short Answer Questions (QPG),"When adding 547 and 286, which digit is regrouped from the ones place to the tens place? Also find the sum.",N/A,,,,,,Other,Hard,Test Learning Outcome 1,"Skillone,skilltwo",Illustrative Mathematics Class 3 Chapter 2 Test Paper Generator,1
CBSE,Class 3,Mathematics,Illustrative Mathematics,Chapter 2- Addition,,,Short Answer Questions (QPG),"If you add 624 and 895, what is the value of the digit in the tens place of the sum? Also find the sum.",N/A,,,,,,Other,Hard,Test Learning Outcome 1,"Skillone,skilltwo",Illustrative Mathematics Class 3 Chapter 2 Test Paper Generator,1
CBSE,Class 3,Mathematics,Illustrative Mathematics,Chapter 2- Addition,,,Short Answer Questions (QPG),"In the addition 1498 + 3327, what is the digit in the units place of the sum?",N/A,,,,,,Other,Hard,Test Learning Outcome 1,"Skillone,skilltwo",Illustrative Mathematics Class 3 Chapter 2 Test Paper Generator,1
CBSE,Class 3,Mathematics,Illustrative Mathematics,Chapter 2- Addition,,,Short Answer Questions (QPG),"If you have the digits 5, 3, 0, and 7, create greatest 4-digit number and break it into tens and ones.",N/A,,,,,,Other,Hard,Test Learning Outcome 1,"Skillone,skilltwo",Illustrative Mathematics Class 3 Chapter 2 Test Paper Generator,1
CBSE,Class 3,Mathematics,Illustrative Mathematics,Chapter 2- Addition,,,Short Answer Questions (QPG),"When adding 746 and 389, which digit is regrouped from the tens place to the hundreds place? Also show the addition.",N/A,,,,,,Other,Hard,Test Learning Outcome 1,"Skillone,skilltwo",Illustrative Mathematics Class 3 Chapter 2 Test Paper Generator,1
CBSE,Class 3,Mathematics,Illustrative Mathematics,Chapter 2- Addition,,,Short Answer Questions (QPG),Add the smallest 2-digit number to the greatest 3-digit number.,N/A,,,,,,Other,Hard,Test Learning Outcome 1,"Skillone,skilltwo",Illustrative Mathematics Class 3 Chapter 2 Test Paper Generator,1
CBSE,Class 3,Mathematics,Illustrative Mathematics,Chapter 2- Addition,,,Long Answer Questions (QPG),       The school ordered 367 new books for the library and 158 sets of pencils. How many items did they order in total?,N/A,,,,,,Other,Hard,Test Learning Outcome 1,"Skillone,skilltwo",Illustrative Mathematics Class 3 Chapter 2 Test Paper Generator,1
CBSE,Class 3,Mathematics,Illustrative Mathematics,Chapter 2- Addition,,,Long Answer Questions (QPG),"       A construction site received 4,689 bricks and 3,215 bags of cement. How many construction materials were delivered to the site?",N/A,,,,,,Other,Hard,Test Learning Outcome 1,"Skillone,skilltwo",Illustrative Mathematics Class 3 Chapter 2 Test Paper Generator,1
CBSE,Class 3,Mathematics,Illustrative Mathematics,Chapter 2- Addition,,,Long Answer Questions (QPG),"       A farmer harvested 2,548 kilograms of apples and 1,367 kilograms of oranges. How many kilograms of fruits did the farmer harvest in total?",N/A,,,,,,Other,Hard,Test Learning Outcome 1,"Skillone,skilltwo",Illustrative Mathematics Class 3 Chapter 2 Test Paper Generator,1
CBSE,Class 3,Mathematics,Illustrative Mathematics,Chapter 3- Subtraction,,,Multiple Choice Question (QPG) Test Paper,       What is the result of 85 - 47?,      38,      42,      38,       48,      52,,Other,Hard,Test Learning Outcome 1,"Skillone,skilltwo",Illustrative Mathematics Class 3 Chapter 3 Test Paper Generator,1
CBSE,Class 3,Mathematics,Illustrative Mathematics,Chapter 3- Subtraction,,,Multiple Choice Question (QPG) Test Paper,"       When subtracting 326 from 498, what is the digit in the units place of the difference?",      2,      2,      4,       6,      8,,Other,Hard,Test Learning Outcome 1,"Skillone,skilltwo",Illustrative Mathematics Class 3 Chapter 3 Test Paper Generator,1
CBSE,Class 3,Mathematics,Illustrative Mathematics,Chapter 3- Subtraction,,,Multiple Choice Question (QPG) Test Paper,"       In the subtraction 547 - 298, which digit is regrouped from the tens place to the hundreds place?",      5,      5,      2,       4,      1,,Other,Hard,Test Learning Outcome 1,"Skillone,skilltwo",Illustrative Mathematics Class 3 Chapter 3 Test Paper Generator,1
CBSE,Class 3,Mathematics,Illustrative Mathematics,Chapter 3- Subtraction,,,Multiple Choice Question (QPG) Test Paper,       The subtraction of 782 and 346 is:,      436,      416,      456,       326,      436,,Other,Hard,Test Learning Outcome 1,"Skillone,skilltwo",Illustrative Mathematics Class 3 Chapter 3 Test Paper Generator,1
CBSE,Class 3,Mathematics,Illustrative Mathematics,Chapter 3- Subtraction,,,Multiple Choice Question (QPG) Test Paper,"       When subtracting 538 from 726, what is the digit in the tens place of the difference?",      8,      1,      8,       7,      4,,Other,Hard,Test Learning Outcome 1,"Skillone,skilltwo",Illustrative Mathematics Class 3 Chapter 3 Test Paper Generator,1
CBSE,Class 3,Mathematics,Illustrative Mathematics,Chapter 3- Subtraction,,,Multiple Choice Question (QPG) Test Paper,       What is the result of 812 - 497?,       315,      315,      415,       315,      515,,Other,Hard,Test Learning Outcome 1,"Skillone,skilltwo",Illustrative Mathematics Class 3 Chapter 3 Test Paper Generator,1
CBSE,Class 3,Mathematics,Illustrative Mathematics,Chapter 3- Subtraction,,,Multiple Choice Question (QPG) Test Paper,"       If you subtract 48 from 93, what is the value of the digit in the tens place of the difference?",      4,      0,      4,       5,      1,,Other,Hard,Test Learning Outcome 1,"Skillone,skilltwo",Illustrative Mathematics Class 3 Chapter 3 Test Paper Generator,1
CBSE,Class 3,Mathematics,Illustrative Mathematics,Chapter 3- Subtraction,,,Multiple Choice Question (QPG) Test Paper,"       When subtracting 765 from 932, what is the digit in the hundreds place of the difference?",      1,      1,      2,       3,      4,,Other,Hard,Test Learning Outcome 1,"Skillone,skilltwo",Illustrative Mathematics Class 3 Chapter 3 Test Paper Generator,1
CBSE,Class 3,Mathematics,Illustrative Mathematics,Chapter 3- Subtraction,,,Multiple Choice Question (QPG) Test Paper,"       In the subtraction 842 - 579, which digit is regrouped from the thousands place to the hundreds place?",N/A,      8,      1,       7,      4,,Other,Hard,Test Learning Outcome 1,"Skillone,skilltwo",Illustrative Mathematics Class 3 Chapter 3 Test Paper Generator,1
CBSE,Class 3,Mathematics,Illustrative Mathematics,Chapter 3- Subtraction,,,Multiple Choice Question (QPG) Test Paper,"   The subtraction of 1,245 and 789 is:",      456,      446,      456,       356,      546,,Other,Hard,Test Learning Outcome 1,"Skillone,skilltwo",Illustrative Mathematics Class 3 Chapter 3 Test Paper Generator,1
CBSE,Class 3,Mathematics,Illustrative Mathematics,Chapter 3- Subtraction,,,Very Short Answer Questions (QPG), What is the difference between 84 and 57?,N/A,,,,,,Other,Hard,Test Learning Outcome 1,"Skillone,skilltwo",Illustrative Mathematics Class 3 Chapter 3 Test Paper Generator,1
CBSE,Class 3,Mathematics,Illustrative Mathematics,Chapter 3- Subtraction,,,Very Short Answer Questions (QPG)," If you break the number 92 into tens and ones, what is the result?",N/A,,,,,,Other,Hard,Test Learning Outcome 1,"Skillone,skilltwo",Illustrative Mathematics Class 3 Chapter 3 Test Paper Generator,1
CBSE,Class 3,Mathematics,Illustrative Mathematics,Chapter 3- Subtraction,,,Very Short Answer Questions (QPG)," In the subtraction 427 - 198, what is the digit in the units place of the difference?",N/A,,,,,,Other,Hard,Test Learning Outcome 1,"Skillone,skilltwo",Illustrative Mathematics Class 3 Chapter 3 Test Paper Generator,1
CBSE,Class 3,Mathematics,Illustrative Mathematics,Chapter 3- Subtraction,,,Very Short Answer Questions (QPG)," If you subtract 29 from 63, what is the value of the digit in the tens place of the difference?",N/A,,,,,,Other,Hard,Test Learning Outcome 1,"Skillone,skilltwo",Illustrative Mathematics Class 3 Chapter 3 Test Paper Generator,1
CBSE,Class 3,Mathematics,Illustrative Mathematics,Chapter 3- Subtraction,,,Very Short Answer Questions (QPG)," In the subtraction 736 - 489, what is the digit in the hundreds place of the difference?",N/A,,,,,,Other,Hard,Test Learning Outcome 1,"Skillone,skilltwo",Illustrative Mathematics Class 3 Chapter 3 Test Paper Generator,1
CBSE,Class 3,Mathematics,Illustrative Mathematics,Chapter 3- Subtraction,,,Very Short Answer Questions (QPG), What is the result of 843 - 497?,N/A,,,,,,Other,Hard,Test Learning Outcome 1,"Skillone,skilltwo",Illustrative Mathematics Class 3 Chapter 3 Test Paper Generator,1
CBSE,Class 3,Mathematics,Illustrative Mathematics,Chapter 3- Subtraction,,,Very Short Answer Questions (QPG)," In the subtraction 824 - 367, explain the regrouping that occurs, if any",N/A,,,,,,Other,Hard,Test Learning Outcome 1,"Skillone,skilltwo",Illustrative Mathematics Class 3 Chapter 3 Test Paper Generator,1
CBSE,Class 3,Mathematics,Illustrative Mathematics,Chapter 3- Subtraction,,,Very Short Answer Questions (QPG), What is the difference between 624 and 397?,N/A,,,,,,Other,Hard,Test Learning Outcome 1,"Skillone,skilltwo",Illustrative Mathematics Class 3 Chapter 3 Test Paper Generator,1
CBSE,Class 3,Mathematics,Illustrative Mathematics,Chapter 3- Subtraction,,,Very Short Answer Questions (QPG)," If you subtract 48 from 93, what is the value of the digit in the ones place of the difference?",N/A,,,,,,Other,Hard,Test Learning Outcome 1,"Skillone,skilltwo",Illustrative Mathematics Class 3 Chapter 3 Test Paper Generator,1
CBSE,Class 3,Mathematics,Illustrative Mathematics,Chapter 3- Subtraction,,,Very Short Answer Questions (QPG)," In the subtraction 743 - 598, what is the digit in the tens place of the difference?",N/A,,,,,,Other,Hard,Test Learning Outcome 1,"Skillone,skilltwo",Illustrative Mathematics Class 3 Chapter 3 Test Paper Generator,1
