Board Name,Class Name,Subject Name,Series Name,Chapter Name,Topic Name,Subtopic Name,Question Type,Question,Answer,Option1,Option2,Option3,Option4,Explanation,Question Weight(optional),Difficulty Level,Learning Outcomes(optional),"Skills(optional if any seprate with comma ,)","Tags(optional if any seprate with comma ,)","Status(1==active,0=Inactive)"
CBSE,Class 3,Integrated Subjects,Rosemary,Semester 1 : Social Studies,Chapter 1 The Earth - Our Home,,Multiple Choice Question (QPG) Test Paper,What did people in the past believe about the shape of the Earth?,It is flat,It is round like a ball,It is flat,It is square,It is triangular,,Other,Hard,Test Learning Outcome 1,"Skillone,skilltwo",Rosemary Class 3 Semester 1 : Social Studies Chapter 1 The Earth - Our Home Multiple Choice Question (QPG) Test Paper 1,1
CBSE,Class 3,Integrated Subjects,Rosemary,Semester 1 : Social Studies,Chapter 1 The Earth - Our Home,,Multiple Choice Question (QPG) Test Paper,Who started a long journey in 1519 to prove that the Earth is round?,Ferdinand Magellan,Christopher Columbus,Ferdinand Magellan,Vasco da Gama,Marco Polo,,Other,Hard,Test Learning Outcome 1,"Skillone,skilltwo",Rosemary Class 3 Semester 1 : Social Studies Chapter 1 The Earth - Our Home Multiple Choice Question (QPG) Test Paper 2,1
CBSE,Class 3,Integrated Subjects,Rosemary,Semester 1 : Social Studies,Chapter 1 The Earth - Our Home,,Multiple Choice Question (QPG) Test Paper,What percentage of the Earth's surface is covered by water?,0.71,0.29,0.5,0.71,0.9,,Other,Hard,Test Learning Outcome 1,"Skillone,skilltwo",Rosemary Class 3 Semester 1 : Social Studies Chapter 1 The Earth - Our Home Multiple Choice Question (QPG) Test Paper 3,1
CBSE,Class 3,Integrated Subjects,Rosemary,Semester 1 : Social Studies,Chapter 1 The Earth - Our Home,,Multiple Choice Question (QPG) Test Paper,What makes the sky look blue?,Dust particles and water in the atmosphere,Dust particles and water in the atmosphere,Presence of clouds,Reflection of city lights,The colour of the sun,,Other,Hard,Test Learning Outcome 1,"Skillone,skilltwo",Rosemary Class 3 Semester 1 : Social Studies Chapter 1 The Earth - Our Home Multiple Choice Question (QPG) Test Paper 4,1
CBSE,Class 3,Integrated Subjects,Rosemary,Semester 1 : Social Studies,Chapter 1 The Earth - Our Home,,Multiple Choice Question (QPG) Test Paper,What is the meeting point of the sky and the Earth when observed from a distance?,Horizon,Coast,Valley,Horizon,Plateau,,Other,Hard,Test Learning Outcome 1,"Skillone,skilltwo",Rosemary Class 3 Semester 1 : Social Studies Chapter 1 The Earth - Our Home Multiple Choice Question (QPG) Test Paper 5,1
CBSE,Class 3,Integrated Subjects,Rosemary,Semester 1 : Social Studies,Chapter 1 The Earth - Our Home,,Multiple Choice Question (QPG) Test Paper,In what way is the Earth slightly flattened?,At the top and the bottom,At the sides,At the top and the bottom,In the middle,In a spiral shape,,Other,Hard,Test Learning Outcome 1,"Skillone,skilltwo",Rosemary Class 3 Semester 1 : Social Studies Chapter 1 The Earth - Our Home Multiple Choice Question (QPG) Test Paper 6,1
CBSE,Class 3,Integrated Subjects,Rosemary,Semester 1 : Social Studies,Chapter 1 The Earth - Our Home,,Multiple Choice Question (QPG) Test Paper,Where did the ships return after completing the journey around the Earth?,Spain,Spain,Portugal,England,Italy,,Other,Hard,Test Learning Outcome 1,"Skillone,skilltwo",Rosemary Class 3 Semester 1 : Social Studies Chapter 1 The Earth - Our Home Multiple Choice Question (QPG) Test Paper 7,1
CBSE,Class 3,Integrated Subjects,Rosemary,Semester 1 : Social Studies,Chapter 1 The Earth - Our Home,,Multiple Choice Question (QPG) Test Paper,Who is a sailor?,a person who sails on a ship,a person who operates heavy machinery on land,a person who studies ancient civilizations,a person who designs spacecraft,a person who sails on a ship,,Other,Hard,Test Learning Outcome 1,"Skillone,skilltwo",Rosemary Class 3 Semester 1 : Social Studies Chapter 1 The Earth - Our Home Multiple Choice Question (QPG) Test Paper 8,1
CBSE,Class 3,Integrated Subjects,Rosemary,Semester 1 : Social Studies,Chapter 1 The Earth - Our Home,,Multiple Choice Question (QPG) Test Paper,"Assertion: The sky and the Earth seem to meet at the horizon.
Reason: This meeting is an optical illusion, and in reality, the sky and Earth never physically meet.","Both Assertion and Reason are true, and Reason is the correct explanation for the Assertion. The sky and the Earth seem to meet at the horizon due to the way our eyes perceive the space around us. This meeting is indeed an optical illusion, and in reality, the sky and Earth never physically meet. The curvature of the Earth and the way light travels contribute to this visual effect.","Both Assertion and Reason are true, and Reason is the correct explanation for the Assertion","Both Assertion and Reason are true, and Reason is the correct explanation for the Assertion","Assertion is true, but Reason is false",Both Assertion and Reason are false,,Other,Hard,Test Learning Outcome 1,"Skillone,skilltwo",Rosemary Class 3 Semester 1 : Social Studies Chapter 1 The Earth - Our Home Multiple Choice Question (QPG) Test Paper 9,1
CBSE,Class 3,Integrated Subjects,Rosemary,Semester 1 : Social Studies,Chapter 1 The Earth - Our Home,,Multiple Choice Question (QPG) Test Paper,"Assertion: The atmosphere surrounding the Earth is essential for the survival of all living beings.
Reason: The atmosphere is composed of gases, providing air that is necessary for humans, animals, and plants to live.","Both Assertion and Reason are true, and Reason is the correct explanation for the Assertion. The atmosphere surrounding the Earth is indeed essential for the survival of all living beings. The atmosphere is composed of gases, including oxygen, which is vital for humans, animals, and plants to live.","Both Assertion and Reason are true, and Reason is the correct explanation for the Assertion","Both Assertion and Reason are true, but Reason is not the correct explanation for the Assertion","Assertion is true, but Reason is false",Both Assertion and Reason are false,,Other,Hard,Test Learning Outcome 1,"Skillone,skilltwo",Rosemary Class 3 Semester 1 : Social Studies Chapter 1 The Earth - Our Home Multiple Choice Question (QPG) Test Paper 10,1
CBSE,Class 3,Integrated Subjects,Rosemary,Semester 1 : Social Studies,Chapter 1 The Earth - Our Home,,True or False (QPG),People in the past believed the Earth was flat,N\A,,,,,,Other,Hard,Test Learning Outcome 1,"Skillone,skilltwo",Rosemary Class 3 Semester 1 : Social Studies Chapter 1 The Earth - Our Home True or False (QPG) 1,1
CBSE,Class 3,Integrated Subjects,Rosemary,Semester 1 : Social Studies,Chapter 1 The Earth - Our Home,,True or False (QPG),Coastal areas are areas found inland,N\A,,,,,,Other,Hard,Test Learning Outcome 1,"Skillone,skilltwo",Rosemary Class 3 Semester 1 : Social Studies Chapter 1 The Earth - Our Home True or False (QPG) 2,1
CBSE,Class 3,Integrated Subjects,Rosemary,Semester 1 : Social Studies,Chapter 1 The Earth - Our Home,,True or False (QPG),"The sky has colour, and it is red during the day",N\A,,,,,,Other,Hard,Test Learning Outcome 1,"Skillone,skilltwo",Rosemary Class 3 Semester 1 : Social Studies Chapter 1 The Earth - Our Home True or False (QPG) 3,1
CBSE,Class 3,Integrated Subjects,Rosemary,Semester 1 : Social Studies,Chapter 1 The Earth - Our Home,,True or False (QPG),Only human beings and animals need air to live,N\A,,,,,,Other,Hard,Test Learning Outcome 1,"Skillone,skilltwo",Rosemary Class 3 Semester 1 : Social Studies Chapter 1 The Earth - Our Home True or False (QPG) 4,1
CBSE,Class 3,Integrated Subjects,Rosemary,Semester 1 : Social Studies,Chapter 1 The Earth - Our Home,,True or False (QPG),Ferdinand Magellan's journey took five years to complete,N\A,,,,,,Other,Hard,Test Learning Outcome 1,"Skillone,skilltwo",Rosemary Class 3 Semester 1 : Social Studies Chapter 1 The Earth - Our Home True or False (QPG) 5,1
CBSE,Class 3,Integrated Subjects,Rosemary,Semester 1 : Social Studies,Chapter 1 The Earth - Our Home,,True or False (QPG),The Earth has edges,N\A,,,,,,Other,Hard,Test Learning Outcome 1,"Skillone,skilltwo",Rosemary Class 3 Semester 1 : Social Studies Chapter 1 The Earth - Our Home True or False (QPG) 6,1
CBSE,Class 3,Integrated Subjects,Rosemary,Semester 1 : Social Studies,Chapter 1 The Earth - Our Home,,True or False (QPG),Astronauts brought back pictures of the Earth from space,N\A,,,,,,Other,Hard,Test Learning Outcome 1,"Skillone,skilltwo",Rosemary Class 3 Semester 1 : Social Studies Chapter 1 The Earth - Our Home True or False (QPG) 7,1
CBSE,Class 3,Integrated Subjects,Rosemary,Semester 1 : Social Studies,Chapter 1 The Earth - Our Home,,True or False (QPG),The water surface and the sky meet at a distant point,N\A,,,,,,Other,Hard,Test Learning Outcome 1,"Skillone,skilltwo",Rosemary Class 3 Semester 1 : Social Studies Chapter 1 The Earth - Our Home True or False (QPG) 8,1
CBSE,Class 3,Integrated Subjects,Rosemary,Semester 1 : Social Studies,Chapter 1 The Earth - Our Home,,True or False (QPG),Ferdinand Magellan was a Spanish sailor,N\A,,,,,,Other,Hard,Test Learning Outcome 1,"Skillone,skilltwo",Rosemary Class 3 Semester 1 : Social Studies Chapter 1 The Earth - Our Home True or False (QPG) 9,1
CBSE,Class 3,Integrated Subjects,Rosemary,Semester 1 : Social Studies,Chapter 1 The Earth - Our Home,,True or False (QPG),Atmosphere is made up of only two types of gases,N\A,,,,,,Other,Hard,Test Learning Outcome 1,"Skillone,skilltwo",Rosemary Class 3 Semester 1 : Social Studies Chapter 1 The Earth - Our Home True or False (QPG) 10,1
CBSE,Class 3,Integrated Subjects,Rosemary,Semester 1 : Social Studies,Chapter 1 The Earth - Our Home,,Fill in the blank (QPG),The Earth's atmosphere extends upwards for about __________ Km,N\A,,,,,,Other,Hard,Test Learning Outcome 1,"Skillone,skilltwo",Rosemary Class 3 Semester 1 : Social Studies Chapter 1 The Earth - Our Home Fill in the blank (QPG) 1,1
CBSE,Class 3,Integrated Subjects,Rosemary,Semester 1 : Social Studies,Chapter 1 The Earth - Our Home,,Fill in the blank (QPG),The place where land and sea meet is called __________,N\A,,,,,,Other,Hard,Test Learning Outcome 1,"Skillone,skilltwo",Rosemary Class 3 Semester 1 : Social Studies Chapter 1 The Earth - Our Home Fill in the blank (QPG) 2,1
CBSE,Class 3,Integrated Subjects,Rosemary,Semester 1 : Social Studies,Chapter 1 The Earth - Our Home,,Fill in the blank (QPG),Coastal areas are areas found along the __________,N\A,,,,,,Other,Hard,Test Learning Outcome 1,"Skillone,skilltwo",Rosemary Class 3 Semester 1 : Social Studies Chapter 1 The Earth - Our Home Fill in the blank (QPG) 3,1
CBSE,Class 3,Integrated Subjects,Rosemary,Semester 1 : Social Studies,Chapter 1 The Earth - Our Home,,Fill in the blank (QPG),The sky looks blue because of ______________ scattering sunlight,N\A,,,,,,Other,Hard,Test Learning Outcome 1,"Skillone,skilltwo",Rosemary Class 3 Semester 1 : Social Studies Chapter 1 The Earth - Our Home Fill in the blank (QPG) 4,1
CBSE,Class 3,Integrated Subjects,Rosemary,Semester 1 : Social Studies,Chapter 1 The Earth - Our Home,,Fill in the blank (QPG),Ferdinand Magellan started his journey with ______________ships and many sailors,N\A,,,,,,Other,Hard,Test Learning Outcome 1,"Skillone,skilltwo",Rosemary Class 3 Semester 1 : Social Studies Chapter 1 The Earth - Our Home Fill in the blank (QPG) 5,1
CBSE,Class 3,Integrated Subjects,Rosemary,Semester 1 : Social Studies,Chapter 1 The Earth - Our Home,,Fill in the blank (QPG),______________ is an area of high flat land,N\A,,,,,,Other,Hard,Test Learning Outcome 1,"Skillone,skilltwo",Rosemary Class 3 Semester 1 : Social Studies Chapter 1 The Earth - Our Home Fill in the blank (QPG) 6,1
CBSE,Class 3,Integrated Subjects,Rosemary,Semester 1 : Social Studies,Chapter 1 The Earth - Our Home,,Fill in the blank (QPG),"Astronauts brought back pictures of the Earth from __________, confirming its round shape",N\A,,,,,,Other,Hard,Test Learning Outcome 1,"Skillone,skilltwo",Rosemary Class 3 Semester 1 : Social Studies Chapter 1 The Earth - Our Home Fill in the blank (QPG) 7,1
CBSE,Class 3,Integrated Subjects,Rosemary,Semester 1 : Social Studies,Chapter 1 The Earth - Our Home,,Fill in the blank (QPG),Coastal areas are regions where __________ and __________ meet,N\A,,,,,,Other,Hard,Test Learning Outcome 1,"Skillone,skilltwo",Rosemary Class 3 Semester 1 : Social Studies Chapter 1 The Earth - Our Home Fill in the blank (QPG) 8,1
CBSE,Class 3,Integrated Subjects,Rosemary,Semester 1 : Social Studies,Chapter 1 The Earth - Our Home,,Fill in the blank (QPG),"The layer of air surrounding the Earth, known as the __________, is essential for all living beings",N\A,,,,,,Other,Hard,Test Learning Outcome 1,"Skillone,skilltwo",Rosemary Class 3 Semester 1 : Social Studies Chapter 1 The Earth - Our Home Fill in the blank (QPG) 9,1
CBSE,Class 3,Integrated Subjects,Rosemary,Semester 1 : Social Studies,Chapter 1 The Earth - Our Home,,Fill in the blank (QPG),People residing in areas where land and sea meet often live in regions known as __________,N\A,,,,,,Other,Hard,Test Learning Outcome 1,"Skillone,skilltwo",Rosemary Class 3 Semester 1 : Social Studies Chapter 1 The Earth - Our Home Fill in the blank (QPG) 10,1
CBSE,Class 3,Integrated Subjects,Rosemary,Semester 1 : Social Studies,Chapter 1 The Earth - Our Home,,Very Short Answer Questions (QPG),What is the Earth compared to in terms of its shape?,N\A,,,,,,Other,Hard,Test Learning Outcome 1,"Skillone,skilltwo",Rosemary Class 3 Semester 1 : Social Studies Chapter 1 The Earth - Our Home Very Short Answer Questions (QPG) 1,1
CBSE,Class 3,Integrated Subjects,Rosemary,Semester 1 : Social Studies,Chapter 1 The Earth - Our Home,,Very Short Answer Questions (QPG),"Is the Earth completely round, or does it have some variations in shape?",N\A,,,,,,Other,Hard,Test Learning Outcome 1,"Skillone,skilltwo",Rosemary Class 3 Semester 1 : Social Studies Chapter 1 The Earth - Our Home Very Short Answer Questions (QPG) 2,1
CBSE,Class 3,Integrated Subjects,Rosemary,Semester 1 : Social Studies,Chapter 1 The Earth - Our Home,,Very Short Answer Questions (QPG),What kind of journey did Ferdinand Magellan take?,N\A,,,,,,Other,Hard,Test Learning Outcome 1,"Skillone,skilltwo",Rosemary Class 3 Semester 1 : Social Studies Chapter 1 The Earth - Our Home Very Short Answer Questions (QPG) 3,1
CBSE,Class 3,Integrated Subjects,Rosemary,Semester 1 : Social Studies,Chapter 1 The Earth - Our Home,,Very Short Answer Questions (QPG),Where is water found on the Earth's surface?,N\A,,,,,,Other,Hard,Test Learning Outcome 1,"Skillone,skilltwo",Rosemary Class 3 Semester 1 : Social Studies Chapter 1 The Earth - Our Home Very Short Answer Questions (QPG) 4,1
CBSE,Class 3,Integrated Subjects,Rosemary,Semester 1 : Social Studies,Chapter 1 The Earth - Our Home,,Very Short Answer Questions (QPG),What are some examples of land features found in the Earth's land portion?,N\A,,,,,,Other,Hard,Test Learning Outcome 1,"Skillone,skilltwo",Rosemary Class 3 Semester 1 : Social Studies Chapter 1 The Earth - Our Home Very Short Answer Questions (QPG) 5,1
CBSE,Class 3,Integrated Subjects,Rosemary,Semester 1 : Social Studies,Chapter 1 The Earth - Our Home,,Very Short Answer Questions (QPG),What is the layer of air surrounding the Earth called?,N\A,,,,,,Other,Hard,Test Learning Outcome 1,"Skillone,skilltwo",Rosemary Class 3 Semester 1 : Social Studies Chapter 1 The Earth - Our Home Very Short Answer Questions (QPG) 6,1
CBSE,Class 3,Integrated Subjects,Rosemary,Semester 1 : Social Studies,Chapter 1 The Earth - Our Home,,Very Short Answer Questions (QPG),What is the Earth's atmosphere made up of?,N\A,,,,,,Other,Hard,Test Learning Outcome 1,"Skillone,skilltwo",Rosemary Class 3 Semester 1 : Social Studies Chapter 1 The Earth - Our Home Very Short Answer Questions (QPG) 7,1
CBSE,Class 3,Integrated Subjects,Rosemary,Semester 1 : Social Studies,Chapter 1 The Earth - Our Home,,Very Short Answer Questions (QPG),What is the meeting point of the sky and the Earth called?,N\A,,,,,,Other,Hard,Test Learning Outcome 1,"Skillone,skilltwo",Rosemary Class 3 Semester 1 : Social Studies Chapter 1 The Earth - Our Home Very Short Answer Questions (QPG) 8,1
CBSE,Class 3,Integrated Subjects,Rosemary,Semester 1 : Social Studies,Chapter 1 The Earth - Our Home,,Very Short Answer Questions (QPG),Do the Earth and the sky physically meet at the horizon?,N\A,,,,,,Other,Hard,Test Learning Outcome 1,"Skillone,skilltwo",Rosemary Class 3 Semester 1 : Social Studies Chapter 1 The Earth - Our Home Very Short Answer Questions (QPG) 9,1
CBSE,Class 3,Integrated Subjects,Rosemary,Semester 1 : Social Studies,Chapter 1 The Earth - Our Home,,Very Short Answer Questions (QPG),What percentage of the Earth's surface is land?,N\A,,,,,,Other,Hard,Test Learning Outcome 1,"Skillone,skilltwo",Rosemary Class 3 Semester 1 : Social Studies Chapter 1 The Earth - Our Home Very Short Answer Questions (QPG) 10,1
CBSE,Class 3,Integrated Subjects,Rosemary,Semester 1 : Social Studies,Chapter 1 The Earth - Our Home,,Short Answer Questions (QPG),"Why do human beings, animals, and plants need air to live?",N\A,,,,,,Other,Hard,Test Learning Outcome 1,"Skillone,skilltwo",Rosemary Class 3 Semester 1 : Social Studies Chapter 1 The Earth - Our Home Short Answer Questions (QPG) 1,1
CBSE,Class 3,Integrated Subjects,Rosemary,Semester 1 : Social Studies,Chapter 1 The Earth - Our Home,,Short Answer Questions (QPG),What did the journey of Ferdinand Magellan reveal about the Earth's edges?,N\A,,,,,,Other,Hard,Test Learning Outcome 1,"Skillone,skilltwo",Rosemary Class 3 Semester 1 : Social Studies Chapter 1 The Earth - Our Home Short Answer Questions (QPG) 2,1
CBSE,Class 3,Integrated Subjects,Rosemary,Semester 1 : Social Studies,Chapter 1 The Earth - Our Home,,Short Answer Questions (QPG),How did astronauts later confirm the shape of the Earth?,N\A,,,,,,Other,Hard,Test Learning Outcome 1,"Skillone,skilltwo",Rosemary Class 3 Semester 1 : Social Studies Chapter 1 The Earth - Our Home Short Answer Questions (QPG) 3,1
CBSE,Class 3,Integrated Subjects,Rosemary,Semester 1 : Social Studies,Chapter 1 The Earth - Our Home,,Short Answer Questions (QPG),"What is the Earth slightly flattened at, and where does it bulge?",N\A,,,,,,Other,Hard,Test Learning Outcome 1,"Skillone,skilltwo",Rosemary Class 3 Semester 1 : Social Studies Chapter 1 The Earth - Our Home Short Answer Questions (QPG) 4,1
CBSE,Class 3,Integrated Subjects,Rosemary,Semester 1 : Social Studies,Chapter 1 The Earth - Our Home,,Short Answer Questions (QPG),"If you could sail around the Earth like Magellan, what would you bring with you?",N\A,,,,,,Other,Hard,Test Learning Outcome 1,"Skillone,skilltwo",Rosemary Class 3 Semester 1 : Social Studies Chapter 1 The Earth - Our Home Short Answer Questions (QPG) 5,1
CBSE,Class 3,Integrated Subjects,Rosemary,Semester 1 : Social Studies,Chapter 1 The Earth - Our Home,,Short Answer Questions (QPG),How high does the Earth's atmosphere extend?,N\A,,,,,,Other,Hard,Test Learning Outcome 1,"Skillone,skilltwo",Rosemary Class 3 Semester 1 : Social Studies Chapter 1 The Earth - Our Home Short Answer Questions (QPG) 6,1
CBSE,Class 3,Integrated Subjects,Rosemary,Semester 1 : Social Studies,Chapter 1 The Earth - Our Home,,Short Answer Questions (QPG),What does the sky look like from space?,N\A,,,,,,Other,Hard,Test Learning Outcome 1,"Skillone,skilltwo",Rosemary Class 3 Semester 1 : Social Studies Chapter 1 The Earth - Our Home Short Answer Questions (QPG) 7,1
CBSE,Class 3,Integrated Subjects,Rosemary,Semester 1 : Social Studies,Chapter 1 The Earth - Our Home,,Short Answer Questions (QPG),"When we stand on the coast and look towards the sea, what do we see?",N\A,,,,,,Other,Hard,Test Learning Outcome 1,"Skillone,skilltwo",Rosemary Class 3 Semester 1 : Social Studies Chapter 1 The Earth - Our Home Short Answer Questions (QPG) 8,1
CBSE,Class 3,Integrated Subjects,Rosemary,Semester 1 : Social Studies,Chapter 1 The Earth - Our Home,,Short Answer Questions (QPG),"Where did Magellan and his crew start their journey, and where did they end up?",N\A,,,,,,Other,Hard,Test Learning Outcome 1,"Skillone,skilltwo",Rosemary Class 3 Semester 1 : Social Studies Chapter 1 The Earth - Our Home Short Answer Questions (QPG) 9,1
CBSE,Class 3,Integrated Subjects,Rosemary,Semester 1 : Social Studies,Chapter 1 The Earth - Our Home,,Short Answer Questions (QPG),What does the sky look like from space?,N\A,,,,,,Other,Hard,Test Learning Outcome 1,"Skillone,skilltwo",Rosemary Class 3 Semester 1 : Social Studies Chapter 1 The Earth - Our Home Short Answer Questions (QPG) 10,1
CBSE,Class 3,Integrated Subjects,Rosemary,Semester 1 : Social Studies,Chapter 1 The Earth - Our Home,,Long Answer Questions (QPG),Explain why the sky and Earth appear to meet at the horizon when viewed from a great distance,N\A,,,,,,Other,Hard,Test Learning Outcome 1,"Skillone,skilltwo",Rosemary Class 3 Semester 1 : Social Studies Chapter 1 The Earth - Our Home Long Answer Questions (QPG) 1,1
CBSE,Class 3,Integrated Subjects,Rosemary,Semester 1 : Social Studies,Chapter 1 The Earth - Our Home,,Long Answer Questions (QPG),How did Magellan's journey impact the understanding of the Earth's shape?,N\A,,,,,,Other,Hard,Test Learning Outcome 1,"Skillone,skilltwo",Rosemary Class 3 Semester 1 : Social Studies Chapter 1 The Earth - Our Home Long Answer Questions (QPG) 2,1
CBSE,Class 3,Integrated Subjects,Rosemary,Semester 1 : Social Studies,Chapter 1 The Earth - Our Home,,Long Answer Questions (QPG),How do dust particles and water in the atmosphere contribute to the color of the sky?,N\A,,,,,,Other,Hard,Test Learning Outcome 1,"Skillone,skilltwo",Rosemary Class 3 Semester 1 : Social Studies Chapter 1 The Earth - Our Home Long Answer Questions (QPG) 3,1
CBSE,Class 3,Integrated Subjects,Rosemary,Semester 1 : Social Studies,Chapter 1 The Earth - Our Home,,Long Answer Questions (QPG),What are some fun activities you can do on the coast? List our any five,N\A,,,,,,Other,Hard,Test Learning Outcome 1,"Skillone,skilltwo",Rosemary Class 3 Semester 1 : Social Studies Chapter 1 The Earth - Our Home Long Answer Questions (QPG) 4,1
CBSE,Class 3,Integrated Subjects,Rosemary,Semester 1 : Social Studies,Chapter 1 The Earth - Our Home,,Long Answer Questions (QPG),Why do many people choose to live on the coast?,N\A,,,,,,Other,Hard,Test Learning Outcome 1,"Skillone,skilltwo",Rosemary Class 3 Semester 1 : Social Studies Chapter 1 The Earth - Our Home Long Answer Questions (QPG) 5,1
CBSE,Class 3,Integrated Subjects,Rosemary,Semester 1 : Social Studies,Chapter 1 The Earth - Our Home,,Long Answer Questions (QPG),How do dust particles and water in the atmosphere contribute to the color of the sky?,N\A,,,,,,Other,Hard,Test Learning Outcome 1,"Skillone,skilltwo",Rosemary Class 3 Semester 1 : Social Studies Chapter 1 The Earth - Our Home Long Answer Questions (QPG) 6,1
CBSE,Class 3,Integrated Subjects,Rosemary,Semester 1 : Social Studies,Chapter 1 The Earth - Our Home,,Long Answer Questions (QPG),"Define the horizon and explain why the Earth and the sky, when observed from a distance, appear to meet",N\A,,,,,,Other,Hard,Test Learning Outcome 1,"Skillone,skilltwo",Rosemary Class 3 Semester 1 : Social Studies Chapter 1 The Earth - Our Home Long Answer Questions (QPG) 7,1
CBSE,Class 3,Integrated Subjects,Rosemary,Semester 1 : Social Studies,Chapter 1 The Earth - Our Home,,Long Answer Questions (QPG),"If you could visit any coastal area in the world, where would you go and why?",N\A,,,,,,Other,Hard,Test Learning Outcome 1,"Skillone,skilltwo",Rosemary Class 3 Semester 1 : Social Studies Chapter 1 The Earth - Our Home Long Answer Questions (QPG) 8,1
CBSE,Class 3,Integrated Subjects,Rosemary,Semester 1 : Social Studies,Chapter 1 The Earth - Our Home,,Long Answer Questions (QPG),"Why is air important for all living things, including you?",N\A,,,,,,Other,Hard,Test Learning Outcome 1,"Skillone,skilltwo",Rosemary Class 3 Semester 1 : Social Studies Chapter 1 The Earth - Our Home Long Answer Questions (QPG) 9,1
CBSE,Class 3,Integrated Subjects,Rosemary,Semester 1 : Social Studies,Chapter 1 The Earth - Our Home,,Long Answer Questions (QPG),Can you think of other objects in nature that have a round shape? What are some everyday things that are shaped like a ball?,N\A,,,,,,Other,Hard,Test Learning Outcome 1,"Skillone,skilltwo",Rosemary Class 3 Semester 1 : Social Studies Chapter 1 The Earth - Our Home Long Answer Questions (QPG) 10,1
CBSE,Class 3,Integrated Subjects,Rosemary,Semester 1 : Social Studies,Chapter 2 How Our Earth Looks,,Multiple Choice Question (QPG) Test Paper,What is the largest ocean in the world?,The Pacific Ocean,The Pacific Ocean,The Atlantic Ocean,The Indian Ocean,The Arctic Ocean,,Other,Hard,Test Learning Outcome 1,"Skillone,skilltwo",Rosemary Class 3 Semester 1 : Social Studies Chapter 2 How Our Earth Looks Multiple Choice Question (QPG) Test Paper 1,1
CBSE,Class 3,Integrated Subjects,Rosemary,Semester 1 : Social Studies,Chapter 2 How Our Earth Looks,,Multiple Choice Question (QPG) Test Paper,Which of the following is NOT a continent?,Greenland,Asia,Africa,Antarctica,Greenland,,Other,Hard,Test Learning Outcome 1,"Skillone,skilltwo",Rosemary Class 3 Semester 1 : Social Studies Chapter 2 How Our Earth Looks Multiple Choice Question (QPG) Test Paper 2,1
CBSE,Class 3,Integrated Subjects,Rosemary,Semester 1 : Social Studies,Chapter 2 How Our Earth Looks,,Multiple Choice Question (QPG) Test Paper,What can you use to see the details of a small country on a globe?,A magnifying glass,Your eyes,A magnifying glass,A book,A drawing,,Other,Hard,Test Learning Outcome 1,"Skillone,skilltwo",Rosemary Class 3 Semester 1 : Social Studies Chapter 2 How Our Earth Looks Multiple Choice Question (QPG) Test Paper 3,1
CBSE,Class 3,Integrated Subjects,Rosemary,Semester 1 : Social Studies,Chapter 2 How Our Earth Looks,,Multiple Choice Question (QPG) Test Paper,What shows the large areas of land on the Earth?,Continents,Oceans,Mountains,Continents,Rivers,,Other,Hard,Test Learning Outcome 1,"Skillone,skilltwo",Rosemary Class 3 Semester 1 : Social Studies Chapter 2 How Our Earth Looks Multiple Choice Question (QPG) Test Paper 4,1
CBSE,Class 3,Integrated Subjects,Rosemary,Semester 1 : Social Studies,Chapter 2 How Our Earth Looks,,Multiple Choice Question (QPG) Test Paper,What do we use to see the details of countries on Earth?,Map,Globe,Map,Stand,Book,,Other,Hard,Test Learning Outcome 1,"Skillone,skilltwo",Rosemary Class 3 Semester 1 : Social Studies Chapter 2 How Our Earth Looks Multiple Choice Question (QPG) Test Paper 5,1
CBSE,Class 3,Integrated Subjects,Rosemary,Semester 1 : Social Studies,Chapter 2 How Our Earth Looks,,Multiple Choice Question (QPG) Test Paper,How many oceans are there in the world?,5,3,5,7,10,,Other,Hard,Test Learning Outcome 1,"Skillone,skilltwo",Rosemary Class 3 Semester 1 : Social Studies Chapter 2 How Our Earth Looks Multiple Choice Question (QPG) Test Paper 6,1
CBSE,Class 3,Integrated Subjects,Rosemary,Semester 1 : Social Studies,Chapter 2 How Our Earth Looks,,Multiple Choice Question (QPG) Test Paper,How many continents are there on Earth?,7,5,7,9,11,,Other,Hard,Test Learning Outcome 1,"Skillone,skilltwo",Rosemary Class 3 Semester 1 : Social Studies Chapter 2 How Our Earth Looks Multiple Choice Question (QPG) Test Paper 7,1
CBSE,Class 3,Integrated Subjects,Rosemary,Semester 1 : Social Studies,Chapter 2 How Our Earth Looks,,Multiple Choice Question (QPG) Test Paper,What is usually used to mount a globe?,Plastic stand,Wooden base,Metal rod,Plastic stand,Glass surface,,Other,Hard,Test Learning Outcome 1,"Skillone,skilltwo",Rosemary Class 3 Semester 1 : Social Studies Chapter 2 How Our Earth Looks Multiple Choice Question (QPG) Test Paper 8,1
CBSE,Class 3,Integrated Subjects,Rosemary,Semester 1 : Social Studies,Chapter 2 How Our Earth Looks,,Multiple Choice Question (QPG) Test Paper,"Assertion: Continents are the large landmasses on Earth. 
Reason: There are seven oceans in the world.","Both A and R are true, but R doesn't explain A. Continents are indeed the large landmasses on Earth, and there are seven continents, not oceans. The reason given doesn't correctly explain the assertion.","Both A and R are true, but R doesn't explain A","Both A and R are true, and R explains A","A is true, but R is false","A is false, but R is true",,Other,Hard,Test Learning Outcome 1,"Skillone,skilltwo",Rosemary Class 3 Semester 1 : Social Studies Chapter 2 How Our Earth Looks Multiple Choice Question (QPG) Test Paper 9,1
CBSE,Class 3,Integrated Subjects,Rosemary,Semester 1 : Social Studies,Chapter 2 How Our Earth Looks,,Multiple Choice Question (QPG) Test Paper,"Assertion: We can turn a globe easily. 
Reason: It has a metal rod through its center.","Both A and R are true, and R explains A. The metal rod acts as a pivot point, allowing the globe to spin smoothly around its axis.","Both A and R are true, and R explains A","Both A and R are true, but R doesn't explain A","A is true, but R is false","A is false, but R is true",,Other,Hard,Test Learning Outcome 1,"Skillone,skilltwo",Rosemary Class 3 Semester 1 : Social Studies Chapter 2 How Our Earth Looks Multiple Choice Question (QPG) Test Paper 10,1
CBSE,Class 3,Integrated Subjects,Rosemary,Semester 1 : Social Studies,Chapter 2 How Our Earth Looks,,True or False (QPG),The Earth is so small that we can see its entire surface at once,N\A,,,,,,Other,Hard,Test Learning Outcome 1,"Skillone,skilltwo",Rosemary Class 3 Semester 1 : Social Studies Chapter 2 How Our Earth Looks True or False (QPG) 1,1
CBSE,Class 3,Integrated Subjects,Rosemary,Semester 1 : Social Studies,Chapter 2 How Our Earth Looks,,True or False (QPG),A globe is a tiny picture of the Earth,N\A,,,,,,Other,Hard,Test Learning Outcome 1,"Skillone,skilltwo",Rosemary Class 3 Semester 1 : Social Studies Chapter 2 How Our Earth Looks True or False (QPG) 2,1
CBSE,Class 3,Integrated Subjects,Rosemary,Semester 1 : Social Studies,Chapter 2 How Our Earth Looks,,True or False (QPG),We can spin a globe easily because it has a metal stick through its center,N\A,,,,,,Other,Hard,Test Learning Outcome 1,"Skillone,skilltwo",Rosemary Class 3 Semester 1 : Social Studies Chapter 2 How Our Earth Looks True or False (QPG) 3,1
CBSE,Class 3,Integrated Subjects,Rosemary,Semester 1 : Social Studies,Chapter 2 How Our Earth Looks,,True or False (QPG),There are six continents on Earth,N\A,,,,,,Other,Hard,Test Learning Outcome 1,"Skillone,skilltwo",Rosemary Class 3 Semester 1 : Social Studies Chapter 2 How Our Earth Looks True or False (QPG) 4,1
CBSE,Class 3,Integrated Subjects,Rosemary,Semester 1 : Social Studies,Chapter 2 How Our Earth Looks,,True or False (QPG),Oceans cover 91% of the Earth's surface,N\A,,,,,,Other,Hard,Test Learning Outcome 1,"Skillone,skilltwo",Rosemary Class 3 Semester 1 : Social Studies Chapter 2 How Our Earth Looks True or False (QPG) 5,1
CBSE,Class 3,Integrated Subjects,Rosemary,Semester 1 : Social Studies,Chapter 2 How Our Earth Looks,,True or False (QPG),Most of the Earth's surface is covered with land,N\A,,,,,,Other,Hard,Test Learning Outcome 1,"Skillone,skilltwo",Rosemary Class 3 Semester 1 : Social Studies Chapter 2 How Our Earth Looks True or False (QPG) 6,1
CBSE,Class 3,Integrated Subjects,Rosemary,Semester 1 : Social Studies,Chapter 2 How Our Earth Looks,,True or False (QPG),Maps can be folded and carried in our pockets,N\A,,,,,,Other,Hard,Test Learning Outcome 1,"Skillone,skilltwo",Rosemary Class 3 Semester 1 : Social Studies Chapter 2 How Our Earth Looks True or False (QPG) 7,1
CBSE,Class 3,Integrated Subjects,Rosemary,Semester 1 : Social Studies,Chapter 2 How Our Earth Looks,,True or False (QPG),The top of a map always points North,N\A,,,,,,Other,Hard,Test Learning Outcome 1,"Skillone,skilltwo",Rosemary Class 3 Semester 1 : Social Studies Chapter 2 How Our Earth Looks True or False (QPG) 8,1
CBSE,Class 3,Integrated Subjects,Rosemary,Semester 1 : Social Studies,Chapter 2 How Our Earth Looks,,True or False (QPG),Antarctica is the only continent completely covered in ice,N\A,,,,,,Other,Hard,Test Learning Outcome 1,"Skillone,skilltwo",Rosemary Class 3 Semester 1 : Social Studies Chapter 2 How Our Earth Looks True or False (QPG) 9,1
CBSE,Class 3,Integrated Subjects,Rosemary,Semester 1 : Social Studies,Chapter 2 How Our Earth Looks,,True or False (QPG),Maps are three-dimensional representations of the Earth's surface,N\A,,,,,,Other,Hard,Test Learning Outcome 1,"Skillone,skilltwo",Rosemary Class 3 Semester 1 : Social Studies Chapter 2 How Our Earth Looks True or False (QPG) 10,1
CBSE,Class 3,Integrated Subjects,Rosemary,Semester 1 : Social Studies,Chapter 2 How Our Earth Looks,,Fill in the blank (QPG),"A metal rod passes through the center of the globe, allowing it to easily __________",N\A,,,,,,Other,Hard,Test Learning Outcome 1,"Skillone,skilltwo",Rosemary Class 3 Semester 1 : Social Studies Chapter 2 How Our Earth Looks Fill in the blank (QPG) 1,1
CBSE,Class 3,Integrated Subjects,Rosemary,Semester 1 : Social Studies,Chapter 2 How Our Earth Looks,,Fill in the blank (QPG),Maps are drawings of the Earth on a __________ surface,N\A,,,,,,Other,Hard,Test Learning Outcome 1,"Skillone,skilltwo",Rosemary Class 3 Semester 1 : Social Studies Chapter 2 How Our Earth Looks Fill in the blank (QPG) 2,1
CBSE,Class 3,Integrated Subjects,Rosemary,Semester 1 : Social Studies,Chapter 2 How Our Earth Looks,,Fill in the blank (QPG),"Small maps can be pasted in books, folded, and kept in our __________",N\A,,,,,,Other,Hard,Test Learning Outcome 1,"Skillone,skilltwo",Rosemary Class 3 Semester 1 : Social Studies Chapter 2 How Our Earth Looks Fill in the blank (QPG) 3,1
CBSE,Class 3,Integrated Subjects,Rosemary,Semester 1 : Social Studies,Chapter 2 How Our Earth Looks,,Fill in the blank (QPG),The blue part on the globe represents the __________ on Earth,N\A,,,,,,Other,Hard,Test Learning Outcome 1,"Skillone,skilltwo",Rosemary Class 3 Semester 1 : Social Studies Chapter 2 How Our Earth Looks Fill in the blank (QPG) 4,1
CBSE,Class 3,Integrated Subjects,Rosemary,Semester 1 : Social Studies,Chapter 2 How Our Earth Looks,,Fill in the blank (QPG),The remaining 29% of the Earth is covered with __________,N\A,,,,,,Other,Hard,Test Learning Outcome 1,"Skillone,skilltwo",Rosemary Class 3 Semester 1 : Social Studies Chapter 2 How Our Earth Looks Fill in the blank (QPG) 5,1
CBSE,Class 3,Integrated Subjects,Rosemary,Semester 1 : Social Studies,Chapter 2 How Our Earth Looks,,Fill in the blank (QPG),Maps help us see the details of different __________ on Earth,N\A,,,,,,Other,Hard,Test Learning Outcome 1,"Skillone,skilltwo",Rosemary Class 3 Semester 1 : Social Studies Chapter 2 How Our Earth Looks Fill in the blank (QPG) 6,1
CBSE,Class 3,Integrated Subjects,Rosemary,Semester 1 : Social Studies,Chapter 2 How Our Earth Looks,,Fill in the blank (QPG),We cannot see the whole Earth because it is very __________,N\A,,,,,,Other,Hard,Test Learning Outcome 1,"Skillone,skilltwo",Rosemary Class 3 Semester 1 : Social Studies Chapter 2 How Our Earth Looks Fill in the blank (QPG) 7,1
CBSE,Class 3,Integrated Subjects,Rosemary,Semester 1 : Social Studies,Chapter 2 How Our Earth Looks,,Fill in the blank (QPG),"To see the details of countries, we use a ______________",N\A,,,,,,Other,Hard,Test Learning Outcome 1,"Skillone,skilltwo",Rosemary Class 3 Semester 1 : Social Studies Chapter 2 How Our Earth Looks Fill in the blank (QPG) 8,1
CBSE,Class 3,Integrated Subjects,Rosemary,Semester 1 : Social Studies,Chapter 2 How Our Earth Looks,,Fill in the blank (QPG),Large water bodies on Earth are called _____________,N\A,,,,,,Other,Hard,Test Learning Outcome 1,"Skillone,skilltwo",Rosemary Class 3 Semester 1 : Social Studies Chapter 2 How Our Earth Looks Fill in the blank (QPG) 9,1
CBSE,Class 3,Integrated Subjects,Rosemary,Semester 1 : Social Studies,Chapter 2 How Our Earth Looks,,Fill in the blank (QPG),Large areas of land on Earth are called ____________,N\A,,,,,,Other,Hard,Test Learning Outcome 1,"Skillone,skilltwo",Rosemary Class 3 Semester 1 : Social Studies Chapter 2 How Our Earth Looks Fill in the blank (QPG) 10,1
CBSE,Class 3,Integrated Subjects,Rosemary,Semester 1 : Social Studies,Chapter 2 How Our Earth Looks,,Very Short Answer Questions (QPG),Which colour commonly represents North on a map?,N\A,,,,,,Other,Hard,Test Learning Outcome 1,"Skillone,skilltwo",Rosemary Class 3 Semester 1 : Social Studies Chapter 2 How Our Earth Looks Very Short Answer Questions (QPG) 1,1
CBSE,Class 3,Integrated Subjects,Rosemary,Semester 1 : Social Studies,Chapter 2 How Our Earth Looks,,Very Short Answer Questions (QPG),Can you name one of the seven continents?,N\A,,,,,,Other,Hard,Test Learning Outcome 1,"Skillone,skilltwo",Rosemary Class 3 Semester 1 : Social Studies Chapter 2 How Our Earth Looks Very Short Answer Questions (QPG) 2,1
CBSE,Class 3,Integrated Subjects,Rosemary,Semester 1 : Social Studies,Chapter 2 How Our Earth Looks,,Very Short Answer Questions (QPG),What does a globe show on its surface?,N\A,,,,,,Other,Hard,Test Learning Outcome 1,"Skillone,skilltwo",Rosemary Class 3 Semester 1 : Social Studies Chapter 2 How Our Earth Looks Very Short Answer Questions (QPG) 3,1
CBSE,Class 3,Integrated Subjects,Rosemary,Semester 1 : Social Studies,Chapter 2 How Our Earth Looks,,Very Short Answer Questions (QPG),What is a drawing of the whole or a part of the Earth on a flat surface called?,N\A,,,,,,Other,Hard,Test Learning Outcome 1,"Skillone,skilltwo",Rosemary Class 3 Semester 1 : Social Studies Chapter 2 How Our Earth Looks Very Short Answer Questions (QPG) 4,1
CBSE,Class 3,Integrated Subjects,Rosemary,Semester 1 : Social Studies,Chapter 2 How Our Earth Looks,,Very Short Answer Questions (QPG),Can you see the entire Earth at once?,N\A,,,,,,Other,Hard,Test Learning Outcome 1,"Skillone,skilltwo",Rosemary Class 3 Semester 1 : Social Studies Chapter 2 How Our Earth Looks Very Short Answer Questions (QPG) 5,1
CBSE,Class 3,Integrated Subjects,Rosemary,Semester 1 : Social Studies,Chapter 2 How Our Earth Looks,,Very Short Answer Questions (QPG),What is the Earth like in size?,N\A,,,,,,Other,Hard,Test Learning Outcome 1,"Skillone,skilltwo",Rosemary Class 3 Semester 1 : Social Studies Chapter 2 How Our Earth Looks Very Short Answer Questions (QPG) 6,1
CBSE,Class 3,Integrated Subjects,Rosemary,Semester 1 : Social Studies,Chapter 2 How Our Earth Looks,,Very Short Answer Questions (QPG),What is another name for a model of the Earth?,N\A,,,,,,Other,Hard,Test Learning Outcome 1,"Skillone,skilltwo",Rosemary Class 3 Semester 1 : Social Studies Chapter 2 How Our Earth Looks Very Short Answer Questions (QPG) 7,1
CBSE,Class 3,Integrated Subjects,Rosemary,Semester 1 : Social Studies,Chapter 2 How Our Earth Looks,,Very Short Answer Questions (QPG),Which is the smallest continent?,N\A,,,,,,Other,Hard,Test Learning Outcome 1,"Skillone,skilltwo",Rosemary Class 3 Semester 1 : Social Studies Chapter 2 How Our Earth Looks Very Short Answer Questions (QPG) 8,1
CBSE,Class 3,Integrated Subjects,Rosemary,Semester 1 : Social Studies,Chapter 2 How Our Earth Looks,,Very Short Answer Questions (QPG),How many cardinal directions are used on maps?,N\A,,,,,,Other,Hard,Test Learning Outcome 1,"Skillone,skilltwo",Rosemary Class 3 Semester 1 : Social Studies Chapter 2 How Our Earth Looks Very Short Answer Questions (QPG) 9,1
CBSE,Class 3,Integrated Subjects,Rosemary,Semester 1 : Social Studies,Chapter 2 How Our Earth Looks,,Very Short Answer Questions (QPG),What are the large water bodies on Earth called?,N\A,,,,,,Other,Hard,Test Learning Outcome 1,"Skillone,skilltwo",Rosemary Class 3 Semester 1 : Social Studies Chapter 2 How Our Earth Looks Very Short Answer Questions (QPG) 10,1
CBSE,Class 3,Integrated Subjects,Rosemary,Semester 1 : Social Studies,Chapter 2 How Our Earth Looks,,Short Answer Questions (QPG),Why do we use maps?,N\A,,,,,,Other,Hard,Test Learning Outcome 1,"Skillone,skilltwo",Rosemary Class 3 Semester 1 : Social Studies Chapter 2 How Our Earth Looks Short Answer Questions (QPG) 1,1
CBSE,Class 3,Integrated Subjects,Rosemary,Semester 1 : Social Studies,Chapter 2 How Our Earth Looks,,Short Answer Questions (QPG),How is a globe shaped?,N\A,,,,,,Other,Hard,Test Learning Outcome 1,"Skillone,skilltwo",Rosemary Class 3 Semester 1 : Social Studies Chapter 2 How Our Earth Looks Short Answer Questions (QPG) 2,1
CBSE,Class 3,Integrated Subjects,Rosemary,Semester 1 : Social Studies,Chapter 2 How Our Earth Looks,,Short Answer Questions (QPG),What are some different types of maps?,N\A,,,,,,Other,Hard,Test Learning Outcome 1,"Skillone,skilltwo",Rosemary Class 3 Semester 1 : Social Studies Chapter 2 How Our Earth Looks Short Answer Questions (QPG) 3,1
CBSE,Class 3,Integrated Subjects,Rosemary,Semester 1 : Social Studies,Chapter 2 How Our Earth Looks,,Short Answer Questions (QPG),Can you spin a globe?,N\A,,,,,,Other,Hard,Test Learning Outcome 1,"Skillone,skilltwo",Rosemary Class 3 Semester 1 : Social Studies Chapter 2 How Our Earth Looks Short Answer Questions (QPG) 4,1
CBSE,Class 3,Integrated Subjects,Rosemary,Semester 1 : Social Studies,Chapter 2 How Our Earth Looks,,Short Answer Questions (QPG),Where can small maps be pasted?,N\A,,,,,,Other,Hard,Test Learning Outcome 1,"Skillone,skilltwo",Rosemary Class 3 Semester 1 : Social Studies Chapter 2 How Our Earth Looks Short Answer Questions (QPG) 5,1
CBSE,Class 3,Integrated Subjects,Rosemary,Semester 1 : Social Studies,Chapter 2 How Our Earth Looks,,Short Answer Questions (QPG),What do continents represent on the globe?,N\A,,,,,,Other,Hard,Test Learning Outcome 1,"Skillone,skilltwo",Rosemary Class 3 Semester 1 : Social Studies Chapter 2 How Our Earth Looks Short Answer Questions (QPG) 6,1
CBSE,Class 3,Integrated Subjects,Rosemary,Semester 1 : Social Studies,Chapter 2 How Our Earth Looks,,Short Answer Questions (QPG),What tool can help us find North on a map or in real life?,N\A,,,,,,Other,Hard,Test Learning Outcome 1,"Skillone,skilltwo",Rosemary Class 3 Semester 1 : Social Studies Chapter 2 How Our Earth Looks Short Answer Questions (QPG) 7,1
CBSE,Class 3,Integrated Subjects,Rosemary,Semester 1 : Social Studies,Chapter 2 How Our Earth Looks,,Short Answer Questions (QPG),"What is to the right on the map, and what is to the left?",N\A,,,,,,Other,Hard,Test Learning Outcome 1,"Skillone,skilltwo",Rosemary Class 3 Semester 1 : Social Studies Chapter 2 How Our Earth Looks Short Answer Questions (QPG) 8,1
CBSE,Class 3,Integrated Subjects,Rosemary,Semester 1 : Social Studies,Chapter 2 How Our Earth Looks,,Short Answer Questions (QPG),What does the bottom part of the map signify?,N\A,,,,,,Other,Hard,Test Learning Outcome 1,"Skillone,skilltwo",Rosemary Class 3 Semester 1 : Social Studies Chapter 2 How Our Earth Looks Short Answer Questions (QPG) 9,1
CBSE,Class 3,Integrated Subjects,Rosemary,Semester 1 : Social Studies,Chapter 2 How Our Earth Looks,,Short Answer Questions (QPG),What does the compass needle always point to?,N\A,,,,,,Other,Hard,Test Learning Outcome 1,"Skillone,skilltwo",Rosemary Class 3 Semester 1 : Social Studies Chapter 2 How Our Earth Looks Short Answer Questions (QPG) 10,1
CBSE,Class 3,Integrated Subjects,Rosemary,Semester 1 : Social Studies,Chapter 2 How Our Earth Looks,,Long Answer Questions (QPG),Why is it difficult to see the details of every country on the globe?,N\A,,,,,,Other,Hard,Test Learning Outcome 1,"Skillone,skilltwo",Rosemary Class 3 Semester 1 : Social Studies Chapter 2 How Our Earth Looks Long Answer Questions (QPG) 1,1
CBSE,Class 3,Integrated Subjects,Rosemary,Semester 1 : Social Studies,Chapter 2 How Our Earth Looks,,Long Answer Questions (QPG),"Can you explain what East, West, North, and South mean on a map and why they are important?",N\A,,,,,,Other,Hard,Test Learning Outcome 1,"Skillone,skilltwo",Rosemary Class 3 Semester 1 : Social Studies Chapter 2 How Our Earth Looks Long Answer Questions (QPG) 2,1
CBSE,Class 3,Integrated Subjects,Rosemary,Semester 1 : Social Studies,Chapter 2 How Our Earth Looks,,Long Answer Questions (QPG),What is the difference between a compass and a map in terms of their function and usefulness for finding directions?,N\A,,,,,,Other,Hard,Test Learning Outcome 1,"Skillone,skilltwo",Rosemary Class 3 Semester 1 : Social Studies Chapter 2 How Our Earth Looks Long Answer Questions (QPG) 3,1
CBSE,Class 3,Integrated Subjects,Rosemary,Semester 1 : Social Studies,Chapter 2 How Our Earth Looks,,Long Answer Questions (QPG),Can you give examples of how knowing directions on a map can help you in your everyday life?,N\A,,,,,,Other,Hard,Test Learning Outcome 1,"Skillone,skilltwo",Rosemary Class 3 Semester 1 : Social Studies Chapter 2 How Our Earth Looks Long Answer Questions (QPG) 4,1
CBSE,Class 3,Integrated Subjects,Rosemary,Semester 1 : Social Studies,Chapter 2 How Our Earth Looks,,Long Answer Questions (QPG),Discuss the role of a compass in helping people navigate through different terrains,N\A,,,,,,Other,Hard,Test Learning Outcome 1,"Skillone,skilltwo",Rosemary Class 3 Semester 1 : Social Studies Chapter 2 How Our Earth Looks Long Answer Questions (QPG) 5,1
CBSE,Class 3,Integrated Subjects,Rosemary,Semester 1 : Social Studies,Chapter 2 How Our Earth Looks,,Long Answer Questions (QPG),How is a map different from a globe?,N\A,,,,,,Other,Hard,Test Learning Outcome 1,"Skillone,skilltwo",Rosemary Class 3 Semester 1 : Social Studies Chapter 2 How Our Earth Looks Long Answer Questions (QPG) 6,1
CBSE,Class 3,Integrated Subjects,Rosemary,Semester 1 : Social Studies,Chapter 2 How Our Earth Looks,,Long Answer Questions (QPG),Write down the distribution of water and land on the Earth's surface. Include information about oceans and continents and their proportions,N\A,,,,,,Other,Hard,Test Learning Outcome 1,"Skillone,skilltwo",Rosemary Class 3 Semester 1 : Social Studies Chapter 2 How Our Earth Looks Long Answer Questions (QPG) 7,1
CBSE,Class 3,Integrated Subjects,Rosemary,Semester 1 : Social Studies,Chapter 2 How Our Earth Looks,,Long Answer Questions (QPG),"Besides places on the Earth, what other information can you find on a map?",N\A,,,,,,Other,Hard,Test Learning Outcome 1,"Skillone,skilltwo",Rosemary Class 3 Semester 1 : Social Studies Chapter 2 How Our Earth Looks Long Answer Questions (QPG) 8,1
CBSE,Class 3,Integrated Subjects,Rosemary,Semester 1 : Social Studies,Chapter 2 How Our Earth Looks,,Long Answer Questions (QPG),"What are continents, and why are they shown on a globe?",N\A,,,,,,Other,Hard,Test Learning Outcome 1,"Skillone,skilltwo",Rosemary Class 3 Semester 1 : Social Studies Chapter 2 How Our Earth Looks Long Answer Questions (QPG) 9,1
CBSE,Class 3,Integrated Subjects,Rosemary,Semester 1 : Social Studies,Chapter 2 How Our Earth Looks,,Long Answer Questions (QPG),"What is an atlas, and why is it called a book of maps? What else can you find in an atlas?",N\A,,,,,,Other,Hard,Test Learning Outcome 1,"Skillone,skilltwo",Rosemary Class 3 Semester 1 : Social Studies Chapter 2 How Our Earth Looks Long Answer Questions (QPG) 10,1
CBSE,Class 3,Integrated Subjects,Rosemary,Semester 1 : Social Studies,Chapter 3 Our Country India,,Multiple Choice Question (QPG) Test Paper,Which river is not mentioned as flowing through the Northern Plains?,Godavari,Ganga,Yamuna,Brahmaputra,Godavari,,Other,Hard,Test Learning Outcome 1,"Skillone,skilltwo",Rosemary Class 3 Semester 1 : Social Studies Chapter 3 Our Country India Multiple Choice Question (QPG) Test Paper 1,1
CBSE,Class 3,Integrated Subjects,Rosemary,Semester 1 : Social Studies,Chapter 3 Our Country India,,Multiple Choice Question (QPG) Test Paper,What is the name of the desert in the north-western part of India?,Thar Desert,Sahara Desert,Gobi Desert,Thar Desert,Kalahari Desert,,Other,Hard,Test Learning Outcome 1,"Skillone,skilltwo",Rosemary Class 3 Semester 1 : Social Studies Chapter 3 Our Country India Multiple Choice Question (QPG) Test Paper 2,1
CBSE,Class 3,Integrated Subjects,Rosemary,Semester 1 : Social Studies,Chapter 3 Our Country India,,Multiple Choice Question (QPG) Test Paper,What is the term for a large area of land having very little water and few plants?,Desert,Plateau,Desert,Peninsula,Plain,,Other,Hard,Test Learning Outcome 1,"Skillone,skilltwo",Rosemary Class 3 Semester 1 : Social Studies Chapter 3 Our Country India Multiple Choice Question (QPG) Test Paper 3,1
CBSE,Class 3,Integrated Subjects,Rosemary,Semester 1 : Social Studies,Chapter 3 Our Country India,,Multiple Choice Question (QPG) Test Paper,Which factor contributes to different climates in different parts of India?,"Presence of mountains, rivers, and forests",Presence of islands,Presence of plains,"Presence of mountains, rivers, and forests",Presence of plateaus,,Other,Hard,Test Learning Outcome 1,"Skillone,skilltwo",Rosemary Class 3 Semester 1 : Social Studies Chapter 3 Our Country India Multiple Choice Question (QPG) Test Paper 4,1
CBSE,Class 3,Integrated Subjects,Rosemary,Semester 1 : Social Studies,Chapter 3 Our Country India,,Multiple Choice Question (QPG) Test Paper,"Which mountain range has some of the highest mountains in the world, including Mount Everest?",Himalayan Range,Rocky Mountains,Andes Mountains,Himalayan Range,Alps Mountain Range,,Other,Hard,Test Learning Outcome 1,"Skillone,skilltwo",Rosemary Class 3 Semester 1 : Social Studies Chapter 3 Our Country India Multiple Choice Question (QPG) Test Paper 5,1
CBSE,Class 3,Integrated Subjects,Rosemary,Semester 1 : Social Studies,Chapter 3 Our Country India,,Multiple Choice Question (QPG) Test Paper,How many states are there in India?,28,26,28,29,27,,Other,Hard,Test Learning Outcome 1,"Skillone,skilltwo",Rosemary Class 3 Semester 1 : Social Studies Chapter 3 Our Country India Multiple Choice Question (QPG) Test Paper 6,1
CBSE,Class 3,Integrated Subjects,Rosemary,Semester 1 : Social Studies,Chapter 3 Our Country India,,Multiple Choice Question (QPG) Test Paper,Hyderabad is the capital of which state?,Telangana,Telangana,Andhra Pradesh,Arunachal Pradesh,Tamil Nadu,,Other,Hard,Test Learning Outcome 1,"Skillone,skilltwo",Rosemary Class 3 Semester 1 : Social Studies Chapter 3 Our Country India Multiple Choice Question (QPG) Test Paper 7,1
CBSE,Class 3,Integrated Subjects,Rosemary,Semester 1 : Social Studies,Chapter 3 Our Country India,,Multiple Choice Question (QPG) Test Paper,What is the term for land surrounded by water on three sides?,Peninsula,Peninsula,Island,Coast,Mountain Range,,Other,Hard,Test Learning Outcome 1,"Skillone,skilltwo",Rosemary Class 3 Semester 1 : Social Studies Chapter 3 Our Country India Multiple Choice Question (QPG) Test Paper 8,1
CBSE,Class 3,Integrated Subjects,Rosemary,Semester 1 : Social Studies,Chapter 3 Our Country India,,Multiple Choice Question (QPG) Test Paper,"Assertion: Coastal plains in India are low-lying flat lands.
Reason: Coastal plains are found along the Eastern and Western Coasts of India.","Both Assertion and Reason are true, and Reason is the correct explanation of Assertion. Coastal plains in India are indeed low-lying flat lands, and they are found along both the Eastern and Western Coasts.","Both Assertion and Reason are true, and Reason is the correct explanation of Assertion","Both Assertion and Reason are true, but Reason is not the correct explanation of Assertion","Assertion is true, but Reason is false","Assertion is false, but Reason is true.",,Other,Hard,Test Learning Outcome 1,"Skillone,skilltwo",Rosemary Class 3 Semester 1 : Social Studies Chapter 3 Our Country India Multiple Choice Question (QPG) Test Paper 9,1
CBSE,Class 3,Integrated Subjects,Rosemary,Semester 1 : Social Studies,Chapter 3 Our Country India,,Multiple Choice Question (QPG) Test Paper,"Assertion: The Southern Plateaus of India cover the largest part of the country.
Reason: The land in the Southern Plateaus is rocky and less fertile than the plains.","Both Assertion and Reason are true, but Reason is not the correct explanation of Assertion. While the Southern Plateaus of India cover a significant part of the country and are rocky, the assertion and reason are not directly related.","Both Assertion and Reason are true, and Reason is the correct explanation of Assertion","Both Assertion and Reason are true, but Reason is not the correct explanation of Assertion.","Assertion is true, but Reason is false","Assertion is false, but Reason is true.",,Other,Hard,Test Learning Outcome 1,"Skillone,skilltwo",Rosemary Class 3 Semester 1 : Social Studies Chapter 3 Our Country India Multiple Choice Question (QPG) Test Paper 10,1
CBSE,Class 3,Integrated Subjects,Rosemary,Semester 1 : Social Studies,Chapter 3 Our Country India,,True or False (QPG),India is the largest country in the world,N\A,,,,,,Other,Hard,Test Learning Outcome 1,"Skillone,skilltwo",Rosemary Class 3 Semester 1 : Social Studies Chapter 3 Our Country India True or False (QPG) 1,1
CBSE,Class 3,Integrated Subjects,Rosemary,Semester 1 : Social Studies,Chapter 3 Our Country India,,True or False (QPG),The Great Himalayan Range is located in southern India,N\A,,,,,,Other,Hard,Test Learning Outcome 1,"Skillone,skilltwo",Rosemary Class 3 Semester 1 : Social Studies Chapter 3 Our Country India True or False (QPG) 2,1
CBSE,Class 3,Integrated Subjects,Rosemary,Semester 1 : Social Studies,Chapter 3 Our Country India,,True or False (QPG),The Southern Plateaus of India are more fertile than the plains,N\A,,,,,,Other,Hard,Test Learning Outcome 1,"Skillone,skilltwo",Rosemary Class 3 Semester 1 : Social Studies Chapter 3 Our Country India True or False (QPG) 3,1
CBSE,Class 3,Integrated Subjects,Rosemary,Semester 1 : Social Studies,Chapter 3 Our Country India,,True or False (QPG),Imphal is a capital of Manipur,N\A,,,,,,Other,Hard,Test Learning Outcome 1,"Skillone,skilltwo",Rosemary Class 3 Semester 1 : Social Studies Chapter 3 Our Country India True or False (QPG) 4,1
CBSE,Class 3,Integrated Subjects,Rosemary,Semester 1 : Social Studies,Chapter 3 Our Country India,,True or False (QPG),Meghalaya is the smallest state in area,N\A,,,,,,Other,Hard,Test Learning Outcome 1,"Skillone,skilltwo",Rosemary Class 3 Semester 1 : Social Studies Chapter 3 Our Country India True or False (QPG) 5,1
CBSE,Class 3,Integrated Subjects,Rosemary,Semester 1 : Social Studies,Chapter 3 Our Country India,,True or False (QPG),Srinagar is the summer capital of Jammu and Kashmir,N\A,,,,,,Other,Hard,Test Learning Outcome 1,"Skillone,skilltwo",Rosemary Class 3 Semester 1 : Social Studies Chapter 3 Our Country India True or False (QPG) 6,1
CBSE,Class 3,Integrated Subjects,Rosemary,Semester 1 : Social Studies,Chapter 3 Our Country India,,True or False (QPG),"Coastal places in India experience extreme temperatures, both very hot and very cold",N\A,,,,,,Other,Hard,Test Learning Outcome 1,"Skillone,skilltwo",Rosemary Class 3 Semester 1 : Social Studies Chapter 3 Our Country India True or False (QPG) 7,1
CBSE,Class 3,Integrated Subjects,Rosemary,Semester 1 : Social Studies,Chapter 3 Our Country India,,True or False (QPG),The Thar Desert in India receives heavy rainfall throughout the year,N\A,,,,,,Other,Hard,Test Learning Outcome 1,"Skillone,skilltwo",Rosemary Class 3 Semester 1 : Social Studies Chapter 3 Our Country India True or False (QPG) 8,1
CBSE,Class 3,Integrated Subjects,Rosemary,Semester 1 : Social Studies,Chapter 3 Our Country India,,True or False (QPG),There are 9 union territories,N\A,,,,,,Other,Hard,Test Learning Outcome 1,"Skillone,skilltwo",Rosemary Class 3 Semester 1 : Social Studies Chapter 3 Our Country India True or False (QPG) 9,1
CBSE,Class 3,Integrated Subjects,Rosemary,Semester 1 : Social Studies,Chapter 3 Our Country India,,True or False (QPG),Coastal Plains are also known as the Southern Plateaus,N\A,,,,,,Other,Hard,Test Learning Outcome 1,"Skillone,skilltwo",Rosemary Class 3 Semester 1 : Social Studies Chapter 3 Our Country India True or False (QPG) 10,1
CBSE,Class 3,Integrated Subjects,Rosemary,Semester 1 : Social Studies,Chapter 3 Our Country India,,Fill in the blank (QPG),The word 'India' is derived from the name of the river __________,N\A,,,,,,Other,Hard,Test Learning Outcome 1,"Skillone,skilltwo",Rosemary Class 3 Semester 1 : Social Studies Chapter 3 Our Country India Fill in the blank (QPG) 1,1
CBSE,Class 3,Integrated Subjects,Rosemary,Semester 1 : Social Studies,Chapter 3 Our Country India,,Fill in the blank (QPG),The Northern Plains of India are also known as the __________,N\A,,,,,,Other,Hard,Test Learning Outcome 1,"Skillone,skilltwo",Rosemary Class 3 Semester 1 : Social Studies Chapter 3 Our Country India Fill in the blank (QPG) 2,1
CBSE,Class 3,Integrated Subjects,Rosemary,Semester 1 : Social Studies,Chapter 3 Our Country India,,Fill in the blank (QPG),Coastal plains are low-lying flat lands found alongside a __________,N\A,,,,,,Other,Hard,Test Learning Outcome 1,"Skillone,skilltwo",Rosemary Class 3 Semester 1 : Social Studies Chapter 3 Our Country India Fill in the blank (QPG) 3,1
CBSE,Class 3,Integrated Subjects,Rosemary,Semester 1 : Social Studies,Chapter 3 Our Country India,,Fill in the blank (QPG),The capital of India is _________,N\A,,,,,,Other,Hard,Test Learning Outcome 1,"Skillone,skilltwo",Rosemary Class 3 Semester 1 : Social Studies Chapter 3 Our Country India Fill in the blank (QPG) 4,1
CBSE,Class 3,Integrated Subjects,Rosemary,Semester 1 : Social Studies,Chapter 3 Our Country India,,Fill in the blank (QPG),The land surrounded by water on three sides is called a _________,N\A,,,,,,Other,Hard,Test Learning Outcome 1,"Skillone,skilltwo",Rosemary Class 3 Semester 1 : Social Studies Chapter 3 Our Country India Fill in the blank (QPG) 5,1
CBSE,Class 3,Integrated Subjects,Rosemary,Semester 1 : Social Studies,Chapter 3 Our Country India,,Fill in the blank (QPG),_____________ is a capital of Madhya Pradesh,N\A,,,,,,Other,Hard,Test Learning Outcome 1,"Skillone,skilltwo",Rosemary Class 3 Semester 1 : Social Studies Chapter 3 Our Country India Fill in the blank (QPG) 6,1
CBSE,Class 3,Integrated Subjects,Rosemary,Semester 1 : Social Studies,Chapter 3 Our Country India,,Fill in the blank (QPG),The Indian Peninsula has the ____________ Sea on the western side,N\A,,,,,,Other,Hard,Test Learning Outcome 1,"Skillone,skilltwo",Rosemary Class 3 Semester 1 : Social Studies Chapter 3 Our Country India Fill in the blank (QPG) 7,1
CBSE,Class 3,Integrated Subjects,Rosemary,Semester 1 : Social Studies,Chapter 3 Our Country India,,Fill in the blank (QPG),The mountains have _____________ climate almost throughout the year,N\A,,,,,,Other,Hard,Test Learning Outcome 1,"Skillone,skilltwo",Rosemary Class 3 Semester 1 : Social Studies Chapter 3 Our Country India Fill in the blank (QPG) 8,1
CBSE,Class 3,Integrated Subjects,Rosemary,Semester 1 : Social Studies,Chapter 3 Our Country India,,Fill in the blank (QPG),Large water bodies on three sides surround the _____________ part of India,N\A,,,,,,Other,Hard,Test Learning Outcome 1,"Skillone,skilltwo",Rosemary Class 3 Semester 1 : Social Studies Chapter 3 Our Country India Fill in the blank (QPG) 9,1
CBSE,Class 3,Integrated Subjects,Rosemary,Semester 1 : Social Studies,Chapter 3 Our Country India,,Fill in the blank (QPG),Kavaratti is the capital of _______________,N\A,,,,,,Other,Hard,Test Learning Outcome 1,"Skillone,skilltwo",Rosemary Class 3 Semester 1 : Social Studies Chapter 3 Our Country India Fill in the blank (QPG) 10,1
CBSE,Class 3,Integrated Subjects,Rosemary,Semester 1 : Social Studies,Chapter 3 Our Country India,,Very Short Answer Questions (QPG),"What is the highest mountain in the world, and where is it located?",N\A,,,,,,Other,Hard,Test Learning Outcome 1,"Skillone,skilltwo",Rosemary Class 3 Semester 1 : Social Studies Chapter 3 Our Country India Very Short Answer Questions (QPG) 1,1
CBSE,Class 3,Integrated Subjects,Rosemary,Semester 1 : Social Studies,Chapter 3 Our Country India,,Very Short Answer Questions (QPG),Which region is characterised by being neither very hot nor very cold and is surrounded by water on three sides?,N\A,,,,,,Other,Hard,Test Learning Outcome 1,"Skillone,skilltwo",Rosemary Class 3 Semester 1 : Social Studies Chapter 3 Our Country India Very Short Answer Questions (QPG) 2,1
CBSE,Class 3,Integrated Subjects,Rosemary,Semester 1 : Social Studies,Chapter 3 Our Country India,,Very Short Answer Questions (QPG),Where are the Andaman and Nicobar Islands located?,N\A,,,,,,Other,Hard,Test Learning Outcome 1,"Skillone,skilltwo",Rosemary Class 3 Semester 1 : Social Studies Chapter 3 Our Country India Very Short Answer Questions (QPG) 3,1
CBSE,Class 3,Integrated Subjects,Rosemary,Semester 1 : Social Studies,Chapter 3 Our Country India,,Very Short Answer Questions (QPG),What are the plains called that lie south of the Himalayas?,N\A,,,,,,Other,Hard,Test Learning Outcome 1,"Skillone,skilltwo",Rosemary Class 3 Semester 1 : Social Studies Chapter 3 Our Country India Very Short Answer Questions (QPG) 4,1
CBSE,Class 3,Integrated Subjects,Rosemary,Semester 1 : Social Studies,Chapter 3 Our Country India,,Very Short Answer Questions (QPG),Which range has some of the highest mountains in the world?,N\A,,,,,,Other,Hard,Test Learning Outcome 1,"Skillone,skilltwo",Rosemary Class 3 Semester 1 : Social Studies Chapter 3 Our Country India Very Short Answer Questions (QPG) 5,1
CBSE,Class 3,Integrated Subjects,Rosemary,Semester 1 : Social Studies,Chapter 3 Our Country India,,Very Short Answer Questions (QPG),Which river rises in the Himalayas?,N\A,,,,,,Other,Hard,Test Learning Outcome 1,"Skillone,skilltwo",Rosemary Class 3 Semester 1 : Social Studies Chapter 3 Our Country India Very Short Answer Questions (QPG) 6,1
CBSE,Class 3,Integrated Subjects,Rosemary,Semester 1 : Social Studies,Chapter 3 Our Country India,,Very Short Answer Questions (QPG),Which state in India has the largest population?,N\A,,,,,,Other,Hard,Test Learning Outcome 1,"Skillone,skilltwo",Rosemary Class 3 Semester 1 : Social Studies Chapter 3 Our Country India Very Short Answer Questions (QPG) 7,1
CBSE,Class 3,Integrated Subjects,Rosemary,Semester 1 : Social Studies,Chapter 3 Our Country India,,Very Short Answer Questions (QPG),What is the Indian Peninsula surrounded by on three sides?,N\A,,,,,,Other,Hard,Test Learning Outcome 1,"Skillone,skilltwo",Rosemary Class 3 Semester 1 : Social Studies Chapter 3 Our Country India Very Short Answer Questions (QPG) 8,1
CBSE,Class 3,Integrated Subjects,Rosemary,Semester 1 : Social Studies,Chapter 3 Our Country India,,Very Short Answer Questions (QPG),What is the height of Mount Everest?,N\A,,,,,,Other,Hard,Test Learning Outcome 1,"Skillone,skilltwo",Rosemary Class 3 Semester 1 : Social Studies Chapter 3 Our Country India Very Short Answer Questions (QPG) 9,1
CBSE,Class 3,Integrated Subjects,Rosemary,Semester 1 : Social Studies,Chapter 3 Our Country India,,Very Short Answer Questions (QPG),Name two coasts in India where coastal plains are located,N\A,,,,,,Other,Hard,Test Learning Outcome 1,"Skillone,skilltwo",Rosemary Class 3 Semester 1 : Social Studies Chapter 3 Our Country India Very Short Answer Questions (QPG) 10,1
CBSE,Class 3,Integrated Subjects,Rosemary,Semester 1 : Social Studies,Chapter 3 Our Country India,,Short Answer Questions (QPG),What are the main physical divisions of India?,N\A,,,,,,Other,Hard,Test Learning Outcome 1,"Skillone,skilltwo",Rosemary Class 3 Semester 1 : Social Studies Chapter 3 Our Country India Short Answer Questions (QPG) 1,1
CBSE,Class 3,Integrated Subjects,Rosemary,Semester 1 : Social Studies,Chapter 3 Our Country India,,Short Answer Questions (QPG),Which river flows through the Deccan Plateau?,N\A,,,,,,Other,Hard,Test Learning Outcome 1,"Skillone,skilltwo",Rosemary Class 3 Semester 1 : Social Studies Chapter 3 Our Country India Short Answer Questions (QPG) 2,1
CBSE,Class 3,Integrated Subjects,Rosemary,Semester 1 : Social Studies,Chapter 3 Our Country India,,Short Answer Questions (QPG),What is the climate like in coastal places in India?,N\A,,,,,,Other,Hard,Test Learning Outcome 1,"Skillone,skilltwo",Rosemary Class 3 Semester 1 : Social Studies Chapter 3 Our Country India Short Answer Questions (QPG) 3,1
CBSE,Class 3,Integrated Subjects,Rosemary,Semester 1 : Social Studies,Chapter 3 Our Country India,,Short Answer Questions (QPG),What is a desert?,N\A,,,,,,Other,Hard,Test Learning Outcome 1,"Skillone,skilltwo",Rosemary Class 3 Semester 1 : Social Studies Chapter 3 Our Country India Short Answer Questions (QPG) 4,1
CBSE,Class 3,Integrated Subjects,Rosemary,Semester 1 : Social Studies,Chapter 3 Our Country India,,Short Answer Questions (QPG),"Name the water bodies on the western, eastern, and southern sides of the Indian Peninsula",N\A,,,,,,Other,Hard,Test Learning Outcome 1,"Skillone,skilltwo",Rosemary Class 3 Semester 1 : Social Studies Chapter 3 Our Country India Short Answer Questions (QPG) 5,1
CBSE,Class 3,Integrated Subjects,Rosemary,Semester 1 : Social Studies,Chapter 3 Our Country India,,Short Answer Questions (QPG),"How does the presence of mountains, rivers, plains, and forests affect India's climate?",N\A,,,,,,Other,Hard,Test Learning Outcome 1,"Skillone,skilltwo",Rosemary Class 3 Semester 1 : Social Studies Chapter 3 Our Country India Short Answer Questions (QPG) 6,1
CBSE,Class 3,Integrated Subjects,Rosemary,Semester 1 : Social Studies,Chapter 3 Our Country India,,Short Answer Questions (QPG),What type of climate does North India experience in summers and winters?,N\A,,,,,,Other,Hard,Test Learning Outcome 1,"Skillone,skilltwo",Rosemary Class 3 Semester 1 : Social Studies Chapter 3 Our Country India Short Answer Questions (QPG) 7,1
CBSE,Class 3,Integrated Subjects,Rosemary,Semester 1 : Social Studies,Chapter 3 Our Country India,,Short Answer Questions (QPG),Is the Southern Plateaus area more fertile than the plains?,N\A,,,,,,Other,Hard,Test Learning Outcome 1,"Skillone,skilltwo",Rosemary Class 3 Semester 1 : Social Studies Chapter 3 Our Country India Short Answer Questions (QPG) 8,1
CBSE,Class 3,Integrated Subjects,Rosemary,Semester 1 : Social Studies,Chapter 3 Our Country India,,Short Answer Questions (QPG),How many oceans surround India?,N\A,,,,,,Other,Hard,Test Learning Outcome 1,"Skillone,skilltwo",Rosemary Class 3 Semester 1 : Social Studies Chapter 3 Our Country India Short Answer Questions (QPG) 9,1
CBSE,Class 3,Integrated Subjects,Rosemary,Semester 1 : Social Studies,Chapter 3 Our Country India,,Short Answer Questions (QPG),What kind of land features are found in coastal plains?,N\A,,,,,,Other,Hard,Test Learning Outcome 1,"Skillone,skilltwo",Rosemary Class 3 Semester 1 : Social Studies Chapter 3 Our Country India Short Answer Questions (QPG) 10,1
CBSE,Class 3,Integrated Subjects,Rosemary,Semester 1 : Social Studies,Chapter 3 Our Country India,,Long Answer Questions (QPG),What are the dimensions of India from north to south and east to west?,N\A,,,,,,Other,Hard,Test Learning Outcome 1,"Skillone,skilltwo",Rosemary Class 3 Semester 1 : Social Studies Chapter 3 Our Country India Long Answer Questions (QPG) 1,1
CBSE,Class 3,Integrated Subjects,Rosemary,Semester 1 : Social Studies,Chapter 3 Our Country India,,Long Answer Questions (QPG),Name the neighbouring countries of India,N\A,,,,,,Other,Hard,Test Learning Outcome 1,"Skillone,skilltwo",Rosemary Class 3 Semester 1 : Social Studies Chapter 3 Our Country India Long Answer Questions (QPG) 2,1
CBSE,Class 3,Integrated Subjects,Rosemary,Semester 1 : Social Studies,Chapter 3 Our Country India,,Long Answer Questions (QPG),"What are coastal plains, and where are they located in India?",N\A,,,,,,Other,Hard,Test Learning Outcome 1,"Skillone,skilltwo",Rosemary Class 3 Semester 1 : Social Studies Chapter 3 Our Country India Long Answer Questions (QPG) 3,1
CBSE,Class 3,Integrated Subjects,Rosemary,Semester 1 : Social Studies,Chapter 3 Our Country India,,Long Answer Questions (QPG),Explain why life is tough in the Thar Desert,N\A,,,,,,Other,Hard,Test Learning Outcome 1,"Skillone,skilltwo",Rosemary Class 3 Semester 1 : Social Studies Chapter 3 Our Country India Long Answer Questions (QPG) 4,1
CBSE,Class 3,Integrated Subjects,Rosemary,Semester 1 : Social Studies,Chapter 3 Our Country India,,Long Answer Questions (QPG),"How do mountains, rivers, plains, and forests contribute to different climates in India?",N\A,,,,,,Other,Hard,Test Learning Outcome 1,"Skillone,skilltwo",Rosemary Class 3 Semester 1 : Social Studies Chapter 3 Our Country India Long Answer Questions (QPG) 5,1
CBSE,Class 3,Integrated Subjects,Rosemary,Semester 1 : Social Studies,Chapter 3 Our Country India,,Long Answer Questions (QPG),How is the climate in coastal places described?,N\A,,,,,,Other,Hard,Test Learning Outcome 1,"Skillone,skilltwo",Rosemary Class 3 Semester 1 : Social Studies Chapter 3 Our Country India Long Answer Questions (QPG) 6,1
CBSE,Class 3,Integrated Subjects,Rosemary,Semester 1 : Social Studies,Chapter 3 Our Country India,,Long Answer Questions (QPG),What is the difference between a plateau and a plain?,N\A,,,,,,Other,Hard,Test Learning Outcome 1,"Skillone,skilltwo",Rosemary Class 3 Semester 1 : Social Studies Chapter 3 Our Country India Long Answer Questions (QPG) 7,1
CBSE,Class 3,Integrated Subjects,Rosemary,Semester 1 : Social Studies,Chapter 3 Our Country India,,Long Answer Questions (QPG),Can you name five states in India and their capitals?,N\A,,,,,,Other,Hard,Test Learning Outcome 1,"Skillone,skilltwo",Rosemary Class 3 Semester 1 : Social Studies Chapter 3 Our Country India Long Answer Questions (QPG) 8,1
CBSE,Class 3,Integrated Subjects,Rosemary,Semester 1 : Social Studies,Chapter 3 Our Country India,,Long Answer Questions (QPG),How do the physical divisions of India impact the lives of people?,N\A,,,,,,Other,Hard,Test Learning Outcome 1,"Skillone,skilltwo",Rosemary Class 3 Semester 1 : Social Studies Chapter 3 Our Country India Long Answer Questions (QPG) 9,1
CBSE,Class 3,Integrated Subjects,Rosemary,Semester 1 : Social Studies,Chapter 3 Our Country India,,Long Answer Questions (QPG),How is the climate in coastal places described?,N\A,,,,,,Other,Hard,Test Learning Outcome 1,"Skillone,skilltwo",Rosemary Class 3 Semester 1 : Social Studies Chapter 3 Our Country India Long Answer Questions (QPG) 10,1
CBSE,Class 3,Integrated Subjects,Rosemary,Semester 1 : Social Studies,Chapter 4 Water-Our Precious Resource,,Multiple Choice Question (QPG) Test Paper,What is the percentage of Earth's surface covered by water?,0.71,0.51,0.61,0.71,0.81,,Other,Hard,Test Learning Outcome 1,"Skillone,skilltwo",Rosemary Class 3 Semester 1 : Social Studies Chapter 4 Water-Our Precious Resource Multiple Choice Question (QPG) Test Paper 1,1
CBSE,Class 3,Integrated Subjects,Rosemary,Semester 1 : Social Studies,Chapter 4 Water-Our Precious Resource,,Multiple Choice Question (QPG) Test Paper,"Which disease can be caused by consuming dirty, polluted water?",Cholera,Common cold,Cholera,Malaria,Headache,,Other,Hard,Test Learning Outcome 1,"Skillone,skilltwo",Rosemary Class 3 Semester 1 : Social Studies Chapter 4 Water-Our Precious Resource Multiple Choice Question (QPG) Test Paper 2,1
CBSE,Class 3,Integrated Subjects,Rosemary,Semester 1 : Social Studies,Chapter 4 Water-Our Precious Resource,,Multiple Choice Question (QPG) Test Paper,What colour is water?,Colourless,Green,Blue,Colourless,Purple,,Other,Hard,Test Learning Outcome 1,"Skillone,skilltwo",Rosemary Class 3 Semester 1 : Social Studies Chapter 4 Water-Our Precious Resource Multiple Choice Question (QPG) Test Paper 3,1
CBSE,Class 3,Integrated Subjects,Rosemary,Semester 1 : Social Studies,Chapter 4 Water-Our Precious Resource,,Multiple Choice Question (QPG) Test Paper,What is odourless?,Water,Water,Trees,Plants,Air,,Other,Hard,Test Learning Outcome 1,"Skillone,skilltwo",Rosemary Class 3 Semester 1 : Social Studies Chapter 4 Water-Our Precious Resource Multiple Choice Question (QPG) Test Paper 4,1
CBSE,Class 3,Integrated Subjects,Rosemary,Semester 1 : Social Studies,Chapter 4 Water-Our Precious Resource,,Multiple Choice Question (QPG) Test Paper,What are the harmful things that make water dirty called?,Pollutants,Cooking,Pollutants,Treasures,Plants,,Other,Hard,Test Learning Outcome 1,"Skillone,skilltwo",Rosemary Class 3 Semester 1 : Social Studies Chapter 4 Water-Our Precious Resource Multiple Choice Question (QPG) Test Paper 5,1
CBSE,Class 3,Integrated Subjects,Rosemary,Semester 1 : Social Studies,Chapter 4 Water-Our Precious Resource,,Multiple Choice Question (QPG) Test Paper,Which of the following is a main source of water?,Rain,Rain,River,handpump,Well,,Other,Hard,Test Learning Outcome 1,"Skillone,skilltwo",Rosemary Class 3 Semester 1 : Social Studies Chapter 4 Water-Our Precious Resource Multiple Choice Question (QPG) Test Paper 6,1
CBSE,Class 3,Integrated Subjects,Rosemary,Semester 1 : Social Studies,Chapter 4 Water-Our Precious Resource,,Multiple Choice Question (QPG) Test Paper,Which of these helps keep water cool in a clay pot?,The porous clay material,The lid,The handle,The porous clay material,The paint,,Other,Hard,Test Learning Outcome 1,"Skillone,skilltwo",Rosemary Class 3 Semester 1 : Social Studies Chapter 4 Water-Our Precious Resource Multiple Choice Question (QPG) Test Paper 7,1
CBSE,Class 3,Integrated Subjects,Rosemary,Semester 1 : Social Studies,Chapter 4 Water-Our Precious Resource,,Multiple Choice Question (QPG) Test Paper,Which activity does NOT contribute to water pollution?,Collecting rainwater,Washing clothes,Bathing animals,Collecting rainwater,Throwing garbage into water bodies,,Other,Hard,Test Learning Outcome 1,"Skillone,skilltwo",Rosemary Class 3 Semester 1 : Social Studies Chapter 4 Water-Our Precious Resource Multiple Choice Question (QPG) Test Paper 8,1
CBSE,Class 3,Integrated Subjects,Rosemary,Semester 1 : Social Studies,Chapter 4 Water-Our Precious Resource,,Multiple Choice Question (QPG) Test Paper,"Assertion: Rainwater is the cleanest water source. 
Reason: It falls directly from the sky and isn't touched by anything dirty.","The assertion is true, but the reason is false. Although rainwater has the potential to be the cleanest water source, it can become contaminated before reaching the ground.","Both assertion and reason are true, and the reason is a correct explanation of the assertion.","Both assertion and reason are true, but the reason is not a correct explanation of the assertion.","The assertion is true, but the reason is false.","The assertion is false, but the reason is true.",,Other,Hard,Test Learning Outcome 1,"Skillone,skilltwo",Rosemary Class 3 Semester 1 : Social Studies Chapter 4 Water-Our Precious Resource Multiple Choice Question (QPG) Test Paper 9,1
CBSE,Class 3,Integrated Subjects,Rosemary,Semester 1 : Social Studies,Chapter 4 Water-Our Precious Resource,,Multiple Choice Question (QPG) Test Paper,"Assertion: We should only drink water from plastic bottles. 
Reason: Bottled water is safe and clean.","The assertion is false, and the reason is false. It's not always safe to drink water only from plastic bottles because the safety depends on different things, like the bottle itself. It's better to think about where the water comes from rather than just the type of bottle.","Both assertion and reason are true, and the reason is a correct explanation of the assertion.","Both assertion and reason are true, but the reason is not a correct explanation of the assertion.","The assertion is false, but the reason is true.","The assertion is false, and the reason is false",,Other,Hard,Test Learning Outcome 1,"Skillone,skilltwo",Rosemary Class 3 Semester 1 : Social Studies Chapter 4 Water-Our Precious Resource Multiple Choice Question (QPG) Test Paper 10,1
CBSE,Class 3,Integrated Subjects,Rosemary,Semester 1 : Social Studies,Chapter 4 Water-Our Precious Resource,,True or False (QPG),Bucket should not be used to store water,N\A,,,,,,Other,Hard,Test Learning Outcome 1,"Skillone,skilltwo",Rosemary Class 3 Semester 1 : Social Studies Chapter 4 Water-Our Precious Resource True or False (QPG) 1,1
CBSE,Class 3,Integrated Subjects,Rosemary,Semester 1 : Social Studies,Chapter 4 Water-Our Precious Resource,,True or False (QPG),Water is essential for life,N\A,,,,,,Other,Hard,Test Learning Outcome 1,"Skillone,skilltwo",Rosemary Class 3 Semester 1 : Social Studies Chapter 4 Water-Our Precious Resource True or False (QPG) 2,1
CBSE,Class 3,Integrated Subjects,Rosemary,Semester 1 : Social Studies,Chapter 4 Water-Our Precious Resource,,True or False (QPG),"We can survive for weeks without food, not just a few days",N\A,,,,,,Other,Hard,Test Learning Outcome 1,"Skillone,skilltwo",Rosemary Class 3 Semester 1 : Social Studies Chapter 4 Water-Our Precious Resource True or False (QPG) 3,1
CBSE,Class 3,Integrated Subjects,Rosemary,Semester 1 : Social Studies,Chapter 4 Water-Our Precious Resource,,True or False (QPG),Human activities like bathing animals do not lead to water pollution,N\A,,,,,,Other,Hard,Test Learning Outcome 1,"Skillone,skilltwo",Rosemary Class 3 Semester 1 : Social Studies Chapter 4 Water-Our Precious Resource True or False (QPG) 4,1
CBSE,Class 3,Integrated Subjects,Rosemary,Semester 1 : Social Studies,Chapter 4 Water-Our Precious Resource,,True or False (QPG),A water jug is a complex utensil for storing water,N\A,,,,,,Other,Hard,Test Learning Outcome 1,"Skillone,skilltwo",Rosemary Class 3 Semester 1 : Social Studies Chapter 4 Water-Our Precious Resource True or False (QPG) 5,1
CBSE,Class 3,Integrated Subjects,Rosemary,Semester 1 : Social Studies,Chapter 4 Water-Our Precious Resource,,True or False (QPG),Water bottles are not ideal for carrying water while traveling,N\A,,,,,,Other,Hard,Test Learning Outcome 1,"Skillone,skilltwo",Rosemary Class 3 Semester 1 : Social Studies Chapter 4 Water-Our Precious Resource True or False (QPG) 6,1
CBSE,Class 3,Integrated Subjects,Rosemary,Semester 1 : Social Studies,Chapter 4 Water-Our Precious Resource,,True or False (QPG),Water pollution does not harm the environment,N\A,,,,,,Other,Hard,Test Learning Outcome 1,"Skillone,skilltwo",Rosemary Class 3 Semester 1 : Social Studies Chapter 4 Water-Our Precious Resource True or False (QPG) 7,1
CBSE,Class 3,Integrated Subjects,Rosemary,Semester 1 : Social Studies,Chapter 4 Water-Our Precious Resource,,True or False (QPG),Rainwater harvesting systems help conserve water,N\A,,,,,,Other,Hard,Test Learning Outcome 1,"Skillone,skilltwo",Rosemary Class 3 Semester 1 : Social Studies Chapter 4 Water-Our Precious Resource True or False (QPG) 8,1
CBSE,Class 3,Integrated Subjects,Rosemary,Semester 1 : Social Studies,Chapter 4 Water-Our Precious Resource,,True or False (QPG),Throwing garbage in water bodies causes pollution,N\A,,,,,,Other,Hard,Test Learning Outcome 1,"Skillone,skilltwo",Rosemary Class 3 Semester 1 : Social Studies Chapter 4 Water-Our Precious Resource True or False (QPG) 9,1
CBSE,Class 3,Integrated Subjects,Rosemary,Semester 1 : Social Studies,Chapter 4 Water-Our Precious Resource,,True or False (QPG),Some rainwater seeps into the ground to become groundwater,N\A,,,,,,Other,Hard,Test Learning Outcome 1,"Skillone,skilltwo",Rosemary Class 3 Semester 1 : Social Studies Chapter 4 Water-Our Precious Resource True or False (QPG) 10,1
CBSE,Class 3,Integrated Subjects,Rosemary,Semester 1 : Social Studies,Chapter 4 Water-Our Precious Resource,,Fill in the blank (QPG),We can survive without _________ for a few days but not without _________,N\A,,,,,,Other,Hard,Test Learning Outcome 1,"Skillone,skilltwo",Rosemary Class 3 Semester 1 : Social Studies Chapter 4 Water-Our Precious Resource Fill in the blank (QPG) 1,1
CBSE,Class 3,Integrated Subjects,Rosemary,Semester 1 : Social Studies,Chapter 4 Water-Our Precious Resource,,Fill in the blank (QPG),Water is a resource that sustains life and connects us to the _________ world around us,N\A,,,,,,Other,Hard,Test Learning Outcome 1,"Skillone,skilltwo",Rosemary Class 3 Semester 1 : Social Studies Chapter 4 Water-Our Precious Resource Fill in the blank (QPG) 2,1
CBSE,Class 3,Integrated Subjects,Rosemary,Semester 1 : Social Studies,Chapter 4 Water-Our Precious Resource,,Fill in the blank (QPG),Some communities collect rainwater from rooftops and store it in large tanks or underground _________,N\A,,,,,,Other,Hard,Test Learning Outcome 1,"Skillone,skilltwo",Rosemary Class 3 Semester 1 : Social Studies Chapter 4 Water-Our Precious Resource Fill in the blank (QPG) 3,1
CBSE,Class 3,Integrated Subjects,Rosemary,Semester 1 : Social Studies,Chapter 4 Water-Our Precious Resource,,Fill in the blank (QPG),______________ an artificial lake where water is stored,N\A,,,,,,Other,Hard,Test Learning Outcome 1,"Skillone,skilltwo",Rosemary Class 3 Semester 1 : Social Studies Chapter 4 Water-Our Precious Resource Fill in the blank (QPG) 4,1
CBSE,Class 3,Integrated Subjects,Rosemary,Semester 1 : Social Studies,Chapter 4 Water-Our Precious Resource,,Fill in the blank (QPG),"Throughout history, people have made various ________________ to store and carry water",N\A,,,,,,Other,Hard,Test Learning Outcome 1,"Skillone,skilltwo",Rosemary Class 3 Semester 1 : Social Studies Chapter 4 Water-Our Precious Resource Fill in the blank (QPG) 5,1
CBSE,Class 3,Integrated Subjects,Rosemary,Semester 1 : Social Studies,Chapter 4 Water-Our Precious Resource,,Fill in the blank (QPG),The _____________ clay material keeps the water cool by allowing it to evaporate through the walls,N\A,,,,,,Other,Hard,Test Learning Outcome 1,"Skillone,skilltwo",Rosemary Class 3 Semester 1 : Social Studies Chapter 4 Water-Our Precious Resource Fill in the blank (QPG) 6,1
CBSE,Class 3,Integrated Subjects,Rosemary,Semester 1 : Social Studies,Chapter 4 Water-Our Precious Resource,,Fill in the blank (QPG),"Without water, life on earth would not be _________",N\A,,,,,,Other,Hard,Test Learning Outcome 1,"Skillone,skilltwo",Rosemary Class 3 Semester 1 : Social Studies Chapter 4 Water-Our Precious Resource Fill in the blank (QPG) 7,1
CBSE,Class 3,Integrated Subjects,Rosemary,Semester 1 : Social Studies,Chapter 4 Water-Our Precious Resource,,Fill in the blank (QPG),Most of the water on earth is in _______________ form,N\A,,,,,,Other,Hard,Test Learning Outcome 1,"Skillone,skilltwo",Rosemary Class 3 Semester 1 : Social Studies Chapter 4 Water-Our Precious Resource Fill in the blank (QPG) 8,1
CBSE,Class 3,Integrated Subjects,Rosemary,Semester 1 : Social Studies,Chapter 4 Water-Our Precious Resource,,Fill in the blank (QPG),______________ is a group of living organisms that live in and interact with each other in a specific environment,N\A,,,,,,Other,Hard,Test Learning Outcome 1,"Skillone,skilltwo",Rosemary Class 3 Semester 1 : Social Studies Chapter 4 Water-Our Precious Resource Fill in the blank (QPG) 9,1
CBSE,Class 3,Integrated Subjects,Rosemary,Semester 1 : Social Studies,Chapter 4 Water-Our Precious Resource,,Fill in the blank (QPG),The supply of water to crops at regular intervals is called _______________,N\A,,,,,,Other,Hard,Test Learning Outcome 1,"Skillone,skilltwo",Rosemary Class 3 Semester 1 : Social Studies Chapter 4 Water-Our Precious Resource Fill in the blank (QPG) 10,1
CBSE,Class 3,Integrated Subjects,Rosemary,Semester 1 : Social Studies,Chapter 4 Water-Our Precious Resource,,Very Short Answer Questions (QPG),What can happen if we drink dirty water?,N\A,,,,,,Other,Hard,Test Learning Outcome 1,"Skillone,skilltwo",Rosemary Class 3 Semester 1 : Social Studies Chapter 4 Water-Our Precious Resource Very Short Answer Questions (QPG) 1,1
CBSE,Class 3,Integrated Subjects,Rosemary,Semester 1 : Social Studies,Chapter 4 Water-Our Precious Resource,,Very Short Answer Questions (QPG),Where is water found on Earth?,N\A,,,,,,Other,Hard,Test Learning Outcome 1,"Skillone,skilltwo",Rosemary Class 3 Semester 1 : Social Studies Chapter 4 Water-Our Precious Resource Very Short Answer Questions (QPG) 2,1
CBSE,Class 3,Integrated Subjects,Rosemary,Semester 1 : Social Studies,Chapter 4 Water-Our Precious Resource,,Very Short Answer Questions (QPG),Name two daily activities which do not need water,N\A,,,,,,Other,Hard,Test Learning Outcome 1,"Skillone,skilltwo",Rosemary Class 3 Semester 1 : Social Studies Chapter 4 Water-Our Precious Resource Very Short Answer Questions (QPG) 3,1
CBSE,Class 3,Integrated Subjects,Rosemary,Semester 1 : Social Studies,Chapter 4 Water-Our Precious Resource,,Very Short Answer Questions (QPG),Name three common utensils used to store water,N\A,,,,,,Other,Hard,Test Learning Outcome 1,"Skillone,skilltwo",Rosemary Class 3 Semester 1 : Social Studies Chapter 4 Water-Our Precious Resource Very Short Answer Questions (QPG) 4,1
CBSE,Class 3,Integrated Subjects,Rosemary,Semester 1 : Social Studies,Chapter 4 Water-Our Precious Resource,,Very Short Answer Questions (QPG),What are some fun things we can do with water?,N\A,,,,,,Other,Hard,Test Learning Outcome 1,"Skillone,skilltwo",Rosemary Class 3 Semester 1 : Social Studies Chapter 4 Water-Our Precious Resource Very Short Answer Questions (QPG) 5,1
CBSE,Class 3,Integrated Subjects,Rosemary,Semester 1 : Social Studies,Chapter 4 Water-Our Precious Resource,,Very Short Answer Questions (QPG),Does water have a smell?,N\A,,,,,,Other,Hard,Test Learning Outcome 1,"Skillone,skilltwo",Rosemary Class 3 Semester 1 : Social Studies Chapter 4 Water-Our Precious Resource Very Short Answer Questions (QPG) 6,1
CBSE,Class 3,Integrated Subjects,Rosemary,Semester 1 : Social Studies,Chapter 4 Water-Our Precious Resource,,Very Short Answer Questions (QPG),Would there be life on Earth without water?,N\A,,,,,,Other,Hard,Test Learning Outcome 1,"Skillone,skilltwo",Rosemary Class 3 Semester 1 : Social Studies Chapter 4 Water-Our Precious Resource Very Short Answer Questions (QPG) 7,1
CBSE,Class 3,Integrated Subjects,Rosemary,Semester 1 : Social Studies,Chapter 4 Water-Our Precious Resource,,Very Short Answer Questions (QPG),In which various forms is water present in our bodies?,N\A,,,,,,Other,Hard,Test Learning Outcome 1,"Skillone,skilltwo",Rosemary Class 3 Semester 1 : Social Studies Chapter 4 Water-Our Precious Resource Very Short Answer Questions (QPG) 8,1
CBSE,Class 3,Integrated Subjects,Rosemary,Semester 1 : Social Studies,Chapter 4 Water-Our Precious Resource,,Very Short Answer Questions (QPG),Name two sources of water except the tap from where we can get water for our daily use,N\A,,,,,,Other,Hard,Test Learning Outcome 1,"Skillone,skilltwo",Rosemary Class 3 Semester 1 : Social Studies Chapter 4 Water-Our Precious Resource Very Short Answer Questions (QPG) 9,1
CBSE,Class 3,Integrated Subjects,Rosemary,Semester 1 : Social Studies,Chapter 4 Water-Our Precious Resource,,Very Short Answer Questions (QPG),Name three common utensils used to store water,N\A,,,,,,Other,Hard,Test Learning Outcome 1,"Skillone,skilltwo",Rosemary Class 3 Semester 1 : Social Studies Chapter 4 Water-Our Precious Resource Very Short Answer Questions (QPG) 10,1
CBSE,Class 3,Integrated Subjects,Rosemary,Semester 1 : Social Studies,Chapter 4 Water-Our Precious Resource,,Short Answer Questions (QPG),Why is water essential for life on Earth?,N\A,,,,,,Other,Hard,Test Learning Outcome 1,"Skillone,skilltwo",Rosemary Class 3 Semester 1 : Social Studies Chapter 4 Water-Our Precious Resource Short Answer Questions (QPG) 1,1
CBSE,Class 3,Integrated Subjects,Rosemary,Semester 1 : Social Studies,Chapter 4 Water-Our Precious Resource,,Short Answer Questions (QPG),What is the primary use of clay pots (Matkas,N\A,,,,,,Other,Hard,Test Learning Outcome 1,"Skillone,skilltwo",Rosemary Class 3 Semester 1 : Social Studies Chapter 4 Water-Our Precious Resource Short Answer Questions (QPG) 2,1
CBSE,Class 3,Integrated Subjects,Rosemary,Semester 1 : Social Studies,Chapter 4 Water-Our Precious Resource,,Short Answer Questions (QPG),Why are water bottles ideal for carrying water while traveling?,N\A,,,,,,Other,Hard,Test Learning Outcome 1,"Skillone,skilltwo",Rosemary Class 3 Semester 1 : Social Studies Chapter 4 Water-Our Precious Resource Short Answer Questions (QPG) 3,1
CBSE,Class 3,Integrated Subjects,Rosemary,Semester 1 : Social Studies,Chapter 4 Water-Our Precious Resource,,Short Answer Questions (QPG),Why is water important for plants?,N\A,,,,,,Other,Hard,Test Learning Outcome 1,"Skillone,skilltwo",Rosemary Class 3 Semester 1 : Social Studies Chapter 4 Water-Our Precious Resource Short Answer Questions (QPG) 4,1
CBSE,Class 3,Integrated Subjects,Rosemary,Semester 1 : Social Studies,Chapter 4 Water-Our Precious Resource,,Short Answer Questions (QPG),What is the role of water in balancing the Earth's ecosystem?,N\A,,,,,,Other,Hard,Test Learning Outcome 1,"Skillone,skilltwo",Rosemary Class 3 Semester 1 : Social Studies Chapter 4 Water-Our Precious Resource Short Answer Questions (QPG) 5,1
CBSE,Class 3,Integrated Subjects,Rosemary,Semester 1 : Social Studies,Chapter 4 Water-Our Precious Resource,,Short Answer Questions (QPG),What is the significance of rainwater harvesting systems?,N\A,,,,,,Other,Hard,Test Learning Outcome 1,"Skillone,skilltwo",Rosemary Class 3 Semester 1 : Social Studies Chapter 4 Water-Our Precious Resource Short Answer Questions (QPG) 6,1
CBSE,Class 3,Integrated Subjects,Rosemary,Semester 1 : Social Studies,Chapter 4 Water-Our Precious Resource,,Short Answer Questions (QPG),Why is water considered a precious resource?,N\A,,,,,,Other,Hard,Test Learning Outcome 1,"Skillone,skilltwo",Rosemary Class 3 Semester 1 : Social Studies Chapter 4 Water-Our Precious Resource Short Answer Questions (QPG) 7,1
CBSE,Class 3,Integrated Subjects,Rosemary,Semester 1 : Social Studies,Chapter 4 Water-Our Precious Resource,,Short Answer Questions (QPG),What will happen if we do not collect rainwater?,N\A,,,,,,Other,Hard,Test Learning Outcome 1,"Skillone,skilltwo",Rosemary Class 3 Semester 1 : Social Studies Chapter 4 Water-Our Precious Resource Short Answer Questions (QPG) 8,1
CBSE,Class 3,Integrated Subjects,Rosemary,Semester 1 : Social Studies,Chapter 4 Water-Our Precious Resource,,Short Answer Questions (QPG),What does water pollution result from?,N\A,,,,,,Other,Hard,Test Learning Outcome 1,"Skillone,skilltwo",Rosemary Class 3 Semester 1 : Social Studies Chapter 4 Water-Our Precious Resource Short Answer Questions (QPG) 9,1
CBSE,Class 3,Integrated Subjects,Rosemary,Semester 1 : Social Studies,Chapter 4 Water-Our Precious Resource,,Long Answer Questions (QPG),What are the properties of water?,N\A,,,,,,Other,Hard,Test Learning Outcome 1,"Skillone,skilltwo",Rosemary Class 3 Semester 1 : Social Studies Chapter 4 Water-Our Precious Resource Long Answer Questions (QPG) 1,1
CBSE,Class 3,Integrated Subjects,Rosemary,Semester 1 : Social Studies,Chapter 4 Water-Our Precious Resource,,Long Answer Questions (QPG),How can we use underground water?,N\A,,,,,,Other,Hard,Test Learning Outcome 1,"Skillone,skilltwo",Rosemary Class 3 Semester 1 : Social Studies Chapter 4 Water-Our Precious Resource Long Answer Questions (QPG) 2,1
CBSE,Class 3,Integrated Subjects,Rosemary,Semester 1 : Social Studies,Chapter 4 Water-Our Precious Resource,,Long Answer Questions (QPG),How should we store drinking water?,N\A,,,,,,Other,Hard,Test Learning Outcome 1,"Skillone,skilltwo",Rosemary Class 3 Semester 1 : Social Studies Chapter 4 Water-Our Precious Resource Long Answer Questions (QPG) 3,1
CBSE,Class 3,Integrated Subjects,Rosemary,Semester 1 : Social Studies,Chapter 4 Water-Our Precious Resource,,Long Answer Questions (QPG),Why do we need to store water?,N\A,,,,,,Other,Hard,Test Learning Outcome 1,"Skillone,skilltwo",Rosemary Class 3 Semester 1 : Social Studies Chapter 4 Water-Our Precious Resource Long Answer Questions (QPG) 4,1
CBSE,Class 3,Integrated Subjects,Rosemary,Semester 1 : Social Studies,Chapter 4 Water-Our Precious Resource,,Long Answer Questions (QPG),What can we do to keep water clean?,N\A,,,,,,Other,Hard,Test Learning Outcome 1,"Skillone,skilltwo",Rosemary Class 3 Semester 1 : Social Studies Chapter 4 Water-Our Precious Resource Long Answer Questions (QPG) 5,1
CBSE,Class 3,Integrated Subjects,Rosemary,Semester 1 : Social Studies,Chapter 4 Water-Our Precious Resource,,Long Answer Questions (QPG),Why is farming not possible without enough water?,N\A,,,,,,Other,Hard,Test Learning Outcome 1,"Skillone,skilltwo",Rosemary Class 3 Semester 1 : Social Studies Chapter 4 Water-Our Precious Resource Long Answer Questions (QPG) 6,1
CBSE,Class 3,Integrated Subjects,Rosemary,Semester 1 : Social Studies,Chapter 4 Water-Our Precious Resource,,Long Answer Questions (QPG),Which good habits will you practise to use water carefully?,N\A,,,,,,Other,Hard,Test Learning Outcome 1,"Skillone,skilltwo",Rosemary Class 3 Semester 1 : Social Studies Chapter 4 Water-Our Precious Resource Long Answer Questions (QPG) 7,1
CBSE,Class 3,Integrated Subjects,Rosemary,Semester 1 : Social Studies,Chapter 4 Water-Our Precious Resource,,Long Answer Questions (QPG),What is the function of larger water tanks?,N\A,,,,,,Other,Hard,Test Learning Outcome 1,"Skillone,skilltwo",Rosemary Class 3 Semester 1 : Social Studies Chapter 4 Water-Our Precious Resource Long Answer Questions (QPG) 8,1
CBSE,Class 3,Integrated Subjects,Rosemary,Semester 1 : Social Studies,Chapter 4 Water-Our Precious Resource,,Long Answer Questions (QPG),How do clay pots (Matkas,N\A,,,,,,Other,Hard,Test Learning Outcome 1,"Skillone,skilltwo",Rosemary Class 3 Semester 1 : Social Studies Chapter 4 Water-Our Precious Resource Long Answer Questions (QPG) 9,1
CBSE,Class 3,Integrated Subjects,Rosemary,Semester 1 : Social Studies,Chapter 4 Water-Our Precious Resource,,Long Answer Questions (QPG),"Why is it important to draw water from wells, tubewells, and hand pumps?",N\A,,,,,,Other,Hard,Test Learning Outcome 1,"Skillone,skilltwo",Rosemary Class 3 Semester 1 : Social Studies Chapter 4 Water-Our Precious Resource Long Answer Questions (QPG) 10,1
CBSE,Class 3,Integrated Subjects,Rosemary,Semester 1 : Social Studies,Chapter 5 Family-The Foundation,,Multiple Choice Question (QPG) Test Paper,What does the family tree help represent?,Relationships among family members,Friendships,Relationships among family members,School subjects,Favourite hobbies,,Other,Hard,Test Learning Outcome 1,"Skillone,skilltwo",Rosemary Class 3 Semester 1 : Social Studies Chapter 5 Family-The Foundation Multiple Choice Question (QPG) Test Paper 1,1
CBSE,Class 3,Integrated Subjects,Rosemary,Semester 1 : Social Studies,Chapter 5 Family-The Foundation,,Multiple Choice Question (QPG) Test Paper,How are people in a family connected to each other?,By birth or marriage,By friendship,By birth or marriage,By attending the same school,By working together,,Other,Hard,Test Learning Outcome 1,"Skillone,skilltwo",Rosemary Class 3 Semester 1 : Social Studies Chapter 5 Family-The Foundation Multiple Choice Question (QPG) Test Paper 2,1
CBSE,Class 3,Integrated Subjects,Rosemary,Semester 1 : Social Studies,Chapter 5 Family-The Foundation,,Multiple Choice Question (QPG) Test Paper,What is a common feature among family members?,Sharing a common surname,Having the same hobbies,Sharing a common surname,Living in different houses,Going to different schools,,Other,Hard,Test Learning Outcome 1,"Skillone,skilltwo",Rosemary Class 3 Semester 1 : Social Studies Chapter 5 Family-The Foundation Multiple Choice Question (QPG) Test Paper 3,1
CBSE,Class 3,Integrated Subjects,Rosemary,Semester 1 : Social Studies,Chapter 5 Family-The Foundation,,Multiple Choice Question (QPG) Test Paper,Who are the first generation in a family tree?,Grandparents,Parents,Grandparents,Uncles and aunts,Cousins,,Other,Hard,Test Learning Outcome 1,"Skillone,skilltwo",Rosemary Class 3 Semester 1 : Social Studies Chapter 5 Family-The Foundation Multiple Choice Question (QPG) Test Paper 4,1
CBSE,Class 3,Integrated Subjects,Rosemary,Semester 1 : Social Studies,Chapter 5 Family-The Foundation,,Multiple Choice Question (QPG) Test Paper,What do you call the children of your aunts and uncles?,Cousins,Siblings,Cousins,Nephews/Nieces,Grandchildren,,Other,Hard,Test Learning Outcome 1,"Skillone,skilltwo",Rosemary Class 3 Semester 1 : Social Studies Chapter 5 Family-The Foundation Multiple Choice Question (QPG) Test Paper 5,1
CBSE,Class 3,Integrated Subjects,Rosemary,Semester 1 : Social Studies,Chapter 5 Family-The Foundation,,Multiple Choice Question (QPG) Test Paper,What's an example of a daily family practice?,Eating together,Playing video games,Eating together,Going to the movies,Sleeping in different rooms,,Other,Hard,Test Learning Outcome 1,"Skillone,skilltwo",Rosemary Class 3 Semester 1 : Social Studies Chapter 5 Family-The Foundation Multiple Choice Question (QPG) Test Paper 6,1
CBSE,Class 3,Integrated Subjects,Rosemary,Semester 1 : Social Studies,Chapter 5 Family-The Foundation,,Multiple Choice Question (QPG) Test Paper,Which generation comes after the grandparents?,The parents,The aunts and uncles,The cousins,The parents,The children,,Other,Hard,Test Learning Outcome 1,"Skillone,skilltwo",Rosemary Class 3 Semester 1 : Social Studies Chapter 5 Family-The Foundation Multiple Choice Question (QPG) Test Paper 7,1
CBSE,Class 3,Integrated Subjects,Rosemary,Semester 1 : Social Studies,Chapter 5 Family-The Foundation,,Multiple Choice Question (QPG) Test Paper,"Which generation do parents, uncles, and aunts form in a family tree?",Second generation,First generation,Second generation,Third generation,Fourth generation,,Other,Hard,Test Learning Outcome 1,"Skillone,skilltwo",Rosemary Class 3 Semester 1 : Social Studies Chapter 5 Family-The Foundation Multiple Choice Question (QPG) Test Paper 8,1
CBSE,Class 3,Integrated Subjects,Rosemary,Semester 1 : Social Studies,Chapter 5 Family-The Foundation,,Multiple Choice Question (QPG) Test Paper,"Assertion: Touching feet of elders is a common family custom.
Reason: Respecting elders is an important aspect of family traditions.","Both Assertion and Reason are true, and Reason is the correct explanation of Assertion. Touching the feet of elders is a common family custom in India, showing respect. Respecting elders is an important aspect of family traditions, and touching their feet is a way of expressing that respect.","Both Assertion and Reason are true, and Reason is the correct explanation of Assertion","Both Assertion and Reason are true, but Reason is not the correct explanation of Assertion","Assertion is true, but Reason is false",Both Assertion and Reason are false,,Other,Hard,Test Learning Outcome 1,"Skillone,skilltwo",Rosemary Class 3 Semester 1 : Social Studies Chapter 5 Family-The Foundation Multiple Choice Question (QPG) Test Paper 9,1
CBSE,Class 3,Integrated Subjects,Rosemary,Semester 1 : Social Studies,Chapter 5 Family-The Foundation,,Multiple Choice Question (QPG) Test Paper,"Assertion: Celebrating birthdays together strengthens family bonds.
Reason: Presents are the best part of birthdays.","Assertion is true, but Reason is false. Celebrating birthdays together can make families closer, but saying presents are the best part is not always true. People celebrate for different reasons, and spending time with loved ones is often more important than gifts.","Both Assertion and Reason are true, and Reason is the correct explanation of Assertion","Both Assertion and Reason are true, but Reason is not the correct explanation of Assertion","Assertion is true, but Reason is false",Both Assertion and Reason are false,,Other,Hard,Test Learning Outcome 1,"Skillone,skilltwo",Rosemary Class 3 Semester 1 : Social Studies Chapter 5 Family-The Foundation Multiple Choice Question (QPG) Test Paper 10,1
CBSE,Class 3,Integrated Subjects,Rosemary,Semester 1 : Social Studies,Chapter 5 Family-The Foundation,,True or False (QPG),All families live in the same house,N\A,,,,,,Other,Hard,Test Learning Outcome 1,"Skillone,skilltwo",Rosemary Class 3 Semester 1 : Social Studies Chapter 5 Family-The Foundation True or False (QPG) 1,1
CBSE,Class 3,Integrated Subjects,Rosemary,Semester 1 : Social Studies,Chapter 5 Family-The Foundation,,True or False (QPG),Praying daily is a common practice in every family,N\A,,,,,,Other,Hard,Test Learning Outcome 1,"Skillone,skilltwo",Rosemary Class 3 Semester 1 : Social Studies Chapter 5 Family-The Foundation True or False (QPG) 2,1
CBSE,Class 3,Integrated Subjects,Rosemary,Semester 1 : Social Studies,Chapter 5 Family-The Foundation,,True or False (QPG),Grandparents belong to the third generation in a family tree,N\A,,,,,,Other,Hard,Test Learning Outcome 1,"Skillone,skilltwo",Rosemary Class 3 Semester 1 : Social Studies Chapter 5 Family-The Foundation True or False (QPG) 3,1
CBSE,Class 3,Integrated Subjects,Rosemary,Semester 1 : Social Studies,Chapter 5 Family-The Foundation,,True or False (QPG),You always have the same surname as your grandparents,N\A,,,,,,Other,Hard,Test Learning Outcome 1,"Skillone,skilltwo",Rosemary Class 3 Semester 1 : Social Studies Chapter 5 Family-The Foundation True or False (QPG) 4,1
CBSE,Class 3,Integrated Subjects,Rosemary,Semester 1 : Social Studies,Chapter 5 Family-The Foundation,,True or False (QPG),Cousins are your classmates because they are around your age,N\A,,,,,,Other,Hard,Test Learning Outcome 1,"Skillone,skilltwo",Rosemary Class 3 Semester 1 : Social Studies Chapter 5 Family-The Foundation True or False (QPG) 5,1
CBSE,Class 3,Integrated Subjects,Rosemary,Semester 1 : Social Studies,Chapter 5 Family-The Foundation,,True or False (QPG),Cousins are the children of your brothers and sisters,N\A,,,,,,Other,Hard,Test Learning Outcome 1,"Skillone,skilltwo",Rosemary Class 3 Semester 1 : Social Studies Chapter 5 Family-The Foundation True or False (QPG) 6,1
CBSE,Class 3,Integrated Subjects,Rosemary,Semester 1 : Social Studies,Chapter 5 Family-The Foundation,,True or False (QPG),Families are always connected by birth,N\A,,,,,,Other,Hard,Test Learning Outcome 1,"Skillone,skilltwo",Rosemary Class 3 Semester 1 : Social Studies Chapter 5 Family-The Foundation True or False (QPG) 7,1
CBSE,Class 3,Integrated Subjects,Rosemary,Semester 1 : Social Studies,Chapter 5 Family-The Foundation,,True or False (QPG),Daily practices in a family include jumping on the bed,N\A,,,,,,Other,Hard,Test Learning Outcome 1,"Skillone,skilltwo",Rosemary Class 3 Semester 1 : Social Studies Chapter 5 Family-The Foundation True or False (QPG) 8,1
CBSE,Class 3,Integrated Subjects,Rosemary,Semester 1 : Social Studies,Chapter 5 Family-The Foundation,,True or False (QPG),Cousins are the siblings of your parents,N\A,,,,,,Other,Hard,Test Learning Outcome 1,"Skillone,skilltwo",Rosemary Class 3 Semester 1 : Social Studies Chapter 5 Family-The Foundation True or False (QPG) 9,1
CBSE,Class 3,Integrated Subjects,Rosemary,Semester 1 : Social Studies,Chapter 5 Family-The Foundation,,True or False (QPG),Brothers and sisters are not considered siblings,N\A,,,,,,Other,Hard,Test Learning Outcome 1,"Skillone,skilltwo",Rosemary Class 3 Semester 1 : Social Studies Chapter 5 Family-The Foundation True or False (QPG) 10,1
CBSE,Class 3,Integrated Subjects,Rosemary,Semester 1 : Social Studies,Chapter 5 Family-The Foundation,,Fill in the blank (QPG),People living together as a unit form a ________,N\A,,,,,,Other,Hard,Test Learning Outcome 1,"Skillone,skilltwo",Rosemary Class 3 Semester 1 : Social Studies Chapter 5 Family-The Foundation Fill in the blank (QPG) 1,1
CBSE,Class 3,Integrated Subjects,Rosemary,Semester 1 : Social Studies,Chapter 5 Family-The Foundation,,Fill in the blank (QPG),Many families share a common ________,N\A,,,,,,Other,Hard,Test Learning Outcome 1,"Skillone,skilltwo",Rosemary Class 3 Semester 1 : Social Studies Chapter 5 Family-The Foundation Fill in the blank (QPG) 2,1
CBSE,Class 3,Integrated Subjects,Rosemary,Semester 1 : Social Studies,Chapter 5 Family-The Foundation,,Fill in the blank (QPG),Our parent's parents are our ________,N\A,,,,,,Other,Hard,Test Learning Outcome 1,"Skillone,skilltwo",Rosemary Class 3 Semester 1 : Social Studies Chapter 5 Family-The Foundation Fill in the blank (QPG) 3,1
CBSE,Class 3,Integrated Subjects,Rosemary,Semester 1 : Social Studies,Chapter 5 Family-The Foundation,,Fill in the blank (QPG),Our parent's brothers and sisters are our ________ and ________,N\A,,,,,,Other,Hard,Test Learning Outcome 1,"Skillone,skilltwo",Rosemary Class 3 Semester 1 : Social Studies Chapter 5 Family-The Foundation Fill in the blank (QPG) 4,1
CBSE,Class 3,Integrated Subjects,Rosemary,Semester 1 : Social Studies,Chapter 5 Family-The Foundation,,Fill in the blank (QPG),Most families have special ________ and ________ that they pass down,N\A,,,,,,Other,Hard,Test Learning Outcome 1,"Skillone,skilltwo",Rosemary Class 3 Semester 1 : Social Studies Chapter 5 Family-The Foundation Fill in the blank (QPG) 5,1
CBSE,Class 3,Integrated Subjects,Rosemary,Semester 1 : Social Studies,Chapter 5 Family-The Foundation,,Fill in the blank (QPG),Sharing toys with siblings helps us learn to ________,N\A,,,,,,Other,Hard,Test Learning Outcome 1,"Skillone,skilltwo",Rosemary Class 3 Semester 1 : Social Studies Chapter 5 Family-The Foundation Fill in the blank (QPG) 6,1
CBSE,Class 3,Integrated Subjects,Rosemary,Semester 1 : Social Studies,Chapter 5 Family-The Foundation,,Fill in the blank (QPG),A family tree shows the ________ among different members,N\A,,,,,,Other,Hard,Test Learning Outcome 1,"Skillone,skilltwo",Rosemary Class 3 Semester 1 : Social Studies Chapter 5 Family-The Foundation Fill in the blank (QPG) 7,1
CBSE,Class 3,Integrated Subjects,Rosemary,Semester 1 : Social Studies,Chapter 5 Family-The Foundation,,Fill in the blank (QPG),A family tree always starts with the ________ generation,N\A,,,,,,Other,Hard,Test Learning Outcome 1,"Skillone,skilltwo",Rosemary Class 3 Semester 1 : Social Studies Chapter 5 Family-The Foundation Fill in the blank (QPG) 8,1
CBSE,Class 3,Integrated Subjects,Rosemary,Semester 1 : Social Studies,Chapter 5 Family-The Foundation,,Fill in the blank (QPG),We can learn about our family history from ________ and ________,N\A,,,,,,Other,Hard,Test Learning Outcome 1,"Skillone,skilltwo",Rosemary Class 3 Semester 1 : Social Studies Chapter 5 Family-The Foundation Fill in the blank (QPG) 9,1
CBSE,Class 3,Integrated Subjects,Rosemary,Semester 1 : Social Studies,Chapter 5 Family-The Foundation,,Fill in the blank (QPG),Aunts and uncles are the ____________ of our parents,N\A,,,,,,Other,Hard,Test Learning Outcome 1,"Skillone,skilltwo",Rosemary Class 3 Semester 1 : Social Studies Chapter 5 Family-The Foundation Fill in the blank (QPG) 10,1
CBSE,Class 3,Integrated Subjects,Rosemary,Semester 1 : Social Studies,Chapter 5 Family-The Foundation,,Very Short Answer Questions (QPG),Can you share a favourite family meal or dish that you all enjoy?,N\A,,,,,,Other,Hard,Test Learning Outcome 1,"Skillone,skilltwo",Rosemary Class 3 Semester 1 : Social Studies Chapter 5 Family-The Foundation Very Short Answer Questions (QPG) 1,1
CBSE,Class 3,Integrated Subjects,Rosemary,Semester 1 : Social Studies,Chapter 5 Family-The Foundation,,Very Short Answer Questions (QPG),What is a family tradition related to special occasions?,N\A,,,,,,Other,Hard,Test Learning Outcome 1,"Skillone,skilltwo",Rosemary Class 3 Semester 1 : Social Studies Chapter 5 Family-The Foundation Very Short Answer Questions (QPG) 2,1
CBSE,Class 3,Integrated Subjects,Rosemary,Semester 1 : Social Studies,Chapter 5 Family-The Foundation,,Very Short Answer Questions (QPG),"Name a family member who is not a parent, grandparent, uncle, or aunt",N\A,,,,,,Other,Hard,Test Learning Outcome 1,"Skillone,skilltwo",Rosemary Class 3 Semester 1 : Social Studies Chapter 5 Family-The Foundation Very Short Answer Questions (QPG) 3,1
CBSE,Class 3,Integrated Subjects,Rosemary,Semester 1 : Social Studies,Chapter 5 Family-The Foundation,,Very Short Answer Questions (QPG),What is a custom that many families follow before eating meals together?,N\A,,,,,,Other,Hard,Test Learning Outcome 1,"Skillone,skilltwo",Rosemary Class 3 Semester 1 : Social Studies Chapter 5 Family-The Foundation Very Short Answer Questions (QPG) 4,1
CBSE,Class 3,Integrated Subjects,Rosemary,Semester 1 : Social Studies,Chapter 5 Family-The Foundation,,Very Short Answer Questions (QPG),"If you were to create a family tree for your own family, who would be in the first generation?",N\A,,,,,,Other,Hard,Test Learning Outcome 1,"Skillone,skilltwo",Rosemary Class 3 Semester 1 : Social Studies Chapter 5 Family-The Foundation Very Short Answer Questions (QPG) 5,1
CBSE,Class 3,Integrated Subjects,Rosemary,Semester 1 : Social Studies,Chapter 5 Family-The Foundation,,Very Short Answer Questions (QPG),"If you have siblings, describe a favourite activity you enjoy doing together",N\A,,,,,,Other,Hard,Test Learning Outcome 1,"Skillone,skilltwo",Rosemary Class 3 Semester 1 : Social Studies Chapter 5 Family-The Foundation Very Short Answer Questions (QPG) 6,1
CBSE,Class 3,Integrated Subjects,Rosemary,Semester 1 : Social Studies,Chapter 5 Family-The Foundation,,Very Short Answer Questions (QPG),Share an example of a family tradition that involves celebrating special days together,N\A,,,,,,Other,Hard,Test Learning Outcome 1,"Skillone,skilltwo",Rosemary Class 3 Semester 1 : Social Studies Chapter 5 Family-The Foundation Very Short Answer Questions (QPG) 7,1
CBSE,Class 3,Integrated Subjects,Rosemary,Semester 1 : Social Studies,Chapter 5 Family-The Foundation,,Very Short Answer Questions (QPG),Write two ways in which you help your family,N\A,,,,,,Other,Hard,Test Learning Outcome 1,"Skillone,skilltwo",Rosemary Class 3 Semester 1 : Social Studies Chapter 5 Family-The Foundation Very Short Answer Questions (QPG) 8,1
CBSE,Class 3,Integrated Subjects,Rosemary,Semester 1 : Social Studies,Chapter 5 Family-The Foundation,,Very Short Answer Questions (QPG),What does the family teach us?,N\A,,,,,,Other,Hard,Test Learning Outcome 1,"Skillone,skilltwo",Rosemary Class 3 Semester 1 : Social Studies Chapter 5 Family-The Foundation Very Short Answer Questions (QPG) 9,1
CBSE,Class 3,Integrated Subjects,Rosemary,Semester 1 : Social Studies,Chapter 5 Family-The Foundation,,Very Short Answer Questions (QPG),How is your mother related to your paternal grandparents?,N\A,,,,,,Other,Hard,Test Learning Outcome 1,"Skillone,skilltwo",Rosemary Class 3 Semester 1 : Social Studies Chapter 5 Family-The Foundation Very Short Answer Questions (QPG) 10,1
CBSE,Class 3,Integrated Subjects,Rosemary,Semester 1 : Social Studies,Chapter 5 Family-The Foundation,,Short Answer Questions (QPG),What do you enjoy doing together as a family?,N\A,,,,,,Other,Hard,Test Learning Outcome 1,"Skillone,skilltwo",Rosemary Class 3 Semester 1 : Social Studies Chapter 5 Family-The Foundation Short Answer Questions (QPG) 1,1
CBSE,Class 3,Integrated Subjects,Rosemary,Semester 1 : Social Studies,Chapter 5 Family-The Foundation,,Short Answer Questions (QPG),"Who is the oldest member in your family, and what do you like about them?",N\A,,,,,,Other,Hard,Test Learning Outcome 1,"Skillone,skilltwo",Rosemary Class 3 Semester 1 : Social Studies Chapter 5 Family-The Foundation Short Answer Questions (QPG) 2,1
CBSE,Class 3,Integrated Subjects,Rosemary,Semester 1 : Social Studies,Chapter 5 Family-The Foundation,,Short Answer Questions (QPG),Give an example of a daily family practice,N\A,,,,,,Other,Hard,Test Learning Outcome 1,"Skillone,skilltwo",Rosemary Class 3 Semester 1 : Social Studies Chapter 5 Family-The Foundation Short Answer Questions (QPG) 3,1
CBSE,Class 3,Integrated Subjects,Rosemary,Semester 1 : Social Studies,Chapter 5 Family-The Foundation,,Short Answer Questions (QPG),What should you do before entering a house according to some families?,N\A,,,,,,Other,Hard,Test Learning Outcome 1,"Skillone,skilltwo",Rosemary Class 3 Semester 1 : Social Studies Chapter 5 Family-The Foundation Short Answer Questions (QPG) 4,1
CBSE,Class 3,Integrated Subjects,Rosemary,Semester 1 : Social Studies,Chapter 5 Family-The Foundation,,Short Answer Questions (QPG),Give two good qualities you have learnt from your family,N\A,,,,,,Other,Hard,Test Learning Outcome 1,"Skillone,skilltwo",Rosemary Class 3 Semester 1 : Social Studies Chapter 5 Family-The Foundation Short Answer Questions (QPG) 5,1
CBSE,Class 3,Integrated Subjects,Rosemary,Semester 1 : Social Studies,Chapter 5 Family-The Foundation,,Short Answer Questions (QPG),What is the purpose of a family tree?,N\A,,,,,,Other,Hard,Test Learning Outcome 1,"Skillone,skilltwo",Rosemary Class 3 Semester 1 : Social Studies Chapter 5 Family-The Foundation Short Answer Questions (QPG) 6,1
CBSE,Class 3,Integrated Subjects,Rosemary,Semester 1 : Social Studies,Chapter 5 Family-The Foundation,,Short Answer Questions (QPG),How can you show respect to elders in some families?,N\A,,,,,,Other,Hard,Test Learning Outcome 1,"Skillone,skilltwo",Rosemary Class 3 Semester 1 : Social Studies Chapter 5 Family-The Foundation Short Answer Questions (QPG) 7,1
CBSE,Class 3,Integrated Subjects,Rosemary,Semester 1 : Social Studies,Chapter 5 Family-The Foundation,,Short Answer Questions (QPG),List out any two family values followed in your family,N\A,,,,,,Other,Hard,Test Learning Outcome 1,"Skillone,skilltwo",Rosemary Class 3 Semester 1 : Social Studies Chapter 5 Family-The Foundation Short Answer Questions (QPG) 8,1
CBSE,Class 3,Integrated Subjects,Rosemary,Semester 1 : Social Studies,Chapter 5 Family-The Foundation,,Short Answer Questions (QPG),Who us an uncle?,N\A,,,,,,Other,Hard,Test Learning Outcome 1,"Skillone,skilltwo",Rosemary Class 3 Semester 1 : Social Studies Chapter 5 Family-The Foundation Short Answer Questions (QPG) 9,1
CBSE,Class 3,Integrated Subjects,Rosemary,Semester 1 : Social Studies,Chapter 5 Family-The Foundation,,Short Answer Questions (QPG),What is the difference between Paternal and Maternal?,N\A,,,,,,Other,Hard,Test Learning Outcome 1,"Skillone,skilltwo",Rosemary Class 3 Semester 1 : Social Studies Chapter 5 Family-The Foundation Short Answer Questions (QPG) 10,1
CBSE,Class 3,Integrated Subjects,Rosemary,Semester 1 : Social Studies,Chapter 5 Family-The Foundation,,Long Answer Questions (QPG),How are grandparents connected to you?,N\A,,,,,,Other,Hard,Test Learning Outcome 1,"Skillone,skilltwo",Rosemary Class 3 Semester 1 : Social Studies Chapter 5 Family-The Foundation Long Answer Questions (QPG) 1,1
CBSE,Class 3,Integrated Subjects,Rosemary,Semester 1 : Social Studies,Chapter 5 Family-The Foundation,,Long Answer Questions (QPG),Explain why families celebrate special days together,N\A,,,,,,Other,Hard,Test Learning Outcome 1,"Skillone,skilltwo",Rosemary Class 3 Semester 1 : Social Studies Chapter 5 Family-The Foundation Long Answer Questions (QPG) 2,1
CBSE,Class 3,Integrated Subjects,Rosemary,Semester 1 : Social Studies,Chapter 5 Family-The Foundation,,Long Answer Questions (QPG),Think of a special day celebrated in your family. Describe how you celebrate it together,N\A,,,,,,Other,Hard,Test Learning Outcome 1,"Skillone,skilltwo",Rosemary Class 3 Semester 1 : Social Studies Chapter 5 Family-The Foundation Long Answer Questions (QPG) 3,1
CBSE,Class 3,Integrated Subjects,Rosemary,Semester 1 : Social Studies,Chapter 5 Family-The Foundation,,Long Answer Questions (QPG),How do you think the relationships among different family members can strengthen family bonds?,N\A,,,,,,Other,Hard,Test Learning Outcome 1,"Skillone,skilltwo",Rosemary Class 3 Semester 1 : Social Studies Chapter 5 Family-The Foundation Long Answer Questions (QPG) 4,1
CBSE,Class 3,Integrated Subjects,Rosemary,Semester 1 : Social Studies,Chapter 5 Family-The Foundation,,Long Answer Questions (QPG),How do you feel about having uncles and aunts in your family? What role do they play?,N\A,,,,,,Other,Hard,Test Learning Outcome 1,"Skillone,skilltwo",Rosemary Class 3 Semester 1 : Social Studies Chapter 5 Family-The Foundation Long Answer Questions (QPG) 5,1
CBSE,Class 3,Integrated Subjects,Rosemary,Semester 1 : Social Studies,Chapter 5 Family-The Foundation,,Long Answer Questions (QPG),"If you could add a new family tradition, what would it be, and why?",N\A,,,,,,Other,Hard,Test Learning Outcome 1,"Skillone,skilltwo",Rosemary Class 3 Semester 1 : Social Studies Chapter 5 Family-The Foundation Long Answer Questions (QPG) 6,1
CBSE,Class 3,Integrated Subjects,Rosemary,Semester 1 : Social Studies,Chapter 5 Family-The Foundation,,Long Answer Questions (QPG),"Think of a time when your family ate together. What dish did you enjoy the most, and why?",N\A,,,,,,Other,Hard,Test Learning Outcome 1,"Skillone,skilltwo",Rosemary Class 3 Semester 1 : Social Studies Chapter 5 Family-The Foundation Long Answer Questions (QPG) 7,1
CBSE,Class 3,Integrated Subjects,Rosemary,Semester 1 : Social Studies,Chapter 5 Family-The Foundation,,Long Answer Questions (QPG),You're invited to a friend's family gathering. What can you do to show respect for their customs and traditions?,N\A,,,,,,Other,Hard,Test Learning Outcome 1,"Skillone,skilltwo",Rosemary Class 3 Semester 1 : Social Studies Chapter 5 Family-The Foundation Long Answer Questions (QPG) 8,1
CBSE,Class 3,Integrated Subjects,Rosemary,Semester 1 : Social Studies,Chapter 5 Family-The Foundation,,Long Answer Questions (QPG),How does your family celebrate cultural or religious holidays?,N\A,,,,,,Other,Hard,Test Learning Outcome 1,"Skillone,skilltwo",Rosemary Class 3 Semester 1 : Social Studies Chapter 5 Family-The Foundation Long Answer Questions (QPG) 9,1
CBSE,Class 3,Integrated Subjects,Rosemary,Semester 1 : Social Studies,Chapter 5 Family-The Foundation,,Long Answer Questions (QPG),What is something special you've learned from your grandparents?,N\A,,,,,,Other,Hard,Test Learning Outcome 1,"Skillone,skilltwo",Rosemary Class 3 Semester 1 : Social Studies Chapter 5 Family-The Foundation Long Answer Questions (QPG) 10,1
CBSE,Class 3,Integrated Subjects,Rosemary,Semester 1 : Social Studies,Chapter 6 Food We Eat,,Multiple Choice Question (QPG) Test Paper,"In which state is jowar, bajra, and wheat popular?",Rajasthan,Punjab,Rajasthan,Tamil Nadu,Kerala,,Other,Hard,Test Learning Outcome 1,"Skillone,skilltwo",Rosemary Class 3 Semester 1 : Social Studies Chapter 6 Food We Eat Multiple Choice Question (QPG) Test Paper 1,1
CBSE,Class 3,Integrated Subjects,Rosemary,Semester 1 : Social Studies,Chapter 6 Food We Eat,,Multiple Choice Question (QPG) Test Paper,Which region in India is known for consuming more wheat?,North India,East India,South India,North India,West India,,Other,Hard,Test Learning Outcome 1,"Skillone,skilltwo",Rosemary Class 3 Semester 1 : Social Studies Chapter 6 Food We Eat Multiple Choice Question (QPG) Test Paper 2,1
CBSE,Class 3,Integrated Subjects,Rosemary,Semester 1 : Social Studies,Chapter 6 Food We Eat,,Multiple Choice Question (QPG) Test Paper,"People in coastal areas of Tamil Nadu, Odisha, Kerala, West Bengal, and Andhra Pradesh prefer to eat:",Fish with rice,Wheat and rice,Pulses and vegetables,Fish with rice,Fruits and nuts,,Other,Hard,Test Learning Outcome 1,"Skillone,skilltwo",Rosemary Class 3 Semester 1 : Social Studies Chapter 6 Food We Eat Multiple Choice Question (QPG) Test Paper 3,1
CBSE,Class 3,Integrated Subjects,Rosemary,Semester 1 : Social Studies,Chapter 6 Food We Eat,,Multiple Choice Question (QPG) Test Paper,"What do you call people who do not eat food like eggs, meat, and fish?",Vegetarians,Non-vegetarians,Carnivores,Herbivores,Vegetarians,,Other,Hard,Test Learning Outcome 1,"Skillone,skilltwo",Rosemary Class 3 Semester 1 : Social Studies Chapter 6 Food We Eat Multiple Choice Question (QPG) Test Paper 4,1
CBSE,Class 3,Integrated Subjects,Rosemary,Semester 1 : Social Studies,Chapter 6 Food We Eat,,Multiple Choice Question (QPG) Test Paper,Which state is famous for a wide variety of apples?,Himachal Pradesh,Orissa,Uttar Pradesh,Maharashtra,Himachal Pradesh,,Other,Hard,Test Learning Outcome 1,"Skillone,skilltwo",Rosemary Class 3 Semester 1 : Social Studies Chapter 6 Food We Eat Multiple Choice Question (QPG) Test Paper 5,1
CBSE,Class 3,Integrated Subjects,Rosemary,Semester 1 : Social Studies,Chapter 6 Food We Eat,,Multiple Choice Question (QPG) Test Paper,Rice is the main foodgrain in:,North India,North India,East India,West India,South India,,Other,Hard,Test Learning Outcome 1,"Skillone,skilltwo",Rosemary Class 3 Semester 1 : Social Studies Chapter 6 Food We Eat Multiple Choice Question (QPG) Test Paper 6,1
CBSE,Class 3,Integrated Subjects,Rosemary,Semester 1 : Social Studies,Chapter 6 Food We Eat,,Multiple Choice Question (QPG) Test Paper,Which fruits are available throughout the year?,Apples and bananas,Mangoes,Oranges,Apples and bananas,Grapes and strawberries,,Other,Hard,Test Learning Outcome 1,"Skillone,skilltwo",Rosemary Class 3 Semester 1 : Social Studies Chapter 6 Food We Eat Multiple Choice Question (QPG) Test Paper 7,1
CBSE,Class 3,Integrated Subjects,Rosemary,Semester 1 : Social Studies,Chapter 6 Food We Eat,,Multiple Choice Question (QPG) Test Paper,What makes food tasty and colourful?,Spices,Water,Salt,Spices,Sugar,,Other,Hard,Test Learning Outcome 1,"Skillone,skilltwo",Rosemary Class 3 Semester 1 : Social Studies Chapter 6 Food We Eat Multiple Choice Question (QPG) Test Paper 8,1
CBSE,Class 3,Integrated Subjects,Rosemary,Semester 1 : Social Studies,Chapter 6 Food We Eat,,Multiple Choice Question (QPG) Test Paper,"Assertion: People in North India eat more wheat than rice.
Reason: Rice is not grown in North India.","Assertion is true, but the reason is false. Wheat is grown in large quantities in the Northern Plains, making it a popular food choice there. Rice is also grown in some parts of North India, but not as extensively as wheat","Both Assertion and Reason are true, and Reason is the correct explanation of Assertion","Both Assertion and Reason are true, but Reason is not the correct explanation of Assertion","Assertion is true, but Reason is false",Both Assertion and Reason are false,,Other,Hard,Test Learning Outcome 1,"Skillone,skilltwo",Rosemary Class 3 Semester 1 : Social Studies Chapter 6 Food We Eat Multiple Choice Question (QPG) Test Paper 9,1
CBSE,Class 3,Integrated Subjects,Rosemary,Semester 1 : Social Studies,Chapter 6 Food We Eat,,Multiple Choice Question (QPG) Test Paper,"Assertion: India's diverse climatic conditions contribute to a wide variety of fruits and vegetables throughout the year.
Reason: Different states produce various fruits and vegetables, ensuring a continuous supply, though some are seasonal.","Both the assertion and the reason are true, and the reason explains the assertion. India's diverse climates and the fact that each state grows what suits its weather contribute to a continuous supply of various fruits and vegetables.","Both Assertion and Reason are true, and Reason is the correct explanation of Assertion","Both Assertion and Reason are true, but Reason is not the correct explanation of Assertion","Assertion is true, but Reason is false",Both Assertion and Reason are false,,Other,Hard,Test Learning Outcome 1,"Skillone,skilltwo",Rosemary Class 3 Semester 1 : Social Studies Chapter 6 Food We Eat Multiple Choice Question (QPG) Test Paper 10,1
CBSE,Class 3,Integrated Subjects,Rosemary,Semester 1 : Social Studies,Chapter 6 Food We Eat,,True or False (QPG),Everyone in India eats the same kind of food,N\A,,,,,,Other,Hard,Test Learning Outcome 1,"Skillone,skilltwo",Rosemary Class 3 Semester 1 : Social Studies Chapter 6 Food We Eat True or False (QPG) 1,1
CBSE,Class 3,Integrated Subjects,Rosemary,Semester 1 : Social Studies,Chapter 6 Food We Eat,,True or False (QPG),People in Rajasthan mostly eat rice,N\A,,,,,,Other,Hard,Test Learning Outcome 1,"Skillone,skilltwo",Rosemary Class 3 Semester 1 : Social Studies Chapter 6 Food We Eat True or False (QPG) 2,1
CBSE,Class 3,Integrated Subjects,Rosemary,Semester 1 : Social Studies,Chapter 6 Food We Eat,,True or False (QPG),All vegetables are available throughout the year,N\A,,,,,,Other,Hard,Test Learning Outcome 1,"Skillone,skilltwo",Rosemary Class 3 Semester 1 : Social Studies Chapter 6 Food We Eat True or False (QPG) 3,1
CBSE,Class 3,Integrated Subjects,Rosemary,Semester 1 : Social Studies,Chapter 6 Food We Eat,,True or False (QPG),"The type of food one eats depends on factors like landform, climate, and crops grown in the region",N\A,,,,,,Other,Hard,Test Learning Outcome 1,"Skillone,skilltwo",Rosemary Class 3 Semester 1 : Social Studies Chapter 6 Food We Eat True or False (QPG) 4,1
CBSE,Class 3,Integrated Subjects,Rosemary,Semester 1 : Social Studies,Chapter 6 Food We Eat,,True or False (QPG),Oil is not used for cooking food in India,N\A,,,,,,Other,Hard,Test Learning Outcome 1,"Skillone,skilltwo",Rosemary Class 3 Semester 1 : Social Studies Chapter 6 Food We Eat True or False (QPG) 5,1
CBSE,Class 3,Integrated Subjects,Rosemary,Semester 1 : Social Studies,Chapter 6 Food We Eat,,True or False (QPG),Pulses are eaten only in specific regions of India,N\A,,,,,,Other,Hard,Test Learning Outcome 1,"Skillone,skilltwo",Rosemary Class 3 Semester 1 : Social Studies Chapter 6 Food We Eat True or False (QPG) 6,1
CBSE,Class 3,Integrated Subjects,Rosemary,Semester 1 : Social Studies,Chapter 6 Food We Eat,,True or False (QPG),The availability of some fruits and vegetables is seasonal,N\A,,,,,,Other,Hard,Test Learning Outcome 1,"Skillone,skilltwo",Rosemary Class 3 Semester 1 : Social Studies Chapter 6 Food We Eat True or False (QPG) 7,1
CBSE,Class 3,Integrated Subjects,Rosemary,Semester 1 : Social Studies,Chapter 6 Food We Eat,,True or False (QPG),"Potatoes, brinjal, cabbage, tomato, cauliflower, and onions are vegetables available throughout the year",N\A,,,,,,Other,Hard,Test Learning Outcome 1,"Skillone,skilltwo",Rosemary Class 3 Semester 1 : Social Studies Chapter 6 Food We Eat True or False (QPG) 8,1
CBSE,Class 3,Integrated Subjects,Rosemary,Semester 1 : Social Studies,Chapter 6 Food We Eat,,True or False (QPG),Turmeric is a yellow powder made from the roots of a plant,N\A,,,,,,Other,Hard,Test Learning Outcome 1,"Skillone,skilltwo",Rosemary Class 3 Semester 1 : Social Studies Chapter 6 Food We Eat True or False (QPG) 9,1
CBSE,Class 3,Integrated Subjects,Rosemary,Semester 1 : Social Studies,Chapter 6 Food We Eat,,True or False (QPG),Mangoes from Uttar Pradesh are famous for their variety,N\A,,,,,,Other,Hard,Test Learning Outcome 1,"Skillone,skilltwo",Rosemary Class 3 Semester 1 : Social Studies Chapter 6 Food We Eat True or False (QPG) 10,1
CBSE,Class 3,Integrated Subjects,Rosemary,Semester 1 : Social Studies,Chapter 6 Food We Eat,,Fill in the blank (QPG),___________ and ___________ are fruits available all year,N\A,,,,,,Other,Hard,Test Learning Outcome 1,"Skillone,skilltwo",Rosemary Class 3 Semester 1 : Social Studies Chapter 6 Food We Eat Fill in the blank (QPG) 1,1
CBSE,Class 3,Integrated Subjects,Rosemary,Semester 1 : Social Studies,Chapter 6 Food We Eat,,Fill in the blank (QPG),_______ are commonly grown in India and used for cooking,N\A,,,,,,Other,Hard,Test Learning Outcome 1,"Skillone,skilltwo",Rosemary Class 3 Semester 1 : Social Studies Chapter 6 Food We Eat Fill in the blank (QPG) 2,1
CBSE,Class 3,Integrated Subjects,Rosemary,Semester 1 : Social Studies,Chapter 6 Food We Eat,,Fill in the blank (QPG),"In East India, people eat more _______",N\A,,,,,,Other,Hard,Test Learning Outcome 1,"Skillone,skilltwo",Rosemary Class 3 Semester 1 : Social Studies Chapter 6 Food We Eat Fill in the blank (QPG) 3,1
CBSE,Class 3,Integrated Subjects,Rosemary,Semester 1 : Social Studies,Chapter 6 Food We Eat,,Fill in the blank (QPG),_____________ is a person who owns or looks after a farm,N\A,,,,,,Other,Hard,Test Learning Outcome 1,"Skillone,skilltwo",Rosemary Class 3 Semester 1 : Social Studies Chapter 6 Food We Eat Fill in the blank (QPG) 4,1
CBSE,Class 3,Integrated Subjects,Rosemary,Semester 1 : Social Studies,Chapter 6 Food We Eat,,Fill in the blank (QPG),Nagpur is famous for ______________,N\A,,,,,,Other,Hard,Test Learning Outcome 1,"Skillone,skilltwo",Rosemary Class 3 Semester 1 : Social Studies Chapter 6 Food We Eat Fill in the blank (QPG) 5,1
CBSE,Class 3,Integrated Subjects,Rosemary,Semester 1 : Social Studies,Chapter 6 Food We Eat,,Fill in the blank (QPG),Millets are eaten in ____________ India,N\A,,,,,,Other,Hard,Test Learning Outcome 1,"Skillone,skilltwo",Rosemary Class 3 Semester 1 : Social Studies Chapter 6 Food We Eat Fill in the blank (QPG) 6,1
CBSE,Class 3,Integrated Subjects,Rosemary,Semester 1 : Social Studies,Chapter 6 Food We Eat,,Fill in the blank (QPG),India is divided into ____________ main regions,N\A,,,,,,Other,Hard,Test Learning Outcome 1,"Skillone,skilltwo",Rosemary Class 3 Semester 1 : Social Studies Chapter 6 Food We Eat Fill in the blank (QPG) 7,1
CBSE,Class 3,Integrated Subjects,Rosemary,Semester 1 : Social Studies,Chapter 6 Food We Eat,,Fill in the blank (QPG),We all need food to ____________,N\A,,,,,,Other,Hard,Test Learning Outcome 1,"Skillone,skilltwo",Rosemary Class 3 Semester 1 : Social Studies Chapter 6 Food We Eat Fill in the blank (QPG) 8,1
CBSE,Class 3,Integrated Subjects,Rosemary,Semester 1 : Social Studies,Chapter 6 Food We Eat,,Fill in the blank (QPG),___________ and ___________ are the most popular foodgrains in India,N\A,,,,,,Other,Hard,Test Learning Outcome 1,"Skillone,skilltwo",Rosemary Class 3 Semester 1 : Social Studies Chapter 6 Food We Eat Fill in the blank (QPG) 9,1
CBSE,Class 3,Integrated Subjects,Rosemary,Semester 1 : Social Studies,Chapter 6 Food We Eat,,Fill in the blank (QPG),People of West Bengal are like to eat _____________ with rice,N\A,,,,,,Other,Hard,Test Learning Outcome 1,"Skillone,skilltwo",Rosemary Class 3 Semester 1 : Social Studies Chapter 6 Food We Eat Fill in the blank (QPG) 10,1
CBSE,Class 3,Integrated Subjects,Rosemary,Semester 1 : Social Studies,Chapter 6 Food We Eat,,Very Short Answer Questions (QPG),Which regions eat a lot of fish?,N\A,,,,,,Other,Hard,Test Learning Outcome 1,"Skillone,skilltwo",Rosemary Class 3 Semester 1 : Social Studies Chapter 6 Food We Eat Very Short Answer Questions (QPG) 1,1
CBSE,Class 3,Integrated Subjects,Rosemary,Semester 1 : Social Studies,Chapter 6 Food We Eat,,Very Short Answer Questions (QPG),Which oils are commonly used for cooking in India?,N\A,,,,,,Other,Hard,Test Learning Outcome 1,"Skillone,skilltwo",Rosemary Class 3 Semester 1 : Social Studies Chapter 6 Food We Eat Very Short Answer Questions (QPG) 2,1
CBSE,Class 3,Integrated Subjects,Rosemary,Semester 1 : Social Studies,Chapter 6 Food We Eat,,Very Short Answer Questions (QPG),Name two states in South India where people eat more rice,N\A,,,,,,Other,Hard,Test Learning Outcome 1,"Skillone,skilltwo",Rosemary Class 3 Semester 1 : Social Studies Chapter 6 Food We Eat Very Short Answer Questions (QPG) 3,1
CBSE,Class 3,Integrated Subjects,Rosemary,Semester 1 : Social Studies,Chapter 6 Food We Eat,,Very Short Answer Questions (QPG),Give an example of a fruit that is available throughout the year,N\A,,,,,,Other,Hard,Test Learning Outcome 1,"Skillone,skilltwo",Rosemary Class 3 Semester 1 : Social Studies Chapter 6 Food We Eat Very Short Answer Questions (QPG) 4,1
CBSE,Class 3,Integrated Subjects,Rosemary,Semester 1 : Social Studies,Chapter 6 Food We Eat,,Very Short Answer Questions (QPG),Can you give an example of a fruit that is available only in some seasons?,N\A,,,,,,Other,Hard,Test Learning Outcome 1,"Skillone,skilltwo",Rosemary Class 3 Semester 1 : Social Studies Chapter 6 Food We Eat Very Short Answer Questions (QPG) 5,1
CBSE,Class 3,Integrated Subjects,Rosemary,Semester 1 : Social Studies,Chapter 6 Food We Eat,,Very Short Answer Questions (QPG),"Are spices like chillies, cloves, turmeric, and pepper grown in India?",N\A,,,,,,Other,Hard,Test Learning Outcome 1,"Skillone,skilltwo",Rosemary Class 3 Semester 1 : Social Studies Chapter 6 Food We Eat Very Short Answer Questions (QPG) 6,1
CBSE,Class 3,Integrated Subjects,Rosemary,Semester 1 : Social Studies,Chapter 6 Food We Eat,,Very Short Answer Questions (QPG),What district in Maharashtra is famous for oranges?,N\A,,,,,,Other,Hard,Test Learning Outcome 1,"Skillone,skilltwo",Rosemary Class 3 Semester 1 : Social Studies Chapter 6 Food We Eat Very Short Answer Questions (QPG) 7,1
CBSE,Class 3,Integrated Subjects,Rosemary,Semester 1 : Social Studies,Chapter 6 Food We Eat,,Very Short Answer Questions (QPG),What is Uttar Pradesh famous for?,N\A,,,,,,Other,Hard,Test Learning Outcome 1,"Skillone,skilltwo",Rosemary Class 3 Semester 1 : Social Studies Chapter 6 Food We Eat Very Short Answer Questions (QPG) 8,1
CBSE,Class 3,Integrated Subjects,Rosemary,Semester 1 : Social Studies,Chapter 6 Food We Eat,,Very Short Answer Questions (QPG),Do people in East and South India eat more rice or wheat?,N\A,,,,,,Other,Hard,Test Learning Outcome 1,"Skillone,skilltwo",Rosemary Class 3 Semester 1 : Social Studies Chapter 6 Food We Eat Very Short Answer Questions (QPG) 9,1
CBSE,Class 3,Integrated Subjects,Rosemary,Semester 1 : Social Studies,Chapter 6 Food We Eat,,Very Short Answer Questions (QPG),Which state is famous for oranges?,N\A,,,,,,Other,Hard,Test Learning Outcome 1,"Skillone,skilltwo",Rosemary Class 3 Semester 1 : Social Studies Chapter 6 Food We Eat Very Short Answer Questions (QPG) 10,1
CBSE,Class 3,Integrated Subjects,Rosemary,Semester 1 : Social Studies,Chapter 6 Food We Eat,,Short Answer Questions (QPG),Who are non-vegetarian people?,N\A,,,,,,Other,Hard,Test Learning Outcome 1,"Skillone,skilltwo",Rosemary Class 3 Semester 1 : Social Studies Chapter 6 Food We Eat Short Answer Questions (QPG) 1,1
CBSE,Class 3,Integrated Subjects,Rosemary,Semester 1 : Social Studies,Chapter 6 Food We Eat,,Short Answer Questions (QPG),What are some common spices used in Indian cooking?,N\A,,,,,,Other,Hard,Test Learning Outcome 1,"Skillone,skilltwo",Rosemary Class 3 Semester 1 : Social Studies Chapter 6 Food We Eat Short Answer Questions (QPG) 2,1
CBSE,Class 3,Integrated Subjects,Rosemary,Semester 1 : Social Studies,Chapter 6 Food We Eat,,Short Answer Questions (QPG),List three vegetables that are available throughout the year,N\A,,,,,,Other,Hard,Test Learning Outcome 1,"Skillone,skilltwo",Rosemary Class 3 Semester 1 : Social Studies Chapter 6 Food We Eat Short Answer Questions (QPG) 3,1
CBSE,Class 3,Integrated Subjects,Rosemary,Semester 1 : Social Studies,Chapter 6 Food We Eat,,Short Answer Questions (QPG),Name three types of pulses eaten all over the country,N\A,,,,,,Other,Hard,Test Learning Outcome 1,"Skillone,skilltwo",Rosemary Class 3 Semester 1 : Social Studies Chapter 6 Food We Eat Short Answer Questions (QPG) 4,1
CBSE,Class 3,Integrated Subjects,Rosemary,Semester 1 : Social Studies,Chapter 6 Food We Eat,,Short Answer Questions (QPG),"Besides foodgrains, name three other categories of food consumed by Indians",N\A,,,,,,Other,Hard,Test Learning Outcome 1,"Skillone,skilltwo",Rosemary Class 3 Semester 1 : Social Studies Chapter 6 Food We Eat Short Answer Questions (QPG) 5,1
CBSE,Class 3,Integrated Subjects,Rosemary,Semester 1 : Social Studies,Chapter 6 Food We Eat,,Short Answer Questions (QPG),Why do people in the Eastern and Southern states eat more rice?,N\A,,,,,,Other,Hard,Test Learning Outcome 1,"Skillone,skilltwo",Rosemary Class 3 Semester 1 : Social Studies Chapter 6 Food We Eat Short Answer Questions (QPG) 6,1
CBSE,Class 3,Integrated Subjects,Rosemary,Semester 1 : Social Studies,Chapter 6 Food We Eat,,Short Answer Questions (QPG),Why do people prefer to eat food that is grown in their local area?,N\A,,,,,,Other,Hard,Test Learning Outcome 1,"Skillone,skilltwo",Rosemary Class 3 Semester 1 : Social Studies Chapter 6 Food We Eat Short Answer Questions (QPG) 7,1
CBSE,Class 3,Integrated Subjects,Rosemary,Semester 1 : Social Studies,Chapter 6 Food We Eat,,Short Answer Questions (QPG),Can you list three states where rice is a major foodgrain?,N\A,,,,,,Other,Hard,Test Learning Outcome 1,"Skillone,skilltwo",Rosemary Class 3 Semester 1 : Social Studies Chapter 6 Food We Eat Short Answer Questions (QPG) 8,1
CBSE,Class 3,Integrated Subjects,Rosemary,Semester 1 : Social Studies,Chapter 6 Food We Eat,,Short Answer Questions (QPG),What are Jammu and Kashmir famous for?,N\A,,,,,,Other,Hard,Test Learning Outcome 1,"Skillone,skilltwo",Rosemary Class 3 Semester 1 : Social Studies Chapter 6 Food We Eat Short Answer Questions (QPG) 9,1
CBSE,Class 3,Integrated Subjects,Rosemary,Semester 1 : Social Studies,Chapter 6 Food We Eat,,Short Answer Questions (QPG),Can you name five different types of food eaten in India?,N\A,,,,,,Other,Hard,Test Learning Outcome 1,"Skillone,skilltwo",Rosemary Class 3 Semester 1 : Social Studies Chapter 6 Food We Eat Short Answer Questions (QPG) 10,1
CBSE,Class 3,Integrated Subjects,Rosemary,Semester 1 : Social Studies,Chapter 6 Food We Eat,,Long Answer Questions (QPG),What factors influence the type of food people eat in different parts of India?,N\A,,,,,,Other,Hard,Test Learning Outcome 1,"Skillone,skilltwo",Rosemary Class 3 Semester 1 : Social Studies Chapter 6 Food We Eat Long Answer Questions (QPG) 1,1
CBSE,Class 3,Integrated Subjects,Rosemary,Semester 1 : Social Studies,Chapter 6 Food We Eat,,Long Answer Questions (QPG),Why do people prefer to eat foodgrains grown in their area?,N\A,,,,,,Other,Hard,Test Learning Outcome 1,"Skillone,skilltwo",Rosemary Class 3 Semester 1 : Social Studies Chapter 6 Food We Eat Long Answer Questions (QPG) 2,1
CBSE,Class 3,Integrated Subjects,Rosemary,Semester 1 : Social Studies,Chapter 6 Food We Eat,,Long Answer Questions (QPG),What influence does geography have on the type of food people eat?,N\A,,,,,,Other,Hard,Test Learning Outcome 1,"Skillone,skilltwo",Rosemary Class 3 Semester 1 : Social Studies Chapter 6 Food We Eat Long Answer Questions (QPG) 3,1
CBSE,Class 3,Integrated Subjects,Rosemary,Semester 1 : Social Studies,Chapter 6 Food We Eat,,Long Answer Questions (QPG),What is the primary factor influencing the type of food people eat in India?,N\A,,,,,,Other,Hard,Test Learning Outcome 1,"Skillone,skilltwo",Rosemary Class 3 Semester 1 : Social Studies Chapter 6 Food We Eat Long Answer Questions (QPG) 4,1
CBSE,Class 3,Integrated Subjects,Rosemary,Semester 1 : Social Studies,Chapter 6 Food We Eat,,Long Answer Questions (QPG),Why do farmers in different states grow different types of fruits and vegetables?,N\A,,,,,,Other,Hard,Test Learning Outcome 1,"Skillone,skilltwo",Rosemary Class 3 Semester 1 : Social Studies Chapter 6 Food We Eat Long Answer Questions (QPG) 5,1
CBSE,Class 3,Integrated Subjects,Rosemary,Semester 1 : Social Studies,Chapter 6 Food We Eat,,Long Answer Questions (QPG),What is food? How many types of foodgrains are there?,N\A,,,,,,Other,Hard,Test Learning Outcome 1,"Skillone,skilltwo",Rosemary Class 3 Semester 1 : Social Studies Chapter 6 Food We Eat Long Answer Questions (QPG) 6,1
CBSE,Class 3,Integrated Subjects,Rosemary,Semester 1 : Social Studies,Chapter 6 Food We Eat,,Long Answer Questions (QPG),Write the names of some food items which you have never eaten before but feel like eating,N\A,,,,,,Other,Hard,Test Learning Outcome 1,"Skillone,skilltwo",Rosemary Class 3 Semester 1 : Social Studies Chapter 6 Food We Eat Long Answer Questions (QPG) 7,1
CBSE,Class 3,Integrated Subjects,Rosemary,Semester 1 : Social Studies,Chapter 6 Food We Eat,,Long Answer Questions (QPG),Why do we eat food?,N\A,,,,,,Other,Hard,Test Learning Outcome 1,"Skillone,skilltwo",Rosemary Class 3 Semester 1 : Social Studies Chapter 6 Food We Eat Long Answer Questions (QPG) 8,1
CBSE,Class 3,Integrated Subjects,Rosemary,Semester 1 : Social Studies,Chapter 6 Food We Eat,,Long Answer Questions (QPG),"How is India divided based on major foodgrains, and what are the major foodgrains in each region?",N\A,,,,,,Other,Hard,Test Learning Outcome 1,"Skillone,skilltwo",Rosemary Class 3 Semester 1 : Social Studies Chapter 6 Food We Eat Long Answer Questions (QPG) 9,1
CBSE,Class 3,Integrated Subjects,Rosemary,Semester 1 : Social Studies,Chapter 6 Food We Eat,,Long Answer Questions (QPG),How can you use a map to understand the distribution of major foodgrains in India?,N\A,,,,,,Other,Hard,Test Learning Outcome 1,"Skillone,skilltwo",Rosemary Class 3 Semester 1 : Social Studies Chapter 6 Food We Eat Long Answer Questions (QPG) 10,1
CBSE,Class 4,Integrated Subjects,Rosemary,Semester 1 : Social Studies,Chapter 1 Family Connections,,Multiple Choice Question (QPG) Test Paper,What is a nuclear family?,A family that has one set of parents and their children,A family with more than one set of parents and their children,A family that has one set of parents and their children,A family with no parents and their children,A family with one parent and their children,,Other,Hard,Test Learning Outcome 1,"Skillone,skilltwo",Rosemary Class 4 Semester 1 : Social Studies Chapter 1 Family Connections Multiple Choice Question (QPG) Test Paper 1,1
CBSE,Class 4,Integrated Subjects,Rosemary,Semester 1 : Social Studies,Chapter 1 Family Connections,,Multiple Choice Question (QPG) Test Paper,What is a joint family?,A family with more than one set of parents and their children,A family with one set of parents and their children,A family with more than one set of parents and their children,A family with no parents and their children,A family with one parent and their children,,Other,Hard,Test Learning Outcome 1,"Skillone,skilltwo",Rosemary Class 4 Semester 1 : Social Studies Chapter 1 Family Connections Multiple Choice Question (QPG) Test Paper 2,1
CBSE,Class 4,Integrated Subjects,Rosemary,Semester 1 : Social Studies,Chapter 1 Family Connections,,Multiple Choice Question (QPG) Test Paper,What is a single parent family?,"A family with one parent, either a mother or a father",A family with one set of parents and their children,A family with more than one set of parents and their children,"A family with one parent, either a mother or a father",A family with no parents and their children,,Other,Hard,Test Learning Outcome 1,"Skillone,skilltwo",Rosemary Class 4 Semester 1 : Social Studies Chapter 1 Family Connections Multiple Choice Question (QPG) Test Paper 3,1
CBSE,Class 4,Integrated Subjects,Rosemary,Semester 1 : Social Studies,Chapter 1 Family Connections,,Multiple Choice Question (QPG) Test Paper,What is the difference between a nuclear family and a joint family?,"A nuclear family has one set of parents and their children, while a joint family has more than one set of parents and their children","A nuclear family has more than one set of parents and their children, while a joint family has one set of parents and their children","A nuclear family has one set of parents and their children, while a joint family has more than one set of parents and their children","A nuclear family has no parents and their children, while a joint family has one set of parents and their children","A nuclear family has one set of parents and their children, while a joint family has no parents",,Other,Hard,Test Learning Outcome 1,"Skillone,skilltwo",Rosemary Class 4 Semester 1 : Social Studies Chapter 1 Family Connections Multiple Choice Question (QPG) Test Paper 4,1
CBSE,Class 4,Integrated Subjects,Rosemary,Semester 1 : Social Studies,Chapter 1 Family Connections,,Multiple Choice Question (QPG) Test Paper,What are some common family routines that help in organizing daily life and creating a sense of predictability and consistency for children?,"Morning routines, getting ready for school routine, getting home from school/homework routine, dinner time routine","Morning routines, getting ready for school routine, getting home from school/homework routine, dinnertime routine","Weekly vacation routines, one-on-one time with a child, extended family/friends time, workout routine","Monthly check-in routines, bedtime routine, weekend planning routine, cleaning routine","Afternoon snack routine, playtime routine, TV time routine, bedtime story routine",,Other,Hard,Test Learning Outcome 1,"Skillone,skilltwo",Rosemary Class 4 Semester 1 : Social Studies Chapter 1 Family Connections Multiple Choice Question (QPG) Test Paper 5,1
CBSE,Class 4,Integrated Subjects,Rosemary,Semester 1 : Social Studies,Chapter 1 Family Connections,,Multiple Choice Question (QPG) Test Paper,"During which season do flowers typically bloom, and the weather becomes warmer, bringing about a sense of new energy and excitement?",Spring,Winter,Spring,Summer,Autumn,,Other,Hard,Test Learning Outcome 1,"Skillone,skilltwo",Rosemary Class 4 Semester 1 : Social Studies Chapter 1 Family Connections Multiple Choice Question (QPG) Test Paper 6,1
CBSE,Class 4,Integrated Subjects,Rosemary,Semester 1 : Social Studies,Chapter 1 Family Connections,,Multiple Choice Question (QPG) Test Paper,What additional task is highlighted as a change in home responsibilities during sunny days in summer?,Drying wet clothes,Snow removal,Watering plants,Drying wet clothes,Turning on the heater,,Other,Hard,Test Learning Outcome 1,"Skillone,skilltwo",Rosemary Class 4 Semester 1 : Social Studies Chapter 1 Family Connections Multiple Choice Question (QPG) Test Paper 7,1
CBSE,Class 4,Integrated Subjects,Rosemary,Semester 1 : Social Studies,Chapter 1 Family Connections,,Multiple Choice Question (QPG) Test Paper,"What is a common task associated with autumn, particularly when the leaves change color and the air becomes clear?",Preparing different recipes,Planting flowers,Decorating for Halloween,Preparing different recipes,Setting up outdoor furniture,,Other,Hard,Test Learning Outcome 1,"Skillone,skilltwo",Rosemary Class 4 Semester 1 : Social Studies Chapter 1 Family Connections Multiple Choice Question (QPG) Test Paper 8,1
CBSE,Class 4,Integrated Subjects,Rosemary,Semester 1 : Social Studies,Chapter 1 Family Connections,,Multiple Choice Question (QPG) Test Paper,Why is the school considered a child's second home?,"Familiarity, care, and a learning environment",Abundance of toys and games,"Familiarity, care, and learning environment",Strict disciplinary measures,Limited outdoor activities,,Other,Hard,Test Learning Outcome 1,"Skillone,skilltwo",Rosemary Class 4 Semester 1 : Social Studies Chapter 1 Family Connections Multiple Choice Question (QPG) Test Paper 9,1
CBSE,Class 4,Integrated Subjects,Rosemary,Semester 1 : Social Studies,Chapter 1 Family Connections,,Multiple Choice Question (QPG) Test Paper,What is the crucial role of family members in a child's overall development?,"Providing love, support, and a loving environment at home",Arranging playdates with friends,"Providing love, support, and a loving environment at home",Purchasing the latest gadgets for the child,Taking the child on frequent vacations,,Other,Hard,Test Learning Outcome 1,"Skillone,skilltwo",Rosemary Class 4 Semester 1 : Social Studies Chapter 1 Family Connections Multiple Choice Question (QPG) Test Paper 10,1
CBSE,Class 4,Integrated Subjects,Rosemary,Semester 1 : Social Studies,Chapter 1 Family Connections,,True or False (QPG),The changing seasons bring no new roles and responsibilities for everyone in a family,N\A,,,,,,Other,Hard,Test Learning Outcome 1,"Skillone,skilltwo",Rosemary Class 4 Semester 1 : Social Studies Chapter 1 Family Connections True or False (QPG) 1,1
CBSE,Class 4,Integrated Subjects,Rosemary,Semester 1 : Social Studies,Chapter 1 Family Connections,,True or False (QPG),We learn many values from our family members,N\A,,,,,,Other,Hard,Test Learning Outcome 1,"Skillone,skilltwo",Rosemary Class 4 Semester 1 : Social Studies Chapter 1 Family Connections True or False (QPG) 2,1
CBSE,Class 4,Integrated Subjects,Rosemary,Semester 1 : Social Studies,Chapter 1 Family Connections,,True or False (QPG),Encourage personal growth and positive behaviours,N\A,,,,,,Other,Hard,Test Learning Outcome 1,"Skillone,skilltwo",Rosemary Class 4 Semester 1 : Social Studies Chapter 1 Family Connections True or False (QPG) 3,1
CBSE,Class 4,Integrated Subjects,Rosemary,Semester 1 : Social Studies,Chapter 1 Family Connections,,True or False (QPG),Family members play the first and important role in the overall development of the child,N\A,,,,,,Other,Hard,Test Learning Outcome 1,"Skillone,skilltwo",Rosemary Class 4 Semester 1 : Social Studies Chapter 1 Family Connections True or False (QPG) 4,1
CBSE,Class 4,Integrated Subjects,Rosemary,Semester 1 : Social Studies,Chapter 1 Family Connections,,True or False (QPG),We build a joyful and comfortable home all year by working together,N\A,,,,,,Other,Hard,Test Learning Outcome 1,"Skillone,skilltwo",Rosemary Class 4 Semester 1 : Social Studies Chapter 1 Family Connections True or False (QPG) 5,1
CBSE,Class 4,Integrated Subjects,Rosemary,Semester 1 : Social Studies,Chapter 1 Family Connections,,True or False (QPG),Winter brings sunny days and vacations,N\A,,,,,,Other,Hard,Test Learning Outcome 1,"Skillone,skilltwo",Rosemary Class 4 Semester 1 : Social Studies Chapter 1 Family Connections True or False (QPG) 6,1
CBSE,Class 4,Integrated Subjects,Rosemary,Semester 1 : Social Studies,Chapter 1 Family Connections,,True or False (QPG),"The school becomes a place of familiarity, care, and learning for a child, and it plays an important part in their growth and well-being",N\A,,,,,,Other,Hard,Test Learning Outcome 1,"Skillone,skilltwo",Rosemary Class 4 Semester 1 : Social Studies Chapter 1 Family Connections True or False (QPG) 7,1
CBSE,Class 4,Integrated Subjects,Rosemary,Semester 1 : Social Studies,Chapter 1 Family Connections,,True or False (QPG),"In spring, flowers start to shed and the weather gets cold",N\A,,,,,,Other,Hard,Test Learning Outcome 1,"Skillone,skilltwo",Rosemary Class 4 Semester 1 : Social Studies Chapter 1 Family Connections True or False (QPG) 8,1
CBSE,Class 4,Integrated Subjects,Rosemary,Semester 1 : Social Studies,Chapter 1 Family Connections,,True or False (QPG),Families are of one type,N\A,,,,,,Other,Hard,Test Learning Outcome 1,"Skillone,skilltwo",Rosemary Class 4 Semester 1 : Social Studies Chapter 1 Family Connections True or False (QPG) 9,1
CBSE,Class 4,Integrated Subjects,Rosemary,Semester 1 : Social Studies,Chapter 1 Family Connections,,True or False (QPG),Deep cleaning of the home during festival time is good,N\A,,,,,,Other,Hard,Test Learning Outcome 1,"Skillone,skilltwo",Rosemary Class 4 Semester 1 : Social Studies Chapter 1 Family Connections True or False (QPG) 10,1
CBSE,Class 4,Integrated Subjects,Rosemary,Semester 1 : Social Studies,Chapter 1 Family Connections,,Fill in the blank (QPG),Every family has its own unique way of _____________ their day,N\A,,,,,,Other,Hard,Test Learning Outcome 1,"Skillone,skilltwo",Rosemary Class 4 Semester 1 : Social Studies Chapter 1 Family Connections Fill in the blank (QPG) 1,1
CBSE,Class 4,Integrated Subjects,Rosemary,Semester 1 : Social Studies,Chapter 1 Family Connections,,Fill in the blank (QPG),"We learn time management, punctuality, hygiene, discipline, and responsibility from our ___________________",N\A,,,,,,Other,Hard,Test Learning Outcome 1,"Skillone,skilltwo",Rosemary Class 4 Semester 1 : Social Studies Chapter 1 Family Connections Fill in the blank (QPG) 2,1
CBSE,Class 4,Integrated Subjects,Rosemary,Semester 1 : Social Studies,Chapter 1 Family Connections,,Fill in the blank (QPG),Being on time or doing things at the right time is known as _________________,N\A,,,,,,Other,Hard,Test Learning Outcome 1,"Skillone,skilltwo",Rosemary Class 4 Semester 1 : Social Studies Chapter 1 Family Connections Fill in the blank (QPG) 3,1
CBSE,Class 4,Integrated Subjects,Rosemary,Semester 1 : Social Studies,Chapter 1 Family Connections,,Fill in the blank (QPG),Different periods of the year with different weather conditions are known as ___________,N\A,,,,,,Other,Hard,Test Learning Outcome 1,"Skillone,skilltwo",Rosemary Class 4 Semester 1 : Social Studies Chapter 1 Family Connections Fill in the blank (QPG) 4,1
CBSE,Class 4,Integrated Subjects,Rosemary,Semester 1 : Social Studies,Chapter 1 Family Connections,,Fill in the blank (QPG),"The atmospheric conditions, such as _________, wind, and cloud cover, at a particular time and place is called weather",N\A,,,,,,Other,Hard,Test Learning Outcome 1,"Skillone,skilltwo",Rosemary Class 4 Semester 1 : Social Studies Chapter 1 Family Connections Fill in the blank (QPG) 5,1
CBSE,Class 4,Integrated Subjects,Rosemary,Semester 1 : Social Studies,Chapter 1 Family Connections,,Fill in the blank (QPG),We should appreciate our ____________ and enjoy all the different tasks that each season brings,N\A,,,,,,Other,Hard,Test Learning Outcome 1,"Skillone,skilltwo",Rosemary Class 4 Semester 1 : Social Studies Chapter 1 Family Connections Fill in the blank (QPG) 6,1
CBSE,Class 4,Integrated Subjects,Rosemary,Semester 1 : Social Studies,Chapter 1 Family Connections,,Fill in the blank (QPG),The ____________ is a child's second home,N\A,,,,,,Other,Hard,Test Learning Outcome 1,"Skillone,skilltwo",Rosemary Class 4 Semester 1 : Social Studies Chapter 1 Family Connections Fill in the blank (QPG) 7,1
CBSE,Class 4,Integrated Subjects,Rosemary,Semester 1 : Social Studies,Chapter 1 Family Connections,,Fill in the blank (QPG),Working _____________ with parents and guardians to ensure the overall growth and success of the child,N\A,,,,,,Other,Hard,Test Learning Outcome 1,"Skillone,skilltwo",Rosemary Class 4 Semester 1 : Social Studies Chapter 1 Family Connections Fill in the blank (QPG) 8,1
CBSE,Class 4,Integrated Subjects,Rosemary,Semester 1 : Social Studies,Chapter 1 Family Connections,,Fill in the blank (QPG),"We should ____________ and _____________ the family members and school staff for their love, care, and support",N\A,,,,,,Other,Hard,Test Learning Outcome 1,"Skillone,skilltwo",Rosemary Class 4 Semester 1 : Social Studies Chapter 1 Family Connections Fill in the blank (QPG) 9,1
CBSE,Class 4,Integrated Subjects,Rosemary,Semester 1 : Social Studies,Chapter 1 Family Connections,,Fill in the blank (QPG),We perform many ___________ in our daily lives,N\A,,,,,,Other,Hard,Test Learning Outcome 1,"Skillone,skilltwo",Rosemary Class 4 Semester 1 : Social Studies Chapter 1 Family Connections Fill in the blank (QPG) 10,1
CBSE,Class 4,Integrated Subjects,Rosemary,Semester 1 : Social Studies,Chapter 1 Family Connections,,Very Short Answer Questions (QPG),What is the purpose of the school in a child's life?,N\A,,,,,,Other,Hard,Test Learning Outcome 1,"Skillone,skilltwo",Rosemary Class 4 Semester 1 : Social Studies Chapter 1 Family Connections Very Short Answer Questions (QPG) 1,1
CBSE,Class 4,Integrated Subjects,Rosemary,Semester 1 : Social Studies,Chapter 1 Family Connections,,Very Short Answer Questions (QPG),What is a common characteristic of a single-parent family?,N\A,,,,,,Other,Hard,Test Learning Outcome 1,"Skillone,skilltwo",Rosemary Class 4 Semester 1 : Social Studies Chapter 1 Family Connections Very Short Answer Questions (QPG) 2,1
CBSE,Class 4,Integrated Subjects,Rosemary,Semester 1 : Social Studies,Chapter 1 Family Connections,,Very Short Answer Questions (QPG),What is the significance of daily routines in a family?,N\A,,,,,,Other,Hard,Test Learning Outcome 1,"Skillone,skilltwo",Rosemary Class 4 Semester 1 : Social Studies Chapter 1 Family Connections Very Short Answer Questions (QPG) 3,1
CBSE,Class 4,Integrated Subjects,Rosemary,Semester 1 : Social Studies,Chapter 1 Family Connections,,Very Short Answer Questions (QPG),How does the changing seasons' impact family responsibilities?,N\A,,,,,,Other,Hard,Test Learning Outcome 1,"Skillone,skilltwo",Rosemary Class 4 Semester 1 : Social Studies Chapter 1 Family Connections Very Short Answer Questions (QPG) 4,1
CBSE,Class 4,Integrated Subjects,Rosemary,Semester 1 : Social Studies,Chapter 1 Family Connections,,Very Short Answer Questions (QPG),What is a shared responsibility of both family members and school staff?,N\A,,,,,,Other,Hard,Test Learning Outcome 1,"Skillone,skilltwo",Rosemary Class 4 Semester 1 : Social Studies Chapter 1 Family Connections Very Short Answer Questions (QPG) 5,1
CBSE,Class 4,Integrated Subjects,Rosemary,Semester 1 : Social Studies,Chapter 1 Family Connections,,Very Short Answer Questions (QPG),"In winter, what special task is for keeping the home warm and joyful?",N\A,,,,,,Other,Hard,Test Learning Outcome 1,"Skillone,skilltwo",Rosemary Class 4 Semester 1 : Social Studies Chapter 1 Family Connections Very Short Answer Questions (QPG) 6,1
CBSE,Class 4,Integrated Subjects,Rosemary,Semester 1 : Social Studies,Chapter 1 Family Connections,,Very Short Answer Questions (QPG),What is the suggested attitude towards family members and school staff in the closing statement?,N\A,,,,,,Other,Hard,Test Learning Outcome 1,"Skillone,skilltwo",Rosemary Class 4 Semester 1 : Social Studies Chapter 1 Family Connections Very Short Answer Questions (QPG) 7,1
CBSE,Class 4,Integrated Subjects,Rosemary,Semester 1 : Social Studies,Chapter 1 Family Connections,,Very Short Answer Questions (QPG),What type of environment does the school provide for a child?,N\A,,,,,,Other,Hard,Test Learning Outcome 1,"Skillone,skilltwo",Rosemary Class 4 Semester 1 : Social Studies Chapter 1 Family Connections Very Short Answer Questions (QPG) 8,1
CBSE,Class 4,Integrated Subjects,Rosemary,Semester 1 : Social Studies,Chapter 1 Family Connections,,Very Short Answer Questions (QPG),What is emphasized as the main focus during spring?,N\A,,,,,,Other,Hard,Test Learning Outcome 1,"Skillone,skilltwo",Rosemary Class 4 Semester 1 : Social Studies Chapter 1 Family Connections Very Short Answer Questions (QPG) 9,1
CBSE,Class 4,Integrated Subjects,Rosemary,Semester 1 : Social Studies,Chapter 1 Family Connections,,Very Short Answer Questions (QPG),What is the primary theme regarding families?,N\A,,,,,,Other,Hard,Test Learning Outcome 1,"Skillone,skilltwo",Rosemary Class 4 Semester 1 : Social Studies Chapter 1 Family Connections Very Short Answer Questions (QPG) 10,1
CBSE,Class 4,Integrated Subjects,Rosemary,Semester 1 : Social Studies,Chapter 1 Family Connections,,Short Answer Questions (QPG),"In what ways do family members contribute to a child's overall development, and how do these contributions differ from the role of a school in nurturing a child's growth?",N\A,,,,,,Other,Hard,Test Learning Outcome 1,"Skillone,skilltwo",Rosemary Class 4 Semester 1 : Social Studies Chapter 1 Family Connections Short Answer Questions (QPG) 1,1
CBSE,Class 4,Integrated Subjects,Rosemary,Semester 1 : Social Studies,Chapter 1 Family Connections,,Short Answer Questions (QPG),What important things do we learn from our daily routines?,N\A,,,,,,Other,Hard,Test Learning Outcome 1,"Skillone,skilltwo",Rosemary Class 4 Semester 1 : Social Studies Chapter 1 Family Connections Short Answer Questions (QPG) 2,1
CBSE,Class 4,Integrated Subjects,Rosemary,Semester 1 : Social Studies,Chapter 1 Family Connections,,Short Answer Questions (QPG),What happens in spring that makes everything lively and exciting?,N\A,,,,,,Other,Hard,Test Learning Outcome 1,"Skillone,skilltwo",Rosemary Class 4 Semester 1 : Social Studies Chapter 1 Family Connections Short Answer Questions (QPG) 3,1
CBSE,Class 4,Integrated Subjects,Rosemary,Semester 1 : Social Studies,Chapter 1 Family Connections,,Short Answer Questions (QPG),Define Weather,N\A,,,,,,Other,Hard,Test Learning Outcome 1,"Skillone,skilltwo",Rosemary Class 4 Semester 1 : Social Studies Chapter 1 Family Connections Short Answer Questions (QPG) 4,1
CBSE,Class 4,Integrated Subjects,Rosemary,Semester 1 : Social Studies,Chapter 1 Family Connections,,Short Answer Questions (QPG),"Why should we thank our family, and what should we do with the different tasks that come with each season?",N\A,,,,,,Other,Hard,Test Learning Outcome 1,"Skillone,skilltwo",Rosemary Class 4 Semester 1 : Social Studies Chapter 1 Family Connections Short Answer Questions (QPG) 5,1
CBSE,Class 4,Integrated Subjects,Rosemary,Semester 1 : Social Studies,Chapter 1 Family Connections,,Short Answer Questions (QPG),Who plays a crucial role in shaping a child's overall development?,N\A,,,,,,Other,Hard,Test Learning Outcome 1,"Skillone,skilltwo",Rosemary Class 4 Semester 1 : Social Studies Chapter 1 Family Connections Short Answer Questions (QPG) 6,1
CBSE,Class 4,Integrated Subjects,Rosemary,Semester 1 : Social Studies,Chapter 1 Family Connections,,Short Answer Questions (QPG),What is the definition of vacations?,N\A,,,,,,Other,Hard,Test Learning Outcome 1,"Skillone,skilltwo",Rosemary Class 4 Semester 1 : Social Studies Chapter 1 Family Connections Short Answer Questions (QPG) 7,1
CBSE,Class 4,Integrated Subjects,Rosemary,Semester 1 : Social Studies,Chapter 1 Family Connections,,Short Answer Questions (QPG),Why is the school referred to as a child's second home?,N\A,,,,,,Other,Hard,Test Learning Outcome 1,"Skillone,skilltwo",Rosemary Class 4 Semester 1 : Social Studies Chapter 1 Family Connections Short Answer Questions (QPG) 8,1
CBSE,Class 4,Integrated Subjects,Rosemary,Semester 1 : Social Studies,Chapter 1 Family Connections,,Long Answer Questions (QPG),Write down the roles and responsibilities of family members,N\A,,,,,,Other,Hard,Test Learning Outcome 1,"Skillone,skilltwo",Rosemary Class 4 Semester 1 : Social Studies Chapter 1 Family Connections Long Answer Questions (QPG) 1,1
CBSE,Class 4,Integrated Subjects,Rosemary,Semester 1 : Social Studies,Chapter 1 Family Connections,,Long Answer Questions (QPG),Write down the roles and responsibilities of school staff,N\A,,,,,,Other,Hard,Test Learning Outcome 1,"Skillone,skilltwo",Rosemary Class 4 Semester 1 : Social Studies Chapter 1 Family Connections Long Answer Questions (QPG) 2,1
CBSE,Class 4,Integrated Subjects,Rosemary,Semester 1 : Social Studies,Chapter 1 Family Connections,,Long Answer Questions (QPG),Write down the names of different household work during different seasons,N\A,,,,,,Other,Hard,Test Learning Outcome 1,"Skillone,skilltwo",Rosemary Class 4 Semester 1 : Social Studies Chapter 1 Family Connections Long Answer Questions (QPG) 3,1
CBSE,Class 4,Integrated Subjects,Rosemary,Semester 1 : Social Studies,Chapter 1 Family Connections,,Long Answer Questions (QPG),Write down about different types of family,N\A,,,,,,Other,Hard,Test Learning Outcome 1,"Skillone,skilltwo",Rosemary Class 4 Semester 1 : Social Studies Chapter 1 Family Connections Long Answer Questions (QPG) 4,1
CBSE,Class 4,Integrated Subjects,Rosemary,Semester 1 : Social Studies,Chapter 2 Physical Features of India,,Multiple Choice Question (QPG) Test Paper,What makes India unique in terms of its geographical features?,It is the seventh-largest country in the world,It is the smallest country in the world,It has the smallest population globally,It is the seventh-largest country in the world,It is surrounded by four water bodies,,Other,Hard,Test Learning Outcome 1,"Skillone,skilltwo",Rosemary Class 4 Semester 1 : Social Studies Chapter 2 Physical Features of India Multiple Choice Question (QPG) Test Paper 1,1
CBSE,Class 4,Integrated Subjects,Rosemary,Semester 1 : Social Studies,Chapter 2 Physical Features of India,,Multiple Choice Question (QPG) Test Paper,Which countries are located to the north of India?,"China, Nepal, and Bhutan","China, Nepal, and Bhutan","Bangladesh, Myanmar, and Afghanistan","Pakistan, Sri Lanka, and Maldives","China, Nepal, and Afghanistan",,Other,Hard,Test Learning Outcome 1,"Skillone,skilltwo",Rosemary Class 4 Semester 1 : Social Studies Chapter 2 Physical Features of India Multiple Choice Question (QPG) Test Paper 2,1
CBSE,Class 4,Integrated Subjects,Rosemary,Semester 1 : Social Studies,Chapter 2 Physical Features of India,,Multiple Choice Question (QPG) Test Paper,What shape does India form?,"Triangular, broad in the middle and narrow towards the south",Square with equal sides,Rectangular with varying lengths and widths,Circular with a consistent radius,"Triangular, broad in the middle and narrow towards the south",,Other,Hard,Test Learning Outcome 1,"Skillone,skilltwo",Rosemary Class 4 Semester 1 : Social Studies Chapter 2 Physical Features of India Multiple Choice Question (QPG) Test Paper 3,1
CBSE,Class 4,Integrated Subjects,Rosemary,Semester 1 : Social Studies,Chapter 2 Physical Features of India,,Multiple Choice Question (QPG) Test Paper,Which statement accurately represents the geographical and administrative divisions of India based on the given information?,The total number of union territories in India is 8,Lakshadweep Islands are in the Bay of Bengal,India comprises 28 states and 9 union territories,Jammu and Kashmir was separated into two states in August 2019,The total number of union territories in India is 8,,Other,Hard,Test Learning Outcome 1,"Skillone,skilltwo",Rosemary Class 4 Semester 1 : Social Studies Chapter 2 Physical Features of India Multiple Choice Question (QPG) Test Paper 4,1
CBSE,Class 4,Integrated Subjects,Rosemary,Semester 1 : Social Studies,Chapter 2 Physical Features of India,,Multiple Choice Question (QPG) Test Paper,"What term is used to describe the diverse land surface of India, including mountains, plateaus, plains, deserts, lakes, and rivers?",Physical Features,Geographical Regions,Topographic Elements,Physical Features,Terrain Characteristics,,Other,Hard,Test Learning Outcome 1,"Skillone,skilltwo",Rosemary Class 4 Semester 1 : Social Studies Chapter 2 Physical Features of India Multiple Choice Question (QPG) Test Paper 5,1
CBSE,Class 4,Integrated Subjects,Rosemary,Semester 1 : Social Studies,Chapter 2 Physical Features of India,,True or False (QPG),There are 27 states and 8 union territories in India,N\A,,,,,,Other,Hard,Test Learning Outcome 1,"Skillone,skilltwo",Rosemary Class 4 Semester 1 : Social Studies Chapter 2 Physical Features of India True or False (QPG) 1,1
CBSE,Class 4,Integrated Subjects,Rosemary,Semester 1 : Social Studies,Chapter 2 Physical Features of India,,True or False (QPG),India is bounded in the north by the great Himalayas,N\A,,,,,,Other,Hard,Test Learning Outcome 1,"Skillone,skilltwo",Rosemary Class 4 Semester 1 : Social Studies Chapter 2 Physical Features of India True or False (QPG) 2,1
CBSE,Class 4,Integrated Subjects,Rosemary,Semester 1 : Social Studies,Chapter 2 Physical Features of India,,True or False (QPG),The Arabian Sea is in the west,N\A,,,,,,Other,Hard,Test Learning Outcome 1,"Skillone,skilltwo",Rosemary Class 4 Semester 1 : Social Studies Chapter 2 Physical Features of India True or False (QPG) 3,1
CBSE,Class 4,Integrated Subjects,Rosemary,Semester 1 : Social Studies,Chapter 2 Physical Features of India,,True or False (QPG),India has several countries as her neighbours,N\A,,,,,,Other,Hard,Test Learning Outcome 1,"Skillone,skilltwo",Rosemary Class 4 Semester 1 : Social Studies Chapter 2 Physical Features of India True or False (QPG) 4,1
CBSE,Class 4,Integrated Subjects,Rosemary,Semester 1 : Social Studies,Chapter 2 Physical Features of India,,True or False (QPG),India has the lowest population in the world,N\A,,,,,,Other,Hard,Test Learning Outcome 1,"Skillone,skilltwo",Rosemary Class 4 Semester 1 : Social Studies Chapter 2 Physical Features of India True or False (QPG) 5,1
CBSE,Class 4,Integrated Subjects,Rosemary,Semester 1 : Social Studies,Chapter 2 Physical Features of India,,Fill in the blank (QPG),We live in India which is the _____________ largest country in the world in terms of area,N\A,,,,,,Other,Hard,Test Learning Outcome 1,"Skillone,skilltwo",Rosemary Class 4 Semester 1 : Social Studies Chapter 2 Physical Features of India Fill in the blank (QPG) 1,1
CBSE,Class 4,Integrated Subjects,Rosemary,Semester 1 : Social Studies,Chapter 2 Physical Features of India,,Fill in the blank (QPG),India has the___________________ population in the world,N\A,,,,,,Other,Hard,Test Learning Outcome 1,"Skillone,skilltwo",Rosemary Class 4 Semester 1 : Social Studies Chapter 2 Physical Features of India Fill in the blank (QPG) 2,1
CBSE,Class 4,Integrated Subjects,Rosemary,Semester 1 : Social Studies,Chapter 2 Physical Features of India,,Fill in the blank (QPG),The mountains and seas of India separate it from the rest of ________________,N\A,,,,,,Other,Hard,Test Learning Outcome 1,"Skillone,skilltwo",Rosemary Class 4 Semester 1 : Social Studies Chapter 2 Physical Features of India Fill in the blank (QPG) 3,1
CBSE,Class 4,Integrated Subjects,Rosemary,Semester 1 : Social Studies,Chapter 2 Physical Features of India,,Fill in the blank (QPG),The Indian Ocean is named after our country i,N\A,,,,,,Other,Hard,Test Learning Outcome 1,"Skillone,skilltwo",Rosemary Class 4 Semester 1 : Social Studies Chapter 2 Physical Features of India Fill in the blank (QPG) 4,1
CBSE,Class 4,Integrated Subjects,Rosemary,Semester 1 : Social Studies,Chapter 2 Physical Features of India,,Fill in the blank (QPG),The _______________passes through the middle of India,N\A,,,,,,Other,Hard,Test Learning Outcome 1,"Skillone,skilltwo",Rosemary Class 4 Semester 1 : Social Studies Chapter 2 Physical Features of India Fill in the blank (QPG) 5,1
CBSE,Class 4,Integrated Subjects,Rosemary,Semester 1 : Social Studies,Chapter 2 Physical Features of India,,Fill in the blank (QPG),India is about __________Km long and from the west to the east it is about ________________ Km wide,N\A,,,,,,Other,Hard,Test Learning Outcome 1,"Skillone,skilltwo",Rosemary Class 4 Semester 1 : Social Studies Chapter 2 Physical Features of India Fill in the blank (QPG) 6,1
CBSE,Class 4,Integrated Subjects,Rosemary,Semester 1 : Social Studies,Chapter 2 Physical Features of India,,Fill in the blank (QPG),Andaman and Nicobar Islands lie in the ________________,N\A,,,,,,Other,Hard,Test Learning Outcome 1,"Skillone,skilltwo",Rosemary Class 4 Semester 1 : Social Studies Chapter 2 Physical Features of India Fill in the blank (QPG) 7,1
CBSE,Class 4,Integrated Subjects,Rosemary,Semester 1 : Social Studies,Chapter 2 Physical Features of India,,Fill in the blank (QPG),Lakshadweep Islands lie in the ________________,N\A,,,,,,Other,Hard,Test Learning Outcome 1,"Skillone,skilltwo",Rosemary Class 4 Semester 1 : Social Studies Chapter 2 Physical Features of India Fill in the blank (QPG) 8,1
CBSE,Class 4,Integrated Subjects,Rosemary,Semester 1 : Social Studies,Chapter 2 Physical Features of India,,Fill in the blank (QPG),The __________surface of India varies from place to place,N\A,,,,,,Other,Hard,Test Learning Outcome 1,"Skillone,skilltwo",Rosemary Class 4 Semester 1 : Social Studies Chapter 2 Physical Features of India Fill in the blank (QPG) 9,1
CBSE,Class 4,Integrated Subjects,Rosemary,Semester 1 : Social Studies,Chapter 2 Physical Features of India,,Fill in the blank (QPG),The _____________ of the country also varies from region to region,N\A,,,,,,Other,Hard,Test Learning Outcome 1,"Skillone,skilltwo",Rosemary Class 4 Semester 1 : Social Studies Chapter 2 Physical Features of India Fill in the blank (QPG) 10,1
CBSE,Class 4,Integrated Subjects,Rosemary,Semester 1 : Social Studies,Chapter 2 Physical Features of India,,Very Short Answer Questions (QPG),What is unique about India's population globally?,N\A,,,,,,Other,Hard,Test Learning Outcome 1,"Skillone,skilltwo",Rosemary Class 4 Semester 1 : Social Studies Chapter 2 Physical Features of India Very Short Answer Questions (QPG) 1,1
CBSE,Class 4,Integrated Subjects,Rosemary,Semester 1 : Social Studies,Chapter 2 Physical Features of India,,Very Short Answer Questions (QPG),Which continent does India form a large part of?,N\A,,,,,,Other,Hard,Test Learning Outcome 1,"Skillone,skilltwo",Rosemary Class 4 Semester 1 : Social Studies Chapter 2 Physical Features of India Very Short Answer Questions (QPG) 2,1
CBSE,Class 4,Integrated Subjects,Rosemary,Semester 1 : Social Studies,Chapter 2 Physical Features of India,,Very Short Answer Questions (QPG),What geographical features separate India from the rest of Asia?,N\A,,,,,,Other,Hard,Test Learning Outcome 1,"Skillone,skilltwo",Rosemary Class 4 Semester 1 : Social Studies Chapter 2 Physical Features of India Very Short Answer Questions (QPG) 3,1
CBSE,Class 4,Integrated Subjects,Rosemary,Semester 1 : Social Studies,Chapter 2 Physical Features of India,,Very Short Answer Questions (QPG),What major mountain range bounds India in the north?,N\A,,,,,,Other,Hard,Test Learning Outcome 1,"Skillone,skilltwo",Rosemary Class 4 Semester 1 : Social Studies Chapter 2 Physical Features of India Very Short Answer Questions (QPG) 4,1
CBSE,Class 4,Integrated Subjects,Rosemary,Semester 1 : Social Studies,Chapter 2 Physical Features of India,,Very Short Answer Questions (QPG),Name three water bodies that surround India,N\A,,,,,,Other,Hard,Test Learning Outcome 1,"Skillone,skilltwo",Rosemary Class 4 Semester 1 : Social Studies Chapter 2 Physical Features of India Very Short Answer Questions (QPG) 5,1
CBSE,Class 4,Integrated Subjects,Rosemary,Semester 1 : Social Studies,Chapter 2 Physical Features of India,,Very Short Answer Questions (QPG),Name two countries to the south of India,N\A,,,,,,Other,Hard,Test Learning Outcome 1,"Skillone,skilltwo",Rosemary Class 4 Semester 1 : Social Studies Chapter 2 Physical Features of India Very Short Answer Questions (QPG) 6,1
CBSE,Class 4,Integrated Subjects,Rosemary,Semester 1 : Social Studies,Chapter 2 Physical Features of India,,Very Short Answer Questions (QPG),"In relation to the Equator, where is India located?",N\A,,,,,,Other,Hard,Test Learning Outcome 1,"Skillone,skilltwo",Rosemary Class 4 Semester 1 : Social Studies Chapter 2 Physical Features of India Very Short Answer Questions (QPG) 7,1
CBSE,Class 4,Integrated Subjects,Rosemary,Semester 1 : Social Studies,Chapter 2 Physical Features of India,,Very Short Answer Questions (QPG),How many states and union territories are there in India?,N\A,,,,,,Other,Hard,Test Learning Outcome 1,"Skillone,skilltwo",Rosemary Class 4 Semester 1 : Social Studies Chapter 2 Physical Features of India Very Short Answer Questions (QPG) 8,1
CBSE,Class 4,Integrated Subjects,Rosemary,Semester 1 : Social Studies,Chapter 2 Physical Features of India,,Very Short Answer Questions (QPG),What happened to the State of Jammu and Kashmir in August 2019?,N\A,,,,,,Other,Hard,Test Learning Outcome 1,"Skillone,skilltwo",Rosemary Class 4 Semester 1 : Social Studies Chapter 2 Physical Features of India Very Short Answer Questions (QPG) 9,1
CBSE,Class 4,Integrated Subjects,Rosemary,Semester 1 : Social Studies,Chapter 2 Physical Features of India,,Very Short Answer Questions (QPG),What is the capital of India?,N\A,,,,,,Other,Hard,Test Learning Outcome 1,"Skillone,skilltwo",Rosemary Class 4 Semester 1 : Social Studies Chapter 2 Physical Features of India Very Short Answer Questions (QPG) 10,1
CBSE,Class 4,Integrated Subjects,Rosemary,Semester 1 : Social Studies,Chapter 2 Physical Features of India,,Short Answer Questions (QPG),"What is India's global ranking in terms of land area, and which continent does it belong to?",N\A,,,,,,Other,Hard,Test Learning Outcome 1,"Skillone,skilltwo",Rosemary Class 4 Semester 1 : Social Studies Chapter 2 Physical Features of India Short Answer Questions (QPG) 1,1
CBSE,Class 4,Integrated Subjects,Rosemary,Semester 1 : Social Studies,Chapter 2 Physical Features of India,,Short Answer Questions (QPG),"What are the northern boundaries of India, and which three water bodies surround the country?",N\A,,,,,,Other,Hard,Test Learning Outcome 1,"Skillone,skilltwo",Rosemary Class 4 Semester 1 : Social Studies Chapter 2 Physical Features of India Short Answer Questions (QPG) 2,1
CBSE,Class 4,Integrated Subjects,Rosemary,Semester 1 : Social Studies,Chapter 2 Physical Features of India,,Short Answer Questions (QPG),Describe the shape and dimensions of India,N\A,,,,,,Other,Hard,Test Learning Outcome 1,"Skillone,skilltwo",Rosemary Class 4 Semester 1 : Social Studies Chapter 2 Physical Features of India Short Answer Questions (QPG) 3,1
CBSE,Class 4,Integrated Subjects,Rosemary,Semester 1 : Social Studies,Chapter 2 Physical Features of India,,Long Answer Questions (QPG),"Describe the diversity of physical features in India and how they contribute to the country's varied landscape, including the six main physical divisions",N\A,,,,,,Other,Hard,Test Learning Outcome 1,"Skillone,skilltwo",Rosemary Class 4 Semester 1 : Social Studies Chapter 2 Physical Features of India Long Answer Questions (QPG) 1,1
CBSE,Class 4,Integrated Subjects,Rosemary,Semester 1 : Social Studies,Chapter 2 Physical Features of India,,Long Answer Questions (QPG),Write a detailed note on India's Neighbours,N\A,,,,,,Other,Hard,Test Learning Outcome 1,"Skillone,skilltwo",Rosemary Class 4 Semester 1 : Social Studies Chapter 2 Physical Features of India Long Answer Questions (QPG) 2,1
CBSE,Class 4,Integrated Subjects,Rosemary,Semester 1 : Social Studies,Chapter 2 Physical Features of India,,Long Answer Questions (QPG),"On an outline map of India, mark Northern region, Desert region and Coastal plains",N\A,,,,,,Other,Hard,Test Learning Outcome 1,"Skillone,skilltwo",Rosemary Class 4 Semester 1 : Social Studies Chapter 2 Physical Features of India Long Answer Questions (QPG) 3,1
CBSE,Class 4,Integrated Subjects,Rosemary,Semester 1 : Social Studies,Chapter 3 The Northern Mountains,,Multiple Choice Question (QPG) Test Paper,What are the Northern Mountains in India primarily composed of?,Himalayas and Karakoram ranges,Western Ghats,Appalachian Mountains,Himalayas and Karakoram ranges,Andes Mountains,,Other,Hard,Test Learning Outcome 1,"Skillone,skilltwo",Rosemary Class 4 Semester 1 : Social Studies Chapter 3 The Northern Mountains Multiple Choice Question (QPG) Test Paper 1,1
CBSE,Class 4,Integrated Subjects,Rosemary,Semester 1 : Social Studies,Chapter 3 The Northern Mountains,,Multiple Choice Question (QPG) Test Paper,"Where do the Himalayas, the highest mountain range in the world, lie in relation to India?",North,South,East,West,North,,Other,Hard,Test Learning Outcome 1,"Skillone,skilltwo",Rosemary Class 4 Semester 1 : Social Studies Chapter 3 The Northern Mountains Multiple Choice Question (QPG) Test Paper 2,1
CBSE,Class 4,Integrated Subjects,Rosemary,Semester 1 : Social Studies,Chapter 3 The Northern Mountains,,Multiple Choice Question (QPG) Test Paper,What does the word 'Himalaya' mean?,Abode of Snow,Valley of Flowers,Abode of Snow,Land of Peaks,Mountain of Light,,Other,Hard,Test Learning Outcome 1,"Skillone,skilltwo",Rosemary Class 4 Semester 1 : Social Studies Chapter 3 The Northern Mountains Multiple Choice Question (QPG) Test Paper 3,1
CBSE,Class 4,Integrated Subjects,Rosemary,Semester 1 : Social Studies,Chapter 3 The Northern Mountains,,Multiple Choice Question (QPG) Test Paper,Where does the Himalayan range extend from in the north to the east?,Kashmir to Arunachal Pradesh,Punjab to Assam,Gujarat to West Bengal,Kashmir to Arunachal Pradesh,Rajasthan to Nagaland,,Other,Hard,Test Learning Outcome 1,"Skillone,skilltwo",Rosemary Class 4 Semester 1 : Social Studies Chapter 3 The Northern Mountains Multiple Choice Question (QPG) Test Paper 4,1
CBSE,Class 4,Integrated Subjects,Rosemary,Semester 1 : Social Studies,Chapter 3 The Northern Mountains,,Multiple Choice Question (QPG) Test Paper,What is a notable characteristic of the highest peaks in the Himalayas?,Year-round snow cover,Dense forests,Year-round snow cover,Volcanic activity,Desert landscapes,,Other,Hard,Test Learning Outcome 1,"Skillone,skilltwo",Rosemary Class 4 Semester 1 : Social Studies Chapter 3 The Northern Mountains Multiple Choice Question (QPG) Test Paper 5,1
CBSE,Class 4,Integrated Subjects,Rosemary,Semester 1 : Social Studies,Chapter 3 The Northern Mountains,,Multiple Choice Question (QPG) Test Paper,How can the Himalayas be classified in terms of their structure?,Three parallel ranges,Two parallel ranges,Four parallel ranges,Three parallel ranges,Single continuous range,,Other,Hard,Test Learning Outcome 1,"Skillone,skilltwo",Rosemary Class 4 Semester 1 : Social Studies Chapter 3 The Northern Mountains Multiple Choice Question (QPG) Test Paper 6,1
CBSE,Class 4,Integrated Subjects,Rosemary,Semester 1 : Social Studies,Chapter 3 The Northern Mountains,,Multiple Choice Question (QPG) Test Paper,Which is the uppermost range of the Himalayas?,Himadri,Lesser Himalayas,Himadri,Shivaliks,Trans-Himalayas,,Other,Hard,Test Learning Outcome 1,"Skillone,skilltwo",Rosemary Class 4 Semester 1 : Social Studies Chapter 3 The Northern Mountains Multiple Choice Question (QPG) Test Paper 7,1
CBSE,Class 4,Integrated Subjects,Rosemary,Semester 1 : Social Studies,Chapter 3 The Northern Mountains,,Multiple Choice Question (QPG) Test Paper,Name a major peak located in the Himadri range of the Himalayas,Mount Everest,Nanda Devi,Mount Everest,Dhaulagiri,Makalu,,Other,Hard,Test Learning Outcome 1,"Skillone,skilltwo",Rosemary Class 4 Semester 1 : Social Studies Chapter 3 The Northern Mountains Multiple Choice Question (QPG) Test Paper 8,1
CBSE,Class 4,Integrated Subjects,Rosemary,Semester 1 : Social Studies,Chapter 3 The Northern Mountains,,Multiple Choice Question (QPG) Test Paper,Who were the first individuals to successfully climb Mt .Everest in 1953?,Tenzing Norgay and Edmund Hillary,Tenzing Norgay and Bachendri Pal,Edmund Hillary and Bachendri Pal,Tenzing Norgay and Edmund Hillary,None of these,,Other,Hard,Test Learning Outcome 1,"Skillone,skilltwo",Rosemary Class 4 Semester 1 : Social Studies Chapter 3 The Northern Mountains Multiple Choice Question (QPG) Test Paper 9,1
CBSE,Class 4,Integrated Subjects,Rosemary,Semester 1 : Social Studies,Chapter 3 The Northern Mountains,,Multiple Choice Question (QPG) Test Paper,Who was the first Indian woman to climb Mt. Everest?,Bachendri Pal,Tenzing Norgay,Edmund Hillary,Bachendri Pal,Annapurna Devi,,Other,Hard,Test Learning Outcome 1,"Skillone,skilltwo",Rosemary Class 4 Semester 1 : Social Studies Chapter 3 The Northern Mountains Multiple Choice Question (QPG) Test Paper 10,1
CBSE,Class 4,Integrated Subjects,Rosemary,Semester 1 : Social Studies,Chapter 3 The Northern Mountains,,True or False (QPG),Pashmina shawls of Kashmir are very famous all over the world,N\A,,,,,,Other,Hard,Test Learning Outcome 1,"Skillone,skilltwo",Rosemary Class 4 Semester 1 : Social Studies Chapter 3 The Northern Mountains True or False (QPG) 1,1
CBSE,Class 4,Integrated Subjects,Rosemary,Semester 1 : Social Studies,Chapter 3 The Northern Mountains,,True or False (QPG),"Due to cold weather, people wear warm gowns, called phirans, and put kangri to keep themselves warm",N\A,,,,,,Other,Hard,Test Learning Outcome 1,"Skillone,skilltwo",Rosemary Class 4 Semester 1 : Social Studies Chapter 3 The Northern Mountains True or False (QPG) 2,1
CBSE,Class 4,Integrated Subjects,Rosemary,Semester 1 : Social Studies,Chapter 3 The Northern Mountains,,True or False (QPG),Dehradun is the capital of Jammu and Kashmir,N\A,,,,,,Other,Hard,Test Learning Outcome 1,"Skillone,skilltwo",Rosemary Class 4 Semester 1 : Social Studies Chapter 3 The Northern Mountains True or False (QPG) 3,1
CBSE,Class 4,Integrated Subjects,Rosemary,Semester 1 : Social Studies,Chapter 3 The Northern Mountains,,True or False (QPG),The Indian Military Academy (IMA,N\A,,,,,,Other,Hard,Test Learning Outcome 1,"Skillone,skilltwo",Rosemary Class 4 Semester 1 : Social Studies Chapter 3 The Northern Mountains True or False (QPG) 4,1
CBSE,Class 4,Integrated Subjects,Rosemary,Semester 1 : Social Studies,Chapter 3 The Northern Mountains,,True or False (QPG),The Himalayan mountains in Uttarakhand are called Kumaon and Garhwal Hills,N\A,,,,,,Other,Hard,Test Learning Outcome 1,"Skillone,skilltwo",Rosemary Class 4 Semester 1 : Social Studies Chapter 3 The Northern Mountains True or False (QPG) 5,1
CBSE,Class 4,Integrated Subjects,Rosemary,Semester 1 : Social Studies,Chapter 3 The Northern Mountains,,True or False (QPG),The state of Sikkim lies in the western parts of India,N\A,,,,,,Other,Hard,Test Learning Outcome 1,"Skillone,skilltwo",Rosemary Class 4 Semester 1 : Social Studies Chapter 3 The Northern Mountains True or False (QPG) 6,1
CBSE,Class 4,Integrated Subjects,Rosemary,Semester 1 : Social Studies,Chapter 3 The Northern Mountains,,True or False (QPG),The border of Sikkim touches Nepal and Bhutan,N\A,,,,,,Other,Hard,Test Learning Outcome 1,"Skillone,skilltwo",Rosemary Class 4 Semester 1 : Social Studies Chapter 3 The Northern Mountains True or False (QPG) 7,1
CBSE,Class 4,Integrated Subjects,Rosemary,Semester 1 : Social Studies,Chapter 3 The Northern Mountains,,True or False (QPG),"Meghalaya is located in the Khasi, Jaintia and Garo hills",N\A,,,,,,Other,Hard,Test Learning Outcome 1,"Skillone,skilltwo",Rosemary Class 4 Semester 1 : Social Studies Chapter 3 The Northern Mountains True or False (QPG) 8,1
CBSE,Class 4,Integrated Subjects,Rosemary,Semester 1 : Social Studies,Chapter 3 The Northern Mountains,,True or False (QPG),Mizoram lies in the southern corner of India,N\A,,,,,,Other,Hard,Test Learning Outcome 1,"Skillone,skilltwo",Rosemary Class 4 Semester 1 : Social Studies Chapter 3 The Northern Mountains True or False (QPG) 9,1
CBSE,Class 4,Integrated Subjects,Rosemary,Semester 1 : Social Studies,Chapter 3 The Northern Mountains,,True or False (QPG),The bamboo dance of Mizoram is very popular,N\A,,,,,,Other,Hard,Test Learning Outcome 1,"Skillone,skilltwo",Rosemary Class 4 Semester 1 : Social Studies Chapter 3 The Northern Mountains True or False (QPG) 10,1
CBSE,Class 4,Integrated Subjects,Rosemary,Semester 1 : Social Studies,Chapter 3 The Northern Mountains,,Fill in the blank (QPG),"From the peaks, glaciers slowly move ______________",N\A,,,,,,Other,Hard,Test Learning Outcome 1,"Skillone,skilltwo",Rosemary Class 4 Semester 1 : Social Studies Chapter 3 The Northern Mountains Fill in the blank (QPG) 1,1
CBSE,Class 4,Integrated Subjects,Rosemary,Semester 1 : Social Studies,Chapter 3 The Northern Mountains,,Fill in the blank (QPG),______________ is the glacier from where the river Ganga originates,N\A,,,,,,Other,Hard,Test Learning Outcome 1,"Skillone,skilltwo",Rosemary Class 4 Semester 1 : Social Studies Chapter 3 The Northern Mountains Fill in the blank (QPG) 2,1
CBSE,Class 4,Integrated Subjects,Rosemary,Semester 1 : Social Studies,Chapter 3 The Northern Mountains,,Fill in the blank (QPG),The ______________ run parallel to the south of greater Himalayas,N\A,,,,,,Other,Hard,Test Learning Outcome 1,"Skillone,skilltwo",Rosemary Class 4 Semester 1 : Social Studies Chapter 3 The Northern Mountains Fill in the blank (QPG) 3,1
CBSE,Class 4,Integrated Subjects,Rosemary,Semester 1 : Social Studies,Chapter 3 The Northern Mountains,,Fill in the blank (QPG),The ______________ hills lie to the south of the Himachal ranges,N\A,,,,,,Other,Hard,Test Learning Outcome 1,"Skillone,skilltwo",Rosemary Class 4 Semester 1 : Social Studies Chapter 3 The Northern Mountains Fill in the blank (QPG) 4,1
CBSE,Class 4,Integrated Subjects,Rosemary,Semester 1 : Social Studies,Chapter 3 The Northern Mountains,,Fill in the blank (QPG),The Himalayas ___________ our northern borders,N\A,,,,,,Other,Hard,Test Learning Outcome 1,"Skillone,skilltwo",Rosemary Class 4 Semester 1 : Social Studies Chapter 3 The Northern Mountains Fill in the blank (QPG) 5,1
CBSE,Class 4,Integrated Subjects,Rosemary,Semester 1 : Social Studies,Chapter 3 The Northern Mountains,,Fill in the blank (QPG),Karakoram Mountains lie in the _____________of the Himalayas,N\A,,,,,,Other,Hard,Test Learning Outcome 1,"Skillone,skilltwo",Rosemary Class 4 Semester 1 : Social Studies Chapter 3 The Northern Mountains Fill in the blank (QPG) 6,1
CBSE,Class 4,Integrated Subjects,Rosemary,Semester 1 : Social Studies,Chapter 3 The Northern Mountains,,Fill in the blank (QPG),The Himalayas check the rain-bearing _____________ winds,N\A,,,,,,Other,Hard,Test Learning Outcome 1,"Skillone,skilltwo",Rosemary Class 4 Semester 1 : Social Studies Chapter 3 The Northern Mountains Fill in the blank (QPG) 7,1
CBSE,Class 4,Integrated Subjects,Rosemary,Semester 1 : Social Studies,Chapter 3 The Northern Mountains,,Fill in the blank (QPG),___________ have been built across many rivers to produce hydro-electricity,N\A,,,,,,Other,Hard,Test Learning Outcome 1,"Skillone,skilltwo",Rosemary Class 4 Semester 1 : Social Studies Chapter 3 The Northern Mountains Fill in the blank (QPG) 8,1
CBSE,Class 4,Integrated Subjects,Rosemary,Semester 1 : Social Studies,Chapter 3 The Northern Mountains,,Fill in the blank (QPG),The houseboats in _________ Lake are floating houses for tourists,N\A,,,,,,Other,Hard,Test Learning Outcome 1,"Skillone,skilltwo",Rosemary Class 4 Semester 1 : Social Studies Chapter 3 The Northern Mountains Fill in the blank (QPG) 9,1
CBSE,Class 4,Integrated Subjects,Rosemary,Semester 1 : Social Studies,Chapter 3 The Northern Mountains,,Fill in the blank (QPG),The capital of Himachal Pradesh is _____________,N\A,,,,,,Other,Hard,Test Learning Outcome 1,"Skillone,skilltwo",Rosemary Class 4 Semester 1 : Social Studies Chapter 3 The Northern Mountains Fill in the blank (QPG) 10,1
CBSE,Class 4,Integrated Subjects,Rosemary,Semester 1 : Social Studies,Chapter 3 The Northern Mountains,,Short Answer Questions (QPG),"Which state in the North-Eastern region is known as the easternmost state of India, and what is its capital?",N\A,,,,,,Other,Hard,Test Learning Outcome 1,"Skillone,skilltwo",Rosemary Class 4 Semester 1 : Social Studies Chapter 3 The Northern Mountains Short Answer Questions (QPG) 1,1
CBSE,Class 4,Integrated Subjects,Rosemary,Semester 1 : Social Studies,Chapter 3 The Northern Mountains,,Short Answer Questions (QPG),"What is the main occupation of the people in Manipur, and which dance form is considered one of the most elegant in the country?",N\A,,,,,,Other,Hard,Test Learning Outcome 1,"Skillone,skilltwo",Rosemary Class 4 Semester 1 : Social Studies Chapter 3 The Northern Mountains Short Answer Questions (QPG) 2,1
CBSE,Class 4,Integrated Subjects,Rosemary,Semester 1 : Social Studies,Chapter 3 The Northern Mountains,,Short Answer Questions (QPG),"Name the state that is surrounded on three sides by Bangladesh, and what is its capital?",N\A,,,,,,Other,Hard,Test Learning Outcome 1,"Skillone,skilltwo",Rosemary Class 4 Semester 1 : Social Studies Chapter 3 The Northern Mountains Short Answer Questions (QPG) 3,1
CBSE,Class 4,Integrated Subjects,Rosemary,Semester 1 : Social Studies,Chapter 3 The Northern Mountains,,Short Answer Questions (QPG),"In which state of the North-Eastern region do the Nagas, the dominant tribe, speak the Naga language?",N\A,,,,,,Other,Hard,Test Learning Outcome 1,"Skillone,skilltwo",Rosemary Class 4 Semester 1 : Social Studies Chapter 3 The Northern Mountains Short Answer Questions (QPG) 4,1
CBSE,Class 4,Integrated Subjects,Rosemary,Semester 1 : Social Studies,Chapter 3 The Northern Mountains,,Short Answer Questions (QPG),"What is the main language spoken by the people of Assam, and for what is Assam famous in terms of production?",N\A,,,,,,Other,Hard,Test Learning Outcome 1,"Skillone,skilltwo",Rosemary Class 4 Semester 1 : Social Studies Chapter 3 The Northern Mountains Short Answer Questions (QPG) 5,1
CBSE,Class 4,Integrated Subjects,Rosemary,Semester 1 : Social Studies,Chapter 3 The Northern Mountains,,Short Answer Questions (QPG),What are the famous tourist attractions in Himachal Pradesh?,N\A,,,,,,Other,Hard,Test Learning Outcome 1,"Skillone,skilltwo",Rosemary Class 4 Semester 1 : Social Studies Chapter 3 The Northern Mountains Short Answer Questions (QPG) 6,1
CBSE,Class 4,Integrated Subjects,Rosemary,Semester 1 : Social Studies,Chapter 3 The Northern Mountains,,Short Answer Questions (QPG),"What are the main occupations of the people in Himachal Pradesh, and what crops are grown on terrace farms?",N\A,,,,,,Other,Hard,Test Learning Outcome 1,"Skillone,skilltwo",Rosemary Class 4 Semester 1 : Social Studies Chapter 3 The Northern Mountains Short Answer Questions (QPG) 7,1
CBSE,Class 4,Integrated Subjects,Rosemary,Semester 1 : Social Studies,Chapter 3 The Northern Mountains,,Short Answer Questions (QPG),Describe the traditional attire of women and men in Himachal Pradesh,N\A,,,,,,Other,Hard,Test Learning Outcome 1,"Skillone,skilltwo",Rosemary Class 4 Semester 1 : Social Studies Chapter 3 The Northern Mountains Short Answer Questions (QPG) 8,1
CBSE,Class 4,Integrated Subjects,Rosemary,Semester 1 : Social Studies,Chapter 3 The Northern Mountains,,Short Answer Questions (QPG),Which festival is most popular in the Kullu and Kangra valleys of Himachal Pradesh?,N\A,,,,,,Other,Hard,Test Learning Outcome 1,"Skillone,skilltwo",Rosemary Class 4 Semester 1 : Social Studies Chapter 3 The Northern Mountains Short Answer Questions (QPG) 9,1
CBSE,Class 4,Integrated Subjects,Rosemary,Semester 1 : Social Studies,Chapter 3 The Northern Mountains,,Short Answer Questions (QPG),Name two important hill stations in Uttarakhand and the famous pilgrim centers in the region,N\A,,,,,,Other,Hard,Test Learning Outcome 1,"Skillone,skilltwo",Rosemary Class 4 Semester 1 : Social Studies Chapter 3 The Northern Mountains Short Answer Questions (QPG) 10,1
CBSE,Class 4,Integrated Subjects,Rosemary,Semester 1 : Social Studies,Chapter 3 The Northern Mountains,,Long Answer Questions (QPG),Describe the geographical significance of the Himalayas and their impact on the climate and environment in Northern India,N\A,,,,,,Other,Hard,Test Learning Outcome 1,"Skillone,skilltwo",Rosemary Class 4 Semester 1 : Social Studies Chapter 3 The Northern Mountains Long Answer Questions (QPG) 1,1
CBSE,Class 4,Integrated Subjects,Rosemary,Semester 1 : Social Studies,Chapter 3 The Northern Mountains,,Long Answer Questions (QPG),"Examine the cultural diversity of the Himalayan region, focusing on specific states like Jammu and Kashmir, Himachal Pradesh, and Uttarakhand",N\A,,,,,,Other,Hard,Test Learning Outcome 1,"Skillone,skilltwo",Rosemary Class 4 Semester 1 : Social Studies Chapter 3 The Northern Mountains Long Answer Questions (QPG) 2,1
CBSE,Class 4,Integrated Subjects,Rosemary,Semester 1 : Social Studies,Chapter 3 The Northern Mountains,,Long Answer Questions (QPG),Discuss the role of the Himalayan mountain range in India's defense strategy,N\A,,,,,,Other,Hard,Test Learning Outcome 1,"Skillone,skilltwo",Rosemary Class 4 Semester 1 : Social Studies Chapter 3 The Northern Mountains Long Answer Questions (QPG) 3,1
CBSE,Class 4,Integrated Subjects,Rosemary,Semester 1 : Social Studies,Chapter 3 The Northern Mountains,,Long Answer Questions (QPG),Explore the ecological importance of the Southernmost Himalayas (Shiwalik hills,N\A,,,,,,Other,Hard,Test Learning Outcome 1,"Skillone,skilltwo",Rosemary Class 4 Semester 1 : Social Studies Chapter 3 The Northern Mountains Long Answer Questions (QPG) 4,1
CBSE,Class 4,Integrated Subjects,Rosemary,Semester 1 : Social Studies,Chapter 3 The Northern Mountains,,Long Answer Questions (QPG),"Explain the economic activities and livelihoods of people living in the Himalayan states, with a focus on Jammu and Kashmir, Himachal Pradesh, and Uttarakhand",N\A,,,,,,Other,Hard,Test Learning Outcome 1,"Skillone,skilltwo",Rosemary Class 4 Semester 1 : Social Studies Chapter 3 The Northern Mountains Long Answer Questions (QPG) 5,1
CBSE,Class 4,Integrated Subjects,Rosemary,Semester 1 : Social Studies,Chapter 3 The Northern Mountains,,Long Answer Questions (QPG),"Investigate the cultural and religious significance of pilgrimage sites in the Himalayan region, such as Amarnath cave, Vaishno Devi shrine, and Kedarnath Temple",N\A,,,,,,Other,Hard,Test Learning Outcome 1,"Skillone,skilltwo",Rosemary Class 4 Semester 1 : Social Studies Chapter 3 The Northern Mountains Long Answer Questions (QPG) 6,1
CBSE,Class 4,Integrated Subjects,Rosemary,Semester 1 : Social Studies,Chapter 3 The Northern Mountains,,Long Answer Questions (QPG),"Evaluate the impact of tourism on the Himalayan states, specifically focusing on how it has influenced the economy, environment, and local cultures",N\A,,,,,,Other,Hard,Test Learning Outcome 1,"Skillone,skilltwo",Rosemary Class 4 Semester 1 : Social Studies Chapter 3 The Northern Mountains Long Answer Questions (QPG) 7,1
CBSE,Class 4,Integrated Subjects,Rosemary,Semester 1 : Social Studies,Chapter 3 The Northern Mountains,,Long Answer Questions (QPG),"Examine the challenges faced by the people living in the remote areas of the Himalayas, considering factors such as limited access to resources, harsh climatic conditions, and the impact of natural disasters",N\A,,,,,,Other,Hard,Test Learning Outcome 1,"Skillone,skilltwo",Rosemary Class 4 Semester 1 : Social Studies Chapter 3 The Northern Mountains Long Answer Questions (QPG) 8,1
CBSE,Class 4,Integrated Subjects,Rosemary,Semester 1 : Social Studies,Chapter 3 The Northern Mountains,,Long Answer Questions (QPG),Explore the role of traditional practices like terrace farming in the Himalayan states and their significance in sustaining agriculture in the mountainous terrain,N\A,,,,,,Other,Hard,Test Learning Outcome 1,"Skillone,skilltwo",Rosemary Class 4 Semester 1 : Social Studies Chapter 3 The Northern Mountains Long Answer Questions (QPG) 9,1
CBSE,Class 4,Integrated Subjects,Rosemary,Semester 1 : Social Studies,Chapter 3 The Northern Mountains,,Long Answer Questions (QPG),"Investigate the unique cultural heritage of Sikkim, considering its blend of Buddhism and diverse indigenous traditions",N\A,,,,,,Other,Hard,Test Learning Outcome 1,"Skillone,skilltwo",Rosemary Class 4 Semester 1 : Social Studies Chapter 3 The Northern Mountains Long Answer Questions (QPG) 10,1
CBSE,Class 4,Integrated Subjects,Rosemary,Semester 1 : Social Studies,Chapter 4 The Northern Plains,,Multiple Choice Question (QPG) Test Paper,What geographical features border the Northern Plains?,Himalayas and Southern Plateaus,Western Ghats and Arabian Sea,Himalayas and Southern Plateaus,Eastern Ghats and Bay of Bengal,Thar Desert and Indian Ocean,,Other,Hard,Test Learning Outcome 1,"Skillone,skilltwo",Rosemary Class 4 Semester 1 : Social Studies Chapter 4 The Northern Plains Multiple Choice Question (QPG) Test Paper 1,1
CBSE,Class 4,Integrated Subjects,Rosemary,Semester 1 : Social Studies,Chapter 4 The Northern Plains,,Multiple Choice Question (QPG) Test Paper,What is the easternmost extent of the Northern Plains?,Assam,Rajasthan,Bihar,Assam,West Bengal,,Other,Hard,Test Learning Outcome 1,"Skillone,skilltwo",Rosemary Class 4 Semester 1 : Social Studies Chapter 4 The Northern Plains Multiple Choice Question (QPG) Test Paper 2,1
CBSE,Class 4,Integrated Subjects,Rosemary,Semester 1 : Social Studies,Chapter 4 The Northern Plains,,Multiple Choice Question (QPG) Test Paper,Why are the Northern Plains referred to as the 'Food Bowl of India'?,Because of the large-scale production of foodgrains like wheat and rice,Due to the presence of diverse cuisines,Because of the large-scale production of foodgrains like wheat and rice,The region's rich cultural heritage in food,Abundance of food festivals in the area,,Other,Hard,Test Learning Outcome 1,"Skillone,skilltwo",Rosemary Class 4 Semester 1 : Social Studies Chapter 4 The Northern Plains Multiple Choice Question (QPG) Test Paper 3,1
CBSE,Class 4,Integrated Subjects,Rosemary,Semester 1 : Social Studies,Chapter 4 The Northern Plains,,Multiple Choice Question (QPG) Test Paper,What type of soil is deposited by rivers like Ganga and Yamuna on the Northern Plains?,Silt or alluvium,Red soil,Loamy soil,Silt or alluvium,Sandy soil,,Other,Hard,Test Learning Outcome 1,"Skillone,skilltwo",Rosemary Class 4 Semester 1 : Social Studies Chapter 4 The Northern Plains Multiple Choice Question (QPG) Test Paper 4,1
CBSE,Class 4,Integrated Subjects,Rosemary,Semester 1 : Social Studies,Chapter 4 The Northern Plains,,Multiple Choice Question (QPG) Test Paper,Why do rivers in the Northern Plains have water throughout the year?,Seasonal snowmelt,Heavy monsoon rainfall,Seasonal snowmelt,Continuous underground springs,Frequent cyclones in the region,,Other,Hard,Test Learning Outcome 1,"Skillone,skilltwo",Rosemary Class 4 Semester 1 : Social Studies Chapter 4 The Northern Plains Multiple Choice Question (QPG) Test Paper 5,1
CBSE,Class 4,Integrated Subjects,Rosemary,Semester 1 : Social Studies,Chapter 4 The Northern Plains,,Multiple Choice Question (QPG) Test Paper,Which of the following is NOT one of the three important rivers of the Northern Plains?,Godaveri,Satluj,Ganga,Yamuna,Godavari,,Other,Hard,Test Learning Outcome 1,"Skillone,skilltwo",Rosemary Class 4 Semester 1 : Social Studies Chapter 4 The Northern Plains Multiple Choice Question (QPG) Test Paper 6,1
CBSE,Class 4,Integrated Subjects,Rosemary,Semester 1 : Social Studies,Chapter 4 The Northern Plains,,Multiple Choice Question (QPG) Test Paper,What is a river basin?,An area watered by a river and its tributaries,A region with high annual rainfall,An area with diverse flora and fauna,A zone where rivers meet the sea,An area watered by a river and its tributaries,,Other,Hard,Test Learning Outcome 1,"Skillone,skilltwo",Rosemary Class 4 Semester 1 : Social Studies Chapter 4 The Northern Plains Multiple Choice Question (QPG) Test Paper 7,1
CBSE,Class 4,Integrated Subjects,Rosemary,Semester 1 : Social Studies,Chapter 4 The Northern Plains,,Multiple Choice Question (QPG) Test Paper,Which rivers are considered as the three important rivers of the Northern Plains?,"Satluj, Ganga, Brahmaputra","Yamuna, Narmada, Godavari","Satluj, Ganga, Brahmaputra","Indus, Tapti, Mahanadi","Krishna, Chenab, Beas",,Other,Hard,Test Learning Outcome 1,"Skillone,skilltwo",Rosemary Class 4 Semester 1 : Social Studies Chapter 4 The Northern Plains Multiple Choice Question (QPG) Test Paper 8,1
CBSE,Class 4,Integrated Subjects,Rosemary,Semester 1 : Social Studies,Chapter 4 The Northern Plains,,Multiple Choice Question (QPG) Test Paper,From where does the Satluj River originate?,Tibet,Himalayas,Tibet,Western Ghats,Central India,,Other,Hard,Test Learning Outcome 1,"Skillone,skilltwo",Rosemary Class 4 Semester 1 : Social Studies Chapter 4 The Northern Plains Multiple Choice Question (QPG) Test Paper 9,1
CBSE,Class 4,Integrated Subjects,Rosemary,Semester 1 : Social Studies,Chapter 4 The Northern Plains,,Multiple Choice Question (QPG) Test Paper,Which rivers join the Indus River in Pakistan before it flows into the Arabian Sea?,Satluj and Beas,Satluj and Beas,Ganga and Brahmaputra,Yamuna and Ganga,Chenab and Jhelum,,Other,Hard,Test Learning Outcome 1,"Skillone,skilltwo",Rosemary Class 4 Semester 1 : Social Studies Chapter 4 The Northern Plains Multiple Choice Question (QPG) Test Paper 10,1
CBSE,Class 4,Integrated Subjects,Rosemary,Semester 1 : Social Studies,Chapter 4 The Northern Plains,,True or False (QPG),"Patna, located on the banks of river Ganga is the capital of Bihar",N\A,,,,,,Other,Hard,Test Learning Outcome 1,"Skillone,skilltwo",Rosemary Class 4 Semester 1 : Social Studies Chapter 4 The Northern Plains True or False (QPG) 1,1
CBSE,Class 4,Integrated Subjects,Rosemary,Semester 1 : Social Studies,Chapter 4 The Northern Plains,,True or False (QPG),"Jharkhand is very rich in minerals like iron, coal and bauxite",N\A,,,,,,Other,Hard,Test Learning Outcome 1,"Skillone,skilltwo",Rosemary Class 4 Semester 1 : Social Studies Chapter 4 The Northern Plains True or False (QPG) 2,1
CBSE,Class 4,Integrated Subjects,Rosemary,Semester 1 : Social Studies,Chapter 4 The Northern Plains,,True or False (QPG),Dispur is the capital of Nagaland,N\A,,,,,,Other,Hard,Test Learning Outcome 1,"Skillone,skilltwo",Rosemary Class 4 Semester 1 : Social Studies Chapter 4 The Northern Plains True or False (QPG) 3,1
CBSE,Class 4,Integrated Subjects,Rosemary,Semester 1 : Social Studies,Chapter 4 The Northern Plains,,True or False (QPG),Tripura is surrounded by Bangladesh on three sides,N\A,,,,,,Other,Hard,Test Learning Outcome 1,"Skillone,skilltwo",Rosemary Class 4 Semester 1 : Social Studies Chapter 4 The Northern Plains True or False (QPG) 4,1
CBSE,Class 4,Integrated Subjects,Rosemary,Semester 1 : Social Studies,Chapter 4 The Northern Plains,,True or False (QPG),The famous Shantiniketan founded by Rabindranath Tagore,N\A,,,,,,Other,Hard,Test Learning Outcome 1,"Skillone,skilltwo",Rosemary Class 4 Semester 1 : Social Studies Chapter 4 The Northern Plains True or False (QPG) 5,1
CBSE,Class 4,Integrated Subjects,Rosemary,Semester 1 : Social Studies,Chapter 4 The Northern Plains,,True or False (QPG),Lucknow is the capital of Uttar Pradesh,N\A,,,,,,Other,Hard,Test Learning Outcome 1,"Skillone,skilltwo",Rosemary Class 4 Semester 1 : Social Studies Chapter 4 The Northern Plains True or False (QPG) 6,1
CBSE,Class 4,Integrated Subjects,Rosemary,Semester 1 : Social Studies,Chapter 4 The Northern Plains,,True or False (QPG),Panipat is famous for automobiles,N\A,,,,,,Other,Hard,Test Learning Outcome 1,"Skillone,skilltwo",Rosemary Class 4 Semester 1 : Social Studies Chapter 4 The Northern Plains True or False (QPG) 7,1
CBSE,Class 4,Integrated Subjects,Rosemary,Semester 1 : Social Studies,Chapter 4 The Northern Plains,,True or False (QPG),Baisakhi and Guruparvas are important festivals of Punjab,N\A,,,,,,Other,Hard,Test Learning Outcome 1,"Skillone,skilltwo",Rosemary Class 4 Semester 1 : Social Studies Chapter 4 The Northern Plains True or False (QPG) 8,1
CBSE,Class 4,Integrated Subjects,Rosemary,Semester 1 : Social Studies,Chapter 4 The Northern Plains,,True or False (QPG),A triangular piece of land formed at the mouth of a river is called a branch,N\A,,,,,,Other,Hard,Test Learning Outcome 1,"Skillone,skilltwo",Rosemary Class 4 Semester 1 : Social Studies Chapter 4 The Northern Plains True or False (QPG) 9,1
CBSE,Class 4,Integrated Subjects,Rosemary,Semester 1 : Social Studies,Chapter 4 The Northern Plains,,True or False (QPG),The Ganga enters the Northern Plains near Rishikesh,N\A,,,,,,Other,Hard,Test Learning Outcome 1,"Skillone,skilltwo",Rosemary Class 4 Semester 1 : Social Studies Chapter 4 The Northern Plains True or False (QPG) 10,1
CBSE,Class 4,Integrated Subjects,Rosemary,Semester 1 : Social Studies,Chapter 4 The Northern Plains,,Fill in the blank (QPG),The ______________ Dam has been built on the Satluj river,N\A,,,,,,Other,Hard,Test Learning Outcome 1,"Skillone,skilltwo",Rosemary Class 4 Semester 1 : Social Studies Chapter 4 The Northern Plains Fill in the blank (QPG) 1,1
CBSE,Class 4,Integrated Subjects,Rosemary,Semester 1 : Social Studies,Chapter 4 The Northern Plains,,Fill in the blank (QPG),The Ganga river originates as _____________ from the Gangotri glacier in the Himalayan Mountains,N\A,,,,,,Other,Hard,Test Learning Outcome 1,"Skillone,skilltwo",Rosemary Class 4 Semester 1 : Social Studies Chapter 4 The Northern Plains Fill in the blank (QPG) 2,1
CBSE,Class 4,Integrated Subjects,Rosemary,Semester 1 : Social Studies,Chapter 4 The Northern Plains,,Fill in the blank (QPG),The Yamuna joins Ganga at a place near ________________,N\A,,,,,,Other,Hard,Test Learning Outcome 1,"Skillone,skilltwo",Rosemary Class 4 Semester 1 : Social Studies Chapter 4 The Northern Plains Fill in the blank (QPG) 3,1
CBSE,Class 4,Integrated Subjects,Rosemary,Semester 1 : Social Studies,Chapter 4 The Northern Plains,,Fill in the blank (QPG),The ___________is the main branch of the Ganga in India,N\A,,,,,,Other,Hard,Test Learning Outcome 1,"Skillone,skilltwo",Rosemary Class 4 Semester 1 : Social Studies Chapter 4 The Northern Plains Fill in the blank (QPG) 4,1
CBSE,Class 4,Integrated Subjects,Rosemary,Semester 1 : Social Studies,Chapter 4 The Northern Plains,,Fill in the blank (QPG),The literal meaning of Punjab is ‘__________________’,N\A,,,,,,Other,Hard,Test Learning Outcome 1,"Skillone,skilltwo",Rosemary Class 4 Semester 1 : Social Studies Chapter 4 The Northern Plains Fill in the blank (QPG) 5,1
CBSE,Class 4,Integrated Subjects,Rosemary,Semester 1 : Social Studies,Chapter 4 The Northern Plains,,Fill in the blank (QPG),_______________ means the ‘abode of God’,N\A,,,,,,Other,Hard,Test Learning Outcome 1,"Skillone,skilltwo",Rosemary Class 4 Semester 1 : Social Studies Chapter 4 The Northern Plains Fill in the blank (QPG) 6,1
CBSE,Class 4,Integrated Subjects,Rosemary,Semester 1 : Social Studies,Chapter 4 The Northern Plains,,Fill in the blank (QPG),Sonipat is famous for _____________,N\A,,,,,,Other,Hard,Test Learning Outcome 1,"Skillone,skilltwo",Rosemary Class 4 Semester 1 : Social Studies Chapter 4 The Northern Plains Fill in the blank (QPG) 7,1
CBSE,Class 4,Integrated Subjects,Rosemary,Semester 1 : Social Studies,Chapter 4 The Northern Plains,,Fill in the blank (QPG),Uttar Pradesh is the most ____________ state of India,N\A,,,,,,Other,Hard,Test Learning Outcome 1,"Skillone,skilltwo",Rosemary Class 4 Semester 1 : Social Studies Chapter 4 The Northern Plains Fill in the blank (QPG) 8,1
CBSE,Class 4,Integrated Subjects,Rosemary,Semester 1 : Social Studies,Chapter 4 The Northern Plains,,Fill in the blank (QPG),The world famous ‘Taj Mahal’ is located in _________________,N\A,,,,,,Other,Hard,Test Learning Outcome 1,"Skillone,skilltwo",Rosemary Class 4 Semester 1 : Social Studies Chapter 4 The Northern Plains Fill in the blank (QPG) 9,1
CBSE,Class 4,Integrated Subjects,Rosemary,Semester 1 : Social Studies,Chapter 4 The Northern Plains,,Fill in the blank (QPG),______________ is the fastest and chief mode of transportation in Delhi,N\A,,,,,,Other,Hard,Test Learning Outcome 1,"Skillone,skilltwo",Rosemary Class 4 Semester 1 : Social Studies Chapter 4 The Northern Plains Fill in the blank (QPG) 10,1
CBSE,Class 4,Integrated Subjects,Rosemary,Semester 1 : Social Studies,Chapter 4 The Northern Plains,,Short Answer Questions (QPG),What is the geographical extent of the Northern Plains in India?,N\A,,,,,,Other,Hard,Test Learning Outcome 1,"Skillone,skilltwo",Rosemary Class 4 Semester 1 : Social Studies Chapter 4 The Northern Plains Short Answer Questions (QPG) 1,1
CBSE,Class 4,Integrated Subjects,Rosemary,Semester 1 : Social Studies,Chapter 4 The Northern Plains,,Short Answer Questions (QPG),Which regions does the Northern Plains cover from west to east?,N\A,,,,,,Other,Hard,Test Learning Outcome 1,"Skillone,skilltwo",Rosemary Class 4 Semester 1 : Social Studies Chapter 4 The Northern Plains Short Answer Questions (QPG) 2,1
CBSE,Class 4,Integrated Subjects,Rosemary,Semester 1 : Social Studies,Chapter 4 The Northern Plains,,Short Answer Questions (QPG),Between which two geographical features do the Northern Plains lie?,N\A,,,,,,Other,Hard,Test Learning Outcome 1,"Skillone,skilltwo",Rosemary Class 4 Semester 1 : Social Studies Chapter 4 The Northern Plains Short Answer Questions (QPG) 3,1
CBSE,Class 4,Integrated Subjects,Rosemary,Semester 1 : Social Studies,Chapter 4 The Northern Plains,,Short Answer Questions (QPG),Name some of the states and union territories that are part of the Northern Plains,N\A,,,,,,Other,Hard,Test Learning Outcome 1,"Skillone,skilltwo",Rosemary Class 4 Semester 1 : Social Studies Chapter 4 The Northern Plains Short Answer Questions (QPG) 4,1
CBSE,Class 4,Integrated Subjects,Rosemary,Semester 1 : Social Studies,Chapter 4 The Northern Plains,,Short Answer Questions (QPG),Why are the Northern Plains referred to as the 'Food Bowl of India'?,N\A,,,,,,Other,Hard,Test Learning Outcome 1,"Skillone,skilltwo",Rosemary Class 4 Semester 1 : Social Studies Chapter 4 The Northern Plains Short Answer Questions (QPG) 5,1
CBSE,Class 4,Integrated Subjects,Rosemary,Semester 1 : Social Studies,Chapter 4 The Northern Plains,,Short Answer Questions (QPG),What types of food grains are produced in large quantities in the Northern Plains?,N\A,,,,,,Other,Hard,Test Learning Outcome 1,"Skillone,skilltwo",Rosemary Class 4 Semester 1 : Social Studies Chapter 4 The Northern Plains Short Answer Questions (QPG) 6,1
CBSE,Class 4,Integrated Subjects,Rosemary,Semester 1 : Social Studies,Chapter 4 The Northern Plains,,Short Answer Questions (QPG),"Which rivers flow through the Northern Plains, and what is the source of their water?",N\A,,,,,,Other,Hard,Test Learning Outcome 1,"Skillone,skilltwo",Rosemary Class 4 Semester 1 : Social Studies Chapter 4 The Northern Plains Short Answer Questions (QPG) 7,1
CBSE,Class 4,Integrated Subjects,Rosemary,Semester 1 : Social Studies,Chapter 4 The Northern Plains,,Short Answer Questions (QPG),What is the significance of the rivers in the Northern Plains for agriculture?,N\A,,,,,,Other,Hard,Test Learning Outcome 1,"Skillone,skilltwo",Rosemary Class 4 Semester 1 : Social Studies Chapter 4 The Northern Plains Short Answer Questions (QPG) 8,1
CBSE,Class 4,Integrated Subjects,Rosemary,Semester 1 : Social Studies,Chapter 4 The Northern Plains,,Short Answer Questions (QPG),What is the primary type of soil deposited by the rivers in the Northern Plains?,N\A,,,,,,Other,Hard,Test Learning Outcome 1,"Skillone,skilltwo",Rosemary Class 4 Semester 1 : Social Studies Chapter 4 The Northern Plains Short Answer Questions (QPG) 9,1
CBSE,Class 4,Integrated Subjects,Rosemary,Semester 1 : Social Studies,Chapter 4 The Northern Plains,,Short Answer Questions (QPG),Name the three important rivers that flow through the Northern Plains,N\A,,,,,,Other,Hard,Test Learning Outcome 1,"Skillone,skilltwo",Rosemary Class 4 Semester 1 : Social Studies Chapter 4 The Northern Plains Short Answer Questions (QPG) 10,1
CBSE,Class 4,Integrated Subjects,Rosemary,Semester 1 : Social Studies,Chapter 4 The Northern Plains,,Long Answer Questions (QPG),"Explain the significance of the Satluj River in the Northern Plains, including its origin, flow direction, and its role in irrigation and electricity generation",N\A,,,,,,Other,Hard,Test Learning Outcome 1,"Skillone,skilltwo",Rosemary Class 4 Semester 1 : Social Studies Chapter 4 The Northern Plains Long Answer Questions (QPG) 1,1
CBSE,Class 4,Integrated Subjects,Rosemary,Semester 1 : Social Studies,Chapter 4 The Northern Plains,,Long Answer Questions (QPG),"Describe the journey of the Ganga River from its origin in the Himalayas to its entry into the Northern Plains, highlighting the major tributaries and cities it passes through",N\A,,,,,,Other,Hard,Test Learning Outcome 1,"Skillone,skilltwo",Rosemary Class 4 Semester 1 : Social Studies Chapter 4 The Northern Plains Long Answer Questions (QPG) 2,1
CBSE,Class 4,Integrated Subjects,Rosemary,Semester 1 : Social Studies,Chapter 4 The Northern Plains,,Long Answer Questions (QPG),"Explore the Brahmaputra River Basin, covering its origin, entry into India, flow through Assam, and its role in forming the largest delta in the world",N\A,,,,,,Other,Hard,Test Learning Outcome 1,"Skillone,skilltwo",Rosemary Class 4 Semester 1 : Social Studies Chapter 4 The Northern Plains Long Answer Questions (QPG) 3,1
CBSE,Class 4,Integrated Subjects,Rosemary,Semester 1 : Social Studies,Chapter 4 The Northern Plains,,Long Answer Questions (QPG),"Discuss the cultural and economic characteristics of Punjab, focusing on its agriculture, industries, and traditional attire",N\A,,,,,,Other,Hard,Test Learning Outcome 1,"Skillone,skilltwo",Rosemary Class 4 Semester 1 : Social Studies Chapter 4 The Northern Plains Long Answer Questions (QPG) 4,1
CBSE,Class 4,Integrated Subjects,Rosemary,Semester 1 : Social Studies,Chapter 4 The Northern Plains,,Long Answer Questions (QPG),"Detail the agricultural practices and major crops of Haryana, emphasizing the significance of dairy farming and the annual cattle fair in Hissar",N\A,,,,,,Other,Hard,Test Learning Outcome 1,"Skillone,skilltwo",Rosemary Class 4 Semester 1 : Social Studies Chapter 4 The Northern Plains Long Answer Questions (QPG) 5,1
CBSE,Class 4,Integrated Subjects,Rosemary,Semester 1 : Social Studies,Chapter 4 The Northern Plains,,Long Answer Questions (QPG),"Analyze the economic activities and industrial towns in Uttar Pradesh, with a focus on the agricultural products and famous landmarks",N\A,,,,,,Other,Hard,Test Learning Outcome 1,"Skillone,skilltwo",Rosemary Class 4 Semester 1 : Social Studies Chapter 4 The Northern Plains Long Answer Questions (QPG) 6,1
CBSE,Class 4,Integrated Subjects,Rosemary,Semester 1 : Social Studies,Chapter 4 The Northern Plains,,Long Answer Questions (QPG),"Examine the cultural aspects of West Bengal, including the staple food, traditional attire, and significant festivals such as Durga Puja",N\A,,,,,,Other,Hard,Test Learning Outcome 1,"Skillone,skilltwo",Rosemary Class 4 Semester 1 : Social Studies Chapter 4 The Northern Plains Long Answer Questions (QPG) 7,1
CBSE,Class 4,Integrated Subjects,Rosemary,Semester 1 : Social Studies,Chapter 4 The Northern Plains,,Long Answer Questions (QPG),"Provide an overview of Delhi as the capital of India, discussing its diverse population, cultural representation, and notable landmarks",N\A,,,,,,Other,Hard,Test Learning Outcome 1,"Skillone,skilltwo",Rosemary Class 4 Semester 1 : Social Studies Chapter 4 The Northern Plains Long Answer Questions (QPG) 8,1
CBSE,Class 4,Integrated Subjects,Rosemary,Semester 1 : Social Studies,Chapter 4 The Northern Plains,,Long Answer Questions (QPG),"Explore the historical and cultural significance of Bihar, mentioning key historical figures, major crops, and festivals celebrated in the state",N\A,,,,,,Other,Hard,Test Learning Outcome 1,"Skillone,skilltwo",Rosemary Class 4 Semester 1 : Social Studies Chapter 4 The Northern Plains Long Answer Questions (QPG) 9,1
CBSE,Class 4,Integrated Subjects,Rosemary,Semester 1 : Social Studies,Chapter 4 The Northern Plains,,Long Answer Questions (QPG),"Explain the formation of Jharkhand and its economic richness in minerals, highlighting the importance of towns like Ranchi and industrial centers like Jamshedpur",Relationships among family members,Friendships,Relationships among family members,School subjects,Favourite hobbies,,Other,Hard,Test Learning Outcome 1,"Skillone,skilltwo",Rosemary Class 4 Semester 1 : Social Studies Chapter 4 The Northern Plains Long Answer Questions (QPG) 10,1
CBSE,Class 4,Integrated Subjects,Rosemary,Semester 1 : Social Studies,Chapter 5 The Great Indian Desert,,Multiple Choice Question (QPG) Test Paper,What is a desert?,A flat area covered with sand,A mountainous region covered with snow,A flat area covered with sand,A dense forest with abundant vegetation,A vast grassland with moderate rainfall,,Other,Hard,Test Learning Outcome 1,"Skillone,skilltwo",Rosemary Class 4 Semester 1 : Social Studies Chapter 5 The Great Indian Desert Multiple Choice Question (QPG) Test Paper 1,1
CBSE,Class 4,Integrated Subjects,Rosemary,Semester 1 : Social Studies,Chapter 5 The Great Indian Desert,,Multiple Choice Question (QPG) Test Paper,What characterizes a desert in terms of vegetation?,Sparse vegetation with limited plant life,Rich and diverse vegetation,Moderate vegetation with tall trees,Sparse vegetation with limited plant life,Lush greenery and dense forests,,Other,Hard,Test Learning Outcome 1,"Skillone,skilltwo",Rosemary Class 4 Semester 1 : Social Studies Chapter 5 The Great Indian Desert Multiple Choice Question (QPG) Test Paper 2,1
CBSE,Class 4,Integrated Subjects,Rosemary,Semester 1 : Social Studies,Chapter 5 The Great Indian Desert,,Multiple Choice Question (QPG) Test Paper,What is a significant environmental characteristic of a desert?,Very low rainfall,High humidity levels,Abundance of water bodies,Heavy and consistent rainfall,Very low rainfall,,Other,Hard,Test Learning Outcome 1,"Skillone,skilltwo",Rosemary Class 4 Semester 1 : Social Studies Chapter 5 The Great Indian Desert Multiple Choice Question (QPG) Test Paper 3,1
CBSE,Class 4,Integrated Subjects,Rosemary,Semester 1 : Social Studies,Chapter 5 The Great Indian Desert,,Multiple Choice Question (QPG) Test Paper,Where is Rajasthan located in relation to the Northern Plains?,To the southwest,To the northeast,To the northwest,To the southwest,To the southeast,,Other,Hard,Test Learning Outcome 1,"Skillone,skilltwo",Rosemary Class 4 Semester 1 : Social Studies Chapter 5 The Great Indian Desert Multiple Choice Question (QPG) Test Paper 4,1
CBSE,Class 4,Integrated Subjects,Rosemary,Semester 1 : Social Studies,Chapter 5 The Great Indian Desert,,Multiple Choice Question (QPG) Test Paper,What geographical feature divides Rajasthan into two parts?,The Aravalli Hills,The Thar Desert,The Vindhya Range,The Aravalli Hills,The Great Rann of Kutch,,Other,Hard,Test Learning Outcome 1,"Skillone,skilltwo",Rosemary Class 4 Semester 1 : Social Studies Chapter 5 The Great Indian Desert Multiple Choice Question (QPG) Test Paper 5,1
CBSE,Class 4,Integrated Subjects,Rosemary,Semester 1 : Social Studies,Chapter 5 The Great Indian Desert,,Multiple Choice Question (QPG) Test Paper,How is the eastern part of Rajasthan described in terms of fertility?,Fertile,Rich in minerals,Rocky and sandy,Fertile,Mountainous,,Other,Hard,Test Learning Outcome 1,"Skillone,skilltwo",Rosemary Class 4 Semester 1 : Social Studies Chapter 5 The Great Indian Desert Multiple Choice Question (QPG) Test Paper 6,1
CBSE,Class 4,Integrated Subjects,Rosemary,Semester 1 : Social Studies,Chapter 5 The Great Indian Desert,,Multiple Choice Question (QPG) Test Paper,Which river flows in the eastern part of Rajasthan?,Chambal,Ganga,Yamuna,Chambal,Brahmaputra,,Other,Hard,Test Learning Outcome 1,"Skillone,skilltwo",Rosemary Class 4 Semester 1 : Social Studies Chapter 5 The Great Indian Desert Multiple Choice Question (QPG) Test Paper 7,1
CBSE,Class 4,Integrated Subjects,Rosemary,Semester 1 : Social Studies,Chapter 5 The Great Indian Desert,,Multiple Choice Question (QPG) Test Paper,What is the western part of Rajasthan commonly known as?,The Thar Desert,The Aravalli Hills,The Ganges Plains,The Thar Desert,The Chambal Valley,,Other,Hard,Test Learning Outcome 1,"Skillone,skilltwo",Rosemary Class 4 Semester 1 : Social Studies Chapter 5 The Great Indian Desert Multiple Choice Question (QPG) Test Paper 8,1
CBSE,Class 4,Integrated Subjects,Rosemary,Semester 1 : Social Studies,Chapter 5 The Great Indian Desert,,Multiple Choice Question (QPG) Test Paper,What alternative name is given to the Thar Desert?,The Indian Desert,The Gobi Desert,The Sahara Desert,The Indian Desert,The Atacama Desert,,Other,Hard,Test Learning Outcome 1,"Skillone,skilltwo",Rosemary Class 4 Semester 1 : Social Studies Chapter 5 The Great Indian Desert Multiple Choice Question (QPG) Test Paper 9,1
CBSE,Class 4,Integrated Subjects,Rosemary,Semester 1 : Social Studies,Chapter 5 The Great Indian Desert,,Multiple Choice Question (QPG) Test Paper,What are the main factors that contributed to the formation of the Thar Desert?,Low rainfall and heavy soil erosion,High rainfall and dense vegetation,Low rainfall and heavy soil erosion,Volcanic activity and seismic disturbances,Glacial melting and river sedimentation,,Other,Hard,Test Learning Outcome 1,"Skillone,skilltwo",Rosemary Class 4 Semester 1 : Social Studies Chapter 5 The Great Indian Desert Multiple Choice Question (QPG) Test Paper 10,1
CBSE,Class 4,Integrated Subjects,Rosemary,Semester 1 : Social Studies,Chapter 5 The Great Indian Desert,,True or False (QPG),The camel has a lump of fat in its hump,N\A,,,,,,Other,Hard,Test Learning Outcome 1,"Skillone,skilltwo",Rosemary Class 4 Semester 1 : Social Studies Chapter 5 The Great Indian Desert True or False (QPG) 1,1
CBSE,Class 4,Integrated Subjects,Rosemary,Semester 1 : Social Studies,Chapter 5 The Great Indian Desert,,True or False (QPG),The weather has influenced the dress of the people of this region,N\A,,,,,,Other,Hard,Test Learning Outcome 1,"Skillone,skilltwo",Rosemary Class 4 Semester 1 : Social Studies Chapter 5 The Great Indian Desert True or False (QPG) 2,1
CBSE,Class 4,Integrated Subjects,Rosemary,Semester 1 : Social Studies,Chapter 5 The Great Indian Desert,,True or False (QPG),There are some salt water lakes in Rajasthan,N\A,,,,,,Other,Hard,Test Learning Outcome 1,"Skillone,skilltwo",Rosemary Class 4 Semester 1 : Social Studies Chapter 5 The Great Indian Desert True or False (QPG) 3,1
CBSE,Class 4,Integrated Subjects,Rosemary,Semester 1 : Social Studies,Chapter 5 The Great Indian Desert,,True or False (QPG),The desert region remains cool and wet throughout the year,N\A,,,,,,Other,Hard,Test Learning Outcome 1,"Skillone,skilltwo",Rosemary Class 4 Semester 1 : Social Studies Chapter 5 The Great Indian Desert True or False (QPG) 4,1
CBSE,Class 4,Integrated Subjects,Rosemary,Semester 1 : Social Studies,Chapter 5 The Great Indian Desert,,True or False (QPG),A desert is a high area covered with forests,N\A,,,,,,Other,Hard,Test Learning Outcome 1,"Skillone,skilltwo",Rosemary Class 4 Semester 1 : Social Studies Chapter 5 The Great Indian Desert True or False (QPG) 5,1
CBSE,Class 4,Integrated Subjects,Rosemary,Semester 1 : Social Studies,Chapter 5 The Great Indian Desert,,True or False (QPG),In the west it forms a part of Sindh Desert in Pakistan,N\A,,,,,,Other,Hard,Test Learning Outcome 1,"Skillone,skilltwo",Rosemary Class 4 Semester 1 : Social Studies Chapter 5 The Great Indian Desert True or False (QPG) 6,1
CBSE,Class 4,Integrated Subjects,Rosemary,Semester 1 : Social Studies,Chapter 5 The Great Indian Desert,,True or False (QPG),Hawa Mahal is in Jaipur,N\A,,,,,,Other,Hard,Test Learning Outcome 1,"Skillone,skilltwo",Rosemary Class 4 Semester 1 : Social Studies Chapter 5 The Great Indian Desert True or False (QPG) 7,1
CBSE,Class 4,Integrated Subjects,Rosemary,Semester 1 : Social Studies,Chapter 5 The Great Indian Desert,,True or False (QPG),We have a responsibility to protect the water and environment in the Indian Desert so that it stays healthy and balanced for a long time,N\A,,,,,,Other,Hard,Test Learning Outcome 1,"Skillone,skilltwo",Rosemary Class 4 Semester 1 : Social Studies Chapter 5 The Great Indian Desert True or False (QPG) 8,1
CBSE,Class 4,Integrated Subjects,Rosemary,Semester 1 : Social Studies,Chapter 5 The Great Indian Desert,,True or False (QPG),Jaipur the capital of Rajasthan,N\A,,,,,,Other,Hard,Test Learning Outcome 1,"Skillone,skilltwo",Rosemary Class 4 Semester 1 : Social Studies Chapter 5 The Great Indian Desert True or False (QPG) 9,1
CBSE,Class 4,Integrated Subjects,Rosemary,Semester 1 : Social Studies,Chapter 5 The Great Indian Desert,,True or False (QPG),Jaipur is called as Pink City as most of the buildings are made of pink colour,N\A,,,,,,Other,Hard,Test Learning Outcome 1,"Skillone,skilltwo",Rosemary Class 4 Semester 1 : Social Studies Chapter 5 The Great Indian Desert True or False (QPG) 10,1
CBSE,Class 4,Integrated Subjects,Rosemary,Semester 1 : Social Studies,Chapter 5 The Great Indian Desert,,Fill in the blank (QPG),The desert region remains __________ and _____________ throughout the year,N\A,,,,,,Other,Hard,Test Learning Outcome 1,"Skillone,skilltwo",Rosemary Class 4 Semester 1 : Social Studies Chapter 5 The Great Indian Desert Fill in the blank (QPG) 1,1
CBSE,Class 4,Integrated Subjects,Rosemary,Semester 1 : Social Studies,Chapter 5 The Great Indian Desert,,Fill in the blank (QPG),Sand dunes are small _____________ of sand,N\A,,,,,,Other,Hard,Test Learning Outcome 1,"Skillone,skilltwo",Rosemary Class 4 Semester 1 : Social Studies Chapter 5 The Great Indian Desert Fill in the blank (QPG) 2,1
CBSE,Class 4,Integrated Subjects,Rosemary,Semester 1 : Social Studies,Chapter 5 The Great Indian Desert,,Fill in the blank (QPG),Sometimes ______________ blows away the sand with great speed,N\A,,,,,,Other,Hard,Test Learning Outcome 1,"Skillone,skilltwo",Rosemary Class 4 Semester 1 : Social Studies Chapter 5 The Great Indian Desert Fill in the blank (QPG) 3,1
CBSE,Class 4,Integrated Subjects,Rosemary,Semester 1 : Social Studies,Chapter 5 The Great Indian Desert,,Fill in the blank (QPG),The _______ at the Thar Desert is based on its climate,N\A,,,,,,Other,Hard,Test Learning Outcome 1,"Skillone,skilltwo",Rosemary Class 4 Semester 1 : Social Studies Chapter 5 The Great Indian Desert Fill in the blank (QPG) 4,1
CBSE,Class 4,Integrated Subjects,Rosemary,Semester 1 : Social Studies,Chapter 5 The Great Indian Desert,,Fill in the blank (QPG),River ___________ is the important river of the Indian Desert,N\A,,,,,,Other,Hard,Test Learning Outcome 1,"Skillone,skilltwo",Rosemary Class 4 Semester 1 : Social Studies Chapter 5 The Great Indian Desert Fill in the blank (QPG) 5,1
CBSE,Class 4,Integrated Subjects,Rosemary,Semester 1 : Social Studies,Chapter 5 The Great Indian Desert,,Fill in the blank (QPG),_______________ in Rajasthan is India’s largest salt lake,N\A,,,,,,Other,Hard,Test Learning Outcome 1,"Skillone,skilltwo",Rosemary Class 4 Semester 1 : Social Studies Chapter 5 The Great Indian Desert Fill in the blank (QPG) 6,1
CBSE,Class 4,Integrated Subjects,Rosemary,Semester 1 : Social Studies,Chapter 5 The Great Indian Desert,,Fill in the blank (QPG),Water stored in tanks and wells helps to __________ the land,N\A,,,,,,Other,Hard,Test Learning Outcome 1,"Skillone,skilltwo",Rosemary Class 4 Semester 1 : Social Studies Chapter 5 The Great Indian Desert Fill in the blank (QPG) 7,1
CBSE,Class 4,Integrated Subjects,Rosemary,Semester 1 : Social Studies,Chapter 5 The Great Indian Desert,,Fill in the blank (QPG),The __________is the most important domesticated animal found in the desert,N\A,,,,,,Other,Hard,Test Learning Outcome 1,"Skillone,skilltwo",Rosemary Class 4 Semester 1 : Social Studies Chapter 5 The Great Indian Desert Fill in the blank (QPG) 8,1
CBSE,Class 4,Integrated Subjects,Rosemary,Semester 1 : Social Studies,Chapter 5 The Great Indian Desert,,Fill in the blank (QPG),People move across the desert in groups with camels called a _______________,N\A,,,,,,Other,Hard,Test Learning Outcome 1,"Skillone,skilltwo",Rosemary Class 4 Semester 1 : Social Studies Chapter 5 The Great Indian Desert Fill in the blank (QPG) 9,1
CBSE,Class 4,Integrated Subjects,Rosemary,Semester 1 : Social Studies,Chapter 5 The Great Indian Desert,,Fill in the blank (QPG),_____________ craft items and tie and dye fabrics are famous all over the world,N\A,,,,,,Other,Hard,Test Learning Outcome 1,"Skillone,skilltwo",Rosemary Class 4 Semester 1 : Social Studies Chapter 5 The Great Indian Desert Fill in the blank (QPG) 10,1
CBSE,Class 4,Integrated Subjects,Rosemary,Semester 1 : Social Studies,Chapter 5 The Great Indian Desert,,Short Answer Questions (QPG),Why is the camel considered the chief means of transport in the desert?,N\A,,,,,,Other,Hard,Test Learning Outcome 1,"Skillone,skilltwo",Rosemary Class 4 Semester 1 : Social Studies Chapter 5 The Great Indian Desert Short Answer Questions (QPG) 1,1
CBSE,Class 4,Integrated Subjects,Rosemary,Semester 1 : Social Studies,Chapter 5 The Great Indian Desert,,Short Answer Questions (QPG),What advantage do the camel's padded hooves provide in the desert environment?,N\A,,,,,,Other,Hard,Test Learning Outcome 1,"Skillone,skilltwo",Rosemary Class 4 Semester 1 : Social Studies Chapter 5 The Great Indian Desert Short Answer Questions (QPG) 2,1
CBSE,Class 4,Integrated Subjects,Rosemary,Semester 1 : Social Studies,Chapter 5 The Great Indian Desert,,Short Answer Questions (QPG),What purpose does the lump of fat in the camel's hump serve?,N\A,,,,,,Other,Hard,Test Learning Outcome 1,"Skillone,skilltwo",Rosemary Class 4 Semester 1 : Social Studies Chapter 5 The Great Indian Desert Short Answer Questions (QPG) 3,1
CBSE,Class 4,Integrated Subjects,Rosemary,Semester 1 : Social Studies,Chapter 5 The Great Indian Desert,,Short Answer Questions (QPG),"Why do the people in Rajasthan move from one place to another, and what items do they sell during their travels?",N\A,,,,,,Other,Hard,Test Learning Outcome 1,"Skillone,skilltwo",Rosemary Class 4 Semester 1 : Social Studies Chapter 5 The Great Indian Desert Short Answer Questions (QPG) 4,1
CBSE,Class 4,Integrated Subjects,Rosemary,Semester 1 : Social Studies,Chapter 5 The Great Indian Desert,,Short Answer Questions (QPG),What term is used to describe people who keep moving with their belongings in Rajasthan?,N\A,,,,,,Other,Hard,Test Learning Outcome 1,"Skillone,skilltwo",Rosemary Class 4 Semester 1 : Social Studies Chapter 5 The Great Indian Desert Short Answer Questions (QPG) 5,1
CBSE,Class 4,Integrated Subjects,Rosemary,Semester 1 : Social Studies,Chapter 5 The Great Indian Desert,,Short Answer Questions (QPG),How do people in Rajasthan traditionally transport their goods across the desert?,N\A,,,,,,Other,Hard,Test Learning Outcome 1,"Skillone,skilltwo",Rosemary Class 4 Semester 1 : Social Studies Chapter 5 The Great Indian Desert Short Answer Questions (QPG) 6,1
CBSE,Class 4,Integrated Subjects,Rosemary,Semester 1 : Social Studies,Chapter 5 The Great Indian Desert,,Short Answer Questions (QPG),"What are some of the minerals mined by people in the region, and what craft items are famous worldwide?",N\A,,,,,,Other,Hard,Test Learning Outcome 1,"Skillone,skilltwo",Rosemary Class 4 Semester 1 : Social Studies Chapter 5 The Great Indian Desert Short Answer Questions (QPG) 7,1
CBSE,Class 4,Integrated Subjects,Rosemary,Semester 1 : Social Studies,Chapter 5 The Great Indian Desert,,Short Answer Questions (QPG),How has the weather influenced the traditional dress of the people in this region?,N\A,,,,,,Other,Hard,Test Learning Outcome 1,"Skillone,skilltwo",Rosemary Class 4 Semester 1 : Social Studies Chapter 5 The Great Indian Desert Short Answer Questions (QPG) 8,1
CBSE,Class 4,Integrated Subjects,Rosemary,Semester 1 : Social Studies,Chapter 5 The Great Indian Desert,,Short Answer Questions (QPG),Why do both men and women cover their heads during the day in this region?,N\A,,,,,,Other,Hard,Test Learning Outcome 1,"Skillone,skilltwo",Rosemary Class 4 Semester 1 : Social Studies Chapter 5 The Great Indian Desert Short Answer Questions (QPG) 9,1
CBSE,Class 4,Integrated Subjects,Rosemary,Semester 1 : Social Studies,Chapter 5 The Great Indian Desert,,Short Answer Questions (QPG),What is the traditional headwear for men in this region?,N\A,,,,,,Other,Hard,Test Learning Outcome 1,"Skillone,skilltwo",Rosemary Class 4 Semester 1 : Social Studies Chapter 5 The Great Indian Desert Short Answer Questions (QPG) 10,1
CBSE,Class 4,Integrated Subjects,Rosemary,Semester 1 : Social Studies,Chapter 5 The Great Indian Desert,,Long Answer Questions (QPG),"Describe the geographical features of Rajasthan, including the division caused by the Aravalli Hills and the presence of the Thar Desert",N\A,,,,,,Other,Hard,Test Learning Outcome 1,"Skillone,skilltwo",Rosemary Class 4 Semester 1 : Social Studies Chapter 5 The Great Indian Desert Long Answer Questions (QPG) 1,1
CBSE,Class 4,Integrated Subjects,Rosemary,Semester 1 : Social Studies,Chapter 5 The Great Indian Desert,,Long Answer Questions (QPG),"Explain the formation of the Thar Desert, mentioning the factors like low rainfall and heavy soil erosion",N\A,,,,,,Other,Hard,Test Learning Outcome 1,"Skillone,skilltwo",Rosemary Class 4 Semester 1 : Social Studies Chapter 5 The Great Indian Desert Long Answer Questions (QPG) 2,1
CBSE,Class 4,Integrated Subjects,Rosemary,Semester 1 : Social Studies,Chapter 5 The Great Indian Desert,,Long Answer Questions (QPG),"Discuss the climate of the Thar Desert, highlighting the characteristics of summers and winters",N\A,,,,,,Other,Hard,Test Learning Outcome 1,"Skillone,skilltwo",Rosemary Class 4 Semester 1 : Social Studies Chapter 5 The Great Indian Desert Long Answer Questions (QPG) 3,1
CBSE,Class 4,Integrated Subjects,Rosemary,Semester 1 : Social Studies,Chapter 5 The Great Indian Desert,,Long Answer Questions (QPG),"Elaborate on the issue of soil erosion in the Thar Desert and its consequences, including the formation of sand dunes",N\A,,,,,,Other,Hard,Test Learning Outcome 1,"Skillone,skilltwo",Rosemary Class 4 Semester 1 : Social Studies Chapter 5 The Great Indian Desert Long Answer Questions (QPG) 4,1
CBSE,Class 4,Integrated Subjects,Rosemary,Semester 1 : Social Studies,Chapter 5 The Great Indian Desert,,Long Answer Questions (QPG),"Describe the vegetation in the Thar Desert, emphasizing the types of plants and crops that thrive in the arid climate",N\A,,,,,,Other,Hard,Test Learning Outcome 1,"Skillone,skilltwo",Rosemary Class 4 Semester 1 : Social Studies Chapter 5 The Great Indian Desert Long Answer Questions (QPG) 5,1
CBSE,Class 4,Integrated Subjects,Rosemary,Semester 1 : Social Studies,Chapter 5 The Great Indian Desert,,Long Answer Questions (QPG),Explain the significance of oases in the Thar Desert and how they contribute to the local ecosystem,N\A,,,,,,Other,Hard,Test Learning Outcome 1,"Skillone,skilltwo",Rosemary Class 4 Semester 1 : Social Studies Chapter 5 The Great Indian Desert Long Answer Questions (QPG) 6,1
CBSE,Class 4,Integrated Subjects,Rosemary,Semester 1 : Social Studies,Chapter 5 The Great Indian Desert,,Long Answer Questions (QPG),"Discuss the government's efforts to address water scarcity in Rajasthan, focusing on initiatives like the Indira Gandhi Canal",N\A,,,,,,Other,Hard,Test Learning Outcome 1,"Skillone,skilltwo",Rosemary Class 4 Semester 1 : Social Studies Chapter 5 The Great Indian Desert Long Answer Questions (QPG) 7,1
CBSE,Class 4,Integrated Subjects,Rosemary,Semester 1 : Social Studies,Chapter 5 The Great Indian Desert,,Long Answer Questions (QPG),"Describe the irrigation system in the Thar Desert, mentioning the role of rivers, lakes, and artificial structures like canals",N\A,,,,,,Other,Hard,Test Learning Outcome 1,"Skillone,skilltwo",Rosemary Class 4 Semester 1 : Social Studies Chapter 5 The Great Indian Desert Long Answer Questions (QPG) 8,1
CBSE,Class 4,Integrated Subjects,Rosemary,Semester 1 : Social Studies,Chapter 5 The Great Indian Desert,,Long Answer Questions (QPG),"Highlight the importance of historical and tourist attractions in Rajasthan, naming specific cities and landmarks",N\A,,,,,,Other,Hard,Test Learning Outcome 1,"Skillone,skilltwo",Rosemary Class 4 Semester 1 : Social Studies Chapter 5 The Great Indian Desert Long Answer Questions (QPG) 9,1
CBSE,Class 4,Integrated Subjects,Rosemary,Semester 1 : Social Studies,Chapter 5 The Great Indian Desert,,Long Answer Questions (QPG),Provide information about the cultural and architectural features of Jaipur,N\A,,,,,,Other,Hard,Test Learning Outcome 1,"Skillone,skilltwo",Rosemary Class 4 Semester 1 : Social Studies Chapter 5 The Great Indian Desert Long Answer Questions (QPG) 10,1
CBSE,Class 4,Integrated Subjects,Rosemary,Semester 1 : Social Studies,Chapter 6 The Southern Plateaus,,Multiple Choice Question (QPG) Test Paper,What is a plateau?,A high land with a flat top,A low land with a flat top,A high land with a flat top,An elevated structure with a pointed top,A deep valley with steep sides,,Other,Hard,Test Learning Outcome 1,"Skillone,skilltwo",Rosemary Class 4 Semester 1 : Social Studies Chapter 6 The Southern Plateaus Multiple Choice Question (QPG) Test Paper 1,1
CBSE,Class 4,Integrated Subjects,Rosemary,Semester 1 : Social Studies,Chapter 6 The Southern Plateaus,,Multiple Choice Question (QPG) Test Paper,How does a plateau differ from a mountain?,"Plateaus are lowlands, and mountains are elevated structures","Plateaus have pointed tops, while mountains have flat tops","Plateaus are lowlands, and mountains are elevated structures",Plateaus and mountains are synonymous terms,"Plateaus are always covered in snow, unlike mountains",,Other,Hard,Test Learning Outcome 1,"Skillone,skilltwo",Rosemary Class 4 Semester 1 : Social Studies Chapter 6 The Southern Plateaus Multiple Choice Question (QPG) Test Paper 2,1
CBSE,Class 4,Integrated Subjects,Rosemary,Semester 1 : Social Studies,Chapter 6 The Southern Plateaus,,Multiple Choice Question (QPG) Test Paper,What characterizes the top of a mountain?,Pointed structure,Flat surface,Pointed structure,Gentle slope,Plateau-like terrain,,Other,Hard,Test Learning Outcome 1,"Skillone,skilltwo",Rosemary Class 4 Semester 1 : Social Studies Chapter 6 The Southern Plateaus Multiple Choice Question (QPG) Test Paper 3,1
CBSE,Class 4,Integrated Subjects,Rosemary,Semester 1 : Social Studies,Chapter 6 The Southern Plateaus,,Multiple Choice Question (QPG) Test Paper,Which two plateaus form the Central Highlands of India?,Malwa Plateau and Chhotanagpur Plateau,Deccan Plateau and Western Ghats,Malwa Plateau and Chhotanagpur Plateau,Aravalli Range and Eastern Ghats,Vindhya Range and Satpura Range,,Other,Hard,Test Learning Outcome 1,"Skillone,skilltwo",Rosemary Class 4 Semester 1 : Social Studies Chapter 6 The Southern Plateaus Multiple Choice Question (QPG) Test Paper 4,1
CBSE,Class 4,Integrated Subjects,Rosemary,Semester 1 : Social Studies,Chapter 6 The Southern Plateaus,,Multiple Choice Question (QPG) Test Paper,Where is the Malwa Plateau located in relation to the Central Highlands?,North-west,North-west,South-east,East,West,,Other,Hard,Test Learning Outcome 1,"Skillone,skilltwo",Rosemary Class 4 Semester 1 : Social Studies Chapter 6 The Southern Plateaus Multiple Choice Question (QPG) Test Paper 5,1
CBSE,Class 4,Integrated Subjects,Rosemary,Semester 1 : Social Studies,Chapter 6 The Southern Plateaus,,Multiple Choice Question (QPG) Test Paper,Which direction does the Malwa Plateau slope towards?,North,North,South,East,West,,Other,Hard,Test Learning Outcome 1,"Skillone,skilltwo",Rosemary Class 4 Semester 1 : Social Studies Chapter 6 The Southern Plateaus Multiple Choice Question (QPG) Test Paper 6,1
CBSE,Class 4,Integrated Subjects,Rosemary,Semester 1 : Social Studies,Chapter 6 The Southern Plateaus,,Multiple Choice Question (QPG) Test Paper,Which plateau forms the major part of the Southern Plateau?,Deccan Plateau,Malwa Plateau,Chhotanagpur Plateau,Deccan Plateau,Vindhya Plateau,,Other,Hard,Test Learning Outcome 1,"Skillone,skilltwo",Rosemary Class 4 Semester 1 : Social Studies Chapter 6 The Southern Plateaus Multiple Choice Question (QPG) Test Paper 7,1
CBSE,Class 4,Integrated Subjects,Rosemary,Semester 1 : Social Studies,Chapter 6 The Southern Plateaus,,Multiple Choice Question (QPG) Test Paper,Which river in Karnataka is home to one of the highest waterfalls in India?,Sharavati,Ganges,Yamuna,Godavari,Sharavati,,Other,Hard,Test Learning Outcome 1,"Skillone,skilltwo",Rosemary Class 4 Semester 1 : Social Studies Chapter 6 The Southern Plateaus Multiple Choice Question (QPG) Test Paper 8,1
CBSE,Class 4,Integrated Subjects,Rosemary,Semester 1 : Social Studies,Chapter 6 The Southern Plateaus,,Multiple Choice Question (QPG) Test Paper,In which part of the Deccan Plateau is Maharashtra located?,Northwestern,Northeastern,Northwestern,Southeastern,Southwestern,,Other,Hard,Test Learning Outcome 1,"Skillone,skilltwo",Rosemary Class 4 Semester 1 : Social Studies Chapter 6 The Southern Plateaus Multiple Choice Question (QPG) Test Paper 9,1
CBSE,Class 4,Integrated Subjects,Rosemary,Semester 1 : Social Studies,Chapter 6 The Southern Plateaus,,Multiple Choice Question (QPG) Test Paper,What type of soil is found in Maharashtra?,Black soil,Red soil,Alluvial soil,Black soil,Laterite soil,,Other,Hard,Test Learning Outcome 1,"Skillone,skilltwo",Rosemary Class 4 Semester 1 : Social Studies Chapter 6 The Southern Plateaus Multiple Choice Question (QPG) Test Paper 10,1
CBSE,Class 4,Integrated Subjects,Rosemary,Semester 1 : Social Studies,Chapter 6 The Southern Plateaus,,Fill in the blank (QPG),_____________ gold mines and the __________gold mines are situated in Karnataka,N/A,,,,,,Other,Hard,Test Learning Outcome 1,"Skillone,skilltwo",Rosemary Class 4 Semester 1 : Social Studies Chapter 6 The Southern Plateaus Fill in the blank (QPG) 1,1
CBSE,Class 4,Integrated Subjects,Rosemary,Semester 1 : Social Studies,Chapter 6 The Southern Plateaus,,Fill in the blank (QPG),The ____________Falls on the river Sharavati in Karnataka,N/A,,,,,,Other,Hard,Test Learning Outcome 1,"Skillone,skilltwo",Rosemary Class 4 Semester 1 : Social Studies Chapter 6 The Southern Plateaus Fill in the blank (QPG) 2,1
CBSE,Class 4,Integrated Subjects,Rosemary,Semester 1 : Social Studies,Chapter 6 The Southern Plateaus,,Fill in the blank (QPG),Malwa Plateau is situated between the ___________and the ______________ Hills,N/A,,,,,,Other,Hard,Test Learning Outcome 1,"Skillone,skilltwo",Rosemary Class 4 Semester 1 : Social Studies Chapter 6 The Southern Plateaus Fill in the blank (QPG) 3,1
CBSE,Class 4,Integrated Subjects,Rosemary,Semester 1 : Social Studies,Chapter 6 The Southern Plateaus,,Fill in the blank (QPG),The Southern Plateaus are divided into ___________ unequal parts,N/A,,,,,,Other,Hard,Test Learning Outcome 1,"Skillone,skilltwo",Rosemary Class 4 Semester 1 : Social Studies Chapter 6 The Southern Plateaus Fill in the blank (QPG) 4,1
CBSE,Class 4,Integrated Subjects,Rosemary,Semester 1 : Social Studies,Chapter 6 The Southern Plateaus,,Fill in the blank (QPG),The Godavari is regarded as __________________,N/A,,,,,,Other,Hard,Test Learning Outcome 1,"Skillone,skilltwo",Rosemary Class 4 Semester 1 : Social Studies Chapter 6 The Southern Plateaus Fill in the blank (QPG) 5,1
CBSE,Class 4,Integrated Subjects,Rosemary,Semester 1 : Social Studies,Chapter 6 The Southern Plateaus,,Fill in the blank (QPG),The main language of Karnataka is _________________,N/A,,,,,,Other,Hard,Test Learning Outcome 1,"Skillone,skilltwo",Rosemary Class 4 Semester 1 : Social Studies Chapter 6 The Southern Plateaus Fill in the blank (QPG) 6,1
CBSE,Class 4,Integrated Subjects,Rosemary,Semester 1 : Social Studies,Chapter 6 The Southern Plateaus,,Fill in the blank (QPG),_______________ is the classical dance form of Tamil Nadu,N/A,,,,,,Other,Hard,Test Learning Outcome 1,"Skillone,skilltwo",Rosemary Class 4 Semester 1 : Social Studies Chapter 6 The Southern Plateaus Fill in the blank (QPG) 7,1
CBSE,Class 4,Integrated Subjects,Rosemary,Semester 1 : Social Studies,Chapter 6 The Southern Plateaus,,Fill in the blank (QPG),One of the holiest Hindu places of pilgrimage is at __________________,N/A,,,,,,Other,Hard,Test Learning Outcome 1,"Skillone,skilltwo",Rosemary Class 4 Semester 1 : Social Studies Chapter 6 The Southern Plateaus Fill in the blank (QPG) 8,1
CBSE,Class 4,Integrated Subjects,Rosemary,Semester 1 : Social Studies,Chapter 6 The Southern Plateaus,,Fill in the blank (QPG),Madhya Pradesh is known as the ________________,N/A,,,,,,Other,Hard,Test Learning Outcome 1,"Skillone,skilltwo",Rosemary Class 4 Semester 1 : Social Studies Chapter 6 The Southern Plateaus Fill in the blank (QPG) 9,1
CBSE,Class 4,Integrated Subjects,Rosemary,Semester 1 : Social Studies,Chapter 6 The Southern Plateaus,,Fill in the blank (QPG),____________ is rich in mineral resources,N/A,,,,,,Other,Hard,Test Learning Outcome 1,"Skillone,skilltwo",Rosemary Class 4 Semester 1 : Social Studies Chapter 6 The Southern Plateaus Fill in the blank (QPG) 10,1
CBSE,Class 4,Integrated Subjects,Rosemary,Semester 1 : Social Studies,Chapter 6 The Southern Plateaus,,True or False (QPG),Yamuna is considered as one of the most sacred rivers of India,N/A,,,,,,Other,Hard,Test Learning Outcome 1,"Skillone,skilltwo",Rosemary Class 4 Semester 1 : Social Studies Chapter 6 The Southern Plateaus True or False (QPG) 1,1
CBSE,Class 4,Integrated Subjects,Rosemary,Semester 1 : Social Studies,Chapter 6 The Southern Plateaus,,True or False (QPG),"Godavari, Mahanadi, Krishna and Kaveri flow from west to east and fall into the Bay of Bengal",N/A,,,,,,Other,Hard,Test Learning Outcome 1,"Skillone,skilltwo",Rosemary Class 4 Semester 1 : Social Studies Chapter 6 The Southern Plateaus True or False (QPG) 2,1
CBSE,Class 4,Integrated Subjects,Rosemary,Semester 1 : Social Studies,Chapter 6 The Southern Plateaus,,True or False (QPG),The land in the Deccan Plateau is even,N/A,,,,,,Other,Hard,Test Learning Outcome 1,"Skillone,skilltwo",Rosemary Class 4 Semester 1 : Social Studies Chapter 6 The Southern Plateaus True or False (QPG) 3,1
CBSE,Class 4,Integrated Subjects,Rosemary,Semester 1 : Social Studies,Chapter 6 The Southern Plateaus,,True or False (QPG),"A number of rivers such as Mahanadi, Godavari, Krishna and Kaveri originate in Deccan Plateau",N/A,,,,,,Other,Hard,Test Learning Outcome 1,"Skillone,skilltwo",Rosemary Class 4 Semester 1 : Social Studies Chapter 6 The Southern Plateaus True or False (QPG) 4,1
CBSE,Class 4,Integrated Subjects,Rosemary,Semester 1 : Social Studies,Chapter 6 The Southern Plateaus,,True or False (QPG),Andhra Pradesh is the largest producer of mica in India,N/A,,,,,,Other,Hard,Test Learning Outcome 1,"Skillone,skilltwo",Rosemary Class 4 Semester 1 : Social Studies Chapter 6 The Southern Plateaus True or False (QPG) 5,1
CBSE,Class 4,Integrated Subjects,Rosemary,Semester 1 : Social Studies,Chapter 6 The Southern Plateaus,,True or False (QPG),Kuchipudi is the famous classical dance of Tamil Nadu,N/A,,,,,,Other,Hard,Test Learning Outcome 1,"Skillone,skilltwo",Rosemary Class 4 Semester 1 : Social Studies Chapter 6 The Southern Plateaus True or False (QPG) 6,1
CBSE,Class 4,Integrated Subjects,Rosemary,Semester 1 : Social Studies,Chapter 6 The Southern Plateaus,,True or False (QPG),People in urban areas wear kurta-pyjama with a turban or cap,N/A,,,,,,Other,Hard,Test Learning Outcome 1,"Skillone,skilltwo",Rosemary Class 4 Semester 1 : Social Studies Chapter 6 The Southern Plateaus True or False (QPG) 7,1
CBSE,Class 4,Integrated Subjects,Rosemary,Semester 1 : Social Studies,Chapter 6 The Southern Plateaus,,True or False (QPG),Chhattisgarh is rich in mineral resources,N/A,,,,,,Other,Hard,Test Learning Outcome 1,"Skillone,skilltwo",Rosemary Class 4 Semester 1 : Social Studies Chapter 6 The Southern Plateaus True or False (QPG) 8,1
CBSE,Class 4,Integrated Subjects,Rosemary,Semester 1 : Social Studies,Chapter 6 The Southern Plateaus,,True or False (QPG),Panna is famous for diamond mines in Madhya Pradesh,N/A,,,,,,Other,Hard,Test Learning Outcome 1,"Skillone,skilltwo",Rosemary Class 4 Semester 1 : Social Studies Chapter 6 The Southern Plateaus True or False (QPG) 9,1
CBSE,Class 4,Integrated Subjects,Rosemary,Semester 1 : Social Studies,Chapter 6 The Southern Plateaus,,True or False (QPG),Amaravati is the capital of Andhra Pradesh,N/A,,,,,,Other,Hard,Test Learning Outcome 1,"Skillone,skilltwo",Rosemary Class 4 Semester 1 : Social Studies Chapter 6 The Southern Plateaus True or False (QPG) 10,1
CBSE,Class 4,Integrated Subjects,Rosemary,Semester 1 : Social Studies,Chapter 6 The Southern Plateaus,,Short Answer Questions (QPG),Where is Maharashtra located geographically?,N/A,,,,,,Other,Hard,Test Learning Outcome 1,"Skillone,skilltwo",Rosemary Class 4 Semester 1 : Social Studies Chapter 6 The Southern Plateaus Short Answer Questions (QPG) 1,1
CBSE,Class 4,Integrated Subjects,Rosemary,Semester 1 : Social Studies,Chapter 6 The Southern Plateaus,,Short Answer Questions (QPG),What are some of the main crops grown by farmers in Maharashtra?,N/A,,,,,,Other,Hard,Test Learning Outcome 1,"Skillone,skilltwo",Rosemary Class 4 Semester 1 : Social Studies Chapter 6 The Southern Plateaus Short Answer Questions (QPG) 2,1
CBSE,Class 4,Integrated Subjects,Rosemary,Semester 1 : Social Studies,Chapter 6 The Southern Plateaus,,Short Answer Questions (QPG),Which city in Maharashtra is famous for producing good quality oranges?,N/A,,,,,,Other,Hard,Test Learning Outcome 1,"Skillone,skilltwo",Rosemary Class 4 Semester 1 : Social Studies Chapter 6 The Southern Plateaus Short Answer Questions (QPG) 3,1
CBSE,Class 4,Integrated Subjects,Rosemary,Semester 1 : Social Studies,Chapter 6 The Southern Plateaus,,Short Answer Questions (QPG),Name two cities in Maharashtra other than Mumbai known for their significance,N/A,,,,,,Other,Hard,Test Learning Outcome 1,"Skillone,skilltwo",Rosemary Class 4 Semester 1 : Social Studies Chapter 6 The Southern Plateaus Short Answer Questions (QPG) 4,1
CBSE,Class 4,Integrated Subjects,Rosemary,Semester 1 : Social Studies,Chapter 6 The Southern Plateaus,,Short Answer Questions (QPG),What are two examples of traditional attire worn by men and women in Maharashtra?,N/A,,,,,,Other,Hard,Test Learning Outcome 1,"Skillone,skilltwo",Rosemary Class 4 Semester 1 : Social Studies Chapter 6 The Southern Plateaus Short Answer Questions (QPG) 5,1
CBSE,Class 4,Integrated Subjects,Rosemary,Semester 1 : Social Studies,Chapter 6 The Southern Plateaus,,Short Answer Questions (QPG),What are the main rivers that flow through Karnataka?,N/A,,,,,,Other,Hard,Test Learning Outcome 1,"Skillone,skilltwo",Rosemary Class 4 Semester 1 : Social Studies Chapter 6 The Southern Plateaus Short Answer Questions (QPG) 6,1
CBSE,Class 4,Integrated Subjects,Rosemary,Semester 1 : Social Studies,Chapter 6 The Southern Plateaus,,Short Answer Questions (QPG),Which city is known as the 'Garden City' and industrial hub of Karnataka?,N/A,,,,,,Other,Hard,Test Learning Outcome 1,"Skillone,skilltwo",Rosemary Class 4 Semester 1 : Social Studies Chapter 6 The Southern Plateaus Short Answer Questions (QPG) 7,1
CBSE,Class 4,Integrated Subjects,Rosemary,Semester 1 : Social Studies,Chapter 6 The Southern Plateaus,,Short Answer Questions (QPG),Name two industries that have contributed to Bengaluru's reputation as the 'Silicon Valley of India,N/A,,,,,,Other,Hard,Test Learning Outcome 1,"Skillone,skilltwo",Rosemary Class 4 Semester 1 : Social Studies Chapter 6 The Southern Plateaus Short Answer Questions (QPG) 8,1
CBSE,Class 4,Integrated Subjects,Rosemary,Semester 1 : Social Studies,Chapter 6 The Southern Plateaus,,Short Answer Questions (QPG),What are two other major cities in Karnataka besides Bengaluru?,N/A,,,,,,Other,Hard,Test Learning Outcome 1,"Skillone,skilltwo",Rosemary Class 4 Semester 1 : Social Studies Chapter 6 The Southern Plateaus Short Answer Questions (QPG) 9,1
CBSE,Class 4,Integrated Subjects,Rosemary,Semester 1 : Social Studies,Chapter 6 The Southern Plateaus,,Short Answer Questions (QPG),What are the traditional attires worn by men and women in Karnataka?,N/A,,,,,,Other,Hard,Test Learning Outcome 1,"Skillone,skilltwo",Rosemary Class 4 Semester 1 : Social Studies Chapter 6 The Southern Plateaus Short Answer Questions (QPG) 10,1
CBSE,Class 4,Integrated Subjects,Rosemary,Semester 1 : Social Studies,Chapter 6 The Southern Plateaus,,Long Answer Questions (QPG),"Describe the main agricultural activities in Tamil Nadu, including the major crops grown and the regions known for specific crops",N/A,,,,,,Other,Hard,Test Learning Outcome 1,"Skillone,skilltwo",Rosemary Class 4 Semester 1 : Social Studies Chapter 6 The Southern Plateaus Long Answer Questions (QPG) 1,1
CBSE,Class 4,Integrated Subjects,Rosemary,Semester 1 : Social Studies,Chapter 6 The Southern Plateaus,,Long Answer Questions (QPG),"Explain the significance of Tamil Nadu's industrial sector, mentioning key industries and renowned manufacturing centers within the state",N/A,,,,,,Other,Hard,Test Learning Outcome 1,"Skillone,skilltwo",Rosemary Class 4 Semester 1 : Social Studies Chapter 6 The Southern Plateaus Long Answer Questions (QPG) 2,1
CBSE,Class 4,Integrated Subjects,Rosemary,Semester 1 : Social Studies,Chapter 6 The Southern Plateaus,,Long Answer Questions (QPG),"Discuss the cultural heritage of Tamil Nadu, including its traditional attire, language, cuisine, and classical dance forms",N/A,,,,,,Other,Hard,Test Learning Outcome 1,"Skillone,skilltwo",Rosemary Class 4 Semester 1 : Social Studies Chapter 6 The Southern Plateaus Long Answer Questions (QPG) 3,1
CBSE,Class 4,Integrated Subjects,Rosemary,Semester 1 : Social Studies,Chapter 6 The Southern Plateaus,,Long Answer Questions (QPG),"Explore the religious significance of Tamil Nadu, highlighting some of its famous temples and their cultural and historical importance",N/A,,,,,,Other,Hard,Test Learning Outcome 1,"Skillone,skilltwo",Rosemary Class 4 Semester 1 : Social Studies Chapter 6 The Southern Plateaus Long Answer Questions (QPG) 4,1
CBSE,Class 4,Integrated Subjects,Rosemary,Semester 1 : Social Studies,Chapter 6 The Southern Plateaus,,Long Answer Questions (QPG),"Discuss the cultural and economic significance of Telangana and Andhra Pradesh, including their major industries, cultural heritage, and tourist attractions",N/A,,,,,,Other,Hard,Test Learning Outcome 1,"Skillone,skilltwo",Rosemary Class 4 Semester 1 : Social Studies Chapter 6 The Southern Plateaus Long Answer Questions (QPG) 5,1
CBSE,Class 4,Integrated Subjects,Rosemary,Semester 1 : Social Studies,Chapter 6 The Southern Plateaus,,Long Answer Questions (QPG),"Explain the process and significance of the creation of Telangana as a separate state from Andhra Pradesh in 2014, highlighting its impact on governance and administration",N/A,,,,,,Other,Hard,Test Learning Outcome 1,"Skillone,skilltwo",Rosemary Class 4 Semester 1 : Social Studies Chapter 6 The Southern Plateaus Long Answer Questions (QPG) 6,1
CBSE,Class 4,Integrated Subjects,Rosemary,Semester 1 : Social Studies,Chapter 6 The Southern Plateaus,,Long Answer Questions (QPG),"Explore the geographical and economic features of Madhya Pradesh, including its status as the 'Heart of India,' major industries, natural resources, and tourist destinations",N/A,,,,,,Other,Hard,Test Learning Outcome 1,"Skillone,skilltwo",Rosemary Class 4 Semester 1 : Social Studies Chapter 6 The Southern Plateaus Long Answer Questions (QPG) 7,1
CBSE,Class 4,Integrated Subjects,Rosemary,Semester 1 : Social Studies,Chapter 6 The Southern Plateaus,,Long Answer Questions (QPG),"Describe the transition of Chhattisgarh from being part of Madhya Pradesh to becoming a separate state in 2000, discussing its economic importance, especially in terms of mineral resources and industrial development, as well as its key cities and regions",N/A,,,,,,Other,Hard,Test Learning Outcome 1,"Skillone,skilltwo",Rosemary Class 4 Semester 1 : Social Studies Chapter 6 The Southern Plateaus Long Answer Questions (QPG) 8,1
CBSE,Class 4,Integrated Subjects,Rosemary,Semester 1 : Social Studies,Chapter 6 The Southern Plateaus,,Long Answer Questions (QPG),"Analyze the agricultural and industrial sectors of Madhya Pradesh, discussing the major crops grown, industrial activities, and the state's contribution to India's economy",N/A,,,,,,Other,Hard,Test Learning Outcome 1,"Skillone,skilltwo",Rosemary Class 4 Semester 1 : Social Studies Chapter 6 The Southern Plateaus Long Answer Questions (QPG) 9,1
CBSE,Class 4,Integrated Subjects,Rosemary,Semester 1 : Social Studies,Chapter 6 The Southern Plateaus,,Long Answer Questions (QPG),"Explore the cultural diversity and historical significance of Chhattisgarh, including the traditions, festivals, and architectural heritage of the region, and how it has evolved since becoming a separate state in 2000",N/A,,,,,,Other,Hard,Test Learning Outcome 1,"Skillone,skilltwo",Rosemary Class 4 Semester 1 : Social Studies Chapter 6 The Southern Plateaus Long Answer Questions (QPG) 10,1
CBSE,Class 4,Integrated Subjects,Rosemary,Semester 1 : Social Studies,Chapter 7 The Coastal Plains and Islands,,Multiple Choice Question (QPG) Test Paper,"What is the geographical feature described as a flat, low-lying land adjacent to a sea coast?",Coastal Plains,Plateau,Coastal Plains,Mountain Range,Desert,,Other,Hard,Test Learning Outcome 1,"Skillone,skilltwo",Rosemary Class 4 Semester 1 : Social Studies Chapter 7 The Coastal Plains and Islands Multiple Choice Question (QPG) Test Paper 1,1
CBSE,Class 4,Integrated Subjects,Rosemary,Semester 1 : Social Studies,Chapter 7 The Coastal Plains and Islands,,Multiple Choice Question (QPG) Test Paper,Which country has a long coastline beginning from the Gulf of Kutch and ending at West Bengal?,India,China,India,Australia,Brazil,,Other,Hard,Test Learning Outcome 1,"Skillone,skilltwo",Rosemary Class 4 Semester 1 : Social Studies Chapter 7 The Coastal Plains and Islands Multiple Choice Question (QPG) Test Paper 2,1
CBSE,Class 4,Integrated Subjects,Rosemary,Semester 1 : Social Studies,Chapter 7 The Coastal Plains and Islands,,Multiple Choice Question (QPG) Test Paper,Which of the following is not a characteristic of Coastal Plains?,Mountainous terrain,Flat and low-lying,Adjacent to a sea coast,Mountainous terrain,Often prone to flooding,,Other,Hard,Test Learning Outcome 1,"Skillone,skilltwo",Rosemary Class 4 Semester 1 : Social Studies Chapter 7 The Coastal Plains and Islands Multiple Choice Question (QPG) Test Paper 3,1
CBSE,Class 4,Integrated Subjects,Rosemary,Semester 1 : Social Studies,Chapter 7 The Coastal Plains and Islands,,Multiple Choice Question (QPG) Test Paper,Which are the two coastal plains of India?,Eastern Coastal Plains and Western Coastal Plains,Northern Coastal Plains and Southern Coastal Plains,Eastern Coastal Plains and Western Coastal Plains,Coastal Plains A and Coastal Plains B,Himalayan Coastal Plains and Peninsular Coastal Plains,,Other,Hard,Test Learning Outcome 1,"Skillone,skilltwo",Rosemary Class 4 Semester 1 : Social Studies Chapter 7 The Coastal Plains and Islands Multiple Choice Question (QPG) Test Paper 4,1
CBSE,Class 4,Integrated Subjects,Rosemary,Semester 1 : Social Studies,Chapter 7 The Coastal Plains and Islands,,Multiple Choice Question (QPG) Test Paper,Where does the Western Coastal Plains of India start and end?,It starts from Gujarat and ends at Kanniyakumari,It starts from West Bengal and ends at Kanniyakumari,It starts from Gujarat and ends at Kanniyakumari,It starts from Tamil Nadu and ends at Gujarat,It starts from Maharashtra and ends at West Bengal,,Other,Hard,Test Learning Outcome 1,"Skillone,skilltwo",Rosemary Class 4 Semester 1 : Social Studies Chapter 7 The Coastal Plains and Islands Multiple Choice Question (QPG) Test Paper 5,1
CBSE,Class 4,Integrated Subjects,Rosemary,Semester 1 : Social Studies,Chapter 7 The Coastal Plains and Islands,,Multiple Choice Question (QPG) Test Paper,What is the geographical extent of the Eastern Coastal Plains of India?,From West Bengal to Kanniyakumari,From Kerala to Gujarat,From West Bengal to Maharashtra,From West Bengal to Kanniyakumari,From Tamil Nadu to Andhra Pradesh,,Other,Hard,Test Learning Outcome 1,"Skillone,skilltwo",Rosemary Class 4 Semester 1 : Social Studies Chapter 7 The Coastal Plains and Islands Multiple Choice Question (QPG) Test Paper 6,1
CBSE,Class 4,Integrated Subjects,Rosemary,Semester 1 : Social Studies,Chapter 7 The Coastal Plains and Islands,,Multiple Choice Question (QPG) Test Paper,How is the long coastline of India beneficial for the country?,"For fishing, trade, and transportation",For mountain climbing activities,For agricultural purposes,"For fishing, trade, and transportation",For desert tourism,,Other,Hard,Test Learning Outcome 1,"Skillone,skilltwo",Rosemary Class 4 Semester 1 : Social Studies Chapter 7 The Coastal Plains and Islands Multiple Choice Question (QPG) Test Paper 7,1
CBSE,Class 4,Integrated Subjects,Rosemary,Semester 1 : Social Studies,Chapter 7 The Coastal Plains and Islands,,Multiple Choice Question (QPG) Test Paper,"Besides farming, what are the main occupations in Gujarat?","Salt making, oil extraction, dairy farming, and industries",Fishing and tourism,Handicrafts and pottery,"Salt making, oil extraction, dairy farming, and industries",Mining and construction,,Other,Hard,Test Learning Outcome 1,"Skillone,skilltwo",Rosemary Class 4 Semester 1 : Social Studies Chapter 7 The Coastal Plains and Islands Multiple Choice Question (QPG) Test Paper 8,1
CBSE,Class 4,Integrated Subjects,Rosemary,Semester 1 : Social Studies,Chapter 7 The Coastal Plains and Islands,,Multiple Choice Question (QPG) Test Paper,What is Saurashtra known for?,Gir hills and forests,Tea plantations,Gir hills and forests,Rice cultivation,Diamond mining,,Other,Hard,Test Learning Outcome 1,"Skillone,skilltwo",Rosemary Class 4 Semester 1 : Social Studies Chapter 7 The Coastal Plains and Islands Multiple Choice Question (QPG) Test Paper 9,1
CBSE,Class 4,Integrated Subjects,Rosemary,Semester 1 : Social Studies,Chapter 7 The Coastal Plains and Islands,,Multiple Choice Question (QPG) Test Paper,Which city is the largest in Gujarat?,Ahmedabad,Surat,Vadodara,Gandhinagar,Ahmedabad,,Other,Hard,Test Learning Outcome 1,"Skillone,skilltwo",Rosemary Class 4 Semester 1 : Social Studies Chapter 7 The Coastal Plains and Islands Multiple Choice Question (QPG) Test Paper 10,1
CBSE,Class 4,Integrated Subjects,Rosemary,Semester 1 : Social Studies,Chapter 7 The Coastal Plains and Islands,,Fill in the blank (QPG),"Men in Gujarat wear a short __________, dhoti and____________",N/A,,,,,,Other,Hard,Test Learning Outcome 1,"Skillone,skilltwo",Rosemary Class 4 Semester 1 : Social Studies Chapter 7 The Coastal Plains and Islands Fill in the blank (QPG) 1,1
CBSE,Class 4,Integrated Subjects,Rosemary,Semester 1 : Social Studies,Chapter 7 The Coastal Plains and Islands,,Fill in the blank (QPG),Mahatma Gandhi was born in __________________,N/A,,,,,,Other,Hard,Test Learning Outcome 1,"Skillone,skilltwo",Rosemary Class 4 Semester 1 : Social Studies Chapter 7 The Coastal Plains and Islands Fill in the blank (QPG) 2,1
CBSE,Class 4,Integrated Subjects,Rosemary,Semester 1 : Social Studies,Chapter 7 The Coastal Plains and Islands,,Fill in the blank (QPG),Kerala is famously known as______________ own country,N/A,,,,,,Other,Hard,Test Learning Outcome 1,"Skillone,skilltwo",Rosemary Class 4 Semester 1 : Social Studies Chapter 7 The Coastal Plains and Islands Fill in the blank (QPG) 3,1
CBSE,Class 4,Integrated Subjects,Rosemary,Semester 1 : Social Studies,Chapter 7 The Coastal Plains and Islands,,Fill in the blank (QPG),Kerala is a land of ____________,N/A,,,,,,Other,Hard,Test Learning Outcome 1,"Skillone,skilltwo",Rosemary Class 4 Semester 1 : Social Studies Chapter 7 The Coastal Plains and Islands Fill in the blank (QPG) 4,1
CBSE,Class 4,Integrated Subjects,Rosemary,Semester 1 : Social Studies,Chapter 7 The Coastal Plains and Islands,,Fill in the blank (QPG),The coastal areas of _____________ are divided between the Konkan Coast and the Malabar Coast,N/A,,,,,,Other,Hard,Test Learning Outcome 1,"Skillone,skilltwo",Rosemary Class 4 Semester 1 : Social Studies Chapter 7 The Coastal Plains and Islands Fill in the blank (QPG) 5,1
CBSE,Class 4,Integrated Subjects,Rosemary,Semester 1 : Social Studies,Chapter 7 The Coastal Plains and Islands,,Fill in the blank (QPG),"Bengaluru, _____________________ is the capital of Karnataka",N/A,,,,,,Other,Hard,Test Learning Outcome 1,"Skillone,skilltwo",Rosemary Class 4 Semester 1 : Social Studies Chapter 7 The Coastal Plains and Islands Fill in the blank (QPG) 6,1
CBSE,Class 4,Integrated Subjects,Rosemary,Semester 1 : Social Studies,Chapter 7 The Coastal Plains and Islands,,Fill in the blank (QPG),___________ is a land of beaches,N/A,,,,,,Other,Hard,Test Learning Outcome 1,"Skillone,skilltwo",Rosemary Class 4 Semester 1 : Social Studies Chapter 7 The Coastal Plains and Islands Fill in the blank (QPG) 7,1
CBSE,Class 4,Integrated Subjects,Rosemary,Semester 1 : Social Studies,Chapter 7 The Coastal Plains and Islands,,Fill in the blank (QPG),People in Goa speak ___________ and English,N/A,,,,,,Other,Hard,Test Learning Outcome 1,"Skillone,skilltwo",Rosemary Class 4 Semester 1 : Social Studies Chapter 7 The Coastal Plains and Islands Fill in the blank (QPG) 8,1
CBSE,Class 4,Integrated Subjects,Rosemary,Semester 1 : Social Studies,Chapter 7 The Coastal Plains and Islands,,Fill in the blank (QPG),_____________ is the capital of Goa,N/A,,,,,,Other,Hard,Test Learning Outcome 1,"Skillone,skilltwo",Rosemary Class 4 Semester 1 : Social Studies Chapter 7 The Coastal Plains and Islands Fill in the blank (QPG) 9,1
CBSE,Class 4,Integrated Subjects,Rosemary,Semester 1 : Social Studies,Chapter 7 The Coastal Plains and Islands,,Fill in the blank (QPG),____________ is situated in the Konkan Coast which is to the south of Gujarat,N/A,,,,,,Other,Hard,Test Learning Outcome 1,"Skillone,skilltwo",Rosemary Class 4 Semester 1 : Social Studies Chapter 7 The Coastal Plains and Islands Fill in the blank (QPG) 10,1
CBSE,Class 4,Integrated Subjects,Rosemary,Semester 1 : Social Studies,Chapter 7 The Coastal Plains and Islands,,True or False (QPG),Kanyakumari is the southernmost part of the Indian mainland,N/A,,,,,,Other,Hard,Test Learning Outcome 1,"Skillone,skilltwo",Rosemary Class 4 Semester 1 : Social Studies Chapter 7 The Coastal Plains and Islands True or False (QPG) 1,1
CBSE,Class 4,Integrated Subjects,Rosemary,Semester 1 : Social Studies,Chapter 7 The Coastal Plains and Islands,,True or False (QPG),The Andaman and Nicobar Islands are located in the Arabian Sea,N/A,,,,,,Other,Hard,Test Learning Outcome 1,"Skillone,skilltwo",Rosemary Class 4 Semester 1 : Social Studies Chapter 7 The Coastal Plains and Islands True or False (QPG) 2,1
CBSE,Class 4,Integrated Subjects,Rosemary,Semester 1 : Social Studies,Chapter 7 The Coastal Plains and Islands,,True or False (QPG),Lakshadweep Islands are a group of 36 islands in the Arabian Sea,N/A,,,,,,Other,Hard,Test Learning Outcome 1,"Skillone,skilltwo",Rosemary Class 4 Semester 1 : Social Studies Chapter 7 The Coastal Plains and Islands True or False (QPG) 3,1
CBSE,Class 4,Integrated Subjects,Rosemary,Semester 1 : Social Studies,Chapter 7 The Coastal Plains and Islands,,True or False (QPG),Tamil Nadu is located in the south of India,N/A,,,,,,Other,Hard,Test Learning Outcome 1,"Skillone,skilltwo",Rosemary Class 4 Semester 1 : Social Studies Chapter 7 The Coastal Plains and Islands True or False (QPG) 4,1
CBSE,Class 4,Integrated Subjects,Rosemary,Semester 1 : Social Studies,Chapter 7 The Coastal Plains and Islands,,True or False (QPG),Puri attracts many devotees and tourists alike to witness the Jagannath Rath Yatra,N/A,,,,,,Other,Hard,Test Learning Outcome 1,"Skillone,skilltwo",Rosemary Class 4 Semester 1 : Social Studies Chapter 7 The Coastal Plains and Islands True or False (QPG) 5,1
CBSE,Class 4,Integrated Subjects,Rosemary,Semester 1 : Social Studies,Chapter 7 The Coastal Plains and Islands,,True or False (QPG),Bhubaneshwar is the capital of Odisha,N/A,,,,,,Other,Hard,Test Learning Outcome 1,"Skillone,skilltwo",Rosemary Class 4 Semester 1 : Social Studies Chapter 7 The Coastal Plains and Islands True or False (QPG) 6,1
CBSE,Class 4,Integrated Subjects,Rosemary,Semester 1 : Social Studies,Chapter 7 The Coastal Plains and Islands,,True or False (QPG),The film industry of India is located in Delhi,N/A,,,,,,Other,Hard,Test Learning Outcome 1,"Skillone,skilltwo",Rosemary Class 4 Semester 1 : Social Studies Chapter 7 The Coastal Plains and Islands True or False (QPG) 7,1
CBSE,Class 4,Integrated Subjects,Rosemary,Semester 1 : Social Studies,Chapter 7 The Coastal Plains and Islands,,True or False (QPG),Basilica of Bom Jesus is the most famous church in Goa,N/A,,,,,,Other,Hard,Test Learning Outcome 1,"Skillone,skilltwo",Rosemary Class 4 Semester 1 : Social Studies Chapter 7 The Coastal Plains and Islands True or False (QPG) 8,1
CBSE,Class 4,Integrated Subjects,Rosemary,Semester 1 : Social Studies,Chapter 7 The Coastal Plains and Islands,,True or False (QPG),Marmagao is the biggest port of Tamil Nadu,N/A,,,,,,Other,Hard,Test Learning Outcome 1,"Skillone,skilltwo",Rosemary Class 4 Semester 1 : Social Studies Chapter 7 The Coastal Plains and Islands True or False (QPG) 9,1
CBSE,Class 4,Integrated Subjects,Rosemary,Semester 1 : Social Studies,Chapter 7 The Coastal Plains and Islands,,True or False (QPG),Thiruvananthapuram is the capital of Kerala,N/A,,,,,,Other,Hard,Test Learning Outcome 1,"Skillone,skilltwo",Rosemary Class 4 Semester 1 : Social Studies Chapter 7 The Coastal Plains and Islands True or False (QPG) 10,1
CBSE,Class 4,Integrated Subjects,Rosemary,Semester 1 : Social Studies,Chapter 7 The Coastal Plains and Islands,,Short Answer Questions (QPG),Which city serves as the capital of Kerala?,N/A,,,,,,Other,Hard,Test Learning Outcome 1,"Skillone,skilltwo",Rosemary Class 4 Semester 1 : Social Studies Chapter 7 The Coastal Plains and Islands Short Answer Questions (QPG) 1,1
CBSE,Class 4,Integrated Subjects,Rosemary,Semester 1 : Social Studies,Chapter 7 The Coastal Plains and Islands,,Short Answer Questions (QPG),Name one major festival celebrated in Kerala and describe one of its unique traditions or events associated with it,N/A,,,,,,Other,Hard,Test Learning Outcome 1,"Skillone,skilltwo",Rosemary Class 4 Semester 1 : Social Studies Chapter 7 The Coastal Plains and Islands Short Answer Questions (QPG) 2,1
CBSE,Class 4,Integrated Subjects,Rosemary,Semester 1 : Social Studies,Chapter 7 The Coastal Plains and Islands,,Short Answer Questions (QPG),What are some of the main agricultural products grown in Kerala besides coconuts?,N/A,,,,,,Other,Hard,Test Learning Outcome 1,"Skillone,skilltwo",Rosemary Class 4 Semester 1 : Social Studies Chapter 7 The Coastal Plains and Islands Short Answer Questions (QPG) 3,1
CBSE,Class 4,Integrated Subjects,Rosemary,Semester 1 : Social Studies,Chapter 7 The Coastal Plains and Islands,,Short Answer Questions (QPG),Which classical dance form is closely associated with Kerala and often depicts stories from the Mahabharata and Ramayana?,N/A,,,,,,Other,Hard,Test Learning Outcome 1,"Skillone,skilltwo",Rosemary Class 4 Semester 1 : Social Studies Chapter 7 The Coastal Plains and Islands Short Answer Questions (QPG) 4,1
CBSE,Class 4,Integrated Subjects,Rosemary,Semester 1 : Social Studies,Chapter 7 The Coastal Plains and Islands,,Short Answer Questions (QPG),"What are some of the main crops grown in Karnataka, besides sugarcane and cotton?",N/A,,,,,,Other,Hard,Test Learning Outcome 1,"Skillone,skilltwo",Rosemary Class 4 Semester 1 : Social Studies Chapter 7 The Coastal Plains and Islands Short Answer Questions (QPG) 5,1
CBSE,Class 4,Integrated Subjects,Rosemary,Semester 1 : Social Studies,Chapter 7 The Coastal Plains and Islands,,Short Answer Questions (QPG),"Name some industries in Karnataka, and mention a few products they produce",N/A,,,,,,Other,Hard,Test Learning Outcome 1,"Skillone,skilltwo",Rosemary Class 4 Semester 1 : Social Studies Chapter 7 The Coastal Plains and Islands Short Answer Questions (QPG) 6,1
CBSE,Class 4,Integrated Subjects,Rosemary,Semester 1 : Social Studies,Chapter 7 The Coastal Plains and Islands,,Short Answer Questions (QPG),Describe the staple diet of the people of Karnataka,N/A,,,,,,Other,Hard,Test Learning Outcome 1,"Skillone,skilltwo",Rosemary Class 4 Semester 1 : Social Studies Chapter 7 The Coastal Plains and Islands Short Answer Questions (QPG) 7,1
CBSE,Class 4,Integrated Subjects,Rosemary,Semester 1 : Social Studies,Chapter 7 The Coastal Plains and Islands,,Short Answer Questions (QPG),Name two major festivals celebrated in Karnataka and briefly describe one of them,N/A,,,,,,Other,Hard,Test Learning Outcome 1,"Skillone,skilltwo",Rosemary Class 4 Semester 1 : Social Studies Chapter 7 The Coastal Plains and Islands Short Answer Questions (QPG) 8,1
CBSE,Class 4,Integrated Subjects,Rosemary,Semester 1 : Social Studies,Chapter 7 The Coastal Plains and Islands,,Short Answer Questions (QPG),Where are the Kolar gold mines located?,N/A,,,,,,Other,Hard,Test Learning Outcome 1,"Skillone,skilltwo",Rosemary Class 4 Semester 1 : Social Studies Chapter 7 The Coastal Plains and Islands Short Answer Questions (QPG) 9,1
CBSE,Class 4,Integrated Subjects,Rosemary,Semester 1 : Social Studies,Chapter 7 The Coastal Plains and Islands,,Short Answer Questions (QPG),"What is the most famous church in Goa, and whose mortal remains does it hold?",N/A,,,,,,Other,Hard,Test Learning Outcome 1,"Skillone,skilltwo",Rosemary Class 4 Semester 1 : Social Studies Chapter 7 The Coastal Plains and Islands Short Answer Questions (QPG) 10,1
CBSE,Class 4,Integrated Subjects,Rosemary,Semester 1 : Social Studies,Chapter 7 The Coastal Plains and Islands,,Short Answer Questions (QPG),"Name another well-known church in Goa besides the Basilica of Bom Jesus, and whose name is it dedicated to?",N/A,,,,,,Other,Hard,Test Learning Outcome 1,"Skillone,skilltwo",Rosemary Class 4 Semester 1 : Social Studies Chapter 7 The Coastal Plains and Islands Short Answer Questions (QPG) 11,1
CBSE,Class 4,Integrated Subjects,Rosemary,Semester 1 : Social Studies,Chapter 7 The Coastal Plains and Islands,,Long Answer Questions (QPG),What are the main agricultural products and rivers significant for farming in West Bengal?,N/A,,,,,,Other,Hard,Test Learning Outcome 1,"Skillone,skilltwo",Rosemary Class 4 Semester 1 : Social Studies Chapter 7 The Coastal Plains and Islands Long Answer Questions (QPG) 1,1
CBSE,Class 4,Integrated Subjects,Rosemary,Semester 1 : Social Studies,Chapter 7 The Coastal Plains and Islands,,Long Answer Questions (QPG),"Describe the economic activities and natural resources of Odisha, including its leading industries and popular tourist attractions",N/A,,,,,,Other,Hard,Test Learning Outcome 1,"Skillone,skilltwo",Rosemary Class 4 Semester 1 : Social Studies Chapter 7 The Coastal Plains and Islands Long Answer Questions (QPG) 2,1
CBSE,Class 4,Integrated Subjects,Rosemary,Semester 1 : Social Studies,Chapter 7 The Coastal Plains and Islands,,Long Answer Questions (QPG),"Discuss the cultural heritage and tourist attractions of Odisha, mentioning famous landmarks such as the Sun Temple at Konark and Chilika Lake",N/A,,,,,,Other,Hard,Test Learning Outcome 1,"Skillone,skilltwo",Rosemary Class 4 Semester 1 : Social Studies Chapter 7 The Coastal Plains and Islands Long Answer Questions (QPG) 3,1
CBSE,Class 4,Integrated Subjects,Rosemary,Semester 1 : Social Studies,Chapter 7 The Coastal Plains and Islands,,Long Answer Questions (QPG),"What are the main features of Amaravati, the capital city of Andhra Pradesh, and what is one significant economic activity carried out in Visakhapatnam?",N/A,,,,,,Other,Hard,Test Learning Outcome 1,"Skillone,skilltwo",Rosemary Class 4 Semester 1 : Social Studies Chapter 7 The Coastal Plains and Islands Long Answer Questions (QPG) 4,1
CBSE,Class 4,Integrated Subjects,Rosemary,Semester 1 : Social Studies,Chapter 7 The Coastal Plains and Islands,,Long Answer Questions (QPG),"Describe the agricultural products grown in Tamil Nadu, and what is the specialty textile associated with the region? Also, name one famous landmark in Chennai",N/A,,,,,,Other,Hard,Test Learning Outcome 1,"Skillone,skilltwo",Rosemary Class 4 Semester 1 : Social Studies Chapter 7 The Coastal Plains and Islands Long Answer Questions (QPG) 5,1
CBSE,Class 4,Integrated Subjects,Rosemary,Semester 1 : Social Studies,Chapter 7 The Coastal Plains and Islands,,Long Answer Questions (QPG),"Explain the significance of Kanyakumari in Tamil Nadu, including its geographical location and the landmark present there",N/A,,,,,,Other,Hard,Test Learning Outcome 1,"Skillone,skilltwo",Rosemary Class 4 Semester 1 : Social Studies Chapter 7 The Coastal Plains and Islands Long Answer Questions (QPG) 6,1
CBSE,Class 4,Integrated Subjects,Rosemary,Semester 1 : Social Studies,Chapter 7 The Coastal Plains and Islands,,Long Answer Questions (QPG),"Discuss the historical background and cultural significance of Puducherry, mentioning its colonial past, notable landmarks, and the languages spoken in the region",N/A,,,,,,Other,Hard,Test Learning Outcome 1,"Skillone,skilltwo",Rosemary Class 4 Semester 1 : Social Studies Chapter 7 The Coastal Plains and Islands Long Answer Questions (QPG) 7,1
CBSE,Class 4,Integrated Subjects,Rosemary,Semester 1 : Social Studies,Chapter 7 The Coastal Plains and Islands,,Long Answer Questions (QPG),"Describe the geographical features and historical significance of the Andaman and Nicobar Islands, including the impact of the Tsunami in 2004 and one famous landmark associated with the islands",N/A,,,,,,Other,Hard,Test Learning Outcome 1,"Skillone,skilltwo",Rosemary Class 4 Semester 1 : Social Studies Chapter 7 The Coastal Plains and Islands Long Answer Questions (QPG) 8,1
CBSE,Class 4,Integrated Subjects,Rosemary,Semester 1 : Social Studies,Chapter 7 The Coastal Plains and Islands,,Long Answer Questions (QPG),"Explain the geographical location and economic activities of the Lakshadweep Islands, including the capital city and the main livelihood sources for the residents",N/A,,,,,,Other,Hard,Test Learning Outcome 1,"Skillone,skilltwo",Rosemary Class 4 Semester 1 : Social Studies Chapter 7 The Coastal Plains and Islands Long Answer Questions (QPG) 9,1
CBSE,Class 4,Integrated Subjects,Rosemary,Semester 1 : Social Studies,Chapter 7 The Coastal Plains and Islands,,Long Answer Questions (QPG),"Describe the cultural heritage of Tamil Nadu, including its classical dance form and popular festivals",N/A,,,,,,Other,Hard,Test Learning Outcome 1,"Skillone,skilltwo",Rosemary Class 4 Semester 1 : Social Studies Chapter 7 The Coastal Plains and Islands Long Answer Questions (QPG) 10,1
CBSE,Class 5,Integrated Subjects,Rosemary,Semester 1 : Social Studies,Chapter 1 Changing Family Structure,,Multiple Choice Question (QPG) Test Paper,What is a single-parent family?,A family with only one parent and their children,A family with only one pair of parents and their children,A family with multiple pairs of parents and their children,A family with only one parent and their children,A family with siblings only,,Other,Hard,Test Learning Outcome 1,"Skillone,skilltwo",Rosemary Class 5 Semester 1 : Social Studies Chapter 1 Changing Family Structure Multiple Choice Question (QPG) Test Paper 1,1
CBSE,Class 5,Integrated Subjects,Rosemary,Semester 1 : Social Studies,Chapter 1 Changing Family Structure,,Multiple Choice Question (QPG) Test Paper,What is migration?,The movement of people from one place to another,The movement of people from one place to another,The movement of people from one job to another,The movement of people from one country to another city,The movement of people for a party,,Other,Hard,Test Learning Outcome 1,"Skillone,skilltwo",Rosemary Class 5 Semester 1 : Social Studies Chapter 1 Changing Family Structure Multiple Choice Question (QPG) Test Paper 2,1
CBSE,Class 5,Integrated Subjects,Rosemary,Semester 1 : Social Studies,Chapter 1 Changing Family Structure,,Multiple Choice Question (QPG) Test Paper,What is the difference between a nuclear family and a joint family?,The number of generations living together in the family,The number of parents in the family,The number of children in the family,The number of generations living together in the family,The number of siblings living together,,Other,Hard,Test Learning Outcome 1,"Skillone,skilltwo",Rosemary Class 5 Semester 1 : Social Studies Chapter 1 Changing Family Structure Multiple Choice Question (QPG) Test Paper 3,1
CBSE,Class 5,Integrated Subjects,Rosemary,Semester 1 : Social Studies,Chapter 1 Changing Family Structure,,Multiple Choice Question (QPG) Test Paper,What are some reasons for change in family structure?,All of the above,Marriage,Adoption,Birth of a child,All of the above,,Other,Hard,Test Learning Outcome 1,"Skillone,skilltwo",Rosemary Class 5 Semester 1 : Social Studies Chapter 1 Changing Family Structure Multiple Choice Question (QPG) Test Paper 4,1
CBSE,Class 5,Integrated Subjects,Rosemary,Semester 1 : Social Studies,Chapter 1 Changing Family Structure,,Multiple Choice Question (QPG) Test Paper,What is one advantage of living in a joint family?,Strong emotional support,Strong emotional support,Independence and privacy,Better job opportunities,Access to modern amenities,,Other,Hard,Test Learning Outcome 1,"Skillone,skilltwo",Rosemary Class 5 Semester 1 : Social Studies Chapter 1 Changing Family Structure Multiple Choice Question (QPG) Test Paper 5,1
CBSE,Class 5,Integrated Subjects,Rosemary,Semester 1 : Social Studies,Chapter 1 Changing Family Structure,,Multiple Choice Question (QPG) Test Paper,"What are people called, who move to a new country to live there but do not have citizenship?",Immigrants,Migrants,Emigrants,Immigrants,Refugees,,Other,Hard,Test Learning Outcome 1,"Skillone,skilltwo",Rosemary Class 5 Semester 1 : Social Studies Chapter 1 Changing Family Structure Multiple Choice Question (QPG) Test Paper 6,1
CBSE,Class 5,Integrated Subjects,Rosemary,Semester 1 : Social Studies,Chapter 1 Changing Family Structure,,Multiple Choice Question (QPG) Test Paper,What are the positive effects of migration?,Better job opportunities and improved financial status,Better job opportunities and improved financial status,Emotional support and stronger family bonds,Access to poor healthcare and education,Cultural isolation and language barriers,,Other,Hard,Test Learning Outcome 1,"Skillone,skilltwo",Rosemary Class 5 Semester 1 : Social Studies Chapter 1 Changing Family Structure Multiple Choice Question (QPG) Test Paper 7,1
CBSE,Class 5,Integrated Subjects,Rosemary,Semester 1 : Social Studies,Chapter 1 Changing Family Structure,,Multiple Choice Question (QPG) Test Paper,How can communities support individuals forced to migrate?,By providing emotional and financial assistance,By creating employment opportunities in their home countries,By providing emotional and financial assistance,By imposing strict immigration policies,By encouraging isolation and preserving their own culture,,Other,Hard,Test Learning Outcome 1,"Skillone,skilltwo",Rosemary Class 5 Semester 1 : Social Studies Chapter 1 Changing Family Structure Multiple Choice Question (QPG) Test Paper 8,1
CBSE,Class 5,Integrated Subjects,Rosemary,Semester 1 : Social Studies,Chapter 1 Changing Family Structure,,Multiple Choice Question (QPG) Test Paper,What do we call the people who travel from one place to another?,Migrants,Migrants,Emigrants,Immigrants,Refugees,,Other,Hard,Test Learning Outcome 1,"Skillone,skilltwo",Rosemary Class 5 Semester 1 : Social Studies Chapter 1 Changing Family Structure Multiple Choice Question (QPG) Test Paper 9,1
CBSE,Class 5,Integrated Subjects,Rosemary,Semester 1 : Social Studies,Chapter 1 Changing Family Structure,,Multiple Choice Question (QPG) Test Paper,What are the negative effects of migration?,Cultural isolation and language barriers,Emotional support and stronger family bonds,Better job opportunities and improved financial status,Cultural isolation and language barriers,Access to better healthcare and education,,Other,Hard,Test Learning Outcome 1,"Skillone,skilltwo",Rosemary Class 5 Semester 1 : Social Studies Chapter 1 Changing Family Structure Multiple Choice Question (QPG) Test Paper 10,1
CBSE,Class 5,Integrated Subjects,Rosemary,Semester 1 : Social Studies,Chapter 1 Changing Family Structure,,True or False (QPG),A nuclear family comprises one pair of parents and their children,N/A,,,,,,Other,Hard,Test Learning Outcome 1,"Skillone,skilltwo",Rosemary Class 5 Semester 1 : Social Studies Chapter 1 Changing Family Structure True or False (QPG) 1,1
CBSE,Class 5,Integrated Subjects,Rosemary,Semester 1 : Social Studies,Chapter 1 Changing Family Structure,,True or False (QPG),"In a joint family, individuals live only with their parents and no other extended family members",N/A,,,,,,Other,Hard,Test Learning Outcome 1,"Skillone,skilltwo",Rosemary Class 5 Semester 1 : Social Studies Chapter 1 Changing Family Structure True or False (QPG) 2,1
CBSE,Class 5,Integrated Subjects,Rosemary,Semester 1 : Social Studies,Chapter 1 Changing Family Structure,,True or False (QPG),"Family structure changes due to death, marriage, or individuals moving to a different place for space issues",N/A,,,,,,Other,Hard,Test Learning Outcome 1,"Skillone,skilltwo",Rosemary Class 5 Semester 1 : Social Studies Chapter 1 Changing Family Structure True or False (QPG) 3,1
CBSE,Class 5,Integrated Subjects,Rosemary,Semester 1 : Social Studies,Chapter 1 Changing Family Structure,,True or False (QPG),"In a single-parent family, children live with both parents simultaneously",N/A,,,,,,Other,Hard,Test Learning Outcome 1,"Skillone,skilltwo",Rosemary Class 5 Semester 1 : Social Studies Chapter 1 Changing Family Structure True or False (QPG) 4,1
CBSE,Class 5,Integrated Subjects,Rosemary,Semester 1 : Social Studies,Chapter 1 Changing Family Structure,,True or False (QPG),The birth of a child does not change the family structure,N/A,,,,,,Other,Hard,Test Learning Outcome 1,"Skillone,skilltwo",Rosemary Class 5 Semester 1 : Social Studies Chapter 1 Changing Family Structure True or False (QPG) 5,1
CBSE,Class 5,Integrated Subjects,Rosemary,Semester 1 : Social Studies,Chapter 1 Changing Family Structure,,True or False (QPG),"Migration can have both positive and negative effects on individuals, such as better job opportunities and emotional challenges",N/A,,,,,,Other,Hard,Test Learning Outcome 1,"Skillone,skilltwo",Rosemary Class 5 Semester 1 : Social Studies Chapter 1 Changing Family Structure True or False (QPG) 6,1
CBSE,Class 5,Integrated Subjects,Rosemary,Semester 1 : Social Studies,Chapter 1 Changing Family Structure,,True or False (QPG),Natural disasters such as earthquakes and floods never contribute to people's decision to migrate,N/A,,,,,,Other,Hard,Test Learning Outcome 1,"Skillone,skilltwo",Rosemary Class 5 Semester 1 : Social Studies Chapter 1 Changing Family Structure True or False (QPG) 7,1
CBSE,Class 5,Integrated Subjects,Rosemary,Semester 1 : Social Studies,Chapter 1 Changing Family Structure,,True or False (QPG),The birth of a child changes the family structure,N/A,,,,,,Other,Hard,Test Learning Outcome 1,"Skillone,skilltwo",Rosemary Class 5 Semester 1 : Social Studies Chapter 1 Changing Family Structure True or False (QPG) 8,1
CBSE,Class 5,Integrated Subjects,Rosemary,Semester 1 : Social Studies,Chapter 1 Changing Family Structure,,True or False (QPG),Transferable jobs have no impact on migration,N/A,,,,,,Other,Hard,Test Learning Outcome 1,"Skillone,skilltwo",Rosemary Class 5 Semester 1 : Social Studies Chapter 1 Changing Family Structure True or False (QPG) 9,1
CBSE,Class 5,Integrated Subjects,Rosemary,Semester 1 : Social Studies,Chapter 1 Changing Family Structure,,True or False (QPG),Migration can have both positive and negative effects on individuals,N/A,,,,,,Other,Hard,Test Learning Outcome 1,"Skillone,skilltwo",Rosemary Class 5 Semester 1 : Social Studies Chapter 1 Changing Family Structure True or False (QPG) 10,1
CBSE,Class 5,Integrated Subjects,Rosemary,Semester 1 : Social Studies,Chapter 1 Changing Family Structure,,Fill in the blank (QPG),A __________ family consists of only one pair of parents and their children,N/A,,,,,,Other,Hard,Test Learning Outcome 1,"Skillone,skilltwo",Rosemary Class 5 Semester 1 : Social Studies Chapter 1 Changing Family Structure Fill in the blank (QPG) 1,1
CBSE,Class 5,Integrated Subjects,Rosemary,Semester 1 : Social Studies,Chapter 1 Changing Family Structure,,Fill in the blank (QPG),"In a __________ family, individuals live with their parents, grandparents, uncles, aunts, and cousins in the same house",N/A,,,,,,Other,Hard,Test Learning Outcome 1,"Skillone,skilltwo",Rosemary Class 5 Semester 1 : Social Studies Chapter 1 Changing Family Structure Fill in the blank (QPG) 2,1
CBSE,Class 5,Integrated Subjects,Rosemary,Semester 1 : Social Studies,Chapter 1 Changing Family Structure,,Fill in the blank (QPG),Immigrants are people who move to a new country to live there but do not have its __________,N/A,,,,,,Other,Hard,Test Learning Outcome 1,"Skillone,skilltwo",Rosemary Class 5 Semester 1 : Social Studies Chapter 1 Changing Family Structure Fill in the blank (QPG) 3,1
CBSE,Class 5,Integrated Subjects,Rosemary,Semester 1 : Social Studies,Chapter 1 Changing Family Structure,,Fill in the blank (QPG),The birth of a child adds a ____________ to the family,N/A,,,,,,Other,Hard,Test Learning Outcome 1,"Skillone,skilltwo",Rosemary Class 5 Semester 1 : Social Studies Chapter 1 Changing Family Structure Fill in the blank (QPG) 4,1
CBSE,Class 5,Integrated Subjects,Rosemary,Semester 1 : Social Studies,Chapter 1 Changing Family Structure,,Fill in the blank (QPG),"Transferable jobs play a significant role in migration, as people relocate to new places for ____________ opportunities",N/A,,,,,,Other,Hard,Test Learning Outcome 1,"Skillone,skilltwo",Rosemary Class 5 Semester 1 : Social Studies Chapter 1 Changing Family Structure Fill in the blank (QPG) 5,1
CBSE,Class 5,Integrated Subjects,Rosemary,Semester 1 : Social Studies,Chapter 1 Changing Family Structure,,Fill in the blank (QPG),"Migration can have various effects on people, both ____________ and negative",N/A,,,,,,Other,Hard,Test Learning Outcome 1,"Skillone,skilltwo",Rosemary Class 5 Semester 1 : Social Studies Chapter 1 Changing Family Structure Fill in the blank (QPG) 6,1
CBSE,Class 5,Integrated Subjects,Rosemary,Semester 1 : Social Studies,Chapter 1 Changing Family Structure,,Fill in the blank (QPG),"Natural disasters like earthquakes, tsunamis, floods, and famines can make people go to ____________ places for their own safety",N/A,,,,,,Other,Hard,Test Learning Outcome 1,"Skillone,skilltwo",Rosemary Class 5 Semester 1 : Social Studies Chapter 1 Changing Family Structure Fill in the blank (QPG) 7,1
CBSE,Class 5,Integrated Subjects,Rosemary,Semester 1 : Social Studies,Chapter 1 Changing Family Structure,,Fill in the blank (QPG),________ differences can make it difficult to communicate with others,N/A,,,,,,Other,Hard,Test Learning Outcome 1,"Skillone,skilltwo",Rosemary Class 5 Semester 1 : Social Studies Chapter 1 Changing Family Structure Fill in the blank (QPG) 8,1
CBSE,Class 5,Integrated Subjects,Rosemary,Semester 1 : Social Studies,Chapter 1 Changing Family Structure,,Fill in the blank (QPG),"The demolition of slums can force people to move elsewhere, as they need to find alternative places to ________",N/A,,,,,,Other,Hard,Test Learning Outcome 1,"Skillone,skilltwo",Rosemary Class 5 Semester 1 : Social Studies Chapter 1 Changing Family Structure Fill in the blank (QPG) 9,1
CBSE,Class 5,Integrated Subjects,Rosemary,Semester 1 : Social Studies,Chapter 1 Changing Family Structure,,Fill in the blank (QPG),The lifestyle of big cities and towns attracts people from______________,N/A,,,,,,Other,Hard,Test Learning Outcome 1,"Skillone,skilltwo",Rosemary Class 5 Semester 1 : Social Studies Chapter 1 Changing Family Structure Fill in the blank (QPG) 10,1
CBSE,Class 5,Integrated Subjects,Rosemary,Semester 1 : Social Studies,Chapter 1 Changing Family Structure,,Very Short Answer Questions (QPG),What is a nuclear family?,N/A,,,,,,Other,Hard,Test Learning Outcome 1,"Skillone,skilltwo",Rosemary Class 5 Semester 1 : Social Studies Chapter 1 Changing Family Structure Very Short Answer Questions (QPG) 1,1
CBSE,Class 5,Integrated Subjects,Rosemary,Semester 1 : Social Studies,Chapter 1 Changing Family Structure,,Very Short Answer Questions (QPG),"In a joint family, who lives together?",N/A,,,,,,Other,Hard,Test Learning Outcome 1,"Skillone,skilltwo",Rosemary Class 5 Semester 1 : Social Studies Chapter 1 Changing Family Structure Very Short Answer Questions (QPG) 2,1
CBSE,Class 5,Integrated Subjects,Rosemary,Semester 1 : Social Studies,Chapter 1 Changing Family Structure,,Very Short Answer Questions (QPG),Why do people sometimes move within their own country?,N/A,,,,,,Other,Hard,Test Learning Outcome 1,"Skillone,skilltwo",Rosemary Class 5 Semester 1 : Social Studies Chapter 1 Changing Family Structure Very Short Answer Questions (QPG) 3,1
CBSE,Class 5,Integrated Subjects,Rosemary,Semester 1 : Social Studies,Chapter 1 Changing Family Structure,,Very Short Answer Questions (QPG),How can language differences affect individuals during migration?,N/A,,,,,,Other,Hard,Test Learning Outcome 1,"Skillone,skilltwo",Rosemary Class 5 Semester 1 : Social Studies Chapter 1 Changing Family Structure Very Short Answer Questions (QPG) 4,1
CBSE,Class 5,Integrated Subjects,Rosemary,Semester 1 : Social Studies,Chapter 1 Changing Family Structure,,Very Short Answer Questions (QPG),Why do people sometimes move out of a joint family system?,N/A,,,,,,Other,Hard,Test Learning Outcome 1,"Skillone,skilltwo",Rosemary Class 5 Semester 1 : Social Studies Chapter 1 Changing Family Structure Very Short Answer Questions (QPG) 5,1
CBSE,Class 5,Integrated Subjects,Rosemary,Semester 1 : Social Studies,Chapter 1 Changing Family Structure,,Very Short Answer Questions (QPG),Define Migration,N/A,,,,,,Other,Hard,Test Learning Outcome 1,"Skillone,skilltwo",Rosemary Class 5 Semester 1 : Social Studies Chapter 1 Changing Family Structure Very Short Answer Questions (QPG) 6,1
CBSE,Class 5,Integrated Subjects,Rosemary,Semester 1 : Social Studies,Chapter 1 Changing Family Structure,,Very Short Answer Questions (QPG),Why do people sometimes move away from their country due to calamities?,N/A,,,,,,Other,Hard,Test Learning Outcome 1,"Skillone,skilltwo",Rosemary Class 5 Semester 1 : Social Studies Chapter 1 Changing Family Structure Very Short Answer Questions (QPG) 7,1
CBSE,Class 5,Integrated Subjects,Rosemary,Semester 1 : Social Studies,Chapter 1 Changing Family Structure,,Very Short Answer Questions (QPG),How does the birth of a child impact the family structure?,N/A,,,,,,Other,Hard,Test Learning Outcome 1,"Skillone,skilltwo",Rosemary Class 5 Semester 1 : Social Studies Chapter 1 Changing Family Structure Very Short Answer Questions (QPG) 8,1
CBSE,Class 5,Integrated Subjects,Rosemary,Semester 1 : Social Studies,Chapter 1 Changing Family Structure,,Very Short Answer Questions (QPG),What can attract people from villages to big cities during migration?,N/A,,,,,,Other,Hard,Test Learning Outcome 1,"Skillone,skilltwo",Rosemary Class 5 Semester 1 : Social Studies Chapter 1 Changing Family Structure Very Short Answer Questions (QPG) 9,1
CBSE,Class 5,Integrated Subjects,Rosemary,Semester 1 : Social Studies,Chapter 1 Changing Family Structure,,Very Short Answer Questions (QPG),What is the significance of a strong and close-knit family?,N/A,,,,,,Other,Hard,Test Learning Outcome 1,"Skillone,skilltwo",Rosemary Class 5 Semester 1 : Social Studies Chapter 1 Changing Family Structure Very Short Answer Questions (QPG) 10,1
CBSE,Class 5,Integrated Subjects,Rosemary,Semester 1 : Social Studies,Chapter 1 Changing Family Structure,,Long Answer Questions (QPG),What can change the family structure?,N/A,,,,,,Other,Hard,Test Learning Outcome 1,"Skillone,skilltwo",Rosemary Class 5 Semester 1 : Social Studies Chapter 1 Changing Family Structure Long Answer Questions (QPG) 1,1
CBSE,Class 5,Integrated Subjects,Rosemary,Semester 1 : Social Studies,Chapter 1 Changing Family Structure,,Long Answer Questions (QPG),What can force people to move during migration?,N/A,,,,,,Other,Hard,Test Learning Outcome 1,"Skillone,skilltwo",Rosemary Class 5 Semester 1 : Social Studies Chapter 1 Changing Family Structure Long Answer Questions (QPG) 2,1
CBSE,Class 5,Integrated Subjects,Rosemary,Semester 1 : Social Studies,Chapter 1 Changing Family Structure,,Long Answer Questions (QPG),What are the positive effects of migration?,N/A,,,,,,Other,Hard,Test Learning Outcome 1,"Skillone,skilltwo",Rosemary Class 5 Semester 1 : Social Studies Chapter 1 Changing Family Structure Long Answer Questions (QPG) 3,1
CBSE,Class 5,Integrated Subjects,Rosemary,Semester 1 : Social Studies,Chapter 1 Changing Family Structure,,Long Answer Questions (QPG),Differentiate between Single-parent families and Joint families,N/A,,,,,,Other,Hard,Test Learning Outcome 1,"Skillone,skilltwo",Rosemary Class 5 Semester 1 : Social Studies Chapter 1 Changing Family Structure Long Answer Questions (QPG) 4,1
CBSE,Class 5,Integrated Subjects,Rosemary,Semester 1 : Social Studies,Chapter 1 Changing Family Structure,,Long Answer Questions (QPG),What are the factors that attract people from villages to migrate to big cities and towns?,N/A,,,,,,Other,Hard,Test Learning Outcome 1,"Skillone,skilltwo",Rosemary Class 5 Semester 1 : Social Studies Chapter 1 Changing Family Structure Long Answer Questions (QPG) 5,1
CBSE,Class 5,Integrated Subjects,Rosemary,Semester 1 : Social Studies,Chapter 1 Changing Family Structure,,Long Answer Questions (QPG),Mention the reason of migration,N/A,,,,,,Other,Hard,Test Learning Outcome 1,"Skillone,skilltwo",Rosemary Class 5 Semester 1 : Social Studies Chapter 1 Changing Family Structure Long Answer Questions (QPG) 6,1
CBSE,Class 5,Integrated Subjects,Rosemary,Semester 1 : Social Studies,Chapter 1 Changing Family Structure,,Long Answer Questions (QPG),What is the importance of family?,N/A,,,,,,Other,Hard,Test Learning Outcome 1,"Skillone,skilltwo",Rosemary Class 5 Semester 1 : Social Studies Chapter 1 Changing Family Structure Long Answer Questions (QPG) 7,1
CBSE,Class 5,Integrated Subjects,Rosemary,Semester 1 : Social Studies,Chapter 1 Changing Family Structure,,Long Answer Questions (QPG),Explain the different types of families,N/A,,,,,,Other,Hard,Test Learning Outcome 1,"Skillone,skilltwo",Rosemary Class 5 Semester 1 : Social Studies Chapter 1 Changing Family Structure Long Answer Questions (QPG) 8,1
CBSE,Class 5,Integrated Subjects,Rosemary,Semester 1 : Social Studies,Chapter 1 Changing Family Structure,,Long Answer Questions (QPG),Who are immigrants and emigrants?,N/A,,,,,,Other,Hard,Test Learning Outcome 1,"Skillone,skilltwo",Rosemary Class 5 Semester 1 : Social Studies Chapter 1 Changing Family Structure Long Answer Questions (QPG) 9,1
CBSE,Class 5,Integrated Subjects,Rosemary,Semester 1 : Social Studies,Chapter 1 Changing Family Structure,,Long Answer Questions (QPG),What are the negative effects of migration?,N/A,,,,,,Other,Hard,Test Learning Outcome 1,"Skillone,skilltwo",Rosemary Class 5 Semester 1 : Social Studies Chapter 1 Changing Family Structure Long Answer Questions (QPG) 10,1
CBSE,Class 5,Integrated Subjects,Rosemary,Semester 1 : Social Studies,Chapter 2 Shelter,,Multiple Choice Question (QPG) Test Paper,What is a shelter?,A safe and covered place for protection,A place for cooking,A safe and covered place for protection,A playground for children,A shopping mall,,Other,Hard,Test Learning Outcome 1,"Skillone,skilltwo",Rosemary Class 5 Semester 1 : Social Studies Chapter 2 Shelter Multiple Choice Question (QPG) Test Paper 1,1
CBSE,Class 5,Integrated Subjects,Rosemary,Semester 1 : Social Studies,Chapter 2 Shelter,,Multiple Choice Question (QPG) Test Paper,Where do birds build their nests?,On trees,Underground,On trees,Underwater,On rocks,,Other,Hard,Test Learning Outcome 1,"Skillone,skilltwo",Rosemary Class 5 Semester 1 : Social Studies Chapter 2 Shelter Multiple Choice Question (QPG) Test Paper 2,1
CBSE,Class 5,Integrated Subjects,Rosemary,Semester 1 : Social Studies,Chapter 2 Shelter,,Multiple Choice Question (QPG) Test Paper,"During the Vedic period, what were houses made of?",Wood and thatch,Cement and bricks,Wood and thatch,Ice blocks,Mud and straw,,Other,Hard,Test Learning Outcome 1,"Skillone,skilltwo",Rosemary Class 5 Semester 1 : Social Studies Chapter 2 Shelter Multiple Choice Question (QPG) Test Paper 3,1
CBSE,Class 5,Integrated Subjects,Rosemary,Semester 1 : Social Studies,Chapter 2 Shelter,,Multiple Choice Question (QPG) Test Paper,What architectural influence is mentioned in the Mughal era?,Islamic,European,Islamic,Asian,African,,Other,Hard,Test Learning Outcome 1,"Skillone,skilltwo",Rosemary Class 5 Semester 1 : Social Studies Chapter 2 Shelter Multiple Choice Question (QPG) Test Paper 4,1
CBSE,Class 5,Integrated Subjects,Rosemary,Semester 1 : Social Studies,Chapter 2 Shelter,,Multiple Choice Question (QPG) Test Paper,What type of house is known for being temporary and used by mountaineers?,Tent,Bungalow,Igloo,Houseboat,Tent,,Other,Hard,Test Learning Outcome 1,"Skillone,skilltwo",Rosemary Class 5 Semester 1 : Social Studies Chapter 2 Shelter Multiple Choice Question (QPG) Test Paper 5,1
CBSE,Class 5,Integrated Subjects,Rosemary,Semester 1 : Social Studies,Chapter 2 Shelter,,Multiple Choice Question (QPG) Test Paper,Which region in India has houses made of wood and bamboo?,Assam,Kashmir,Kerala,Assam,Rajasthan,,Other,Hard,Test Learning Outcome 1,"Skillone,skilltwo",Rosemary Class 5 Semester 1 : Social Studies Chapter 2 Shelter Multiple Choice Question (QPG) Test Paper 6,1
CBSE,Class 5,Integrated Subjects,Rosemary,Semester 1 : Social Studies,Chapter 2 Shelter,,Multiple Choice Question (QPG) Test Paper,What type of shelter is designed for extremely cold regions and made with ice blocks?,Igloo,Mudhouse,Houseboat,Igloo,Tent,,Other,Hard,Test Learning Outcome 1,"Skillone,skilltwo",Rosemary Class 5 Semester 1 : Social Studies Chapter 2 Shelter Multiple Choice Question (QPG) Test Paper 7,1
CBSE,Class 5,Integrated Subjects,Rosemary,Semester 1 : Social Studies,Chapter 2 Shelter,,Multiple Choice Question (QPG) Test Paper,"Which era introduced Islamic architectural influences, including the construction of the Taj Mahal?",Mughal Era,Early Humans,Vedic Period,Mughal Era,Colonial Period,,Other,Hard,Test Learning Outcome 1,"Skillone,skilltwo",Rosemary Class 5 Semester 1 : Social Studies Chapter 2 Shelter Multiple Choice Question (QPG) Test Paper 8,1
CBSE,Class 5,Integrated Subjects,Rosemary,Semester 1 : Social Studies,Chapter 2 Shelter,,Multiple Choice Question (QPG) Test Paper,"During the Mughal era, what notable structure was built?",Taj Mahal,Modern apartment,Taj Mahal,Houseboat,Igloo,,Other,Hard,Test Learning Outcome 1,"Skillone,skilltwo",Rosemary Class 5 Semester 1 : Social Studies Chapter 2 Shelter Multiple Choice Question (QPG) Test Paper 9,1
CBSE,Class 5,Integrated Subjects,Rosemary,Semester 1 : Social Studies,Chapter 2 Shelter,,Multiple Choice Question (QPG) Test Paper,What distinguishes Kutcha houses from Pucca houses?,Use of materials,Location-based design,Use of materials,Architectural style,Roof structure,,Other,Hard,Test Learning Outcome 1,"Skillone,skilltwo",Rosemary Class 5 Semester 1 : Social Studies Chapter 2 Shelter Multiple Choice Question (QPG) Test Paper 10,1
CBSE,Class 5,Integrated Subjects,Rosemary,Semester 1 : Social Studies,Chapter 2 Shelter,,True or False (QPG),Birds build their nests up in trees,N/A,,,,,,Other,Hard,Test Learning Outcome 1,"Skillone,skilltwo",Rosemary Class 5 Semester 1 : Social Studies Chapter 2 Shelter True or False (QPG) 1,1
CBSE,Class 5,Integrated Subjects,Rosemary,Semester 1 : Social Studies,Chapter 2 Shelter,,True or False (QPG),Houseboats can be found in Kashmir and Kerala,N/A,,,,,,Other,Hard,Test Learning Outcome 1,"Skillone,skilltwo",Rosemary Class 5 Semester 1 : Social Studies Chapter 2 Shelter True or False (QPG) 2,1
CBSE,Class 5,Integrated Subjects,Rosemary,Semester 1 : Social Studies,Chapter 2 Shelter,,True or False (QPG),"Slip-resistant flooring materials in a home, such as non-slip tiles, can reduce the risk of slips and falls",N/A,,,,,,Other,Hard,Test Learning Outcome 1,"Skillone,skilltwo",Rosemary Class 5 Semester 1 : Social Studies Chapter 2 Shelter True or False (QPG) 3,1
CBSE,Class 5,Integrated Subjects,Rosemary,Semester 1 : Social Studies,Chapter 2 Shelter,,True or False (QPG),"During the Mughal era, people lived in houses made of ice blocks",N/A,,,,,,Other,Hard,Test Learning Outcome 1,"Skillone,skilltwo",Rosemary Class 5 Semester 1 : Social Studies Chapter 2 Shelter True or False (QPG) 4,1
CBSE,Class 5,Integrated Subjects,Rosemary,Semester 1 : Social Studies,Chapter 2 Shelter,,True or False (QPG),"Kutcha houses are strong because they are made up of cement, bricks, iron, wood, and steel",N/A,,,,,,Other,Hard,Test Learning Outcome 1,"Skillone,skilltwo",Rosemary Class 5 Semester 1 : Social Studies Chapter 2 Shelter True or False (QPG) 5,1
CBSE,Class 5,Integrated Subjects,Rosemary,Semester 1 : Social Studies,Chapter 2 Shelter,,True or False (QPG),Houses of wood and bamboo are commonly found in the deserts of Rajasthan,N/A,,,,,,Other,Hard,Test Learning Outcome 1,"Skillone,skilltwo",Rosemary Class 5 Semester 1 : Social Studies Chapter 2 Shelter True or False (QPG) 6,1
CBSE,Class 5,Integrated Subjects,Rosemary,Semester 1 : Social Studies,Chapter 2 Shelter,,True or False (QPG),Tents are permanent shelters used by mountaineers and forest hikers,N/A,,,,,,Other,Hard,Test Learning Outcome 1,"Skillone,skilltwo",Rosemary Class 5 Semester 1 : Social Studies Chapter 2 Shelter True or False (QPG) 7,1
CBSE,Class 5,Integrated Subjects,Rosemary,Semester 1 : Social Studies,Chapter 2 Shelter,,True or False (QPG),"Modern architecture, with urbanization and globalization, has led to a surge in high-rise buildings, modern apartments, and gated communities in urban areas",N/A,,,,,,Other,Hard,Test Learning Outcome 1,"Skillone,skilltwo",Rosemary Class 5 Semester 1 : Social Studies Chapter 2 Shelter True or False (QPG) 8,1
CBSE,Class 5,Integrated Subjects,Rosemary,Semester 1 : Social Studies,Chapter 2 Shelter,,True or False (QPG),"Privacy and dignity are mentioned as important aspects of shelters, providing individuals with their own private space",N/A,,,,,,Other,Hard,Test Learning Outcome 1,"Skillone,skilltwo",Rosemary Class 5 Semester 1 : Social Studies Chapter 2 Shelter True or False (QPG) 9,1
CBSE,Class 5,Integrated Subjects,Rosemary,Semester 1 : Social Studies,Chapter 2 Shelter,,True or False (QPG),"Pucca houses, like apartments and bungalows, are not strong because they are made up of materials like mud, wood, and straw",N/A,,,,,,Other,Hard,Test Learning Outcome 1,"Skillone,skilltwo",Rosemary Class 5 Semester 1 : Social Studies Chapter 2 Shelter True or False (QPG) 10,1
CBSE,Class 5,Integrated Subjects,Rosemary,Semester 1 : Social Studies,Chapter 2 Shelter,,Fill in the blank (QPG),Igloos are found in extremely cold regions and are made with blocks of __________,N/A,,,,,,Other,Hard,Test Learning Outcome 1,"Skillone,skilltwo",Rosemary Class 5 Semester 1 : Social Studies Chapter 2 Shelter Fill in the blank (QPG) 1,1
CBSE,Class 5,Integrated Subjects,Rosemary,Semester 1 : Social Studies,Chapter 2 Shelter,,Fill in the blank (QPG),"During the Vedic period, people lived in semi-permanent houses made of __________ and __________",N/A,,,,,,Other,Hard,Test Learning Outcome 1,"Skillone,skilltwo",Rosemary Class 5 Semester 1 : Social Studies Chapter 2 Shelter Fill in the blank (QPG) 2,1
CBSE,Class 5,Integrated Subjects,Rosemary,Semester 1 : Social Studies,Chapter 2 Shelter,,Fill in the blank (QPG),Houseboats can be found in __________ and __________,N/A,,,,,,Other,Hard,Test Learning Outcome 1,"Skillone,skilltwo",Rosemary Class 5 Semester 1 : Social Studies Chapter 2 Shelter Fill in the blank (QPG) 3,1
CBSE,Class 5,Integrated Subjects,Rosemary,Semester 1 : Social Studies,Chapter 2 Shelter,,Fill in the blank (QPG),Mud houses are commonly found in places like the deserts of __________,N/A,,,,,,Other,Hard,Test Learning Outcome 1,"Skillone,skilltwo",Rosemary Class 5 Semester 1 : Social Studies Chapter 2 Shelter Fill in the blank (QPG) 4,1
CBSE,Class 5,Integrated Subjects,Rosemary,Semester 1 : Social Studies,Chapter 2 Shelter,,Fill in the blank (QPG),"Houses of wood and bamboo are seen in areas like __________ and other parts of Northeast India, where there is heavy rainfall",N/A,,,,,,Other,Hard,Test Learning Outcome 1,"Skillone,skilltwo",Rosemary Class 5 Semester 1 : Social Studies Chapter 2 Shelter Fill in the blank (QPG) 5,1
CBSE,Class 5,Integrated Subjects,Rosemary,Semester 1 : Social Studies,Chapter 2 Shelter,,Fill in the blank (QPG),Tents are temporary shelters used by mountaineers and forest hikers. They are typically made of __________ or cloth,N/A,,,,,,Other,Hard,Test Learning Outcome 1,"Skillone,skilltwo",Rosemary Class 5 Semester 1 : Social Studies Chapter 2 Shelter Fill in the blank (QPG) 6,1
CBSE,Class 5,Integrated Subjects,Rosemary,Semester 1 : Social Studies,Chapter 2 Shelter,,Fill in the blank (QPG),"Choose __________ flooring materials for areas prone to water or spills, such as bathrooms and kitchens",N/A,,,,,,Other,Hard,Test Learning Outcome 1,"Skillone,skilltwo",Rosemary Class 5 Semester 1 : Social Studies Chapter 2 Shelter Fill in the blank (QPG) 7,1
CBSE,Class 5,Integrated Subjects,Rosemary,Semester 1 : Social Studies,Chapter 2 Shelter,,Fill in the blank (QPG),Houses of Wood and Bamboo in Assam are built above the ground to stay safe from __________,N/A,,,,,,Other,Hard,Test Learning Outcome 1,"Skillone,skilltwo",Rosemary Class 5 Semester 1 : Social Studies Chapter 2 Shelter Fill in the blank (QPG) 8,1
CBSE,Class 5,Integrated Subjects,Rosemary,Semester 1 : Social Studies,Chapter 2 Shelter,,Fill in the blank (QPG),"In extremely cold regions, Igloos are shaped like __________ and offer protection from the cold",N/A,,,,,,Other,Hard,Test Learning Outcome 1,"Skillone,skilltwo",Rosemary Class 5 Semester 1 : Social Studies Chapter 2 Shelter Fill in the blank (QPG) 9,1
CBSE,Class 5,Integrated Subjects,Rosemary,Semester 1 : Social Studies,Chapter 2 Shelter,,Fill in the blank (QPG),"In the Vedic period, people lived in semi-permanent houses made of wood and __________, designed for a nomadic lifestyle",N/A,,,,,,Other,Hard,Test Learning Outcome 1,"Skillone,skilltwo",Rosemary Class 5 Semester 1 : Social Studies Chapter 2 Shelter Fill in the blank (QPG) 10,1
CBSE,Class 5,Integrated Subjects,Rosemary,Semester 1 : Social Studies,Chapter 2 Shelter,,Very Short Answer Questions (QPG),Where do birds usually build their nests?,N/A,,,,,,Other,Hard,Test Learning Outcome 1,"Skillone,skilltwo",Rosemary Class 5 Semester 1 : Social Studies Chapter 2 Shelter Very Short Answer Questions (QPG) 1,1
CBSE,Class 5,Integrated Subjects,Rosemary,Semester 1 : Social Studies,Chapter 2 Shelter,,Very Short Answer Questions (QPG),What is the primary purpose of a shelter?,N/A,,,,,,Other,Hard,Test Learning Outcome 1,"Skillone,skilltwo",Rosemary Class 5 Semester 1 : Social Studies Chapter 2 Shelter Very Short Answer Questions (QPG) 2,1
CBSE,Class 5,Integrated Subjects,Rosemary,Semester 1 : Social Studies,Chapter 2 Shelter,,Very Short Answer Questions (QPG),In which region are houses built with wood and bamboo due to heavy rainfall?,N/A,,,,,,Other,Hard,Test Learning Outcome 1,"Skillone,skilltwo",Rosemary Class 5 Semester 1 : Social Studies Chapter 2 Shelter Very Short Answer Questions (QPG) 3,1
CBSE,Class 5,Integrated Subjects,Rosemary,Semester 1 : Social Studies,Chapter 2 Shelter,,Very Short Answer Questions (QPG),Name one fire-resistant material used in homes for safety,N/A,,,,,,Other,Hard,Test Learning Outcome 1,"Skillone,skilltwo",Rosemary Class 5 Semester 1 : Social Studies Chapter 2 Shelter Very Short Answer Questions (QPG) 4,1
CBSE,Class 5,Integrated Subjects,Rosemary,Semester 1 : Social Studies,Chapter 2 Shelter,,Very Short Answer Questions (QPG),What material are Kutcha houses typically made of?,N/A,,,,,,Other,Hard,Test Learning Outcome 1,"Skillone,skilltwo",Rosemary Class 5 Semester 1 : Social Studies Chapter 2 Shelter Very Short Answer Questions (QPG) 5,1
CBSE,Class 5,Integrated Subjects,Rosemary,Semester 1 : Social Studies,Chapter 2 Shelter,,Very Short Answer Questions (QPG),Give an example of a temporary shelter,N/A,,,,,,Other,Hard,Test Learning Outcome 1,"Skillone,skilltwo",Rosemary Class 5 Semester 1 : Social Studies Chapter 2 Shelter Very Short Answer Questions (QPG) 6,1
CBSE,Class 5,Integrated Subjects,Rosemary,Semester 1 : Social Studies,Chapter 2 Shelter,,Very Short Answer Questions (QPG),What architectural influences were introduced during the Mughal era in India?,N/A,,,,,,Other,Hard,Test Learning Outcome 1,"Skillone,skilltwo",Rosemary Class 5 Semester 1 : Social Studies Chapter 2 Shelter Very Short Answer Questions (QPG) 7,1
CBSE,Class 5,Integrated Subjects,Rosemary,Semester 1 : Social Studies,Chapter 2 Shelter,,Very Short Answer Questions (QPG),What purpose do Igloos serve in extremely cold regions?,N/A,,,,,,Other,Hard,Test Learning Outcome 1,"Skillone,skilltwo",Rosemary Class 5 Semester 1 : Social Studies Chapter 2 Shelter Very Short Answer Questions (QPG) 8,1
CBSE,Class 5,Integrated Subjects,Rosemary,Semester 1 : Social Studies,Chapter 2 Shelter,,Very Short Answer Questions (QPG),Where are houses of wood and bamboo commonly seen in India?,N/A,,,,,,Other,Hard,Test Learning Outcome 1,"Skillone,skilltwo",Rosemary Class 5 Semester 1 : Social Studies Chapter 2 Shelter Very Short Answer Questions (QPG) 9,1
CBSE,Class 5,Integrated Subjects,Rosemary,Semester 1 : Social Studies,Chapter 2 Shelter,,Very Short Answer Questions (QPG),In which period did early humans live in caves for shelter?,N/A,,,,,,Other,Hard,Test Learning Outcome 1,"Skillone,skilltwo",Rosemary Class 5 Semester 1 : Social Studies Chapter 2 Shelter Very Short Answer Questions (QPG) 10,1
CBSE,Class 5,Integrated Subjects,Rosemary,Semester 1 : Social Studies,Chapter 2 Shelter,,Short Answer Questions (QPG),How do animals create their shelters?,N/A,,,,,,Other,Hard,Test Learning Outcome 1,"Skillone,skilltwo",Rosemary Class 5 Semester 1 : Social Studies Chapter 2 Shelter Short Answer Questions (QPG) 1,1
CBSE,Class 5,Integrated Subjects,Rosemary,Semester 1 : Social Studies,Chapter 2 Shelter,,Short Answer Questions (QPG),What are the materials used in constructing Pucca houses?,N/A,,,,,,Other,Hard,Test Learning Outcome 1,"Skillone,skilltwo",Rosemary Class 5 Semester 1 : Social Studies Chapter 2 Shelter Short Answer Questions (QPG) 2,1
CBSE,Class 5,Integrated Subjects,Rosemary,Semester 1 : Social Studies,Chapter 2 Shelter,,Short Answer Questions (QPG),Mention the purpose of shelters for humans,N/A,,,,,,Other,Hard,Test Learning Outcome 1,"Skillone,skilltwo",Rosemary Class 5 Semester 1 : Social Studies Chapter 2 Shelter Short Answer Questions (QPG) 3,1
CBSE,Class 5,Integrated Subjects,Rosemary,Semester 1 : Social Studies,Chapter 2 Shelter,,Short Answer Questions (QPG),Why are houses of wood and bamboo common in Northeast India?,N/A,,,,,,Other,Hard,Test Learning Outcome 1,"Skillone,skilltwo",Rosemary Class 5 Semester 1 : Social Studies Chapter 2 Shelter Short Answer Questions (QPG) 4,1
CBSE,Class 5,Integrated Subjects,Rosemary,Semester 1 : Social Studies,Chapter 2 Shelter,,Short Answer Questions (QPG),What is the significance of fire-resistant materials in a home?,N/A,,,,,,Other,Hard,Test Learning Outcome 1,"Skillone,skilltwo",Rosemary Class 5 Semester 1 : Social Studies Chapter 2 Shelter Short Answer Questions (QPG) 5,1
CBSE,Class 5,Integrated Subjects,Rosemary,Semester 1 : Social Studies,Chapter 2 Shelter,,Short Answer Questions (QPG),What are the characteristics of shelters during the Vedic period in India?,N/A,,,,,,Other,Hard,Test Learning Outcome 1,"Skillone,skilltwo",Rosemary Class 5 Semester 1 : Social Studies Chapter 2 Shelter Short Answer Questions (QPG) 6,1
CBSE,Class 5,Integrated Subjects,Rosemary,Semester 1 : Social Studies,Chapter 2 Shelter,,Short Answer Questions (QPG),How do shelters contribute to emotional comfort?,N/A,,,,,,Other,Hard,Test Learning Outcome 1,"Skillone,skilltwo",Rosemary Class 5 Semester 1 : Social Studies Chapter 2 Shelter Short Answer Questions (QPG) 7,1
CBSE,Class 5,Integrated Subjects,Rosemary,Semester 1 : Social Studies,Chapter 2 Shelter,,Short Answer Questions (QPG),How do Houseboats differ from traditional houses in terms of their location?,N/A,,,,,,Other,Hard,Test Learning Outcome 1,"Skillone,skilltwo",Rosemary Class 5 Semester 1 : Social Studies Chapter 2 Shelter Short Answer Questions (QPG) 8,1
CBSE,Class 5,Integrated Subjects,Rosemary,Semester 1 : Social Studies,Chapter 2 Shelter,,Short Answer Questions (QPG),What is the primary material used in constructing Kutcha houses?,N/A,,,,,,Other,Hard,Test Learning Outcome 1,"Skillone,skilltwo",Rosemary Class 5 Semester 1 : Social Studies Chapter 2 Shelter Short Answer Questions (QPG) 9,1
CBSE,Class 5,Integrated Subjects,Rosemary,Semester 1 : Social Studies,Chapter 2 Shelter,,Short Answer Questions (QPG),How do mud houses in regions like Rajasthan help residents cope with hot weather?,N/A,,,,,,Other,Hard,Test Learning Outcome 1,"Skillone,skilltwo",Rosemary Class 5 Semester 1 : Social Studies Chapter 2 Shelter Short Answer Questions (QPG) 10,1
CBSE,Class 5,Integrated Subjects,Rosemary,Semester 1 : Social Studies,Chapter 2 Shelter,,Long Answer Questions (QPG),Discuss the evolution of shelter patterns in India from the prehistoric period to the present day,N/A,,,,,,Other,Hard,Test Learning Outcome 1,"Skillone,skilltwo",Rosemary Class 5 Semester 1 : Social Studies Chapter 2 Shelter Long Answer Questions (QPG) 1,1
CBSE,Class 5,Integrated Subjects,Rosemary,Semester 1 : Social Studies,Chapter 2 Shelter,,Long Answer Questions (QPG),"Explore the diversity of houses in India, considering regional variations",N/A,,,,,,Other,Hard,Test Learning Outcome 1,"Skillone,skilltwo",Rosemary Class 5 Semester 1 : Social Studies Chapter 2 Shelter Long Answer Questions (QPG) 2,1
CBSE,Class 5,Integrated Subjects,Rosemary,Semester 1 : Social Studies,Chapter 2 Shelter,,Long Answer Questions (QPG),"Explore the regional adaptability of different house types, like Kutcha and Pucca houses, in diverse Indian climates",N/A,,,,,,Other,Hard,Test Learning Outcome 1,"Skillone,skilltwo",Rosemary Class 5 Semester 1 : Social Studies Chapter 2 Shelter Long Answer Questions (QPG) 3,1
CBSE,Class 5,Integrated Subjects,Rosemary,Semester 1 : Social Studies,Chapter 2 Shelter,,Long Answer Questions (QPG),What are the architectural changes in India during the Colonial Period?,N/A,,,,,,Other,Hard,Test Learning Outcome 1,"Skillone,skilltwo",Rosemary Class 5 Semester 1 : Social Studies Chapter 2 Shelter Long Answer Questions (QPG) 4,1
CBSE,Class 5,Integrated Subjects,Rosemary,Semester 1 : Social Studies,Chapter 2 Shelter,,Long Answer Questions (QPG),"Discuss the role of safety features in shelters, such as slip-resistant flooring and fire-resistant materials, in minimizing accidents",N/A,,,,,,Other,Hard,Test Learning Outcome 1,"Skillone,skilltwo",Rosemary Class 5 Semester 1 : Social Studies Chapter 2 Shelter Long Answer Questions (QPG) 5,1
CBSE,Class 5,Integrated Subjects,Rosemary,Semester 1 : Social Studies,Chapter 2 Shelter,,Long Answer Questions (QPG),Differentiate between tents and igloos,N/A,,,,,,Other,Hard,Test Learning Outcome 1,"Skillone,skilltwo",Rosemary Class 5 Semester 1 : Social Studies Chapter 2 Shelter Long Answer Questions (QPG) 6,1
CBSE,Class 5,Integrated Subjects,Rosemary,Semester 1 : Social Studies,Chapter 2 Shelter,,Long Answer Questions (QPG),Write the importance of shelter,N/A,,,,,,Other,Hard,Test Learning Outcome 1,"Skillone,skilltwo",Rosemary Class 5 Semester 1 : Social Studies Chapter 2 Shelter Long Answer Questions (QPG) 7,1
CBSE,Class 5,Integrated Subjects,Rosemary,Semester 1 : Social Studies,Chapter 2 Shelter,,Long Answer Questions (QPG),What re the materials to be used in a house to ensure safety?,N/A,,,,,,Other,Hard,Test Learning Outcome 1,"Skillone,skilltwo",Rosemary Class 5 Semester 1 : Social Studies Chapter 2 Shelter Long Answer Questions (QPG) 8,1
CBSE,Class 5,Integrated Subjects,Rosemary,Semester 1 : Social Studies,Chapter 2 Shelter,,Long Answer Questions (QPG),Write the two types of kutcha houses,N/A,,,,,,Other,Hard,Test Learning Outcome 1,"Skillone,skilltwo",Rosemary Class 5 Semester 1 : Social Studies Chapter 2 Shelter Long Answer Questions (QPG) 9,1
CBSE,Class 5,Integrated Subjects,Rosemary,Semester 1 : Social Studies,Chapter 2 Shelter,,Long Answer Questions (QPG),Differentiate between a kutcha house and a pucca house,N/A,,,,,,Other,Hard,Test Learning Outcome 1,"Skillone,skilltwo",Rosemary Class 5 Semester 1 : Social Studies Chapter 2 Shelter Long Answer Questions (QPG) 10,1
