Board Name,Class Name,Subject Name,Series Name,Chapter Name,Topic Name,Subtopic Name,Question Type,Question,Answer,Option1,Option2,Option3,Option4,Explanation,Question Weight(optional),Difficulty Level,Learning Outcomes(optional),"Skills(optional if any seprate with comma ,)","Tags(optional if any seprate with comma ,)","Status(1==active,0=Inactive)"
CBSE,Class 9,Science,NCERT Science,Chapter 1 Matter In Our Surroundings,,,Multiple Choice Question (Online),Everything in this universe is made up of ,3,  elements,  metals,  matter,None of the Above,,Other,Hard,,,NCERT Science Class 9 Chapter 1 Matter In Our Surroundings Multiple Choice Question (Quiz) 1,1
CBSE,Class 9,Science,NCERT Science,Chapter 1 Matter In Our Surroundings,,,Multiple Choice Question (Online),Indian philosophers classified matter in the form of,3,  two basic elements,  three basic elements,  five basic elements,None of the Above,,Other,Hard,,,NCERT Science Class 9 Chapter 1 Matter In Our Surroundings Multiple Choice Question (Quiz) 2,1
CBSE,Class 9,Science,NCERT Science,Chapter 1 Matter In Our Surroundings,,,Multiple Choice Question (Online),Early Indian philosophers classified matter in the form of five basic elements. These five  elements are:,3,"  solid, liquid, gas, plasma and Bose-Einstein Condensate","  element, compound, atoms, molecules and water","  air, earth, fire, sky and water",None of the Above,,Other,Hard,,,NCERT Science Class 9 Chapter 1 Matter In Our Surroundings Multiple Choice Question (Quiz) 3,1
CBSE,Class 9,Science,NCERT Science,Chapter 1 Matter In Our Surroundings,,,Multiple Choice Question (Online),Modern day scientists have evolved two types of classification of matter based on their,3,  physical properties,  chemical nature,  both a and b,None of the Above,,Other,Hard,,,NCERT Science Class 9 Chapter 1 Matter In Our Surroundings Multiple Choice Question (Quiz) 4,1
CBSE,Class 9,Science,NCERT Science,Chapter 1 Matter In Our Surroundings,,,Multiple Choice Question (Online),Which of the following is not matter?,3,  Taste,  Vision,  Both A and B,None of the Above,,Other,Hard,,,NCERT Science Class 9 Chapter 1 Matter In Our Surroundings Multiple Choice Question (Quiz) 5,1
CBSE,Class 9,Science,NCERT Science,Chapter 1 Matter In Our Surroundings,,,Multiple Choice Question (Online),Matter is:,3,  living thing,  non-living thing,  anything that occupies space,None of the Above,,Other,Hard,,,NCERT Science Class 9 Chapter 1 Matter In Our Surroundings Multiple Choice Question (Quiz) 6,1
CBSE,Class 9,Science,NCERT Science,Chapter 1 Matter In Our Surroundings,,,Multiple Choice Question (Online),Matters occupies space and have,3,  mass,  volume,  all of these,None of the Above,,Other,Hard,,,NCERT Science Class 9 Chapter 1 Matter In Our Surroundings Multiple Choice Question (Quiz) 7,1
CBSE,Class 9,Science,NCERT Science,Chapter 1 Matter In Our Surroundings,,,Multiple Choice Question (Online),Which of the following is the simplest form of matter?,1,  Element,  Mixture,  Compound,None of the Above,,Other,Hard,,,NCERT Science Class 9 Chapter 1 Matter In Our Surroundings Multiple Choice Question (Quiz) 8,1
CBSE,Class 9,Science,NCERT Science,Chapter 1 Matter In Our Surroundings,,,Multiple Choice Question (Online),Air is classified as matter because___________,3,  we can feel it when it blows.,  it occupies space and has mass.,  both a and ,None of the Above,,Other,Hard,,,NCERT Science Class 9 Chapter 1 Matter In Our Surroundings Multiple Choice Question (Quiz) 9,1
CBSE,Class 9,Science,NCERT Science,Chapter 1 Matter In Our Surroundings,,,Multiple Choice Question (Online),Matter is anything that_______________,1,  occupies space and have mass.,  have mass and space.,  we cannot see.,None of the Above,,Other,Hard,,,NCERT Science Class 9 Chapter 1 Matter In Our Surroundings Multiple Choice Question (Quiz) 10,1
CBSE,Class 9,Science,NCERT Science,Chapter 1 Matter In Our Surroundings,,,Multiple Choice Question (Online),Matter is in the form of,2,  continuous block,  particles,  none of these,None of the Above,,Other,Hard,,,NCERT Science Class 9 Chapter 1 Matter In Our Surroundings Multiple Choice Question (Quiz) 11,1
CBSE,Class 9,Science,NCERT Science,Chapter 1 Matter In Our Surroundings,,,Multiple Choice Question (Online),Which of the following is not the characteristic of matter?,3,  Particles of matter are continuously moving,  Particles of matter move faster on increasing temperature,  Particles of all matters have same kinetic energy.,None of the Above,,Other,Hard,,,NCERT Science Class 9 Chapter 1 Matter In Our Surroundings Multiple Choice Question (Quiz) 12,1
CBSE,Class 9,Science,NCERT Science,Chapter 1 Matter In Our Surroundings,,,Multiple Choice Question (Online),Which is incorrect statement:,1,  Matter is continuous in nature.,"  Of the three state of matter, the one that is most compact is solid state.","  In solid state inter-particles space (i.e., empty space) is minimum.",None of the Above,,Other,Hard,,,NCERT Science Class 9 Chapter 1 Matter In Our Surroundings Multiple Choice Question (Quiz) 13,1
CBSE,Class 9,Science,NCERT Science,Chapter 1 Matter In Our Surroundings,,,Multiple Choice Question (Online),Size of particles of a matter is,1,  very minute,  small,  big,None of the Above,,Other,Hard,,,NCERT Science Class 9 Chapter 1 Matter In Our Surroundings Multiple Choice Question (Quiz) 14,1
CBSE,Class 9,Science,NCERT Science,Chapter 1 Matter In Our Surroundings,,,Multiple Choice Question (Online),One small crystal of potassium permanganate may contain particles,3,  more than 104,  more than 105,  more than 106,None of the Above,,Other,Hard,,,NCERT Science Class 9 Chapter 1 Matter In Our Surroundings Multiple Choice Question (Quiz) 15,1
CBSE,Class 9,Science,NCERT Science,Chapter 1 Matter In Our Surroundings,,,Multiple Choice Question (Online),Which of the following has highest kinetic energy?,3,  Particles of water at 0 °C,  Particles of water at 100 °C,  Particles of steam at 100 °C,None of the Above,,Other,Hard,,,NCERT Science Class 9 Chapter 1 Matter In Our Surroundings Multiple Choice Question (Quiz) 16,1
CBSE,Class 9,Science,NCERT Science,Chapter 1 Matter In Our Surroundings,,,Multiple Choice Question (Online),Kinetic energy of molecules is directly proportional to,1,  temperature,  pressure,  atmospheric pressure,None of the Above,,Other,Hard,,,NCERT Science Class 9 Chapter 1 Matter In Our Surroundings Multiple Choice Question (Quiz) 17,1
CBSE,Class 9,Science,NCERT Science,Chapter 1 Matter In Our Surroundings,,,Multiple Choice Question (Online),Sugar dissolves in water which shows that,3,  sugar particles get into spaces between particles of water,  there is enough space between particles of water,  both a and b,None of the Above,,Other,Hard,,,NCERT Science Class 9 Chapter 1 Matter In Our Surroundings Multiple Choice Question (Quiz) 18,1
CBSE,Class 9,Science,NCERT Science,Chapter 1 Matter In Our Surroundings,,,Multiple Choice Question (Online),Particles of matter are,3,  continuously moving,  moves faster on heating,  both a and ,None of the Above,,Other,Hard,,,NCERT Science Class 9 Chapter 1 Matter In Our Surroundings Multiple Choice Question (Quiz) 19,1
CBSE,Class 9,Science,NCERT Science,Chapter 1 Matter In Our Surroundings,,,Multiple Choice Question (Online),Inter mixing of particles of two different types of matter on their own is called,3,  solution,  fusion,  diffusion,None of the Above,,Other,Hard,,,NCERT Science Class 9 Chapter 1 Matter In Our Surroundings Multiple Choice Question (Quiz) 20,1
CBSE,Class 9,Science,NCERT Science,Chapter 1 Matter In Our Surroundings,,,Multiple Choice Question (Online),"When we put some crystals of potassium permanganate in a beaker containing water, we observe that after sometime whole water has turned pink. This is due to:",3,  boiling,  melting of potassium permanganate crystals,  diffusion,None of the Above,,Other,Hard,,,NCERT Science Class 9 Chapter 1 Matter In Our Surroundings Multiple Choice Question (Quiz) 21,1
CBSE,Class 9,Science,NCERT Science,Chapter 1 Matter In Our Surroundings,,,Multiple Choice Question (Online),Choose correct order of inter-mixing of particles,1,  gas> liquid > solid,  solid> liquid > gas,  solid > gas > liquid,None of the Above,,Other,Hard,,,NCERT Science Class 9 Chapter 1 Matter In Our Surroundings Multiple Choice Question (Quiz) 22,1
CBSE,Class 9,Science,NCERT Science,Chapter 1 Matter In Our Surroundings,,,Multiple Choice Question (Online),Inter mixing of particles is,3,  high when temperature is low,  lower when temperature is high,  high when temperature is high,None of the Above,,Other,Hard,,,NCERT Science Class 9 Chapter 1 Matter In Our Surroundings Multiple Choice Question (Quiz) 23,1
CBSE,Class 9,Science,NCERT Science,Chapter 1 Matter In Our Surroundings,,,Multiple Choice Question (Online),A swimmer can swim in water because,3,  particles of water have space between them.,  very low force of attraction between particles of water,  both a and ,None of the Above,,Other,Hard,,,NCERT Science Class 9 Chapter 1 Matter In Our Surroundings Multiple Choice Question (Quiz) 24,1
CBSE,Class 9,Science,NCERT Science,Chapter 1 Matter In Our Surroundings,,,Multiple Choice Question (Online),Kinetic energy of molecules is directly proportional to,1,  temperature,  pressure,  both a and b,None of the Above,,Other,Hard,,,NCERT Science Class 9 Chapter 1 Matter In Our Surroundings Multiple Choice Question (Quiz) 25,1
CBSE,Class 9,Science,NCERT Science,Chapter 1 Matter In Our Surroundings,,,Multiple Choice Question (Online),Particles of matter,2,  repel each other,  attract each other,  no force of attraction exists between two particles.,None of the Above,,Other,Hard,,,NCERT Science Class 9 Chapter 1 Matter In Our Surroundings Multiple Choice Question (Quiz) 26,1
CBSE,Class 9,Science,NCERT Science,Chapter 1 Matter In Our Surroundings,,,Multiple Choice Question (Online),A few substances are arranged in the increasing order of ‘forces of attraction’ between their particles. Which one of the following represents a correct arrangement?,3,  water < air < wind,  air < sugar < oil,  oxygen < water < sugar crystal,None of the Above,,Other,Hard,,,NCERT Science Class 9 Chapter 1 Matter In Our Surroundings Multiple Choice Question (Quiz) 27,1
CBSE,Class 9,Science,NCERT Science,Chapter 1 Matter In Our Surroundings,,,Multiple Choice Question (Online),Which of the following is the correct order of the forces of attraction between the particles.,3,  iron > cotton > wood,  wood > iron > cotton,  iron > wood > cotton,None of the Above,,Other,Hard,,,NCERT Science Class 9 Chapter 1 Matter In Our Surroundings Multiple Choice Question (Quiz) 28,1
CBSE,Class 9,Science,NCERT Science,Chapter 1 Matter In Our Surroundings,,,Multiple Choice Question (Online),Which of the following is the correct order of the decreasing kinetic energy of the particles.,2,  water > oxygen > chalk,  oxygen > water > chalk,  chalk > water > oxygen,None of the Above,,Other,Hard,,,NCERT Science Class 9 Chapter 1 Matter In Our Surroundings Multiple Choice Question (Quiz) 29,1
CBSE,Class 9,Science,NCERT Science,Chapter 1 Matter In Our Surroundings,,,Multiple Choice Question (Online),"Matter around us exists in different states, they are",3,  solid,  liquid and gas,  all of these,None of the Above,,Other,Hard,,,NCERT Science Class 9 Chapter 1 Matter In Our Surroundings Multiple Choice Question (Quiz) 30,1
CBSE,Class 9,Science,NCERT Science,Chapter 1 Matter In Our Surroundings,,,Multiple Choice Question (Online),States of matter depend on,3,  forces of attraction between the particles,  spaces between the particles,  characteristics of the particles.,None of the Above,,Other,Hard,,,NCERT Science Class 9 Chapter 1 Matter In Our Surroundings Multiple Choice Question (Quiz) 31,1
CBSE,Class 9,Science,NCERT Science,Chapter 1 Matter In Our Surroundings,,,Multiple Choice Question (Online),Solids have fixed,3,  volume,  mass,  all of these,None of the Above,,Other,Hard,,,NCERT Science Class 9 Chapter 1 Matter In Our Surroundings Multiple Choice Question (Quiz) 32,1
CBSE,Class 9,Science,NCERT Science,Chapter 1 Matter In Our Surroundings,,,Multiple Choice Question (Online),Intermolecular force of attraction is maximum in,1,  solids,  liquids,  gases,None of the Above,,Other,Hard,,,NCERT Science Class 9 Chapter 1 Matter In Our Surroundings Multiple Choice Question (Quiz) 33,1
CBSE,Class 9,Science,NCERT Science,Chapter 1 Matter In Our Surroundings,,,Multiple Choice Question (Online),Particles of solids are,2,  very far from each other,  very close to each other,  moving very fast,None of the Above,,Other,Hard,,,NCERT Science Class 9 Chapter 1 Matter In Our Surroundings Multiple Choice Question (Quiz) 34,1
CBSE,Class 9,Science,NCERT Science,Chapter 1 Matter In Our Surroundings,,,Multiple Choice Question (Online),Solids have definite shape and volume because,3,  the available space between particles are very small,  motion of particles is very restricted,  all of these,None of the Above,,Other,Hard,,,NCERT Science Class 9 Chapter 1 Matter In Our Surroundings Multiple Choice Question (Quiz) 35,1
CBSE,Class 9,Science,NCERT Science,Chapter 1 Matter In Our Surroundings,,,Multiple Choice Question (Online),Compressibility and rate of diffusion in solids are very less because:,3,  motion of particles is very less,  force of attraction between particles is very high,  all of these,None of the Above,,Other,Hard,,,NCERT Science Class 9 Chapter 1 Matter In Our Surroundings Multiple Choice Question (Quiz) 36,1
CBSE,Class 9,Science,NCERT Science,Chapter 1 Matter In Our Surroundings,,,Multiple Choice Question (Online),Liquids have,3,  fixed volume and fixed shape,  fixed shape and no fixed volume,  fixed volume and no fixed shape,None of the Above,,Other,Hard,,,NCERT Science Class 9 Chapter 1 Matter In Our Surroundings Multiple Choice Question (Quiz) 37,1
CBSE,Class 9,Science,NCERT Science,Chapter 1 Matter In Our Surroundings,,,Multiple Choice Question (Online),Materials existing as liquids have,3,  boiling point and melting point above room temperature,  boiling point and melting point below room temperature,  boiling point above room temperature and melting point below room temperature,None of the Above,,Other,Hard,,,NCERT Science Class 9 Chapter 1 Matter In Our Surroundings Multiple Choice Question (Quiz) 38,1
CBSE,Class 9,Science,NCERT Science,Chapter 1 Matter In Our Surroundings,,,Multiple Choice Question (Online),Which of the following properties are not characteristics of liquids?,2,  Fluidity,  Definite shape,  Definite volume,None of the Above,,Other,Hard,,,NCERT Science Class 9 Chapter 1 Matter In Our Surroundings Multiple Choice Question (Quiz) 39,1
CBSE,Class 9,Science,NCERT Science,Chapter 1 Matter In Our Surroundings,,,Multiple Choice Question (Online),Liquids take the shape of container because,3,  the availability of space between particles is higher than solids,  particles are not rigid,  all of these,None of the Above,,Other,Hard,,,NCERT Science Class 9 Chapter 1 Matter In Our Surroundings Multiple Choice Question (Quiz) 40,1
CBSE,Class 9,Science,NCERT Science,Chapter 1 Matter In Our Surroundings,,,Multiple Choice Question (Online),Gases do not have,3,  high compressibility,  high fluidity,  high density,None of the Above,,Other,Hard,,,NCERT Science Class 9 Chapter 1 Matter In Our Surroundings Multiple Choice Question (Quiz) 41,1
CBSE,Class 9,Science,NCERT Science,Chapter 1 Matter In Our Surroundings,,,Multiple Choice Question (Online),Gases can be liquefied as,1,  it can be compressed easily,  its particles move randomly,  it has no fixed shape,None of the Above,,Other,Hard,,,NCERT Science Class 9 Chapter 1 Matter In Our Surroundings Multiple Choice Question (Quiz) 42,1
CBSE,Class 9,Science,NCERT Science,Chapter 1 Matter In Our Surroundings,,,Multiple Choice Question (Online),Large volume of compressed natural gas (CNG) is available in small cylinders to us due to its property of,3,  high inflammability,  easily availability,  high compressibility.,None of the Above,,Other,Hard,,,NCERT Science Class 9 Chapter 1 Matter In Our Surroundings Multiple Choice Question (Quiz) 43,1
CBSE,Class 9,Science,NCERT Science,Chapter 1 Matter In Our Surroundings,,,Multiple Choice Question (Online),The temperature at which the solid melts to become a liquid at the atmospheric pressure is called,2,  boiling point,  melting point,  freezing point,None of the Above,,Other,Hard,,,NCERT Science Class 9 Chapter 1 Matter In Our Surroundings Multiple Choice Question (Quiz) 44,1
CBSE,Class 9,Science,NCERT Science,Chapter 1 Matter In Our Surroundings,,,Multiple Choice Question (Online),Which of the following processes is known as fusion?,2,  Change of liquid to solid,  Change of solid to liquid,  Change of liquid to vapour,None of the Above,,Other,Hard,,,NCERT Science Class 9 Chapter 1 Matter In Our Surroundings Multiple Choice Question (Quiz) 45,1
CBSE,Class 9,Science,NCERT Science,Chapter 1 Matter In Our Surroundings,,,Multiple Choice Question (Online),The freezing point of pure water is __________.,1,  0 °C,  4 °C,  100 °C,None of the Above,,Other,Hard,,,NCERT Science Class 9 Chapter 1 Matter In Our Surroundings Multiple Choice Question (Quiz) 46,1
CBSE,Class 9,Science,NCERT Science,Chapter 1 Matter In Our Surroundings,,,Multiple Choice Question (Online),What term is used to describe the phase change of a solid to a liquid?,2,  Freezing,  Melting,  Boiling,None of the Above,,Other,Hard,,,NCERT Science Class 9 Chapter 1 Matter In Our Surroundings Multiple Choice Question (Quiz) 47,1
CBSE,Class 9,Science,NCERT Science,Chapter 1 Matter In Our Surroundings,,,Multiple Choice Question (Online),The process of change of liquid state into gaseous state at constant temperature is known as:,1,  boiling,  melting,  fusion,None of the Above,,Other,Hard,,,NCERT Science Class 9 Chapter 1 Matter In Our Surroundings Multiple Choice Question (Quiz) 48,1
CBSE,Class 9,Science,NCERT Science,Chapter 1 Matter In Our Surroundings,,,Multiple Choice Question (Online),On increasing the temperature of solids,2,  the kinetic energy of the particles decreases,  particles start vibrating with great speed,  increases the force of attraction between particles,None of the Above,,Other,Hard,,,NCERT Science Class 9 Chapter 1 Matter In Our Surroundings Multiple Choice Question (Quiz) 49,1
CBSE,Class 9,Science,NCERT Science,Chapter 1 Matter In Our Surroundings,,,Multiple Choice Question (Online),The amount of heat required to convert a solid at its melting point into a liquid without an increase in temperature is known as,3,  freezing point,  boiling point,  heat of fusion,None of the Above,,Other,Hard,,,NCERT Science Class 9 Chapter 1 Matter In Our Surroundings Multiple Choice Question (Quiz) 50,1
CBSE,Class 9,Science,NCERT Science,Chapter 1 Matter In Our Surroundings,,,Multiple Choice Question (Online),Matter changes from one state to another with change in _________.,2,  mass,  temperature,  volume,None of the Above,,Other,Hard,,,NCERT Science Class 9 Chapter 1 Matter In Our Surroundings Multiple Choice Question (Quiz) 51,1
CBSE,Class 9,Science,NCERT Science,Chapter 1 Matter In Our Surroundings,,,Multiple Choice Question (Online),The process of a solid changing into liquid is called ___________.,3,  liquefaction,  freezing,  melting,None of the Above,,Other,Hard,,,NCERT Science Class 9 Chapter 1 Matter In Our Surroundings Multiple Choice Question (Quiz) 52,1
CBSE,Class 9,Science,NCERT Science,Chapter 1 Matter In Our Surroundings,,,Multiple Choice Question (Online),The temperature at which vapour changes into liquid is called ________.,3,  freezing point,  melting point,  liquefaction point,None of the Above,,Other,Hard,,,NCERT Science Class 9 Chapter 1 Matter In Our Surroundings Multiple Choice Question (Quiz) 53,1
CBSE,Class 9,Science,NCERT Science,Chapter 1 Matter In Our Surroundings,,,Multiple Choice Question (Online),Temperature is a measure of ___________.,1,  total kinetic energy of molecules,  total potential energy of molecules,  average kinetic energy of molecules,None of the Above,,Other,Hard,,,NCERT Science Class 9 Chapter 1 Matter In Our Surroundings Multiple Choice Question (Quiz) 54,1
CBSE,Class 9,Science,NCERT Science,Chapter 1 Matter In Our Surroundings,,,Multiple Choice Question (Online),On suffering from fever which will lower down your body temperature faster?,3,  Ice cold water,  Water,  Ice,None of the Above,,Other,Hard,,,NCERT Science Class 9 Chapter 1 Matter In Our Surroundings Multiple Choice Question (Quiz) 55,1
CBSE,Class 9,Science,NCERT Science,Chapter 1 Matter In Our Surroundings,,,Multiple Choice Question (Online),Steam produces more severe burns as compared to boiling water because,2,  steam has more potential energy,  steam has more energy than boiling water,  steam has more heat of fusion than boiling point,None of the Above,,Other,Hard,,,NCERT Science Class 9 Chapter 1 Matter In Our Surroundings Multiple Choice Question (Quiz) 56,1
CBSE,Class 9,Science,NCERT Science,Chapter 1 Matter In Our Surroundings,,,Multiple Choice Question (Online),The amount of heat energy that is required to change 1 kg of a solid into liquid at atmospheric pressure at its melting point is known as,1,  latent heat of fusion,  boiling point,  melting point,None of the Above,,Other,Hard,,,NCERT Science Class 9 Chapter 1 Matter In Our Surroundings Multiple Choice Question (Quiz) 57,1
CBSE,Class 9,Science,NCERT Science,Chapter 1 Matter In Our Surroundings,,,Multiple Choice Question (Online),Which of these choices will not change the state of matter?,2,  Temperature,  Crushing a crystal,  Pressure,None of the Above,,Other,Hard,,,NCERT Science Class 9 Chapter 1 Matter In Our Surroundings Multiple Choice Question (Quiz) 58,1
CBSE,Class 9,Science,NCERT Science,Chapter 1 Matter In Our Surroundings,,,Multiple Choice Question (Online),Which is more effective in cooling?,1,  Ice at 273K,  Water at 273 K,  Water at 373K,None of the Above,,Other,Hard,,,NCERT Science Class 9 Chapter 1 Matter In Our Surroundings Multiple Choice Question (Quiz) 59,1
CBSE,Class 9,Science,NCERT Science,Chapter 1 Matter In Our Surroundings,,,Multiple Choice Question (Online),0 °C temperature is equal to,2,  0 K,  273 K,  –273 K,None of the Above,,Other,Hard,,,NCERT Science Class 9 Chapter 1 Matter In Our Surroundings Multiple Choice Question (Quiz) 60,1
CBSE,Class 9,Science,NCERT Science,Chapter 1 Matter In Our Surroundings,,,Multiple Choice Question (Online),"At the melting point, the particles of a solid have __________________ to overcome the  strong forces of attraction holding them in fixed positions.",1,  kinetic energy,  potential energy,  mechanical energy,None of the Above,,Other,Hard,,,NCERT Science Class 9 Chapter 1 Matter In Our Surroundings Multiple Choice Question (Quiz) 61,1
CBSE,Class 9,Science,NCERT Science,Chapter 1 Matter In Our Surroundings,,,Multiple Choice Question (Online),The boiling point of water on Celsius and Kelvin scale respectively is:,3,"  373, 273","  0, 273","  100, 373",None of the Above,,Other,Hard,,,NCERT Science Class 9 Chapter 1 Matter In Our Surroundings Multiple Choice Question (Quiz) 62,1
CBSE,Class 9,Science,NCERT Science,Chapter 1 Matter In Our Surroundings,,,Multiple Choice Question (Online),"The boiling points of diethyl ether, acetone and n-butyl alcohol are 35°C, 56°C and 118°C respectively. Which one of the following correctly represents their boiling points in Kelvin scale?",2,"  306 K, 329 K, 391 K","  308 K, 329 K, 391 K","  329 K, 392 K, 308 K",None of the Above,,Other,Hard,,,NCERT Science Class 9 Chapter 1 Matter In Our Surroundings Multiple Choice Question (Quiz) 63,1
CBSE,Class 9,Science,NCERT Science,Chapter 1 Matter In Our Surroundings,,,Multiple Choice Question (Online),Which one of the following sets of phenomena would increase on raising the temperature?,3,"  Diffusion, evaporation, compression of gases","  Evaporation, compression of gases, solubility","  Evaporation, diffusion, expansion of gas",None of the Above,,Other,Hard,,,NCERT Science Class 9 Chapter 1 Matter In Our Surroundings Multiple Choice Question (Quiz) 64,1
CBSE,Class 9,Science,NCERT Science,Chapter 1 Matter In Our Surroundings,,,Multiple Choice Question (Online),Which of the following will not undergo sublimation?,3,  Camphor,  Ammonium Chloride,  Sodium Chloride,None of the Above,,Other,Hard,,,NCERT Science Class 9 Chapter 1 Matter In Our Surroundings Multiple Choice Question (Quiz) 65,1
CBSE,Class 9,Science,NCERT Science,Chapter 1 Matter In Our Surroundings,,,Multiple Choice Question (Online),Which of the following changes represent sublimation?,2,  Solid ? Liquid,  Solid ? Gas,  Liquid ? Gas,None of the Above,,Other,Hard,,,NCERT Science Class 9 Chapter 1 Matter In Our Surroundings Multiple Choice Question (Quiz) 66,1
CBSE,Class 9,Science,NCERT Science,Chapter 1 Matter In Our Surroundings,,,Multiple Choice Question (Online),Evaporation is a,2,  process of boiling,  surface phenomena,  both a and b,None of the Above,,Other,Hard,,,NCERT Science Class 9 Chapter 1 Matter In Our Surroundings Multiple Choice Question (Quiz) 67,1
CBSE,Class 9,Science,NCERT Science,Chapter 1 Matter In Our Surroundings,,,Multiple Choice Question (Online),Which of the following is accompanied by cooling?,3,  Vaporization,  Condensation,  Evaporation,None of the Above,,Other,Hard,,,NCERT Science Class 9 Chapter 1 Matter In Our Surroundings Multiple Choice Question (Quiz) 68,1
CBSE,Class 9,Science,NCERT Science,Chapter 1 Matter In Our Surroundings,,,Multiple Choice Question (Online),Evaporation causes,1,  cooling,  heating,  no change in temperature,None of the Above,,Other,Hard,,,NCERT Science Class 9 Chapter 1 Matter In Our Surroundings Multiple Choice Question (Quiz) 69,1
CBSE,Class 9,Science,NCERT Science,Chapter 1 Matter In Our Surroundings,,,Multiple Choice Question (Online),The rate of evaporation does not depend on,2,  temperature,  pressure,  humidity,None of the Above,,Other,Hard,,,NCERT Science Class 9 Chapter 1 Matter In Our Surroundings Multiple Choice Question (Quiz) 70,1
CBSE,Class 9,Science,NCERT Science,Chapter 1 Matter In Our Surroundings,,,Multiple Choice Question (Online),The process by which wet clothes dry up is called _______.,1,  evaporation,  boiling,  condensation,None of the Above,,Other,Hard,,,NCERT Science Class 9 Chapter 1 Matter In Our Surroundings Multiple Choice Question (Quiz) 71,1
CBSE,Class 9,Science,NCERT Science,Chapter 1 Matter In Our Surroundings,,,Multiple Choice Question (Online),Evaporation of a material takes place,2,  above its boiling point,  below its boiling point,  at its melting point,None of the Above,,Other,Hard,,,NCERT Science Class 9 Chapter 1 Matter In Our Surroundings Multiple Choice Question (Quiz) 72,1
CBSE,Class 9,Science,NCERT Science,Chapter 1 Matter In Our Surroundings,,,Multiple Choice Question (Online),Evaporation causes cooling because,3,  the particle of liquid release energy to the surroundings,  it is a surface phenomena,  the particles of liquid absorb energy from the surrounding,None of the Above,,Other,Hard,,,NCERT Science Class 9 Chapter 1 Matter In Our Surroundings Multiple Choice Question (Quiz) 73,1
CBSE,Class 9,Science,NCERT Science,Chapter 1 Matter In Our Surroundings,,,Multiple Choice Question (Online),"After a hot summer day, people sprinkle water on the roof or open ground because",1,"  the heat energy is taken away by the molecules when they convert from liquid into gas,",  the heat energy releases by the molecules when they convert from liquid into gas,  both a and b,None of the Above,,Other,Hard,,,NCERT Science Class 9 Chapter 1 Matter In Our Surroundings Multiple Choice Question (Quiz) 74,1
CBSE,Class 9,Science,NCERT Science,Chapter 1 Matter In Our Surroundings,,,Multiple Choice Question (Online),Why do we see water droplets on the outer surface of a glass containing ice-cold water?,2,  The water molecule present in glass on coming in contact with air loses energy and gets  deposited on the wall of glass.,"  The water vapour present in air, on coming in contact with the cold glass of water, loses  energy and gets converted to liquid state.","  The water molecule present in glass on coming in contact with air, gains kinetic energy  and gets deposited on the wall of glass.",None of the Above,,Other,Hard,,,NCERT Science Class 9 Chapter 1 Matter In Our Surroundings Multiple Choice Question (Quiz) 75,1
CBSE,Class 9,Science,NCERT Science,Chapter 1 Matter In Our Surroundings,,,Multiple Choice Question (Online),We wear cotton clothes in summer because,3,  cotton clothes absorb heat energy easily.,  cotton clothes are cheaper,  Cotton clothes are good absorber of water helps in easy evaporation.,None of the Above,,Other,Hard,,,NCERT Science Class 9 Chapter 1 Matter In Our Surroundings Multiple Choice Question (Quiz) 76,1
CBSE,Class 9,Science,NCERT Science,Chapter 2 Is Matter Around Us Pure?,,,Multiple Choice Question (Online),A pure substance consists of,3, Single type of particles, Single form of matter, All of the above,None of the Above,,Other,Hard,,,NCERT Science Class 9 Chapter 2 Is Matter Around Us Pure? Multiple Choice Question (Quiz) 1,1
CBSE,Class 9,Science,NCERT Science,Chapter 2 Is Matter Around Us Pure?,,,Multiple Choice Question (Online),A pure substance is made up of,1, only one kind of molecules, two or more kinds of molecules, different types of molecules,None of the Above,,Other,Hard,,,NCERT Science Class 9 Chapter 2 Is Matter Around Us Pure? Multiple Choice Question (Quiz) 2,1
CBSE,Class 9,Science,NCERT Science,Chapter 2 Is Matter Around Us Pure?,,,Multiple Choice Question (Online),"In the pure substance, the constituent particle have same _________",2, physical nature, chemical nature, both a and b,None of the Above,,Other,Hard,,,NCERT Science Class 9 Chapter 2 Is Matter Around Us Pure? Multiple Choice Question (Quiz) 3,1
CBSE,Class 9,Science,NCERT Science,Chapter 2 Is Matter Around Us Pure?,,,Multiple Choice Question (Online),Pure substances always have fixed ________,1, chemical formula, pressure, volume,None of the Above,,Other,Hard,,,NCERT Science Class 9 Chapter 2 Is Matter Around Us Pure? Multiple Choice Question (Quiz) 4,1
CBSE,Class 9,Science,NCERT Science,Chapter 2 Is Matter Around Us Pure?,,,Multiple Choice Question (Online),What is a mixture?,1, A matter with two or more different particles, Substance that is insoluble, Matter with a single homogeneous particles,None of the Above,,Other,Hard,,,NCERT Science Class 9 Chapter 2 Is Matter Around Us Pure? Multiple Choice Question (Quiz) 5,1
CBSE,Class 9,Science,NCERT Science,Chapter 2 Is Matter Around Us Pure?,,,Multiple Choice Question (Online),Syrup is an example of :,2, An element, Mixture, A compound,None of the Above,,Other,Hard,,,NCERT Science Class 9 Chapter 2 Is Matter Around Us Pure? Multiple Choice Question (Quiz) 6,1
CBSE,Class 9,Science,NCERT Science,Chapter 2 Is Matter Around Us Pure?,,,Multiple Choice Question (Online),A glass of iced tea is a/an:,1, Heterogeneous mixture, Homogenous mixture, Compound,None of the Above,,Other,Hard,,,NCERT Science Class 9 Chapter 2 Is Matter Around Us Pure? Multiple Choice Question (Quiz) 7,1
CBSE,Class 9,Science,NCERT Science,Chapter 2 Is Matter Around Us Pure?,,,Multiple Choice Question (Online),Which of the following is a mixture?,1, Air, chlorine, Carbon dioxide,None of the Above,,Other,Hard,,,NCERT Science Class 9 Chapter 2 Is Matter Around Us Pure? Multiple Choice Question (Quiz) 8,1
CBSE,Class 9,Science,NCERT Science,Chapter 2 Is Matter Around Us Pure?,,,Multiple Choice Question (Online),A mixture which has a uniform composition throughout is called,2, Heterogeneous mixture, Homogenous mixture, Mixture,None of the Above,,Other,Hard,,,NCERT Science Class 9 Chapter 2 Is Matter Around Us Pure? Multiple Choice Question (Quiz) 9,1
CBSE,Class 9,Science,NCERT Science,Chapter 2 Is Matter Around Us Pure?,,,Multiple Choice Question (Online),A mixture which has a non-uniform composition throughout is called,1, Heterogeneous mixture, Homogenous mixture, Mixture,None of the Above,,Other,Hard,,,NCERT Science Class 9 Chapter 2 Is Matter Around Us Pure? Multiple Choice Question (Quiz) 10,1
CBSE,Class 9,Science,NCERT Science,Chapter 2 Is Matter Around Us Pure?,,,Multiple Choice Question (Online),Salt in water and sugar in water is examples of,2, Mixture, Homogeneous mixture, Heterogeneous mixture,None of the Above,,Other,Hard,,,NCERT Science Class 9 Chapter 2 Is Matter Around Us Pure? Multiple Choice Question (Quiz) 11,1
CBSE,Class 9,Science,NCERT Science,Chapter 2 Is Matter Around Us Pure?,,,Multiple Choice Question (Online),Which out of the following is a homogeneous mixture?,1, Steel, Milk, Soil,None of the Above,,Other,Hard,,,NCERT Science Class 9 Chapter 2 Is Matter Around Us Pure? Multiple Choice Question (Quiz) 12,1
CBSE,Class 9,Science,NCERT Science,Chapter 2 Is Matter Around Us Pure?,,,Multiple Choice Question (Online),"Vinegar is a solution of acetic acid in water, it is:",3, A homogeneous solid in liquid mixture, A heterogeneous liquid in liquid mixture, A homogeneous liquid in liquid mixture,None of the Above,,Other,Hard,,,NCERT Science Class 9 Chapter 2 Is Matter Around Us Pure? Multiple Choice Question (Quiz) 13,1
CBSE,Class 9,Science,NCERT Science,Chapter 2 Is Matter Around Us Pure?,,,Multiple Choice Question (Online),Mixtures in which components can be distinguished are called:,1, Heterogeneous, Homogeneous, Pure substances,None of the Above,,Other,Hard,,,NCERT Science Class 9 Chapter 2 Is Matter Around Us Pure? Multiple Choice Question (Quiz) 14,1
CBSE,Class 9,Science,NCERT Science,Chapter 2 Is Matter Around Us Pure?,,,Multiple Choice Question (Online),Which of the following are homogeneous mixtures?,3, sugar water, vinegar, all of the above,None of the Above,,Other,Hard,,,NCERT Science Class 9 Chapter 2 Is Matter Around Us Pure? Multiple Choice Question (Quiz) 15,1
CBSE,Class 9,Science,NCERT Science,Chapter 2 Is Matter Around Us Pure?,,,Multiple Choice Question (Online),Which of the following are related to apple juice?,1, Mixture, Compound, Homogeneous mixture,None of the Above,,Other,Hard,,,NCERT Science Class 9 Chapter 2 Is Matter Around Us Pure? Multiple Choice Question (Quiz) 16,1
CBSE,Class 9,Science,NCERT Science,Chapter 2 Is Matter Around Us Pure?,,,Multiple Choice Question (Online),Which of the following is not a mixture?,3, Air, Apple juice, ice,None of the Above,,Other,Hard,,,NCERT Science Class 9 Chapter 2 Is Matter Around Us Pure? Multiple Choice Question (Quiz) 17,1
CBSE,Class 9,Science,NCERT Science,Chapter 2 Is Matter Around Us Pure?,,,Multiple Choice Question (Online),Which of the following are homogeneous in nature? (i) Ice (ii) Wood (iii) Soil (iv) Air,3, (i) and (iii), (ii) and (iv), (i) and (iv),None of the Above,,Other,Hard,,,NCERT Science Class 9 Chapter 2 Is Matter Around Us Pure? Multiple Choice Question (Quiz) 18,1
CBSE,Class 9,Science,NCERT Science,Chapter 2 Is Matter Around Us Pure?,,,Multiple Choice Question (Online),A __________ is a mixture of two or more substances in a single phase,3, Element, Compound, Solution,None of the Above,,Other,Hard,,,NCERT Science Class 9 Chapter 2 Is Matter Around Us Pure? Multiple Choice Question (Quiz) 19,1
CBSE,Class 9,Science,NCERT Science,Chapter 2 Is Matter Around Us Pure?,,,Multiple Choice Question (Online),_________ is present in a lesser amount in a solution,1, Solute, Solvent, Solubility,None of the Above,,Other,Hard,,,NCERT Science Class 9 Chapter 2 Is Matter Around Us Pure? Multiple Choice Question (Quiz) 20,1
CBSE,Class 9,Science,NCERT Science,Chapter 2 Is Matter Around Us Pure?,,,Multiple Choice Question (Online),A solution is defined as a,1, homogeneous mixture of two or more substances, heterogeneous mixture of two or more substances, homogeneous mixture of liquid and solid components only,None of the Above,,Other,Hard,,,NCERT Science Class 9 Chapter 2 Is Matter Around Us Pure? Multiple Choice Question (Quiz) 21,1
CBSE,Class 9,Science,NCERT Science,Chapter 2 Is Matter Around Us Pure?,,,Multiple Choice Question (Online),Solution equals?,1, Solute + solvent, Solute – solvent, Solute × solvent,None of the Above,,Other,Hard,,,NCERT Science Class 9 Chapter 2 Is Matter Around Us Pure? Multiple Choice Question (Quiz) 22,1
CBSE,Class 9,Science,NCERT Science,Chapter 2 Is Matter Around Us Pure?,,,Multiple Choice Question (Online),A solvent may be,3, Solid, Liquid, All of these,None of the Above,,Other,Hard,,,NCERT Science Class 9 Chapter 2 Is Matter Around Us Pure? Multiple Choice Question (Quiz) 23,1
CBSE,Class 9,Science,NCERT Science,Chapter 2 Is Matter Around Us Pure?,,,Multiple Choice Question (Online),A true solution is a _________,1, homogeneous mixture, heterogeneous mixture, pure compound,None of the Above,,Other,Hard,,,NCERT Science Class 9 Chapter 2 Is Matter Around Us Pure? Multiple Choice Question (Quiz) 24,1
CBSE,Class 9,Science,NCERT Science,Chapter 2 Is Matter Around Us Pure?,,,Multiple Choice Question (Online),When sugar is dissolved in water in a beaker which component is known as solvent?,1, Water, Sugar, Beaker,None of the Above,,Other,Hard,,,NCERT Science Class 9 Chapter 2 Is Matter Around Us Pure? Multiple Choice Question (Quiz) 25,1
CBSE,Class 9,Science,NCERT Science,Chapter 2 Is Matter Around Us Pure?,,,Multiple Choice Question (Online),"In soda water, identify the solvent?",1, Water, Carbon dioxide, Chlorine,None of the Above,,Other,Hard,,,NCERT Science Class 9 Chapter 2 Is Matter Around Us Pure? Multiple Choice Question (Quiz) 26,1
CBSE,Class 9,Science,NCERT Science,Chapter 2 Is Matter Around Us Pure?,,,Multiple Choice Question (Online),Mark the correct statement regarding solutions,2, Particles of a solution are larger than 1 nm in diameter, They do not scatter a beam of light, The path of light is visible in a solution,None of the Above,,Other,Hard,,,NCERT Science Class 9 Chapter 2 Is Matter Around Us Pure? Multiple Choice Question (Quiz) 27,1
CBSE,Class 9,Science,NCERT Science,Chapter 2 Is Matter Around Us Pure?,,,Multiple Choice Question (Online),An alloy is:,3, An element, A compound, A homogeneous mixture,None of the Above,,Other,Hard,,,NCERT Science Class 9 Chapter 2 Is Matter Around Us Pure? Multiple Choice Question (Quiz) 28,1
CBSE,Class 9,Science,NCERT Science,Chapter 2 Is Matter Around Us Pure?,,,Multiple Choice Question (Online),The amount of solute present in a given amount of solution is,2, Solubility, Concentration, Solute,None of the Above,,Other,Hard,,,NCERT Science Class 9 Chapter 2 Is Matter Around Us Pure? Multiple Choice Question (Quiz) 29,1
CBSE,Class 9,Science,NCERT Science,Chapter 2 Is Matter Around Us Pure?,,,Multiple Choice Question (Online),A solution always contains a fixed mass of solute at a fixed temperature is,1, Saturated solution, Solution, Concentrated solution,None of the Above,,Other,Hard,,,NCERT Science Class 9 Chapter 2 Is Matter Around Us Pure? Multiple Choice Question (Quiz) 30,1
CBSE,Class 9,Science,NCERT Science,Chapter 2 Is Matter Around Us Pure?,,,Multiple Choice Question (Online),Calculate the concentration of solution which contains 5 g of salt dissolved in 100 g water,3,7.28,19.52,4.76,None of the Above,,Other,Hard,,,NCERT Science Class 9 Chapter 2 Is Matter Around Us Pure? Multiple Choice Question (Quiz) 31,1
CBSE,Class 9,Science,NCERT Science,Chapter 2 Is Matter Around Us Pure?,,,Multiple Choice Question (Online),Concentration is measure in moles per litre,1,TRUE, False, Neither of two,None of the Above,,Other,Hard,,,NCERT Science Class 9 Chapter 2 Is Matter Around Us Pure? Multiple Choice Question (Quiz) 32,1
CBSE,Class 9,Science,NCERT Science,Chapter 2 Is Matter Around Us Pure?,,,Multiple Choice Question (Online),What is a saturated solution?,1, A solution in which the maximum amount of solute is dissolved under the current conditions, A solution in which the maximum amount of solute is dissolved under any conditions, A solution that is full of solid substance,None of the Above,,Other,Hard,,,NCERT Science Class 9 Chapter 2 Is Matter Around Us Pure? Multiple Choice Question (Quiz) 33,1
CBSE,Class 9,Science,NCERT Science,Chapter 2 Is Matter Around Us Pure?,,,Multiple Choice Question (Online),The amount of solute dissolved in a given mass or volume of a solvent is called,2, Saturated solution, Concentration of solution, Solution,None of the Above,,Other,Hard,,,NCERT Science Class 9 Chapter 2 Is Matter Around Us Pure? Multiple Choice Question (Quiz) 34,1
CBSE,Class 9,Science,NCERT Science,Chapter 2 Is Matter Around Us Pure?,,,Multiple Choice Question (Online),Concentration of solution is equal to,3, Amount of solute/amount of solution, Amount of solute/ amount of solvent, Both a and b,None of the Above,,Other,Hard,,,NCERT Science Class 9 Chapter 2 Is Matter Around Us Pure? Multiple Choice Question (Quiz) 35,1
CBSE,Class 9,Science,NCERT Science,Chapter 2 Is Matter Around Us Pure?,,,Multiple Choice Question (Online),A solution which contains maximum possible amount of solute at any given temperature is  called a :,1, Saturated solution, Super saturated solution, Dilute solution,None of the Above,,Other,Hard,,,NCERT Science Class 9 Chapter 2 Is Matter Around Us Pure? Multiple Choice Question (Quiz) 36,1
CBSE,Class 9,Science,NCERT Science,Chapter 2 Is Matter Around Us Pure?,,,Multiple Choice Question (Online),Which of the following units is commonly used to describe solubility?,3, mL/s, g/°C, mol/L,None of the Above,,Other,Hard,,,NCERT Science Class 9 Chapter 2 Is Matter Around Us Pure? Multiple Choice Question (Quiz) 37,1
CBSE,Class 9,Science,NCERT Science,Chapter 2 Is Matter Around Us Pure?,,,Multiple Choice Question (Online),The concentration of a solution is :  I) the amount of solute present in a given amount of solution  II) the amount of solute dissolved in a given mass or volume of solvent,3, I, II," I, II",None of the Above,,Other,Hard,,,NCERT Science Class 9 Chapter 2 Is Matter Around Us Pure? Multiple Choice Question (Quiz) 38,1
CBSE,Class 9,Science,NCERT Science,Chapter 2 Is Matter Around Us Pure?,,,Multiple Choice Question (Online),Which is present in greater quantity in a concentrated solution?,1, solute, solvent, solubility,None of the Above,,Other,Hard,,,NCERT Science Class 9 Chapter 2 Is Matter Around Us Pure? Multiple Choice Question (Quiz) 39,1
CBSE,Class 9,Science,NCERT Science,Chapter 2 Is Matter Around Us Pure?,,,Multiple Choice Question (Online),"A saturated aqueous solution is heated to a higher temperature  With increase in temperature, the solubility increases, but no additional solute is added to the solution  This condition is called as",3, Concentration, Dilution, Unsaturation,None of the Above,,Other,Hard,,,NCERT Science Class 9 Chapter 2 Is Matter Around Us Pure? Multiple Choice Question (Quiz) 40,1
CBSE,Class 9,Science,NCERT Science,Chapter 2 Is Matter Around Us Pure?,,,Multiple Choice Question (Online),"Which is the condition that exists when a water solution that has been at equilibrium is heated to a higher temperature with a higher solubility, but no additional solute is added?",1, Unsaturation, Concentration, Dilution,None of the Above,,Other,Hard,,,NCERT Science Class 9 Chapter 2 Is Matter Around Us Pure? Multiple Choice Question (Quiz) 41,1
CBSE,Class 9,Science,NCERT Science,Chapter 2 Is Matter Around Us Pure?,,,Multiple Choice Question (Online),A solution contains 10 g of a solute in 100 g of the solvent.  Its concentration in terms of mass percentage is:,2,8,9,21,None of the Above,,Other,Hard,,,NCERT Science Class 9 Chapter 2 Is Matter Around Us Pure? Multiple Choice Question (Quiz) 42,1
CBSE,Class 9,Science,NCERT Science,Chapter 2 Is Matter Around Us Pure?,,,Multiple Choice Question (Online),A suspension is a,3, Mixture, Homogeneous mixture, Heterogeneous mixture,None of the Above,,Other,Hard,,,NCERT Science Class 9 Chapter 2 Is Matter Around Us Pure? Multiple Choice Question (Quiz) 43,1
CBSE,Class 9,Science,NCERT Science,Chapter 2 Is Matter Around Us Pure?,,,Multiple Choice Question (Online),In suspension:,1, The solute particles do not dissolve but remain suspended throughout the bulk of the medium, The solute particles dissolve throughout the bulk of the medium, Particles of a suspension are not visible to the naked eye,None of the Above,,Other,Hard,,,NCERT Science Class 9 Chapter 2 Is Matter Around Us Pure? Multiple Choice Question (Quiz) 44,1
CBSE,Class 9,Science,NCERT Science,Chapter 2 Is Matter Around Us Pure?,,,Multiple Choice Question (Online),Which of the following is correct characteristic for a suspension?,3, Suspension is a heterogeneous mixture, The particles of a suspension can be seen by the naked eye, Both a and b,None of the Above,,Other,Hard,,,NCERT Science Class 9 Chapter 2 Is Matter Around Us Pure? Multiple Choice Question (Quiz) 45,1
CBSE,Class 9,Science,NCERT Science,Chapter 2 Is Matter Around Us Pure?,,,Multiple Choice Question (Online),Which of the following can be called a suspension?,3, Salt solution, Vinegar, Milk of magnesia,None of the Above,,Other,Hard,,,NCERT Science Class 9 Chapter 2 Is Matter Around Us Pure? Multiple Choice Question (Quiz) 46,1
CBSE,Class 9,Science,NCERT Science,Chapter 2 Is Matter Around Us Pure?,,,Multiple Choice Question (Online),Suspension is,3, Unstable, Solute particles can be separated from the mixture by the process of filtration, Both b and c,None of the Above,,Other,Hard,,,NCERT Science Class 9 Chapter 2 Is Matter Around Us Pure? Multiple Choice Question (Quiz) 47,1
CBSE,Class 9,Science,NCERT Science,Chapter 2 Is Matter Around Us Pure?,,,Multiple Choice Question (Online),Milk of magnesia is:,3, A colloid, A true solution, A suspension,None of the Above,,Other,Hard,,,NCERT Science Class 9 Chapter 2 Is Matter Around Us Pure? Multiple Choice Question (Quiz) 48,1
CBSE,Class 9,Science,NCERT Science,Chapter 2 Is Matter Around Us Pure?,,,Multiple Choice Question (Online),Particles which are visible by naked eyes:,3, mixture, colloidal solution, suspension,None of the Above,,Other,Hard,,,NCERT Science Class 9 Chapter 2 Is Matter Around Us Pure? Multiple Choice Question (Quiz) 49,1
CBSE,Class 9,Science,NCERT Science,Chapter 2 Is Matter Around Us Pure?,,,Multiple Choice Question (Online),In a colloidal solution________,3, the size of a colloidal particle lies roughly between 0, the particles have a tendency to settle when the solution is left standing, the dispersed phase is uniformly distributed in the dispersion medium,None of the Above,,Other,Hard,,,NCERT Science Class 9 Chapter 2 Is Matter Around Us Pure? Multiple Choice Question (Quiz) 50,1
CBSE,Class 9,Science,NCERT Science,Chapter 2 Is Matter Around Us Pure?,,,Multiple Choice Question (Online),We separate mixture to:,3, remove unwanted components, to get pure substances, both the above,None of the Above,,Other,Hard,,,NCERT Science Class 9 Chapter 2 Is Matter Around Us Pure? Multiple Choice Question (Quiz) 51,1
CBSE,Class 9,Science,NCERT Science,Chapter 2 Is Matter Around Us Pure?,,,Multiple Choice Question (Online),"Mixture can be separated, and kind of separation method depends on kind of:",1, mixture it is, solution it is, molecule it is,None of the Above,,Other,Hard,,,NCERT Science Class 9 Chapter 2 Is Matter Around Us Pure? Multiple Choice Question (Quiz) 52,1
CBSE,Class 9,Science,NCERT Science,Chapter 2 Is Matter Around Us Pure?,,,Multiple Choice Question (Online),How can we separate cream from milk?,1, Centrifugation, Chromatography, Sublimation,None of the Above,,Other,Hard,,,NCERT Science Class 9 Chapter 2 Is Matter Around Us Pure? Multiple Choice Question (Quiz) 53,1
CBSE,Class 9,Science,NCERT Science,Chapter 2 Is Matter Around Us Pure?,,,Multiple Choice Question (Online),Removal of clear layer of the liquid without disturbing the settled solid is known as ________,2, sedimentation, decantation, filtration,None of the Above,,Other,Hard,,,NCERT Science Class 9 Chapter 2 Is Matter Around Us Pure? Multiple Choice Question (Quiz) 54,1
CBSE,Class 9,Science,NCERT Science,Chapter 2 Is Matter Around Us Pure?,,,Multiple Choice Question (Online),"When two liquids in a mixture differ by their boiling points, which of the following is the best method to separate these liquids",2, evaporation, distillation, chromatography,None of the Above,,Other,Hard,,,NCERT Science Class 9 Chapter 2 Is Matter Around Us Pure? Multiple Choice Question (Quiz) 55,1
CBSE,Class 9,Science,NCERT Science,Chapter 2 Is Matter Around Us Pure?,,,Multiple Choice Question (Online),A mixture of water and silver chloride can be separated by,3, centrifugation, sedimentation, filtration,None of the Above,,Other,Hard,,,NCERT Science Class 9 Chapter 2 Is Matter Around Us Pure? Multiple Choice Question (Quiz) 56,1
CBSE,Class 9,Science,NCERT Science,Chapter 2 Is Matter Around Us Pure?,,,Multiple Choice Question (Online),Which technique is used to separate a solid-solid mixture?,3, Evaporation, Distillation, Sublimation,None of the Above,,Other,Hard,,,NCERT Science Class 9 Chapter 2 Is Matter Around Us Pure? Multiple Choice Question (Quiz) 57,1
CBSE,Class 9,Science,NCERT Science,Chapter 2 Is Matter Around Us Pure?,,,Multiple Choice Question (Online),The process used to separate a mixture of ammonium chloride and common salt is ______,3, evaporation, magnetic separation, sublimation,None of the Above,,Other,Hard,,,NCERT Science Class 9 Chapter 2 Is Matter Around Us Pure? Multiple Choice Question (Quiz) 58,1
CBSE,Class 9,Science,NCERT Science,Chapter 2 Is Matter Around Us Pure?,,,Multiple Choice Question (Online),Gases are separated from each other by,2, fractional evaporation, fractional distillation, fractional crystallization,None of the Above,,Other,Hard,,,NCERT Science Class 9 Chapter 2 Is Matter Around Us Pure? Multiple Choice Question (Quiz) 59,1
CBSE,Class 9,Science,NCERT Science,Chapter 2 Is Matter Around Us Pure?,,,Multiple Choice Question (Online),Mixture of sand and sulphur may best be separated by:,3, fractional crystallization from aqueous solution, magnetic method, dissolving in CS2 and filtering,None of the Above,,Other,Hard,,,NCERT Science Class 9 Chapter 2 Is Matter Around Us Pure? Multiple Choice Question (Quiz) 60,1
CBSE,Class 9,Science,NCERT Science,Chapter 2 Is Matter Around Us Pure?,,,Multiple Choice Question (Online),Filtration can be used to separate:,2, solids from solids, undesolved solids from liquid, liquids from liquids,None of the Above,,Other,Hard,,,NCERT Science Class 9 Chapter 2 Is Matter Around Us Pure? Multiple Choice Question (Quiz) 61,1
CBSE,Class 9,Science,NCERT Science,Chapter 2 Is Matter Around Us Pure?,,,Multiple Choice Question (Online),Melting points can separate materials because:,1, substances melt at different temperatures, molecules vibrate rapidly when heated, heat causes molecules to disintegrate,None of the Above,,Other,Hard,,,NCERT Science Class 9 Chapter 2 Is Matter Around Us Pure? Multiple Choice Question (Quiz) 62,1
CBSE,Class 9,Science,NCERT Science,Chapter 2 Is Matter Around Us Pure?,,,Multiple Choice Question (Online),Distillation is a good separation technique for:,2, solids, liquids, solid alloys,None of the Above,,Other,Hard,,,NCERT Science Class 9 Chapter 2 Is Matter Around Us Pure? Multiple Choice Question (Quiz) 63,1
CBSE,Class 9,Science,NCERT Science,Chapter 2 Is Matter Around Us Pure?,,,Multiple Choice Question (Online),Solubility is a good separation technique for:,3, pure metals, noble gases, different salts,None of the Above,,Other,Hard,,,NCERT Science Class 9 Chapter 2 Is Matter Around Us Pure? Multiple Choice Question (Quiz) 64,1
CBSE,Class 9,Science,NCERT Science,Chapter 2 Is Matter Around Us Pure?,,,Multiple Choice Question (Online),Magnetism is most beneficial for separating:,2, gases and non- metallic liquids, magnetic solids and non-metallic solids, non- metallic solids and solids such as sulfur,None of the Above,,Other,Hard,,,NCERT Science Class 9 Chapter 2 Is Matter Around Us Pure? Multiple Choice Question (Quiz) 65,1
CBSE,Class 9,Science,NCERT Science,Chapter 2 Is Matter Around Us Pure?,,,Multiple Choice Question (Online),One common method used to separate dyes is:,3, filtration, distillation, chromatography,None of the Above,,Other,Hard,,,NCERT Science Class 9 Chapter 2 Is Matter Around Us Pure? Multiple Choice Question (Quiz) 66,1
CBSE,Class 9,Science,NCERT Science,Chapter 2 Is Matter Around Us Pure?,,,Multiple Choice Question (Online),"The correct sequence of steps taken for separating the mixture of ammonium chloride, sand and common salt is:",2," filtration, evaporation, sublimation, and dissolving in water"," sublimation, dissolving in water, filtration and evaporation"," filtration, dissolving in water, sublimation and evaporation",None of the Above,,Other,Hard,,,NCERT Science Class 9 Chapter 2 Is Matter Around Us Pure? Multiple Choice Question (Quiz) 67,1
CBSE,Class 9,Science,NCERT Science,Chapter 2 Is Matter Around Us Pure?,,,Multiple Choice Question (Online),A mixture of ethanol and water can be separated by:,3, filtration, decantation, fractional distillation,None of the Above,,Other,Hard,,,NCERT Science Class 9 Chapter 2 Is Matter Around Us Pure? Multiple Choice Question (Quiz) 68,1
CBSE,Class 9,Science,NCERT Science,Chapter 2 Is Matter Around Us Pure?,,,Multiple Choice Question (Online),Salt can be obtained from sea water by:,3, filtration, decantation, evaporation,None of the Above,,Other,Hard,,,NCERT Science Class 9 Chapter 2 Is Matter Around Us Pure? Multiple Choice Question (Quiz) 69,1
CBSE,Class 9,Science,NCERT Science,Chapter 2 Is Matter Around Us Pure?,,,Multiple Choice Question (Online),Which of the following is a chemical change?,3, Melting of ice, Dissolving salt in water, Rusting of iron,None of the Above,,Other,Hard,,,NCERT Science Class 9 Chapter 2 Is Matter Around Us Pure? Multiple Choice Question (Quiz) 70,1
CBSE,Class 9,Science,NCERT Science,Chapter 2 Is Matter Around Us Pure?,,,Multiple Choice Question (Online),Chemical changes are __________,3," temporary, reversible and a new substance is produced", always accompanied by exchange of light," permanent, irreversible and a new substance is produced",None of the Above,,Other,Hard,,,NCERT Science Class 9 Chapter 2 Is Matter Around Us Pure? Multiple Choice Question (Quiz) 71,1
CBSE,Class 9,Science,NCERT Science,Chapter 2 Is Matter Around Us Pure?,,,Multiple Choice Question (Online),Iron rod turns red on heating.  The change is a______,1, physical change, temporary, physical and chemical change,None of the Above,,Other,Hard,,,NCERT Science Class 9 Chapter 2 Is Matter Around Us Pure? Multiple Choice Question (Quiz) 72,1
CBSE,Class 9,Science,NCERT Science,Chapter 2 Is Matter Around Us Pure?,,,Multiple Choice Question (Online),Which one of the following is a physical change?,3, Burning of magnesium, Exposure of iron to moisture, Dissolution of sugar in water,None of the Above,,Other,Hard,,,NCERT Science Class 9 Chapter 2 Is Matter Around Us Pure? Multiple Choice Question (Quiz) 73,1
CBSE,Class 9,Science,NCERT Science,Chapter 2 Is Matter Around Us Pure?,,,Multiple Choice Question (Online),Element is a basic form of matter that------------,2, can be broken down into simpler substances by chemical reactions, cannot be broken down into simpler substances by chemical reactions, none of these,None of the Above,,Other,Hard,,,NCERT Science Class 9 Chapter 2 Is Matter Around Us Pure? Multiple Choice Question (Quiz) 74,1
CBSE,Class 9,Science,NCERT Science,Chapter 2 Is Matter Around Us Pure?,,,Multiple Choice Question (Online),Elements can be normally divided into,3, metals, non metals, all of these,None of the Above,,Other,Hard,,,NCERT Science Class 9 Chapter 2 Is Matter Around Us Pure? Multiple Choice Question (Quiz) 75,1
CBSE,Class 9,Science,NCERT Science,Chapter 2 Is Matter Around Us Pure?,,,Multiple Choice Question (Online),Metals usually show following properties,3, they have luster, they conduct electricity and heat, all of these,None of the Above,,Other,Hard,,,NCERT Science Class 9 Chapter 2 Is Matter Around Us Pure? Multiple Choice Question (Quiz) 76,1
CBSE,Class 9,Science,NCERT Science,Chapter 2 Is Matter Around Us Pure?,,,Multiple Choice Question (Online),"Sodium, mercury and potassium are",2, non-metals, metals, metalloids,None of the Above,,Other,Hard,,,NCERT Science Class 9 Chapter 2 Is Matter Around Us Pure? Multiple Choice Question (Quiz) 77,1
CBSE,Class 9,Science,NCERT Science,Chapter 2 Is Matter Around Us Pure?,,,Multiple Choice Question (Online),Which of the following is not a property of non-metals?,3, They display a variety of colours, They are poor conductor of heat and electricity, They are sonorous,None of the Above,,Other,Hard,,,NCERT Science Class 9 Chapter 2 Is Matter Around Us Pure? Multiple Choice Question (Quiz) 78,1
CBSE,Class 9,Science,NCERT Science,Chapter 2 Is Matter Around Us Pure?,,,Multiple Choice Question (Online),"Boron, silicon, germanium are examples of",1, metalloids, non-metals, metals,None of the Above,,Other,Hard,,,NCERT Science Class 9 Chapter 2 Is Matter Around Us Pure? Multiple Choice Question (Quiz) 79,1
CBSE,Class 9,Science,NCERT Science,Chapter 2 Is Matter Around Us Pure?,,,Multiple Choice Question (Online),Select the non-metal from the following,1, diamond, gold, silver,None of the Above,,Other,Hard,,,NCERT Science Class 9 Chapter 2 Is Matter Around Us Pure? Multiple Choice Question (Quiz) 80,1
CBSE,Class 9,Science,NCERT Science,Chapter 2 Is Matter Around Us Pure?,,,Multiple Choice Question (Online),Which of these elements is not a metalloid?,1, Tungsten, Germanium, Bismuth,None of the Above,,Other,Hard,,,NCERT Science Class 9 Chapter 2 Is Matter Around Us Pure? Multiple Choice Question (Quiz) 81,1
CBSE,Class 9,Science,NCERT Science,Chapter 2 Is Matter Around Us Pure?,,,Multiple Choice Question (Online),Which one of the following is mono-atomic?,3, Oxygen, Hydrogen chloride gas, Argon,None of the Above,,Other,Hard,,,NCERT Science Class 9 Chapter 2 Is Matter Around Us Pure? Multiple Choice Question (Quiz) 82,1
CBSE,Class 9,Science,NCERT Science,Chapter 2 Is Matter Around Us Pure?,,,Multiple Choice Question (Online),Which of the following is a compound?,3, Stainless steel, Bronze, Hydrogen sulphide,None of the Above,,Other,Hard,,,NCERT Science Class 9 Chapter 2 Is Matter Around Us Pure? Multiple Choice Question (Quiz) 83,1
CBSE,Class 9,Science,NCERT Science,Chapter 2 Is Matter Around Us Pure?,,,Multiple Choice Question (Online),In which of the following the constituents are present in any ratio?,1, Mixture, Compound, Solution,None of the Above,,Other,Hard,,,NCERT Science Class 9 Chapter 2 Is Matter Around Us Pure? Multiple Choice Question (Quiz) 84,1
CBSE,Class 9,Science,NCERT Science,Chapter 2 Is Matter Around Us Pure?,,,Multiple Choice Question (Online),"A mixture of common salt, sulphur, sand and iron filings is shaken with carbon disulphide and filtered through a filter paper",2, Sand, Sulphur, Iron filings,None of the Above,,Other,Hard,,,NCERT Science Class 9 Chapter 2 Is Matter Around Us Pure? Multiple Choice Question (Quiz) 85,1
CBSE,Class 9,Science,NCERT Science,Chapter 2 Is Matter Around Us Pure?,,,Multiple Choice Question (Online),Two substances A and B when bought together form a substance C with the evolution of heat.  The properties of C are entirely different from those of A and B the substance C is:,1, a compound, an element, a mixture,None of the Above,,Other,Hard,,,NCERT Science Class 9 Chapter 2 Is Matter Around Us Pure? Multiple Choice Question (Quiz) 86,1
CBSE,Class 9,Science,NCERT Science,Chapter 2 Is Matter Around Us Pure?,,,Multiple Choice Question (Online),Which one of the following will result in the formation of a mixture?,3, Crushing of a marble tile into small particles, Breaking of ice cubes into small pieces, Adding milk in water,None of the Above,,Other,Hard,,,NCERT Science Class 9 Chapter 2 Is Matter Around Us Pure? Multiple Choice Question (Quiz) 87,1
CBSE,Class 9,Science,NCERT Science,Chapter 2 Is Matter Around Us Pure?,,,Multiple Choice Question (Online),Physical properties of a mixture:,3, vary with the amount of substance, depend on the volume of the substance, depend upon its components,None of the Above,,Other,Hard,,,NCERT Science Class 9 Chapter 2 Is Matter Around Us Pure? Multiple Choice Question (Quiz) 88,1
CBSE,Class 9,Science,NCERT Science,Chapter 2 Is Matter Around Us Pure?,,,Multiple Choice Question (Online),Compounds:,3, are the same as mixtures, can be separated by their physical properties, are different kinds of atoms chemically combined with each other,None of the Above,,Other,Hard,,,NCERT Science Class 9 Chapter 2 Is Matter Around Us Pure? Multiple Choice Question (Quiz) 89,1
CBSE,Class 9,Science,NCERT Science,Chapter 3 Atoms And Molecules,,,Multiple Choice Question (Online),Name the Indian philosopher who expressed ‘the smallest indivisible particles of matter’ as  Pramanu.,2,  Pakudha katyayam,  Maharishi Kanad,  Aryabhatt,None of the Above,,Other,Hard,,,NCERT Science Class 9 Chapter 3 Atoms And Molecules Multiple Choice Question (Quiz) 1,1
CBSE,Class 9,Science,NCERT Science,Chapter 3 Atoms And Molecules,,,Multiple Choice Question (Online),Who coined the term atom?,3,  Maharishi Kanad,  Pakudha Katyama,  Democritus,None of the Above,,Other,Hard,,,NCERT Science Class 9 Chapter 3 Atoms And Molecules Multiple Choice Question (Quiz) 2,1
CBSE,Class 9,Science,NCERT Science,Chapter 3 Atoms And Molecules,,,Multiple Choice Question (Online),Laws of chemical combination were established after much experimentations by,1,  lavoisier and Joseph L. Proust,  democritus and Leucippus,  maharishi Kanad and pakudha katyayam,None of the Above,,Other,Hard,,,NCERT Science Class 9 Chapter 3 Atoms And Molecules Multiple Choice Question (Quiz) 3,1
CBSE,Class 9,Science,NCERT Science,Chapter 3 Atoms And Molecules,,,Multiple Choice Question (Online),Law of conservation of mass states that,2,  atoms of given elements are identical in mass and chemical properties,  mass can neither be created nor destroyed in a chemical reaction,  the atoms combine in the ratio of small whole numbers to form compounds,None of the Above,,Other,Hard,,,NCERT Science Class 9 Chapter 3 Atoms And Molecules Multiple Choice Question (Quiz) 4,1
CBSE,Class 9,Science,NCERT Science,Chapter 3 Atoms And Molecules,,,Multiple Choice Question (Online),Mass remain conserved during chemical reaction is a statement of----------,3,  law of constant proportion,  law of multiple proportion,  law of conservation of mass,None of the Above,,Other,Hard,,,NCERT Science Class 9 Chapter 3 Atoms And Molecules Multiple Choice Question (Quiz) 5,1
CBSE,Class 9,Science,NCERT Science,Chapter 3 Atoms And Molecules,,,Multiple Choice Question (Online),According to law of conservation of mass---------,1,  Mass of reactants = Mass of products,  Volume of reactants= Volume of products,  Mole of reactants = Mole of products,None of the Above,,Other,Hard,,,NCERT Science Class 9 Chapter 3 Atoms And Molecules Multiple Choice Question (Quiz) 6,1
CBSE,Class 9,Science,NCERT Science,Chapter 3 Atoms And Molecules,,,Multiple Choice Question (Online),The law of definite proportions was given by:,3,  John Dalton,  Humphrey davy,  Proust,None of the Above,,Other,Hard,,,NCERT Science Class 9 Chapter 3 Atoms And Molecules Multiple Choice Question (Quiz) 7,1
CBSE,Class 9,Science,NCERT Science,Chapter 3 Atoms And Molecules,,,Multiple Choice Question (Online),A sample of ammonia molecule irrespective of source contains 82.35% of nitrogen and 17.65%  of hydrogen by mass. This data supports:,2,  laws of conservation of mass,  law of definite proportions,  law of multiple proportions,None of the Above,,Other,Hard,,,NCERT Science Class 9 Chapter 3 Atoms And Molecules Multiple Choice Question (Quiz) 8,1
CBSE,Class 9,Science,NCERT Science,Chapter 3 Atoms And Molecules,,,Multiple Choice Question (Online),In a chemical substance the elements are always present in definite proportions by mass is known as:,2,  Dalton’s law,  law of constant proportions,  laws of chemical combination,None of the Above,,Other,Hard,,,NCERT Science Class 9 Chapter 3 Atoms And Molecules Multiple Choice Question (Quiz) 9,1
CBSE,Class 9,Science,NCERT Science,Chapter 3 Atoms And Molecules,,,Multiple Choice Question (Online),The percentage of copper and oxygen in samples of CuO obtained by different methods were found to be the same. This illustrates the law of:,1,  constant proportion,  conservation of mass,  multiple proportions,None of the Above,,Other,Hard,,,NCERT Science Class 9 Chapter 3 Atoms And Molecules Multiple Choice Question (Quiz) 10,1
CBSE,Class 9,Science,NCERT Science,Chapter 3 Atoms And Molecules,,,Multiple Choice Question (Online),According to law of constant proportion 9 g of rainwater is composed of,2,  2 g of hydrogen and 7 g of oxygen,  1 g of hydrogen and 8 g of oxygen,  3 g of hydrogen and 5 g of oxygen,None of the Above,,Other,Hard,,,NCERT Science Class 9 Chapter 3 Atoms And Molecules Multiple Choice Question (Quiz) 11,1
CBSE,Class 9,Science,NCERT Science,Chapter 3 Atoms And Molecules,,,Multiple Choice Question (Online),"In ammonia, nitrogen and hydrogen are always present in the ratio",3,  12: 5,  14: 4,  14: 3,None of the Above,,Other,Hard,,,NCERT Science Class 9 Chapter 3 Atoms And Molecules Multiple Choice Question (Quiz) 12,1
CBSE,Class 9,Science,NCERT Science,Chapter 3 Atoms And Molecules,,,Multiple Choice Question (Online),Which of the following is not a postulate of Dalton’s atomic theory?,3,  Atoms are tiny indivisible and indestructive ultimate particles,  Atoms combine in small whole number ratios to form compounds,  Atoms of different elements can have the same mass.,None of the Above,,Other,Hard,,,NCERT Science Class 9 Chapter 3 Atoms And Molecules Multiple Choice Question (Quiz) 13,1
CBSE,Class 9,Science,NCERT Science,Chapter 3 Atoms And Molecules,,,Multiple Choice Question (Online),Dalton’s experiments advanced our understanding of the atom without,3,  examining the ratios of elements involved in chemical reactions,  testing hypothesis,  discovering the internal structure of the atom,None of the Above,,Other,Hard,,,NCERT Science Class 9 Chapter 3 Atoms And Molecules Multiple Choice Question (Quiz) 14,1
CBSE,Class 9,Science,NCERT Science,Chapter 3 Atoms And Molecules,,,Multiple Choice Question (Online),Which of the following is a merit of Dalton’s atomic theory?,3,  Laws of chemical combination,  Distinction between the fundamental particle of an element (atom) and that of a compound (molecule),  Both (a) and (b),None of the Above,,Other,Hard,,,NCERT Science Class 9 Chapter 3 Atoms And Molecules Multiple Choice Question (Quiz) 15,1
CBSE,Class 9,Science,NCERT Science,Chapter 3 Atoms And Molecules,,,Multiple Choice Question (Online),"According to Dalton, what are the smallest particles of matter?",3,  Molecules,  Ions,  Atoms,None of the Above,,Other,Hard,,,NCERT Science Class 9 Chapter 3 Atoms And Molecules Multiple Choice Question (Quiz) 16,1
CBSE,Class 9,Science,NCERT Science,Chapter 3 Atoms And Molecules,,,Multiple Choice Question (Online),Which of the following is the best example of law of conservation of mass?,1,  12 g of carbon combines with 32 g of oxygen to form 44 g of CO2,  When 72 g of carbon is heated in vacuum and no change in mass takes place,  The weight of a piece of platinum is the same before and after heating in air,None of the Above,,Other,Hard,,,NCERT Science Class 9 Chapter 3 Atoms And Molecules Multiple Choice Question (Quiz) 17,1
CBSE,Class 9,Science,NCERT Science,Chapter 3 Atoms And Molecules,,,Multiple Choice Question (Online),Who was the first scientist to propose that all matter was made of small particles called  atoms?,1,  John Dalton,  Earnest Rutherford,  Niels Bohr,None of the Above,,Other,Hard,,,NCERT Science Class 9 Chapter 3 Atoms And Molecules Multiple Choice Question (Quiz) 18,1
CBSE,Class 9,Science,NCERT Science,Chapter 3 Atoms And Molecules,,,Multiple Choice Question (Online),"According to Dalton’s atomic theory, atoms of a given element are identical in:",1,  chemical and physical properties,  weight and colour,  properties of colour,None of the Above,,Other,Hard,,,NCERT Science Class 9 Chapter 3 Atoms And Molecules Multiple Choice Question (Quiz) 19,1
CBSE,Class 9,Science,NCERT Science,Chapter 3 Atoms And Molecules,,,Multiple Choice Question (Online),"According to Dalton’s atomic theory, the smallest particle in which matter can exist is called :",1,  an atom,  an ion,  an electron,None of the Above,,Other,Hard,,,NCERT Science Class 9 Chapter 3 Atoms And Molecules Multiple Choice Question (Quiz) 20,1
CBSE,Class 9,Science,NCERT Science,Chapter 3 Atoms And Molecules,,,Multiple Choice Question (Online),Mass can neither be created nor destroyed. This is in agreement with which law of chemical  combination?,3,  Law of definite proportion,  Law of multiple proportion,  Law of conservation of mass,None of the Above,,Other,Hard,,,NCERT Science Class 9 Chapter 3 Atoms And Molecules Multiple Choice Question (Quiz) 21,1
CBSE,Class 9,Science,NCERT Science,Chapter 3 Atoms And Molecules,,,Multiple Choice Question (Online),“All matter is made up of very small particles which cannot be further broken down. These  particles are called atoms”. This statement is one of the assumptions of :,1,  Dalton’s atomic theory,  Ruther ford’s nuclear model,  Thomson,None of the Above,,Other,Hard,,,NCERT Science Class 9 Chapter 3 Atoms And Molecules Multiple Choice Question (Quiz) 22,1
CBSE,Class 9,Science,NCERT Science,Chapter 3 Atoms And Molecules,,,Multiple Choice Question (Online),Atomic theory was given by :,2,  E. Rutherford,  John Dalton,  Haber Bosch,None of the Above,,Other,Hard,,,NCERT Science Class 9 Chapter 3 Atoms And Molecules Multiple Choice Question (Quiz) 23,1
CBSE,Class 9,Science,NCERT Science,Chapter 3 Atoms And Molecules,,,Multiple Choice Question (Online),"Which of the following is a suitable example for illustrating the law of conservation of mass? (Atomic mass of O=16,H=1 g/mole)",1,  18 g of water is formed by the combination of 16 g of oxygen with 2 g of hydrogen,  18 g of water in liquid state is obtained by heating 180g of ice,  18 g of water freezes at 4o C to give same mass of ice,None of the Above,,Other,Hard,,,NCERT Science Class 9 Chapter 3 Atoms And Molecules Multiple Choice Question (Quiz) 24,1
CBSE,Class 9,Science,NCERT Science,Chapter 3 Atoms And Molecules,,,Multiple Choice Question (Online),Building block of all matter are,3,  elements,  compounds,  atoms,None of the Above,,Other,Hard,,,NCERT Science Class 9 Chapter 3 Atoms And Molecules Multiple Choice Question (Quiz) 25,1
CBSE,Class 9,Science,NCERT Science,Chapter 3 Atoms And Molecules,,,Multiple Choice Question (Online),Atomic radius is best measured in,3,  millimeter,  centimeter,  nanometer,None of the Above,,Other,Hard,,,NCERT Science Class 9 Chapter 3 Atoms And Molecules Multiple Choice Question (Quiz) 26,1
CBSE,Class 9,Science,NCERT Science,Chapter 3 Atoms And Molecules,,,Multiple Choice Question (Online),One nanometer is equal to,2,  109 m,  10-9 m,  910 m,None of the Above,,Other,Hard,,,NCERT Science Class 9 Chapter 3 Atoms And Molecules Multiple Choice Question (Quiz) 27,1
CBSE,Class 9,Science,NCERT Science,Chapter 3 Atoms And Molecules,,,Multiple Choice Question (Online),Which of the following statements is not true about an atom?,1,  All atoms are able to exist independently,  Atoms are the basic units from which molecules and ions are formed,"  Atoms aggregate in large numbers to form the matter that we can see, feel or touch",None of the Above,,Other,Hard,,,NCERT Science Class 9 Chapter 3 Atoms And Molecules Multiple Choice Question (Quiz) 28,1
CBSE,Class 9,Science,NCERT Science,Chapter 3 Atoms And Molecules,,,Multiple Choice Question (Online),The chemical symbol for barium is:,2,  B,  Ba,  Be,None of the Above,,Other,Hard,,,NCERT Science Class 9 Chapter 3 Atoms And Molecules Multiple Choice Question (Quiz) 29,1
CBSE,Class 9,Science,NCERT Science,Chapter 3 Atoms And Molecules,,,Multiple Choice Question (Online),The chemical symbol P stands for:,1,  phosphorus,  potassium,  polonium,None of the Above,,Other,Hard,,,NCERT Science Class 9 Chapter 3 Atoms And Molecules Multiple Choice Question (Quiz) 30,1
CBSE,Class 9,Science,NCERT Science,Chapter 3 Atoms And Molecules,,,Multiple Choice Question (Online),The correct symbol for silver is:,1,  Ag,  S,  Ar,None of the Above,,Other,Hard,,,NCERT Science Class 9 Chapter 3 Atoms And Molecules Multiple Choice Question (Quiz) 31,1
CBSE,Class 9,Science,NCERT Science,Chapter 3 Atoms And Molecules,,,Multiple Choice Question (Online),"According to the latest IUPAC recommendations, atomic mass unit is now written as",2,  amu,  u,  a,None of the Above,,Other,Hard,,,NCERT Science Class 9 Chapter 3 Atoms And Molecules Multiple Choice Question (Quiz) 32,1
CBSE,Class 9,Science,NCERT Science,Chapter 3 Atoms And Molecules,,,Multiple Choice Question (Online),Universally accepted atomic mass unit is,3,  oxygen-16,  1/16 of the mass of oxygen,  Carbon-12,None of the Above,,Other,Hard,,,NCERT Science Class 9 Chapter 3 Atoms And Molecules Multiple Choice Question (Quiz) 33,1
CBSE,Class 9,Science,NCERT Science,Chapter 3 Atoms And Molecules,,,Multiple Choice Question (Online),Which of the following is not correctly matched?,3,  Silver-Ag,  Gold-Au,  Copper-Co,None of the Above,,Other,Hard,,,NCERT Science Class 9 Chapter 3 Atoms And Molecules Multiple Choice Question (Quiz) 34,1
CBSE,Class 9,Science,NCERT Science,Chapter 3 Atoms And Molecules,,,Multiple Choice Question (Online),1 u or 1amu means,1,  1/12th mass of C-12 atom,  mass of C-12 atom,  mass of O-6 atoms,None of the Above,,Other,Hard,,,NCERT Science Class 9 Chapter 3 Atoms And Molecules Multiple Choice Question (Quiz) 35,1
CBSE,Class 9,Science,NCERT Science,Chapter 3 Atoms And Molecules,,,Multiple Choice Question (Online),The mass of a single atom of an element X is 2.65X 10-23g. The atomic mass and name of the element is:,1,"  16u, oxygen","  16u, Sulphur","  32u, oxygen",None of the Above,,Other,Hard,,,NCERT Science Class 9 Chapter 3 Atoms And Molecules Multiple Choice Question (Quiz) 36,1
CBSE,Class 9,Science,NCERT Science,Chapter 3 Atoms And Molecules,,,Multiple Choice Question (Online),The smallest particle of a substance that is capable of independent existence is _________.,1,  atom,  molecule,  electron,None of the Above,,Other,Hard,,,NCERT Science Class 9 Chapter 3 Atoms And Molecules Multiple Choice Question (Quiz) 37,1
CBSE,Class 9,Science,NCERT Science,Chapter 3 Atoms And Molecules,,,Multiple Choice Question (Online),The number of atoms in a molecule of the elementary substance is called ________.,3,  atomic number,  avogadro number,  atomicity,None of the Above,,Other,Hard,,,NCERT Science Class 9 Chapter 3 Atoms And Molecules Multiple Choice Question (Quiz) 38,1
CBSE,Class 9,Science,NCERT Science,Chapter 3 Atoms And Molecules,,,Multiple Choice Question (Online),The molecules of an element are constituted by the same type of,3,  elements,  compound,  atoms,None of the Above,,Other,Hard,,,NCERT Science Class 9 Chapter 3 Atoms And Molecules Multiple Choice Question (Quiz) 39,1
CBSE,Class 9,Science,NCERT Science,Chapter 3 Atoms And Molecules,,,Multiple Choice Question (Online),A group of atoms chemically bonded together is a (an) :,1,  molecule,  atom,  element,None of the Above,,Other,Hard,,,NCERT Science Class 9 Chapter 3 Atoms And Molecules Multiple Choice Question (Quiz) 40,1
CBSE,Class 9,Science,NCERT Science,Chapter 3 Atoms And Molecules,,,Multiple Choice Question (Online),The number of atoms constituting a molecule is,2,  valency,  atomicity,  reactivity,None of the Above,,Other,Hard,,,NCERT Science Class 9 Chapter 3 Atoms And Molecules Multiple Choice Question (Quiz) 41,1
CBSE,Class 9,Science,NCERT Science,Chapter 3 Atoms And Molecules,,,Multiple Choice Question (Online),A molecule of ozone consists of three atoms of oxygen so it is,3,  mono-atomic molecule,  di-atomic molecule,  tri-atomic molecule,None of the Above,,Other,Hard,,,NCERT Science Class 9 Chapter 3 Atoms And Molecules Multiple Choice Question (Quiz) 42,1
CBSE,Class 9,Science,NCERT Science,Chapter 3 Atoms And Molecules,,,Multiple Choice Question (Online),Atomicity of argon is,1,  mono-atomic,  di-atomic,  tri-atomic,None of the Above,,Other,Hard,,,NCERT Science Class 9 Chapter 3 Atoms And Molecules Multiple Choice Question (Quiz) 43,1
CBSE,Class 9,Science,NCERT Science,Chapter 3 Atoms And Molecules,,,Multiple Choice Question (Online),Which of the following element has poly-atomic atomicity?,3,  Oxygen,  Neon,  Sulphur,None of the Above,,Other,Hard,,,NCERT Science Class 9 Chapter 3 Atoms And Molecules Multiple Choice Question (Quiz) 44,1
CBSE,Class 9,Science,NCERT Science,Chapter 3 Atoms And Molecules,,,Multiple Choice Question (Online),2 molecules of nitrogen are represented by ________.,2,  N,  2N2,  N2,None of the Above,,Other,Hard,,,NCERT Science Class 9 Chapter 3 Atoms And Molecules Multiple Choice Question (Quiz) 45,1
CBSE,Class 9,Science,NCERT Science,Chapter 3 Atoms And Molecules,,,Multiple Choice Question (Online),The ratio by number of atoms for water is,1,  2:1,  1:2,  2:2,None of the Above,,Other,Hard,,,NCERT Science Class 9 Chapter 3 Atoms And Molecules Multiple Choice Question (Quiz) 46,1
CBSE,Class 9,Science,NCERT Science,Chapter 3 Atoms And Molecules,,,Multiple Choice Question (Online),Adding electrons to an atom will result in a (an):,2,  molecule,  anion,  cation,None of the Above,,Other,Hard,,,NCERT Science Class 9 Chapter 3 Atoms And Molecules Multiple Choice Question (Quiz) 47,1
CBSE,Class 9,Science,NCERT Science,Chapter 3 Atoms And Molecules,,,Multiple Choice Question (Online),"When an atom loses electrons, it is called a (an) ______ and has a _____ charge.",2,"  anion, positive","  cation, positive","  anion, negative",None of the Above,,Other,Hard,,,NCERT Science Class 9 Chapter 3 Atoms And Molecules Multiple Choice Question (Quiz) 48,1
CBSE,Class 9,Science,NCERT Science,Chapter 3 Atoms And Molecules,,,Multiple Choice Question (Online),Kalium is the Latin name of ________.,1,  potassium,  krypton,  calcium,None of the Above,,Other,Hard,,,NCERT Science Class 9 Chapter 3 Atoms And Molecules Multiple Choice Question (Quiz) 49,1
CBSE,Class 9,Science,NCERT Science,Chapter 3 Atoms And Molecules,,,Multiple Choice Question (Online),The chemical ___________ of a compound is a symbolic representation of its composition.,2,  equation,  formula,  compound,None of the Above,,Other,Hard,,,NCERT Science Class 9 Chapter 3 Atoms And Molecules Multiple Choice Question (Quiz) 50,1
CBSE,Class 9,Science,NCERT Science,Chapter 3 Atoms And Molecules,,,Multiple Choice Question (Online),The binary compounds are:,1,"  the simplest compounds, which are made up of two different elements","  the complex compounds, which are made up of two different elements",  both (a) and (b),None of the Above,,Other,Hard,,,NCERT Science Class 9 Chapter 3 Atoms And Molecules Multiple Choice Question (Quiz) 51,1
CBSE,Class 9,Science,NCERT Science,Chapter 3 Atoms And Molecules,,,Multiple Choice Question (Online),The symbol of ammonium ion is,3,  NH3+,  NH4-,  NH4+1,None of the Above,,Other,Hard,,,NCERT Science Class 9 Chapter 3 Atoms And Molecules Multiple Choice Question (Quiz) 52,1
CBSE,Class 9,Science,NCERT Science,Chapter 3 Atoms And Molecules,,,Multiple Choice Question (Online),Which of the following is poly-atomic ion?,2,  Nitride,  sulphite,  Bromide,None of the Above,,Other,Hard,,,NCERT Science Class 9 Chapter 3 Atoms And Molecules Multiple Choice Question (Quiz) 53,1
CBSE,Class 9,Science,NCERT Science,Chapter 3 Atoms And Molecules,,,Multiple Choice Question (Online),An element X has valency equal to 3. What will be its formula with carbonate ions?,2,  XCO3,  X2(CO3)3,  X(CO3)3,None of the Above,,Other,Hard,,,NCERT Science Class 9 Chapter 3 Atoms And Molecules Multiple Choice Question (Quiz) 54,1
CBSE,Class 9,Science,NCERT Science,Chapter 3 Atoms And Molecules,,,Multiple Choice Question (Online),The calcium hydroxide is,3,  2CaOH,  Ca(OH)3,  Ca(OH)2,None of the Above,,Other,Hard,,,NCERT Science Class 9 Chapter 3 Atoms And Molecules Multiple Choice Question (Quiz) 55,1
CBSE,Class 9,Science,NCERT Science,Chapter 3 Atoms And Molecules,,,Multiple Choice Question (Online),Formula of sodium carbonate is,2,  NaCO3,  Na2CO3,  Na2(CO)3,None of the Above,,Other,Hard,,,NCERT Science Class 9 Chapter 3 Atoms And Molecules Multiple Choice Question (Quiz) 56,1
CBSE,Class 9,Science,NCERT Science,Chapter 3 Atoms And Molecules,,,Multiple Choice Question (Online),Formula of ammonium sulphate is,3,  NH4SO4,  NH4SO3,  (NH4)2SO4,None of the Above,,Other,Hard,,,NCERT Science Class 9 Chapter 3 Atoms And Molecules Multiple Choice Question (Quiz) 57,1
CBSE,Class 9,Science,NCERT Science,Chapter 3 Atoms And Molecules,,,Multiple Choice Question (Online),The formula of Calcium phosphate is:,2,  Ca (PO4)2,  Ca3 (PO4)2,  Ca2 (PO4)3,None of the Above,,Other,Hard,,,NCERT Science Class 9 Chapter 3 Atoms And Molecules Multiple Choice Question (Quiz) 58,1
CBSE,Class 9,Science,NCERT Science,Chapter 3 Atoms And Molecules,,,Multiple Choice Question (Online),"The formula of a chloride of a metal M is MCl3, the formula of the phosphate of metal M will be:",1,  MPO4,  M2PO4,  M3PO4,None of the Above,,Other,Hard,,,NCERT Science Class 9 Chapter 3 Atoms And Molecules Multiple Choice Question (Quiz) 59,1
CBSE,Class 9,Science,NCERT Science,Chapter 3 Atoms And Molecules,,,Multiple Choice Question (Online),The balancing of chemical equations is in accordance with:,3,  law of constant proportions,  law of conservation of mass,  both (a) and (b),None of the Above,,Other,Hard,,,NCERT Science Class 9 Chapter 3 Atoms And Molecules Multiple Choice Question (Quiz) 60,1
CBSE,Class 9,Science,NCERT Science,Chapter 3 Atoms And Molecules,,,Multiple Choice Question (Online),The chemical name of NaOH is,2,  sodium oxide,  sodium hydroxide,  sodium hydrogen oxide,None of the Above,,Other,Hard,,,NCERT Science Class 9 Chapter 3 Atoms And Molecules Multiple Choice Question (Quiz) 61,1
CBSE,Class 9,Science,NCERT Science,Chapter 3 Atoms And Molecules,,,Multiple Choice Question (Online),The chemical name of AlCl3 is,1,  aluminium chloride,  aluminium trichloride,  aluminium chlorate,None of the Above,,Other,Hard,,,NCERT Science Class 9 Chapter 3 Atoms And Molecules Multiple Choice Question (Quiz) 62,1
CBSE,Class 9,Science,NCERT Science,Chapter 3 Atoms And Molecules,,,Multiple Choice Question (Online),What is the valency of aluminium?,3,1,2,3,None of the Above,,Other,Hard,,,NCERT Science Class 9 Chapter 3 Atoms And Molecules Multiple Choice Question (Quiz) 63,1
CBSE,Class 9,Science,NCERT Science,Chapter 3 Atoms And Molecules,,,Multiple Choice Question (Online),The charge on a carbonate ion is,1,-2,2,-1,None of the Above,,Other,Hard,,,NCERT Science Class 9 Chapter 3 Atoms And Molecules Multiple Choice Question (Quiz) 64,1
CBSE,Class 9,Science,NCERT Science,Chapter 3 Atoms And Molecules,,,Multiple Choice Question (Online),The charge on chloride ion is,3,-2,2,-1,None of the Above,,Other,Hard,,,NCERT Science Class 9 Chapter 3 Atoms And Molecules Multiple Choice Question (Quiz) 65,1
CBSE,Class 9,Science,NCERT Science,Chapter 3 Atoms And Molecules,,,Multiple Choice Question (Online),Which of the following is the correct formula?,3,  AlSO4,  K2NO3,  K2SO4,None of the Above,,Other,Hard,,,NCERT Science Class 9 Chapter 3 Atoms And Molecules Multiple Choice Question (Quiz) 66,1
CBSE,Class 9,Science,NCERT Science,Chapter 3 Atoms And Molecules,,,Multiple Choice Question (Online),Which of the following is the symbol of tin?,2,  Tn,  Sn,  Zn,None of the Above,,Other,Hard,,,NCERT Science Class 9 Chapter 3 Atoms And Molecules Multiple Choice Question (Quiz) 67,1
CBSE,Class 9,Science,NCERT Science,Chapter 3 Atoms And Molecules,,,Multiple Choice Question (Online),What is the chemical formula of hydrogen sulphide?,3,  H2SO4,  Hs,  H2S,None of the Above,,Other,Hard,,,NCERT Science Class 9 Chapter 3 Atoms And Molecules Multiple Choice Question (Quiz) 68,1
CBSE,Class 9,Science,NCERT Science,Chapter 3 Atoms And Molecules,,,Multiple Choice Question (Online),What is chemical name of Na2S,1,  Sodium sulphide,  Sodium sulphate,  Sodium sulphite,None of the Above,,Other,Hard,,,NCERT Science Class 9 Chapter 3 Atoms And Molecules Multiple Choice Question (Quiz) 69,1
CBSE,Class 9,Science,NCERT Science,Chapter 3 Atoms And Molecules,,,Multiple Choice Question (Online),Which of the following is sulphite ion?,2,  SO32+,  SO32-,  SO42-,None of the Above,,Other,Hard,,,NCERT Science Class 9 Chapter 3 Atoms And Molecules Multiple Choice Question (Quiz) 70,1
CBSE,Class 9,Science,NCERT Science,Chapter 3 Atoms And Molecules,,,Multiple Choice Question (Online),The molecular mass CaCO3,2,  95 u,  100 u,  102 u,None of the Above,,Other,Hard,,,NCERT Science Class 9 Chapter 3 Atoms And Molecules Multiple Choice Question (Quiz) 71,1
CBSE,Class 9,Science,NCERT Science,Chapter 3 Atoms And Molecules,,,Multiple Choice Question (Online),The relative molecular mass of water is,2,  15 u,  18 u,  20 u,None of the Above,,Other,Hard,,,NCERT Science Class 9 Chapter 3 Atoms And Molecules Multiple Choice Question (Quiz) 72,1
CBSE,Class 9,Science,NCERT Science,Chapter 3 Atoms And Molecules,,,Multiple Choice Question (Online),"What is the relative formula mass of sodium chloride? (Relative atomic masses: Na = 23, Cl = 35.5)",2,35.5,58.5,59.5,None of the Above,,Other,Hard,,,NCERT Science Class 9 Chapter 3 Atoms And Molecules Multiple Choice Question (Quiz) 73,1
CBSE,Class 9,Science,NCERT Science,Chapter 3 Atoms And Molecules,,,Multiple Choice Question (Online),Formula unit is used for those substances whose constituent particles are:,3,  ions,  atoms,  both (a) and (b),None of the Above,,Other,Hard,,,NCERT Science Class 9 Chapter 3 Atoms And Molecules Multiple Choice Question (Quiz) 74,1
CBSE,Class 9,Science,NCERT Science,Chapter 3 Atoms And Molecules,,,Multiple Choice Question (Online),Relative molecular mass of (NH4)2SO4 is,2,  56.3 u,  132 u,  161 u,None of the Above,,Other,Hard,,,NCERT Science Class 9 Chapter 3 Atoms And Molecules Multiple Choice Question (Quiz) 75,1
CBSE,Class 9,Science,NCERT Science,Chapter 3 Atoms And Molecules,,,Multiple Choice Question (Online),Which statement is correct statement for the reaction  2H2 + O2 ? 2H2O,3,  4 u of hydrogen molecules combine with 32 u of oxygen molecules to form 36 u of water molecules.,  Two molecules of hydrogen combine with one molecule of oxygen to form two molecules of water.,  Both (a) and (b),None of the Above,,Other,Hard,,,NCERT Science Class 9 Chapter 3 Atoms And Molecules Multiple Choice Question (Quiz) 76,1
CBSE,Class 9,Science,NCERT Science,Chapter 3 Atoms And Molecules,,,Multiple Choice Question (Online),One mole of any species is that quantity in number having a mass equal to its,1,  atomic mass,  atomic number,  both a and b,None of the Above,,Other,Hard,,,NCERT Science Class 9 Chapter 3 Atoms And Molecules Multiple Choice Question (Quiz) 77,1
CBSE,Class 9,Science,NCERT Science,Chapter 3 Atoms And Molecules,,,Multiple Choice Question (Online),The number of particles present in 1 mole of any substance is equal to,3,  6.022 x 10-23,  6.052 x 1023,  6.022 x 1023,None of the Above,,Other,Hard,,,NCERT Science Class 9 Chapter 3 Atoms And Molecules Multiple Choice Question (Quiz) 78,1
CBSE,Class 9,Science,NCERT Science,Chapter 3 Atoms And Molecules,,,Multiple Choice Question (Online),Avogadro number is equal to,1,  6.022 x 1023,  6.052 x 1023,  6.022 x 10-23,None of the Above,,Other,Hard,,,NCERT Science Class 9 Chapter 3 Atoms And Molecules Multiple Choice Question (Quiz) 79,1
CBSE,Class 9,Science,NCERT Science,Chapter 3 Atoms And Molecules,,,Multiple Choice Question (Online),Molecular mass of atoms is also known as,2,  mass,  molar mass,  avogadro number,None of the Above,,Other,Hard,,,NCERT Science Class 9 Chapter 3 Atoms And Molecules Multiple Choice Question (Quiz) 80,1
CBSE,Class 9,Science,NCERT Science,Chapter 3 Atoms And Molecules,,,Multiple Choice Question (Online),What will be the number of moles for 48 g of ‘He’?,2,13,12,11,None of the Above,,Other,Hard,,,NCERT Science Class 9 Chapter 3 Atoms And Molecules Multiple Choice Question (Quiz) 81,1
CBSE,Class 9,Science,NCERT Science,Chapter 3 Atoms And Molecules,,,Multiple Choice Question (Online),Calculate the number of moles for 24.088 x 1023 number of ‘He’ atoms,3,2,3,4,None of the Above,,Other,Hard,,,NCERT Science Class 9 Chapter 3 Atoms And Molecules Multiple Choice Question (Quiz) 82,1
CBSE,Class 9,Science,NCERT Science,Chapter 3 Atoms And Molecules,,,Multiple Choice Question (Online),The number of molecules in 32.0 g of oxygen is:,1,  6.02 x 1023,  6.02 x 10-23,  3.01 x 10-23,None of the Above,,Other,Hard,,,NCERT Science Class 9 Chapter 3 Atoms And Molecules Multiple Choice Question (Quiz) 83,1
CBSE,Class 9,Science,NCERT Science,Chapter 3 Atoms And Molecules,,,Multiple Choice Question (Online),The number of molecules of CO2 present in 44g of CO2 is:,1,  6.02 x 1023,  3 x 1023,  12 x 1023,None of the Above,,Other,Hard,,,NCERT Science Class 9 Chapter 3 Atoms And Molecules Multiple Choice Question (Quiz) 84,1
CBSE,Class 9,Science,NCERT Science,Chapter 3 Atoms And Molecules,,,Multiple Choice Question (Online),The mass of a molecule of water is:,1, (a) 3 x 10-23 kg, (b) 3 x 10-25 kg, (c) 1.5 x 10-26 kg,None of the Above,,Other,Hard,,,NCERT Science Class 9 Chapter 3 Atoms And Molecules Multiple Choice Question (Quiz) 85,1
CBSE,Class 9,Science,NCERT Science,Chapter 3 Atoms And Molecules,,,Multiple Choice Question (Online),Which of the following correctly represents 360 g of water? (i) 2 moles of H2O (ii) 20 moles of water (iii) 6.022 × 1023 molecules of water (iv) 1.2044 ×1025 molecules of water,3,  (i) and (iv),  (ii) and (iii),  (ii) and (iv),None of the Above,,Other,Hard,,,NCERT Science Class 9 Chapter 3 Atoms And Molecules Multiple Choice Question (Quiz) 86,1
CBSE,Class 9,Science,NCERT Science,Chapter 3 Atoms And Molecules,,,Multiple Choice Question (Online),Which of the following has the smallest mass?,3,  4 g of He,  6.023 × 1023 atoms of He,  1 atom of He,None of the Above,,Other,Hard,,,NCERT Science Class 9 Chapter 3 Atoms And Molecules Multiple Choice Question (Quiz) 87,1
CBSE,Class 9,Science,NCERT Science,Chapter 3 Atoms And Molecules,,,Multiple Choice Question (Online),The number of carbon atoms in 1g of CaCO3 is -,2,  6.023 × 1023,  6.023 × 1021,  3.0125 × 1022,None of the Above,,Other,Hard,,,NCERT Science Class 9 Chapter 3 Atoms And Molecules Multiple Choice Question (Quiz) 88,1
CBSE,Class 9,Science,NCERT Science,Chapter 3 Atoms And Molecules,,,Multiple Choice Question (Online),6.023 × 1020 atoms of silver (Atomic mass = 108u) weight -,3,  108 × 103g,  108g,  0.108g,None of the Above,,Other,Hard,,,NCERT Science Class 9 Chapter 3 Atoms And Molecules Multiple Choice Question (Quiz) 89,1
CBSE,Class 9,Science,NCERT Science,Chapter 3 Atoms And Molecules,,,Multiple Choice Question (Online),Which of the following contains one mole molecules of the substance?,3,  16 g Oxygen,  7 g Nitrogen,  2 g Hydrogen,None of the Above,,Other,Hard,,,NCERT Science Class 9 Chapter 3 Atoms And Molecules Multiple Choice Question (Quiz) 90,1
CBSE,Class 9,Science,NCERT Science,Chapter 3 Atoms And Molecules,,,Multiple Choice Question (Online),The number of gram atoms in 8 g of He are -,2,2,  1.204 × 1024,  3.1 × 1023,None of the Above,,Other,Hard,,,NCERT Science Class 9 Chapter 3 Atoms And Molecules Multiple Choice Question (Quiz) 91,1
CBSE,Class 9,Science,NCERT Science,Chapter 3 Atoms And Molecules,,,Multiple Choice Question (Online),The percentage of hydrogen in H2O is -,2,8.88,11.12,20.6,None of the Above,,Other,Hard,,,NCERT Science Class 9 Chapter 3 Atoms And Molecules Multiple Choice Question (Quiz) 92,1
CBSE,Class 9,Science,NCERT Science,Chapter 3 Atoms And Molecules,,,Multiple Choice Question (Online),Find the mass of oxygen contained in 1 kg of potassium nitrate (KNO3),3,  465.5 g,  485.5 g,  475.2 g,None of the Above,,Other,Hard,,,NCERT Science Class 9 Chapter 3 Atoms And Molecules Multiple Choice Question (Quiz) 93,1
CBSE,Class 9,Science,NCERT Science,Chapter 3 Atoms And Molecules,,,Multiple Choice Question (Online),The mass of sodium in 11.7 g of sodium chloride is:,2,  2.3 g,  4.6 g,  6.9 g,None of the Above,,Other,Hard,,,NCERT Science Class 9 Chapter 3 Atoms And Molecules Multiple Choice Question (Quiz) 94,1
CBSE,Class 9,Science,NCERT Science,Chapter 3 Atoms And Molecules,,,Multiple Choice Question (Online),The weight of a molecule of the compound C60H122 is:,1,  1.4 x 10-21 g,  1.09 x 10-21 g,  5.025 x 1023 g,None of the Above,,Other,Hard,,,NCERT Science Class 9 Chapter 3 Atoms And Molecules Multiple Choice Question (Quiz) 95,1
CBSE,Class 9,Science,NCERT Science,Chapter 3 Atoms And Molecules,,,Multiple Choice Question (Online),To determine mass of other compound by comparing it with mass of carbon-12 atoms is,2,  relative molecular mass,  relative atomic mass,  relative molecular radius,None of the Above,,Other,Hard,,,NCERT Science Class 9 Chapter 3 Atoms And Molecules Multiple Choice Question (Quiz) 96,1
CBSE,Class 9,Science,NCERT Science,Chapter 3 Atoms And Molecules,,,Multiple Choice Question (Online),The combining capacity of an element is called,1,  valency,  atomicity,  atomic number,None of the Above,,Other,Hard,,,NCERT Science Class 9 Chapter 3 Atoms And Molecules Multiple Choice Question (Quiz) 97,1
CBSE,Class 9,Science,NCERT Science,Chapter 3 Atoms And Molecules,,,Multiple Choice Question (Online),Which of the following is a correct statement?,1,"  Na2S is sodium sulphide, Na2SO3 is sodium sulphite, Na2SO4 is sodium sulphate","  Na2S is sodium sulphite, Na2SO3 is sodium sulphide, Na2SO4 is sodium sulphate","  Na2S is sodium sulphide, Na2SO3 is sodium sulphate, Na2SO4 is sodium sulphite",None of the Above,,Other,Hard,,,NCERT Science Class 9 Chapter 3 Atoms And Molecules Multiple Choice Question (Quiz) 98,1
CBSE,Class 9,Science,NCERT Science,Chapter 3 Atoms And Molecules,,,Multiple Choice Question (Online),Molecular weight of CuSO4.5H2O is equal to:,1,249.5,159.5,  159.5 X90,None of the Above,,Other,Hard,,,NCERT Science Class 9 Chapter 3 Atoms And Molecules Multiple Choice Question (Quiz) 99,1
CBSE,Class 9,Science,NCERT Science,Chapter 4 Structure Of The Atom,,,Multiple Choice Question (Online),An atom does not carry any electric charge because it _____________.,3,  has an equal number of charged and non charged particles,  has neutrons in their nuclei,  has an equal number of electrons and protons,None of the Above,,Other,Hard,,,NCERT Science Class 9 Chapter 4 Structure Of The Atom Multiple Choice Question (Quiz) 1,1
CBSE,Class 9,Science,NCERT Science,Chapter 4 Structure Of The Atom,,,Multiple Choice Question (Online),The mass of an electron is approximately,2,  2000 times the mass of a proton,  1/2000 times the mass of a proton,  2000 times of neutron,None of the Above,,Other,Hard,,,NCERT Science Class 9 Chapter 4 Structure Of The Atom Multiple Choice Question (Quiz) 2,1
CBSE,Class 9,Science,NCERT Science,Chapter 4 Structure Of The Atom,,,Multiple Choice Question (Online),Which of the following sub-atomic particle was known by 1900?,2,  Nucleus,  Electrons,  Protons,None of the Above,,Other,Hard,,,NCERT Science Class 9 Chapter 4 Structure Of The Atom Multiple Choice Question (Quiz) 3,1
CBSE,Class 9,Science,NCERT Science,Chapter 4 Structure Of The Atom,,,Multiple Choice Question (Online),Which of the following is true for mass and charge of electron?,1,  Mass of the electron is taken as negligible and its charge as minus one,  Mass of the electron is taken as one unit and its charge as minus one,  mass of the electron is taken as one unit and it has no charge,None of the Above,,Other,Hard,,,NCERT Science Class 9 Chapter 4 Structure Of The Atom Multiple Choice Question (Quiz) 4,1
CBSE,Class 9,Science,NCERT Science,Chapter 4 Structure Of The Atom,,,Multiple Choice Question (Online),Who was the discoverer of nucleus?,2,  J.J Thomson,  Ernest Rutherford,  James Chadwick,None of the Above,,Other,Hard,,,NCERT Science Class 9 Chapter 4 Structure Of The Atom Multiple Choice Question (Quiz) 5,1
CBSE,Class 9,Science,NCERT Science,Chapter 4 Structure Of The Atom,,,Multiple Choice Question (Online),Identify the incorrect statement.,3,  Neutron have no charge,  Masses of proton and neutron are nearly the same,  Electron and proton have same mass,None of the Above,,Other,Hard,,,NCERT Science Class 9 Chapter 4 Structure Of The Atom Multiple Choice Question (Quiz) 6,1
CBSE,Class 9,Science,NCERT Science,Chapter 4 Structure Of The Atom,,,Multiple Choice Question (Online),Goldstein called the rays as canal rays because,1,"  rays pass through the holes or channels, in the cathod.",  rays emitted in the shape of canal.,  rays could not pass through the holes in cathode,None of the Above,,Other,Hard,,,NCERT Science Class 9 Chapter 4 Structure Of The Atom Multiple Choice Question (Quiz) 7,1
CBSE,Class 9,Science,NCERT Science,Chapter 4 Structure Of The Atom,,,Multiple Choice Question (Online),The ratio of masses of proton to electron is about,2,  1.8 × 10-3,  1.8 × 103,1,None of the Above,,Other,Hard,,,NCERT Science Class 9 Chapter 4 Structure Of The Atom Multiple Choice Question (Quiz) 8,1
CBSE,Class 9,Science,NCERT Science,Chapter 4 Structure Of The Atom,,,Multiple Choice Question (Online),Minimum value of real charge for any particle is,1,  1.6 × 10-19,  1.6 × 10 -10,  4.8 × 10-10,None of the Above,,Other,Hard,,,NCERT Science Class 9 Chapter 4 Structure Of The Atom Multiple Choice Question (Quiz) 9,1
CBSE,Class 9,Science,NCERT Science,Chapter 4 Structure Of The Atom,,,Multiple Choice Question (Online),The cathode ray experiment was done for the first time by,1,  J.J. Thomson,  John Dalton,  Goldstein,None of the Above,,Other,Hard,,,NCERT Science Class 9 Chapter 4 Structure Of The Atom Multiple Choice Question (Quiz) 10,1
CBSE,Class 9,Science,NCERT Science,Chapter 4 Structure Of The Atom,,,Multiple Choice Question (Online),Which of the following is true about a charged atom?,1, Aanion is negatively charged,  Cation is negatively charged,  Cation has gained an electron,None of the Above,,Other,Hard,,,NCERT Science Class 9 Chapter 4 Structure Of The Atom Multiple Choice Question (Quiz) 11,1
CBSE,Class 9,Science,NCERT Science,Chapter 4 Structure Of The Atom,,,Multiple Choice Question (Online),The charge on an electron is,3,  1.6 x 10-6 coulombs,  1.6 x 10-20 coulombs,  1.6 x 10-19 coulombs,None of the Above,,Other,Hard,,,NCERT Science Class 9 Chapter 4 Structure Of The Atom Multiple Choice Question (Quiz) 12,1
CBSE,Class 9,Science,NCERT Science,Chapter 4 Structure Of The Atom,,,Multiple Choice Question (Online),Which of the following statements is incorrect for cathode rays?,2,  They move in straight line,  Their nature depends upon the nature of gas present in the discharge tube.,  They cost shadow of solid objects placed in their path,None of the Above,,Other,Hard,,,NCERT Science Class 9 Chapter 4 Structure Of The Atom Multiple Choice Question (Quiz) 13,1
CBSE,Class 9,Science,NCERT Science,Chapter 4 Structure Of The Atom,,,Multiple Choice Question (Online),"While performing cathode ray experiments, it was observed that there was no passage of electric current under normal conditions. Which of the following can account for this observation?",3,  Dust particles are present in air,  Carbon dioxide is present in air,  Air is a poor conductor of electricity under normal conditions,None of the Above,,Other,Hard,,,NCERT Science Class 9 Chapter 4 Structure Of The Atom Multiple Choice Question (Quiz) 14,1
CBSE,Class 9,Science,NCERT Science,Chapter 4 Structure Of The Atom,,,Multiple Choice Question (Online),The fluorescence on the walls of discharge tube is due to:,1,  cathode rays,  anode rays,  canal rays,None of the Above,,Other,Hard,,,NCERT Science Class 9 Chapter 4 Structure Of The Atom Multiple Choice Question (Quiz) 15,1
CBSE,Class 9,Science,NCERT Science,Chapter 4 Structure Of The Atom,,,Multiple Choice Question (Online),Cathode rays are deflected towards__________.,1,  positive electrode,  negative electrode,  both electrodes,None of the Above,,Other,Hard,,,NCERT Science Class 9 Chapter 4 Structure Of The Atom Multiple Choice Question (Quiz) 16,1
CBSE,Class 9,Science,NCERT Science,Chapter 4 Structure Of The Atom,,,Multiple Choice Question (Online),The proton is heavier than an electron by___________.,2,  3000 times,  2000 times,  1000 times,None of the Above,,Other,Hard,,,NCERT Science Class 9 Chapter 4 Structure Of The Atom Multiple Choice Question (Quiz) 17,1
CBSE,Class 9,Science,NCERT Science,Chapter 4 Structure Of The Atom,,,Multiple Choice Question (Online),The nature of positive rays depends on,3,  the nature of the electrode,  the nature of discharged tube,  the nature of residual gas,None of the Above,,Other,Hard,,,NCERT Science Class 9 Chapter 4 Structure Of The Atom Multiple Choice Question (Quiz) 18,1
CBSE,Class 9,Science,NCERT Science,Chapter 4 Structure Of The Atom,,,Multiple Choice Question (Online),What are canal rays?,3,  Negatively charged rays,  Neutral rays,  Positively charged particles,None of the Above,,Other,Hard,,,NCERT Science Class 9 Chapter 4 Structure Of The Atom Multiple Choice Question (Quiz) 19,1
CBSE,Class 9,Science,NCERT Science,Chapter 4 Structure Of The Atom,,,Multiple Choice Question (Online),The nucleus of an atom contains:,3,  protons,  electrons,  protons and neutrons,None of the Above,,Other,Hard,,,NCERT Science Class 9 Chapter 4 Structure Of The Atom Multiple Choice Question (Quiz) 20,1
CBSE,Class 9,Science,NCERT Science,Chapter 4 Structure Of The Atom,,,Multiple Choice Question (Online),Almost the entire mass of an atom is concentrated in the__________.,3,  proton,  electrons,  nucleus,None of the Above,,Other,Hard,,,NCERT Science Class 9 Chapter 4 Structure Of The Atom Multiple Choice Question (Quiz) 21,1
CBSE,Class 9,Science,NCERT Science,Chapter 4 Structure Of The Atom,,,Multiple Choice Question (Online),Which model of an atom is similar to a Christmas pudding?,1,  Thomson’s model,  Rutherford model,  Dalton’s Model,None of the Above,,Other,Hard,,,NCERT Science Class 9 Chapter 4 Structure Of The Atom Multiple Choice Question (Quiz) 22,1
CBSE,Class 9,Science,NCERT Science,Chapter 4 Structure Of The Atom,,,Multiple Choice Question (Online),Which of the following best fits Thomson’s model of the atom?,3,  Homer Simpson,  Chocolate cake,  Plum pudding,None of the Above,,Other,Hard,,,NCERT Science Class 9 Chapter 4 Structure Of The Atom Multiple Choice Question (Quiz) 23,1
CBSE,Class 9,Science,NCERT Science,Chapter 4 Structure Of The Atom,,,Multiple Choice Question (Online),Thomson’s model could not explain,1,  the presence of neutrons,  the presence of electrons,  the presence of positive charge,None of the Above,,Other,Hard,,,NCERT Science Class 9 Chapter 4 Structure Of The Atom Multiple Choice Question (Quiz) 24,1
CBSE,Class 9,Science,NCERT Science,Chapter 4 Structure Of The Atom,,,Multiple Choice Question (Online),Watermelon model of atom was proposed by,2,  Rutherford,  Thomson,  Bohr,None of the Above,,Other,Hard,,,NCERT Science Class 9 Chapter 4 Structure Of The Atom Multiple Choice Question (Quiz) 25,1
CBSE,Class 9,Science,NCERT Science,Chapter 4 Structure Of The Atom,,,Multiple Choice Question (Online),"In Thomson’s model, _________ are embedded in a positively charged pudding.",3,  proton,  neutron,  electron,None of the Above,,Other,Hard,,,NCERT Science Class 9 Chapter 4 Structure Of The Atom Multiple Choice Question (Quiz) 26,1
CBSE,Class 9,Science,NCERT Science,Chapter 4 Structure Of The Atom,,,Multiple Choice Question (Online),Which of the following properties of atom could be explained correctly by Thomson model of atom?,1,  Overall neutrality of atom,  Spectra of hydrogen atom,"  Position of electrons, protons, and neutrons in atom",None of the Above,,Other,Hard,,,NCERT Science Class 9 Chapter 4 Structure Of The Atom Multiple Choice Question (Quiz) 27,1
CBSE,Class 9,Science,NCERT Science,Chapter 4 Structure Of The Atom,,,Multiple Choice Question (Online),Thomson’s atomic model is also called,3,  watermelon model,  christmas pudding model,  both a and b,None of the Above,,Other,Hard,,,NCERT Science Class 9 Chapter 4 Structure Of The Atom Multiple Choice Question (Quiz) 28,1
CBSE,Class 9,Science,NCERT Science,Chapter 4 Structure Of The Atom,,,Multiple Choice Question (Online),How would you describe J. J. Thomson’s model of the atom?,3,  An atom is indivisible,  The atom is composed of only negatively charged particles,  The atom is composed of a ball of positive charge with negative particles dispersed throughout,None of the Above,,Other,Hard,,,NCERT Science Class 9 Chapter 4 Structure Of The Atom Multiple Choice Question (Quiz) 29,1
CBSE,Class 9,Science,NCERT Science,Chapter 4 Structure Of The Atom,,,Multiple Choice Question (Online),Which of the following disapproved Thomson’s model?,1,  The nuclear model of atom,  The electron model of an atom,  The atomic model of an atom,None of the Above,,Other,Hard,,,NCERT Science Class 9 Chapter 4 Structure Of The Atom Multiple Choice Question (Quiz) 30,1
CBSE,Class 9,Science,NCERT Science,Chapter 4 Structure Of The Atom,,,Multiple Choice Question (Online),The position of .......... could not be explained in the plum pudding model.,1,  nucleus,  protons,  electrons,None of the Above,,Other,Hard,,,NCERT Science Class 9 Chapter 4 Structure Of The Atom Multiple Choice Question (Quiz) 31,1
CBSE,Class 9,Science,NCERT Science,Chapter 4 Structure Of The Atom,,,Multiple Choice Question (Online),"In Rutherford’s alpha-scattering experiment, a foil of element that was used _______________.",1,  gold,  silver,  aluminum,None of the Above,,Other,Hard,,,NCERT Science Class 9 Chapter 4 Structure Of The Atom Multiple Choice Question (Quiz) 32,1
CBSE,Class 9,Science,NCERT Science,Chapter 4 Structure Of The Atom,,,Multiple Choice Question (Online),In Rutherford atomic model alpha particles were stroked on,2,  aluminum,  gold,  silver,None of the Above,,Other,Hard,,,NCERT Science Class 9 Chapter 4 Structure Of The Atom Multiple Choice Question (Quiz) 33,1
CBSE,Class 9,Science,NCERT Science,Chapter 4 Structure Of The Atom,,,Multiple Choice Question (Online),"In Rutherford’s experiment, ? particle were deflected because of",1,  electrostatic repulsion between ? particles and positively charged part of atom,  electrostatic attraction between ? particles and positively charged part of atom,  electrostatic repulsion between ? particles and positively charged part of atom,None of the Above,,Other,Hard,,,NCERT Science Class 9 Chapter 4 Structure Of The Atom Multiple Choice Question (Quiz) 34,1
CBSE,Class 9,Science,NCERT Science,Chapter 4 Structure Of The Atom,,,Multiple Choice Question (Online),"According to Rutherford, most of space occupied by atom is",3,  filled,  partially filled,  empty,None of the Above,,Other,Hard,,,NCERT Science Class 9 Chapter 4 Structure Of The Atom Multiple Choice Question (Quiz) 35,1
CBSE,Class 9,Science,NCERT Science,Chapter 4 Structure Of The Atom,,,Multiple Choice Question (Online),"In an alpha scattering experiment, few alpha particles rebounded because",3,  most of the space in the atom is occupied,  positive charge of the atoms very little space,  the mass of the atom is concentrated in the centre,None of the Above,,Other,Hard,,,NCERT Science Class 9 Chapter 4 Structure Of The Atom Multiple Choice Question (Quiz) 36,1
CBSE,Class 9,Science,NCERT Science,Chapter 4 Structure Of The Atom,,,Multiple Choice Question (Online),Rutherford’s experiment on scattering of ?-particles showed for the first time that the atom has,1,  nucleus,  electron,  proton,None of the Above,,Other,Hard,,,NCERT Science Class 9 Chapter 4 Structure Of The Atom Multiple Choice Question (Quiz) 37,1
CBSE,Class 9,Science,NCERT Science,Chapter 4 Structure Of The Atom,,,Multiple Choice Question (Online),Rutherford’s scattering experiment is related to,3,  neutrons,  atom,  nucleus,None of the Above,,Other,Hard,,,NCERT Science Class 9 Chapter 4 Structure Of The Atom Multiple Choice Question (Quiz) 38,1
CBSE,Class 9,Science,NCERT Science,Chapter 4 Structure Of The Atom,,,Multiple Choice Question (Online),Rutherford’s alpha (?) particle scattering experiment resulted in discovery of:,3,  electron,  proton,  nucleus in the atom,None of the Above,,Other,Hard,,,NCERT Science Class 9 Chapter 4 Structure Of The Atom Multiple Choice Question (Quiz) 39,1
CBSE,Class 9,Science,NCERT Science,Chapter 4 Structure Of The Atom,,,Multiple Choice Question (Online),Rutherford in his atomic model could not explain behavior of,3,  electrons,  protons,  neutrons,None of the Above,,Other,Hard,,,NCERT Science Class 9 Chapter 4 Structure Of The Atom Multiple Choice Question (Quiz) 40,1
CBSE,Class 9,Science,NCERT Science,Chapter 4 Structure Of The Atom,,,Multiple Choice Question (Online),Particles which were deflected backwards in Rutherford’s experiment were hit upon by,1,  nucleus,  empty space,  electrons,None of the Above,,Other,Hard,,,NCERT Science Class 9 Chapter 4 Structure Of The Atom Multiple Choice Question (Quiz) 41,1
CBSE,Class 9,Science,NCERT Science,Chapter 4 Structure Of The Atom,,,Multiple Choice Question (Online),According to Rutherford atomic model the atom,3,  has positive charge,  has negative charge,  is neutral,None of the Above,,Other,Hard,,,NCERT Science Class 9 Chapter 4 Structure Of The Atom Multiple Choice Question (Quiz) 42,1
CBSE,Class 9,Science,NCERT Science,Chapter 4 Structure Of The Atom,,,Multiple Choice Question (Online),According to structure of atom electron should fall in,2,  nucleus,  shell,  outer environment,None of the Above,,Other,Hard,,,NCERT Science Class 9 Chapter 4 Structure Of The Atom Multiple Choice Question (Quiz) 43,1
CBSE,Class 9,Science,NCERT Science,Chapter 4 Structure Of The Atom,,,Multiple Choice Question (Online),Which model does not able to explain the stability of an atom?,2,  Bohr’s Model,  Rutherford’s Model,  Thomson’s Model,None of the Above,,Other,Hard,,,NCERT Science Class 9 Chapter 4 Structure Of The Atom Multiple Choice Question (Quiz) 44,1
CBSE,Class 9,Science,NCERT Science,Chapter 4 Structure Of The Atom,,,Multiple Choice Question (Online),Rutherford’s theory assumed which of the following paths for the electron?,2,  Elliptical,  Circular,  Spiral,None of the Above,,Other,Hard,,,NCERT Science Class 9 Chapter 4 Structure Of The Atom Multiple Choice Question (Quiz) 45,1
CBSE,Class 9,Science,NCERT Science,Chapter 4 Structure Of The Atom,,,Multiple Choice Question (Online),"Around 1911, Rutherford suggested a planetary model of atomic structure. Which of the following was not a proposition of this model?",2,  Electrons revolve in circular orbits around the nucleus,  Nucleus consists of protons and neutrons,  Mass of atom is concentrated in the nucleus,None of the Above,,Other,Hard,,,NCERT Science Class 9 Chapter 4 Structure Of The Atom Multiple Choice Question (Quiz) 46,1
CBSE,Class 9,Science,NCERT Science,Chapter 4 Structure Of The Atom,,,Multiple Choice Question (Online),"In an atom, the constituent electrons:",3,  do not move,  are uniformly distributed,  move around the nucleus in fixed energy levels.,None of the Above,,Other,Hard,,,NCERT Science Class 9 Chapter 4 Structure Of The Atom Multiple Choice Question (Quiz) 47,1
CBSE,Class 9,Science,NCERT Science,Chapter 4 Structure Of The Atom,,,Multiple Choice Question (Online),Which of the following statements is not correct for Bohr’s model of an atom?,3,  The nucleus of an atom is situated at its centre,  The electrons move in circular orbits,  An electron neither loses nor gains energy it jumps from one orbit to another,None of the Above,,Other,Hard,,,NCERT Science Class 9 Chapter 4 Structure Of The Atom Multiple Choice Question (Quiz) 48,1
CBSE,Class 9,Science,NCERT Science,Chapter 4 Structure Of The Atom,,,Multiple Choice Question (Online),The fixed circular paths around the nucleus are called_________.,1,  orbits,  orbitals,  nucleons,None of the Above,,Other,Hard,,,NCERT Science Class 9 Chapter 4 Structure Of The Atom Multiple Choice Question (Quiz) 49,1
CBSE,Class 9,Science,NCERT Science,Chapter 4 Structure Of The Atom,,,Multiple Choice Question (Online),Who postulated that electrons revolve in orbits around the nucleus?,1,  Bohr’s model,  Dbroglies wave hypothesis,  Rutherford,None of the Above,,Other,Hard,,,NCERT Science Class 9 Chapter 4 Structure Of The Atom Multiple Choice Question (Quiz) 50,1
CBSE,Class 9,Science,NCERT Science,Chapter 4 Structure Of The Atom,,,Multiple Choice Question (Online),"According to postulated of Bohr’s atomic model, the electron has a definite amount of energy and the electron does not lose or gain energy while moving :",1,  in the orbit,  in the nucleus,  in the atom,None of the Above,,Other,Hard,,,NCERT Science Class 9 Chapter 4 Structure Of The Atom Multiple Choice Question (Quiz) 51,1
CBSE,Class 9,Science,NCERT Science,Chapter 4 Structure Of The Atom,,,Multiple Choice Question (Online),Who discovered neutron?,2,  Bohr,  Chadwick,  Rutherford,None of the Above,,Other,Hard,,,NCERT Science Class 9 Chapter 4 Structure Of The Atom Multiple Choice Question (Quiz) 52,1
CBSE,Class 9,Science,NCERT Science,Chapter 4 Structure Of The Atom,,,Multiple Choice Question (Online),Chadwick got the Nobel Prize for the discovery of __________.,2,  protons,  neutrons,  electrons,None of the Above,,Other,Hard,,,NCERT Science Class 9 Chapter 4 Structure Of The Atom Multiple Choice Question (Quiz) 53,1
CBSE,Class 9,Science,NCERT Science,Chapter 4 Structure Of The Atom,,,Multiple Choice Question (Online),Which of the following is neutral and weighs 1 amu?,3,  Proton,  Electron,  Neutron,None of the Above,,Other,Hard,,,NCERT Science Class 9 Chapter 4 Structure Of The Atom Multiple Choice Question (Quiz) 54,1
CBSE,Class 9,Science,NCERT Science,Chapter 4 Structure Of The Atom,,,Multiple Choice Question (Online),Which of the following is the main cause of late discovery of neutron?,3,  Neutron is highly unstable particle,  Neutron in nucleus move very fast,  Neutron is charge-less particle,None of the Above,,Other,Hard,,,NCERT Science Class 9 Chapter 4 Structure Of The Atom Multiple Choice Question (Quiz) 55,1
CBSE,Class 9,Science,NCERT Science,Chapter 4 Structure Of The Atom,,,Multiple Choice Question (Online),Neutron is a sub-atomic particle which has ........... and a mass nearly equal to that of a ...........,2,"  positive charge, proton","  no charge, proton","  negative charge, electron",None of the Above,,Other,Hard,,,NCERT Science Class 9 Chapter 4 Structure Of The Atom Multiple Choice Question (Quiz) 56,1
CBSE,Class 9,Science,NCERT Science,Chapter 4 Structure Of The Atom,,,Multiple Choice Question (Online),Neutron is represented as:,3,  n+,  n-,  n,None of the Above,,Other,Hard,,,NCERT Science Class 9 Chapter 4 Structure Of The Atom Multiple Choice Question (Quiz) 57,1
CBSE,Class 9,Science,NCERT Science,Chapter 4 Structure Of The Atom,,,Multiple Choice Question (Online),Neutron is approximately 2000 times heavier than,2,  proton,  electron,  both a and b,None of the Above,,Other,Hard,,,NCERT Science Class 9 Chapter 4 Structure Of The Atom Multiple Choice Question (Quiz) 58,1
CBSE,Class 9,Science,NCERT Science,Chapter 4 Structure Of The Atom,,,Multiple Choice Question (Online),Who determined the mass of a neutron?,3,  John Dalton,  Ernest Rutherford,  James Chadwick,None of the Above,,Other,Hard,,,NCERT Science Class 9 Chapter 4 Structure Of The Atom Multiple Choice Question (Quiz) 59,1
CBSE,Class 9,Science,NCERT Science,Chapter 4 Structure Of The Atom,,,Multiple Choice Question (Online),The maximum number of electrons in the L-shall _________.,2,2,8,18,None of the Above,,Other,Hard,,,NCERT Science Class 9 Chapter 4 Structure Of The Atom Multiple Choice Question (Quiz) 60,1
CBSE,Class 9,Science,NCERT Science,Chapter 4 Structure Of The Atom,,,Multiple Choice Question (Online),Elements with filled outermost shell is ____________.,3,  He,  Ar,  Both a and b,None of the Above,,Other,Hard,,,NCERT Science Class 9 Chapter 4 Structure Of The Atom Multiple Choice Question (Quiz) 61,1
CBSE,Class 9,Science,NCERT Science,Chapter 4 Structure Of The Atom,,,Multiple Choice Question (Online),Maximum number of electrons present in 3rd orbit is,1,18,20,16,None of the Above,,Other,Hard,,,NCERT Science Class 9 Chapter 4 Structure Of The Atom Multiple Choice Question (Quiz) 62,1
CBSE,Class 9,Science,NCERT Science,Chapter 4 Structure Of The Atom,,,Multiple Choice Question (Online),"State the electronic configuration for sulphur. [p = 16, n = 16]",3,"  2, 8, 4","  2, 8, 5","  2, 8, 6",None of the Above,,Other,Hard,,,NCERT Science Class 9 Chapter 4 Structure Of The Atom Multiple Choice Question (Quiz) 63,1
CBSE,Class 9,Science,NCERT Science,Chapter 4 Structure Of The Atom,,,Multiple Choice Question (Online),Which of the following correctly represents the electronic distribution in Mg atom?,2,"  2, 8, 4","  2, 8, 2","  1, 8, 3",None of the Above,,Other,Hard,,,NCERT Science Class 9 Chapter 4 Structure Of The Atom Multiple Choice Question (Quiz) 64,1
CBSE,Class 9,Science,NCERT Science,Chapter 4 Structure Of The Atom,,,Multiple Choice Question (Online),The maximum no. of electrons in a shell can be given by the formula 2n2. Calculate the maximum no. of electrons in the 2nd shell.,3,2,4,8,None of the Above,,Other,Hard,,,NCERT Science Class 9 Chapter 4 Structure Of The Atom Multiple Choice Question (Quiz) 65,1
CBSE,Class 9,Science,NCERT Science,Chapter 4 Structure Of The Atom,,,Multiple Choice Question (Online),Number of electrons in the outer shell of the most stable or inert atoms are _________.,3,3,4,8,None of the Above,,Other,Hard,,,NCERT Science Class 9 Chapter 4 Structure Of The Atom Multiple Choice Question (Quiz) 66,1
CBSE,Class 9,Science,NCERT Science,Chapter 4 Structure Of The Atom,,,Multiple Choice Question (Online),The correct electronic configuration of element having mass number 39 and having number of neutrons 20 is ___________.,2,"  2, 8, 8","  2, 8, 8, 1","  2, 8, 8, 2",None of the Above,,Other,Hard,,,NCERT Science Class 9 Chapter 4 Structure Of The Atom Multiple Choice Question (Quiz) 67,1
CBSE,Class 9,Science,NCERT Science,Chapter 4 Structure Of The Atom,,,Multiple Choice Question (Online),Which of the following can lose two electrons to attain the configuration of argon?,3,  Mg,  Br,  Ca,None of the Above,,Other,Hard,,,NCERT Science Class 9 Chapter 4 Structure Of The Atom Multiple Choice Question (Quiz) 68,1
CBSE,Class 9,Science,NCERT Science,Chapter 4 Structure Of The Atom,,,Multiple Choice Question (Online),Number of valence electrons in Cl- ion is:,2,16,8,17,None of the Above,,Other,Hard,,,NCERT Science Class 9 Chapter 4 Structure Of The Atom Multiple Choice Question (Quiz) 69,1
CBSE,Class 9,Science,NCERT Science,Chapter 4 Structure Of The Atom,,,Multiple Choice Question (Online),The following diagram represents the atomic structure of which element?,1,  Fluorine,  Chlorine,  Carbon,None of the Above,,Other,Hard,,,NCERT Science Class 9 Chapter 4 Structure Of The Atom Multiple Choice Question (Quiz) 70,1
CBSE,Class 9,Science,NCERT Science,Chapter 4 Structure Of The Atom,,,Multiple Choice Question (Online),The following diagram represents the atomic structure of which element?,3,  Fluorine,  Neon,  Argon,None of the Above,,Other,Hard,,,NCERT Science Class 9 Chapter 4 Structure Of The Atom Multiple Choice Question (Quiz) 71,1
CBSE,Class 9,Science,NCERT Science,Chapter 4 Structure Of The Atom,,,Multiple Choice Question (Online),Maximum no. of electrons that can be present in M & N shells respectively are _________.,1,"  18, 32","  8, 18","  32, 50",None of the Above,,Other,Hard,,,NCERT Science Class 9 Chapter 4 Structure Of The Atom Multiple Choice Question (Quiz) 72,1
CBSE,Class 9,Science,NCERT Science,Chapter 4 Structure Of The Atom,,,Multiple Choice Question (Online),The total number of electrons in a nitrogen atom and a chlorine atom are 7 and 17 respectively. Find the number of valence electrons in them.,3,"  3, 1","  5, 8","  5, 7",None of the Above,,Other,Hard,,,NCERT Science Class 9 Chapter 4 Structure Of The Atom Multiple Choice Question (Quiz) 73,1
CBSE,Class 9,Science,NCERT Science,Chapter 4 Structure Of The Atom,,,Multiple Choice Question (Online),What is the maximum number of electrons in the main shell of an atom?,2,  n2,  2n2,  2n,None of the Above,,Other,Hard,,,NCERT Science Class 9 Chapter 4 Structure Of The Atom Multiple Choice Question (Quiz) 74,1
CBSE,Class 9,Science,NCERT Science,Chapter 4 Structure Of The Atom,,,Multiple Choice Question (Online),Which of the following elements has least number of electrons in its M shell?,1,  K,  Mn,  Ni,None of the Above,,Other,Hard,,,NCERT Science Class 9 Chapter 4 Structure Of The Atom Multiple Choice Question (Quiz) 75,1
CBSE,Class 9,Science,NCERT Science,Chapter 4 Structure Of The Atom,,,Multiple Choice Question (Online),The electronic configuration of aluminium is:,1,"  K L M
       2 8 3","  K L M N
      1 2 8 3","  P Q R
      2 8 3",None of the Above,,Other,Hard,,,NCERT Science Class 9 Chapter 4 Structure Of The Atom Multiple Choice Question (Quiz) 76,1
CBSE,Class 9,Science,NCERT Science,Chapter 4 Structure Of The Atom,,,Multiple Choice Question (Online),The maximum number of electrons in the third shell of an atom can be ________.,3,32,8,18,None of the Above,,Other,Hard,,,NCERT Science Class 9 Chapter 4 Structure Of The Atom Multiple Choice Question (Quiz) 77,1
CBSE,Class 9,Science,NCERT Science,Chapter 4 Structure Of The Atom,,,Multiple Choice Question (Online),"For an element with atomic number 19, the 19th electron will occupy:",3,  L-shell,  M-shell,  N-shell,None of the Above,,Other,Hard,,,NCERT Science Class 9 Chapter 4 Structure Of The Atom Multiple Choice Question (Quiz) 78,1
CBSE,Class 9,Science,NCERT Science,Chapter 4 Structure Of The Atom,,,Multiple Choice Question (Online),The number of electrons in the valence [outermost] shell of halogen is _____________.,3,1,3,7,None of the Above,,Other,Hard,,,NCERT Science Class 9 Chapter 4 Structure Of The Atom Multiple Choice Question (Quiz) 79,1
CBSE,Class 9,Science,NCERT Science,Chapter 4 Structure Of The Atom,,,Multiple Choice Question (Online),Which of the following is not a valid electronic structure?,3,"  2, 8, 4","  2, 6","  2, 9, 1",None of the Above,,Other,Hard,,,NCERT Science Class 9 Chapter 4 Structure Of The Atom Multiple Choice Question (Quiz) 80,1
CBSE,Class 9,Science,NCERT Science,Chapter 4 Structure Of The Atom,,,Multiple Choice Question (Online),Which element has twice as many electrons in its second shell as compared to its first shell?,3,  Calcium,  Nitrogen,  carbon,None of the Above,,Other,Hard,,,NCERT Science Class 9 Chapter 4 Structure Of The Atom Multiple Choice Question (Quiz) 81,1
CBSE,Class 9,Science,NCERT Science,Chapter 4 Structure Of The Atom,,,Multiple Choice Question (Online),The number of valence electrons present in Ca atom are ___________.,2,3,2,8,None of the Above,,Other,Hard,,,NCERT Science Class 9 Chapter 4 Structure Of The Atom Multiple Choice Question (Quiz) 82,1
CBSE,Class 9,Science,NCERT Science,Chapter 4 Structure Of The Atom,,,Multiple Choice Question (Online),In the outermost shell of any atom:,1,  the maximum number of electrons are 8 except the first shell which can have two electrons,  the maximum number of electrons are 2,  maximum number of electrons not fixed,None of the Above,,Other,Hard,,,NCERT Science Class 9 Chapter 4 Structure Of The Atom Multiple Choice Question (Quiz) 83,1
CBSE,Class 9,Science,NCERT Science,Chapter 4 Structure Of The Atom,,,Multiple Choice Question (Online),"Calculate the mass number of atoms X, Y and Z?",3,"  5, 11, 18","  10, 18, 31","  11, 18, 31",None of the Above,,Other,Hard,,,NCERT Science Class 9 Chapter 4 Structure Of The Atom Multiple Choice Question (Quiz) 84,1
CBSE,Class 9,Science,NCERT Science,Chapter 4 Structure Of The Atom,,,Multiple Choice Question (Online),Which of the properties of the elements is a whole number?,2,  Atomic mass,  Atomic number,  Atomic radius,None of the Above,,Other,Hard,,,NCERT Science Class 9 Chapter 4 Structure Of The Atom Multiple Choice Question (Quiz) 85,1
CBSE,Class 9,Science,NCERT Science,Chapter 4 Structure Of The Atom,,,Multiple Choice Question (Online),The number of electrons in an element with atomic number X and mass number Y will be:,3,  X-Y,  Y-X,  X,None of the Above,,Other,Hard,,,NCERT Science Class 9 Chapter 4 Structure Of The Atom Multiple Choice Question (Quiz) 86,1
CBSE,Class 9,Science,NCERT Science,Chapter 4 Structure Of The Atom,,,Multiple Choice Question (Online),Atomic number of nitrogen is 7. The number of protons in nitrogen atom is equal to ________.,2,14,7,21,None of the Above,,Other,Hard,,,NCERT Science Class 9 Chapter 4 Structure Of The Atom Multiple Choice Question (Quiz) 87,1
CBSE,Class 9,Science,NCERT Science,Chapter 4 Structure Of The Atom,,,Multiple Choice Question (Online),"The atomic number (Z) of an element is 35. In its ground state, how many electrons are present in the N shell?",2,12,7,14,None of the Above,,Other,Hard,,,NCERT Science Class 9 Chapter 4 Structure Of The Atom Multiple Choice Question (Quiz) 88,1
CBSE,Class 9,Science,NCERT Science,Chapter 4 Structure Of The Atom,,,Multiple Choice Question (Online),Atomic number is ______________.,1,  total number of proton present in the nucleus of an atom,  an atom of each element having a definite combining capacity,  the electrons present in the outermost shell of an atom,None of the Above,,Other,Hard,,,NCERT Science Class 9 Chapter 4 Structure Of The Atom Multiple Choice Question (Quiz) 89,1
CBSE,Class 9,Science,NCERT Science,Chapter 4 Structure Of The Atom,,,Multiple Choice Question (Online),Atomic number of an element represents__________.,3,  number of neutrons in the nucleus,  atomic mass of an element,  number of protons in nucleus,None of the Above,,Other,Hard,,,NCERT Science Class 9 Chapter 4 Structure Of The Atom Multiple Choice Question (Quiz) 90,1
CBSE,Class 9,Science,NCERT Science,Chapter 4 Structure Of The Atom,,,Multiple Choice Question (Online),"For an element, A= 34 and N= 19, What is the atomic number of the element?",3,34,19,15,None of the Above,,Other,Hard,,,NCERT Science Class 9 Chapter 4 Structure Of The Atom Multiple Choice Question (Quiz) 91,1
CBSE,Class 9,Science,NCERT Science,Chapter 4 Structure Of The Atom,,,Multiple Choice Question (Online),The atomic number of an element is determined by:,3,  the number of electrons in one atom,  the number of neutron in one atom,  the number of protons in one atom,None of the Above,,Other,Hard,,,NCERT Science Class 9 Chapter 4 Structure Of The Atom Multiple Choice Question (Quiz) 92,1
CBSE,Class 9,Science,NCERT Science,Chapter 4 Structure Of The Atom,,,Multiple Choice Question (Online),Atomic number is denoted by ________.,3,  A,  X,  Z,None of the Above,,Other,Hard,,,NCERT Science Class 9 Chapter 4 Structure Of The Atom Multiple Choice Question (Quiz) 93,1
CBSE,Class 9,Science,NCERT Science,Chapter 4 Structure Of The Atom,,,Multiple Choice Question (Online),Atomic number of platinum is,2,68,78,74,None of the Above,,Other,Hard,,,NCERT Science Class 9 Chapter 4 Structure Of The Atom Multiple Choice Question (Quiz) 94,1
CBSE,Class 9,Science,NCERT Science,Chapter 4 Structure Of The Atom,,,Multiple Choice Question (Online),An atom contains eleven protons. State its atomic number and the number of electrons it contains.,3,"  12, 12","  12, 11","  11, 11",None of the Above,,Other,Hard,,,NCERT Science Class 9 Chapter 4 Structure Of The Atom Multiple Choice Question (Quiz) 95,1
CBSE,Class 9,Science,NCERT Science,Chapter 4 Structure Of The Atom,,,Multiple Choice Question (Online),Atoms of two elements P and Q have 5 electrons in 2nd shell and 3rd shell respectively. What will be the atomic numbers of these elements?,3,  4:15,  5:15,  7:15,None of the Above,,Other,Hard,,,NCERT Science Class 9 Chapter 4 Structure Of The Atom Multiple Choice Question (Quiz) 96,1
CBSE,Class 9,Science,NCERT Science,Chapter 4 Structure Of The Atom,,,Multiple Choice Question (Online),An atom with atomic number 20 is most likely to combine chemically with the atom whose atomic number is___________.,2,15,16,18,None of the Above,,Other,Hard,,,NCERT Science Class 9 Chapter 4 Structure Of The Atom Multiple Choice Question (Quiz) 97,1
CBSE,Class 9,Science,NCERT Science,Chapter 4 Structure Of The Atom,,,Multiple Choice Question (Online),"By knowing the number of protons in a neutral atom, one can determine:",1,  the identity of the element,  the number of neutrons in the atom,  the number of common isotopes of the element,None of the Above,,Other,Hard,,,NCERT Science Class 9 Chapter 4 Structure Of The Atom Multiple Choice Question (Quiz) 98,1
CBSE,Class 9,Science,NCERT Science,Chapter 4 Structure Of The Atom,,,Multiple Choice Question (Online),How are the two atoms 23592P and 23892P similar? (i) They have the same number of protons (ii) They have the same number of neutrons (iii) They have the same number of electrons,3,  only (i),  only (i) and (ii),  only (i) and (iii),None of the Above,,Other,Hard,,,NCERT Science Class 9 Chapter 4 Structure Of The Atom Multiple Choice Question (Quiz) 99,1
CBSE,Class 9,Science,NCERT Science,Chapter 4 Structure Of The Atom,,,Multiple Choice Question (Online),An atom of an element has two electrons in the M shell. Identify its atomic number.,2,10,12,14,None of the Above,,Other,Hard,,,NCERT Science Class 9 Chapter 4 Structure Of The Atom Multiple Choice Question (Quiz) 100,1
CBSE,Class 9,Science,NCERT Science,Chapter 4 Structure Of The Atom,,,Multiple Choice Question (Online),All the atoms of same element have same _______.,2,  mass number,  atomic number,  atomic mass,None of the Above,,Other,Hard,,,NCERT Science Class 9 Chapter 4 Structure Of The Atom Multiple Choice Question (Quiz) 101,1
CBSE,Class 9,Science,NCERT Science,Chapter 4 Structure Of The Atom,,,Multiple Choice Question (Online),The weight of 0.20 moles of sulphuric acid H2SO4 is :,3,  4.8 g,  196 g,  19.6 g,None of the Above,,Other,Hard,,,NCERT Science Class 9 Chapter 4 Structure Of The Atom Multiple Choice Question (Quiz) 102,1
CBSE,Class 9,Science,NCERT Science,Chapter 4 Structure Of The Atom,,,Multiple Choice Question (Online),Calculate the molecular mass of CH3OH.,3,29,30,32,None of the Above,,Other,Hard,,,NCERT Science Class 9 Chapter 4 Structure Of The Atom Multiple Choice Question (Quiz) 103,1
CBSE,Class 9,Science,NCERT Science,Chapter 4 Structure Of The Atom,,,Multiple Choice Question (Online),"1.00 g of BaCl2 is treated with excess of aqueous AgNO3 and all chlorine is recovered as 1.38g of AgCl. What is the atomic weight of Ba? (Cl =35, Ag =108)",1,137,172.5,33,None of the Above,,Other,Hard,,,NCERT Science Class 9 Chapter 4 Structure Of The Atom Multiple Choice Question (Quiz) 104,1
CBSE,Class 9,Science,NCERT Science,Chapter 4 Structure Of The Atom,,,Multiple Choice Question (Online),The atomicity of a species is x and its atomic weight is y. The molecular weight of the species is:,3,  x + y,  y + x,  xy,None of the Above,,Other,Hard,,,NCERT Science Class 9 Chapter 4 Structure Of The Atom Multiple Choice Question (Quiz) 105,1
CBSE,Class 9,Science,NCERT Science,Chapter 4 Structure Of The Atom,,,Multiple Choice Question (Online),The atomic number of an element is 21 and the number of neutrons in its atom is 18. Find the mass number of the element?,3,33,44,39,None of the Above,,Other,Hard,,,NCERT Science Class 9 Chapter 4 Structure Of The Atom Multiple Choice Question (Quiz) 106,1
CBSE,Class 9,Science,NCERT Science,Chapter 4 Structure Of The Atom,,,Multiple Choice Question (Online),"Find number of protons and neutrons for (i), (ii) and (iii) respectively. (i) 35 17 CI (ii) 12 6 C (iii) 8135 Br",1,"  np = 17,6,35 nn = 18,6,46","  np = 16,6,35 nn = 18,6,46","  np = 17,6,35 nn = 18,6,45",None of the Above,,Other,Hard,,,NCERT Science Class 9 Chapter 4 Structure Of The Atom Multiple Choice Question (Quiz) 107,1
CBSE,Class 9,Science,NCERT Science,Chapter 4 Structure Of The Atom,,,Multiple Choice Question (Online),The atomic number of carbon is 6 and number of neutron is equal to 6. What is the atomic mass of carbon?,1,  12 u,  17 u,  18 u,None of the Above,,Other,Hard,,,NCERT Science Class 9 Chapter 4 Structure Of The Atom Multiple Choice Question (Quiz) 108,1
CBSE,Class 9,Science,NCERT Science,Chapter 4 Structure Of The Atom,,,Multiple Choice Question (Online),An atom has 16 neutrons in its nucleus. The atomic no. of the element is 15 and the mass number of the element is__________.,3,15,21,31,None of the Above,,Other,Hard,,,NCERT Science Class 9 Chapter 4 Structure Of The Atom Multiple Choice Question (Quiz) 109,1
CBSE,Class 9,Science,NCERT Science,Chapter 4 Structure Of The Atom,,,Multiple Choice Question (Online),The number of electrons in an element X is 15 and the number of neutrons is 16. The element can be represented as:,1,  3115  X,  3116  X,  1615  X,None of the Above,,Other,Hard,,,NCERT Science Class 9 Chapter 4 Structure Of The Atom Multiple Choice Question (Quiz) 110,1
CBSE,Class 9,Science,NCERT Science,Chapter 4 Structure Of The Atom,,,Multiple Choice Question (Online),An element has atomic number 17 and mass number 37. There are 17 electrons outside the nucleus. Find the number of neutrons in it.,1,20,25,27,None of the Above,,Other,Hard,,,NCERT Science Class 9 Chapter 4 Structure Of The Atom Multiple Choice Question (Quiz) 111,1
CBSE,Class 9,Science,NCERT Science,Chapter 4 Structure Of The Atom,,,Multiple Choice Question (Online),What is the ratio of the number of neutrons present in potassium and magnesium atoms with mass number 39 and 24 respectively?,2,  19:12,  5:3,  5:6,None of the Above,,Other,Hard,,,NCERT Science Class 9 Chapter 4 Structure Of The Atom Multiple Choice Question (Quiz) 112,1
CBSE,Class 9,Science,NCERT Science,Chapter 4 Structure Of The Atom,,,Multiple Choice Question (Online),Relative molecular mass of water is __________.,1,18,12,16,None of the Above,,Other,Hard,,,NCERT Science Class 9 Chapter 4 Structure Of The Atom Multiple Choice Question (Quiz) 113,1
CBSE,Class 9,Science,NCERT Science,Chapter 4 Structure Of The Atom,,,Multiple Choice Question (Online),168 X and 178 X represent,1,  isotopes,  iIsobars,  isotones,None of the Above,,Other,Hard,,,NCERT Science Class 9 Chapter 4 Structure Of The Atom Multiple Choice Question (Quiz) 114,1
CBSE,Class 9,Science,NCERT Science,Chapter 4 Structure Of The Atom,,,Multiple Choice Question (Online),Substances having same atomic number but different mass is known as:,2,  isobars,  isotopes,  isotones,None of the Above,,Other,Hard,,,NCERT Science Class 9 Chapter 4 Structure Of The Atom Multiple Choice Question (Quiz) 115,1
CBSE,Class 9,Science,NCERT Science,Chapter 4 Structure Of The Atom,,,Multiple Choice Question (Online),Which pair of substances given below are isotopes?,1,  126 C and 146 C,  carbon dioxide and carbon monoxide,  diamond and graphite,None of the Above,,Other,Hard,,,NCERT Science Class 9 Chapter 4 Structure Of The Atom Multiple Choice Question (Quiz) 116,1
CBSE,Class 9,Science,NCERT Science,Chapter 4 Structure Of The Atom,,,Multiple Choice Question (Online),Isotopes have same____but different____.,1,"  atomic number, mass number","  atomic mass number, atomic number","  number of neutrons, atomic number",None of the Above,,Other,Hard,,,NCERT Science Class 9 Chapter 4 Structure Of The Atom Multiple Choice Question (Quiz) 117,1
CBSE,Class 9,Science,NCERT Science,Chapter 4 Structure Of The Atom,,,Multiple Choice Question (Online),"11H, 21H, 31 H are:",1,  isotopes,  isobars, iIsomers,None of the Above,,Other,Hard,,,NCERT Science Class 9 Chapter 4 Structure Of The Atom Multiple Choice Question (Quiz) 118,1
CBSE,Class 9,Science,NCERT Science,Chapter 4 Structure Of The Atom,,,Multiple Choice Question (Online),Find the mass number of sodium having 12 neutrons.,2,22,23,11,None of the Above,,Other,Hard,,,NCERT Science Class 9 Chapter 4 Structure Of The Atom Multiple Choice Question (Quiz) 119,1
CBSE,Class 9,Science,NCERT Science,Chapter 4 Structure Of The Atom,,,Multiple Choice Question (Online),Discovery of .................... proved that atoms of the same element may also possess different atomic weights.,1,  isobars,  isomers,  isotopes,None of the Above,,Other,Hard,,,NCERT Science Class 9 Chapter 4 Structure Of The Atom Multiple Choice Question (Quiz) 120,1
CBSE,Class 9,Science,NCERT Science,Chapter 4 Structure Of The Atom,,,Multiple Choice Question (Online),The total number of neutrons in all isotopes of hydrogen is equal to:,3,5,4,3,None of the Above,,Other,Hard,,,NCERT Science Class 9 Chapter 4 Structure Of The Atom Multiple Choice Question (Quiz) 121,1
CBSE,Class 9,Science,NCERT Science,Chapter 4 Structure Of The Atom,,,Multiple Choice Question (Online),The sum of the number of neutrons and proton in all isotopes of hydrogen is:,3,5,5,6,None of the Above,,Other,Hard,,,NCERT Science Class 9 Chapter 4 Structure Of The Atom Multiple Choice Question (Quiz) 122,1
CBSE,Class 9,Science,NCERT Science,Chapter 4 Structure Of The Atom,,,Multiple Choice Question (Online),"The species Ne, Na+ and F? have the same:",3,  mass number,  number of protons,  number of electrons,None of the Above,,Other,Hard,,,NCERT Science Class 9 Chapter 4 Structure Of The Atom Multiple Choice Question (Quiz) 123,1
CBSE,Class 9,Science,NCERT Science,Chapter 4 Structure Of The Atom,,,Multiple Choice Question (Online),Which of the following has an equal number of neutrons and protons?,2,  Hydrogen,  Deuterium,  Fluorine,None of the Above,,Other,Hard,,,NCERT Science Class 9 Chapter 4 Structure Of The Atom Multiple Choice Question (Quiz) 124,1
CBSE,Class 9,Science,NCERT Science,Chapter 4 Structure Of The Atom,,,Multiple Choice Question (Online),Isotopes of an element have:,3,  same physical properties,  different chemical properties,  different number of neutrons,None of the Above,,Other,Hard,,,NCERT Science Class 9 Chapter 4 Structure Of The Atom Multiple Choice Question (Quiz) 125,1
CBSE,Class 9,Science,NCERT Science,Chapter 4 Structure Of The Atom,,,Multiple Choice Question (Online),The term that would apply to 16O and 17O?,1,  Isotope,  Isobar,  Isotones,None of the Above,,Other,Hard,,,NCERT Science Class 9 Chapter 4 Structure Of The Atom Multiple Choice Question (Quiz) 126,1
CBSE,Class 9,Science,NCERT Science,Chapter 4 Structure Of The Atom,,,Multiple Choice Question (Online),There are _____ isotopes of Carbon.,3,1,2,3,None of the Above,,Other,Hard,,,NCERT Science Class 9 Chapter 4 Structure Of The Atom Multiple Choice Question (Quiz) 127,1
CBSE,Class 9,Science,NCERT Science,Chapter 4 Structure Of The Atom,,,Multiple Choice Question (Online),What does an atom and an ion of the isotope of sodium 2211Na both contain ?,1,  12 neutrons,  23 protons,  11 electrons,None of the Above,,Other,Hard,,,NCERT Science Class 9 Chapter 4 Structure Of The Atom Multiple Choice Question (Quiz) 128,1
CBSE,Class 9,Science,NCERT Science,Chapter 4 Structure Of The Atom,,,Multiple Choice Question (Online),An atom of the same element that differs by the number of neutrons is called:,3,  isobar,  isotones,  isotope,None of the Above,,Other,Hard,,,NCERT Science Class 9 Chapter 4 Structure Of The Atom Multiple Choice Question (Quiz) 129,1
CBSE,Class 9,Science,NCERT Science,Chapter 4 Structure Of The Atom,,,Multiple Choice Question (Online),Isobars have,3,  same mass number and atomic number,  same number of neutrons but different mass number,  same mass number but different atomic number,None of the Above,,Other,Hard,,,NCERT Science Class 9 Chapter 4 Structure Of The Atom Multiple Choice Question (Quiz) 130,1
CBSE,Class 9,Science,NCERT Science,Chapter 4 Structure Of The Atom,,,Multiple Choice Question (Online),Which of these is a pair of isobar?,3,"  126 C, 168 O","  136 C, 146 O","  4020C, 4018Ar",None of the Above,,Other,Hard,,,NCERT Science Class 9 Chapter 4 Structure Of The Atom Multiple Choice Question (Quiz) 131,1
CBSE,Class 9,Science,NCERT Science,Chapter 4 Structure Of The Atom,,,Multiple Choice Question (Online),4018Ar and 4019K is called,2,  isomers,  isobars,  isotopes,None of the Above,,Other,Hard,,,NCERT Science Class 9 Chapter 4 Structure Of The Atom Multiple Choice Question (Quiz) 132,1
CBSE,Class 9,Science,NCERT Science,Chapter 4 Structure Of The Atom,,,Multiple Choice Question (Online),Two nuclei are not identical but have the same number of nucleons. These are,2,  isomers,  isobars,  isotopes,None of the Above,,Other,Hard,,,NCERT Science Class 9 Chapter 4 Structure Of The Atom Multiple Choice Question (Quiz) 133,1
CBSE,Class 9,Science,NCERT Science,Chapter 4 Structure Of The Atom,,,Multiple Choice Question (Online),Isobars are the atoms of,3,  same elements having same atomic number,  same elements having same atomic mass,  different elements having same atomic mass,None of the Above,,Other,Hard,,,NCERT Science Class 9 Chapter 4 Structure Of The Atom Multiple Choice Question (Quiz) 134,1
CBSE,Class 9,Science,NCERT Science,Chapter 4 Structure Of The Atom,,,Multiple Choice Question (Online),Argon and calcium are isobar. Why?,3,  Both have same atomic number equal to 40,  Both have different atomic mass,  Both have same atomic mass equal to 40,None of the Above,,Other,Hard,,,NCERT Science Class 9 Chapter 4 Structure Of The Atom Multiple Choice Question (Quiz) 135,1
CBSE,Class 9,Science,NCERT Science,Chapter 4 Structure Of The Atom,,,Multiple Choice Question (Online),Which of the following are isobars?,1,"  Fe, Ni","  Fe, Se","  Fe, Ce",None of the Above,,Other,Hard,,,NCERT Science Class 9 Chapter 4 Structure Of The Atom Multiple Choice Question (Quiz) 136,1
CBSE,Class 9,Science,NCERT Science,Chapter 4 Structure Of The Atom,,,Multiple Choice Question (Online),Isobars can be used for ___________ .,3,  meteorology,  weather maps,  both a and b,None of the Above,,Other,Hard,,,NCERT Science Class 9 Chapter 4 Structure Of The Atom Multiple Choice Question (Quiz) 137,1
CBSE,Class 9,Science,NCERT Science,Chapter 4 Structure Of The Atom,,,Multiple Choice Question (Online),Which of the following pairs represents isobars?,3,  19K40 and 11Na23,  2He3 and 2He4,  19K40 and 20Ca40,None of the Above,,Other,Hard,,,NCERT Science Class 9 Chapter 4 Structure Of The Atom Multiple Choice Question (Quiz) 138,1
CBSE,Class 9,Science,NCERT Science,Chapter 4 Structure Of The Atom,,,Multiple Choice Question (Online),"The atomic number of calcium and argon are 20 and 18 respectively, but the mass number of both these elements is 40. What is the name given to such a pair of elements?",2,  Isotopes,  Isobars,  Both Isotopes and Isobars,None of the Above,,Other,Hard,,,NCERT Science Class 9 Chapter 4 Structure Of The Atom Multiple Choice Question (Quiz) 139,1
CBSE,Class 9,Science,NCERT Science,Chapter 4 Structure Of The Atom,,,Multiple Choice Question (Online),Isobars differ in,3,  nucleons,  mass number,  atomic number,None of the Above,,Other,Hard,,,NCERT Science Class 9 Chapter 4 Structure Of The Atom Multiple Choice Question (Quiz) 140,1
CBSE,Class 9,Science,NCERT Science,Chapter 4 Structure Of The Atom,,,Multiple Choice Question (Online),"Structures of nuclei of three atoms A, B and C are given below:",1, A has 90 protons and 146 neutrons., B has 92 protons and 146 neutrons., C has 90 protons and 148 neutrons.,None of the Above,,Other,Hard,,,NCERT Science Class 9 Chapter 4 Structure Of The Atom Multiple Choice Question (Quiz) 141,1
CBSE,Class 9,Science,NCERT Science,Chapter 5 The Fundamental Unit Of Life,,,Multiple Choice Question (Online),In which year cell was discovered?,1,1665,1765,1656,None of the Above,,Other,Hard,,,NCERT Science Class 9 Chapter 5 The Fundamental Unit Of Life Multiple Choice Question (Quiz) 1,1
CBSE,Class 9,Science,NCERT Science,Chapter 5 The Fundamental Unit Of Life,,,Multiple Choice Question (Online),The fundamental unit of all living organisms are,2,  Tissues,  Cells,  Organs,None of the Above,,Other,Hard,,,NCERT Science Class 9 Chapter 5 The Fundamental Unit Of Life Multiple Choice Question (Quiz) 2,1
CBSE,Class 9,Science,NCERT Science,Chapter 5 The Fundamental Unit Of Life,,,Multiple Choice Question (Online),Who discovered cell?,3,  Barry Marshal,  Purkinje,  Robert Hooke,None of the Above,,Other,Hard,,,NCERT Science Class 9 Chapter 5 The Fundamental Unit Of Life Multiple Choice Question (Quiz) 3,1
CBSE,Class 9,Science,NCERT Science,Chapter 5 The Fundamental Unit Of Life,,,Multiple Choice Question (Online),Which of the following is true for cork?,3,  Cork is obtained from leaves of any plant,  Cork is obtained from fleece of sheep,  Cork is obtained from the bark of a tree,None of the Above,,Other,Hard,,,NCERT Science Class 9 Chapter 5 The Fundamental Unit Of Life Multiple Choice Question (Quiz) 4,1
CBSE,Class 9,Science,NCERT Science,Chapter 5 The Fundamental Unit Of Life,,,Multiple Choice Question (Online),Cork was observed by Robert Hooke as,2,  rounded ball like structure,  honeycomb like structure,  spindle shaped pointed at one end,None of the Above,,Other,Hard,,,NCERT Science Class 9 Chapter 5 The Fundamental Unit Of Life Multiple Choice Question (Quiz) 5,1
CBSE,Class 9,Science,NCERT Science,Chapter 5 The Fundamental Unit Of Life,,,Multiple Choice Question (Online),The meaning of cell is,1,  little room in latin,  long thread in Greek,  conical box in latin,None of the Above,,Other,Hard,,,NCERT Science Class 9 Chapter 5 The Fundamental Unit Of Life Multiple Choice Question (Quiz) 6,1
CBSE,Class 9,Science,NCERT Science,Chapter 5 The Fundamental Unit Of Life,,,Multiple Choice Question (Online),Who discovered nucleus in the year 1831?,1,  Robert Brown,  Robert Hooke,  Virchow,None of the Above,,Other,Hard,,,NCERT Science Class 9 Chapter 5 The Fundamental Unit Of Life Multiple Choice Question (Quiz) 7,1
CBSE,Class 9,Science,NCERT Science,Chapter 5 The Fundamental Unit Of Life,,,Multiple Choice Question (Online),Who discovered living cells in pond water ?,2,  Virchow,  Leewenhoek,  Purkinje,None of the Above,,Other,Hard,,,NCERT Science Class 9 Chapter 5 The Fundamental Unit Of Life Multiple Choice Question (Quiz) 8,1
CBSE,Class 9,Science,NCERT Science,Chapter 5 The Fundamental Unit Of Life,,,Multiple Choice Question (Online),Who coined the term protoplasm for the fluid substance of the cell?,3,  Virchow,  Leewenhoek,  Purkinje,None of the Above,,Other,Hard,,,NCERT Science Class 9 Chapter 5 The Fundamental Unit Of Life Multiple Choice Question (Quiz) 9,1
CBSE,Class 9,Science,NCERT Science,Chapter 5 The Fundamental Unit Of Life,,,Multiple Choice Question (Online),Cell theory was proposed by,1,  Schleiden and Schwann,  Schleiden and Virchow,  Brown and Purkinje,None of the Above,,Other,Hard,,,NCERT Science Class 9 Chapter 5 The Fundamental Unit Of Life Multiple Choice Question (Quiz) 10,1
CBSE,Class 9,Science,NCERT Science,Chapter 5 The Fundamental Unit Of Life,,,Multiple Choice Question (Online),All cells arise from pre-existing cells. Who explained this thing?,3,  Schwann,  Robert Brown,  Virchow,None of the Above,,Other,Hard,,,NCERT Science Class 9 Chapter 5 The Fundamental Unit Of Life Multiple Choice Question (Quiz) 11,1
CBSE,Class 9,Science,NCERT Science,Chapter 5 The Fundamental Unit Of Life,,,Multiple Choice Question (Online),Shape of the cell depends upon the,3,  location,  functional adaptation,  both location and functional adaptation,None of the Above,,Other,Hard,,,NCERT Science Class 9 Chapter 5 The Fundamental Unit Of Life Multiple Choice Question (Quiz) 12,1
CBSE,Class 9,Science,NCERT Science,Chapter 5 The Fundamental Unit Of Life,,,Multiple Choice Question (Online),The smallest cell is found in,1,  Mycoplasma,  Yeast,  mint plant,None of the Above,,Other,Hard,,,NCERT Science Class 9 Chapter 5 The Fundamental Unit Of Life Multiple Choice Question (Quiz) 13,1
CBSE,Class 9,Science,NCERT Science,Chapter 5 The Fundamental Unit Of Life,,,Multiple Choice Question (Online),The longest cell in the human beings is,3,  blood cell,  sperm cell,  nerve cell,None of the Above,,Other,Hard,,,NCERT Science Class 9 Chapter 5 The Fundamental Unit Of Life Multiple Choice Question (Quiz) 14,1
CBSE,Class 9,Science,NCERT Science,Chapter 5 The Fundamental Unit Of Life,,,Multiple Choice Question (Online),The largest cell is,3,  egg of hen,  ostrich sperm,  ostrich egg,None of the Above,,Other,Hard,,,NCERT Science Class 9 Chapter 5 The Fundamental Unit Of Life Multiple Choice Question (Quiz) 15,1
CBSE,Class 9,Science,NCERT Science,Chapter 5 The Fundamental Unit Of Life,,,Multiple Choice Question (Online),Which of the following is unicellular?,1,  Paramecium,  Mucor,  Mango tree,None of the Above,,Other,Hard,,,NCERT Science Class 9 Chapter 5 The Fundamental Unit Of Life Multiple Choice Question (Quiz) 16,1
CBSE,Class 9,Science,NCERT Science,Chapter 5 The Fundamental Unit Of Life,,,Multiple Choice Question (Online),All bacteria are,1,  unicellular,  multicellular,  unicellular and multicellular,None of the Above,,Other,Hard,,,NCERT Science Class 9 Chapter 5 The Fundamental Unit Of Life Multiple Choice Question (Quiz) 17,1
CBSE,Class 9,Science,NCERT Science,Chapter 5 The Fundamental Unit Of Life,,,Multiple Choice Question (Online),The shape of Paramecium is,3,  irregular,  tree like,  slipper like,None of the Above,,Other,Hard,,,NCERT Science Class 9 Chapter 5 The Fundamental Unit Of Life Multiple Choice Question (Quiz) 18,1
CBSE,Class 9,Science,NCERT Science,Chapter 5 The Fundamental Unit Of Life,,,Multiple Choice Question (Online),Division of labour is applicable to,3,  Unicellular organisms,  multicellular organisms,  both unicellular and multicellular organisms,None of the Above,,Other,Hard,,,NCERT Science Class 9 Chapter 5 The Fundamental Unit Of Life Multiple Choice Question (Quiz) 19,1
CBSE,Class 9,Science,NCERT Science,Chapter 5 The Fundamental Unit Of Life,,,Multiple Choice Question (Online),Prokaryotic cell is found in,2,  plants,  bacteria,  human being,None of the Above,,Other,Hard,,,NCERT Science Class 9 Chapter 5 The Fundamental Unit Of Life Multiple Choice Question (Quiz) 20,1
CBSE,Class 9,Science,NCERT Science,Chapter 5 The Fundamental Unit Of Life,,,Multiple Choice Question (Online),The outer covering of an animal cell is called,2,  Nucleus,  Plasma membrane,  Cytoplasm,None of the Above,,Other,Hard,,,NCERT Science Class 9 Chapter 5 The Fundamental Unit Of Life Multiple Choice Question (Quiz) 21,1
CBSE,Class 9,Science,NCERT Science,Chapter 5 The Fundamental Unit Of Life,,,Multiple Choice Question (Online),The jelly like part in the cell is called,1,  cytoplasm,  columnar epithelium,  stratified epithelium,None of the Above,,Other,Hard,,,NCERT Science Class 9 Chapter 5 The Fundamental Unit Of Life Multiple Choice Question (Quiz) 22,1
CBSE,Class 9,Science,NCERT Science,Chapter 5 The Fundamental Unit Of Life,,,Multiple Choice Question (Online),Which part of the cell contains chromosomes?,2,  Plasmalemma,  Nucleus,  Cytoplasm,None of the Above,,Other,Hard,,,NCERT Science Class 9 Chapter 5 The Fundamental Unit Of Life Multiple Choice Question (Quiz) 23,1
CBSE,Class 9,Science,NCERT Science,Chapter 5 The Fundamental Unit Of Life,,,Multiple Choice Question (Online),Which part is called as the ground substance of the cell?,3,  Cell membrane,  Nuclear membrane,  Cytoplasm,None of the Above,,Other,Hard,,,NCERT Science Class 9 Chapter 5 The Fundamental Unit Of Life Multiple Choice Question (Quiz) 24,1
CBSE,Class 9,Science,NCERT Science,Chapter 5 The Fundamental Unit Of Life,,,Multiple Choice Question (Online),"In plant cells, the outermost covering of the cell is",1,  cellwall,  cell membrane,  nuclear membrane,None of the Above,,Other,Hard,,,NCERT Science Class 9 Chapter 5 The Fundamental Unit Of Life Multiple Choice Question (Quiz) 25,1
CBSE,Class 9,Science,NCERT Science,Chapter 5 The Fundamental Unit Of Life,,,Multiple Choice Question (Online),What is found between the cell membrane and nuclear membrane?,2,  Nucleus,  Cytoplasm,  Protoplasm,None of the Above,,Other,Hard,,,NCERT Science Class 9 Chapter 5 The Fundamental Unit Of Life Multiple Choice Question (Quiz) 26,1
CBSE,Class 9,Science,NCERT Science,Chapter 5 The Fundamental Unit Of Life,,,Multiple Choice Question (Online),The major part of a plant cells is covered by,3,  ribosomes,  a nucleus,  a large vacuole,None of the Above,,Other,Hard,,,NCERT Science Class 9 Chapter 5 The Fundamental Unit Of Life Multiple Choice Question (Quiz) 27,1
CBSE,Class 9,Science,NCERT Science,Chapter 5 The Fundamental Unit Of Life,,,Multiple Choice Question (Online),Cellwall is absent in,2,  bacterial cells,  animal cells,  plant cells,None of the Above,,Other,Hard,,,NCERT Science Class 9 Chapter 5 The Fundamental Unit Of Life Multiple Choice Question (Quiz) 28,1
CBSE,Class 9,Science,NCERT Science,Chapter 5 The Fundamental Unit Of Life,,,Multiple Choice Question (Online),"Vacuoles are many, small and temporary in",2,  plant cells,  animal cells,  both plant and animal cells,None of the Above,,Other,Hard,,,NCERT Science Class 9 Chapter 5 The Fundamental Unit Of Life Multiple Choice Question (Quiz) 29,1
CBSE,Class 9,Science,NCERT Science,Chapter 5 The Fundamental Unit Of Life,,,Multiple Choice Question (Online),The position of nucleus in plant cells is,1,  peripheral,  central,  uppermost side,None of the Above,,Other,Hard,,,NCERT Science Class 9 Chapter 5 The Fundamental Unit Of Life Multiple Choice Question (Quiz) 30,1
CBSE,Class 9,Science,NCERT Science,Chapter 5 The Fundamental Unit Of Life,,,Multiple Choice Question (Online),Centrosomes and centrioles are absent in,2,  both plants and animals cells,  plant cells,  animal cells,None of the Above,,Other,Hard,,,NCERT Science Class 9 Chapter 5 The Fundamental Unit Of Life Multiple Choice Question (Quiz) 31,1
CBSE,Class 9,Science,NCERT Science,Chapter 5 The Fundamental Unit Of Life,,,Multiple Choice Question (Online),The nature of plasma membrane is,1,"  thin, elastic and semipermeable","  thick, elastic and semipermeable","  thin, elastic and impermeable",None of the Above,,Other,Hard,,,NCERT Science Class 9 Chapter 5 The Fundamental Unit Of Life Multiple Choice Question (Quiz) 32,1
CBSE,Class 9,Science,NCERT Science,Chapter 5 The Fundamental Unit Of Life,,,Multiple Choice Question (Online),"In which organism , the plasma membrane is flexible to engulf food particles?",3,  Euglena,  bacteria,  Amoeba,None of the Above,,Other,Hard,,,NCERT Science Class 9 Chapter 5 The Fundamental Unit Of Life Multiple Choice Question (Quiz) 33,1
CBSE,Class 9,Science,NCERT Science,Chapter 5 The Fundamental Unit Of Life,,,Multiple Choice Question (Online),What are the two processes that are applicable to plasma membrane of the cell?,3,  condensation and evaporation,  osmosis and evaporation,  diffusion and osmosis,None of the Above,,Other,Hard,,,NCERT Science Class 9 Chapter 5 The Fundamental Unit Of Life Multiple Choice Question (Quiz) 34,1
CBSE,Class 9,Science,NCERT Science,Chapter 5 The Fundamental Unit Of Life,,,Multiple Choice Question (Online),Movement of water occurs from outside to inside of the cell in,1,  hypotonic solultion,  hypertonic solution,  isotonic solution,None of the Above,,Other,Hard,,,NCERT Science Class 9 Chapter 5 The Fundamental Unit Of Life Multiple Choice Question (Quiz) 35,1
CBSE,Class 9,Science,NCERT Science,Chapter 5 The Fundamental Unit Of Life,,,Multiple Choice Question (Online),Movement of water occurs from inside to outside of the cell in,2,  hypotonic soultion,  hypertonic solution,  isotonic solution,None of the Above,,Other,Hard,,,NCERT Science Class 9 Chapter 5 The Fundamental Unit Of Life Multiple Choice Question (Quiz) 36,1
CBSE,Class 9,Science,NCERT Science,Chapter 5 The Fundamental Unit Of Life,,,Multiple Choice Question (Online),"In which of the following, there is no movement of water in a cell?",3,  hypotonic soultion,  hypertonic solution,  isotonic solution,None of the Above,,Other,Hard,,,NCERT Science Class 9 Chapter 5 The Fundamental Unit Of Life Multiple Choice Question (Quiz) 37,1
CBSE,Class 9,Science,NCERT Science,Chapter 5 The Fundamental Unit Of Life,,,Multiple Choice Question (Online),Exosmosis occurs in,2,  hypotonic soultion,  hypertonic solution,  isotonic solution,None of the Above,,Other,Hard,,,NCERT Science Class 9 Chapter 5 The Fundamental Unit Of Life Multiple Choice Question (Quiz) 38,1
CBSE,Class 9,Science,NCERT Science,Chapter 5 The Fundamental Unit Of Life,,,Multiple Choice Question (Online),Endosmosis occurs in,1,  hypotonic soultion,  hypertonic solution,  isotonic solution,None of the Above,,Other,Hard,,,NCERT Science Class 9 Chapter 5 The Fundamental Unit Of Life Multiple Choice Question (Quiz) 39,1
CBSE,Class 9,Science,NCERT Science,Chapter 5 The Fundamental Unit Of Life,,,Multiple Choice Question (Online),What would happen if the plasma membrane ruptures?,3,  the cell will die,  no cellular functions will occur,  both the cell die without any cellular functions,None of the Above,,Other,Hard,,,NCERT Science Class 9 Chapter 5 The Fundamental Unit Of Life Multiple Choice Question (Quiz) 40,1
CBSE,Class 9,Science,NCERT Science,Chapter 5 The Fundamental Unit Of Life,,,Multiple Choice Question (Online),The difference between osmosis and diffusion is,2,  presence of permeable membrane in osmosis,  presence of semipermeable membrane in osmosis,  no membrane in osmosis,None of the Above,,Other,Hard,,,NCERT Science Class 9 Chapter 5 The Fundamental Unit Of Life Multiple Choice Question (Quiz) 41,1
CBSE,Class 9,Science,NCERT Science,Chapter 5 The Fundamental Unit Of Life,,,Multiple Choice Question (Online),Cellwall is,3,  impermeable,  semipermeable,  freely permeable,None of the Above,,Other,Hard,,,NCERT Science Class 9 Chapter 5 The Fundamental Unit Of Life Multiple Choice Question (Quiz) 42,1
CBSE,Class 9,Science,NCERT Science,Chapter 5 The Fundamental Unit Of Life,,,Multiple Choice Question (Online),The plant cellwall is made up of :,3,  phospholipids,  proteins,  cellulose,None of the Above,,Other,Hard,,,NCERT Science Class 9 Chapter 5 The Fundamental Unit Of Life Multiple Choice Question (Quiz) 43,1
CBSE,Class 9,Science,NCERT Science,Chapter 5 The Fundamental Unit Of Life,,,Multiple Choice Question (Online),The shrinkage or contraction of protoplasm away from the cellwall is called,3,  diffusion,  endosmosis,  plasmolysis,None of the Above,,Other,Hard,,,NCERT Science Class 9 Chapter 5 The Fundamental Unit Of Life Multiple Choice Question (Quiz) 44,1
CBSE,Class 9,Science,NCERT Science,Chapter 5 The Fundamental Unit Of Life,,,Multiple Choice Question (Online),Nuclear pores in the nucleus are found in,1,  nuclear envelope,  nucleolus,  nucleoplasm,None of the Above,,Other,Hard,,,NCERT Science Class 9 Chapter 5 The Fundamental Unit Of Life Multiple Choice Question (Quiz) 45,1
CBSE,Class 9,Science,NCERT Science,Chapter 5 The Fundamental Unit Of Life,,,Multiple Choice Question (Online),The liquid ground substance present in the nucleus is called,1,  nucleoplasm,  chromosomes,  nucleolus,None of the Above,,Other,Hard,,,NCERT Science Class 9 Chapter 5 The Fundamental Unit Of Life Multiple Choice Question (Quiz) 46,1
CBSE,Class 9,Science,NCERT Science,Chapter 5 The Fundamental Unit Of Life,,,Multiple Choice Question (Online),The most prominent structure in a cell nucleus is,2,  nuclear envelope,  nucleolus,  nucleoplasm,None of the Above,,Other,Hard,,,NCERT Science Class 9 Chapter 5 The Fundamental Unit Of Life Multiple Choice Question (Quiz) 47,1
CBSE,Class 9,Science,NCERT Science,Chapter 5 The Fundamental Unit Of Life,,,Multiple Choice Question (Online),Thin thread like interwined strctures inside nucleus are called,3,  Chromosomes,  cytoplasmic thread,  nucleolus,None of the Above,,Other,Hard,,,NCERT Science Class 9 Chapter 5 The Fundamental Unit Of Life Multiple Choice Question (Quiz) 48,1
CBSE,Class 9,Science,NCERT Science,Chapter 5 The Fundamental Unit Of Life,,,Multiple Choice Question (Online),Which part of the cell plays an important role in transferring hereditary information from parents to offspring?,2,  Plasma membrane,  Nucleus,  Cytoplasm,None of the Above,,Other,Hard,,,NCERT Science Class 9 Chapter 5 The Fundamental Unit Of Life Multiple Choice Question (Quiz) 49,1
CBSE,Class 9,Science,NCERT Science,Chapter 5 The Fundamental Unit Of Life,,,Multiple Choice Question (Online),Chromosomes are composed of,1,  DNA and proteins,  proteins and phospholipids,  cellulose and DNA,None of the Above,,Other,Hard,,,NCERT Science Class 9 Chapter 5 The Fundamental Unit Of Life Multiple Choice Question (Quiz) 50,1
CBSE,Class 9,Science,NCERT Science,Chapter 5 The Fundamental Unit Of Life,,,Multiple Choice Question (Online),Membrane bound cell organelles are found in,2,  prokaryotic cell,  eukaryotic cell,  human cell,None of the Above,,Other,Hard,,,NCERT Science Class 9 Chapter 5 The Fundamental Unit Of Life Multiple Choice Question (Quiz) 51,1
CBSE,Class 9,Science,NCERT Science,Chapter 5 The Fundamental Unit Of Life,,,Multiple Choice Question (Online),Cell organelles are important as,2,  they are hereditary units of the cell,  they perform crucial functions of the cell,  they are capable of multiplication of cells,None of the Above,,Other,Hard,,,NCERT Science Class 9 Chapter 5 The Fundamental Unit Of Life Multiple Choice Question (Quiz) 52,1
CBSE,Class 9,Science,NCERT Science,Chapter 5 The Fundamental Unit Of Life,,,Multiple Choice Question (Online),Ribosomes are found in,2,  SER Only,  RER Only,  both SER and RER,None of the Above,,Other,Hard,,,NCERT Science Class 9 Chapter 5 The Fundamental Unit Of Life Multiple Choice Question (Quiz) 53,1
CBSE,Class 9,Science,NCERT Science,Chapter 5 The Fundamental Unit Of Life,,,Multiple Choice Question (Online),Which of the following has direct connections with nuclear membrane?,3,  Plasma membrane,  SER,  RER,None of the Above,,Other,Hard,,,NCERT Science Class 9 Chapter 5 The Fundamental Unit Of Life Multiple Choice Question (Quiz) 54,1
CBSE,Class 9,Science,NCERT Science,Chapter 5 The Fundamental Unit Of Life,,,Multiple Choice Question (Online),The endoplasmic reticulum that helps in manufacture of fats or lipids,1,  SER,  RER,  Both SER and RER,None of the Above,,Other,Hard,,,NCERT Science Class 9 Chapter 5 The Fundamental Unit Of Life Multiple Choice Question (Quiz) 55,1
CBSE,Class 9,Science,NCERT Science,Chapter 5 The Fundamental Unit Of Life,,,Multiple Choice Question (Online),The process of building the plasma membrane by RER and SER is called,1,  membrane biogenesis,  cytoplasmic framework,  cell biogenesis,None of the Above,,Other,Hard,,,NCERT Science Class 9 Chapter 5 The Fundamental Unit Of Life Multiple Choice Question (Quiz) 56,1
CBSE,Class 9,Science,NCERT Science,Chapter 5 The Fundamental Unit Of Life,,,Multiple Choice Question (Online),Detoxification of fat in liver occurs by,3,  Golgi bodies,  RER,  SER,None of the Above,,Other,Hard,,,NCERT Science Class 9 Chapter 5 The Fundamental Unit Of Life Multiple Choice Question (Quiz) 57,1
CBSE,Class 9,Science,NCERT Science,Chapter 5 The Fundamental Unit Of Life,,,Multiple Choice Question (Online),Which organelle is not bounded by any membrane?,2,  Golgi bodies,  Ribosomes,  Lysosomes,None of the Above,,Other,Hard,,,NCERT Science Class 9 Chapter 5 The Fundamental Unit Of Life Multiple Choice Question (Quiz) 58,1
CBSE,Class 9,Science,NCERT Science,Chapter 5 The Fundamental Unit Of Life,,,Multiple Choice Question (Online),Synthesis of proteins occur in,1,  ribosomes,  lysosomes,  SER,None of the Above,,Other,Hard,,,NCERT Science Class 9 Chapter 5 The Fundamental Unit Of Life Multiple Choice Question (Quiz) 59,1
CBSE,Class 9,Science,NCERT Science,Chapter 5 The Fundamental Unit Of Life,,,Multiple Choice Question (Online),Tubules and vesicles in the Golgi apparatus occur in,1,  the peripheral region,  the central region,  all regions of the Golgi,None of the Above,,Other,Hard,,,NCERT Science Class 9 Chapter 5 The Fundamental Unit Of Life Multiple Choice Question (Quiz) 60,1
CBSE,Class 9,Science,NCERT Science,Chapter 5 The Fundamental Unit Of Life,,,Multiple Choice Question (Online),Synthesis of lysosomes occur in,2,  Ribosomes,  Golgi bodies,  ER,None of the Above,,Other,Hard,,,NCERT Science Class 9 Chapter 5 The Fundamental Unit Of Life Multiple Choice Question (Quiz) 61,1
CBSE,Class 9,Science,NCERT Science,Chapter 5 The Fundamental Unit Of Life,,,Multiple Choice Question (Online),What would happen if there is no Golgi apparatus in a cell?,3,  There is no transfer of materials outside the cell,"  The function of storage, modification and packaging are not possible.",  Both the functions mentioned in the choices are not possible,None of the Above,,Other,Hard,,,NCERT Science Class 9 Chapter 5 The Fundamental Unit Of Life Multiple Choice Question (Quiz) 62,1
CBSE,Class 9,Science,NCERT Science,Chapter 5 The Fundamental Unit Of Life,,,Multiple Choice Question (Online),Digestive enzymes are found in,3,  Golgi bodies,  ribosomes,  lysosomes,None of the Above,,Other,Hard,,,NCERT Science Class 9 Chapter 5 The Fundamental Unit Of Life Multiple Choice Question (Quiz) 63,1
CBSE,Class 9,Science,NCERT Science,Chapter 5 The Fundamental Unit Of Life,,,Multiple Choice Question (Online),Which organelles are called waste disposal system of the cell?,3,  Golgi bodies,  ribosomes,  lysosomes,None of the Above,,Other,Hard,,,NCERT Science Class 9 Chapter 5 The Fundamental Unit Of Life Multiple Choice Question (Quiz) 64,1
CBSE,Class 9,Science,NCERT Science,Chapter 5 The Fundamental Unit Of Life,,,Multiple Choice Question (Online),Lysosomes are called,1,  suicide bag of the cell,  power house of the cell,  kitchen of the cell,None of the Above,,Other,Hard,,,NCERT Science Class 9 Chapter 5 The Fundamental Unit Of Life Multiple Choice Question (Quiz) 65,1
CBSE,Class 9,Science,NCERT Science,Chapter 5 The Fundamental Unit Of Life,,,Multiple Choice Question (Online),Name the cell organelle that keep the cell clean by removing worn out cells from the body?,1,  Lysosomes,  Ribosomes,  Plastids,None of the Above,,Other,Hard,,,NCERT Science Class 9 Chapter 5 The Fundamental Unit Of Life Multiple Choice Question (Quiz) 66,1
CBSE,Class 9,Science,NCERT Science,Chapter 5 The Fundamental Unit Of Life,,,Multiple Choice Question (Online),Mitochondria are absent in,2,  Neurons,  RBCs of human,  Muscle cell,None of the Above,,Other,Hard,,,NCERT Science Class 9 Chapter 5 The Fundamental Unit Of Life Multiple Choice Question (Quiz) 67,1
CBSE,Class 9,Science,NCERT Science,Chapter 5 The Fundamental Unit Of Life,,,Multiple Choice Question (Online),The organelle which is called power house of the cell.,3,  Lysosomes,  Ribosomes,  Mitochondria,None of the Above,,Other,Hard,,,NCERT Science Class 9 Chapter 5 The Fundamental Unit Of Life Multiple Choice Question (Quiz) 68,1
CBSE,Class 9,Science,NCERT Science,Chapter 5 The Fundamental Unit Of Life,,,Multiple Choice Question (Online),The organelle which has its own DNA and ribosomes.,3,  Mitochondria,  Plastids,  Both mitochondria and plastids,None of the Above,,Other,Hard,,,NCERT Science Class 9 Chapter 5 The Fundamental Unit Of Life Multiple Choice Question (Quiz) 69,1
CBSE,Class 9,Science,NCERT Science,Chapter 5 The Fundamental Unit Of Life,,,Multiple Choice Question (Online),What are semi autonomous organelles?,3,  Mitochondria and Lysosomes,  ER and Golgi bodies,  Mitochondria and Plastids,None of the Above,,Other,Hard,,,NCERT Science Class 9 Chapter 5 The Fundamental Unit Of Life Multiple Choice Question (Quiz) 70,1
CBSE,Class 9,Science,NCERT Science,Chapter 5 The Fundamental Unit Of Life,,,Multiple Choice Question (Online),Synthesis of ATP occurs in,2,  Golgi bodies,  Mitochondria,  Lysosomes,None of the Above,,Other,Hard,,,NCERT Science Class 9 Chapter 5 The Fundamental Unit Of Life Multiple Choice Question (Quiz) 71,1
CBSE,Class 9,Science,NCERT Science,Chapter 5 The Fundamental Unit Of Life,,,Multiple Choice Question (Online),What are the sites of cellular respiration?,3,  Endoplasmic reticulum,  Chloroplasts,  Mitochondria,None of the Above,,Other,Hard,,,NCERT Science Class 9 Chapter 5 The Fundamental Unit Of Life Multiple Choice Question (Quiz) 72,1
CBSE,Class 9,Science,NCERT Science,Chapter 5 The Fundamental Unit Of Life,,,Multiple Choice Question (Online),"In cellular respiration,",3,  proteins are manufactured,  glucose is formed,  glucose is oxidised,None of the Above,,Other,Hard,,,NCERT Science Class 9 Chapter 5 The Fundamental Unit Of Life Multiple Choice Question (Quiz) 73,1
CBSE,Class 9,Science,NCERT Science,Chapter 5 The Fundamental Unit Of Life,,,Multiple Choice Question (Online),Coloured plastids are called,1,  chromoplasts,  chloroplasts,  leucoplasts,None of the Above,,Other,Hard,,,NCERT Science Class 9 Chapter 5 The Fundamental Unit Of Life Multiple Choice Question (Quiz) 74,1
CBSE,Class 9,Science,NCERT Science,Chapter 5 The Fundamental Unit Of Life,,,Multiple Choice Question (Online),Leucoplasts are,3,  coloured plastids,  green plastids,  colourless plastids,None of the Above,,Other,Hard,,,NCERT Science Class 9 Chapter 5 The Fundamental Unit Of Life Multiple Choice Question (Quiz) 75,1
CBSE,Class 9,Science,NCERT Science,Chapter 5 The Fundamental Unit Of Life,,,Multiple Choice Question (Online),Grana and stroma are found in,2,  Golgi bodies,  chloroplsts,  mitochondria,None of the Above,,Other,Hard,,,NCERT Science Class 9 Chapter 5 The Fundamental Unit Of Life Multiple Choice Question (Quiz) 76,1
CBSE,Class 9,Science,NCERT Science,Chapter 5 The Fundamental Unit Of Life,,,Multiple Choice Question (Online),The green pigment found in chloroplast is,3,  xanthophyll,  carotene,  chlorophyll,None of the Above,,Other,Hard,,,NCERT Science Class 9 Chapter 5 The Fundamental Unit Of Life Multiple Choice Question (Quiz) 77,1
CBSE,Class 9,Science,NCERT Science,Chapter 5 The Fundamental Unit Of Life,,,Multiple Choice Question (Online),Colour of the fruits and flowers occur due to,3,  leucoplasts,  chloroplasts,  chromoplasts,None of the Above,,Other,Hard,,,NCERT Science Class 9 Chapter 5 The Fundamental Unit Of Life Multiple Choice Question (Quiz) 78,1
CBSE,Class 9,Science,NCERT Science,Chapter 5 The Fundamental Unit Of Life,,,Multiple Choice Question (Online),"They store starch, proteins, oils etc.",3,  chromoplasts,  chloroplasts,  leucoplasts,None of the Above,,Other,Hard,,,NCERT Science Class 9 Chapter 5 The Fundamental Unit Of Life Multiple Choice Question (Quiz) 79,1
CBSE,Class 9,Science,NCERT Science,Chapter 5 The Fundamental Unit Of Life,,,Multiple Choice Question (Online),Which is called kitchen of the cell?,3,  lysosomes,  mitochondria,  chloroplasts,None of the Above,,Other,Hard,,,NCERT Science Class 9 Chapter 5 The Fundamental Unit Of Life Multiple Choice Question (Quiz) 80,1
CBSE,Class 9,Science,NCERT Science,Chapter 5 The Fundamental Unit Of Life,,,Multiple Choice Question (Online),Which of the following provides rigidity and turgidity to the cell?,3,  mitochondria,  chloroplasts,  vacuoles,None of the Above,,Other,Hard,,,NCERT Science Class 9 Chapter 5 The Fundamental Unit Of Life Multiple Choice Question (Quiz) 81,1
CBSE,Class 9,Science,NCERT Science,Chapter 5 The Fundamental Unit Of Life,,,Multiple Choice Question (Online),Dictyosomes are,1,  separate units of Golgi bodies in plant cells,  separate units of ER in plant cells,  separate units of lysosomes in plant cells,None of the Above,,Other,Hard,,,NCERT Science Class 9 Chapter 5 The Fundamental Unit Of Life Multiple Choice Question (Quiz) 82,1
CBSE,Class 9,Science,NCERT Science,Chapter 6 Tissues,,,Multiple Choice Question (Online),Which of the following are unicellular organisms?,3,  Human being and plants,  Amoeba and mango plant,"  Amoeba, Paramecium and bacteria",None of the Above,,Other,Hard,,,NCERT Science Class 9 Chapter 6 Tissues Multiple Choice Question (Quiz) 1,1
CBSE,Class 9,Science,NCERT Science,Chapter 6 Tissues,,,Multiple Choice Question (Online),Which of the following are the basic units of living organisms?,2,  Tissues,  Cells,  Organs,None of the Above,,Other,Hard,,,NCERT Science Class 9 Chapter 6 Tissues Multiple Choice Question (Quiz) 2,1
CBSE,Class 9,Science,NCERT Science,Chapter 6 Tissues,,,Multiple Choice Question (Online),The term tissue was coined by,3,  Marshal,  Warren,  Bichat,None of the Above,,Other,Hard,,,NCERT Science Class 9 Chapter 6 Tissues Multiple Choice Question (Quiz) 3,1
CBSE,Class 9,Science,NCERT Science,Chapter 6 Tissues,,,Multiple Choice Question (Online),The study of tissue is called,3,  Ornithology,  Cytology,  Histology,None of the Above,,Other,Hard,,,NCERT Science Class 9 Chapter 6 Tissues Multiple Choice Question (Quiz) 4,1
CBSE,Class 9,Science,NCERT Science,Chapter 6 Tissues,,,Multiple Choice Question (Online),Division of labour is applicable to,2,  unicellular organisms,  multicellular organisms,  both unicellular and multicellular organisms,None of the Above,,Other,Hard,,,NCERT Science Class 9 Chapter 6 Tissues Multiple Choice Question (Quiz) 5,1
CBSE,Class 9,Science,NCERT Science,Chapter 6 Tissues,,,Multiple Choice Question (Online),Plant tissues have,1,  more dead cells,  more living cells,  equal ratio of living and dead cells,None of the Above,,Other,Hard,,,NCERT Science Class 9 Chapter 6 Tissues Multiple Choice Question (Quiz) 6,1
CBSE,Class 9,Science,NCERT Science,Chapter 6 Tissues,,,Multiple Choice Question (Online),Energy requirement in plants is,1,  less,  more,  nil or negligible,None of the Above,,Other,Hard,,,NCERT Science Class 9 Chapter 6 Tissues Multiple Choice Question (Quiz) 7,1
CBSE,Class 9,Science,NCERT Science,Chapter 6 Tissues,,,Multiple Choice Question (Online),Which of the following tissue is coming under complex tissue?,2,  lateral meristem,  phloem,  collenchyma,None of the Above,,Other,Hard,,,NCERT Science Class 9 Chapter 6 Tissues Multiple Choice Question (Quiz) 8,1
CBSE,Class 9,Science,NCERT Science,Chapter 6 Tissues,,,Multiple Choice Question (Online),Following are simple permanent tissue except,2,  sclerenchyma,  xylem,  collenchyma,None of the Above,,Other,Hard,,,NCERT Science Class 9 Chapter 6 Tissues Multiple Choice Question (Quiz) 9,1
CBSE,Class 9,Science,NCERT Science,Chapter 6 Tissues,,,Multiple Choice Question (Online),Which of the following is not a characteristic of meristematic tissue?,1,  they are unable to divide,  vacuoles are absent,  cells divide continuously,None of the Above,,Other,Hard,,,NCERT Science Class 9 Chapter 6 Tissues Multiple Choice Question (Quiz) 10,1
CBSE,Class 9,Science,NCERT Science,Chapter 6 Tissues,,,Multiple Choice Question (Online),Apical meristem is found in tip portion of,3,  root,  stem,  both root and stem,None of the Above,,Other,Hard,,,NCERT Science Class 9 Chapter 6 Tissues Multiple Choice Question (Quiz) 11,1
CBSE,Class 9,Science,NCERT Science,Chapter 6 Tissues,,,Multiple Choice Question (Online),"Meristematic tissues are divided into apical, intercalary and lateral on the basis of their",1,  position,  development,  plane of division,None of the Above,,Other,Hard,,,NCERT Science Class 9 Chapter 6 Tissues Multiple Choice Question (Quiz) 12,1
CBSE,Class 9,Science,NCERT Science,Chapter 6 Tissues,,,Multiple Choice Question (Online),Lateral meristem helps in increasing,1,  girth of the plant,  length of the plant,  number of leaves on the plant,None of the Above,,Other,Hard,,,NCERT Science Class 9 Chapter 6 Tissues Multiple Choice Question (Quiz) 13,1
CBSE,Class 9,Science,NCERT Science,Chapter 6 Tissues,,,Multiple Choice Question (Online),"When meristematic tissues lose the ability to divide and take up permanent shape, it is called",3,  cork division,  cell division,  cellular differentiation,None of the Above,,Other,Hard,,,NCERT Science Class 9 Chapter 6 Tissues Multiple Choice Question (Quiz) 14,1
CBSE,Class 9,Science,NCERT Science,Chapter 6 Tissues,,,Multiple Choice Question (Online),Which of the following is a characteristic feature of the permanent tissue?,2,  Metabolic rate of the cells are very high,  Large central vacuole is present,  They have the ability to divide,None of the Above,,Other,Hard,,,NCERT Science Class 9 Chapter 6 Tissues Multiple Choice Question (Quiz) 15,1
CBSE,Class 9,Science,NCERT Science,Chapter 6 Tissues,,,Multiple Choice Question (Online),Find the odd one out.,1,  xylem,  sclerenchyma,  parenchyma,None of the Above,,Other,Hard,,,NCERT Science Class 9 Chapter 6 Tissues Multiple Choice Question (Quiz) 16,1
CBSE,Class 9,Science,NCERT Science,Chapter 6 Tissues,,,Multiple Choice Question (Online),Name the parenchyma tissue that gives buoyancy to the aquatic plants.,1,  aerenchyma,  parenchyma,  chlorenchyma,None of the Above,,Other,Hard,,,NCERT Science Class 9 Chapter 6 Tissues Multiple Choice Question (Quiz) 17,1
CBSE,Class 9,Science,NCERT Science,Chapter 6 Tissues,,,Multiple Choice Question (Online),Lignified thick walls are found in,3,  Parenchyma,  Collenchyma,  Sclerenchyma,None of the Above,,Other,Hard,,,NCERT Science Class 9 Chapter 6 Tissues Multiple Choice Question (Quiz) 18,1
CBSE,Class 9,Science,NCERT Science,Chapter 6 Tissues,,,Multiple Choice Question (Online),The flexibility in plants are provided by,2,  Parenchyma,  Collenchyma,  Sclerenchyma,None of the Above,,Other,Hard,,,NCERT Science Class 9 Chapter 6 Tissues Multiple Choice Question (Quiz) 19,1
CBSE,Class 9,Science,NCERT Science,Chapter 6 Tissues,,,Multiple Choice Question (Online),Epidermis is,3,  multiple layer of cells,  double layer of cells,  single layer of cells,None of the Above,,Other,Hard,,,NCERT Science Class 9 Chapter 6 Tissues Multiple Choice Question (Quiz) 20,1
CBSE,Class 9,Science,NCERT Science,Chapter 6 Tissues,,,Multiple Choice Question (Online),"In xerophytic leaf, epidermis is thickened to prevent water loss due to presence of",3,  Lignin,  Suberin,  Cutin,None of the Above,,Other,Hard,,,NCERT Science Class 9 Chapter 6 Tissues Multiple Choice Question (Quiz) 21,1
CBSE,Class 9,Science,NCERT Science,Chapter 6 Tissues,,,Multiple Choice Question (Online),Guard ells in stomata are,3,  spherical shaped,  pear shaped,  kidney shaped,None of the Above,,Other,Hard,,,NCERT Science Class 9 Chapter 6 Tissues Multiple Choice Question (Quiz) 22,1
CBSE,Class 9,Science,NCERT Science,Chapter 6 Tissues,,,Multiple Choice Question (Online),The function of stomata is/are,3,  gaseous exchange,  transpiration,  both transpiration and gaseous exchange,None of the Above,,Other,Hard,,,NCERT Science Class 9 Chapter 6 Tissues Multiple Choice Question (Quiz) 23,1
CBSE,Class 9,Science,NCERT Science,Chapter 6 Tissues,,,Multiple Choice Question (Online),Cork cells are found in,3,  stems of young plants,  leaves of younger plants,  bark of older plants,None of the Above,,Other,Hard,,,NCERT Science Class 9 Chapter 6 Tissues Multiple Choice Question (Quiz) 24,1
CBSE,Class 9,Science,NCERT Science,Chapter 6 Tissues,,,Multiple Choice Question (Online),Suberin is found in,1,  cork cells,  sclerencyma,  epidermis,None of the Above,,Other,Hard,,,NCERT Science Class 9 Chapter 6 Tissues Multiple Choice Question (Quiz) 25,1
CBSE,Class 9,Science,NCERT Science,Chapter 6 Tissues,,,Multiple Choice Question (Online),Which of the following is living out of the following?,3,  Xylem fibres,  Tracheids,  Xylem parenchyma,None of the Above,,Other,Hard,,,NCERT Science Class 9 Chapter 6 Tissues Multiple Choice Question (Quiz) 26,1
CBSE,Class 9,Science,NCERT Science,Chapter 6 Tissues,,,Multiple Choice Question (Online),All are components of xylem except,3,  Vessels,  Tracheids,  Sieve tubes,None of the Above,,Other,Hard,,,NCERT Science Class 9 Chapter 6 Tissues Multiple Choice Question (Quiz) 27,1
CBSE,Class 9,Science,NCERT Science,Chapter 6 Tissues,,,Multiple Choice Question (Online),"In phloem, the conduction is",2,  unidirectional,  bidirectional,  both unidirectional and bidirectional,None of the Above,,Other,Hard,,,NCERT Science Class 9 Chapter 6 Tissues Multiple Choice Question (Quiz) 28,1
CBSE,Class 9,Science,NCERT Science,Chapter 6 Tissues,,,Multiple Choice Question (Online),Which of the following components of phloem have dead cells?,1,  phloem fibres,  sieve tubes,  companion cells,None of the Above,,Other,Hard,,,NCERT Science Class 9 Chapter 6 Tissues Multiple Choice Question (Quiz) 29,1
CBSE,Class 9,Science,NCERT Science,Chapter 6 Tissues,,,Multiple Choice Question (Online),The function of phloem parenchyma is,2,  conduction,  storage,  mechanical support,None of the Above,,Other,Hard,,,NCERT Science Class 9 Chapter 6 Tissues Multiple Choice Question (Quiz) 30,1
CBSE,Class 9,Science,NCERT Science,Chapter 6 Tissues,,,Multiple Choice Question (Online),The covering or protective tissues in animal body are called,2,  Muscular tisues,  Epithelial tissues,  Connective tissues,None of the Above,,Other,Hard,,,NCERT Science Class 9 Chapter 6 Tissues Multiple Choice Question (Quiz) 31,1
CBSE,Class 9,Science,NCERT Science,Chapter 6 Tissues,,,Multiple Choice Question (Online),Tall and pillar like epithelial cells are found in,2,  squamous epithelium,  columnar epithelium,  stratified epithelium,None of the Above,,Other,Hard,,,NCERT Science Class 9 Chapter 6 Tissues Multiple Choice Question (Quiz) 32,1
CBSE,Class 9,Science,NCERT Science,Chapter 6 Tissues,,,Multiple Choice Question (Online),Skin epithelial cells are arranged in many layers to prevent wear and tear and are called,3,  squamous epithelium,  columnar epithelium,  stratified epithelium,None of the Above,,Other,Hard,,,NCERT Science Class 9 Chapter 6 Tissues Multiple Choice Question (Quiz) 33,1
CBSE,Class 9,Science,NCERT Science,Chapter 6 Tissues,,,Multiple Choice Question (Online),"In connective tissue, cells are",1,  loosely spaced and embedded in an intercellular matrix,  tightly packed and help in protection,  highly specialised and transmit signals,None of the Above,,Other,Hard,,,NCERT Science Class 9 Chapter 6 Tissues Multiple Choice Question (Quiz) 34,1
CBSE,Class 9,Science,NCERT Science,Chapter 6 Tissues,,,Multiple Choice Question (Online),Which of the following is fluid connective tissue?,3,  Adipose tissue,  Ligament,  Blood,None of the Above,,Other,Hard,,,NCERT Science Class 9 Chapter 6 Tissues Multiple Choice Question (Quiz) 35,1
CBSE,Class 9,Science,NCERT Science,Chapter 6 Tissues,,,Multiple Choice Question (Online),The red coloured pigment in RBCs is,3,  Myoglobin,  Plastocyanin,  Haemoglobin,None of the Above,,Other,Hard,,,NCERT Science Class 9 Chapter 6 Tissues Multiple Choice Question (Quiz) 36,1
CBSE,Class 9,Science,NCERT Science,Chapter 6 Tissues,,,Multiple Choice Question (Online),The mineral found in haemoglobin is,2,  Calcium,  Iron,  Potassium,None of the Above,,Other,Hard,,,NCERT Science Class 9 Chapter 6 Tissues Multiple Choice Question (Quiz) 37,1
CBSE,Class 9,Science,NCERT Science,Chapter 6 Tissues,,,Multiple Choice Question (Online),The function of WBCs is,2,  to help in clotting of blood,  to produce antibodies and destroy germs.,  to carry oxygen for oxidation of food,None of the Above,,Other,Hard,,,NCERT Science Class 9 Chapter 6 Tissues Multiple Choice Question (Quiz) 38,1
CBSE,Class 9,Science,NCERT Science,Chapter 6 Tissues,,,Multiple Choice Question (Online),Matrix of bone is composed of salts of,1,  calcium and phosphorus,  potassium and calcium,  potassium and phosphorus,None of the Above,,Other,Hard,,,NCERT Science Class 9 Chapter 6 Tissues Multiple Choice Question (Quiz) 39,1
CBSE,Class 9,Science,NCERT Science,Chapter 6 Tissues,,,Multiple Choice Question (Online),Cartilage is,2,  strong and hard,  slightly flexible and elastic,  strong and non-flexible,None of the Above,,Other,Hard,,,NCERT Science Class 9 Chapter 6 Tissues Multiple Choice Question (Quiz) 40,1
CBSE,Class 9,Science,NCERT Science,Chapter 6 Tissues,,,Multiple Choice Question (Online),The function of bone is,1,  to provide shape and skeletal support,  to smoothen bone surface,  to provide oxygen to all parts of the body,None of the Above,,Other,Hard,,,NCERT Science Class 9 Chapter 6 Tissues Multiple Choice Question (Quiz) 41,1
CBSE,Class 9,Science,NCERT Science,Chapter 6 Tissues,,,Multiple Choice Question (Online),Cartilage is present in,3,  nose,  ear,  both ear and nose,None of the Above,,Other,Hard,,,NCERT Science Class 9 Chapter 6 Tissues Multiple Choice Question (Quiz) 42,1
CBSE,Class 9,Science,NCERT Science,Chapter 6 Tissues,,,Multiple Choice Question (Online),Which of the following is fibrous connective tissue?,3,  ligament,  tendon,  both ligament and tendon,None of the Above,,Other,Hard,,,NCERT Science Class 9 Chapter 6 Tissues Multiple Choice Question (Quiz) 43,1
CBSE,Class 9,Science,NCERT Science,Chapter 6 Tissues,,,Multiple Choice Question (Online),Tendons join,1,  muscle to bone,  bone to bone,  muscle to muscle,None of the Above,,Other,Hard,,,NCERT Science Class 9 Chapter 6 Tissues Multiple Choice Question (Quiz) 44,1
CBSE,Class 9,Science,NCERT Science,Chapter 6 Tissues,,,Multiple Choice Question (Online),The tissue which acts as fat reservoir,3,  Bone,  Areolar tissue,  Adipose tissue,None of the Above,,Other,Hard,,,NCERT Science Class 9 Chapter 6 Tissues Multiple Choice Question (Quiz) 45,1
CBSE,Class 9,Science,NCERT Science,Chapter 6 Tissues,,,Multiple Choice Question (Online),The tissue which helps in repairing of tissues,2,  Ligament and tendons,  Areolar tissue,  Adipose tissue,None of the Above,,Other,Hard,,,NCERT Science Class 9 Chapter 6 Tissues Multiple Choice Question (Quiz) 46,1
CBSE,Class 9,Science,NCERT Science,Chapter 6 Tissues,,,Multiple Choice Question (Online),Voluntary muscles are,1,"  skeletal, unbranched, cylindrical and multinucleated","  unstriated, branched, cylindrical and uninucleated","  skeletal, branched, spherical and multinucleated",None of the Above,,Other,Hard,,,NCERT Science Class 9 Chapter 6 Tissues Multiple Choice Question (Quiz) 47,1
CBSE,Class 9,Science,NCERT Science,Chapter 6 Tissues,,,Multiple Choice Question (Online),Involuntary muscles are,2,"  skeletal, unbranched, cylindrical and multinucleated","  unstriated, spindle shaped and uninucleated","  skeletal, branched, spherical and multinucleated",None of the Above,,Other,Hard,,,NCERT Science Class 9 Chapter 6 Tissues Multiple Choice Question (Quiz) 48,1
CBSE,Class 9,Science,NCERT Science,Chapter 6 Tissues,,,Multiple Choice Question (Online),Cardiac muscles occur,1,  in the wall of heart,  in the wall of alimentary canal,  in the larynx,None of the Above,,Other,Hard,,,NCERT Science Class 9 Chapter 6 Tissues Multiple Choice Question (Quiz) 49,1
CBSE,Class 9,Science,NCERT Science,Chapter 6 Tissues,,,Multiple Choice Question (Online),The muscles that help in pumping blood,2,  involuntary muscle,  cardiac muscle,  striated muscle,None of the Above,,Other,Hard,,,NCERT Science Class 9 Chapter 6 Tissues Multiple Choice Question (Quiz) 50,1
CBSE,Class 9,Science,NCERT Science,Chapter 6 Tissues,,,Multiple Choice Question (Online),"Brain, spinal cord and nerves are made up of",3,  muscular tissues,  connective tissues,  nervous tissues,None of the Above,,Other,Hard,,,NCERT Science Class 9 Chapter 6 Tissues Multiple Choice Question (Quiz) 51,1
CBSE,Class 9,Science,NCERT Science,Chapter 6 Tissues,,,Multiple Choice Question (Online),Which of the following has cytoplasm and nucleus?,3,  axon,  dendron,  cyton,None of the Above,,Other,Hard,,,NCERT Science Class 9 Chapter 6 Tissues Multiple Choice Question (Quiz) 52,1
CBSE,Class 9,Science,NCERT Science,Chapter 6 Tissues,,,Multiple Choice Question (Online),"The single, long cyclindrical projection in the neuron is called",1,  axon,  dendron,  cyton,None of the Above,,Other,Hard,,,NCERT Science Class 9 Chapter 6 Tissues Multiple Choice Question (Quiz) 53,1
CBSE,Class 9,Science,NCERT Science,Chapter 6 Tissues,,,Multiple Choice Question (Online),Myelin sheath is wrapped around the,1,  axon,  dendron,  cyton,None of the Above,,Other,Hard,,,NCERT Science Class 9 Chapter 6 Tissues Multiple Choice Question (Quiz) 54,1
CBSE,Class 9,Science,NCERT Science,Chapter 6 Tissues,,,Multiple Choice Question (Online),"Many short, branched parts arise from cell body of a neuron are",2,  axon terminal buttons,  dendrites,  myelin sheath,None of the Above,,Other,Hard,,,NCERT Science Class 9 Chapter 6 Tissues Multiple Choice Question (Quiz) 55,1
CBSE,Class 9,Science,NCERT Science,Chapter 7 Diversity In Living Organisms,,,Multiple Choice Question (Online),Which of the following is not applicable to Animalia?,2," Eukaryotic, multicellular and heterotrophic"," Eukaryotic, multicellular and autotrophic"," Eukaryotic, multicellular and saprophytic",None of the Above,,Other,Hard,,,NCERT Science Class 9 Chapter 7 Diversity In Living Organisms Multiple Choice Question (Quiz) 1,1
CBSE,Class 9,Science,NCERT Science,Chapter 7 Diversity In Living Organisms,,,Multiple Choice Question (Online),Animals are divided into invertebrates and vertebrates on the basis of,2, presence or absence of segmentation, presence or absence of backbone, type of body cavity,None of the Above,,Other,Hard,,,NCERT Science Class 9 Chapter 7 Diversity In Living Organisms Multiple Choice Question (Quiz) 2,1
CBSE,Class 9,Science,NCERT Science,Chapter 7 Diversity In Living Organisms,,,Multiple Choice Question (Online),Which of the following is not a phylum of invertebrates?,1, Reptilia, Arthropoda, Coelenterata,None of the Above,,Other,Hard,,,NCERT Science Class 9 Chapter 7 Diversity In Living Organisms Multiple Choice Question (Quiz) 3,1
CBSE,Class 9,Science,NCERT Science,Chapter 7 Diversity In Living Organisms,,,Multiple Choice Question (Online),Body cavity of animals is called,2, segmentation, coelom, symmetry,None of the Above,,Other,Hard,,,NCERT Science Class 9 Chapter 7 Diversity In Living Organisms Multiple Choice Question (Quiz) 4,1
CBSE,Class 9,Science,NCERT Science,Chapter 7 Diversity In Living Organisms,,,Multiple Choice Question (Online),Invertebrata is divided into,3, 9 phylums, 5 phylums, 8 phylums,None of the Above,,Other,Hard,,,NCERT Science Class 9 Chapter 7 Diversity In Living Organisms Multiple Choice Question (Quiz) 5,1
CBSE,Class 9,Science,NCERT Science,Chapter 7 Diversity In Living Organisms,,,Multiple Choice Question (Online),The dorsal rod like structure that provides support to the animals is,3, segment, coelom, notochord,None of the Above,,Other,Hard,,,NCERT Science Class 9 Chapter 7 Diversity In Living Organisms Multiple Choice Question (Quiz) 6,1
CBSE,Class 9,Science,NCERT Science,Chapter 7 Diversity In Living Organisms,,,Multiple Choice Question (Online),"In bilateral symmetry, the body is divided into",2, four vertical planes, two equal halves, any vertical plane,None of the Above,,Other,Hard,,,NCERT Science Class 9 Chapter 7 Diversity In Living Organisms Multiple Choice Question (Quiz) 7,1
CBSE,Class 9,Science,NCERT Science,Chapter 7 Diversity In Living Organisms,,,Multiple Choice Question (Online),"In radial symmetry, the body is divided into",3, four vertical planes, two equal halves, any vertical plane,None of the Above,,Other,Hard,,,NCERT Science Class 9 Chapter 7 Diversity In Living Organisms Multiple Choice Question (Quiz) 8,1
CBSE,Class 9,Science,NCERT Science,Chapter 7 Diversity In Living Organisms,,,Multiple Choice Question (Online),Which of the following phylum has cellular level of organisation?,1, Porifera, Nematoda, Arthropoda,None of the Above,,Other,Hard,,,NCERT Science Class 9 Chapter 7 Diversity In Living Organisms Multiple Choice Question (Quiz) 9,1
CBSE,Class 9,Science,NCERT Science,Chapter 7 Diversity In Living Organisms,,,Multiple Choice Question (Online),In which of the following there is no body cavity having tissue level body organisation?,2, Mollusca and Echinodermata, Coelenterata and Platyhelminthes, Arthropoda and Annelida,None of the Above,,Other,Hard,,,NCERT Science Class 9 Chapter 7 Diversity In Living Organisms Multiple Choice Question (Quiz) 10,1
CBSE,Class 9,Science,NCERT Science,Chapter 7 Diversity In Living Organisms,,,Multiple Choice Question (Online),Pseudocoelom is found in the phylum,2, Platyhelminthes, Nematoda, Echinodermata,None of the Above,,Other,Hard,,,NCERT Science Class 9 Chapter 7 Diversity In Living Organisms Multiple Choice Question (Quiz) 11,1
CBSE,Class 9,Science,NCERT Science,Chapter 7 Diversity In Living Organisms,,,Multiple Choice Question (Online),The distinguishing feature between Echinodermata and Chordata is,1, Notochord, Coelom, Symmetry,None of the Above,,Other,Hard,,,NCERT Science Class 9 Chapter 7 Diversity In Living Organisms Multiple Choice Question (Quiz) 12,1
CBSE,Class 9,Science,NCERT Science,Chapter 7 Diversity In Living Organisms,,,Multiple Choice Question (Online),In which group notochord is present in larval stages only and very rudimentary in adult form?,2, Vertebrata, Prtotochordata, Invertebrata,None of the Above,,Other,Hard,,,NCERT Science Class 9 Chapter 7 Diversity In Living Organisms Multiple Choice Question (Quiz) 13,1
CBSE,Class 9,Science,NCERT Science,Chapter 7 Diversity In Living Organisms,,,Multiple Choice Question (Online),"Which of the following group of vertebrates breathe through gills, lay eggs inside water and having exoskeleton of scales?",3, Reptiles, Amphibians, Pisces,None of the Above,,Other,Hard,,,NCERT Science Class 9 Chapter 7 Diversity In Living Organisms Multiple Choice Question (Quiz) 14,1
CBSE,Class 9,Science,NCERT Science,Chapter 7 Diversity In Living Organisms,,,Multiple Choice Question (Online),Which phylum is commonly called as sponges?,1, Porifera, Annelida, Mollusca,None of the Above,,Other,Hard,,,NCERT Science Class 9 Chapter 7 Diversity In Living Organisms Multiple Choice Question (Quiz) 15,1
CBSE,Class 9,Science,NCERT Science,Chapter 7 Diversity In Living Organisms,,,Multiple Choice Question (Online),What are poriferans?,3, Hydra and Jelly fish, Earthworm and Leeches, Spongilla and Sycon,None of the Above,,Other,Hard,,,NCERT Science Class 9 Chapter 7 Diversity In Living Organisms Multiple Choice Question (Quiz) 16,1
CBSE,Class 9,Science,NCERT Science,Chapter 7 Diversity In Living Organisms,,,Multiple Choice Question (Online),Hydra and Sea anemone belong to phylum,1, Cnidaria, Nematoda, Annelida,None of the Above,,Other,Hard,,,NCERT Science Class 9 Chapter 7 Diversity In Living Organisms Multiple Choice Question (Quiz) 17,1
CBSE,Class 9,Science,NCERT Science,Chapter 7 Diversity In Living Organisms,,,Multiple Choice Question (Online),Planaria belongs to phylum,3, Cnidaria, Nematoda, Platyhelminthes,None of the Above,,Other,Hard,,,NCERT Science Class 9 Chapter 7 Diversity In Living Organisms Multiple Choice Question (Quiz) 18,1
CBSE,Class 9,Science,NCERT Science,Chapter 7 Diversity In Living Organisms,,,Multiple Choice Question (Online),Worms belong to,2, Cnidaria, Nematoda, Echinodermata,None of the Above,,Other,Hard,,,NCERT Science Class 9 Chapter 7 Diversity In Living Organisms Multiple Choice Question (Quiz) 19,1
CBSE,Class 9,Science,NCERT Science,Chapter 7 Diversity In Living Organisms,,,Multiple Choice Question (Online),Segmented body with true coelomic cavity is found in,1, Earthworm, Round worms, Hydra,None of the Above,,Other,Hard,,,NCERT Science Class 9 Chapter 7 Diversity In Living Organisms Multiple Choice Question (Quiz) 20,1
CBSE,Class 9,Science,NCERT Science,Chapter 7 Diversity In Living Organisms,,,Multiple Choice Question (Online),Earthworms and leeches belong to,3, Cnidaria, Nematoda, Annelida,None of the Above,,Other,Hard,,,NCERT Science Class 9 Chapter 7 Diversity In Living Organisms Multiple Choice Question (Quiz) 21,1
CBSE,Class 9,Science,NCERT Science,Chapter 7 Diversity In Living Organisms,,,Multiple Choice Question (Online),The largest group of animals is,3, Echinodermata, Nematoda, Arthropoda,None of the Above,,Other,Hard,,,NCERT Science Class 9 Chapter 7 Diversity In Living Organisms Multiple Choice Question (Quiz) 22,1
CBSE,Class 9,Science,NCERT Science,Chapter 7 Diversity In Living Organisms,,,Multiple Choice Question (Online),Insects such as butterflies and cockroaches come under,1, Arthropoda, Nematoda, Annelida,None of the Above,,Other,Hard,,,NCERT Science Class 9 Chapter 7 Diversity In Living Organisms Multiple Choice Question (Quiz) 23,1
CBSE,Class 9,Science,NCERT Science,Chapter 7 Diversity In Living Organisms,,,Multiple Choice Question (Online),Octopus belongs to,3, Echinodermata, Arthropoda, Mollusca,None of the Above,,Other,Hard,,,NCERT Science Class 9 Chapter 7 Diversity In Living Organisms Multiple Choice Question (Quiz) 24,1
CBSE,Class 9,Science,NCERT Science,Chapter 7 Diversity In Living Organisms,,,Multiple Choice Question (Online),Spiny skinned organisms with water driven tube system are found in,1, Echinodermata, Nematoda, Arthropoda,None of the Above,,Other,Hard,,,NCERT Science Class 9 Chapter 7 Diversity In Living Organisms Multiple Choice Question (Quiz) 25,1
CBSE,Class 9,Science,NCERT Science,Chapter 7 Diversity In Living Organisms,,,Multiple Choice Question (Online),Name one primitive chordate.,3, Sea urchin, Ascaris, Balanoglossus,None of the Above,,Other,Hard,,,NCERT Science Class 9 Chapter 7 Diversity In Living Organisms Multiple Choice Question (Quiz) 26,1
CBSE,Class 9,Science,NCERT Science,Chapter 7 Diversity In Living Organisms,,,Multiple Choice Question (Online),Which group of the following contains cold blooded animals?,1, Amphibia, Aves, Mammalia,None of the Above,,Other,Hard,,,NCERT Science Class 9 Chapter 7 Diversity In Living Organisms Multiple Choice Question (Quiz) 27,1
CBSE,Class 9,Science,NCERT Science,Chapter 7 Diversity In Living Organisms,,,Multiple Choice Question (Online),Four chambered heart is found in the following animal.,3, Snake, Frog, Crocodile,None of the Above,,Other,Hard,,,NCERT Science Class 9 Chapter 7 Diversity In Living Organisms Multiple Choice Question (Quiz) 28,1
CBSE,Class 9,Science,NCERT Science,Chapter 7 Diversity In Living Organisms,,,Multiple Choice Question (Online),Following are the characters of mammals except,1, They have hollow bones and body is covered with feathers., They have mammary glands and they give birth to young ones.," The skin is covered with hairs, oil glands and sweat glands.",None of the Above,,Other,Hard,,,NCERT Science Class 9 Chapter 7 Diversity In Living Organisms Multiple Choice Question (Quiz) 29,1
CBSE,Class 9,Science,NCERT Science,Chapter 7 Diversity In Living Organisms,,,Multiple Choice Question (Online),Which of the following are reptiles?,3, Sea star and sea urchin, Flies and ants, Snakes and lizards,None of the Above,,Other,Hard,,,NCERT Science Class 9 Chapter 7 Diversity In Living Organisms Multiple Choice Question (Quiz) 30,1
CBSE,Class 9,Science,NCERT Science,Chapter 7 Diversity In Living Organisms,,,Multiple Choice Question (Online),The plants that do not have differentiated body part are,2, Gymnosperms, Thallophytes, Bryophytes,None of the Above,,Other,Hard,,,NCERT Science Class 9 Chapter 7 Diversity In Living Organisms Multiple Choice Question (Quiz) 31,1
CBSE,Class 9,Science,NCERT Science,Chapter 7 Diversity In Living Organisms,,,Multiple Choice Question (Online),Cryptogams include,3," Thallophyta,Bryophyta and Gymnosperms"," Thallophyta,Angiosperm and Pteridophyta"," Thallophyta, Bryophyta and Pteridophyta",None of the Above,,Other,Hard,,,NCERT Science Class 9 Chapter 7 Diversity In Living Organisms Multiple Choice Question (Quiz) 32,1
CBSE,Class 9,Science,NCERT Science,Chapter 7 Diversity In Living Organisms,,,Multiple Choice Question (Online),"Seedless, vascular plants are called",2, Bryophyta, Pteridophyta, Gymnosperms,None of the Above,,Other,Hard,,,NCERT Science Class 9 Chapter 7 Diversity In Living Organisms Multiple Choice Question (Quiz) 33,1
CBSE,Class 9,Science,NCERT Science,Chapter 7 Diversity In Living Organisms,,,Multiple Choice Question (Online),Name the group which has differentiated plant body without any vascular tissues.,1, Bryophyta, Pteridophyta, Gymnosperms,None of the Above,,Other,Hard,,,NCERT Science Class 9 Chapter 7 Diversity In Living Organisms Multiple Choice Question (Quiz) 34,1
CBSE,Class 9,Science,NCERT Science,Chapter 7 Diversity In Living Organisms,,,Multiple Choice Question (Online),Seed bearing plants are called,3, angiosperms, cryptogams, phanerogams,None of the Above,,Other,Hard,,,NCERT Science Class 9 Chapter 7 Diversity In Living Organisms Multiple Choice Question (Quiz) 35,1
CBSE,Class 9,Science,NCERT Science,Chapter 7 Diversity In Living Organisms,,,Multiple Choice Question (Online),Naked seeded plants are called,3, angiosperms, cryptogams, gymnosperms,None of the Above,,Other,Hard,,,NCERT Science Class 9 Chapter 7 Diversity In Living Organisms Multiple Choice Question (Quiz) 36,1
CBSE,Class 9,Science,NCERT Science,Chapter 7 Diversity In Living Organisms,,,Multiple Choice Question (Online),Seeds are found in fruits in this group of plants.,2, Phanerogams, Angiosperms, Gymnosperms,None of the Above,,Other,Hard,,,NCERT Science Class 9 Chapter 7 Diversity In Living Organisms Multiple Choice Question (Quiz) 37,1
CBSE,Class 9,Science,NCERT Science,Chapter 7 Diversity In Living Organisms,,,Multiple Choice Question (Online),Hidden reproductive organs are found in,3, Phanerogams, Angiosperms, Cryptogams,None of the Above,,Other,Hard,,,NCERT Science Class 9 Chapter 7 Diversity In Living Organisms Multiple Choice Question (Quiz) 38,1
CBSE,Class 9,Science,NCERT Science,Chapter 7 Diversity In Living Organisms,,,Multiple Choice Question (Online),Algae are the plants coming under,1, Thallophyta, Bryophyta, Pteridophyta,None of the Above,,Other,Hard,,,NCERT Science Class 9 Chapter 7 Diversity In Living Organisms Multiple Choice Question (Quiz) 39,1
CBSE,Class 9,Science,NCERT Science,Chapter 7 Diversity In Living Organisms,,,Multiple Choice Question (Online),Which of the following is incorrect for thallophyta?,2, Body is not well differentiated., They are both aquatic and terrestrial., They are mostly aquatic.,None of the Above,,Other,Hard,,,NCERT Science Class 9 Chapter 7 Diversity In Living Organisms Multiple Choice Question (Quiz) 40,1
CBSE,Class 9,Science,NCERT Science,Chapter 7 Diversity In Living Organisms,,,Multiple Choice Question (Online),Find out the odd one.,2, Spirogyra, Marsilea, Chara,None of the Above,,Other,Hard,,,NCERT Science Class 9 Chapter 7 Diversity In Living Organisms Multiple Choice Question (Quiz) 41,1
CBSE,Class 9,Science,NCERT Science,Chapter 7 Diversity In Living Organisms,,,Multiple Choice Question (Online),Name the amphibians of the plant kingdom.,1, Bryophyta, Pteridophyta, Thallophyta,None of the Above,,Other,Hard,,,NCERT Science Class 9 Chapter 7 Diversity In Living Organisms Multiple Choice Question (Quiz) 42,1
CBSE,Class 9,Science,NCERT Science,Chapter 7 Diversity In Living Organisms,,,Multiple Choice Question (Online),Which of the following is a bryophyte?,2, Cladophora, moss, fern,None of the Above,,Other,Hard,,,NCERT Science Class 9 Chapter 7 Diversity In Living Organisms Multiple Choice Question (Quiz) 43,1
CBSE,Class 9,Science,NCERT Science,Chapter 7 Diversity In Living Organisms,,,Multiple Choice Question (Online),Which of the following are bryophytes?,1," Riccia, Marchantia and Funaria"," Riccia, Ulothrix and Funaria"," Spirogyra, Marchantia and Funaria",None of the Above,,Other,Hard,,,NCERT Science Class 9 Chapter 7 Diversity In Living Organisms Multiple Choice Question (Quiz) 44,1
CBSE,Class 9,Science,NCERT Science,Chapter 7 Diversity In Living Organisms,,,Multiple Choice Question (Online),Vascular tissues are found in,2," Bryopyta, Pteridophyta and Gymnosperm"," Pteridophyta, Gymnosperm and Angiosperm"," Thallophyta, Pteridophyta and Gymnosperm",None of the Above,,Other,Hard,,,NCERT Science Class 9 Chapter 7 Diversity In Living Organisms Multiple Choice Question (Quiz) 45,1
CBSE,Class 9,Science,NCERT Science,Chapter 7 Diversity In Living Organisms,,,Multiple Choice Question (Online),Fern reproduce through,3, both seeds and spores, seeds, spores,None of the Above,,Other,Hard,,,NCERT Science Class 9 Chapter 7 Diversity In Living Organisms Multiple Choice Question (Quiz) 46,1
CBSE,Class 9,Science,NCERT Science,Chapter 7 Diversity In Living Organisms,,,Multiple Choice Question (Online),Flowering plants are,1, phanerogams, cryptogams, Both cryptogams and phanerogams,None of the Above,,Other,Hard,,,NCERT Science Class 9 Chapter 7 Diversity In Living Organisms Multiple Choice Question (Quiz) 47,1
CBSE,Class 9,Science,NCERT Science,Chapter 7 Diversity In Living Organisms,,,Multiple Choice Question (Online),Which of the following is a gymnosperm?,3, Cycas, Pinus, both Pinus and Cycas,None of the Above,,Other,Hard,,,NCERT Science Class 9 Chapter 7 Diversity In Living Organisms Multiple Choice Question (Quiz) 48,1
CBSE,Class 9,Science,NCERT Science,Chapter 7 Diversity In Living Organisms,,,Multiple Choice Question (Online),Gymnosperms are,1," perennial, evergreen and woody"," annual, deciduous and woody"," perennial, evergreen and herbs",None of the Above,,Other,Hard,,,NCERT Science Class 9 Chapter 7 Diversity In Living Organisms Multiple Choice Question (Quiz) 49,1
CBSE,Class 9,Science,NCERT Science,Chapter 7 Diversity In Living Organisms,,,Multiple Choice Question (Online),Angiosperms bear,3, flowers and fruits, Flowers and seeds," Flowers, fruits and seeds",None of the Above,,Other,Hard,,,NCERT Science Class 9 Chapter 7 Diversity In Living Organisms Multiple Choice Question (Quiz) 50,1
CBSE,Class 9,Science,NCERT Science,Chapter 7 Diversity In Living Organisms,,,Multiple Choice Question (Online),Seed leaves are called,2, endosperm, cotyledons, embryo,None of the Above,,Other,Hard,,,NCERT Science Class 9 Chapter 7 Diversity In Living Organisms Multiple Choice Question (Quiz) 51,1
CBSE,Class 9,Science,NCERT Science,Chapter 7 Diversity In Living Organisms,,,Multiple Choice Question (Online),Dicots have,3, parallel venation and fibrous root system, reticulate venation and fibrous root system, reticulate venation and tap root system,None of the Above,,Other,Hard,,,NCERT Science Class 9 Chapter 7 Diversity In Living Organisms Multiple Choice Question (Quiz) 52,1
CBSE,Class 9,Science,NCERT Science,Chapter 7 Diversity In Living Organisms,,,Multiple Choice Question (Online),Monocots have,1, parallel venation and fibrous root system, reticulate venation and fibrous root system, reticulate venation and tap root system,None of the Above,,Other,Hard,,,NCERT Science Class 9 Chapter 7 Diversity In Living Organisms Multiple Choice Question (Quiz) 53,1
CBSE,Class 9,Science,NCERT Science,Chapter 7 Diversity In Living Organisms,,,Multiple Choice Question (Online),Which of the following are monocot plants?,3, coriander and mint, carrot and mango, rice and wheat,None of the Above,,Other,Hard,,,NCERT Science Class 9 Chapter 7 Diversity In Living Organisms Multiple Choice Question (Quiz) 54,1
CBSE,Class 9,Science,NCERT Science,Chapter 7 Diversity In Living Organisms,,,Multiple Choice Question (Online),Which of the following is unicellular in nature?,3, Mango plant, Human being, Bacteria,None of the Above,,Other,Hard,,,NCERT Science Class 9 Chapter 7 Diversity In Living Organisms Multiple Choice Question (Quiz) 55,1
CBSE,Class 9,Science,NCERT Science,Chapter 7 Diversity In Living Organisms,,,Multiple Choice Question (Online),"The branch of biology that deals with nomenclature, identification and classification of living  organisms is called?",2, Embryology, Taxonomy, Histology,None of the Above,,Other,Hard,,,NCERT Science Class 9 Chapter 7 Diversity In Living Organisms Multiple Choice Question (Quiz) 56,1
CBSE,Class 9,Science,NCERT Science,Chapter 7 Diversity In Living Organisms,,,Multiple Choice Question (Online),Who is the father of taxonomy?,3, Darwin, Carl Woese, Carolus Linnaeus,None of the Above,,Other,Hard,,,NCERT Science Class 9 Chapter 7 Diversity In Living Organisms Multiple Choice Question (Quiz) 57,1
CBSE,Class 9,Science,NCERT Science,Chapter 7 Diversity In Living Organisms,,,Multiple Choice Question (Online),All are importance of classification except,3, It helps us to understand the inter relationship between living organisms., It helps us in studying the organisms systematically., It helps us to know about internal structure of organisms.,None of the Above,,Other,Hard,,,NCERT Science Class 9 Chapter 7 Diversity In Living Organisms Multiple Choice Question (Quiz) 58,1
CBSE,Class 9,Science,NCERT Science,Chapter 7 Diversity In Living Organisms,,,Multiple Choice Question (Online),Well defined nucleus is present in,2, prokaryotic cell, eukaryotic cell, unicellular organisms,None of the Above,,Other,Hard,,,NCERT Science Class 9 Chapter 7 Diversity In Living Organisms Multiple Choice Question (Quiz) 59,1
CBSE,Class 9,Science,NCERT Science,Chapter 7 Diversity In Living Organisms,,,Multiple Choice Question (Online),Following characteristics are considered for classification except,1, Number of organs present in the body, Mode of obtaining food, Cellular organisation,None of the Above,,Other,Hard,,,NCERT Science Class 9 Chapter 7 Diversity In Living Organisms Multiple Choice Question (Quiz) 60,1
CBSE,Class 9,Science,NCERT Science,Chapter 7 Diversity In Living Organisms,,,Multiple Choice Question (Online),Find out the odd one.,1, Amoeba, Hydra, Earthworm,None of the Above,,Other,Hard,,,NCERT Science Class 9 Chapter 7 Diversity In Living Organisms Multiple Choice Question (Quiz) 61,1
CBSE,Class 9,Science,NCERT Science,Chapter 7 Diversity In Living Organisms,,,Multiple Choice Question (Online),The book “Origin of species” was written by,2, Aristotle, Darwin, Robert Whittaker,None of the Above,,Other,Hard,,,NCERT Science Class 9 Chapter 7 Diversity In Living Organisms Multiple Choice Question (Quiz) 62,1
CBSE,Class 9,Science,NCERT Science,Chapter 7 Diversity In Living Organisms,,,Multiple Choice Question (Online),"Who classified the living organisms into two groups, plants and animals?",2, Aristotle, Carolus Linnaeus, R.H Whittaker,None of the Above,,Other,Hard,,,NCERT Science Class 9 Chapter 7 Diversity In Living Organisms Multiple Choice Question (Quiz) 63,1
CBSE,Class 9,Science,NCERT Science,Chapter 7 Diversity In Living Organisms,,,Multiple Choice Question (Online),R.H Whittaker classified organisms into,1, 5 kingdoms, 2 kingdoms, 3 kingdoms,None of the Above,,Other,Hard,,,NCERT Science Class 9 Chapter 7 Diversity In Living Organisms Multiple Choice Question (Quiz) 64,1
CBSE,Class 9,Science,NCERT Science,Chapter 7 Diversity In Living Organisms,,,Multiple Choice Question (Online),"Who divided Monera into two groups, archaebacteria and eubacteria?",2, R. H Whittaker, Carl Woese, Earnst Haeckel,None of the Above,,Other,Hard,,,NCERT Science Class 9 Chapter 7 Diversity In Living Organisms Multiple Choice Question (Quiz) 65,1
CBSE,Class 9,Science,NCERT Science,Chapter 7 Diversity In Living Organisms,,,Multiple Choice Question (Online),The basic unit of classification is,1, species, genus, kingdom,None of the Above,,Other,Hard,,,NCERT Science Class 9 Chapter 7 Diversity In Living Organisms Multiple Choice Question (Quiz) 66,1
CBSE,Class 9,Science,NCERT Science,Chapter 7 Diversity In Living Organisms,,,Multiple Choice Question (Online),The naming of an organism is called,1, nomenclature, identification, classification,None of the Above,,Other,Hard,,,NCERT Science Class 9 Chapter 7 Diversity In Living Organisms Multiple Choice Question (Quiz) 67,1
CBSE,Class 9,Science,NCERT Science,Chapter 7 Diversity In Living Organisms,,,Multiple Choice Question (Online),Binomial nomenclature is given by,2, R. H Whittaker, Carolus Linnaeus, Earnst Haeckel,None of the Above,,Other,Hard,,,NCERT Science Class 9 Chapter 7 Diversity In Living Organisms Multiple Choice Question (Quiz) 68,1
CBSE,Class 9,Science,NCERT Science,Chapter 7 Diversity In Living Organisms,,,Multiple Choice Question (Online),Which of the following statement is incorrect about Binomial Nomenclature?,2, Genus should be written followed by species., Name of the species should start with capital letter., First letter of the genus should be capital.,None of the Above,,Other,Hard,,,NCERT Science Class 9 Chapter 7 Diversity In Living Organisms Multiple Choice Question (Quiz) 69,1
CBSE,Class 9,Science,NCERT Science,Chapter 7 Diversity In Living Organisms,,,Multiple Choice Question (Online),"When printed, the name of the scientific name should be in",1, italicised, bold, underlined.,None of the Above,,Other,Hard,,,NCERT Science Class 9 Chapter 7 Diversity In Living Organisms Multiple Choice Question (Quiz) 70,1
CBSE,Class 9,Science,NCERT Science,Chapter 7 Diversity In Living Organisms,,,Multiple Choice Question (Online),Which organisms are more primitive?,3, complex and lower, complex and higher, simple and lower,None of the Above,,Other,Hard,,,NCERT Science Class 9 Chapter 7 Diversity In Living Organisms Multiple Choice Question (Quiz) 71,1
CBSE,Class 9,Science,NCERT Science,Chapter 7 Diversity In Living Organisms,,,Multiple Choice Question (Online),What are the features of kingdom Protista?,2, unicellular and prokaryotic, unicellular and eukaryotic, multicellular and eukaryotic,None of the Above,,Other,Hard,,,NCERT Science Class 9 Chapter 7 Diversity In Living Organisms Multiple Choice Question (Quiz) 72,1
CBSE,Class 9,Science,NCERT Science,Chapter 7 Diversity In Living Organisms,,,Multiple Choice Question (Online),"Eukaryotic, multicelluar and cell walled organisms are come under",3, Bacteria, Animalia, Plantae,None of the Above,,Other,Hard,,,NCERT Science Class 9 Chapter 7 Diversity In Living Organisms Multiple Choice Question (Quiz) 73,1
CBSE,Class 9,Science,NCERT Science,Chapter 7 Diversity In Living Organisms,,,Multiple Choice Question (Online),"Eukaryotic, multicellular, heterotrophic and cell walled organisms are come under",1, Fungi, Animalia, Plantae,None of the Above,,Other,Hard,,,NCERT Science Class 9 Chapter 7 Diversity In Living Organisms Multiple Choice Question (Quiz) 74,1
CBSE,Class 9,Science,NCERT Science,Chapter 7 Diversity In Living Organisms,,,Multiple Choice Question (Online),"Eukaryotic, multicellular, heterotrophic organisms without cell wall are come under",2, Fungi, Animalia, Plantae,None of the Above,,Other,Hard,,,NCERT Science Class 9 Chapter 7 Diversity In Living Organisms Multiple Choice Question (Quiz) 75,1
CBSE,Class 9,Science,NCERT Science,Chapter 7 Diversity In Living Organisms,,,Multiple Choice Question (Online),Which is not come under Monera?,1, Fungi, bacteria, mycoplasma,None of the Above,,Other,Hard,,,NCERT Science Class 9 Chapter 7 Diversity In Living Organisms Multiple Choice Question (Quiz) 76,1
CBSE,Class 9,Science,NCERT Science,Chapter 7 Diversity In Living Organisms,,,Multiple Choice Question (Online),Which of the following protozoan has flagella?,1, Euglena, Amoeba, Paramecium,None of the Above,,Other,Hard,,,NCERT Science Class 9 Chapter 7 Diversity In Living Organisms Multiple Choice Question (Quiz) 77,1
CBSE,Class 9,Science,NCERT Science,Chapter 7 Diversity In Living Organisms,,,Multiple Choice Question (Online),Finger like pseudopodia is found in,2, Euglena, Amoeba, Paramecium,None of the Above,,Other,Hard,,,NCERT Science Class 9 Chapter 7 Diversity In Living Organisms Multiple Choice Question (Quiz) 78,1
CBSE,Class 9,Science,NCERT Science,Chapter 7 Diversity In Living Organisms,,,Multiple Choice Question (Online),The cell wall of fungi is made up of,1, Chitin, Pectin, Lignin,None of the Above,,Other,Hard,,,NCERT Science Class 9 Chapter 7 Diversity In Living Organisms Multiple Choice Question (Quiz) 79,1
CBSE,Class 9,Science,NCERT Science,Chapter 7 Diversity In Living Organisms,,,Multiple Choice Question (Online),"Mushroom, Mucor and Penicillium come under",2, Protista, Fungi, Plantae,None of the Above,,Other,Hard,,,NCERT Science Class 9 Chapter 7 Diversity In Living Organisms Multiple Choice Question (Quiz) 80,1
CBSE,Class 9,Science,NCERT Science,Chapter 7 Diversity In Living Organisms,,,Multiple Choice Question (Online),Lichen is the symbiotic association of,1, Algae and fungi, Amoeba and Paramecium, Bacteria and cyanobacteria,None of the Above,,Other,Hard,,,NCERT Science Class 9 Chapter 7 Diversity In Living Organisms Multiple Choice Question (Quiz) 81,1
CBSE,Class 9,Science,NCERT Science,Chapter 7 Diversity In Living Organisms,,,Multiple Choice Question (Online),"In Plantae, the cell wall is made up of",1, Chitin, Cellulose, Lignin,None of the Above,,Other,Hard,,,NCERT Science Class 9 Chapter 7 Diversity In Living Organisms Multiple Choice Question (Quiz) 82,1
CBSE,Class 9,Science,NCERT Science,Chapter 7 Diversity In Living Organisms,,,Multiple Choice Question (Online),Which of the following are characteristics of Animalia?,1," multicellular, motile, heterotrophic, eukaryotic"," multicellular, non-motile, autotrophic, eukaryotic"," multicellular, motile, heterotrophic, prokaryotic",None of the Above,,Other,Hard,,,NCERT Science Class 9 Chapter 7 Diversity In Living Organisms Multiple Choice Question (Quiz) 83,1
CBSE,Class 9,Science,NCERT Science,Chapter 7 Diversity In Living Organisms,,,Multiple Choice Question (Online),"In which group you place an organism which is single celled, eukaryotic and heterotrophic?",1, Protista, Fungi, Plantae,None of the Above,,Other,Hard,,,NCERT Science Class 9 Chapter 7 Diversity In Living Organisms Multiple Choice Question (Quiz) 84,1
CBSE,Class 9,Science,NCERT Science,Chapter 8 Motion,,,Multiple Choice Question (Online),"When a body remains in one position for a long time, it is said to be in",2, motion, rest, movement,None of the Above,,Other,Hard,,,NCERT Science Class 9 Chapter 8 Motion Multiple Choice Question (Quiz) 1,1
CBSE,Class 9,Science,NCERT Science,Chapter 8 Motion,,,Multiple Choice Question (Online),What is the state of the wall of a house?,1, Rest, Motion, Either in state of rest or motion depends on the observer,None of the Above,,Other,Hard,,,NCERT Science Class 9 Chapter 8 Motion Multiple Choice Question (Quiz) 2,1
CBSE,Class 9,Science,NCERT Science,Chapter 8 Motion,,,Multiple Choice Question (Online),The process or state of the change in place or position of a body with respect to time and relative to the observer is said to be,2, rest, motion, reference point,None of the Above,,Other,Hard,,,NCERT Science Class 9 Chapter 8 Motion Multiple Choice Question (Quiz) 3,1
CBSE,Class 9,Science,NCERT Science,Chapter 8 Motion,,,Multiple Choice Question (Online),What is essential to describe the position of an object?,3, State of rest, State of motion, Reference point,None of the Above,,Other,Hard,,,NCERT Science Class 9 Chapter 8 Motion Multiple Choice Question (Quiz) 4,1
CBSE,Class 9,Science,NCERT Science,Chapter 8 Motion,,,Multiple Choice Question (Online),The states of rest and motion are,2, not in proportion, relative, absolute,None of the Above,,Other,Hard,,,NCERT Science Class 9 Chapter 8 Motion Multiple Choice Question (Quiz) 5,1
CBSE,Class 9,Science,NCERT Science,Chapter 8 Motion,,,Multiple Choice Question (Online),An object may appear to be moving to one person and the same object may appear to be at rest to another person. This statement is,2, always false, always correct, cannot say,None of the Above,,Other,Hard,,,NCERT Science Class 9 Chapter 8 Motion Multiple Choice Question (Quiz) 6,1
CBSE,Class 9,Science,NCERT Science,Chapter 8 Motion,,,Multiple Choice Question (Online),Actual path covered by an object irrespective of direction is known as,2, displacement, distance, motion,None of the Above,,Other,Hard,,,NCERT Science Class 9 Chapter 8 Motion Multiple Choice Question (Quiz) 7,1
CBSE,Class 9,Science,NCERT Science,Chapter 8 Motion,,,Multiple Choice Question (Online),When a body is moved through a distance of 2 m from A to B and 4 m from B to C. What is the actual path covered by it?,3, 2 m, 4 m, 6 m,None of the Above,,Other,Hard,,,NCERT Science Class 9 Chapter 8 Motion Multiple Choice Question (Quiz) 8,1
CBSE,Class 9,Science,NCERT Science,Chapter 8 Motion,,,Multiple Choice Question (Online),The shortest path covered from the initial to the final position of an object is known as,1, displacement, distance, motion,None of the Above,,Other,Hard,,,NCERT Science Class 9 Chapter 8 Motion Multiple Choice Question (Quiz) 9,1
CBSE,Class 9,Science,NCERT Science,Chapter 8 Motion,,,Multiple Choice Question (Online),Amount of a quantity is known as,2, number, magnitude, direction,None of the Above,,Other,Hard,,,NCERT Science Class 9 Chapter 8 Motion Multiple Choice Question (Quiz) 10,1
CBSE,Class 9,Science,NCERT Science,Chapter 8 Motion,,,Multiple Choice Question (Online),What are scalar quantities?,1, The quantities which have magnitude only, The quantities which have direction only, The quantities which have both magnitude and direction,None of the Above,,Other,Hard,,,NCERT Science Class 9 Chapter 8 Motion Multiple Choice Question (Quiz) 11,1
CBSE,Class 9,Science,NCERT Science,Chapter 8 Motion,,,Multiple Choice Question (Online),Length and height are,1, scalar quantities, vector quantities, quantities with no magnitude and no direction,None of the Above,,Other,Hard,,,NCERT Science Class 9 Chapter 8 Motion Multiple Choice Question (Quiz) 12,1
CBSE,Class 9,Science,NCERT Science,Chapter 8 Motion,,,Multiple Choice Question (Online),Vector quantities are those which have,3, magnitude only, direction only, both magnitude and direction,None of the Above,,Other,Hard,,,NCERT Science Class 9 Chapter 8 Motion Multiple Choice Question (Quiz) 13,1
CBSE,Class 9,Science,NCERT Science,Chapter 8 Motion,,,Multiple Choice Question (Online),Which of the following is a vector quantity?,2, Distance, Displacement, Height,None of the Above,,Other,Hard,,,NCERT Science Class 9 Chapter 8 Motion Multiple Choice Question (Quiz) 14,1
CBSE,Class 9,Science,NCERT Science,Chapter 8 Motion,,,Multiple Choice Question (Online),Which of the following is a scalar quantity?,2, Displacement, Distance, Velocity,None of the Above,,Other,Hard,,,NCERT Science Class 9 Chapter 8 Motion Multiple Choice Question (Quiz) 15,1
CBSE,Class 9,Science,NCERT Science,Chapter 8 Motion,,,Multiple Choice Question (Online),"When a body is moving in a straight line, its motion is known as",2, circular motion, linear motion, random motion,None of the Above,,Other,Hard,,,NCERT Science Class 9 Chapter 8 Motion Multiple Choice Question (Quiz) 16,1
CBSE,Class 9,Science,NCERT Science,Chapter 8 Motion,,,Multiple Choice Question (Online),Which of the following is/are the type of motion?,3, Circular motion, Linear motion, Both circular and linear motion,None of the Above,,Other,Hard,,,NCERT Science Class 9 Chapter 8 Motion Multiple Choice Question (Quiz) 17,1
CBSE,Class 9,Science,NCERT Science,Chapter 8 Motion,,,Multiple Choice Question (Online),A car is moved 60 km East and 90 km West. What is the distance?,3, 30 km, 60 km, 150 km,None of the Above,,Other,Hard,,,NCERT Science Class 9 Chapter 8 Motion Multiple Choice Question (Quiz) 18,1
CBSE,Class 9,Science,NCERT Science,Chapter 8 Motion,,,Multiple Choice Question (Online),A bus is moved 50 km East and 100 km West. What is the displacement?,3, 100 km, 150 km, 50 km,None of the Above,,Other,Hard,,,NCERT Science Class 9 Chapter 8 Motion Multiple Choice Question (Quiz) 19,1
CBSE,Class 9,Science,NCERT Science,Chapter 8 Motion,,,Multiple Choice Question (Online),Which of the following physical quantities can be zero for a moving object?,2, Distance, Displacement, Both distance and displacement,None of the Above,,Other,Hard,,,NCERT Science Class 9 Chapter 8 Motion Multiple Choice Question (Quiz) 20,1
CBSE,Class 9,Science,NCERT Science,Chapter 8 Motion,,,Multiple Choice Question (Online),A person moves through 200 m in going from A to B and travels the same distance in returning from B to A. What is his displacement?,3, 200 m, 400 m,0,None of the Above,,Other,Hard,,,NCERT Science Class 9 Chapter 8 Motion Multiple Choice Question (Quiz) 21,1
CBSE,Class 9,Science,NCERT Science,Chapter 8 Motion,,,Multiple Choice Question (Online),An object has moved through a distance. It can have,2, zero magnitude, zero displacement, direction but no magnitude,None of the Above,,Other,Hard,,,NCERT Science Class 9 Chapter 8 Motion Multiple Choice Question (Quiz) 22,1
CBSE,Class 9,Science,NCERT Science,Chapter 8 Motion,,,Multiple Choice Question (Online),Which of the following is not true for displacement?  (i) It cannot be zero. (ii) Its magnitude is greater than the distance travelled by the object.,3, Only (i), Only (ii), Both (i) and (ii),None of the Above,,Other,Hard,,,NCERT Science Class 9 Chapter 8 Motion Multiple Choice Question (Quiz) 23,1
CBSE,Class 9,Science,NCERT Science,Chapter 8 Motion,,,Multiple Choice Question (Online),"If an object completes one revolution in a circular path of radius r, then what is its displacement?",3, 2?r, 2r,0,None of the Above,,Other,Hard,,,NCERT Science Class 9 Chapter 8 Motion Multiple Choice Question (Quiz) 24,1
CBSE,Class 9,Science,NCERT Science,Chapter 8 Motion,,,Multiple Choice Question (Online),What is the distance covered by an object when it completes one revolution in a circular path of radius r?,3,0, 2r, 2?r,None of the Above,,Other,Hard,,,NCERT Science Class 9 Chapter 8 Motion Multiple Choice Question (Quiz) 25,1
CBSE,Class 9,Science,NCERT Science,Chapter 8 Motion,,,Multiple Choice Question (Online),If AB is diameter of a circle of radius r. A particle starting from A completes two and a half revolution. What is the displacement of the particle?,2, r, 2r, Zero,None of the Above,,Other,Hard,,,NCERT Science Class 9 Chapter 8 Motion Multiple Choice Question (Quiz) 26,1
CBSE,Class 9,Science,NCERT Science,Chapter 8 Motion,,,Multiple Choice Question (Online),What is the SI unit of distance?,1, metre, centimetre, kilometre,None of the Above,,Other,Hard,,,NCERT Science Class 9 Chapter 8 Motion Multiple Choice Question (Quiz) 27,1
CBSE,Class 9,Science,NCERT Science,Chapter 8 Motion,,,Multiple Choice Question (Online),The SI unit of displacement is,1, metre, kilometre, no unit,None of the Above,,Other,Hard,,,NCERT Science Class 9 Chapter 8 Motion Multiple Choice Question (Quiz) 28,1
CBSE,Class 9,Science,NCERT Science,Chapter 8 Motion,,,Multiple Choice Question (Online),What is the bigger unit of distance?,2, metre, kilometre, centimetre,None of the Above,,Other,Hard,,,NCERT Science Class 9 Chapter 8 Motion Multiple Choice Question (Quiz) 29,1
CBSE,Class 9,Science,NCERT Science,Chapter 8 Motion,,,Multiple Choice Question (Online),What is the smaller unit of displacement?,2, metre, centimetre, kilometre,None of the Above,,Other,Hard,,,NCERT Science Class 9 Chapter 8 Motion Multiple Choice Question (Quiz) 30,1
CBSE,Class 9,Science,NCERT Science,Chapter 8 Motion,,,Multiple Choice Question (Online),The unit of displacement is denoted by,2, M, m, It does not have any unit.,None of the Above,,Other,Hard,,,NCERT Science Class 9 Chapter 8 Motion Multiple Choice Question (Quiz) 31,1
CBSE,Class 9,Science,NCERT Science,Chapter 8 Motion,,,Multiple Choice Question (Online),"In uniform motion, an object moves with",1, same speed, variable speed, zero speed,None of the Above,,Other,Hard,,,NCERT Science Class 9 Chapter 8 Motion Multiple Choice Question (Quiz) 32,1
CBSE,Class 9,Science,NCERT Science,Chapter 8 Motion,,,Multiple Choice Question (Online),"In which of the following motions, the speed of the object changes?",3, Rectilinear motion, Uniform motion, Non-uniform motion,None of the Above,,Other,Hard,,,NCERT Science Class 9 Chapter 8 Motion Multiple Choice Question (Quiz) 33,1
CBSE,Class 9,Science,NCERT Science,Chapter 8 Motion,,,Multiple Choice Question (Online),The distance travelled by an object in unit time is its,1, speed, displacement, velocity,None of the Above,,Other,Hard,,,NCERT Science Class 9 Chapter 8 Motion Multiple Choice Question (Quiz) 34,1
CBSE,Class 9,Science,NCERT Science,Chapter 8 Motion,,,Multiple Choice Question (Online),______ = Distance / Time,2, Displacement, Speed, Velocity,None of the Above,,Other,Hard,,,NCERT Science Class 9 Chapter 8 Motion Multiple Choice Question (Quiz) 35,1
CBSE,Class 9,Science,NCERT Science,Chapter 8 Motion,,,Multiple Choice Question (Online),Speed is denoted by,2, s, v, a,None of the Above,,Other,Hard,,,NCERT Science Class 9 Chapter 8 Motion Multiple Choice Question (Quiz) 36,1
CBSE,Class 9,Science,NCERT Science,Chapter 8 Motion,,,Multiple Choice Question (Online),What is the SI unit of speed?,2, metre second, metre per second, metre per (second)–1,None of the Above,,Other,Hard,,,NCERT Science Class 9 Chapter 8 Motion Multiple Choice Question (Quiz) 37,1
CBSE,Class 9,Science,NCERT Science,Chapter 8 Motion,,,Multiple Choice Question (Online),Speed is a,2, vector quantity, scalar quantity, non-measurable quantity,None of the Above,,Other,Hard,,,NCERT Science Class 9 Chapter 8 Motion Multiple Choice Question (Quiz) 38,1
CBSE,Class 9,Science,NCERT Science,Chapter 8 Motion,,,Multiple Choice Question (Online),Speed has,1, magnitude only, direction only, both magnitude and direction,None of the Above,,Other,Hard,,,NCERT Science Class 9 Chapter 8 Motion Multiple Choice Question (Quiz) 39,1
CBSE,Class 9,Science,NCERT Science,Chapter 8 Motion,,,Multiple Choice Question (Online),Kilometer per hour is the ________ unit of speed.,2, smaller, bigger, SI,None of the Above,,Other,Hard,,,NCERT Science Class 9 Chapter 8 Motion Multiple Choice Question (Quiz) 40,1
CBSE,Class 9,Science,NCERT Science,Chapter 8 Motion,,,Multiple Choice Question (Online),Which of the following is the incorrect unit of speed?,1, metre per hour, centimetre per second, kilometre per hour,None of the Above,,Other,Hard,,,NCERT Science Class 9 Chapter 8 Motion Multiple Choice Question (Quiz) 41,1
CBSE,Class 9,Science,NCERT Science,Chapter 8 Motion,,,Multiple Choice Question (Online),The total distance travelled in total time taken by an object is known as,2, instantaneous speed, average speed, velocity,None of the Above,,Other,Hard,,,NCERT Science Class 9 Chapter 8 Motion Multiple Choice Question (Quiz) 42,1
CBSE,Class 9,Science,NCERT Science,Chapter 8 Motion,,,Multiple Choice Question (Online),Average speed = _________ / Total time taken,2, Displacement, Total distance, Average Distance,None of the Above,,Other,Hard,,,NCERT Science Class 9 Chapter 8 Motion Multiple Choice Question (Quiz) 43,1
CBSE,Class 9,Science,NCERT Science,Chapter 8 Motion,,,Multiple Choice Question (Online),_______ = Total distance in particular direction/ Total time taken,2, Speed, Velocity, Displacement,None of the Above,,Other,Hard,,,NCERT Science Class 9 Chapter 8 Motion Multiple Choice Question (Quiz) 44,1
CBSE,Class 9,Science,NCERT Science,Chapter 8 Motion,,,Multiple Choice Question (Online),Velocity is a _________ quantity.,2, scalar, vector, directionless,None of the Above,,Other,Hard,,,NCERT Science Class 9 Chapter 8 Motion Multiple Choice Question (Quiz) 45,1
CBSE,Class 9,Science,NCERT Science,Chapter 8 Motion,,,Multiple Choice Question (Online),Velocity has,3, magnitude only, direction only, both magnitude and direction,None of the Above,,Other,Hard,,,NCERT Science Class 9 Chapter 8 Motion Multiple Choice Question (Quiz) 46,1
CBSE,Class 9,Science,NCERT Science,Chapter 8 Motion,,,Multiple Choice Question (Online),The displacement of an object in unit time is known as,3, speed, distance, velocity,None of the Above,,Other,Hard,,,NCERT Science Class 9 Chapter 8 Motion Multiple Choice Question (Quiz) 47,1
CBSE,Class 9,Science,NCERT Science,Chapter 8 Motion,,,Multiple Choice Question (Online),Which of the following can be zero for an object in motion?,3, Speed, Distance, Velocity,None of the Above,,Other,Hard,,,NCERT Science Class 9 Chapter 8 Motion Multiple Choice Question (Quiz) 48,1
CBSE,Class 9,Science,NCERT Science,Chapter 8 Motion,,,Multiple Choice Question (Online),Which of the following statements is correct regarding velocity and speed of a moving body?,3, Velocity of a moving body is always higher than its speed., Speed of a moving body is always higher than its velocity., Velocity of a moving body is its speed in a given direction.,None of the Above,,Other,Hard,,,NCERT Science Class 9 Chapter 8 Motion Multiple Choice Question (Quiz) 49,1
CBSE,Class 9,Science,NCERT Science,Chapter 8 Motion,,,Multiple Choice Question (Online),When an object moves equal distances in equal interval of time then speed is,1, uniform, non-uniform, zero,None of the Above,,Other,Hard,,,NCERT Science Class 9 Chapter 8 Motion Multiple Choice Question (Quiz) 50,1
CBSE,Class 9,Science,NCERT Science,Chapter 8 Motion,,,Multiple Choice Question (Online),"Suppose an object moves 5 km in 5 s and another 5 km in another 5 s, then which of the following statements is correct for the object?",2, Object is moving with non-uniform speed., Object has uniform speed., Object is moving with zero speed.,None of the Above,,Other,Hard,,,NCERT Science Class 9 Chapter 8 Motion Multiple Choice Question (Quiz) 51,1
CBSE,Class 9,Science,NCERT Science,Chapter 8 Motion,,,Multiple Choice Question (Online),When an object moves unequal distances in equal interval of time then speed is,2, uniform, non-uniform, zero,None of the Above,,Other,Hard,,,NCERT Science Class 9 Chapter 8 Motion Multiple Choice Question (Quiz) 52,1
CBSE,Class 9,Science,NCERT Science,Chapter 8 Motion,,,Multiple Choice Question (Online),"Speed is said to be non-uniform, when an object moves",2, equal distances in equal interval of time, unequal distances in equal interval of time, with zero velocity,None of the Above,,Other,Hard,,,NCERT Science Class 9 Chapter 8 Motion Multiple Choice Question (Quiz) 53,1
CBSE,Class 9,Science,NCERT Science,Chapter 8 Motion,,,Multiple Choice Question (Online),Suppose an object moves 5 km in 5 s and another 3 km in another 5 s then which of the following statements is correct for the object?,1, Object is moving with non-uniform speed., Object has uniform speed., Object is moving with zero speed,None of the Above,,Other,Hard,,,NCERT Science Class 9 Chapter 8 Motion Multiple Choice Question (Quiz) 54,1
CBSE,Class 9,Science,NCERT Science,Chapter 8 Motion,,,Multiple Choice Question (Online),Suppose an object moves 7 m in 1 s and another 7 m in another 2 s then which of the following statements is correct for the object?,1, Object is moving with non-uniform speed., Object has uniform speed., Object is moving with zero speed.,None of the Above,,Other,Hard,,,NCERT Science Class 9 Chapter 8 Motion Multiple Choice Question (Quiz) 55,1
CBSE,Class 9,Science,NCERT Science,Chapter 8 Motion,,,Multiple Choice Question (Online),Velocity of a body is variable when,3, speed of the body changes, direction of the body changes, both (a) and (b),None of the Above,,Other,Hard,,,NCERT Science Class 9 Chapter 8 Motion Multiple Choice Question (Quiz) 56,1
CBSE,Class 9,Science,NCERT Science,Chapter 8 Motion,,,Multiple Choice Question (Online),When an object moves in a straight line with same speed in each interval of time and its direction is not changing then,3, Average velocity < Instantaneous velocity, Average velocity > Instantaneous velocity, Average velocity = Instantaneous velocity,None of the Above,,Other,Hard,,,NCERT Science Class 9 Chapter 8 Motion Multiple Choice Question (Quiz) 57,1
CBSE,Class 9,Science,NCERT Science,Chapter 8 Motion,,,Multiple Choice Question (Online),"When an object is changing its position at a uniform rate, then",1, Average velocity = (Initial velocity + Final velocity) / 2, Average velocity < (Initial velocity – Final velocity) / 2, Average velocity = (Initial velocity + Final velocity) / Total time,None of the Above,,Other,Hard,,,NCERT Science Class 9 Chapter 8 Motion Multiple Choice Question (Quiz) 58,1
CBSE,Class 9,Science,NCERT Science,Chapter 8 Motion,,,Multiple Choice Question (Online),The velocity of a plane is 1000 miles per hour west. What is the speed of the plane?,2, 500 miles per hour, 1000 miles per hour, 100 miles per hour,None of the Above,,Other,Hard,,,NCERT Science Class 9 Chapter 8 Motion Multiple Choice Question (Quiz) 59,1
CBSE,Class 9,Science,NCERT Science,Chapter 8 Motion,,,Multiple Choice Question (Online),What is the velocity of a car that moved 200 km East in 2 h?,2, 200 km per hour towards East, 100 km per hour towards East, 100 km per hour towards West,None of the Above,,Other,Hard,,,NCERT Science Class 9 Chapter 8 Motion Multiple Choice Question (Quiz) 60,1
CBSE,Class 9,Science,NCERT Science,Chapter 8 Motion,,,Multiple Choice Question (Online),A quantity measured as –2.5 m/s. It is,3, displacement, speed, velocity,None of the Above,,Other,Hard,,,NCERT Science Class 9 Chapter 8 Motion Multiple Choice Question (Quiz) 61,1
CBSE,Class 9,Science,NCERT Science,Chapter 8 Motion,,,Multiple Choice Question (Online),How many centimeters is one meter?,2, 10 cm, 100 cm, 1000 cm,None of the Above,,Other,Hard,,,NCERT Science Class 9 Chapter 8 Motion Multiple Choice Question (Quiz) 62,1
CBSE,Class 9,Science,NCERT Science,Chapter 8 Motion,,,Multiple Choice Question (Online),1 km = _____ m,3,10,100,1000,None of the Above,,Other,Hard,,,NCERT Science Class 9 Chapter 8 Motion Multiple Choice Question (Quiz) 63,1
CBSE,Class 9,Science,NCERT Science,Chapter 8 Motion,,,Multiple Choice Question (Online),1 cm = _____ m,2,102, 10–2,103,None of the Above,,Other,Hard,,,NCERT Science Class 9 Chapter 8 Motion Multiple Choice Question (Quiz) 64,1
CBSE,Class 9,Science,NCERT Science,Chapter 8 Motion,,,Multiple Choice Question (Online),1 cm = _______ km,3,100,1000, 1/100000,None of the Above,,Other,Hard,,,NCERT Science Class 9 Chapter 8 Motion Multiple Choice Question (Quiz) 65,1
CBSE,Class 9,Science,NCERT Science,Chapter 8 Motion,,,Multiple Choice Question (Online),One second = _____ hour,3,60,3600, 1/3600,None of the Above,,Other,Hard,,,NCERT Science Class 9 Chapter 8 Motion Multiple Choice Question (Quiz) 66,1
CBSE,Class 9,Science,NCERT Science,Chapter 8 Motion,,,Multiple Choice Question (Online),Speed of 72 km/h when expressed in m/s is,2,259.2,20,1200,None of the Above,,Other,Hard,,,NCERT Science Class 9 Chapter 8 Motion Multiple Choice Question (Quiz) 67,1
CBSE,Class 9,Science,NCERT Science,Chapter 8 Motion,,,Multiple Choice Question (Online),1 kilometre per hour = _______ metre per second.,2, 18/5, 5/18,1000,None of the Above,,Other,Hard,,,NCERT Science Class 9 Chapter 8 Motion Multiple Choice Question (Quiz) 68,1
CBSE,Class 9,Science,NCERT Science,Chapter 8 Motion,,,Multiple Choice Question (Online),Rate of change of velocity is known as,2, speed, acceleration , displacement,None of the Above,,Other,Hard,,,NCERT Science Class 9 Chapter 8 Motion Multiple Choice Question (Quiz) 69,1
CBSE,Class 9,Science,NCERT Science,Chapter 8 Motion,,,Multiple Choice Question (Online),Change in velocity can be expressed as,2, initial velocity – final velocity, final velocity – initial velocity, (final velocity – initial velocity)/time taken,None of the Above,,Other,Hard,,,NCERT Science Class 9 Chapter 8 Motion Multiple Choice Question (Quiz) 70,1
CBSE,Class 9,Science,NCERT Science,Chapter 8 Motion,,,Multiple Choice Question (Online),______ = (v – u)/t; where symbols have usual meanings.,1, a, s, d,None of the Above,,Other,Hard,,,NCERT Science Class 9 Chapter 8 Motion Multiple Choice Question (Quiz) 71,1
CBSE,Class 9,Science,NCERT Science,Chapter 8 Motion,,,Multiple Choice Question (Online),Acceleration = _________ / Time taken.,2, Average velocity, Final velocity – Initial velocity, Initial velocity – Final velocity,None of the Above,,Other,Hard,,,NCERT Science Class 9 Chapter 8 Motion Multiple Choice Question (Quiz) 72,1
CBSE,Class 9,Science,NCERT Science,Chapter 8 Motion,,,Multiple Choice Question (Online),What is the SI unit of acceleration?,3, metre per second, meter (second)2, metre per (second)2,None of the Above,,Other,Hard,,,NCERT Science Class 9 Chapter 8 Motion Multiple Choice Question (Quiz) 73,1
CBSE,Class 9,Science,NCERT Science,Chapter 8 Motion,,,Multiple Choice Question (Online),What is the correct expression of SI unit of acceleration?,3, m/s, m s-1 , m s-2,None of the Above,,Other,Hard,,,NCERT Science Class 9 Chapter 8 Motion Multiple Choice Question (Quiz) 74,1
CBSE,Class 9,Science,NCERT Science,Chapter 8 Motion,,,Multiple Choice Question (Online),"In uniform motion along a straight path, the acceleration is",3, constant, infinite, zero,None of the Above,,Other,Hard,,,NCERT Science Class 9 Chapter 8 Motion Multiple Choice Question (Quiz) 75,1
CBSE,Class 9,Science,NCERT Science,Chapter 8 Motion,,,Multiple Choice Question (Online),"If change in velocity is zero, then acceleration is",2, infinite, zero, constant,None of the Above,,Other,Hard,,,NCERT Science Class 9 Chapter 8 Motion Multiple Choice Question (Quiz) 76,1
CBSE,Class 9,Science,NCERT Science,Chapter 8 Motion,,,Multiple Choice Question (Online),Change in velocity is not zero in,2, uniform motion, non-uniform motion, both uniform and non-uniform motion,None of the Above,,Other,Hard,,,NCERT Science Class 9 Chapter 8 Motion Multiple Choice Question (Quiz) 77,1
CBSE,Class 9,Science,NCERT Science,Chapter 8 Motion,,,Multiple Choice Question (Online),"The acceleration is taken to be positive, if it is",2, opposite to the direction of velocity, in the direction of velocity, either in opposite to the direction of velocity or in the direction of velocity,None of the Above,,Other,Hard,,,NCERT Science Class 9 Chapter 8 Motion Multiple Choice Question (Quiz) 78,1
CBSE,Class 9,Science,NCERT Science,Chapter 8 Motion,,,Multiple Choice Question (Online),The speed of an object is changing from 20 m/s2 to 50 m/s2. It has,3, (a) zero acceleration, (b) negative acceleration, (c) positive acceleration,None of the Above,,Other,Hard,,,NCERT Science Class 9 Chapter 8 Motion Multiple Choice Question (Quiz) 79,1
CBSE,Class 9,Science,NCERT Science,Chapter 8 Motion,,,Multiple Choice Question (Online),A car increases its speed from 30 m/s2 to 60 m/s2 in 10 seconds. Its acceleration is,1, 0.83 m/s2 , 30 m/s2, 18 m/s2,None of the Above,,Other,Hard,,,NCERT Science Class 9 Chapter 8 Motion Multiple Choice Question (Quiz) 80,1
CBSE,Class 9,Science,NCERT Science,Chapter 8 Motion,,,Multiple Choice Question (Online),"An object moves with a constant velocity of 9.8 m/s2, its acceleration in m/s2 is",1,0,98,9.8,None of the Above,,Other,Hard,,,NCERT Science Class 9 Chapter 8 Motion Multiple Choice Question (Quiz) 81,1
CBSE,Class 9,Science,NCERT Science,Chapter 8 Motion,,,Multiple Choice Question (Online),"If speed of an object is continuously increasing, then its acceleration is",2, negative, positive, zero,None of the Above,,Other,Hard,,,NCERT Science Class 9 Chapter 8 Motion Multiple Choice Question (Quiz) 82,1
CBSE,Class 9,Science,NCERT Science,Chapter 8 Motion,,,Multiple Choice Question (Online),If final velocity is greater than the initial velocity then the acceleration is,2, negative, positive, zero,None of the Above,,Other,Hard,,,NCERT Science Class 9 Chapter 8 Motion Multiple Choice Question (Quiz) 83,1
CBSE,Class 9,Science,NCERT Science,Chapter 8 Motion,,,Multiple Choice Question (Online),"When acceleration is opposite to the direction of velocity, it is",3, positive, zero, negative,None of the Above,,Other,Hard,,,NCERT Science Class 9 Chapter 8 Motion Multiple Choice Question (Quiz) 84,1
CBSE,Class 9,Science,NCERT Science,Chapter 8 Motion,,,Multiple Choice Question (Online),The speed of an object is changing from 40 m/s2 to 20 m/s2. It has,2, zero acceleration, negative acceleration, positive acceleration,None of the Above,,Other,Hard,,,NCERT Science Class 9 Chapter 8 Motion Multiple Choice Question (Quiz) 85,1
CBSE,Class 9,Science,NCERT Science,Chapter 8 Motion,,,Multiple Choice Question (Online),A car decreases its speed from 70 m/s2 to 40 m/s2 in 10 seconds. Its acceleration is,2, 3 m/s2, –3m/s2, 0 m/s2,None of the Above,,Other,Hard,,,NCERT Science Class 9 Chapter 8 Motion Multiple Choice Question (Quiz) 86,1
CBSE,Class 9,Science,NCERT Science,Chapter 8 Motion,,,Multiple Choice Question (Online),"If speed of an object continuously decreasing, then its acceleration is",1, negative, positive, zero,None of the Above,,Other,Hard,,,NCERT Science Class 9 Chapter 8 Motion Multiple Choice Question (Quiz) 87,1
CBSE,Class 9,Science,NCERT Science,Chapter 8 Motion,,,Multiple Choice Question (Online),If final velocity is less than the initial velocity then the acceleration is,1, negative, positive, zero,None of the Above,,Other,Hard,,,NCERT Science Class 9 Chapter 8 Motion Multiple Choice Question (Quiz) 88,1
CBSE,Class 9,Science,NCERT Science,Chapter 8 Motion,,,Multiple Choice Question (Online),Retardation is,2, positive acceleration, negative acceleration, zero acceleration,None of the Above,,Other,Hard,,,NCERT Science Class 9 Chapter 8 Motion Multiple Choice Question (Quiz) 89,1
CBSE,Class 9,Science,NCERT Science,Chapter 8 Motion,,,Multiple Choice Question (Online),When an object is moving with same speed in equal interval of time then its acceleration is known as,2, non-uniform, uniform, zero,None of the Above,,Other,Hard,,,NCERT Science Class 9 Chapter 8 Motion Multiple Choice Question (Quiz) 90,1
CBSE,Class 9,Science,NCERT Science,Chapter 8 Motion,,,Multiple Choice Question (Online),Retardation can be,3, uniform, non-uniform, either uniform or non-uniform depends on direction,None of the Above,,Other,Hard,,,NCERT Science Class 9 Chapter 8 Motion Multiple Choice Question (Quiz) 91,1
CBSE,Class 9,Science,NCERT Science,Chapter 8 Motion,,,Multiple Choice Question (Online),"When a body starts from a stationary position and gains a velocity v in time t then its acceleration, a, is",1, v/t, –v/t,0,None of the Above,,Other,Hard,,,NCERT Science Class 9 Chapter 8 Motion Multiple Choice Question (Quiz) 92,1
CBSE,Class 9,Science,NCERT Science,Chapter 8 Motion,,,Multiple Choice Question (Online),"When a body starts from a velocity u and after t seconds it stops then its acceleration, a, is",2, u/t, –u/t,0,None of the Above,,Other,Hard,,,NCERT Science Class 9 Chapter 8 Motion Multiple Choice Question (Quiz) 93,1
CBSE,Class 9,Science,NCERT Science,Chapter 8 Motion,,,Multiple Choice Question (Online),"When a body starts with a velocity u and after t s its velocity is same then its acceleration, a, is",3, v/t, –v/t,0,None of the Above,,Other,Hard,,,NCERT Science Class 9 Chapter 8 Motion Multiple Choice Question (Quiz) 94,1
CBSE,Class 9,Science,NCERT Science,Chapter 8 Motion,,,Multiple Choice Question (Online),When an object is moving with unequal speeds in equal intervals of time then its acceleration is,1, non-uniform, uniform, zero,None of the Above,,Other,Hard,,,NCERT Science Class 9 Chapter 8 Motion Multiple Choice Question (Quiz) 95,1
CBSE,Class 9,Science,NCERT Science,Chapter 8 Motion,,,Multiple Choice Question (Online),"In distance-time graph, time is taken along",1, x-axis, y-axis, either in x-axis or in y-axis,None of the Above,,Other,Hard,,,NCERT Science Class 9 Chapter 8 Motion Multiple Choice Question (Quiz) 96,1
CBSE,Class 9,Science,NCERT Science,Chapter 8 Motion,,,Multiple Choice Question (Online),"In distance-time graph, the distance is taken along",2, x-axis, y-axis, either in x-axis or in y-axis,None of the Above,,Other,Hard,,,NCERT Science Class 9 Chapter 8 Motion Multiple Choice Question (Quiz) 97,1
CBSE,Class 9,Science,NCERT Science,Chapter 8 Motion,,,Multiple Choice Question (Online),The distance-time graph for an object moving with uniform speed is,2, a curved line, straight line, zig-zag line,None of the Above,,Other,Hard,,,NCERT Science Class 9 Chapter 8 Motion Multiple Choice Question (Quiz) 98,1
CBSE,Class 9,Science,NCERT Science,Chapter 8 Motion,,,Multiple Choice Question (Online),"In distance-time graph, if there is a curve then it represents that the object is moving with",2, uniform speed, non-uniform speed, constant speed,None of the Above,,Other,Hard,,,NCERT Science Class 9 Chapter 8 Motion Multiple Choice Question (Quiz) 99,1
CBSE,Class 9,Science,NCERT Science,Chapter 8 Motion,,,Multiple Choice Question (Online),A straight line parallel to time-axis on a distance-time graph tells that object is,1, at rest, in motion, moving with variable speed,None of the Above,,Other,Hard,,,NCERT Science Class 9 Chapter 8 Motion Multiple Choice Question (Quiz) 100,1
CBSE,Class 9,Science,NCERT Science,Chapter 8 Motion,,,Multiple Choice Question (Online),What is the meaning of the slope on a distance versus time graph?,2, Displacement, Speed, Acceleration,None of the Above,,Other,Hard,,,NCERT Science Class 9 Chapter 8 Motion Multiple Choice Question (Quiz) 101,1
CBSE,Class 9,Science,NCERT Science,Chapter 8 Motion,,,Multiple Choice Question (Online),A velocity-time graph can give you,2, A. velocity of the moving object, acceleration of the moving object, displacement of the moving object,None of the Above,,Other,Hard,,,NCERT Science Class 9 Chapter 8 Motion Multiple Choice Question (Quiz) 102,1
CBSE,Class 9,Science,NCERT Science,Chapter 8 Motion,,,Multiple Choice Question (Online),"In velocity-time graph, straight line shows that a body is moving with",2, constant speed, uniform acceleration, zero acceleration,None of the Above,,Other,Hard,,,NCERT Science Class 9 Chapter 8 Motion Multiple Choice Question (Quiz) 103,1
CBSE,Class 9,Science,NCERT Science,Chapter 8 Motion,,,Multiple Choice Question (Online),"In v-t graph, if a body moves non-uniformly, it gives",2, a straight line, a curve, a straight line parallel to time axis,None of the Above,,Other,Hard,,,NCERT Science Class 9 Chapter 8 Motion Multiple Choice Question (Quiz) 104,1
CBSE,Class 9,Science,NCERT Science,Chapter 8 Motion,,,Multiple Choice Question (Online),What does the given graph signify?,3, Constant acceleration, Constant retardation, Constant velocity,None of the Above,,Other,Hard,,,NCERT Science Class 9 Chapter 8 Motion Multiple Choice Question (Quiz) 105,1
CBSE,Class 9,Science,NCERT Science,Chapter 8 Motion,,,Multiple Choice Question (Online),"If with the passes of time, the speed of a body neither increases nor decreases, its velocity time graph is",1, straight line parallel to x-axis, B. straight line parallel to y-axis, straight line with slope,None of the Above,,Other,Hard,,,NCERT Science Class 9 Chapter 8 Motion Multiple Choice Question (Quiz) 106,1
CBSE,Class 9,Science,NCERT Science,Chapter 8 Motion,,,Multiple Choice Question (Online),Equations of motion can be used for,1, straight line motion only, curved motion only, motion along the circular path,None of the Above,,Other,Hard,,,NCERT Science Class 9 Chapter 8 Motion Multiple Choice Question (Quiz) 107,1
CBSE,Class 9,Science,NCERT Science,Chapter 8 Motion,,,Multiple Choice Question (Online),What is the first equation of motion?,1, v = u + at, s = ut + \(\frac{1}{2}\) (at2), v2 = u2 + 2as,None of the Above,,Other,Hard,,,NCERT Science Class 9 Chapter 8 Motion Multiple Choice Question (Quiz) 108,1
CBSE,Class 9,Science,NCERT Science,Chapter 8 Motion,,,Multiple Choice Question (Online),Which of the following is the second equation of motion?,3, v2 = u2 + 2as, (b) v = u + at, (c) s = ut + \(\frac{1}{2}\) at2,None of the Above,,Other,Hard,,,NCERT Science Class 9 Chapter 8 Motion Multiple Choice Question (Quiz) 109,1
CBSE,Class 9,Science,NCERT Science,Chapter 8 Motion,,,Multiple Choice Question (Online),What is the third equation of motion?,2, A. s = ut + \(\frac{1}{2}\) (at2), B. v2 = u2 + 2as, v = u + at,None of the Above,,Other,Hard,,,NCERT Science Class 9 Chapter 8 Motion Multiple Choice Question (Quiz) 110,1
CBSE,Class 9,Science,NCERT Science,Chapter 8 Motion,,,Multiple Choice Question (Online),"In first equation of motion, v represents",3, acceleration, B. initial velocity, final velocity,None of the Above,,Other,Hard,,,NCERT Science Class 9 Chapter 8 Motion Multiple Choice Question (Quiz) 111,1
CBSE,Class 9,Science,NCERT Science,Chapter 8 Motion,,,Multiple Choice Question (Online),First equation of motion does not contain,3, velocity, acceleration, displacement,None of the Above,,Other,Hard,,,NCERT Science Class 9 Chapter 8 Motion Multiple Choice Question (Quiz) 112,1
CBSE,Class 9,Science,NCERT Science,Chapter 8 Motion,,,Multiple Choice Question (Online),"To calculate the first equation of motion, we can use the formula of",3, velocity, average velocity, acceleration,None of the Above,,Other,Hard,,,NCERT Science Class 9 Chapter 8 Motion Multiple Choice Question (Quiz) 113,1
CBSE,Class 9,Science,NCERT Science,Chapter 8 Motion,,,Multiple Choice Question (Online),"To calculate the second equation of motion, we can use the formula of",2, displacement, average velocity, acceleration,None of the Above,,Other,Hard,,,NCERT Science Class 9 Chapter 8 Motion Multiple Choice Question (Quiz) 114,1
CBSE,Class 9,Science,NCERT Science,Chapter 8 Motion,,,Multiple Choice Question (Online),Second equation of motion does not contain,1, A. final velocity, acceleration, distance,None of the Above,,Other,Hard,,,NCERT Science Class 9 Chapter 8 Motion Multiple Choice Question (Quiz) 115,1
CBSE,Class 9,Science,NCERT Science,Chapter 8 Motion,,,Multiple Choice Question (Online),"Give the equation of motion connecting u, v, a and s where the symbols have their usual meaning.",3, s = ut + ½(at2), v = u + at, v2 = u2 + 2as,None of the Above,,Other,Hard,,,NCERT Science Class 9 Chapter 8 Motion Multiple Choice Question (Quiz) 116,1
CBSE,Class 9,Science,NCERT Science,Chapter 8 Motion,,,Multiple Choice Question (Online),"To derive third equation of motion, we use",3, first equation of motion, second equation of motion, both first and second equation of motion,None of the Above,,Other,Hard,,,NCERT Science Class 9 Chapter 8 Motion Multiple Choice Question (Quiz) 117,1
CBSE,Class 9,Science,NCERT Science,Chapter 8 Motion,,,Multiple Choice Question (Online),The distance s travelled by a body in time t is given by s = ut + ½ (at2). What is the formula for uniform motion of the body?,2, s = ut + ½ (at2), s = ut, s = ½ (at2),None of the Above,,Other,Hard,,,NCERT Science Class 9 Chapter 8 Motion Multiple Choice Question (Quiz) 118,1
CBSE,Class 9,Science,NCERT Science,Chapter 8 Motion,,,Multiple Choice Question (Online),A motor cycle moving with a speed of 5 m/s obtains an acceleration of 0.2 m/s2. Calculate the speed of the motor cycle after 10 s and the distance travelled by it in this time.,1, 7 m/s; 60 m, 60 m/s; 7 m, 7 m/s; 24 m,None of the Above,,Other,Hard,,,NCERT Science Class 9 Chapter 8 Motion Multiple Choice Question (Quiz) 119,1
CBSE,Class 9,Science,NCERT Science,Chapter 8 Motion,,,Multiple Choice Question (Online),"The distance (s) in metres travelled by a particle is related to time (t) in seconds by the equation of motion, s = 10t + 4t2. What is the initial velocity of the body?",2, 8 m/s, 10 m/s, 4 m/s,None of the Above,,Other,Hard,,,NCERT Science Class 9 Chapter 8 Motion Multiple Choice Question (Quiz) 120,1
CBSE,Class 9,Science,NCERT Science,Chapter 8 Motion,,,Multiple Choice Question (Online),"For equation s = 20t + 16 t2, what is the acceleration of the body?",1, 8 m/s2, 16 m/s2, C. 32 m/s2,None of the Above,,Other,Hard,,,NCERT Science Class 9 Chapter 8 Motion Multiple Choice Question (Quiz) 121,1
CBSE,Class 9,Science,NCERT Science,Chapter 8 Motion,,,Multiple Choice Question (Online),"An object moving with a speed of 5 m/s comes to rest in 10 s, after the brakes are applied. What is the acceleration?",3, 5 m/s2, 0.2 m/s2, C. –0.5 m/s2,None of the Above,,Other,Hard,,,NCERT Science Class 9 Chapter 8 Motion Multiple Choice Question (Quiz) 122,1
CBSE,Class 9,Science,NCERT Science,Chapter 8 Motion,,,Multiple Choice Question (Online),The equation for position-velocity relation is,3, v = u + at, B. s = ut + ½(at2), C. v2 = u2 + 2as,None of the Above,,Other,Hard,,,NCERT Science Class 9 Chapter 8 Motion Multiple Choice Question (Quiz) 123,1
CBSE,Class 9,Science,NCERT Science,Chapter 8 Motion,,,Multiple Choice Question (Online),s = ut + ½(at2) is the equation for,2, velocity-time relation, position-time relation, C. position-velocity relation,None of the Above,,Other,Hard,,,NCERT Science Class 9 Chapter 8 Motion Multiple Choice Question (Quiz) 124,1
CBSE,Class 9,Science,NCERT Science,Chapter 8 Motion,,,Multiple Choice Question (Online),Which of the following equations is the equation for velocity-time relation?,1, v = u +at, s = ut + ½(at2), C. v2 = u2 + 2as,None of the Above,,Other,Hard,,,NCERT Science Class 9 Chapter 8 Motion Multiple Choice Question (Quiz) 125,1
CBSE,Class 9,Science,NCERT Science,Chapter 8 Motion,,,Multiple Choice Question (Online),The acceleration of an object moving in a straight line can be determined from,3, the area between distance-time graph and time axis, the area between velocity-time graph and time axis, the slope of the velocity-time graph,None of the Above,,Other,Hard,,,NCERT Science Class 9 Chapter 8 Motion Multiple Choice Question (Quiz) 126,1
CBSE,Class 9,Science,NCERT Science,Chapter 8 Motion,,,Multiple Choice Question (Online),Average acceleration of a body during time interval ‘t’ is given by slope of its,2, distance-time graph, velocity-time graph, speed-time graph,None of the Above,,Other,Hard,,,NCERT Science Class 9 Chapter 8 Motion Multiple Choice Question (Quiz) 127,1
CBSE,Class 9,Science,NCERT Science,Chapter 8 Motion,,,Multiple Choice Question (Online),What is the name of the graph which is used to obtain the three equations of motion?,2, Distance-Time graph, Velocity – Time graph, Displacement – Time graph,None of the Above,,Other,Hard,,,NCERT Science Class 9 Chapter 8 Motion Multiple Choice Question (Quiz) 128,1
CBSE,Class 9,Science,NCERT Science,Chapter 8 Motion,,,Multiple Choice Question (Online),"To obtain the first equation of motion from v-t graph of an object, we should calculate",2, velocity of the object, acceleration of the object, distance of the object,None of the Above,,Other,Hard,,,NCERT Science Class 9 Chapter 8 Motion Multiple Choice Question (Quiz) 129,1
CBSE,Class 9,Science,NCERT Science,Chapter 8 Motion,,,Multiple Choice Question (Online),"To obtain the second equation of motion from v-t graph of an object, we should calculate",3, velocity of the object, acceleration of the object, C. distance of the object,None of the Above,,Other,Hard,,,NCERT Science Class 9 Chapter 8 Motion Multiple Choice Question (Quiz) 130,1
CBSE,Class 9,Science,NCERT Science,Chapter 8 Motion,,,Multiple Choice Question (Online),"To maintain the speed throughout a particular track, a body has to",2, decelerate, accelerate, stop,None of the Above,,Other,Hard,,,NCERT Science Class 9 Chapter 8 Motion Multiple Choice Question (Quiz) 131,1
CBSE,Class 9,Science,NCERT Science,Chapter 8 Motion,,,Multiple Choice Question (Online),When a body takes infinite turns then its path becomes,3, a zig- zag, straight, circular,None of the Above,,Other,Hard,,,NCERT Science Class 9 Chapter 8 Motion Multiple Choice Question (Quiz) 132,1
CBSE,Class 9,Science,NCERT Science,Chapter 8 Motion,,,Multiple Choice Question (Online),Which of the following motion has to be uniform accelerated motion?,2, A motion of an object in a straight road, A motion of an object in a circular path, Either a motion of an object in straight road or circular path,None of the Above,,Other,Hard,,,NCERT Science Class 9 Chapter 8 Motion Multiple Choice Question (Quiz) 133,1
CBSE,Class 9,Science,NCERT Science,Chapter 8 Motion,,,Multiple Choice Question (Online),"When an object moves in a circular path with uniform speed, its motion is called",2, A. uniform linear motion, uniform circular motion, decelerated motion,None of the Above,,Other,Hard,,,NCERT Science Class 9 Chapter 8 Motion Multiple Choice Question (Quiz) 134,1
CBSE,Class 9,Science,NCERT Science,Chapter 8 Motion,,,Multiple Choice Question (Online),"When a body moves in a uniform circular path, it has to",1, accelerate, decelerate, stop,None of the Above,,Other,Hard,,,NCERT Science Class 9 Chapter 8 Motion Multiple Choice Question (Quiz) 135,1
CBSE,Class 9,Science,NCERT Science,Chapter 8 Motion,,,Multiple Choice Question (Online),Which of the following motions is/are accelerated motion?,2, A. Uniform linear motion, B. Uniform circular motion, Both uniform linear motion and uniform circular motion,None of the Above,,Other,Hard,,,NCERT Science Class 9 Chapter 8 Motion Multiple Choice Question (Quiz) 136,1
CBSE,Class 9,Science,NCERT Science,Chapter 8 Motion,,,Multiple Choice Question (Online),All the planets around the sun exhibit,2, uniform linear motion, uniform circular motion, non-uniform circular motion,None of the Above,,Other,Hard,,,NCERT Science Class 9 Chapter 8 Motion Multiple Choice Question (Quiz) 137,1
CBSE,Class 9,Science,NCERT Science,Chapter 8 Motion,,,Multiple Choice Question (Online),Which of the following does not exhibit uniform circular motion?,3, A. Motion of the moon around the earth, Motion of the clock hand, C. Motion of vehicle in a straight road,None of the Above,,Other,Hard,,,NCERT Science Class 9 Chapter 8 Motion Multiple Choice Question (Quiz) 138,1
CBSE,Class 9,Science,NCERT Science,Chapter 8 Motion,,,Multiple Choice Question (Online),When an object moves in a circular path then at every point the motion of it is,2, perpendicular towards the centre of the circle, tangent to that particular point, perpendicular to that particular point,None of the Above,,Other,Hard,,,NCERT Science Class 9 Chapter 8 Motion Multiple Choice Question (Quiz) 139,1
CBSE,Class 9,Science,NCERT Science,Chapter 8 Motion,,,Multiple Choice Question (Online),Which of the following is correct for the motion of an object along a straight path?,2, The direction of motion remains the same along the circular path., The direction of motion changes along the circular path., The direction as well as the magnitude of speed change along the circular path.,None of the Above,,Other,Hard,,,NCERT Science Class 9 Chapter 8 Motion Multiple Choice Question (Quiz) 140,1
CBSE,Class 9,Science,NCERT Science,Chapter 8 Motion,,,Multiple Choice Question (Online),"When an object moves in a circular path, the force exerted by the centre is known as",1, centripetal force, frictional force, gravitational force,None of the Above,,Other,Hard,,,NCERT Science Class 9 Chapter 8 Motion Multiple Choice Question (Quiz) 141,1
CBSE,Class 9,Science,NCERT Science,Chapter 8 Motion,,,Multiple Choice Question (Online),The speed (v) of a particular object moving in a circular path of radius R in time (t) can be calculated as,2, v = 2?Rt, v = 2?R/t, C. v = ?R/t,None of the Above,,Other,Hard,,,NCERT Science Class 9 Chapter 8 Motion Multiple Choice Question (Quiz) 142,1
CBSE,Class 9,Science,NCERT Science,Chapter 9 Force And Laws Of Motion,,,Multiple Choice Question (Online),Pushing or pulling or hitting of objects are all ways to bringing objects,1, in motion, in rest, either in motion or in rest,None of the Above,,Other,Hard,,,NCERT Science Class 9 Chapter 9 Force And Laws Of Motion Multiple Choice Question (Quiz) 1,1
CBSE,Class 9,Science,NCERT Science,Chapter 9 Force And Laws Of Motion,,,Multiple Choice Question (Online),Push or pull is known as,3, state of motion, rest, force,None of the Above,,Other,Hard,,,NCERT Science Class 9 Chapter 9 Force And Laws Of Motion Multiple Choice Question (Quiz) 2,1
CBSE,Class 9,Science,NCERT Science,Chapter 9 Force And Laws Of Motion,,,Multiple Choice Question (Online),In which of the following the concept of force is based on?,3, Pull only, Push only," Push, pull or hit",None of the Above,,Other,Hard,,,NCERT Science Class 9 Chapter 9 Force And Laws Of Motion Multiple Choice Question (Quiz) 3,1
CBSE,Class 9,Science,NCERT Science,Chapter 9 Force And Laws Of Motion,,,Multiple Choice Question (Online), Which of the following options is correct?  (i) Force can move a stationary object.  (ii) Force can change the speed or velocity of an object.  (iii) Force can stop a moving object,3, Only (i) and (ii) are correct., Only (ii) and (iii) are correct.," All (i), (ii) and (iii) are correct.",None of the Above,,Other,Hard,,,NCERT Science Class 9 Chapter 9 Force And Laws Of Motion Multiple Choice Question (Quiz) 4,1
CBSE,Class 9,Science,NCERT Science,Chapter 9 Force And Laws Of Motion,,,Multiple Choice Question (Online),Forces can change the _______ of an object.,1, direction, material, mass,None of the Above,,Other,Hard,,,NCERT Science Class 9 Chapter 9 Force And Laws Of Motion Multiple Choice Question (Quiz) 5,1
CBSE,Class 9,Science,NCERT Science,Chapter 9 Force And Laws Of Motion,,,Multiple Choice Question (Online),Two strings X and Y are tied to the two opposite faces of the block as shown in figure. If we pull the string X then block will,1, move towards left, move towards right, not move,None of the Above,,Other,Hard,,,NCERT Science Class 9 Chapter 9 Force And Laws Of Motion Multiple Choice Question (Quiz) 6,1
CBSE,Class 9,Science,NCERT Science,Chapter 9 Force And Laws Of Motion,,,Multiple Choice Question (Online),Two strings X and Y are tied to the two opposite faces of the block as shown in figure. If we pull the string Y then block will,2, move towards left, move towards right, not move,None of the Above,,Other,Hard,,,NCERT Science Class 9 Chapter 9 Force And Laws Of Motion Multiple Choice Question (Quiz) 7,1
CBSE,Class 9,Science,NCERT Science,Chapter 9 Force And Laws Of Motion,,,Multiple Choice Question (Online),Two strings X and Y are tied to the two opposite faces of the block as shown in figure. If we pull the string from both the sides with equal forces then block will,3, move towards left, move towards right, not move,None of the Above,,Other,Hard,,,NCERT Science Class 9 Chapter 9 Force And Laws Of Motion Multiple Choice Question (Quiz) 8,1
CBSE,Class 9,Science,NCERT Science,Chapter 9 Force And Laws Of Motion,,,Multiple Choice Question (Online),The equal and opposite forces acting on an object and causing no movement or displacement of an object is known as,1, balanced forces, unbalanced forces, friction forces,None of the Above,,Other,Hard,,,NCERT Science Class 9 Chapter 9 Force And Laws Of Motion Multiple Choice Question (Quiz) 9,1
CBSE,Class 9,Science,NCERT Science,Chapter 9 Force And Laws Of Motion,,,Multiple Choice Question (Online),What are the magnitude and direction of balanced forces on an object?,1, Equal and opposite, Unequal and opposite, Equal and in the same direction,None of the Above,,Other,Hard,,,NCERT Science Class 9 Chapter 9 Force And Laws Of Motion Multiple Choice Question (Quiz) 10,1
CBSE,Class 9,Science,NCERT Science,Chapter 9 Force And Laws Of Motion,,,Multiple Choice Question (Online),________ forces do not change the state of rest or motion of the object.,1, Balanced, Unbalanced, Pushing,None of the Above,,Other,Hard,,,NCERT Science Class 9 Chapter 9 Force And Laws Of Motion Multiple Choice Question (Quiz) 11,1
CBSE,Class 9,Science,NCERT Science,Chapter 9 Force And Laws Of Motion,,,Multiple Choice Question (Online),Two equal forces act at the same time on the same stationary object but in opposite directions. Which statement describes the object’s motion?,3, The object changes its stationary position., The object accelerates., The object remains stationary.,None of the Above,,Other,Hard,,,NCERT Science Class 9 Chapter 9 Force And Laws Of Motion Multiple Choice Question (Quiz) 12,1
CBSE,Class 9,Science,NCERT Science,Chapter 9 Force And Laws Of Motion,,,Multiple Choice Question (Online),Forces that have a net force of zero are,1, balanced forces, unbalanced forces, either balanced or unbalanced forces,None of the Above,,Other,Hard,,,NCERT Science Class 9 Chapter 9 Force And Laws Of Motion Multiple Choice Question (Quiz) 13,1
CBSE,Class 9,Science,NCERT Science,Chapter 9 Force And Laws Of Motion,,,Multiple Choice Question (Online),Which force will not cause an object to move?,2, Unbalanced force, Balanced force, Both balanced and unbalanced forces,None of the Above,,Other,Hard,,,NCERT Science Class 9 Chapter 9 Force And Laws Of Motion Multiple Choice Question (Quiz) 14,1
CBSE,Class 9,Science,NCERT Science,Chapter 9 Force And Laws Of Motion,,,Multiple Choice Question (Online),What will happen if we apply balanced force on a stationary object?,1, It will remain stationary., It will accelerate it., It will start moving.,None of the Above,,Other,Hard,,,NCERT Science Class 9 Chapter 9 Force And Laws Of Motion Multiple Choice Question (Quiz) 15,1
CBSE,Class 9,Science,NCERT Science,Chapter 9 Force And Laws Of Motion,,,Multiple Choice Question (Online),What will happen if we apply balanced force on an object moving with some speed?,3, It will become stationary., It will change its direction of motion., It will not cause any change in it.,None of the Above,,Other,Hard,,,NCERT Science Class 9 Chapter 9 Force And Laws Of Motion Multiple Choice Question (Quiz) 16,1
CBSE,Class 9,Science,NCERT Science,Chapter 9 Force And Laws Of Motion,,,Multiple Choice Question (Online),"When forces are balanced, what happens to an object?",2, It will accelerate., Its motion will not change., It will decelerate.,None of the Above,,Other,Hard,,,NCERT Science Class 9 Chapter 9 Force And Laws Of Motion Multiple Choice Question (Quiz) 17,1
CBSE,Class 9,Science,NCERT Science,Chapter 9 Force And Laws Of Motion,,,Multiple Choice Question (Online),"Two football linemen A and B push against each other in practice. They do not move, but  then lineman B moves forward and lineman A moves backward. Why does this happen?",2," Because the linemen push in different directions, the net force is not zero"," Lineman A pushes with a greater force, causing a net force that acts in his direction."," The forces are balanced, but then lineman B exerts a greater force, causing unbalanced force.",None of the Above,,Other,Hard,,,NCERT Science Class 9 Chapter 9 Force And Laws Of Motion Multiple Choice Question (Quiz) 18,1
CBSE,Class 9,Science,NCERT Science,Chapter 9 Force And Laws Of Motion,,,Multiple Choice Question (Online),What causes objects to move?,2, Balanced forces, Unbalanced forces, Velocity,None of the Above,,Other,Hard,,,NCERT Science Class 9 Chapter 9 Force And Laws Of Motion Multiple Choice Question (Quiz) 19,1
CBSE,Class 9,Science,NCERT Science,Chapter 9 Force And Laws Of Motion,,,Multiple Choice Question (Online),"Two strings X and Y are tied to the two opposite faces of the block as shown in figure. If we pull the string X with more force than string Y, then block will",1, move towards left, move towards right, not move,None of the Above,,Other,Hard,,,NCERT Science Class 9 Chapter 9 Force And Laws Of Motion Multiple Choice Question (Quiz) 20,1
CBSE,Class 9,Science,NCERT Science,Chapter 9 Force And Laws Of Motion,,,Multiple Choice Question (Online),If two forces of different magnitudes pull the block then the block would,2, begin to move in the direction of the smaller force, begin to move in the direction of the larger force, not move,None of the Above,,Other,Hard,,,NCERT Science Class 9 Chapter 9 Force And Laws Of Motion Multiple Choice Question (Quiz) 21,1
CBSE,Class 9,Science,NCERT Science,Chapter 9 Force And Laws Of Motion,,,Multiple Choice Question (Online),In which direction does an unbalanced force act?,1, In the direction of motion of the object, In the opposite direction of motion of the object, In the upward direction of the motion of an object,None of the Above,,Other,Hard,,,NCERT Science Class 9 Chapter 9 Force And Laws Of Motion Multiple Choice Question (Quiz) 22,1
CBSE,Class 9,Science,NCERT Science,Chapter 9 Force And Laws Of Motion,,,Multiple Choice Question (Online),Forces that are unequal in magnitude but in opposite direction are called,2, balanced forces, unbalanced forces, applied forces,None of the Above,,Other,Hard,,,NCERT Science Class 9 Chapter 9 Force And Laws Of Motion Multiple Choice Question (Quiz) 23,1
CBSE,Class 9,Science,NCERT Science,Chapter 9 Force And Laws Of Motion,,,Multiple Choice Question (Online),If two unbalanced forces act on an object then the net force is,1, not zero, zero, not calculated,None of the Above,,Other,Hard,,,NCERT Science Class 9 Chapter 9 Force And Laws Of Motion Multiple Choice Question (Quiz) 24,1
CBSE,Class 9,Science,NCERT Science,Chapter 9 Force And Laws Of Motion,,,Multiple Choice Question (Online),What is the impact of the unbalanced force on a stationary body?,2, The body remains in stationary position., The body starts moving., Either the body remains in stationary position or it starts moving.,None of the Above,,Other,Hard,,,NCERT Science Class 9 Chapter 9 Force And Laws Of Motion Multiple Choice Question (Quiz) 25,1
CBSE,Class 9,Science,NCERT Science,Chapter 9 Force And Laws Of Motion,,,Multiple Choice Question (Online),What is the impact of the unbalanced force on a moving object?,2, It will become thin., Its speed will change., No change will occur.,None of the Above,,Other,Hard,,,NCERT Science Class 9 Chapter 9 Force And Laws Of Motion Multiple Choice Question (Quiz) 26,1
CBSE,Class 9,Science,NCERT Science,Chapter 9 Force And Laws Of Motion,,,Multiple Choice Question (Online),Which of the following options is correct? (i) Unbalanced forces are not equal. (ii) Unbalanced forces can change the direction of a stationary object. (iii) Unbalanced forces can change the motion of a moving object.,3, Only (i) and (ii) are correct., Only (ii) and (iii) are correct.," All (i), (ii) and (iii) are correct.",None of the Above,,Other,Hard,,,NCERT Science Class 9 Chapter 9 Force And Laws Of Motion Multiple Choice Question (Quiz) 27,1
CBSE,Class 9,Science,NCERT Science,Chapter 9 Force And Laws Of Motion,,,Multiple Choice Question (Online),Which force arises only between two surfaces in contact?,3, Balanced force, Unbalanced force, Friction force,None of the Above,,Other,Hard,,,NCERT Science Class 9 Chapter 9 Force And Laws Of Motion Multiple Choice Question (Quiz) 28,1
CBSE,Class 9,Science,NCERT Science,Chapter 9 Force And Laws Of Motion,,,Multiple Choice Question (Online),"In the given figure, two forces are acting on a box. The box does not move because of",2, unbalanced force, frictional force, applied force,None of the Above,,Other,Hard,,,NCERT Science Class 9 Chapter 9 Force And Laws Of Motion Multiple Choice Question (Quiz) 29,1
CBSE,Class 9,Science,NCERT Science,Chapter 9 Force And Laws Of Motion,,,Multiple Choice Question (Online),What is the direction of the friction force?,1, It is opposite to the direction of applied force., It is in the direction of applied force., It is in upward direction to applied force.,None of the Above,,Other,Hard,,,NCERT Science Class 9 Chapter 9 Force And Laws Of Motion Multiple Choice Question (Quiz) 30,1
CBSE,Class 9,Science,NCERT Science,Chapter 9 Force And Laws Of Motion,,,Multiple Choice Question (Online),"In the given figure, a boy is pushing a box but the box is not moving because Insert Image",2, the frictional force < applied force, the frictional force > applied force, the frictional force  0,None of the Above,,Other,Hard,,,NCERT Science Class 9 Chapter 9 Force And Laws Of Motion Multiple Choice Question (Quiz) 31,1
CBSE,Class 9,Science,NCERT Science,Chapter 9 Force And Laws Of Motion,,,Multiple Choice Question (Online),A boy pushes a stationary heavy box but it does not move. So he must apply a force that is,1, greater than the force of friction, smaller than the force of friction, equal to the force of friction,None of the Above,,Other,Hard,,,NCERT Science Class 9 Chapter 9 Force And Laws Of Motion Multiple Choice Question (Quiz) 32,1
CBSE,Class 9,Science,NCERT Science,Chapter 9 Force And Laws Of Motion,,,Multiple Choice Question (Online),"While riding bicycle, when we stop pedaling, the bicycle begins to slow down because of",2, friction force acting to the direction of motion, friction force acting opposite to the direction of motion, no friction force,None of the Above,,Other,Hard,,,NCERT Science Class 9 Chapter 9 Force And Laws Of Motion Multiple Choice Question (Quiz) 33,1
CBSE,Class 9,Science,NCERT Science,Chapter 9 Force And Laws Of Motion,,,Multiple Choice Question (Online),An object moves with uniform velocity when the forces acting on the object are,2, unbalanced and net external force is acting on it, balanced and no net external force is acting on it, either balanced or unbalanced depends on net external force,None of the Above,,Other,Hard,,,NCERT Science Class 9 Chapter 9 Force And Laws Of Motion Multiple Choice Question (Quiz) 34,1
CBSE,Class 9,Science,NCERT Science,Chapter 9 Force And Laws Of Motion,,,Multiple Choice Question (Online),"To change the direction or speed of an object, we require",2, a balanced force only, an unbalanced force only, either a balanced or an unbalanced force,None of the Above,,Other,Hard,,,NCERT Science Class 9 Chapter 9 Force And Laws Of Motion Multiple Choice Question (Quiz) 35,1
CBSE,Class 9,Science,NCERT Science,Chapter 9 Force And Laws Of Motion,,,Multiple Choice Question (Online),The first scientist to introduce the concept of inertia was,2, Newton, Galileo, Aristotle,None of the Above,,Other,Hard,,,NCERT Science Class 9 Chapter 9 Force And Laws Of Motion Multiple Choice Question (Quiz) 36,1
CBSE,Class 9,Science,NCERT Science,Chapter 9 Force And Laws Of Motion,,,Multiple Choice Question (Online),What did Galileo deduce?,2, An object tends to roll down on inclined plane., An object in motion tends to stay in motion., An object in motion tends to slow down.,None of the Above,,Other,Hard,,,NCERT Science Class 9 Chapter 9 Force And Laws Of Motion Multiple Choice Question (Quiz) 37,1
CBSE,Class 9,Science,NCERT Science,Chapter 9 Force And Laws Of Motion,,,Multiple Choice Question (Online),Galileo’s use of inclined planes allowed him to effectively,1, slow down the ball’s changes in speed, reduce the time of the ball’s changes in speed, eliminate all changes in speed,None of the Above,,Other,Hard,,,NCERT Science Class 9 Chapter 9 Force And Laws Of Motion Multiple Choice Question (Quiz) 38,1
CBSE,Class 9,Science,NCERT Science,Chapter 9 Force And Laws Of Motion,,,Multiple Choice Question (Online),"Galileo argued that when the marble is released from left, it would roll down the slope and go up on the opposite side to the",2, more height from which it was released, same height from which it was released, lesser height from which it was released,None of the Above,,Other,Hard,,,NCERT Science Class 9 Chapter 9 Force And Laws Of Motion Multiple Choice Question (Quiz) 39,1
CBSE,Class 9,Science,NCERT Science,Chapter 9 Force And Laws Of Motion,,,Multiple Choice Question (Online),"According to Galileo, in which case the ball would travel more distance to achieve original height?",2, In (i), In (ii), In both the cases height would be same.,None of the Above,,Other,Hard,,,NCERT Science Class 9 Chapter 9 Force And Laws Of Motion Multiple Choice Question (Quiz) 40,1
CBSE,Class 9,Science,NCERT Science,Chapter 9 Force And Laws Of Motion,,,Multiple Choice Question (Online),"According to Galileo observation, if the right side plane ultimately made horizontal, (i) the marble would continue to travel further forever trying to reach the same height that it was released (ii) the unbalanced forces in this case on marble is zero. Choose the correct option according to this observation.",3, Only (i) is correct., Only (ii) is correct., Both (i) and (ii) are correct.,None of the Above,,Other,Hard,,,NCERT Science Class 9 Chapter 9 Force And Laws Of Motion Multiple Choice Question (Quiz) 41,1
CBSE,Class 9,Science,NCERT Science,Chapter 9 Force And Laws Of Motion,,,Multiple Choice Question (Online),"In Galileo’s interpretation of motion, Galileo emphasized",2, the acceleration of free fall, the role of distance in describing motion, time rates,None of the Above,,Other,Hard,,,NCERT Science Class 9 Chapter 9 Force And Laws Of Motion Multiple Choice Question (Quiz) 42,1
CBSE,Class 9,Science,NCERT Science,Chapter 9 Force And Laws Of Motion,,,Multiple Choice Question (Online),In practical situation it is difficult to achieve a zero unbalanced force because,1, of the presence of the frictional force acting opposite to the direction of motion, of the presence of the frictional force acting to the same direction of motion, of zero frictional force,None of the Above,,Other,Hard,,,NCERT Science Class 9 Chapter 9 Force And Laws Of Motion Multiple Choice Question (Quiz) 43,1
CBSE,Class 9,Science,NCERT Science,Chapter 9 Force And Laws Of Motion,,,Multiple Choice Question (Online),The effect of frictional force may be minimized by using,3, a smooth marble and a smooth plane, providing a lubricant on top of the planes, Both and B.,None of the Above,,Other,Hard,,,NCERT Science Class 9 Chapter 9 Force And Laws Of Motion Multiple Choice Question (Quiz) 44,1
CBSE,Class 9,Science,NCERT Science,Chapter 9 Force And Laws Of Motion,,,Multiple Choice Question (Online),Law of motions were stated by scientist(s) named as,1, Issac Newton, Galileo, Issac Newton and Galileo,None of the Above,,Other,Hard,,,NCERT Science Class 9 Chapter 9 Force And Laws Of Motion Multiple Choice Question (Quiz) 45,1
CBSE,Class 9,Science,NCERT Science,Chapter 9 Force And Laws Of Motion,,,Multiple Choice Question (Online),The tendency of undisturbed objects to stay at rest or to keep moving with the same velocity is called,2, first law of motion, inertia, first law of motion or inertia,None of the Above,,Other,Hard,,,NCERT Science Class 9 Chapter 9 Force And Laws Of Motion Multiple Choice Question (Quiz) 46,1
CBSE,Class 9,Science,NCERT Science,Chapter 9 Force And Laws Of Motion,,,Multiple Choice Question (Online),An object in motion stays in motion and an object at rest stays at rest until,2, a balanced force acts on it, an unbalanced force acts on it, objects in motion naturally come to rest,None of the Above,,Other,Hard,,,NCERT Science Class 9 Chapter 9 Force And Laws Of Motion Multiple Choice Question (Quiz) 47,1
CBSE,Class 9,Science,NCERT Science,Chapter 9 Force And Laws Of Motion,,,Multiple Choice Question (Online),Newton’s first law of motion is based on,3, balanced forces, uniform motion of an object, inertia,None of the Above,,Other,Hard,,,NCERT Science Class 9 Chapter 9 Force And Laws Of Motion Multiple Choice Question (Quiz) 48,1
CBSE,Class 9,Science,NCERT Science,Chapter 9 Force And Laws Of Motion,,,Multiple Choice Question (Online),An object in motion will stay in what kind of motion until a net force on it is zero?,2, Accelerated motion in straight line, Constant motion in straight line, Decelerated motion in straight line,None of the Above,,Other,Hard,,,NCERT Science Class 9 Chapter 9 Force And Laws Of Motion Multiple Choice Question (Quiz) 49,1
CBSE,Class 9,Science,NCERT Science,Chapter 9 Force And Laws Of Motion,,,Multiple Choice Question (Online),Newton’s first law of motion states that,3, no net force is needed to sustain the uniform motion of the object., it is difficult to achieve zero unbalanced force., all objects resist a change in their state of motion.,None of the Above,,Other,Hard,,,NCERT Science Class 9 Chapter 9 Force And Laws Of Motion Multiple Choice Question (Quiz) 50,1
CBSE,Class 9,Science,NCERT Science,Chapter 9 Force And Laws Of Motion,,,Multiple Choice Question (Online),Newton’s first law of motion is also known as,2, law of mass, law of inertia, law of force,None of the Above,,Other,Hard,,,NCERT Science Class 9 Chapter 9 Force And Laws Of Motion Multiple Choice Question (Quiz) 51,1
CBSE,Class 9,Science,NCERT Science,Chapter 9 Force And Laws Of Motion,,,Multiple Choice Question (Online),In which direction do the passengers in a stationary bus tend to fall when it starts suddenly?,1, Backward, Forward, Do not fall,None of the Above,,Other,Hard,,,NCERT Science Class 9 Chapter 9 Force And Laws Of Motion Multiple Choice Question (Quiz) 52,1
CBSE,Class 9,Science,NCERT Science,Chapter 9 Force And Laws Of Motion,,,Multiple Choice Question (Online),"Due to inertia of rest, a passenger in a bus tends to fall backward when bus",1, suddenly starts, suddenly stops, either bus starts suddenly or it stops,None of the Above,,Other,Hard,,,NCERT Science Class 9 Chapter 9 Force And Laws Of Motion Multiple Choice Question (Quiz) 53,1
CBSE,Class 9,Science,NCERT Science,Chapter 9 Force And Laws Of Motion,,,Multiple Choice Question (Online),In which direction do the passengers in a moving bus tend to fall when it stops suddenly?,2, Backward, Forward, Do not fall,None of the Above,,Other,Hard,,,NCERT Science Class 9 Chapter 9 Force And Laws Of Motion Multiple Choice Question (Quiz) 54,1
CBSE,Class 9,Science,NCERT Science,Chapter 9 Force And Laws Of Motion,,,Multiple Choice Question (Online),In a moving bus the passenger tends to fall in forward direction due to,2, Inertia of rest, inertia of motion, inertia of direction,None of the Above,,Other,Hard,,,NCERT Science Class 9 Chapter 9 Force And Laws Of Motion Multiple Choice Question (Quiz) 55,1
CBSE,Class 9,Science,NCERT Science,Chapter 9 Force And Laws Of Motion,,,Multiple Choice Question (Online),"When a bus suddenly takes a bend in right direction, the passengers",1, tend to move in left direction, tend to move in right direction, do not move in any direction,None of the Above,,Other,Hard,,,NCERT Science Class 9 Chapter 9 Force And Laws Of Motion Multiple Choice Question (Quiz) 56,1
CBSE,Class 9,Science,NCERT Science,Chapter 9 Force And Laws Of Motion,,,Multiple Choice Question (Online),"When a bus suddenly takes a bend in left direction, the passengers",2, tend to move in left direction, tend to move in right direction, do not move in any direction,None of the Above,,Other,Hard,,,NCERT Science Class 9 Chapter 9 Force And Laws Of Motion Multiple Choice Question (Quiz) 57,1
CBSE,Class 9,Science,NCERT Science,Chapter 9 Force And Laws Of Motion,,,Multiple Choice Question (Online),"When a bus suddenly takes a bend, the passengers are thrown in the outward direction, due to",1, Inertia of motion, Speed of motion, Acceleration of motion,None of the Above,,Other,Hard,,,NCERT Science Class 9 Chapter 9 Force And Laws Of Motion Multiple Choice Question (Quiz) 58,1
CBSE,Class 9,Science,NCERT Science,Chapter 9 Force And Laws Of Motion,,,Multiple Choice Question (Online),Why does dust come out when beaten with stick?,2," Initially the dust particles were at rest and when carpet is beaten with a stick, they come in motion and come out."," Initially particles were at rest and when carpet is beaten with stick, they remain at rest and come out."," Initially particles were at motion and when carpet is beaten with stick, they come to rest and come out.",None of the Above,,Other,Hard,,,NCERT Science Class 9 Chapter 9 Force And Laws Of Motion Multiple Choice Question (Quiz) 59,1
CBSE,Class 9,Science,NCERT Science,Chapter 9 Force And Laws Of Motion,,,Multiple Choice Question (Online),A man falls down when jumps from a moving bus because,2," due to inertia of rest, a man tends to move with the speed of the bus"," due to inertia of motion, a man tends to move with the speed of the bus"," due to no inertia, a man tends to move with the speed of the bus",None of the Above,,Other,Hard,,,NCERT Science Class 9 Chapter 9 Force And Laws Of Motion Multiple Choice Question (Quiz) 60,1
CBSE,Class 9,Science,NCERT Science,Chapter 9 Force And Laws Of Motion,,,Multiple Choice Question (Online),Only the carom coin at the bottom of a pile is removed when a fast moving carom coin (or striker) hits it because of,3, balanced force, decreasing velocity of striker, inertia,None of the Above,,Other,Hard,,,NCERT Science Class 9 Chapter 9 Force And Laws Of Motion Multiple Choice Question (Quiz) 61,1
CBSE,Class 9,Science,NCERT Science,Chapter 9 Force And Laws Of Motion,,,Multiple Choice Question (Online),"Choose the correct option. (i) When the card is flicked with the finger, the coin placed over it falls in the tumbler. (ii) The inertia of the coin tries to maintain its state of rest even when the card flows off when flicked with finger.",3, Only (i) is correct., Only (ii) is correct., Both (i) and (ii) are correct and (ii) is the correct explanation of (i).,None of the Above,,Other,Hard,,,NCERT Science Class 9 Chapter 9 Force And Laws Of Motion Multiple Choice Question (Quiz) 62,1
CBSE,Class 9,Science,NCERT Science,Chapter 9 Force And Laws Of Motion,,,Multiple Choice Question (Online),A groove is provided in a saucer for placing the tea cup because,1, it prevents the cup from toppling over in case of sudden jerks due to inertia of motion, it prevents the cup from toppling over in case of sudden jerks due to inertia of rest, it prevents the cup from toppling over in case of sudden jerks due to no inertia,None of the Above,,Other,Hard,,,NCERT Science Class 9 Chapter 9 Force And Laws Of Motion Multiple Choice Question (Quiz) 63,1
CBSE,Class 9,Science,NCERT Science,Chapter 9 Force And Laws Of Motion,,,Multiple Choice Question (Online),Heavier or massive objects offer _______ inertia.,2, smaller, larger, no,None of the Above,,Other,Hard,,,NCERT Science Class 9 Chapter 9 Force And Laws Of Motion Multiple Choice Question (Quiz) 64,1
CBSE,Class 9,Science,NCERT Science,Chapter 9 Force And Laws Of Motion,,,Multiple Choice Question (Online),Inertia of an object with more mass is,2, smaller, larger, equal,None of the Above,,Other,Hard,,,NCERT Science Class 9 Chapter 9 Force And Laws Of Motion Multiple Choice Question (Quiz) 65,1
CBSE,Class 9,Science,NCERT Science,Chapter 9 Force And Laws Of Motion,,,Multiple Choice Question (Online),Inertia of an object is measured by its,2, material, mass, volume,None of the Above,,Other,Hard,,,NCERT Science Class 9 Chapter 9 Force And Laws Of Motion Multiple Choice Question (Quiz) 66,1
CBSE,Class 9,Science,NCERT Science,Chapter 9 Force And Laws Of Motion,,,Multiple Choice Question (Online),Inertia of an object depends on its,2, shape, mass, energy,None of the Above,,Other,Hard,,,NCERT Science Class 9 Chapter 9 Force And Laws Of Motion Multiple Choice Question (Quiz) 67,1
CBSE,Class 9,Science,NCERT Science,Chapter 9 Force And Laws Of Motion,,,Multiple Choice Question (Online),The mass of an object is a measure of its,2, size, inertia, shape,None of the Above,,Other,Hard,,,NCERT Science Class 9 Chapter 9 Force And Laws Of Motion Multiple Choice Question (Quiz) 68,1
CBSE,Class 9,Science,NCERT Science,Chapter 9 Force And Laws Of Motion,,,Multiple Choice Question (Online),"When an external force acts on an object, its _______ changes.",2, mass, velocity, density,None of the Above,,Other,Hard,,,NCERT Science Class 9 Chapter 9 Force And Laws Of Motion Multiple Choice Question (Quiz) 69,1
CBSE,Class 9,Science,NCERT Science,Chapter 9 Force And Laws Of Motion,,,Multiple Choice Question (Online),"When the velocity of an object changes due to the unbalanced force, the object gets",3, mass, speed, acceleration,None of the Above,,Other,Hard,,,NCERT Science Class 9 Chapter 9 Force And Laws Of Motion Multiple Choice Question (Quiz) 70,1
CBSE,Class 9,Science,NCERT Science,Chapter 9 Force And Laws Of Motion,,,Multiple Choice Question (Online),Which of the following has zero velocity?,3, An object moves with constant speed, An object moves with zero acceleration, An object does not move,None of the Above,,Other,Hard,,,NCERT Science Class 9 Chapter 9 Force And Laws Of Motion Multiple Choice Question (Quiz) 71,1
CBSE,Class 9,Science,NCERT Science,Chapter 9 Force And Laws Of Motion,,,Multiple Choice Question (Online),The impact produced by an object depends upon,3, its mass only, its velocity only, its mass as well as its velocity,None of the Above,,Other,Hard,,,NCERT Science Class 9 Chapter 9 Force And Laws Of Motion Multiple Choice Question (Quiz) 72,1
CBSE,Class 9,Science,NCERT Science,Chapter 9 Force And Laws Of Motion,,,Multiple Choice Question (Online),The quantity which combines the mass and velocity of an object is known as,1, momentum, inertia, force,None of the Above,,Other,Hard,,,NCERT Science Class 9 Chapter 9 Force And Laws Of Motion Multiple Choice Question (Quiz) 73,1
CBSE,Class 9,Science,NCERT Science,Chapter 9 Force And Laws Of Motion,,,Multiple Choice Question (Online),_________ was introduced by Newton.,2, Velocity, Momentum, Acceleration,None of the Above,,Other,Hard,,,NCERT Science Class 9 Chapter 9 Force And Laws Of Motion Multiple Choice Question (Quiz) 74,1
CBSE,Class 9,Science,NCERT Science,Chapter 9 Force And Laws Of Motion,,,Multiple Choice Question (Online),Momentum of an object is the product of,2, its mass and time, its mass and velocity, its velocity and time,None of the Above,,Other,Hard,,,NCERT Science Class 9 Chapter 9 Force And Laws Of Motion Multiple Choice Question (Quiz) 75,1
CBSE,Class 9,Science,NCERT Science,Chapter 9 Force And Laws Of Motion,,,Multiple Choice Question (Online),Momentum is denoted by,1, m, p, P,None of the Above,,Other,Hard,,,NCERT Science Class 9 Chapter 9 Force And Laws Of Motion Multiple Choice Question (Quiz) 76,1
CBSE,Class 9,Science,NCERT Science,Chapter 9 Force And Laws Of Motion,,,Multiple Choice Question (Online),How does momentum depend on mass?,1, It increases with the increase in mass., It decreases with the increase in mass., It remains same whether the mass is increased or decreased.,None of the Above,,Other,Hard,,,NCERT Science Class 9 Chapter 9 Force And Laws Of Motion Multiple Choice Question (Quiz) 77,1
CBSE,Class 9,Science,NCERT Science,Chapter 9 Force And Laws Of Motion,,,Multiple Choice Question (Online),How does the momentum depend on velocity?,2, It decreases with increase in velocity., It increases with increase in velocity., It does not depend on velocity.,None of the Above,,Other,Hard,,,NCERT Science Class 9 Chapter 9 Force And Laws Of Motion Multiple Choice Question (Quiz) 78,1
CBSE,Class 9,Science,NCERT Science,Chapter 9 Force And Laws Of Motion,,,Multiple Choice Question (Online),The SI unit of momentum is,1, kg m/s, kg m/s2, kg m s,None of the Above,,Other,Hard,,,NCERT Science Class 9 Chapter 9 Force And Laws Of Motion Multiple Choice Question (Quiz) 79,1
CBSE,Class 9,Science,NCERT Science,Chapter 9 Force And Laws Of Motion,,,Multiple Choice Question (Online),Momentum has,3, magnitude only, direction only, both magnitude and direction,None of the Above,,Other,Hard,,,NCERT Science Class 9 Chapter 9 Force And Laws Of Motion Multiple Choice Question (Quiz) 80,1
CBSE,Class 9,Science,NCERT Science,Chapter 9 Force And Laws Of Motion,,,Multiple Choice Question (Online),Momentum is a,2, scalar quantity, vector quantity, directionless quantity,None of the Above,,Other,Hard,,,NCERT Science Class 9 Chapter 9 Force And Laws Of Motion Multiple Choice Question (Quiz) 81,1
CBSE,Class 9,Science,NCERT Science,Chapter 9 Force And Laws Of Motion,,,Multiple Choice Question (Online),Momentum has direction due to,2, mass, velocity, mass as well as velocity,None of the Above,,Other,Hard,,,NCERT Science Class 9 Chapter 9 Force And Laws Of Motion Multiple Choice Question (Quiz) 82,1
CBSE,Class 9,Science,NCERT Science,Chapter 9 Force And Laws Of Motion,,,Multiple Choice Question (Online),The direction of momentum is the direction of,2, acceleration, velocity, acceleration and velocity,None of the Above,,Other,Hard,,,NCERT Science Class 9 Chapter 9 Force And Laws Of Motion Multiple Choice Question (Quiz) 83,1
CBSE,Class 9,Science,NCERT Science,Chapter 9 Force And Laws Of Motion,,,Multiple Choice Question (Online),How can a force produce a change of momentum?,2, By changing mass of the object, By changing velocity of the object, By changing both the mass and velocity of the object,None of the Above,,Other,Hard,,,NCERT Science Class 9 Chapter 9 Force And Laws Of Motion Multiple Choice Question (Quiz) 84,1
CBSE,Class 9,Science,NCERT Science,Chapter 9 Force And Laws Of Motion,,,Multiple Choice Question (Online),The change in momentum is determined by the,3, magnitude of force, rate at which it changes, magnitude of force as well as the rate at which momentum changes,None of the Above,,Other,Hard,,,NCERT Science Class 9 Chapter 9 Force And Laws Of Motion Multiple Choice Question (Quiz) 85,1
CBSE,Class 9,Science,NCERT Science,Chapter 9 Force And Laws Of Motion,,,Multiple Choice Question (Online),The second law of Newton states that,2, an object will remain at rest or in uniform motion in a straight line unless acted upon by an external force, the rate of change of momentum of an object is proportional to the applied unbalanced force in the direction of force, momentum is the product of mass and velocity and is in the direction of velocity,None of the Above,,Other,Hard,,,NCERT Science Class 9 Chapter 9 Force And Laws Of Motion Multiple Choice Question (Quiz) 86,1
CBSE,Class 9,Science,NCERT Science,Chapter 9 Force And Laws Of Motion,,,Multiple Choice Question (Online),The change in velocity or change in momentum of an object is due to the,2, balanced force, unbalanced force, no force applied,None of the Above,,Other,Hard,,,NCERT Science Class 9 Chapter 9 Force And Laws Of Motion Multiple Choice Question (Quiz) 87,1
CBSE,Class 9,Science,NCERT Science,Chapter 9 Force And Laws Of Motion,,,Multiple Choice Question (Online),Newton’s law which states that net force on a body is equal to product of body’s mass and its acceleration is,2, first law of motion, second law of motion, third law of motion,None of the Above,,Other,Hard,,,NCERT Science Class 9 Chapter 9 Force And Laws Of Motion Multiple Choice Question (Quiz) 88,1
CBSE,Class 9,Science,NCERT Science,Chapter 9 Force And Laws Of Motion,,,Multiple Choice Question (Online),F = ma is the ( where symbols have their usual meaning),2, first law of motion, second law of motion, third law of motion,None of the Above,,Other,Hard,,,NCERT Science Class 9 Chapter 9 Force And Laws Of Motion Multiple Choice Question (Quiz) 89,1
CBSE,Class 9,Science,NCERT Science,Chapter 9 Force And Laws Of Motion,,,Multiple Choice Question (Online),Newton’s 2nd law gives the quantitative definition of,3, acceleration, inertia, force,None of the Above,,Other,Hard,,,NCERT Science Class 9 Chapter 9 Force And Laws Of Motion Multiple Choice Question (Quiz) 90,1
CBSE,Class 9,Science,NCERT Science,Chapter 9 Force And Laws Of Motion,,,Multiple Choice Question (Online),The SI unit of force is,1, Newton, kg m/s2, m/s2,None of the Above,,Other,Hard,,,NCERT Science Class 9 Chapter 9 Force And Laws Of Motion Multiple Choice Question (Quiz) 91,1
CBSE,Class 9,Science,NCERT Science,Chapter 9 Force And Laws Of Motion,,,Multiple Choice Question (Online),kg m/s2 is the unit of,2, momentum, force, change in momentum,None of the Above,,Other,Hard,,,NCERT Science Class 9 Chapter 9 Force And Laws Of Motion Multiple Choice Question (Quiz) 92,1
CBSE,Class 9,Science,NCERT Science,Chapter 9 Force And Laws Of Motion,,,Multiple Choice Question (Online),Which symbol is used to denote the unit of force?,2, F, N, Nm,None of the Above,,Other,Hard,,,NCERT Science Class 9 Chapter 9 Force And Laws Of Motion Multiple Choice Question (Quiz) 93,1
CBSE,Class 9,Science,NCERT Science,Chapter 9 Force And Laws Of Motion,,,Multiple Choice Question (Online),2nd law of motion gives the method to measure the force acting on an object as a product of its,3, momentum and time, acceleration and momentum, mass and acceleration,None of the Above,,Other,Hard,,,NCERT Science Class 9 Chapter 9 Force And Laws Of Motion Multiple Choice Question (Quiz) 94,1
CBSE,Class 9,Science,NCERT Science,Chapter 9 Force And Laws Of Motion,,,Multiple Choice Question (Online),"If more force is applied to an object,",2, less acceleration is produced in the body, more acceleration is produced in the body, no acceleration is produced in the body,None of the Above,,Other,Hard,,,NCERT Science Class 9 Chapter 9 Force And Laws Of Motion Multiple Choice Question (Quiz) 95,1
CBSE,Class 9,Science,NCERT Science,Chapter 9 Force And Laws Of Motion,,,Multiple Choice Question (Online),"As per the formula a = F/m, if the mass of an object is increased and the force applied is constant then the acceleration produced is",2, also more, less, not changed,None of the Above,,Other,Hard,,,NCERT Science Class 9 Chapter 9 Force And Laws Of Motion Multiple Choice Question (Quiz) 96,1
CBSE,Class 9,Science,NCERT Science,Chapter 9 Force And Laws Of Motion,,,Multiple Choice Question (Online),Acceleration and mass are _________ each other.,2, directly proportional to, inversely proportional to, independent of,None of the Above,,Other,Hard,,,NCERT Science Class 9 Chapter 9 Force And Laws Of Motion Multiple Choice Question (Quiz) 97,1
CBSE,Class 9,Science,NCERT Science,Chapter 9 Force And Laws Of Motion,,,Multiple Choice Question (Online),Acceleration and force are ________ each other.,2, inversely proportional to, directly proportional to, independent of,None of the Above,,Other,Hard,,,NCERT Science Class 9 Chapter 9 Force And Laws Of Motion Multiple Choice Question (Quiz) 98,1
CBSE,Class 9,Science,NCERT Science,Chapter 9 Force And Laws Of Motion,,,Multiple Choice Question (Online),"While catching a fast moving ball, a fielder in the ground gradually pulls his hand backwards to",2, increase the impact of fast moving ball by decreasing the acceleration, decrease the impact of fast moving ball by decreasing the acceleration, increase the impact of fast moving ball by increasing the acceleration,None of the Above,,Other,Hard,,,NCERT Science Class 9 Chapter 9 Force And Laws Of Motion Multiple Choice Question (Quiz) 99,1
CBSE,Class 9,Science,NCERT Science,Chapter 9 Force And Laws Of Motion,,,Multiple Choice Question (Online),"According to Newton’s second law of motion, if time increases then impact of force",1, decreases, increases, does not change,None of the Above,,Other,Hard,,,NCERT Science Class 9 Chapter 9 Force And Laws Of Motion Multiple Choice Question (Quiz) 100,1
CBSE,Class 9,Science,NCERT Science,Chapter 9 Force And Laws Of Motion,,,Multiple Choice Question (Online),"Choose the correct option. (i) In a high jump, an athlete is made to fall in either on cushioned bed or on a sand bed. (ii) In a high jump, if time of fall of the athlete on cushioned bed or sand is increased, this decreases the rate of change of momentum.",3, Only (i) is correct., Only (ii) is correct., Both (i) and (ii) are correct and (ii) is the correct explanation of (i).,None of the Above,,Other,Hard,,,NCERT Science Class 9 Chapter 9 Force And Laws Of Motion Multiple Choice Question (Quiz) 101,1
CBSE,Class 9,Science,NCERT Science,Chapter 9 Force And Laws Of Motion,,,Multiple Choice Question (Online),A karate player breaks a slab of ice with a single blow because by doing so in a short interval of time he,2, decreases the impact of force, increases the impact of force, decreases the velocity,None of the Above,,Other,Hard,,,NCERT Science Class 9 Chapter 9 Force And Laws Of Motion Multiple Choice Question (Quiz) 102,1
CBSE,Class 9,Science,NCERT Science,Chapter 9 Force And Laws Of Motion,,,Multiple Choice Question (Online),Newton’s second law of motion is used to derive mathematical expression for,1, Newton’s first law of motion, Newton’s third law of motion, equations of motion of an object,None of the Above,,Other,Hard,,,NCERT Science Class 9 Chapter 9 Force And Laws Of Motion Multiple Choice Question (Quiz) 103,1
CBSE,Class 9,Science,NCERT Science,Chapter 9 Force And Laws Of Motion,,,Multiple Choice Question (Online),"In Ft = mv – mu, if F = 0 then v = u. This means that",1," the object will continue to move with uniform velocity, u throughout the time, t", the object will remain at rest, the object will move with non uniform velocity and then come to rest,None of the Above,,Other,Hard,,,NCERT Science Class 9 Chapter 9 Force And Laws Of Motion Multiple Choice Question (Quiz) 104,1
CBSE,Class 9,Science,NCERT Science,Chapter 9 Force And Laws Of Motion,,,Multiple Choice Question (Online),"In Ft = mv – mu, if F and u are zero then",2," the object will move with uniform velocity, v", v is zero and the object will remain at rest, v is zero and the object will move with non-uniform velocity,None of the Above,,Other,Hard,,,NCERT Science Class 9 Chapter 9 Force And Laws Of Motion Multiple Choice Question (Quiz) 105,1
CBSE,Class 9,Science,NCERT Science,Chapter 9 Force And Laws Of Motion,,,Multiple Choice Question (Online),Which of the following laws tell us how an applied force changes the motion?,1, First and second laws of motion, Second and third laws of motion, First and third laws of motion,None of the Above,,Other,Hard,,,NCERT Science Class 9 Chapter 9 Force And Laws Of Motion Multiple Choice Question (Quiz) 106,1
CBSE,Class 9,Science,NCERT Science,Chapter 9 Force And Laws Of Motion,,,Multiple Choice Question (Online),For every action there is equal and opposite reaction refers to which law?,3, Newton’s first law of motion, Newton’s second law of motion, Newton’s third law of motion,None of the Above,,Other,Hard,,,NCERT Science Class 9 Chapter 9 Force And Laws Of Motion Multiple Choice Question (Quiz) 107,1
CBSE,Class 9,Science,NCERT Science,Chapter 9 Force And Laws Of Motion,,,Multiple Choice Question (Online),Action and reaction forces are _______ in magnitude and _______ in direction.,3, same; same, different; opposite, equal; opposite,None of the Above,,Other,Hard,,,NCERT Science Class 9 Chapter 9 Force And Laws Of Motion Multiple Choice Question (Quiz) 108,1
CBSE,Class 9,Science,NCERT Science,Chapter 9 Force And Laws Of Motion,,,Multiple Choice Question (Online),"According to third law of motion, two forces are known as",3, balanced forces, unbalanced forces, action and reaction forces,None of the Above,,Other,Hard,,,NCERT Science Class 9 Chapter 9 Force And Laws Of Motion Multiple Choice Question (Quiz) 109,1
CBSE,Class 9,Science,NCERT Science,Chapter 9 Force And Laws Of Motion,,,Multiple Choice Question (Online),"In the given figure, spring balance A shows ________ force and spring balance B shows ___________ force.",1, action; reaction, reaction; action, action; action,None of the Above,,Other,Hard,,,NCERT Science Class 9 Chapter 9 Force And Laws Of Motion Multiple Choice Question (Quiz) 110,1
CBSE,Class 9,Science,NCERT Science,Chapter 9 Force And Laws Of Motion,,,Multiple Choice Question (Online),How is the activity shown below justify the Newton’s third law of motion?,2, The force exerted by spring balance A on balance B is equal and in the same direction to the force exerted by B on A., The force exerted by spring balance A on balance B is equal and in the opposite direction to the force exerted by B on A., The force exerted by spring balance A on balance B is not equal but in the same direction to the force exerted by B on A.,None of the Above,,Other,Hard,,,NCERT Science Class 9 Chapter 9 Force And Laws Of Motion Multiple Choice Question (Quiz) 111,1
CBSE,Class 9,Science,NCERT Science,Chapter 9 Force And Laws Of Motion,,,Multiple Choice Question (Online),Which Newton’s law of motion is shown by the given activity?,3, First law of motion, Second law of motion, Third law of motion,None of the Above,,Other,Hard,,,NCERT Science Class 9 Chapter 9 Force And Laws Of Motion Multiple Choice Question (Quiz) 112,1
CBSE,Class 9,Science,NCERT Science,Chapter 9 Force And Laws Of Motion,,,Multiple Choice Question (Online),Two forces which make up Newton’s third law can,2, act on same object, act on different objects, not act at same time,None of the Above,,Other,Hard,,,NCERT Science Class 9 Chapter 9 Force And Laws Of Motion Multiple Choice Question (Quiz) 113,1
CBSE,Class 9,Science,NCERT Science,Chapter 9 Force And Laws Of Motion,,,Multiple Choice Question (Online),"Which law does explain why when you put a book on a table, the table pushes on the book?",3, First law of motion, Second law of motion, Third law of motion,None of the Above,,Other,Hard,,,NCERT Science Class 9 Chapter 9 Force And Laws Of Motion Multiple Choice Question (Quiz) 114,1
CBSE,Class 9,Science,NCERT Science,Chapter 9 Force And Laws Of Motion,,,Multiple Choice Question (Online),A book rests on a table. The force of gravity pulls down on the book with a force of 20 N. What prevents the book from accelerating downward at 9.8 m/sec2?,1, The table presses back up on the book with an equal and opposite force of 20 N., The table and the book together are accelerating downwards at 9.8 m/sec2., The inertia of the book holds it up.,None of the Above,,Other,Hard,,,NCERT Science Class 9 Chapter 9 Force And Laws Of Motion Multiple Choice Question (Quiz) 115,1
CBSE,Class 9,Science,NCERT Science,Chapter 9 Force And Laws Of Motion,,,Multiple Choice Question (Online),What makes us move forward?,1," When we walk, our feet push the ground backward and the reaction acts in the opposite direction."," When we walk, our feet push the ground backward and the reaction acts in the same direction."," When we walk, our feet push the ground forward and the reaction acts in the opposite direction.",None of the Above,,Other,Hard,,,NCERT Science Class 9 Chapter 9 Force And Laws Of Motion Multiple Choice Question (Quiz) 116,1
CBSE,Class 9,Science,NCERT Science,Chapter 9 Force And Laws Of Motion,,,Multiple Choice Question (Online),"In the given figure, forces exerted are in",1, opposite directions, same directions, perpendicular directions,None of the Above,,Other,Hard,,,NCERT Science Class 9 Chapter 9 Force And Laws Of Motion Multiple Choice Question (Quiz) 117,1
CBSE,Class 9,Science,NCERT Science,Chapter 9 Force And Laws Of Motion,,,Multiple Choice Question (Online),"When a boatman pushes the bank of river with a pole in the backward direction, the bank offers an equal and opposite reaction which makes the boat",2, stationary, move forward, sink in the river,None of the Above,,Other,Hard,,,NCERT Science Class 9 Chapter 9 Force And Laws Of Motion Multiple Choice Question (Quiz) 118,1
CBSE,Class 9,Science,NCERT Science,Chapter 9 Force And Laws Of Motion,,,Multiple Choice Question (Online),"When a man walks on sand but he feels difficulty, does the third law of motion hold in this case?",1, Yes, No, Cannot say,None of the Above,,Other,Hard,,,NCERT Science Class 9 Chapter 9 Force And Laws Of Motion Multiple Choice Question (Quiz) 119,1
CBSE,Class 9,Science,NCERT Science,Chapter 9 Force And Laws Of Motion,,,Multiple Choice Question (Online),"Choose the correct option. (i) We cannot swim on the water as fast as we can run on the ground. (ii) The water yields, when we push it backward with our hands.",3, Only (i) is correct., Only (ii) is correct., Both (i) and (ii) are correct and (ii) is the reason of (i).,None of the Above,,Other,Hard,,,NCERT Science Class 9 Chapter 9 Force And Laws Of Motion Multiple Choice Question (Quiz) 120,1
CBSE,Class 9,Science,NCERT Science,Chapter 9 Force And Laws Of Motion,,,Multiple Choice Question (Online),"Choose the correct option. (i) The boatman always ties his boat, before allowing the passengers to disembark. (ii) To avoid sliding of boat backward into the water, the boatman ties the boat.",3, Only (i) is correct., Only (ii) is correct., Both (i) and (ii) are correct.,None of the Above,,Other,Hard,,,NCERT Science Class 9 Chapter 9 Force And Laws Of Motion Multiple Choice Question (Quiz) 121,1
CBSE,Class 9,Science,NCERT Science,Chapter 9 Force And Laws Of Motion,,,Multiple Choice Question (Online),"When a gun is fired, action force acts on the __________ and reaction force acts on the ________.",2, gun; bullet, bullet; gun, bullet; target,None of the Above,,Other,Hard,,,NCERT Science Class 9 Chapter 9 Force And Laws Of Motion Multiple Choice Question (Quiz) 122,1
CBSE,Class 9,Science,NCERT Science,Chapter 9 Force And Laws Of Motion,,,Multiple Choice Question (Online),"In the recoil of gun and bullet, the acceleration of the gun is much less than the acceleration of the bullet because",2, gun exerts a forward force and bullet exerts a backward force., the gun has much greater mass than the bullet., the gun and bullet both have same mass.,None of the Above,,Other,Hard,,,NCERT Science Class 9 Chapter 9 Force And Laws Of Motion Multiple Choice Question (Quiz) 123,1
CBSE,Class 9,Science,NCERT Science,Chapter 9 Force And Laws Of Motion,,,Multiple Choice Question (Online),Rocket works on the,3, Newton’s first law of motion, Newton’s second law of motion, Newton’s third law of motion,None of the Above,,Other,Hard,,,NCERT Science Class 9 Chapter 9 Force And Laws Of Motion Multiple Choice Question (Quiz) 124,1
CBSE,Class 9,Science,NCERT Science,Chapter 9 Force And Laws Of Motion,,,Multiple Choice Question (Online),Which of the following is the example of Newton’s third law of motion?,3," When the card is flicked with the finger, the coin placed over it falls in the tumbler.", A fielder pulls his hands gradually with the moving ball while holding a catch.," If you pull back a bow, the bow will spring forward.",None of the Above,,Other,Hard,,,NCERT Science Class 9 Chapter 9 Force And Laws Of Motion Multiple Choice Question (Quiz) 125,1
CBSE,Class 9,Science,NCERT Science,Chapter 9 Force And Laws Of Motion,,,Multiple Choice Question (Online),"If there are no external forces acting on the system, the total momentum of the system is",2, zero, conserved, infinite,None of the Above,,Other,Hard,,,NCERT Science Class 9 Chapter 9 Force And Laws Of Motion Multiple Choice Question (Quiz) 126,1
CBSE,Class 9,Science,NCERT Science,Chapter 9 Force And Laws Of Motion,,,Multiple Choice Question (Online),In the given system when two or more bodies interact and no external force acts on them the total momentum of all bodies is conserved. This is,2, law of inertia, law of conservation of momentum, Newton’s second law of motion,None of the Above,,Other,Hard,,,NCERT Science Class 9 Chapter 9 Force And Laws Of Motion Multiple Choice Question (Quiz) 127,1
CBSE,Class 9,Science,NCERT Science,Chapter 9 Force And Laws Of Motion,,,Multiple Choice Question (Online),Which of the following is the mathematical expression for law of conservation of momentum? (Symbols have their usual meaning.),1, m1u1 + m2 u2  m1v1 + m2v2, m1u1 + m1v1  m2u2 + m2v2, m2v1 + m1v2  m2u1 + m1u2,None of the Above,,Other,Hard,,,NCERT Science Class 9 Chapter 9 Force And Laws Of Motion Multiple Choice Question (Quiz) 128,1
CBSE,Class 9,Science,NCERT Science,Chapter 9 Force And Laws Of Motion,,,Multiple Choice Question (Online),If two masses of m1 and m2 are travelling in the same direction along a straight line at different velocities u and U respectively. The two balls collide with each other. So the total momentum before collision is,2, m1u1 + m2 U  0, m1u + m2 U, (m1 + m2)U  (m1 + m2)u,None of the Above,,Other,Hard,,,NCERT Science Class 9 Chapter 9 Force And Laws Of Motion Multiple Choice Question (Quiz) 129,1
CBSE,Class 9,Science,NCERT Science,Chapter 9 Force And Laws Of Motion,,,Multiple Choice Question (Online),If two masses of m1 and m2 are travelling in the same direction along a straight line at different velocities u and U respectively. The two balls collide with each other and v and V are the velocities after collision. So the total momentum after collision is,2, m1u1 + m2 U + m1v + m2V, m1v + m2 V, m1u + m2 U  (m1 + m2)V,None of the Above,,Other,Hard,,,NCERT Science Class 9 Chapter 9 Force And Laws Of Motion Multiple Choice Question (Quiz) 130,1
CBSE,Class 9,Science,NCERT Science,Chapter 9 Force And Laws Of Motion,,,Multiple Choice Question (Online),If two cars of masses M and m are moving with initial velocities U and u. They collide with each other and then they move with velocities V and v. According to law of conservation which of the following equations is correct?,2, (M + m)(U + u)  (M + m)(v + V), MU + mu  MV + mv, MU + MV  mu + mv,None of the Above,,Other,Hard,,,NCERT Science Class 9 Chapter 9 Force And Laws Of Motion Multiple Choice Question (Quiz) 131,1
CBSE,Class 9,Science,NCERT Science,Chapter 9 Force And Laws Of Motion,,,Multiple Choice Question (Online),"Observe the given activity based on Newton’s third law of motion, and choose the correct option.",1, The air inside balloon exerts force on balloon when the thread is removed from the balloon., The action reaction forces in this case are not equal., The balloon moves in the forward direction.,None of the Above,,Other,Hard,,,NCERT Science Class 9 Chapter 9 Force And Laws Of Motion Multiple Choice Question (Quiz) 132,1
CBSE,Class 9,Science,NCERT Science,Chapter 9 Force And Laws Of Motion,,,Multiple Choice Question (Online),"In the given figure, when test tube heats up,",1, the test tube recoils in the direction opposite to the direction of the cork, the test tube recoils in the same direction to the direction of the cork, the test tube does not recoil,None of the Above,,Other,Hard,,,NCERT Science Class 9 Chapter 9 Force And Laws Of Motion Multiple Choice Question (Quiz) 133,1
CBSE,Class 9,Science,NCERT Science,Chapter 9 Force And Laws Of Motion,,,Multiple Choice Question (Online),"Two bodies A and B, moving in the same direction collide and after collision, move with the common velocity in the direction of A. So,",3, magnitude of force exerted by A on B is greater than the magnitude of force exerted by B on A., the change in momentum of A and B are equal in magnitude but different in direction., both exert equal and opposite force on each other.,None of the Above,,Other,Hard,,,NCERT Science Class 9 Chapter 9 Force And Laws Of Motion Multiple Choice Question (Quiz) 134,1
CBSE,Class 9,Science,NCERT Science,Chapter 10 Gravitation,,,Multiple Choice Question (Online),First man who came up with idea of gravity was,2, Blaise Pascal, Isaac Newton, Alessandro Volta,None of the Above,,Other,Hard,,,NCERT Science Class 9 Chapter 10 Gravitation Multiple Choice Question (Quiz) 1,1
CBSE,Class 9,Science,NCERT Science,Chapter 10 Gravitation,,,Multiple Choice Question (Online),The force that attracts or pulls everything towards it is known as,1, force of gravity, electrostatic force, magnetic force,None of the Above,,Other,Hard,,,NCERT Science Class 9 Chapter 10 Gravitation Multiple Choice Question (Quiz) 2,1
CBSE,Class 9,Science,NCERT Science,Chapter 10 Gravitation,,,Multiple Choice Question (Online),Why did Newton think that there was a force acting on the moon?,2, Because the moon always keeps one side towards Earth, Because the moon moves in a curved path, Because there is no air on the moon,None of the Above,,Other,Hard,,,NCERT Science Class 9 Chapter 10 Gravitation Multiple Choice Question (Quiz) 3,1
CBSE,Class 9,Science,NCERT Science,Chapter 10 Gravitation,,,Multiple Choice Question (Online),Which force is responsible for the revolution of moon around earth?,2, Electrostatic force, Gravitation force, Magnetic force,None of the Above,,Other,Hard,,,NCERT Science Class 9 Chapter 10 Gravitation Multiple Choice Question (Quiz) 4,1
CBSE,Class 9,Science,NCERT Science,Chapter 10 Gravitation,,,Multiple Choice Question (Online),Various planets revolve around the sun is due to the,2, force of gravity of the earth, force of gravity of the sun, force of gravity of the universe,None of the Above,,Other,Hard,,,NCERT Science Class 9 Chapter 10 Gravitation Multiple Choice Question (Quiz) 5,1
CBSE,Class 9,Science,NCERT Science,Chapter 10 Gravitation,,,Multiple Choice Question (Online),The gravitational force causes,2, tides, motion of moon, both and B.,None of the Above,,Other,Hard,,,NCERT Science Class 9 Chapter 10 Gravitation Multiple Choice Question (Quiz) 6,1
CBSE,Class 9,Science,NCERT Science,Chapter 10 Gravitation,,,Multiple Choice Question (Online),"In order to derive the law of gravitation, Newton assumed that the moon’s orbit is",3, parabolic, straight, circular,None of the Above,,Other,Hard,,,NCERT Science Class 9 Chapter 10 Gravitation Multiple Choice Question (Quiz) 7,1
CBSE,Class 9,Science,NCERT Science,Chapter 10 Gravitation,,,Multiple Choice Question (Online),The Earth attracts the moon with a gravitational force of 1020 N. The moon attracts the earth with a gravitational force of,3, less than 1020N, greater than 1020 N, 1020 N,None of the Above,,Other,Hard,,,NCERT Science Class 9 Chapter 10 Gravitation Multiple Choice Question (Quiz) 8,1
CBSE,Class 9,Science,NCERT Science,Chapter 10 Gravitation,,,Multiple Choice Question (Online),"In the figure shown, a stone is tied with the thread and whirled. What conclusion do you make by this activity?",3, The stone changes its velocity due to the centripetal force., The stone moves in a linear straight path i.e. tangent to the circle when the centripetal force is not there., Both A and B are the conclusion of this activity.,None of the Above,,Other,Hard,,,NCERT Science Class 9 Chapter 10 Gravitation Multiple Choice Question (Quiz) 9,1
CBSE,Class 9,Science,NCERT Science,Chapter 10 Gravitation,,,Multiple Choice Question (Online),The motion of falling bodies towards earth is due to the,2, acceleration due to gravity, gravitational force, magnetic force,None of the Above,,Other,Hard,,,NCERT Science Class 9 Chapter 10 Gravitation Multiple Choice Question (Quiz) 10,1
CBSE,Class 9,Science,NCERT Science,Chapter 10 Gravitation,,,Multiple Choice Question (Online),The earth attracts the object which is thrown up and the object also exerts a force to the earth but that force is not felt because,1," according to Newton’s third law of motion, the forces are different in direction"," according to Newton’s second law of motion, the force depends upon the mass of the object", the acceleration due to gravity is different,None of the Above,,Other,Hard,,,NCERT Science Class 9 Chapter 10 Gravitation Multiple Choice Question (Quiz) 11,1
CBSE,Class 9,Science,NCERT Science,Chapter 10 Gravitation,,,Multiple Choice Question (Online),Newton’s law of gravitation applies to,2, small bodies only, all bodies irrespective of their size, solar system,None of the Above,,Other,Hard,,,NCERT Science Class 9 Chapter 10 Gravitation Multiple Choice Question (Quiz) 12,1
CBSE,Class 9,Science,NCERT Science,Chapter 10 Gravitation,,,Multiple Choice Question (Online),Force of gravity is directly proportional to,2, distance between the two masses, masses of the objects, gravitational constant,None of the Above,,Other,Hard,,,NCERT Science Class 9 Chapter 10 Gravitation Multiple Choice Question (Quiz) 13,1
CBSE,Class 9,Science,NCERT Science,Chapter 10 Gravitation,,,Multiple Choice Question (Online),Force of gravity is inversely proportional to,3, mass, gravitational constant, distance squared,None of the Above,,Other,Hard,,,NCERT Science Class 9 Chapter 10 Gravitation Multiple Choice Question (Quiz) 14,1
CBSE,Class 9,Science,NCERT Science,Chapter 10 Gravitation,,,Multiple Choice Question (Online),"According to Newton’s law of universal gravitation, any two particles of finite mass attract one another with a force which is",3, inversely proportional to the product of their masses and directly proportional to the square of their distance apart, directly proportional to the product of their masses and inversely proportional to their distance apart, directly proportional to the product of their masses and inversely proportional to the square of their distance apart,None of the Above,,Other,Hard,,,NCERT Science Class 9 Chapter 10 Gravitation Multiple Choice Question (Quiz) 15,1
CBSE,Class 9,Science,NCERT Science,Chapter 10 Gravitation,,,Multiple Choice Question (Online),Which of the following is the mathematical expression for universal law of gravitation? (Symbols have their usual meaning.),1, F = G Mm/r2, F = G M/r2, F = G Mm/r,None of the Above,,Other,Hard,,,NCERT Science Class 9 Chapter 10 Gravitation Multiple Choice Question (Quiz) 16,1
CBSE,Class 9,Science,NCERT Science,Chapter 10 Gravitation,,,Multiple Choice Question (Online),The unit of gravitational force is,2, Kg2/m2, N, N kg2/m2,None of the Above,,Other,Hard,,,NCERT Science Class 9 Chapter 10 Gravitation Multiple Choice Question (Quiz) 17,1
CBSE,Class 9,Science,NCERT Science,Chapter 10 Gravitation,,,Multiple Choice Question (Online),"According to universal law of gravitation, the constant of proportionality is known as",2, acceleration due to gravity, gravitational constant, gravitational force,None of the Above,,Other,Hard,,,NCERT Science Class 9 Chapter 10 Gravitation Multiple Choice Question (Quiz) 18,1
CBSE,Class 9,Science,NCERT Science,Chapter 10 Gravitation,,,Multiple Choice Question (Online),Gravitational constant is denoted by,1, G, g, F,None of the Above,,Other,Hard,,,NCERT Science Class 9 Chapter 10 Gravitation Multiple Choice Question (Quiz) 19,1
CBSE,Class 9,Science,NCERT Science,Chapter 10 Gravitation,,,Multiple Choice Question (Online),The value of gravitational constant is,2, 9.8 N m2 kg–2 , 6.67 × 10–11 N m2 kg–2, 5.6 × 10–9 N m2 kg–2,None of the Above,,Other,Hard,,,NCERT Science Class 9 Chapter 10 Gravitation Multiple Choice Question (Quiz) 20,1
CBSE,Class 9,Science,NCERT Science,Chapter 10 Gravitation,,,Multiple Choice Question (Online),The value of gravitational constant was given by,2, Isaac Newton, Henry Cavendish, Einstein,None of the Above,,Other,Hard,,,NCERT Science Class 9 Chapter 10 Gravitation Multiple Choice Question (Quiz) 21,1
CBSE,Class 9,Science,NCERT Science,Chapter 10 Gravitation,,,Multiple Choice Question (Online),Which of the following is the mathematical expression for universal gravitational constant? (Symbols have their usual meaning.),3, G = (F × r)/M2, G = (F × r)/ M, G = (F × r2)/M2,None of the Above,,Other,Hard,,,NCERT Science Class 9 Chapter 10 Gravitation Multiple Choice Question (Quiz) 22,1
CBSE,Class 9,Science,NCERT Science,Chapter 10 Gravitation,,,Multiple Choice Question (Online),What is the SI unit of gravitational constant?,2, N kg2/m2, N m2/kg2, N m/kg,None of the Above,,Other,Hard,,,NCERT Science Class 9 Chapter 10 Gravitation Multiple Choice Question (Quiz) 23,1
CBSE,Class 9,Science,NCERT Science,Chapter 10 Gravitation,,,Multiple Choice Question (Online),The force of gravitation between two bodies in the universe does not depend on,2, the distance between them, the sum of their masses, the gravitational constant,None of the Above,,Other,Hard,,,NCERT Science Class 9 Chapter 10 Gravitation Multiple Choice Question (Quiz) 24,1
CBSE,Class 9,Science,NCERT Science,Chapter 10 Gravitation,,,Multiple Choice Question (Online),The value of gravitational constant does not depend upon,3, masses of the bodies, the distance between the bodies, both and B.,None of the Above,,Other,Hard,,,NCERT Science Class 9 Chapter 10 Gravitation Multiple Choice Question (Quiz) 25,1
CBSE,Class 9,Science,NCERT Science,Chapter 10 Gravitation,,,Multiple Choice Question (Online),Choose the correct option. (i) The universal gravitational constant depends upon the medium between the bodies. (ii) The formula for gravitational force is applicable anywhere in the universe.,2, Only (i) is correct., Only (ii) is correct., Both (i) and (ii) are correct.,None of the Above,,Other,Hard,,,NCERT Science Class 9 Chapter 10 Gravitation Multiple Choice Question (Quiz) 26,1
CBSE,Class 9,Science,NCERT Science,Chapter 10 Gravitation,,,Multiple Choice Question (Online),Earth does not seem to be moving towards the moon because,3, the mass of the earth is comparatively larger, the distance between them is larger, both A and B,None of the Above,,Other,Hard,,,NCERT Science Class 9 Chapter 10 Gravitation Multiple Choice Question (Quiz) 27,1
CBSE,Class 9,Science,NCERT Science,Chapter 10 Gravitation,,,Multiple Choice Question (Online),What is the gravitational force between two objects?,3, attractive at large distances but repulsive at small distances, attractive at small distances but repulsive at larger distances, attractive at all distances,None of the Above,,Other,Hard,,,NCERT Science Class 9 Chapter 10 Gravitation Multiple Choice Question (Quiz) 28,1
CBSE,Class 9,Science,NCERT Science,Chapter 10 Gravitation,,,Multiple Choice Question (Online),"As distance between two objects increases, the pull of gravitational force",2, increases, decreases, remains the same,None of the Above,,Other,Hard,,,NCERT Science Class 9 Chapter 10 Gravitation Multiple Choice Question (Quiz) 29,1
CBSE,Class 9,Science,NCERT Science,Chapter 10 Gravitation,,,Multiple Choice Question (Online),"As the two objects’ masses increase, the pull of gravitational force",1, increases, decreases, remains the same,None of the Above,,Other,Hard,,,NCERT Science Class 9 Chapter 10 Gravitation Multiple Choice Question (Quiz) 30,1
CBSE,Class 9,Science,NCERT Science,Chapter 10 Gravitation,,,Multiple Choice Question (Online),Two objects move towards each other due to gravity. As they get closer their attraction _____________.,1, increases, decreases, remains the same,None of the Above,,Other,Hard,,,NCERT Science Class 9 Chapter 10 Gravitation Multiple Choice Question (Quiz) 31,1
CBSE,Class 9,Science,NCERT Science,Chapter 10 Gravitation,,,Multiple Choice Question (Online),"If the distance between two bodies is doubled, the force of attraction F between them will be",3, 2F, ½ F, ¼ F,None of the Above,,Other,Hard,,,NCERT Science Class 9 Chapter 10 Gravitation Multiple Choice Question (Quiz) 32,1
CBSE,Class 9,Science,NCERT Science,Chapter 10 Gravitation,,,Multiple Choice Question (Online),The distance between two bodies becomes 6 times more than the usual distance. The force becomes,3, 36 times, 6 times, 1/36 times,None of the Above,,Other,Hard,,,NCERT Science Class 9 Chapter 10 Gravitation Multiple Choice Question (Quiz) 33,1
CBSE,Class 9,Science,NCERT Science,Chapter 10 Gravitation,,,Multiple Choice Question (Online),"If two large objects with different masses move towards each other under the influence of mutual gravitation, which force is greater?",3, The force on the larger object., The force on the smaller object., The force on both is the same.,None of the Above,,Other,Hard,,,NCERT Science Class 9 Chapter 10 Gravitation Multiple Choice Question (Quiz) 34,1
CBSE,Class 9,Science,NCERT Science,Chapter 10 Gravitation,,,Multiple Choice Question (Online),"If the gravitational force between two spheres is 800 N, and the distance between them is doubled, the force will be",2, 100 N, 200 N, 400 N,None of the Above,,Other,Hard,,,NCERT Science Class 9 Chapter 10 Gravitation Multiple Choice Question (Quiz) 35,1
CBSE,Class 9,Science,NCERT Science,Chapter 10 Gravitation,,,Multiple Choice Question (Online),"Suppose the gravitational force between two spheres is 100 N. If the magnitude of each mass doubles, what is the force between the masses?",3, 100 N, 200 N, 400 N,None of the Above,,Other,Hard,,,NCERT Science Class 9 Chapter 10 Gravitation Multiple Choice Question (Quiz) 36,1
CBSE,Class 9,Science,NCERT Science,Chapter 10 Gravitation,,,Multiple Choice Question (Online),Two objects with equal masses of 1 kg each are separated by a distance of 1 m. The gravitational force between the objects is,3, slightly less than G, slightly greater that G, equal to G,None of the Above,,Other,Hard,,,NCERT Science Class 9 Chapter 10 Gravitation Multiple Choice Question (Quiz) 37,1
CBSE,Class 9,Science,NCERT Science,Chapter 10 Gravitation,,,Multiple Choice Question (Online),"Two objects, one with a mass of m and one with a mass of 4m are attracted to each other by a gravitational force. If the force on 4m is F, what is the force on mass m in terms of F?",3, 16F, 4F, F,None of the Above,,Other,Hard,,,NCERT Science Class 9 Chapter 10 Gravitation Multiple Choice Question (Quiz) 38,1
CBSE,Class 9,Science,NCERT Science,Chapter 10 Gravitation,,,Multiple Choice Question (Online),"Two objects are attracted to each other by a gravitational force F. If one mass is doubled and the other is tripled without changing the distance, what is the new gravitational force between the objects in terms of F?",3, 4 F, 9 F, 6 F,None of the Above,,Other,Hard,,,NCERT Science Class 9 Chapter 10 Gravitation Multiple Choice Question (Quiz) 39,1
CBSE,Class 9,Science,NCERT Science,Chapter 10 Gravitation,,,Multiple Choice Question (Online),"Two objects are attracted to each other by a gravitational force F. If each mass is tripled and the distance between the objects is cut in half, what is the new gravitational force between the objects in terms of F?",2, 24 F, 36 F, 16 F,None of the Above,,Other,Hard,,,NCERT Science Class 9 Chapter 10 Gravitation Multiple Choice Question (Quiz) 40,1
CBSE,Class 9,Science,NCERT Science,Chapter 10 Gravitation,,,Multiple Choice Question (Online),An apple hangs on a tree on the Earth. Which of the following statements is correct?,3, The force on the apple is greater than the force on the Earth because the Earth is more massive., The force on the Earth is greater than the force on the apple because the Earth is more massive., The forces on the apple and Earth are equal.,None of the Above,,Other,Hard,,,NCERT Science Class 9 Chapter 10 Gravitation Multiple Choice Question (Quiz) 41,1
CBSE,Class 9,Science,NCERT Science,Chapter 10 Gravitation,,,Multiple Choice Question (Online),"When we throw a stone up, after achieving a height, it will come back due to",1, gravity, magnetic force of earth, its initial velocity,None of the Above,,Other,Hard,,,NCERT Science Class 9 Chapter 10 Gravitation Multiple Choice Question (Quiz) 42,1
CBSE,Class 9,Science,NCERT Science,Chapter 10 Gravitation,,,Multiple Choice Question (Online),"Whenever an object after throwing comes back to its initial position, its",2, mass changes, velocity changes, acceleration changes,None of the Above,,Other,Hard,,,NCERT Science Class 9 Chapter 10 Gravitation Multiple Choice Question (Quiz) 43,1
CBSE,Class 9,Science,NCERT Science,Chapter 10 Gravitation,,,Multiple Choice Question (Online),"As the ball falls towards ground, its velocity",1, increases, decreases, remains the same,None of the Above,,Other,Hard,,,NCERT Science Class 9 Chapter 10 Gravitation Multiple Choice Question (Quiz) 44,1
CBSE,Class 9,Science,NCERT Science,Chapter 10 Gravitation,,,Multiple Choice Question (Online),"For a freely falling body, the acceleration is due to",2, its mass, gravitational pull of earth, inertia,None of the Above,,Other,Hard,,,NCERT Science Class 9 Chapter 10 Gravitation Multiple Choice Question (Quiz) 45,1
CBSE,Class 9,Science,NCERT Science,Chapter 10 Gravitation,,,Multiple Choice Question (Online),Acceleration of a freely falling body is known as,3, deceleration, positive acceleration, acceleration due to gravity,None of the Above,,Other,Hard,,,NCERT Science Class 9 Chapter 10 Gravitation Multiple Choice Question (Quiz) 46,1
CBSE,Class 9,Science,NCERT Science,Chapter 10 Gravitation,,,Multiple Choice Question (Online),Gravitational acceleration is acceleration of bodies,3, on ground, in air, freely falling,None of the Above,,Other,Hard,,,NCERT Science Class 9 Chapter 10 Gravitation Multiple Choice Question (Quiz) 47,1
CBSE,Class 9,Science,NCERT Science,Chapter 10 Gravitation,,,Multiple Choice Question (Online),Acceleration due to gravity is denoted by,3, a, G, g,None of the Above,,Other,Hard,,,NCERT Science Class 9 Chapter 10 Gravitation Multiple Choice Question (Quiz) 48,1
CBSE,Class 9,Science,NCERT Science,Chapter 10 Gravitation,,,Multiple Choice Question (Online),What motion of an object is free fall?,1, where gravity is the only force acting upon it, motion of an object thrown upward direction with some initial velocity, motion of an object in vacuum,None of the Above,,Other,Hard,,,NCERT Science Class 9 Chapter 10 Gravitation Multiple Choice Question (Quiz) 49,1
CBSE,Class 9,Science,NCERT Science,Chapter 10 Gravitation,,,Multiple Choice Question (Online),"When an object is falling freely under the influence of gravity, its motion is always",2, uniform, accelerated, decelerated,None of the Above,,Other,Hard,,,NCERT Science Class 9 Chapter 10 Gravitation Multiple Choice Question (Quiz) 50,1
CBSE,Class 9,Science,NCERT Science,Chapter 10 Gravitation,,,Multiple Choice Question (Online),"For a freely falling body, the force is given by",2, F = m a, F = m g, F = m g/r2,None of the Above,,Other,Hard,,,NCERT Science Class 9 Chapter 10 Gravitation Multiple Choice Question (Quiz) 51,1
CBSE,Class 9,Science,NCERT Science,Chapter 10 Gravitation,,,Multiple Choice Question (Online),What is the formula for acceleration due to gravity?,2, g = G Mm/r2, g = G M/r2, g = G M/r,None of the Above,,Other,Hard,,,NCERT Science Class 9 Chapter 10 Gravitation Multiple Choice Question (Quiz) 52,1
CBSE,Class 9,Science,NCERT Science,Chapter 10 Gravitation,,,Multiple Choice Question (Online),A spherical planet far out in space has a mass M0 and diameter D0. A particle of mass m falling freely near the surface of this planet will experience an acceleration due to gravity which is equal to,1, GM0/D20, 4mGM0/D20, 4GM0/D20,None of the Above,,Other,Hard,,,NCERT Science Class 9 Chapter 10 Gravitation Multiple Choice Question (Quiz) 53,1
CBSE,Class 9,Science,NCERT Science,Chapter 10 Gravitation,,,Multiple Choice Question (Online),"In which of the following, the acceleration due to gravity does not depend?",3, Mass of the earth, Radius of the earth, Mass of the object,None of the Above,,Other,Hard,,,NCERT Science Class 9 Chapter 10 Gravitation Multiple Choice Question (Quiz) 54,1
CBSE,Class 9,Science,NCERT Science,Chapter 10 Gravitation,,,Multiple Choice Question (Online),What is the value of acceleration due to gravity on the Earth?,2, 6.67 × 10–11 m/s2, 9.8 m/s2, 98 m/s2,None of the Above,,Other,Hard,,,NCERT Science Class 9 Chapter 10 Gravitation Multiple Choice Question (Quiz) 55,1
CBSE,Class 9,Science,NCERT Science,Chapter 10 Gravitation,,,Multiple Choice Question (Online),What is the SI unit of acceleration due to gravity?,1, m/s2 , N m/s2, kg m/s2,None of the Above,,Other,Hard,,,NCERT Science Class 9 Chapter 10 Gravitation Multiple Choice Question (Quiz) 56,1
CBSE,Class 9,Science,NCERT Science,Chapter 10 Gravitation,,,Multiple Choice Question (Online),Which of the following statements is correct?,1, Stone reaches on the surface of earth earlier than the fur when falling from the same height and air resistance is present there., Fur reaches on the surface of earth earlier than the stone when falling from the same height and air resistance is present there., Stone and fur both reach on the surface of the earth at the same time in the presence of air resistance.,None of the Above,,Other,Hard,,,NCERT Science Class 9 Chapter 10 Gravitation Multiple Choice Question (Quiz) 57,1
CBSE,Class 9,Science,NCERT Science,Chapter 10 Gravitation,,,Multiple Choice Question (Online),Height of tower when stone dropped from it reaches ground in 5 s is [g = 10 m/s2],2, 130 m, 125 m, 150 m,None of the Above,,Other,Hard,,,NCERT Science Class 9 Chapter 10 Gravitation Multiple Choice Question (Quiz) 58,1
CBSE,Class 9,Science,NCERT Science,Chapter 10 Gravitation,,,Multiple Choice Question (Online),If a feather and an iron bar is released from the same height in a room without any air resistance. First one to fall is,3, iron bar, feather, both at the same time,None of the Above,,Other,Hard,,,NCERT Science Class 9 Chapter 10 Gravitation Multiple Choice Question (Quiz) 59,1
CBSE,Class 9,Science,NCERT Science,Chapter 10 Gravitation,,,Multiple Choice Question (Online),"If the feather and coin are released from a tower, coin reaches earlier because",2, feather has less mass, feather has large surface area, earth exerts less gravitational force on feather,None of the Above,,Other,Hard,,,NCERT Science Class 9 Chapter 10 Gravitation Multiple Choice Question (Quiz) 60,1
CBSE,Class 9,Science,NCERT Science,Chapter 10 Gravitation,,,Multiple Choice Question (Online),"Acceleration produced in freely falling body is ________ for all bodies, irrespective of their masses.",2, different, same, zero,None of the Above,,Other,Hard,,,NCERT Science Class 9 Chapter 10 Gravitation Multiple Choice Question (Quiz) 61,1
CBSE,Class 9,Science,NCERT Science,Chapter 10 Gravitation,,,Multiple Choice Question (Online),The acceleration due to gravity is ________ if the radius is less.,2, less, more, not change,None of the Above,,Other,Hard,,,NCERT Science Class 9 Chapter 10 Gravitation Multiple Choice Question (Quiz) 62,1
CBSE,Class 9,Science,NCERT Science,Chapter 10 Gravitation,,,Multiple Choice Question (Online),The value of acceleration due to gravity at the poles is,2, less than 9.8 m/s2, greater than 9.8 m/s2, same as 9.8 m/s2,None of the Above,,Other,Hard,,,NCERT Science Class 9 Chapter 10 Gravitation Multiple Choice Question (Quiz) 63,1
CBSE,Class 9,Science,NCERT Science,Chapter 10 Gravitation,,,Multiple Choice Question (Online),The value of acceleration due to gravity at the equator is,1, less than 9.8 m/s2, greater than 9.8 m/s2, same as 9.8 m/s2,None of the Above,,Other,Hard,,,NCERT Science Class 9 Chapter 10 Gravitation Multiple Choice Question (Quiz) 64,1
CBSE,Class 9,Science,NCERT Science,Chapter 10 Gravitation,,,Multiple Choice Question (Online),Force of gravity is least at,1, the equator, the poles, a point in between equator and any poles,None of the Above,,Other,Hard,,,NCERT Science Class 9 Chapter 10 Gravitation Multiple Choice Question (Quiz) 65,1
CBSE,Class 9,Science,NCERT Science,Chapter 10 Gravitation,,,Multiple Choice Question (Online),"As we go from the equator to the poles, the value of g",1, increases, decreases, remains the same,None of the Above,,Other,Hard,,,NCERT Science Class 9 Chapter 10 Gravitation Multiple Choice Question (Quiz) 66,1
CBSE,Class 9,Science,NCERT Science,Chapter 10 Gravitation,,,Multiple Choice Question (Online),The mass and diameter of a planet have twice the value of the corresponding parameters of earth. Acceleration due to gravity on the surface of the planet is,1, 9.8 m/s2, 6.67 x 10–11 m/s2, zero,None of the Above,,Other,Hard,,,NCERT Science Class 9 Chapter 10 Gravitation Multiple Choice Question (Quiz) 67,1
CBSE,Class 9,Science,NCERT Science,Chapter 10 Gravitation,,,Multiple Choice Question (Online),First equation of motion under the influence of gravitational force is,2, v = u + at, v = u + gt, v = u – at,None of the Above,,Other,Hard,,,NCERT Science Class 9 Chapter 10 Gravitation Multiple Choice Question (Quiz) 68,1
CBSE,Class 9,Science,NCERT Science,Chapter 10 Gravitation,,,Multiple Choice Question (Online),Second equation of motion under the influence of gravitational force is,2, s = ut + ½ gt, h = ut + ½ gt2, s = ut + ½ at,None of the Above,,Other,Hard,,,NCERT Science Class 9 Chapter 10 Gravitation Multiple Choice Question (Quiz) 69,1
CBSE,Class 9,Science,NCERT Science,Chapter 10 Gravitation,,,Multiple Choice Question (Online),Third equation of motion under the influence of gravitational force is,3, v2 = u2 + 2as, v2 = u2 + 2gs, v2 = u2 + 2gh,None of the Above,,Other,Hard,,,NCERT Science Class 9 Chapter 10 Gravitation Multiple Choice Question (Quiz) 70,1
CBSE,Class 9,Science,NCERT Science,Chapter 10 Gravitation,,,Multiple Choice Question (Online),"Whenever a body falls down, its initial velocity is",1, zero, 9.8 m/s2, infinite,None of the Above,,Other,Hard,,,NCERT Science Class 9 Chapter 10 Gravitation Multiple Choice Question (Quiz) 71,1
CBSE,Class 9,Science,NCERT Science,Chapter 10 Gravitation,,,Multiple Choice Question (Online),"Whenever a body is throwing up, its final velocity is",2, 9.8 m/s2, zero, infinite,None of the Above,,Other,Hard,,,NCERT Science Class 9 Chapter 10 Gravitation Multiple Choice Question (Quiz) 72,1
CBSE,Class 9,Science,NCERT Science,Chapter 10 Gravitation,,,Multiple Choice Question (Online),When a body is dropping from a height so its direction is towards the gravity and the value of acceleration due to gravity is,1, +9.8 m/s2, – 9.8 m/s2, zero,None of the Above,,Other,Hard,,,NCERT Science Class 9 Chapter 10 Gravitation Multiple Choice Question (Quiz) 73,1
CBSE,Class 9,Science,NCERT Science,Chapter 10 Gravitation,,,Multiple Choice Question (Online),"When a body is throwing in a upward direction against the force of gravity, the gravity and the value of acceleration due to gravity is",2, +9.8 m/s2, – 9.8 m/s2, zero,None of the Above,,Other,Hard,,,NCERT Science Class 9 Chapter 10 Gravitation Multiple Choice Question (Quiz) 74,1
CBSE,Class 9,Science,NCERT Science,Chapter 10 Gravitation,,,Multiple Choice Question (Online),Time taken by an object to reach a certain height and coming back is,1, same, different, cannot say anything,None of the Above,,Other,Hard,,,NCERT Science Class 9 Chapter 10 Gravitation Multiple Choice Question (Quiz) 75,1
CBSE,Class 9,Science,NCERT Science,Chapter 10 Gravitation,,,Multiple Choice Question (Online),Which of the following is correct regarding mass?,1, Mass of an object is constant and does not change from place to place., Mass of an object not constant and it varies from place to place., Mass is the measure of inertia.,None of the Above,,Other,Hard,,,NCERT Science Class 9 Chapter 10 Gravitation Multiple Choice Question (Quiz) 76,1
CBSE,Class 9,Science,NCERT Science,Chapter 10 Gravitation,,,Multiple Choice Question (Online),The weight of an object is defined as,1, the force with which it is attracted towards the earth, the quantity of matter in an object, the space occupied by an object,None of the Above,,Other,Hard,,,NCERT Science Class 9 Chapter 10 Gravitation Multiple Choice Question (Quiz) 77,1
CBSE,Class 9,Science,NCERT Science,Chapter 10 Gravitation,,,Multiple Choice Question (Online),SI unit of mass is,1, kilogram, gram, milligram,None of the Above,,Other,Hard,,,NCERT Science Class 9 Chapter 10 Gravitation Multiple Choice Question (Quiz) 78,1
CBSE,Class 9,Science,NCERT Science,Chapter 10 Gravitation,,,Multiple Choice Question (Online),SI unit of weight is,2, kilogram, newton, dyne,None of the Above,,Other,Hard,,,NCERT Science Class 9 Chapter 10 Gravitation Multiple Choice Question (Quiz) 79,1
CBSE,Class 9,Science,NCERT Science,Chapter 10 Gravitation,,,Multiple Choice Question (Online),The acceleration due to gravity(gP) of a planet having mass Mp and radius Rp is given by,3, gp = Mp/GRp2, gp = Rp2/GMp, gp = GMp/Rp2,None of the Above,,Other,Hard,,,NCERT Science Class 9 Chapter 10 Gravitation Multiple Choice Question (Quiz) 80,1
CBSE,Class 9,Science,NCERT Science,Chapter 10 Gravitation,,,Multiple Choice Question (Online),Difference between mass and weight is,2, mass is a force and weight is a quantity of matter, mass is quantity of matter and weight is force, mass and weight both are force,None of the Above,,Other,Hard,,,NCERT Science Class 9 Chapter 10 Gravitation Multiple Choice Question (Quiz) 81,1
CBSE,Class 9,Science,NCERT Science,Chapter 10 Gravitation,,,Multiple Choice Question (Online),Value of g is on the pole is,3, less than that of the equator, equal to that of the equator, more than that of the equator,None of the Above,,Other,Hard,,,NCERT Science Class 9 Chapter 10 Gravitation Multiple Choice Question (Quiz) 82,1
CBSE,Class 9,Science,NCERT Science,Chapter 10 Gravitation,,,Multiple Choice Question (Online),Mass is always,1, greater than zero, less than zero, equal to zero,None of the Above,,Other,Hard,,,NCERT Science Class 9 Chapter 10 Gravitation Multiple Choice Question (Quiz) 83,1
CBSE,Class 9,Science,NCERT Science,Chapter 10 Gravitation,,,Multiple Choice Question (Online),Which of the following is correct regarding weight ?,3, Cannot be zero, Always greater than zero, Can be zero,None of the Above,,Other,Hard,,,NCERT Science Class 9 Chapter 10 Gravitation Multiple Choice Question (Quiz) 84,1
CBSE,Class 9,Science,NCERT Science,Chapter 10 Gravitation,,,Multiple Choice Question (Online),Which of the following is correct expression for weight?,2, W = m/g, W = mg, W = g/m,None of the Above,,Other,Hard,,,NCERT Science Class 9 Chapter 10 Gravitation Multiple Choice Question (Quiz) 85,1
CBSE,Class 9,Science,NCERT Science,Chapter 10 Gravitation,,,Multiple Choice Question (Online),The value of acceleration due to gravity on the earth is equal to,1, g = 9.8 m/s2, g = 8.9 m/s2, g = 8.8 m/s2,None of the Above,,Other,Hard,,,NCERT Science Class 9 Chapter 10 Gravitation Multiple Choice Question (Quiz) 86,1
CBSE,Class 9,Science,NCERT Science,Chapter 10 Gravitation,,,Multiple Choice Question (Online),The value of acceleration due to gravity on the moon(gm) is equal to,2, gm = 9.81 m/s2, gm = 1.63 m/s2, gm = 1.36 m/s2,None of the Above,,Other,Hard,,,NCERT Science Class 9 Chapter 10 Gravitation Multiple Choice Question (Quiz) 87,1
CBSE,Class 9,Science,NCERT Science,Chapter 10 Gravitation,,,Multiple Choice Question (Online),The acceleration due to gravity of earth is,1, 6 times that of the moon, 5 times that of the moon, 4 times that of the moon,None of the Above,,Other,Hard,,,NCERT Science Class 9 Chapter 10 Gravitation Multiple Choice Question (Quiz) 88,1
CBSE,Class 9,Science,NCERT Science,Chapter 10 Gravitation,,,Multiple Choice Question (Online),Which measurement would be different if you were on the moon versus on earth?,2, Mass, Weight, Both A and B,None of the Above,,Other,Hard,,,NCERT Science Class 9 Chapter 10 Gravitation Multiple Choice Question (Quiz) 89,1
CBSE,Class 9,Science,NCERT Science,Chapter 10 Gravitation,,,Multiple Choice Question (Online),What is the weight of a man with a mass of 80 kg (on Earth) on the moon?,1, 130.67 N, 120.28 N, 110.29 N,None of the Above,,Other,Hard,,,NCERT Science Class 9 Chapter 10 Gravitation Multiple Choice Question (Quiz) 90,1
CBSE,Class 9,Science,NCERT Science,Chapter 10 Gravitation,,,Multiple Choice Question (Online),Pressure is defined as,3, thrust acting per unit volume, thrust acting per unit mass, thrust acting per unit area,None of the Above,,Other,Hard,,,NCERT Science Class 9 Chapter 10 Gravitation Multiple Choice Question (Quiz) 91,1
CBSE,Class 9,Science,NCERT Science,Chapter 10 Gravitation,,,Multiple Choice Question (Online),We can calculate pressure ‘P’ by formula,2, area/force, force/area, force × area,None of the Above,,Other,Hard,,,NCERT Science Class 9 Chapter 10 Gravitation Multiple Choice Question (Quiz) 92,1
CBSE,Class 9,Science,NCERT Science,Chapter 10 Gravitation,,,Multiple Choice Question (Online),SI Units of pressure is,1, N/m2, m2/N, Nm2,None of the Above,,Other,Hard,,,NCERT Science Class 9 Chapter 10 Gravitation Multiple Choice Question (Quiz) 93,1
CBSE,Class 9,Science,NCERT Science,Chapter 10 Gravitation,,,Multiple Choice Question (Online),1 pascal is,1, 1 N/ 1m2, 1 N/ 2 m2, 1 N/ 4 m2,None of the Above,,Other,Hard,,,NCERT Science Class 9 Chapter 10 Gravitation Multiple Choice Question (Quiz) 94,1
CBSE,Class 9,Science,NCERT Science,Chapter 10 Gravitation,,,Multiple Choice Question (Online),If the area of an object is reduced then the pressure acting on that object will be,2, less, more, independent of area,None of the Above,,Other,Hard,,,NCERT Science Class 9 Chapter 10 Gravitation Multiple Choice Question (Quiz) 95,1
CBSE,Class 9,Science,NCERT Science,Chapter 10 Gravitation,,,Multiple Choice Question (Online),If cross-sectional area of an object is increased then the pressure exerted by the external force is,1, less, more, remains same,None of the Above,,Other,Hard,,,NCERT Science Class 9 Chapter 10 Gravitation Multiple Choice Question (Quiz) 96,1
CBSE,Class 9,Science,NCERT Science,Chapter 10 Gravitation,,,Multiple Choice Question (Online),Why school bags have wide straps?,1, The weight of the books spread over a large area, The weight of the books spread over less area, For decorative purpose,None of the Above,,Other,Hard,,,NCERT Science Class 9 Chapter 10 Gravitation Multiple Choice Question (Quiz) 97,1
CBSE,Class 9,Science,NCERT Science,Chapter 10 Gravitation,,,Multiple Choice Question (Online),The tractors have broad tyres to,1, exert less pressure on the ground, exert greater pressure on the ground, consume less fuel,None of the Above,,Other,Hard,,,NCERT Science Class 9 Chapter 10 Gravitation Multiple Choice Question (Quiz) 98,1
CBSE,Class 9,Science,NCERT Science,Chapter 10 Gravitation,,,Multiple Choice Question (Online),Why is the tip of a needle sharp?,2, To produce less pressure, To produce large pressure, To minimise the cost of needle,None of the Above,,Other,Hard,,,NCERT Science Class 9 Chapter 10 Gravitation Multiple Choice Question (Quiz) 99,1
CBSE,Class 9,Science,NCERT Science,Chapter 10 Gravitation,,,Multiple Choice Question (Online),The upward force acting on an object immersed in a liquid is called,1, buoyant force, thrust, pressure,None of the Above,,Other,Hard,,,NCERT Science Class 9 Chapter 10 Gravitation Multiple Choice Question (Quiz) 100,1
CBSE,Class 9,Science,NCERT Science,Chapter 10 Gravitation,,,Multiple Choice Question (Online),Pressure at a point in the liquid is,1, same in all directions, greater in the upward direction, greater in the downward direction,None of the Above,,Other,Hard,,,NCERT Science Class 9 Chapter 10 Gravitation Multiple Choice Question (Quiz) 101,1
CBSE,Class 9,Science,NCERT Science,Chapter 10 Gravitation,,,Multiple Choice Question (Online),"When a body is placed in a liquid, the buoyant force experienced by it is equal to the",1, weight of liquid displaced, density of the body, volume of body,None of the Above,,Other,Hard,,,NCERT Science Class 9 Chapter 10 Gravitation Multiple Choice Question (Quiz) 102,1
CBSE,Class 9,Science,NCERT Science,Chapter 10 Gravitation,,,Multiple Choice Question (Online),A body immersed in a liquid will rise to the surface if the buoyant force acting on it is,1, greater than its actual weight, less than its actual weight, equal to its actual weight,None of the Above,,Other,Hard,,,NCERT Science Class 9 Chapter 10 Gravitation Multiple Choice Question (Quiz) 103,1
CBSE,Class 9,Science,NCERT Science,Chapter 10 Gravitation,,,Multiple Choice Question (Online),"When a body is submerged in a liquid, its weight",2, increases, decreases, reduces to zero,None of the Above,,Other,Hard,,,NCERT Science Class 9 Chapter 10 Gravitation Multiple Choice Question (Quiz) 104,1
CBSE,Class 9,Science,NCERT Science,Chapter 10 Gravitation,,,Multiple Choice Question (Online),A body is floating in upright position in water. Then force of gravity and buoyant force acting on the body are,2, in the same direction along the same line, in opposite direction but along the same line, at right angle to each other,None of the Above,,Other,Hard,,,NCERT Science Class 9 Chapter 10 Gravitation Multiple Choice Question (Quiz) 105,1
CBSE,Class 9,Science,NCERT Science,Chapter 10 Gravitation,,,Multiple Choice Question (Online),"When a body is submerged in a liquid, its weight",3, remains same, increases, decreases,None of the Above,,Other,Hard,,,NCERT Science Class 9 Chapter 10 Gravitation Multiple Choice Question (Quiz) 106,1
CBSE,Class 9,Science,NCERT Science,Chapter 10 Gravitation,,,Multiple Choice Question (Online),"According to Archimedes’ principle: When an object is wholly or partially immersed in a liquid, it experiences a buoyant force or upthrust which is equal to the weight of",1, liquid displaced by the object, the liquid, the object,None of the Above,,Other,Hard,,,NCERT Science Class 9 Chapter 10 Gravitation Multiple Choice Question (Quiz) 107,1
CBSE,Class 9,Science,NCERT Science,Chapter 10 Gravitation,,,Multiple Choice Question (Online),Archimedes’ principle is used in designing,1, ships and submarines, automobiles, both A and B,None of the Above,,Other,Hard,,,NCERT Science Class 9 Chapter 10 Gravitation Multiple Choice Question (Quiz) 108,1
CBSE,Class 9,Science,NCERT Science,Chapter 10 Gravitation,,,Multiple Choice Question (Online),A body weighing 200 g wt is dipped in water. Its weight in water as indicated by the spring balance is 150 g wt. The buoyant force acting on the body is,2, 200 g wt, 50 g wt, 250 g wt,None of the Above,,Other,Hard,,,NCERT Science Class 9 Chapter 10 Gravitation Multiple Choice Question (Quiz) 109,1
CBSE,Class 9,Science,NCERT Science,Chapter 10 Gravitation,,,Multiple Choice Question (Online),Hydrometer is used to measure the _________ of liquid.,1, density, volume, weight,None of the Above,,Other,Hard,,,NCERT Science Class 9 Chapter 10 Gravitation Multiple Choice Question (Quiz) 110,1
CBSE,Class 9,Science,NCERT Science,Chapter 10 Gravitation,,,Multiple Choice Question (Online),Which instrument is used for determining the purity of milk?,1, Lactometer, Hydrometer, Thermometer,None of the Above,,Other,Hard,,,NCERT Science Class 9 Chapter 10 Gravitation Multiple Choice Question (Quiz) 111,1
CBSE,Class 9,Science,NCERT Science,Chapter 10 Gravitation,,,Multiple Choice Question (Online),Mass per unit volume of a substance is called,1, density, relative density, specific gravity,None of the Above,,Other,Hard,,,NCERT Science Class 9 Chapter 10 Gravitation Multiple Choice Question (Quiz) 112,1
CBSE,Class 9,Science,NCERT Science,Chapter 10 Gravitation,,,Multiple Choice Question (Online),Density of water is,1, 1000 kg/m3, 1100 kg/m3, 1200 kg/m3,None of the Above,,Other,Hard,,,NCERT Science Class 9 Chapter 10 Gravitation Multiple Choice Question (Quiz) 113,1
CBSE,Class 9,Science,NCERT Science,Chapter 10 Gravitation,,,Multiple Choice Question (Online),Density of iron is,3, 7000 kg/m3, 7500 kg/m3, 7800 kg/m3,None of the Above,,Other,Hard,,,NCERT Science Class 9 Chapter 10 Gravitation Multiple Choice Question (Quiz) 114,1
CBSE,Class 9,Science,NCERT Science,Chapter 10 Gravitation,,,Multiple Choice Question (Online),Which of the following is a smaller unit of density?,1, cm/g3, kg/m3, kg/m3,None of the Above,,Other,Hard,,,NCERT Science Class 9 Chapter 10 Gravitation Multiple Choice Question (Quiz) 115,1
CBSE,Class 9,Science,NCERT Science,Chapter 10 Gravitation,,,Multiple Choice Question (Online),Relative density is defined as,1, Density of the substance/Density of water, Density of water /Density of the substance, Density of the substance × Density of water,None of the Above,,Other,Hard,,,NCERT Science Class 9 Chapter 10 Gravitation Multiple Choice Question (Quiz) 116,1
CBSE,Class 9,Science,NCERT Science,Chapter 10 Gravitation,,,Multiple Choice Question (Online),SI unit of relative density is,3, kg/m3, gm/cm3, it has no unit,None of the Above,,Other,Hard,,,NCERT Science Class 9 Chapter 10 Gravitation Multiple Choice Question (Quiz) 117,1
CBSE,Class 9,Science,NCERT Science,Chapter 10 Gravitation,,,Multiple Choice Question (Online),"If the density of an object is equal to that of the liquid, it",1, does not float or sink in the liquid, sinks in the liquid, floats in the liquid,None of the Above,,Other,Hard,,,NCERT Science Class 9 Chapter 10 Gravitation Multiple Choice Question (Quiz) 118,1
CBSE,Class 9,Science,NCERT Science,Chapter 10 Gravitation,,,Multiple Choice Question (Online),"If the density of an object is more than that of the liquid, it",2, does not float or sink in the liquid, sinks in the liquid, floats in the liquid,None of the Above,,Other,Hard,,,NCERT Science Class 9 Chapter 10 Gravitation Multiple Choice Question (Quiz) 119,1
CBSE,Class 9,Science,NCERT Science,Chapter 10 Gravitation,,,Multiple Choice Question (Online),"If the density of an object is less than that of the liquid, it",3, does not float or sink in the liquid, sinks in the liquid, floats in the liquid,None of the Above,,Other,Hard,,,NCERT Science Class 9 Chapter 10 Gravitation Multiple Choice Question (Quiz) 120,1
CBSE,Class 9,Science,NCERT Science,Chapter 11 Work And Energy,,,Multiple Choice Question (Online),Which of the following is an example of work done against applied force?,3, climbing up the stairs, Walking on the flat ground, Applying brakes to a moving car,None of the Above,,Other,Hard,,,NCERT Science Class 9 Chapter 11 Work And Energy Multiple Choice Question (Quiz) 1,1
CBSE,Class 9,Science,NCERT Science,Chapter 11 Work And Energy,,,Multiple Choice Question (Online),"When a coolie walks on a horizontal platform with a load on his head, the work done by the coolie on the load is",1, zero, maximum, minimum,None of the Above,,Other,Hard,,,NCERT Science Class 9 Chapter 11 Work And Energy Multiple Choice Question (Quiz) 2,1
CBSE,Class 9,Science,NCERT Science,Chapter 11 Work And Energy,,,Multiple Choice Question (Online),"Under what conditions, work is said to be done?",3, A force acts on the object, There is a displacement of the object, Both A and B,None of the Above,,Other,Hard,,,NCERT Science Class 9 Chapter 11 Work And Energy Multiple Choice Question (Quiz) 3,1
CBSE,Class 9,Science,NCERT Science,Chapter 11 Work And Energy,,,Multiple Choice Question (Online),When a force acting on a body displaces it in the direction of the force then,2, no work is done, work is done, the body moves with uniform velocity,None of the Above,,Other,Hard,,,NCERT Science Class 9 Chapter 11 Work And Energy Multiple Choice Question (Quiz) 4,1
CBSE,Class 9,Science,NCERT Science,Chapter 11 Work And Energy,,,Multiple Choice Question (Online),What is the correct form of work done on an object by a force?,1, Work done = force × displacement, Work done = force ÷ displacement, Work done = force,None of the Above,,Other,Hard,,,NCERT Science Class 9 Chapter 11 Work And Energy Multiple Choice Question (Quiz) 5,1
CBSE,Class 9,Science,NCERT Science,Chapter 11 Work And Energy,,,Multiple Choice Question (Online),What is the correct unit of work done?,2, newton per metre, newton-meter, newton per second,None of the Above,,Other,Hard,,,NCERT Science Class 9 Chapter 11 Work And Energy Multiple Choice Question (Quiz) 6,1
CBSE,Class 9,Science,NCERT Science,Chapter 11 Work And Energy,,,Multiple Choice Question (Online),What is the SI unit of work done?,2, newton, joule, metre,None of the Above,,Other,Hard,,,NCERT Science Class 9 Chapter 11 Work And Energy Multiple Choice Question (Quiz) 7,1
CBSE,Class 9,Science,NCERT Science,Chapter 11 Work And Energy,,,Multiple Choice Question (Online),Which of the following is equal to newton-meter?,2, watt, joule, pascal,None of the Above,,Other,Hard,,,NCERT Science Class 9 Chapter 11 Work And Energy Multiple Choice Question (Quiz) 8,1
CBSE,Class 9,Science,NCERT Science,Chapter 11 Work And Energy,,,Multiple Choice Question (Online),Unit of work done is denoted by,3, W, N, J,None of the Above,,Other,Hard,,,NCERT Science Class 9 Chapter 11 Work And Energy Multiple Choice Question (Quiz) 9,1
CBSE,Class 9,Science,NCERT Science,Chapter 11 Work And Energy,,,Multiple Choice Question (Online),What is joule?,3, It is a unit of work done per unit time., It is the work done when 1 N of force is applied to displace an object by 1 m., It is the SI unit of work.,None of the Above,,Other,Hard,,,NCERT Science Class 9 Chapter 11 Work And Energy Multiple Choice Question (Quiz) 10,1
CBSE,Class 9,Science,NCERT Science,Chapter 11 Work And Energy,,,Multiple Choice Question (Online),What is 1 J?,2, The SI unit of work., It is the work done when 1 N of force is applied to displace an object by 1 m., It is work done per unit time.,None of the Above,,Other,Hard,,,NCERT Science Class 9 Chapter 11 Work And Energy Multiple Choice Question (Quiz) 11,1
CBSE,Class 9,Science,NCERT Science,Chapter 11 Work And Energy,,,Multiple Choice Question (Online),What is/are the bigger unit(s) of work done?,3, kilojoule, mega joule, Both A and B,None of the Above,,Other,Hard,,,NCERT Science Class 9 Chapter 11 Work And Energy Multiple Choice Question (Quiz) 12,1
CBSE,Class 9,Science,NCERT Science,Chapter 11 Work And Energy,,,Multiple Choice Question (Online),One kilojoule is equivalent to,3, 10 J, 100 J, 1000 J,None of the Above,,Other,Hard,,,NCERT Science Class 9 Chapter 11 Work And Energy Multiple Choice Question (Quiz) 13,1
CBSE,Class 9,Science,NCERT Science,Chapter 11 Work And Energy,,,Multiple Choice Question (Online),106 J is equivalent to _______ kJ.,3,1,10,1000,None of the Above,,Other,Hard,,,NCERT Science Class 9 Chapter 11 Work And Energy Multiple Choice Question (Quiz) 14,1
CBSE,Class 9,Science,NCERT Science,Chapter 11 Work And Energy,,,Multiple Choice Question (Online),When is it said that positive work is done on an object?,1, When displacement of the object is in the direction of applied force., When displacement is in the opposite direction of force applied., If there is no displacement.,None of the Above,,Other,Hard,,,NCERT Science Class 9 Chapter 11 Work And Energy Multiple Choice Question (Quiz) 15,1
CBSE,Class 9,Science,NCERT Science,Chapter 11 Work And Energy,,,Multiple Choice Question (Online),"When a moving object stops after a force is applied, then work done is said to be",2, positive, negative, zero,None of the Above,,Other,Hard,,,NCERT Science Class 9 Chapter 11 Work And Energy Multiple Choice Question (Quiz) 16,1
CBSE,Class 9,Science,NCERT Science,Chapter 11 Work And Energy,,,Multiple Choice Question (Online),"When a body slides against a rough horizontal surface, the work done by friction is",3, positive, zero, negative,None of the Above,,Other,Hard,,,NCERT Science Class 9 Chapter 11 Work And Energy Multiple Choice Question (Quiz) 17,1
CBSE,Class 9,Science,NCERT Science,Chapter 11 Work And Energy,,,Multiple Choice Question (Online),"When there is no displacement of the object even after a force F is applied on it, then work done is said to be",3, positive, negative, zero,None of the Above,,Other,Hard,,,NCERT Science Class 9 Chapter 11 Work And Energy Multiple Choice Question (Quiz) 18,1
CBSE,Class 9,Science,NCERT Science,Chapter 11 Work And Energy,,,Multiple Choice Question (Online),Due to application of 5 N force an object moves 10 meter along perpendicular direction of the force. What is the amount of work done?,2, 5 J,0, 50 J,None of the Above,,Other,Hard,,,NCERT Science Class 9 Chapter 11 Work And Energy Multiple Choice Question (Quiz) 19,1
CBSE,Class 9,Science,NCERT Science,Chapter 11 Work And Energy,,,Multiple Choice Question (Online),A boy pushes on a parked car with a force of 200N. The car does not move. How much work does the boy do?,1,0, 200 N, 200 J,None of the Above,,Other,Hard,,,NCERT Science Class 9 Chapter 11 Work And Energy Multiple Choice Question (Quiz) 20,1
CBSE,Class 9,Science,NCERT Science,Chapter 11 Work And Energy,,,Multiple Choice Question (Online),Which of the following processes requires the most work?,1, A person lifts a 10kg weight 1m off the floor., A person lifts a 1kg weight 1m off the floor., A person holds a 1kg weight stationary with outstretched arms.,None of the Above,,Other,Hard,,,NCERT Science Class 9 Chapter 11 Work And Energy Multiple Choice Question (Quiz) 21,1
CBSE,Class 9,Science,NCERT Science,Chapter 11 Work And Energy,,,Multiple Choice Question (Online),A students caries a bag weighing 5 kg from the ground floor to his class on the first floor that is 2 m high. The work done by the boy is,3, 1 J, 10 J, 100 J,None of the Above,,Other,Hard,,,NCERT Science Class 9 Chapter 11 Work And Energy Multiple Choice Question (Quiz) 22,1
CBSE,Class 9,Science,NCERT Science,Chapter 11 Work And Energy,,,Multiple Choice Question (Online),The work done by gravity on a freely falling object is,1, positive, negative, zero,None of the Above,,Other,Hard,,,NCERT Science Class 9 Chapter 11 Work And Energy Multiple Choice Question (Quiz) 23,1
CBSE,Class 9,Science,NCERT Science,Chapter 11 Work And Energy,,,Multiple Choice Question (Online),Work done by muscular force on lifting an object is,1, positive, negative, zero,None of the Above,,Other,Hard,,,NCERT Science Class 9 Chapter 11 Work And Energy Multiple Choice Question (Quiz) 24,1
CBSE,Class 9,Science,NCERT Science,Chapter 11 Work And Energy,,,Multiple Choice Question (Online),Work done by the force of gravity while muscular force lifts an object is,2, positive, negative, zero,None of the Above,,Other,Hard,,,NCERT Science Class 9 Chapter 11 Work And Energy Multiple Choice Question (Quiz) 25,1
CBSE,Class 9,Science,NCERT Science,Chapter 11 Work And Energy,,,Multiple Choice Question (Online),Which of the following relation is true?,2, 1 J = 1 N × 1 s, 1 J = 1 N × 1 m, 1 J = 1 N × 1 cm,None of the Above,,Other,Hard,,,NCERT Science Class 9 Chapter 11 Work And Energy Multiple Choice Question (Quiz) 26,1
CBSE,Class 9,Science,NCERT Science,Chapter 11 Work And Energy,,,Multiple Choice Question (Online),"For a body moving in a circular path, the work done by the centripetal force is",3, negative, positive, zero,None of the Above,,Other,Hard,,,NCERT Science Class 9 Chapter 11 Work And Energy Multiple Choice Question (Quiz) 27,1
CBSE,Class 9,Science,NCERT Science,Chapter 11 Work And Energy,,,Multiple Choice Question (Online),What is the ultimate source of energy?,2, Wind, Sun, Water,None of the Above,,Other,Hard,,,NCERT Science Class 9 Chapter 11 Work And Energy Multiple Choice Question (Quiz) 28,1
CBSE,Class 9,Science,NCERT Science,Chapter 11 Work And Energy,,,Multiple Choice Question (Online),"When a fast moving cricket ball hits a stationary wicket, the wicket is thrown away because of",2, inertia of rest, kinetic energy, frictional force,None of the Above,,Other,Hard,,,NCERT Science Class 9 Chapter 11 Work And Energy Multiple Choice Question (Quiz) 29,1
CBSE,Class 9,Science,NCERT Science,Chapter 11 Work And Energy,,,Multiple Choice Question (Online),What is the ability of an object to do work called?,1, Energy, Force, Displacement,None of the Above,,Other,Hard,,,NCERT Science Class 9 Chapter 11 Work And Energy Multiple Choice Question (Quiz) 30,1
CBSE,Class 9,Science,NCERT Science,Chapter 11 Work And Energy,,,Multiple Choice Question (Online),The object which does the work,2, gains energy, loses energy, either loses or gains energy,None of the Above,,Other,Hard,,,NCERT Science Class 9 Chapter 11 Work And Energy Multiple Choice Question (Quiz) 31,1
CBSE,Class 9,Science,NCERT Science,Chapter 11 Work And Energy,,,Multiple Choice Question (Online),The object on which the work is done,1, gains energy, loses energy, either loses or gains energy,None of the Above,,Other,Hard,,,NCERT Science Class 9 Chapter 11 Work And Energy Multiple Choice Question (Quiz) 32,1
CBSE,Class 9,Science,NCERT Science,Chapter 11 Work And Energy,,,Multiple Choice Question (Online),The energy acquired by a body in changing its velocity is equal to the,3, force applied, displacement, work done,None of the Above,,Other,Hard,,,NCERT Science Class 9 Chapter 11 Work And Energy Multiple Choice Question (Quiz) 33,1
CBSE,Class 9,Science,NCERT Science,Chapter 11 Work And Energy,,,Multiple Choice Question (Online),The SI unit of energy is,1, joule, newton, metre,None of the Above,,Other,Hard,,,NCERT Science Class 9 Chapter 11 Work And Energy Multiple Choice Question (Quiz) 34,1
CBSE,Class 9,Science,NCERT Science,Chapter 11 Work And Energy,,,Multiple Choice Question (Online),The unit of work is joule. The other physical quantity that has same unit is,2, velocity, energy, force,None of the Above,,Other,Hard,,,NCERT Science Class 9 Chapter 11 Work And Energy Multiple Choice Question (Quiz) 35,1
CBSE,Class 9,Science,NCERT Science,Chapter 11 Work And Energy,,,Multiple Choice Question (Online),The energy possessed by an object on account of its motion is known as its,1, kinetic energy, potential energy, work,None of the Above,,Other,Hard,,,NCERT Science Class 9 Chapter 11 Work And Energy Multiple Choice Question (Quiz) 36,1
CBSE,Class 9,Science,NCERT Science,Chapter 11 Work And Energy,,,Multiple Choice Question (Online),"When three balls a, b and c are dropped from three different heights such as 1m, 1.5 m and 2 m on a sand bed. Each ball creates a depression. Which one of them is deepest?",3, Depression of ball a, Depression of ball b, Depression of ball c,None of the Above,,Other,Hard,,,NCERT Science Class 9 Chapter 11 Work And Energy Multiple Choice Question (Quiz) 37,1
CBSE,Class 9,Science,NCERT Science,Chapter 11 Work And Energy,,,Multiple Choice Question (Online),Which energy does the blowing wind possess?,1, Kinetic energy, Potential energy, Work,None of the Above,,Other,Hard,,,NCERT Science Class 9 Chapter 11 Work And Energy Multiple Choice Question (Quiz) 38,1
CBSE,Class 9,Science,NCERT Science,Chapter 11 Work And Energy,,,Multiple Choice Question (Online),"If an object of mass m is moving with a velocity v, then the expression for its kinetic energy is",1, ½ mv2, mv, mv2,None of the Above,,Other,Hard,,,NCERT Science Class 9 Chapter 11 Work And Energy Multiple Choice Question (Quiz) 39,1
CBSE,Class 9,Science,NCERT Science,Chapter 11 Work And Energy,,,Multiple Choice Question (Online),The energy acquired by a body in changing its velocity is equal to the,3, force applied, displacement, work done,None of the Above,,Other,Hard,,,NCERT Science Class 9 Chapter 11 Work And Energy Multiple Choice Question (Quiz) 40,1
CBSE,Class 9,Science,NCERT Science,Chapter 11 Work And Energy,,,Multiple Choice Question (Online),The kinetic energy of an object is directly proportional to the square of its,2, mass, velocity, displacement,None of the Above,,Other,Hard,,,NCERT Science Class 9 Chapter 11 Work And Energy Multiple Choice Question (Quiz) 41,1
CBSE,Class 9,Science,NCERT Science,Chapter 11 Work And Energy,,,Multiple Choice Question (Online),The kinetic energy of a moving object is directly proportional to its,1, mass, velocity, displacement,None of the Above,,Other,Hard,,,NCERT Science Class 9 Chapter 11 Work And Energy Multiple Choice Question (Quiz) 42,1
CBSE,Class 9,Science,NCERT Science,Chapter 11 Work And Energy,,,Multiple Choice Question (Online),The mass of a moving object is halved keeping its speed unchanged. What change occurs in its kinetic energy?,2, Doubles, Halves, Remains same,None of the Above,,Other,Hard,,,NCERT Science Class 9 Chapter 11 Work And Energy Multiple Choice Question (Quiz) 43,1
CBSE,Class 9,Science,NCERT Science,Chapter 11 Work And Energy,,,Multiple Choice Question (Online),The speed of a moving object is doubled while keeping its mass unchanged. What will be its new kinetic energy?,2, Doubles, Increases four times, Decreases by a factor of 4,None of the Above,,Other,Hard,,,NCERT Science Class 9 Chapter 11 Work And Energy Multiple Choice Question (Quiz) 44,1
CBSE,Class 9,Science,NCERT Science,Chapter 11 Work And Energy,,,Multiple Choice Question (Online),Two objects with different masses are placed on the same shelf. Which object contains more kinetic energy?,3, The object with a greater mass has more energy., The object with less mass has more energy., Neither object has any energy because they are not moving.,None of the Above,,Other,Hard,,,NCERT Science Class 9 Chapter 11 Work And Energy Multiple Choice Question (Quiz) 45,1
CBSE,Class 9,Science,NCERT Science,Chapter 11 Work And Energy,,,Multiple Choice Question (Online),If a stone of mass 500 g strikes ground with velocity of 20 ms-1 then kinetic energy at that point is,3, 10 J, 40 J, 100 J,None of the Above,,Other,Hard,,,NCERT Science Class 9 Chapter 11 Work And Energy Multiple Choice Question (Quiz) 46,1
CBSE,Class 9,Science,NCERT Science,Chapter 11 Work And Energy,,,Multiple Choice Question (Online),A bus weighing 12kN has speed of 20 ms-1. Its kinetic energy is,3, 210 kJ, 230 kJ, 240 kJ,None of the Above,,Other,Hard,,,NCERT Science Class 9 Chapter 11 Work And Energy Multiple Choice Question (Quiz) 47,1
CBSE,Class 9,Science,NCERT Science,Chapter 11 Work And Energy,,,Multiple Choice Question (Online),If kinetic energy of a body of mass 2 kg is 25 J. Its speed is,3, 25 ms-1, 15 ms-1, 5 ms-1,None of the Above,,Other,Hard,,,NCERT Science Class 9 Chapter 11 Work And Energy Multiple Choice Question (Quiz) 48,1
CBSE,Class 9,Science,NCERT Science,Chapter 11 Work And Energy,,,Multiple Choice Question (Online),Increase in kinetic energy of car having mass 800 kg and velocities ranging from 20 m s-1 to 30 m s-1 is,3, 300 kJ, 500 kJ, 200 kJ,None of the Above,,Other,Hard,,,NCERT Science Class 9 Chapter 11 Work And Energy Multiple Choice Question (Quiz) 49,1
CBSE,Class 9,Science,NCERT Science,Chapter 11 Work And Energy,,,Multiple Choice Question (Online),A spring will gain potential energy when,3, it is pulled out, it is compressed, both A and B,None of the Above,,Other,Hard,,,NCERT Science Class 9 Chapter 11 Work And Energy Multiple Choice Question (Quiz) 50,1
CBSE,Class 9,Science,NCERT Science,Chapter 11 Work And Energy,,,Multiple Choice Question (Online),The energy possessed by an object on account of its height is known as,2, kinetic energy, gravitational potential energy, work,None of the Above,,Other,Hard,,,NCERT Science Class 9 Chapter 11 Work And Energy Multiple Choice Question (Quiz) 51,1
CBSE,Class 9,Science,NCERT Science,Chapter 11 Work And Energy,,,Multiple Choice Question (Online),The energy possessed by an object on account of its elasticity is known as,2, kinetic energy, elastic potential energy, work,None of the Above,,Other,Hard,,,NCERT Science Class 9 Chapter 11 Work And Energy Multiple Choice Question (Quiz) 52,1
CBSE,Class 9,Science,NCERT Science,Chapter 11 Work And Energy,,,Multiple Choice Question (Online),What causes potential energy?,3, Change in shape, Position above the ground level, Both A and B,None of the Above,,Other,Hard,,,NCERT Science Class 9 Chapter 11 Work And Energy Multiple Choice Question (Quiz) 53,1
CBSE,Class 9,Science,NCERT Science,Chapter 11 Work And Energy,,,Multiple Choice Question (Online),Elastic potential energy is due to,1, change in shape, position above the ground level, both A and B,None of the Above,,Other,Hard,,,NCERT Science Class 9 Chapter 11 Work And Energy Multiple Choice Question (Quiz) 54,1
CBSE,Class 9,Science,NCERT Science,Chapter 11 Work And Energy,,,Multiple Choice Question (Online),Gravitational potential energy is due to,2, change in shape, position above the ground level, both A and B,None of the Above,,Other,Hard,,,NCERT Science Class 9 Chapter 11 Work And Energy Multiple Choice Question (Quiz) 55,1
CBSE,Class 9,Science,NCERT Science,Chapter 11 Work And Energy,,,Multiple Choice Question (Online),A compressed spring possesses,2, gravitational potential energy, elastic potential energy, kinetic energy,None of the Above,,Other,Hard,,,NCERT Science Class 9 Chapter 11 Work And Energy Multiple Choice Question (Quiz) 56,1
CBSE,Class 9,Science,NCERT Science,Chapter 11 Work And Energy,,,Multiple Choice Question (Online),A drawn arrow on the bow possesses,2, kinetic energy, potential energy, force,None of the Above,,Other,Hard,,,NCERT Science Class 9 Chapter 11 Work And Energy Multiple Choice Question (Quiz) 57,1
CBSE,Class 9,Science,NCERT Science,Chapter 11 Work And Energy,,,Multiple Choice Question (Online),"If work is done on an object to raise it through a height, then it acquires",1, gravitational potential energy, kinetic energy, elastic potential energy,None of the Above,,Other,Hard,,,NCERT Science Class 9 Chapter 11 Work And Energy Multiple Choice Question (Quiz) 58,1
CBSE,Class 9,Science,NCERT Science,Chapter 11 Work And Energy,,,Multiple Choice Question (Online),The expression for the potential energy of an object of mass m raised through a height h from the ground is,1, mgh, ½ mh2, ½ mv2,None of the Above,,Other,Hard,,,NCERT Science Class 9 Chapter 11 Work And Energy Multiple Choice Question (Quiz) 59,1
CBSE,Class 9,Science,NCERT Science,Chapter 11 Work And Energy,,,Multiple Choice Question (Online),The potential energy of an object of mass m raised through a height h depends on,1, only the vertical height, the path along which it is moved, both A and B,None of the Above,,Other,Hard,,,NCERT Science Class 9 Chapter 11 Work And Energy Multiple Choice Question (Quiz) 60,1
CBSE,Class 9,Science,NCERT Science,Chapter 11 Work And Energy,,,Multiple Choice Question (Online),The factors on which the potential energy depends on is/are,3, mass of the object, height on which object is placed, both A and b,None of the Above,,Other,Hard,,,NCERT Science Class 9 Chapter 11 Work And Energy Multiple Choice Question (Quiz) 61,1
CBSE,Class 9,Science,NCERT Science,Chapter 11 Work And Energy,,,Multiple Choice Question (Online),"If the height of an object through which it is raised is doubled, then its potential energy is",1, doubled, remains same, increases four times,None of the Above,,Other,Hard,,,NCERT Science Class 9 Chapter 11 Work And Energy Multiple Choice Question (Quiz) 62,1
CBSE,Class 9,Science,NCERT Science,Chapter 11 Work And Energy,,,Multiple Choice Question (Online),Plants convert solar energy into,2, electrical energy, chemical energy, potential energy,None of the Above,,Other,Hard,,,NCERT Science Class 9 Chapter 11 Work And Energy Multiple Choice Question (Quiz) 63,1
CBSE,Class 9,Science,NCERT Science,Chapter 11 Work And Energy,,,Multiple Choice Question (Online),What is the primary energy conversion that takes place in electric bulbs?,1, Electrical energy to light energy, Heat energy to light energy, Solar energy to heat energy,None of the Above,,Other,Hard,,,NCERT Science Class 9 Chapter 11 Work And Energy Multiple Choice Question (Quiz) 64,1
CBSE,Class 9,Science,NCERT Science,Chapter 11 Work And Energy,,,Multiple Choice Question (Online),Coal and petroleum have stored,1, chemical energy, heat energy, kinetic energy,None of the Above,,Other,Hard,,,NCERT Science Class 9 Chapter 11 Work And Energy Multiple Choice Question (Quiz) 65,1
CBSE,Class 9,Science,NCERT Science,Chapter 11 Work And Energy,,,Multiple Choice Question (Online),Solar cells convert energy of the sun primarily into,2, chemical energy, electrical energy, heat energy,None of the Above,,Other,Hard,,,NCERT Science Class 9 Chapter 11 Work And Energy Multiple Choice Question (Quiz) 66,1
CBSE,Class 9,Science,NCERT Science,Chapter 11 Work And Energy,,,Multiple Choice Question (Online),The law of conservation of energy states that,1, energy can be transformed into other forms, energy can be destroyed, energy can be created,None of the Above,,Other,Hard,,,NCERT Science Class 9 Chapter 11 Work And Energy Multiple Choice Question (Quiz) 67,1
CBSE,Class 9,Science,NCERT Science,Chapter 11 Work And Energy,,,Multiple Choice Question (Online),"When an object of mass m is dropped from a height h, its potential energy",1, transforms into kinetic energy, converts into heat energy, remains same,None of the Above,,Other,Hard,,,NCERT Science Class 9 Chapter 11 Work And Energy Multiple Choice Question (Quiz) 68,1
CBSE,Class 9,Science,NCERT Science,Chapter 11 Work And Energy,,,Multiple Choice Question (Online),The kinetic energy of an object of mass m dropped from a height h is maximum at,2, the height h, just before hitting the ground, a height h/2,None of the Above,,Other,Hard,,,NCERT Science Class 9 Chapter 11 Work And Energy Multiple Choice Question (Quiz) 69,1
CBSE,Class 9,Science,NCERT Science,Chapter 11 Work And Energy,,,Multiple Choice Question (Online),The energy possessed by an oscillating pendulum of a clock is,3, kinetic energy, potential energy, mechanical energy,None of the Above,,Other,Hard,,,NCERT Science Class 9 Chapter 11 Work And Energy Multiple Choice Question (Quiz) 70,1
CBSE,Class 9,Science,NCERT Science,Chapter 11 Work And Energy,,,Multiple Choice Question (Online),"The type of energy (energies) possessed by a simple pendulum, when it is at the mean position is/are",1, kinetic energy, potential energy, kinetic energy and potential energy,None of the Above,,Other,Hard,,,NCERT Science Class 9 Chapter 11 Work And Energy Multiple Choice Question (Quiz) 71,1
CBSE,Class 9,Science,NCERT Science,Chapter 11 Work And Energy,,,Multiple Choice Question (Online),An object of mass 1 kg has potential energy of 1 joule relative to the ground when it is at a height of,1, 1 m, 9.8 m, 1000 m,None of the Above,,Other,Hard,,,NCERT Science Class 9 Chapter 11 Work And Energy Multiple Choice Question (Quiz) 72,1
CBSE,Class 9,Science,NCERT Science,Chapter 11 Work And Energy,,,Multiple Choice Question (Online),A man of mass 50 kg jumps to a height of 1 m. His potential energy at the highest point is (g = 10 m/s2),3, 50 J, 100 J, 500 J,None of the Above,,Other,Hard,,,NCERT Science Class 9 Chapter 11 Work And Energy Multiple Choice Question (Quiz) 73,1
CBSE,Class 9,Science,NCERT Science,Chapter 11 Work And Energy,,,Multiple Choice Question (Online),The rate of change of work is _______ .,1, power, force, energy,None of the Above,,Other,Hard,,,NCERT Science Class 9 Chapter 11 Work And Energy Multiple Choice Question (Quiz) 74,1
CBSE,Class 9,Science,NCERT Science,Chapter 11 Work And Energy,,,Multiple Choice Question (Online),_______ = Work done/Time.,2, Energy, Power, Potential energy,None of the Above,,Other,Hard,,,NCERT Science Class 9 Chapter 11 Work And Energy Multiple Choice Question (Quiz) 75,1
CBSE,Class 9,Science,NCERT Science,Chapter 11 Work And Energy,,,Multiple Choice Question (Online),Power is,2, force applied per unit time, work done per unit time, work done,None of the Above,,Other,Hard,,,NCERT Science Class 9 Chapter 11 Work And Energy Multiple Choice Question (Quiz) 76,1
CBSE,Class 9,Science,NCERT Science,Chapter 11 Work And Energy,,,Multiple Choice Question (Online),Power is represented by,3, W, E, P,None of the Above,,Other,Hard,,,NCERT Science Class 9 Chapter 11 Work And Energy Multiple Choice Question (Quiz) 77,1
CBSE,Class 9,Science,NCERT Science,Chapter 11 Work And Energy,,,Multiple Choice Question (Online),Rate of supplying energy is,3, work done, potential energy, power,None of the Above,,Other,Hard,,,NCERT Science Class 9 Chapter 11 Work And Energy Multiple Choice Question (Quiz) 78,1
CBSE,Class 9,Science,NCERT Science,Chapter 11 Work And Energy,,,Multiple Choice Question (Online),Which of the following is correct for power?,2, Power = Force/Time taken, Power = Energy/Time taken, Power = work done,None of the Above,,Other,Hard,,,NCERT Science Class 9 Chapter 11 Work And Energy Multiple Choice Question (Quiz) 79,1
CBSE,Class 9,Science,NCERT Science,Chapter 11 Work And Energy,,,Multiple Choice Question (Online),Which is the correct unit of power?,2, newton per second, joule per second, newton kilogram per second,None of the Above,,Other,Hard,,,NCERT Science Class 9 Chapter 11 Work And Energy Multiple Choice Question (Quiz) 80,1
CBSE,Class 9,Science,NCERT Science,Chapter 11 Work And Energy,,,Multiple Choice Question (Online),The SI unit of power is,3, Pascal, joule, watt,None of the Above,,Other,Hard,,,NCERT Science Class 9 Chapter 11 Work And Energy Multiple Choice Question (Quiz) 81,1
CBSE,Class 9,Science,NCERT Science,Chapter 11 Work And Energy,,,Multiple Choice Question (Online),The SI unit of power was named after,2, Blaise Pascal, James Watt, James Prescott Joule,None of the Above,,Other,Hard,,,NCERT Science Class 9 Chapter 11 Work And Energy Multiple Choice Question (Quiz) 82,1
CBSE,Class 9,Science,NCERT Science,Chapter 11 Work And Energy,,,Multiple Choice Question (Online),The unit of power is represented by,1, W, P, J,None of the Above,,Other,Hard,,,NCERT Science Class 9 Chapter 11 Work And Energy Multiple Choice Question (Quiz) 83,1
CBSE,Class 9,Science,NCERT Science,Chapter 11 Work And Energy,,,Multiple Choice Question (Online),Define watt.,1, It is the unit of power., It is 1 joule of energy supplied in 1 second., It is equivalent to one newton per unit time,None of the Above,,Other,Hard,,,NCERT Science Class 9 Chapter 11 Work And Energy Multiple Choice Question (Quiz) 84,1
CBSE,Class 9,Science,NCERT Science,Chapter 11 Work And Energy,,,Multiple Choice Question (Online),What is one watt?,2, Unit of power, One joule of work done per unit time, One newton of force per unit energy,None of the Above,,Other,Hard,,,NCERT Science Class 9 Chapter 11 Work And Energy Multiple Choice Question (Quiz) 85,1
CBSE,Class 9,Science,NCERT Science,Chapter 11 Work And Energy,,,Multiple Choice Question (Online),Which of the following is the correct option for the unit of power?,1," watt, kilowatt, megawatt"," joule, kilo joule, mega joule"," pascal, kilo pascal, mega pascal",None of the Above,,Other,Hard,,,NCERT Science Class 9 Chapter 11 Work And Energy Multiple Choice Question (Quiz) 86,1
CBSE,Class 9,Science,NCERT Science,Chapter 11 Work And Energy,,,Multiple Choice Question (Online),A machine does a work of 100 joule in 20 second. What is its power?,3, 120 watt, 80 watt, 5 watt,None of the Above,,Other,Hard,,,NCERT Science Class 9 Chapter 11 Work And Energy Multiple Choice Question (Quiz) 87,1
CBSE,Class 9,Science,NCERT Science,Chapter 11 Work And Energy,,,Multiple Choice Question (Online),1.5 kW = ______ watts.,1,1500,150,15,None of the Above,,Other,Hard,,,NCERT Science Class 9 Chapter 11 Work And Energy Multiple Choice Question (Quiz) 88,1
CBSE,Class 9,Science,NCERT Science,Chapter 11 Work And Energy,,,Multiple Choice Question (Online),Which of the following is the unit of energy?,3, watt, kilowatt, kilowatt hour,None of the Above,,Other,Hard,,,NCERT Science Class 9 Chapter 11 Work And Energy Multiple Choice Question (Quiz) 89,1
CBSE,Class 9,Science,NCERT Science,Chapter 11 Work And Energy,,,Multiple Choice Question (Online),Kilowatt-hour(kWh) is a unit of,2, power, energy, force,None of the Above,,Other,Hard,,,NCERT Science Class 9 Chapter 11 Work And Energy Multiple Choice Question (Quiz) 90,1
CBSE,Class 9,Science,NCERT Science,Chapter 11 Work And Energy,,,Multiple Choice Question (Online),Which of the following is the commercial unit of energy?,3, joule, kilowatt joule, kilowatt hour,None of the Above,,Other,Hard,,,NCERT Science Class 9 Chapter 11 Work And Energy Multiple Choice Question (Quiz) 91,1
CBSE,Class 9,Science,NCERT Science,Chapter 11 Work And Energy,,,Multiple Choice Question (Online),Which of the following is the correct relation between commercial unit of energy and SI unit of energy?,3, 1 kilowatt = 3.6 x 106 joule, 1 joule = 3.6 x 106 kilowatt hour, 1 kilowatt hour = 3.6 x 106 joule,None of the Above,,Other,Hard,,,NCERT Science Class 9 Chapter 11 Work And Energy Multiple Choice Question (Quiz) 92,1
CBSE,Class 9,Science,NCERT Science,Chapter 11 Work And Energy,,,Multiple Choice Question (Online),One unit of electrical energy is,2, one kilojoule, one kilowatt hour, one watt,None of the Above,,Other,Hard,,,NCERT Science Class 9 Chapter 11 Work And Energy Multiple Choice Question (Quiz) 93,1
CBSE,Class 9,Science,NCERT Science,Chapter 11 Work And Energy,,,Multiple Choice Question (Online),"The unit of energy consumption in households, industries and commercial establishments is",3, J, W, kWh,None of the Above,,Other,Hard,,,NCERT Science Class 9 Chapter 11 Work And Energy Multiple Choice Question (Quiz) 94,1
CBSE,Class 9,Science,NCERT Science,Chapter 11 Work And Energy,,,Multiple Choice Question (Online),A pump takes 20 s to lift 100 kg of water to the water tank situated at the height 10 m. What is the power of the pump? Given g = 10m/s–2,2, 5 kW, 0.5 kW, 500 kW,None of the Above,,Other,Hard,,,NCERT Science Class 9 Chapter 11 Work And Energy Multiple Choice Question (Quiz) 95,1
CBSE,Class 9,Science,NCERT Science,Chapter 11 Work And Energy,,,Multiple Choice Question (Online),A lamp consumes 1000 J of electrical energy in 10 s. What is its power?,2, 10 W, 100 W, 1000 W,None of the Above,,Other,Hard,,,NCERT Science Class 9 Chapter 11 Work And Energy Multiple Choice Question (Quiz) 96,1
CBSE,Class 9,Science,NCERT Science,Chapter 12 Sound,,,Multiple Choice Question (Online),Sound is a form of ............ .,1, energy, force, power,None of the Above,,Other,Hard,,,NCERT Science Class 9 Chapter 12 Sound Multiple Choice Question (Quiz) 1 ,1
CBSE,Class 9,Science,NCERT Science,Chapter 12 Sound,,,Multiple Choice Question (Online),Sound passes from one place to another in form of,2, rays, waves, energy,None of the Above,,Other,Hard,,,NCERT Science Class 9 Chapter 12 Sound Multiple Choice Question (Quiz) 2,1
CBSE,Class 9,Science,NCERT Science,Chapter 12 Sound,,,Multiple Choice Question (Online),Sound is produced by ............ .,3, linear motion, circular motion, vibrating bodies,None of the Above,,Other,Hard,,,NCERT Science Class 9 Chapter 12 Sound Multiple Choice Question (Quiz) 3,1
CBSE,Class 9,Science,NCERT Science,Chapter 12 Sound,,,Multiple Choice Question (Online),Sound travels by,1, compression and rarefaction, compression only, rarefaction only,None of the Above,,Other,Hard,,,NCERT Science Class 9 Chapter 12 Sound Multiple Choice Question (Quiz) 4,1
CBSE,Class 9,Science,NCERT Science,Chapter 12 Sound,,,Multiple Choice Question (Online),Part of a wave in which the particles of the medium are closer to one another than they normally are known as,1, compression, rarefaction, trough,None of the Above,,Other,Hard,,,NCERT Science Class 9 Chapter 12 Sound Multiple Choice Question (Quiz) 5,1
CBSE,Class 9,Science,NCERT Science,Chapter 12 Sound,,,Multiple Choice Question (Online),Part of a wave in which the particles of the medium are further apart than they normally are known as,2, compression, rarefaction, crest,None of the Above,,Other,Hard,,,NCERT Science Class 9 Chapter 12 Sound Multiple Choice Question (Quiz) 6,1
CBSE,Class 9,Science,NCERT Science,Chapter 12 Sound,,,Multiple Choice Question (Online),In compression part pressure is,1, more, less, zero,None of the Above,,Other,Hard,,,NCERT Science Class 9 Chapter 12 Sound Multiple Choice Question (Quiz) 7,1
CBSE,Class 9,Science,NCERT Science,Chapter 12 Sound,,,Multiple Choice Question (Online),In rarefaction part pressure is,2, more, less, zero,None of the Above,,Other,Hard,,,NCERT Science Class 9 Chapter 12 Sound Multiple Choice Question (Quiz) 8,1
CBSE,Class 9,Science,NCERT Science,Chapter 12 Sound,,,Multiple Choice Question (Online),Sound requires .................. to travel.,1, material medium, air, vibrating object,None of the Above,,Other,Hard,,,NCERT Science Class 9 Chapter 12 Sound Multiple Choice Question (Quiz) 9,1
CBSE,Class 9,Science,NCERT Science,Chapter 12 Sound,,,Multiple Choice Question (Online),Sound can travel through,3, liquid and gas, gas only," solid, liquid and gas",None of the Above,,Other,Hard,,,NCERT Science Class 9 Chapter 12 Sound Multiple Choice Question (Quiz) 10,1
CBSE,Class 9,Science,NCERT Science,Chapter 12 Sound,,,Multiple Choice Question (Online),A wave can carry,1, energy, mass, both mass and energy,None of the Above,,Other,Hard,,,NCERT Science Class 9 Chapter 12 Sound Multiple Choice Question (Quiz) 11,1
CBSE,Class 9,Science,NCERT Science,Chapter 12 Sound,,,Multiple Choice Question (Online),Sound is a ............ .,1, longitudinal wave, transverse wave, electromagnetic wave,None of the Above,,Other,Hard,,,NCERT Science Class 9 Chapter 12 Sound Multiple Choice Question (Quiz) 12,1
CBSE,Class 9,Science,NCERT Science,Chapter 12 Sound,,,Multiple Choice Question (Online),Waves that travel in a direction perpendicular to direction of vibration are known as,1, transverse waves, longitudinal waves, sound waves,None of the Above,,Other,Hard,,,NCERT Science Class 9 Chapter 12 Sound Multiple Choice Question (Quiz) 13,1
CBSE,Class 9,Science,NCERT Science,Chapter 12 Sound,,,Multiple Choice Question (Online),Waves that travel in a direction parallel to direction of vibration are known as,2, transverse waves, longitudinal waves, sound waves,None of the Above,,Other,Hard,,,NCERT Science Class 9 Chapter 12 Sound Multiple Choice Question (Quiz) 14,1
CBSE,Class 9,Science,NCERT Science,Chapter 12 Sound,,,Multiple Choice Question (Online),Sound waves are also called,1, mechanical waves, electromagnetic waves, light Waves,None of the Above,,Other,Hard,,,NCERT Science Class 9 Chapter 12 Sound Multiple Choice Question (Quiz) 15,1
CBSE,Class 9,Science,NCERT Science,Chapter 12 Sound,,,Multiple Choice Question (Online),A longitudinal wave in air has been represented by means of a,1, density-distance graph, displacement-distance graph, distance-time graph,None of the Above,,Other,Hard,,,NCERT Science Class 9 Chapter 12 Sound Multiple Choice Question (Quiz) 16,1
CBSE,Class 9,Science,NCERT Science,Chapter 12 Sound,,,Multiple Choice Question (Online),A transverse wave in air has been represented by means of a,2, density-distance graph, displacement-distance graph, distance-time graph,None of the Above,,Other,Hard,,,NCERT Science Class 9 Chapter 12 Sound Multiple Choice Question (Quiz) 17,1
CBSE,Class 9,Science,NCERT Science,Chapter 12 Sound,,,Multiple Choice Question (Online),The minimum distance in which a sound wave repeats itself is called its,1, wavelength, amplitude, frequency,None of the Above,,Other,Hard,,,NCERT Science Class 9 Chapter 12 Sound Multiple Choice Question (Quiz) 18,1
CBSE,Class 9,Science,NCERT Science,Chapter 12 Sound,,,Multiple Choice Question (Online),The distance between the centres of a compression and an adjacent rarefaction is equal to,1, half wavelength, full wavelength, twice wavelength,None of the Above,,Other,Hard,,,NCERT Science Class 9 Chapter 12 Sound Multiple Choice Question (Quiz) 19,1
CBSE,Class 9,Science,NCERT Science,Chapter 12 Sound,,,Multiple Choice Question (Online),The SI unit for measuring wavelength is,1, metre, centimetre, millimetre,None of the Above,,Other,Hard,,,NCERT Science Class 9 Chapter 12 Sound Multiple Choice Question (Quiz) 20,1
CBSE,Class 9,Science,NCERT Science,Chapter 12 Sound,,,Multiple Choice Question (Online),"The maximum displacement of the particles of the medium from their original undisturbed positions, when a wave passes through the medium, is called",2, wavelength, amplitude, frequency,None of the Above,,Other,Hard,,,NCERT Science Class 9 Chapter 12 Sound Multiple Choice Question (Quiz) 21,1
CBSE,Class 9,Science,NCERT Science,Chapter 12 Sound,,,Multiple Choice Question (Online),The time required to produce one complete wave (or cycle) is called,1, time period, amplitude, frequency,None of the Above,,Other,Hard,,,NCERT Science Class 9 Chapter 12 Sound Multiple Choice Question (Quiz) 22,1
CBSE,Class 9,Science,NCERT Science,Chapter 12 Sound,,,Multiple Choice Question (Online),The number of complete waves (or cycles) produced in one second is called,3, time period, amplitude, frequency,None of the Above,,Other,Hard,,,NCERT Science Class 9 Chapter 12 Sound Multiple Choice Question (Quiz) 23,1
CBSE,Class 9,Science,NCERT Science,Chapter 12 Sound,,,Multiple Choice Question (Online),1 kHz = ............ .,1, 1000 Hz, 100 Hz, 10 Hz,None of the Above,,Other,Hard,,,NCERT Science Class 9 Chapter 12 Sound Multiple Choice Question (Quiz) 24,1
CBSE,Class 9,Science,NCERT Science,Chapter 12 Sound,,,Multiple Choice Question (Online),The correct relation between time frequency and time period (T) is,1, f = 1/T, f = T2, f = 1/T2,None of the Above,,Other,Hard,,,NCERT Science Class 9 Chapter 12 Sound Multiple Choice Question (Quiz) 25,1
CBSE,Class 9,Science,NCERT Science,Chapter 12 Sound,,,Multiple Choice Question (Online),"The correct relation between velocity (v), frequency (\(\nu\)) and wavelength (\(\lambda\)) of a wave",1, v = \(\nu\) × \(\lambda\), v = \(\nu\) / \(\lambda\), v = \(\lambda\) / \(\nu\),None of the Above,,Other,Hard,,,NCERT Science Class 9 Chapter 12 Sound Multiple Choice Question (Quiz) 26,1
CBSE,Class 9,Science,NCERT Science,Chapter 12 Sound,,,Multiple Choice Question (Online),Loudness of a sound wave depends on,1, amplitude, wavelength, frequency,None of the Above,,Other,Hard,,,NCERT Science Class 9 Chapter 12 Sound Multiple Choice Question (Quiz) 27,1
CBSE,Class 9,Science,NCERT Science,Chapter 12 Sound,,,Multiple Choice Question (Online),The pitch of a sound is directly proportional to,3, amplitude, wavelength, frequency,None of the Above,,Other,Hard,,,NCERT Science Class 9 Chapter 12 Sound Multiple Choice Question (Quiz) 28,1
CBSE,Class 9,Science,NCERT Science,Chapter 12 Sound,,,Multiple Choice Question (Online),That characteristic of musical sound which enables us to distinguish between the sounds of same pitch and loudness produced by different musical instrument or singers is known as,2, pitch, quality or timbre, frequency,None of the Above,,Other,Hard,,,NCERT Science Class 9 Chapter 12 Sound Multiple Choice Question (Quiz) 29,1
CBSE,Class 9,Science,NCERT Science,Chapter 12 Sound,,,Multiple Choice Question (Online),Speed of sound in air at room temperature is,1, 343 ms–1, 343 ms–2, 331 ms–1,None of the Above,,Other,Hard,,,NCERT Science Class 9 Chapter 12 Sound Multiple Choice Question (Quiz) 30,1
CBSE,Class 9,Science,NCERT Science,Chapter 12 Sound,,,Multiple Choice Question (Online),Speed of sound can be found by relation,2, v = c?, v = f?, f = 1?T,None of the Above,,Other,Hard,,,NCERT Science Class 9 Chapter 12 Sound Multiple Choice Question (Quiz) 31,1
CBSE,Class 9,Science,NCERT Science,Chapter 12 Sound,,,Multiple Choice Question (Online),Speed of sound in solids (iron) is,3, 10 times that in gas, 5 times that in gas, 17 times that in gas,None of the Above,,Other,Hard,,,NCERT Science Class 9 Chapter 12 Sound Multiple Choice Question (Quiz) 32,1
CBSE,Class 9,Science,NCERT Science,Chapter 12 Sound,,,Multiple Choice Question (Online),Speed of sound is maximum in,1, solids, liquids, gas,None of the Above,,Other,Hard,,,NCERT Science Class 9 Chapter 12 Sound Multiple Choice Question (Quiz) 33,1
CBSE,Class 9,Science,NCERT Science,Chapter 12 Sound,,,Multiple Choice Question (Online),Speed of sound in air depends on the,2, chemical conditions, physical conditions, pitch,None of the Above,,Other,Hard,,,NCERT Science Class 9 Chapter 12 Sound Multiple Choice Question (Quiz) 34,1
CBSE,Class 9,Science,NCERT Science,Chapter 12 Sound,,,Multiple Choice Question (Online),Time a sound wave having frequency 2 kHz and wavelength 35 cm requires to cover distance of 1.5 Km is,1, 2.1 s, 10 s, 20 s,None of the Above,,Other,Hard,,,NCERT Science Class 9 Chapter 12 Sound Multiple Choice Question (Quiz) 35,1
CBSE,Class 9,Science,NCERT Science,Chapter 12 Sound,,,Multiple Choice Question (Online),On increasing the temperature of air the speed of sound,1, increases, decreases, doesn’t change,None of the Above,,Other,Hard,,,NCERT Science Class 9 Chapter 12 Sound Multiple Choice Question (Quiz) 36,1
CBSE,Class 9,Science,NCERT Science,Chapter 12 Sound,,,Multiple Choice Question (Online),On increasing humidity the speed of sound,1, increases, decreases, doesn’t change,None of the Above,,Other,Hard,,,NCERT Science Class 9 Chapter 12 Sound Multiple Choice Question (Quiz) 37,1
CBSE,Class 9,Science,NCERT Science,Chapter 12 Sound,,,Multiple Choice Question (Online),Supersonic is refer to the speed of sound greater than that of in,3, iron, water, air,None of the Above,,Other,Hard,,,NCERT Science Class 9 Chapter 12 Sound Multiple Choice Question (Quiz) 38,1
CBSE,Class 9,Science,NCERT Science,Chapter 12 Sound,,,Multiple Choice Question (Online),"When an aircraft flies with a speed greater than the speed of sound, it is said to have supersonic speed, produces extremely loud sound waves known as",1, shock wave, wave, seismic wave,None of the Above,,Other,Hard,,,NCERT Science Class 9 Chapter 12 Sound Multiple Choice Question (Quiz) 39,1
CBSE,Class 9,Science,NCERT Science,Chapter 12 Sound,,,Multiple Choice Question (Online),"In the rainy season, the flash of lightning is seen first and the sound of thunder is heard little later because",1, speed of light is much more than speed of sound, speed of light is less than that of sound, both have same speed,None of the Above,,Other,Hard,,,NCERT Science Class 9 Chapter 12 Sound Multiple Choice Question (Quiz) 40,1
CBSE,Class 9,Science,NCERT Science,Chapter 12 Sound,,,Multiple Choice Question (Online),"The bouncing back of sound when it strikes a hard surface is called,",1, reflection of Sound, refraction of Sound, diffraction of Sound,None of the Above,,Other,Hard,,,NCERT Science Class 9 Chapter 12 Sound Multiple Choice Question (Quiz) 41,1
CBSE,Class 9,Science,NCERT Science,Chapter 12 Sound,,,Multiple Choice Question (Online),"The incident sound wave, the reflected sound wave, and the normal at the point of incident, all lie in the",1, different plane, same plane, only normal lie at different plane,None of the Above,,Other,Hard,,,NCERT Science Class 9 Chapter 12 Sound Multiple Choice Question (Quiz) 42,1
CBSE,Class 9,Science,NCERT Science,Chapter 12 Sound,,,Multiple Choice Question (Online),The angle incidence is defined as,1, angle between incidence wave and the normal, angle between incidence wave and reflected wave, angle between reflected wave and the normal,None of the Above,,Other,Hard,,,NCERT Science Class 9 Chapter 12 Sound Multiple Choice Question (Quiz) 43,1
CBSE,Class 9,Science,NCERT Science,Chapter 12 Sound,,,Multiple Choice Question (Online),The angle of reflection is defined as,3, angle between incidence wave and the normal, angle between incidence wave and reflected wave, angle between reflected wave and the normal,None of the Above,,Other,Hard,,,NCERT Science Class 9 Chapter 12 Sound Multiple Choice Question (Quiz) 44,1
CBSE,Class 9,Science,NCERT Science,Chapter 12 Sound,,,Multiple Choice Question (Online),Which of the following is correct relationship between,1, Angle of Incidence > Angle of Reflection, Angle of Reflection = Angle of Reflection, Angle of Reflection < Angle of Reflection,None of the Above,,Other,Hard,,,NCERT Science Class 9 Chapter 12 Sound Multiple Choice Question (Quiz) 45,1
CBSE,Class 9,Science,NCERT Science,Chapter 12 Sound,,,Multiple Choice Question (Online),"A megaphone, bulb horn and sound board work on",1, multiple reflection of Sound, refraction of Sound, reflection of Sound,None of the Above,,Other,Hard,,,NCERT Science Class 9 Chapter 12 Sound Multiple Choice Question (Quiz) 46,1
CBSE,Class 9,Science,NCERT Science,Chapter 12 Sound,,,Multiple Choice Question (Online),Sound of single frequency is known as,1, tone, quality, note,None of the Above,,Other,Hard,,,NCERT Science Class 9 Chapter 12 Sound Multiple Choice Question (Quiz) 47,1
CBSE,Class 9,Science,NCERT Science,Chapter 12 Sound,,,Multiple Choice Question (Online),Mixture of sound of multiple frequency is known as,1, tone, noise, note,None of the Above,,Other,Hard,,,NCERT Science Class 9 Chapter 12 Sound Multiple Choice Question (Quiz) 48,1
CBSE,Class 9,Science,NCERT Science,Chapter 12 Sound,,,Multiple Choice Question (Online),Pleasant sound is known as,1, music, noise, tone,None of the Above,,Other,Hard,,,NCERT Science Class 9 Chapter 12 Sound Multiple Choice Question (Quiz) 49,1
CBSE,Class 9,Science,NCERT Science,Chapter 12 Sound,,,Multiple Choice Question (Online),Unpleasant sound is known as,2, music, noise, tone,None of the Above,,Other,Hard,,,NCERT Science Class 9 Chapter 12 Sound Multiple Choice Question (Quiz) 50,1
CBSE,Class 9,Science,NCERT Science,Chapter 12 Sound,,,Multiple Choice Question (Online),The repetition of sound cause by the reflection of sound wave is called an,1, echo, loudness, note,None of the Above,,Other,Hard,,,NCERT Science Class 9 Chapter 12 Sound Multiple Choice Question (Quiz) 51,1
CBSE,Class 9,Science,NCERT Science,Chapter 12 Sound,,,Multiple Choice Question (Online),Sensation of sound persists in our brain for about,3, 0.001s, 0.2s, 0.1s,None of the Above,,Other,Hard,,,NCERT Science Class 9 Chapter 12 Sound Multiple Choice Question (Quiz) 52,1
CBSE,Class 9,Science,NCERT Science,Chapter 12 Sound,,,Multiple Choice Question (Online),Echoes maybe heard more than once due to,1, multiple reflections, single time reflection, refraction,None of the Above,,Other,Hard,,,NCERT Science Class 9 Chapter 12 Sound Multiple Choice Question (Quiz) 53,1
CBSE,Class 9,Science,NCERT Science,Chapter 12 Sound,,,Multiple Choice Question (Online),What is the minimum distance required to hear an echo?,1, 17.2 m, 34.2 m, 30.0 m,None of the Above,,Other,Hard,,,NCERT Science Class 9 Chapter 12 Sound Multiple Choice Question (Quiz) 54,1
CBSE,Class 9,Science,NCERT Science,Chapter 12 Sound,,,Multiple Choice Question (Online),"The persistence of sound in a big hall due to repeated reflection from the walls, ceiling and floor of the hall is called",1, reverberation, echo, refraction,None of the Above,,Other,Hard,,,NCERT Science Class 9 Chapter 12 Sound Multiple Choice Question (Quiz) 55,1
CBSE,Class 9,Science,NCERT Science,Chapter 12 Sound,,,Multiple Choice Question (Online),SI unit of frequency is,1, Hz, Cm, decibel,None of the Above,,Other,Hard,,,NCERT Science Class 9 Chapter 12 Sound Multiple Choice Question (Quiz) 56,1
CBSE,Class 9,Science,NCERT Science,Chapter 12 Sound,,,Multiple Choice Question (Online),A normal human ear can hear a sound only if its frequency lies between,3," 30 Hz to 30,000 Hz"," 50 Hz to 50,000 Hz"," 20 Hz to 20,000 Hz",None of the Above,,Other,Hard,,,NCERT Science Class 9 Chapter 12 Sound Multiple Choice Question (Quiz) 57,1
CBSE,Class 9,Science,NCERT Science,Chapter 12 Sound,,,Multiple Choice Question (Online),Dogs can detect sounds between,2," 30 Hz to 30,000 Hz"," 0 Hz to 50,000 Hz"," 20 Hz to 20,000 Hz",None of the Above,,Other,Hard,,,NCERT Science Class 9 Chapter 12 Sound Multiple Choice Question (Quiz) 58,1
CBSE,Class 9,Science,NCERT Science,Chapter 12 Sound,,,Multiple Choice Question (Online),Sounds of frequency less than 20 Hz which are inaudible to normal human ear are called,3, noise, ultrasonic, infrasonic,None of the Above,,Other,Hard,,,NCERT Science Class 9 Chapter 12 Sound Multiple Choice Question (Quiz) 59,1
CBSE,Class 9,Science,NCERT Science,Chapter 12 Sound,,,Multiple Choice Question (Online),"Sounds of frequency higher than 20,000 Hz which are inaudible to normal human ear are called",2, noise, ultrasonic, infrasonic,None of the Above,,Other,Hard,,,NCERT Science Class 9 Chapter 12 Sound Multiple Choice Question (Quiz) 60,1
CBSE,Class 9,Science,NCERT Science,Chapter 12 Sound,,,Multiple Choice Question (Online),"Ultrasound can penetrate into a matter to a large extent because, it has",1, very high frequency and short wavelength, very low frequency and short wavelength, very high frequency and long wavelength,None of the Above,,Other,Hard,,,NCERT Science Class 9 Chapter 12 Sound Multiple Choice Question (Quiz) 61,1
CBSE,Class 9,Science,NCERT Science,Chapter 12 Sound,,,Multiple Choice Question (Online),Which kind of sound is produced in an earthquake before the main shock wave begins?,2, Ultrasound, Infrasound, Audible sound,None of the Above,,Other,Hard,,,NCERT Science Class 9 Chapter 12 Sound Multiple Choice Question (Quiz) 62,1
CBSE,Class 9,Science,NCERT Science,Chapter 12 Sound,,,Multiple Choice Question (Online),Ultrasound is also useful for __________. i. detecting fault in metal sheets ii. imaging marine depths iii. looking for metals beneath the earth’s surface iv. detecting distances v. detecting earthquakes,3," ii, iii, v"," i, iv, v"," i, ii, iv",None of the Above,,Other,Hard,,,NCERT Science Class 9 Chapter 12 Sound Multiple Choice Question (Quiz) 63,1
CBSE,Class 9,Science,NCERT Science,Chapter 12 Sound,,,Multiple Choice Question (Online),Bats fly at night without colliding with other objects or obstacles by the method of,1, echolocation, sound detection, echocardiography,None of the Above,,Other,Hard,,,NCERT Science Class 9 Chapter 12 Sound Multiple Choice Question (Quiz) 64,1
CBSE,Class 9,Science,NCERT Science,Chapter 12 Sound,,,Multiple Choice Question (Online),SONAR is abbreviation of,3, small navigation and reading, sky navigation and ranging, sound navigation and ranging,None of the Above,,Other,Hard,,,NCERT Science Class 9 Chapter 12 Sound Multiple Choice Question (Quiz) 65,1
CBSE,Class 9,Science,NCERT Science,Chapter 12 Sound,,,Multiple Choice Question (Online),What type of waves are generated by SONAR device?,3, Water waves, Radio waves, Sound waves,None of the Above,,Other,Hard,,,NCERT Science Class 9 Chapter 12 Sound Multiple Choice Question (Quiz) 66,1
CBSE,Class 9,Science,NCERT Science,Chapter 12 Sound,,,Multiple Choice Question (Online),Human ears are sense organs which help us in .................... .,1, hearing, seeing, smelling,None of the Above,,Other,Hard,,,NCERT Science Class 9 Chapter 12 Sound Multiple Choice Question (Quiz) 67,1
CBSE,Class 9,Science,NCERT Science,Chapter 12 Sound,,,Multiple Choice Question (Online),The part of ear which we can see outside the head is called................. .,3, inner ear, middle ear, outer ear,None of the Above,,Other,Hard,,,NCERT Science Class 9 Chapter 12 Sound Multiple Choice Question (Quiz) 68,1
CBSE,Class 9,Science,NCERT Science,Chapter 12 Sound,,,Multiple Choice Question (Online),Outer ear consists of broad part called................ .,1, pinna, ear canal, anvil,None of the Above,,Other,Hard,,,NCERT Science Class 9 Chapter 12 Sound Multiple Choice Question (Quiz) 69,1
CBSE,Class 9,Science,NCERT Science,Chapter 12 Sound,,,Multiple Choice Question (Online),Tube that connects the outer ear to the inside or middle ear is called.................... .,2, anvil, auditory canal, pinna,None of the Above,,Other,Hard,,,NCERT Science Class 9 Chapter 12 Sound Multiple Choice Question (Quiz) 70,1
CBSE,Class 9,Science,NCERT Science,Chapter 12 Sound,,,Multiple Choice Question (Online),Membrane that divides the external ear from the middle ear is called................... .,3, ear canal, pinna, ear-drum,None of the Above,,Other,Hard,,,NCERT Science Class 9 Chapter 12 Sound Multiple Choice Question (Quiz) 71,1
CBSE,Class 9,Science,NCERT Science,Chapter 12 Sound,,,Multiple Choice Question (Online),"Which part of the ear consists of three small bones – hammer, anvil and stirrup?",3, outer ear, middle ear, inner ear,None of the Above,,Other,Hard,,,NCERT Science Class 9 Chapter 12 Sound Multiple Choice Question (Quiz) 72,1
CBSE,Class 9,Science,NCERT Science,Chapter 12 Sound,,,Multiple Choice Question (Online),Inner ear has a coiled tube called............ .,1, cochlea, eustachian tube, auditory cana,None of the Above,,Other,Hard,,,NCERT Science Class 9 Chapter 12 Sound Multiple Choice Question (Quiz) 73,1
CBSE,Class 9,Science,NCERT Science,Chapter 12 Sound,,,Multiple Choice Question (Online),The sound waves are collected by the .................. .,2, auditory canal, pinna, ear-drum,None of the Above,,Other,Hard,,,NCERT Science Class 9 Chapter 12 Sound Multiple Choice Question (Quiz) 74,1
CBSE,Class 9,Science,NCERT Science,Chapter 12 Sound,,,Multiple Choice Question (Online),Sound waves that are collected by pinna pass through .............. and fall on the ear drum.,1, auditory canal, eustachian tube, cochlea,None of the Above,,Other,Hard,,,NCERT Science Class 9 Chapter 12 Sound Multiple Choice Question (Quiz) 75,1
CBSE,Class 9,Science,NCERT Science,Chapter 12 Sound,,,Multiple Choice Question (Online),The vibrations of the ear drum is amplified several times by the three bones are ..............,3," hammer, anvil and pinna"," pinna, hammer and anvil"," hammer, anvil and stirrup",None of the Above,,Other,Hard,,,NCERT Science Class 9 Chapter 12 Sound Multiple Choice Question (Quiz) 76,1
CBSE,Class 9,Science,NCERT Science,Chapter 12 Sound,,,Multiple Choice Question (Online),The lower part of middle ear has a narrow tube called ............ .,1, eustachian tube, auditory canal, ear-drum,None of the Above,,Other,Hard,,,NCERT Science Class 9 Chapter 12 Sound Multiple Choice Question (Quiz) 77,1
CBSE,Class 9,Science,NCERT Science,Chapter 12 Sound,,,Multiple Choice Question (Online),The part which ensure that the air pressure inside the middle ear is the same as that on the outside is ............ .,3, auditory canal, ear-drum, eustachian tube,None of the Above,,Other,Hard,,,NCERT Science Class 9 Chapter 12 Sound Multiple Choice Question (Quiz) 78,1
CBSE,Class 9,Science,NCERT Science,Chapter 13 Why Do We Fall Ill?,,,Multiple Choice Question (Online),Which of the following is incorrect about health?,3, Health is a state of being well.," Health is a state of physical, mental and social well being.", Health is only to be free from any infections in the body.,None of the Above,,Other,Hard,,,NCERT Science Class 9 Chapter 13 Why Do We Fall Ill? Multiple Choice Question (Quiz) 1,1
CBSE,Class 9,Science,NCERT Science,Chapter 13 Why Do We Fall Ill?,,,Multiple Choice Question (Online),Which of the following are the basic units of living organisms?,2, Tissues, Cells, Organs,None of the Above,,Other,Hard,,,NCERT Science Class 9 Chapter 13 Why Do We Fall Ill? Multiple Choice Question (Quiz) 2,1
CBSE,Class 9,Science,NCERT Science,Chapter 13 Why Do We Fall Ill?,,,Multiple Choice Question (Online),Health issues can be due to the following reasons.,3, Personal cleanliness, Physical environment, Both personal and surrounding environment,None of the Above,,Other,Hard,,,NCERT Science Class 9 Chapter 13 Why Do We Fall Ill? Multiple Choice Question (Quiz) 3,1
CBSE,Class 9,Science,NCERT Science,Chapter 13 Why Do We Fall Ill?,,,Multiple Choice Question (Online),Which of the following affects our health?,3, Dirty surroundings, Spoiled food, Both spoiled food and dirty surroundings,None of the Above,,Other,Hard,,,NCERT Science Class 9 Chapter 13 Why Do We Fall Ill? Multiple Choice Question (Quiz) 4,1
CBSE,Class 9,Science,NCERT Science,Chapter 13 Why Do We Fall Ill?,,,Multiple Choice Question (Online),The literal meaning of “disease” is,3, Being comfortable, Being uncomfortable, Having infections and allergies,None of the Above,,Other,Hard,,,NCERT Science Class 9 Chapter 13 Why Do We Fall Ill? Multiple Choice Question (Quiz) 5,1
CBSE,Class 9,Science,NCERT Science,Chapter 13 Why Do We Fall Ill?,,,Multiple Choice Question (Online),Which of the following is true for symptom?,1, It indicates that there may be a disease., One symptom can be there for only one disease., It provides information about a particular disease.,None of the Above,,Other,Hard,,,NCERT Science Class 9 Chapter 13 Why Do We Fall Ill? Multiple Choice Question (Quiz) 6,1
CBSE,Class 9,Science,NCERT Science,Chapter 13 Why Do We Fall Ill?,,,Multiple Choice Question (Online),Diseases that last for only short period are called,1, acute diseases, chronic diseases, hereditary diseases,None of the Above,,Other,Hard,,,NCERT Science Class 9 Chapter 13 Why Do We Fall Ill? Multiple Choice Question (Quiz) 7,1
CBSE,Class 9,Science,NCERT Science,Chapter 13 Why Do We Fall Ill?,,,Multiple Choice Question (Online),Diseases that last for long periods are called,2, acute diseases, chronic diseases, hereditary diseases,None of the Above,,Other,Hard,,,NCERT Science Class 9 Chapter 13 Why Do We Fall Ill? Multiple Choice Question (Quiz) 8,1
CBSE,Class 9,Science,NCERT Science,Chapter 13 Why Do We Fall Ill?,,,Multiple Choice Question (Online),Which of the following is an example of acute disease?,2, Diabetes, Viral fever, Cancer,None of the Above,,Other,Hard,,,NCERT Science Class 9 Chapter 13 Why Do We Fall Ill? Multiple Choice Question (Quiz) 9,1
CBSE,Class 9,Science,NCERT Science,Chapter 13 Why Do We Fall Ill?,,,Multiple Choice Question (Online),Which of the following is an example of chronic disease?,1, Diabetes, Viral fever, Common cold,None of the Above,,Other,Hard,,,NCERT Science Class 9 Chapter 13 Why Do We Fall Ill? Multiple Choice Question (Quiz) 10,1
CBSE,Class 9,Science,NCERT Science,Chapter 13 Why Do We Fall Ill?,,,Multiple Choice Question (Online),Infectious diseases are caused due to,2, lack of balanced diet, involvement of microbes, hereditary abnormalities,None of the Above,,Other,Hard,,,NCERT Science Class 9 Chapter 13 Why Do We Fall Ill? Multiple Choice Question (Quiz) 11,1
CBSE,Class 9,Science,NCERT Science,Chapter 13 Why Do We Fall Ill?,,,Multiple Choice Question (Online),The immediate causes of non-infectious diseases are,1, internal, external, both internal and external,None of the Above,,Other,Hard,,,NCERT Science Class 9 Chapter 13 Why Do We Fall Ill? Multiple Choice Question (Quiz) 12,1
CBSE,Class 9,Science,NCERT Science,Chapter 13 Why Do We Fall Ill?,,,Multiple Choice Question (Online),What are the third level of causes of diseases?,1, Dirty surroundings and poverty, Poor health and malnourishment, Infections through microbes,None of the Above,,Other,Hard,,,NCERT Science Class 9 Chapter 13 Why Do We Fall Ill? Multiple Choice Question (Quiz) 13,1
CBSE,Class 9,Science,NCERT Science,Chapter 13 Why Do We Fall Ill?,,,Multiple Choice Question (Online),Diabetes is caused due improper functioning of,3, Liver, Lungs, Pancreas,None of the Above,,Other,Hard,,,NCERT Science Class 9 Chapter 13 Why Do We Fall Ill? Multiple Choice Question (Quiz) 14,1
CBSE,Class 9,Science,NCERT Science,Chapter 13 Why Do We Fall Ill?,,,Multiple Choice Question (Online),Asthma is a/an,2, Acute disease, Chronic disease, Deficiency disease,None of the Above,,Other,Hard,,,NCERT Science Class 9 Chapter 13 Why Do We Fall Ill? Multiple Choice Question (Quiz) 15,1
CBSE,Class 9,Science,NCERT Science,Chapter 13 Why Do We Fall Ill?,,,Multiple Choice Question (Online),"Dengue, AIDS and Polio are examples of ______ diseases.",1, viral, bacterial, fungal,None of the Above,,Other,Hard,,,NCERT Science Class 9 Chapter 13 Why Do We Fall Ill? Multiple Choice Question (Quiz) 16,1
CBSE,Class 9,Science,NCERT Science,Chapter 13 Why Do We Fall Ill?,,,Multiple Choice Question (Online),Infectious diseases are,1, communicable, non-communicable, genetic,None of the Above,,Other,Hard,,,NCERT Science Class 9 Chapter 13 Why Do We Fall Ill? Multiple Choice Question (Quiz) 17,1
CBSE,Class 9,Science,NCERT Science,Chapter 13 Why Do We Fall Ill?,,,Multiple Choice Question (Online),Which of the following is not a bacterial disease?,3, Anthrax, Tuberculosis, Influenza,None of the Above,,Other,Hard,,,NCERT Science Class 9 Chapter 13 Why Do We Fall Ill? Multiple Choice Question (Quiz) 18,1
CBSE,Class 9,Science,NCERT Science,Chapter 13 Why Do We Fall Ill?,,,Multiple Choice Question (Online),Ascariasis is caused by,2, Falarial worm, Roundworm, Tape worm,None of the Above,,Other,Hard,,,NCERT Science Class 9 Chapter 13 Why Do We Fall Ill? Multiple Choice Question (Quiz) 19,1
CBSE,Class 9,Science,NCERT Science,Chapter 13 Why Do We Fall Ill?,,,Multiple Choice Question (Online),Which of the following has a long term effect of health of an individual?,3, Common cold, Stress, Chewing tobacco,None of the Above,,Other,Hard,,,NCERT Science Class 9 Chapter 13 Why Do We Fall Ill? Multiple Choice Question (Quiz) 20,1
CBSE,Class 9,Science,NCERT Science,Chapter 13 Why Do We Fall Ill?,,,Multiple Choice Question (Online),All are viral diseases except,3, Measles, Common cold, Typhoid,None of the Above,,Other,Hard,,,NCERT Science Class 9 Chapter 13 Why Do We Fall Ill? Multiple Choice Question (Quiz) 21,1
CBSE,Class 9,Science,NCERT Science,Chapter 13 Why Do We Fall Ill?,,,Multiple Choice Question (Online),You will fall sick with the following disease if you come in contact with an infected person?,1, Measles, Cancer, Diabetes,None of the Above,,Other,Hard,,,NCERT Science Class 9 Chapter 13 Why Do We Fall Ill? Multiple Choice Question (Quiz) 22,1
CBSE,Class 9,Science,NCERT Science,Chapter 13 Why Do We Fall Ill?,,,Multiple Choice Question (Online),You will fall sick with the following disease if you come in contact with an infected person?,1, Measles, Cancer, Diabetes,None of the Above,,Other,Hard,,,NCERT Science Class 9 Chapter 13 Why Do We Fall Ill? Multiple Choice Question (Quiz) 23,1
CBSE,Class 9,Science,NCERT Science,Chapter 13 Why Do We Fall Ill?,,,Multiple Choice Question (Online),Which of the following disease is caused by bacteria?,2, Influenza, Tuberculosis, Malaria,None of the Above,,Other,Hard,,,NCERT Science Class 9 Chapter 13 Why Do We Fall Ill? Multiple Choice Question (Quiz) 24,1
CBSE,Class 9,Science,NCERT Science,Chapter 13 Why Do We Fall Ill?,,,Multiple Choice Question (Online),Ascariasis is caused by,2, Falarial worm, Roundworm, Tape worm,None of the Above,,Other,Hard,,,NCERT Science Class 9 Chapter 13 Why Do We Fall Ill? Multiple Choice Question (Quiz) 25,1
CBSE,Class 9,Science,NCERT Science,Chapter 13 Why Do We Fall Ill?,,,Multiple Choice Question (Online),Which of the following is not a bacterial disease?,2, Cholera, Influenza, Typhoid,None of the Above,,Other,Hard,,,NCERT Science Class 9 Chapter 13 Why Do We Fall Ill? Multiple Choice Question (Quiz) 26,1
CBSE,Class 9,Science,NCERT Science,Chapter 13 Why Do We Fall Ill?,,,Multiple Choice Question (Online),Which of the following is a fungal disease?,2, Common cold, Athlete’s foot, Malaria,None of the Above,,Other,Hard,,,NCERT Science Class 9 Chapter 13 Why Do We Fall Ill? Multiple Choice Question (Quiz) 27,1
CBSE,Class 9,Science,NCERT Science,Chapter 13 Why Do We Fall Ill?,,,Multiple Choice Question (Online),AIDS is a ________ disease.,3, protozoan, bacterial, viral,None of the Above,,Other,Hard,,,NCERT Science Class 9 Chapter 13 Why Do We Fall Ill? Multiple Choice Question (Quiz) 28,1
CBSE,Class 9,Science,NCERT Science,Chapter 13 Why Do We Fall Ill?,,,Multiple Choice Question (Online),Sleeping sickness is caused by,3, Roundworm, Staphyllococccus, Trypanosoma,None of the Above,,Other,Hard,,,NCERT Science Class 9 Chapter 13 Why Do We Fall Ill? Multiple Choice Question (Quiz) 29,1
CBSE,Class 9,Science,NCERT Science,Chapter 13 Why Do We Fall Ill?,,,Multiple Choice Question (Online),Leishmania is a protozoan which causes,2, Ascariasis, Kala-azar, Sleeping sickness,None of the Above,,Other,Hard,,,NCERT Science Class 9 Chapter 13 Why Do We Fall Ill? Multiple Choice Question (Quiz) 30,1
CBSE,Class 9,Science,NCERT Science,Chapter 13 Why Do We Fall Ill?,,,Multiple Choice Question (Online),"Peptic ulcer is a disease, caused due to",1, bacterial infection of Helicobacter pylori., viral infection of SARS virus., protozoan infection of Leishmania.,None of the Above,,Other,Hard,,,NCERT Science Class 9 Chapter 13 Why Do We Fall Ill? Multiple Choice Question (Quiz) 31,1
CBSE,Class 9,Science,NCERT Science,Chapter 13 Why Do We Fall Ill?,,,Multiple Choice Question (Online),The Nobel Prize for Physiology and Medicine in the year 2005 was awarded to,1, Marshall and Warren, Alexander Fleming, Barry Marshall,None of the Above,,Other,Hard,,,NCERT Science Class 9 Chapter 13 Why Do We Fall Ill? Multiple Choice Question (Quiz) 32,1
CBSE,Class 9,Science,NCERT Science,Chapter 13 Why Do We Fall Ill?,,,Multiple Choice Question (Online),Antibiotics are used to treat,2, viral infections, bacterial infections, both bacterial and viral infections,None of the Above,,Other,Hard,,,NCERT Science Class 9 Chapter 13 Why Do We Fall Ill? Multiple Choice Question (Quiz) 33,1
CBSE,Class 9,Science,NCERT Science,Chapter 13 Why Do We Fall Ill?,,,Multiple Choice Question (Online),The antibiotic “Penicillin” was extracted from,2, Leishmania donovani, Penicillium notatum, Ascaris lumbricoides,None of the Above,,Other,Hard,,,NCERT Science Class 9 Chapter 13 Why Do We Fall Ill? Multiple Choice Question (Quiz) 34,1
CBSE,Class 9,Science,NCERT Science,Chapter 13 Why Do We Fall Ill?,,,Multiple Choice Question (Online),The term “Antibiotics” was coined by,1, Waksman, Fleming, Marshal and Warren,None of the Above,,Other,Hard,,,NCERT Science Class 9 Chapter 13 Why Do We Fall Ill? Multiple Choice Question (Quiz) 35,1
CBSE,Class 9,Science,NCERT Science,Chapter 13 Why Do We Fall Ill?,,,Multiple Choice Question (Online),Disease causing microbes directly spread through,2, air only," air, water and sexual contact", Both air and water,None of the Above,,Other,Hard,,,NCERT Science Class 9 Chapter 13 Why Do We Fall Ill? Multiple Choice Question (Quiz) 36,1
CBSE,Class 9,Science,NCERT Science,Chapter 13 Why Do We Fall Ill?,,,Multiple Choice Question (Online),"Which of the following can make you ill, if you come in contact with an infected person?",1, Coughing, Genetic disorder, Blood cancer,None of the Above,,Other,Hard,,,NCERT Science Class 9 Chapter 13 Why Do We Fall Ill? Multiple Choice Question (Quiz) 37,1
CBSE,Class 9,Science,NCERT Science,Chapter 13 Why Do We Fall Ill?,,,Multiple Choice Question (Online),Rabies is caused due to,1, dog bite, insect bite, snake bite,None of the Above,,Other,Hard,,,NCERT Science Class 9 Chapter 13 Why Do We Fall Ill? Multiple Choice Question (Quiz) 38,1
CBSE,Class 9,Science,NCERT Science,Chapter 13 Why Do We Fall Ill?,,,Multiple Choice Question (Online),Cholera is a,3, airborne disease, animal borne disease, water borne disease,None of the Above,,Other,Hard,,,NCERT Science Class 9 Chapter 13 Why Do We Fall Ill? Multiple Choice Question (Quiz) 39,1
CBSE,Class 9,Science,NCERT Science,Chapter 13 Why Do We Fall Ill?,,,Multiple Choice Question (Online),Pneumonia is a/an,1, airborne disease, animal borne disease, water borne disease,None of the Above,,Other,Hard,,,NCERT Science Class 9 Chapter 13 Why Do We Fall Ill? Multiple Choice Question (Quiz) 40,1
CBSE,Class 9,Science,NCERT Science,Chapter 13 Why Do We Fall Ill?,,,Multiple Choice Question (Online),"Dengue, AIDS and Polio are examples of ______ diseases.",1, viral, bacterial, fungal,None of the Above,,Other,Hard,,,NCERT Science Class 9 Chapter 13 Why Do We Fall Ill? Multiple Choice Question (Quiz) 41,1
CBSE,Class 9,Science,NCERT Science,Chapter 13 Why Do We Fall Ill?,,,Multiple Choice Question (Online),The infections that transmitted by sexual contact is /are,1, Syphilis and AIDS, Syphilis, AIDS,None of the Above,,Other,Hard,,,NCERT Science Class 9 Chapter 13 Why Do We Fall Ill? Multiple Choice Question (Quiz) 42,1
CBSE,Class 9,Science,NCERT Science,Chapter 13 Why Do We Fall Ill?,,,Multiple Choice Question (Online),Malaria is caused by,1, Plasmodium through mosquito bite, Plasmodium through dog bite, Leishmania through mosquito bite,None of the Above,,Other,Hard,,,NCERT Science Class 9 Chapter 13 Why Do We Fall Ill? Multiple Choice Question (Quiz) 43,1
CBSE,Class 9,Science,NCERT Science,Chapter 13 Why Do We Fall Ill?,,,Multiple Choice Question (Online),"In AIDS, the infections will spread to",2, lungs and kidneys, lymph nodes of the body, liver only,None of the Above,,Other,Hard,,,NCERT Science Class 9 Chapter 13 Why Do We Fall Ill? Multiple Choice Question (Quiz) 44,1
CBSE,Class 9,Science,NCERT Science,Chapter 13 Why Do We Fall Ill?,,,Multiple Choice Question (Online),"Which of the following disease you would get, if you live in a overcrowded and poorly ventilated house?",3, Metabolic diseases, Water borne diseases, Air borne diseases,None of the Above,,Other,Hard,,,NCERT Science Class 9 Chapter 13 Why Do We Fall Ill? Multiple Choice Question (Quiz) 45,1
CBSE,Class 9,Science,NCERT Science,Chapter 13 Why Do We Fall Ill?,,,Multiple Choice Question (Online),Antibiotics are mainly used for,3, Genetic diseases, Viral diseases, Bacterial diseases,None of the Above,,Other,Hard,,,NCERT Science Class 9 Chapter 13 Why Do We Fall Ill? Multiple Choice Question (Quiz) 46,1
CBSE,Class 9,Science,NCERT Science,Chapter 13 Why Do We Fall Ill?,,,Multiple Choice Question (Online),Name the disease which is completely eradicated from India?,3, Polio, Cancer, Small pox,None of the Above,,Other,Hard,,,NCERT Science Class 9 Chapter 13 Why Do We Fall Ill? Multiple Choice Question (Quiz) 47,1
CBSE,Class 9,Science,NCERT Science,Chapter 13 Why Do We Fall Ill?,,,Multiple Choice Question (Online),There is no vaccine for which of the following diseases?,2, Tetanus, Cancer, Diptheria,None of the Above,,Other,Hard,,,NCERT Science Class 9 Chapter 13 Why Do We Fall Ill? Multiple Choice Question (Quiz) 48,1
CBSE,Class 9,Science,NCERT Science,Chapter 14 Natural Resources,,,Multiple Choice Question (Online),Gaseous envelop surrounding the earth is called,2, stratosphere, atmosphere, lithosphere,None of the Above,,Other,Hard,,,NCERT Science Class 9 Chapter 14 Natural Resources Multiple Choice Question (Quiz) 1,1
CBSE,Class 9,Science,NCERT Science,Chapter 14 Natural Resources,,,Multiple Choice Question (Online),The atmosphere of the earth is heated by radiations which are mainly,3, radiated by the sun, re-radiated by land, re-radiated by land and water,None of the Above,,Other,Hard,,,NCERT Science Class 9 Chapter 14 Natural Resources Multiple Choice Question (Quiz) 2,1
CBSE,Class 9,Science,NCERT Science,Chapter 14 Natural Resources,,,Multiple Choice Question (Online),"What would happen, if all the oxygen present in the environment is converted to ozone?",2, We will be protected more., It will become poisonous and kill living forms.," Ozone is not stable, hence it will be toxic.",None of the Above,,Other,Hard,,,NCERT Science Class 9 Chapter 14 Natural Resources Multiple Choice Question (Quiz) 3,1
CBSE,Class 9,Science,NCERT Science,Chapter 14 Natural Resources,,,Multiple Choice Question (Online),The lowest region of atmosphere is known as,2, A. stratosphere, troposphere, ozone,None of the Above,,Other,Hard,,,NCERT Science Class 9 Chapter 14 Natural Resources Multiple Choice Question (Quiz) 4,1
CBSE,Class 9,Science,NCERT Science,Chapter 14 Natural Resources,,,Multiple Choice Question (Online),Atmosphere maintain the temperature of earth because,2, it contains water vapor," it hold air, which is bad conductor of heat", it reflects the heat rays,None of the Above,,Other,Hard,,,NCERT Science Class 9 Chapter 14 Natural Resources Multiple Choice Question (Quiz) 5,1
CBSE,Class 9,Science,NCERT Science,Chapter 14 Natural Resources,,,Multiple Choice Question (Online),Life cannot sustain on Mars and Venus because major component in atmosphere is,3, oxygen, carbon dioxide, nitrogen,None of the Above,,Other,Hard,,,NCERT Science Class 9 Chapter 14 Natural Resources Multiple Choice Question (Quiz) 6,1
CBSE,Class 9,Science,NCERT Science,Chapter 14 Natural Resources,,,Multiple Choice Question (Online),On moon the temperature ranges from -190° C to 110° C. This is due to,3, no water bodies present, water bodies present, No atmosphere,None of the Above,,Other,Hard,,,NCERT Science Class 9 Chapter 14 Natural Resources Multiple Choice Question (Quiz) 7,1
CBSE,Class 9,Science,NCERT Science,Chapter 14 Natural Resources,,,Multiple Choice Question (Online),The life supporting zone of the earth is present in,3, hydrosphere, atmosphere, biosphere,None of the Above,,Other,Hard,,,NCERT Science Class 9 Chapter 14 Natural Resources Multiple Choice Question (Quiz) 8,1
CBSE,Class 9,Science,NCERT Science,Chapter 14 Natural Resources,,,Multiple Choice Question (Online),"If there were no atmosphere around the earth, the temperature of the earth will",3, increase, go on decreasing, increase during day and decrease during night,None of the Above,,Other,Hard,,,NCERT Science Class 9 Chapter 14 Natural Resources Multiple Choice Question (Quiz) 9,1
CBSE,Class 9,Science,NCERT Science,Chapter 14 Natural Resources,,,Multiple Choice Question (Online),The two forms of oxygen found in the atmosphere are,3, water and ozone, water and oxygen, ozone and oxygen,None of the Above,,Other,Hard,,,NCERT Science Class 9 Chapter 14 Natural Resources Multiple Choice Question (Quiz) 10,1
CBSE,Class 9,Science,NCERT Science,Chapter 14 Natural Resources,,,Multiple Choice Question (Online),The given image depicts which of the following phenomena?,2,  A. Sea breeze, Land breeze, Both a and b,None of the Above,,Other,Hard,,,NCERT Science Class 9 Chapter 14 Natural Resources Multiple Choice Question (Quiz) 11,1
CBSE,Class 9,Science,NCERT Science,Chapter 14 Natural Resources,,,Multiple Choice Question (Online),Which of the following is the cause of the land breeze?,2, The land gets heated up fast during summer, The air pressure above the land rises up, Both (a) and (b),None of the Above,,Other,Hard,,,NCERT Science Class 9 Chapter 14 Natural Resources Multiple Choice Question (Quiz) 12,1
CBSE,Class 9,Science,NCERT Science,Chapter 14 Natural Resources,,,Multiple Choice Question (Online),Low visibility during cold weather is due to,2, formation of fossil fuel, un-burnt carbon particles or hydrocarbons suspended in air, lack of adequate power supply,None of the Above,,Other,Hard,,,NCERT Science Class 9 Chapter 14 Natural Resources Multiple Choice Question (Quiz) 13,1
CBSE,Class 9,Science,NCERT Science,Chapter 14 Natural Resources,,,Multiple Choice Question (Online),"Out of the total, rainfall over the sea is",2,66%,77%,88%,None of the Above,,Other,Hard,,,NCERT Science Class 9 Chapter 14 Natural Resources Multiple Choice Question (Quiz) 14,1
CBSE,Class 9,Science,NCERT Science,Chapter 14 Natural Resources,,,Multiple Choice Question (Online),What happens when rain falls on soil without vegetation cover?,3, Rainwater percolates in soil efficiently, Rainwater leads to fertility of the soil, Rainwater causes loss of surface soil,None of the Above,,Other,Hard,,,NCERT Science Class 9 Chapter 14 Natural Resources Multiple Choice Question (Quiz) 15,1
CBSE,Class 9,Science,NCERT Science,Chapter 14 Natural Resources,,,Multiple Choice Question (Online),Weather is predicted by considering,3, the movement of air, amount of water vapour, both a and b,None of the Above,,Other,Hard,,,NCERT Science Class 9 Chapter 14 Natural Resources Multiple Choice Question (Quiz) 16,1
CBSE,Class 9,Science,NCERT Science,Chapter 14 Natural Resources,,,Multiple Choice Question (Online),In which part of the atmosphere is the cloud formation takes place?,2, stratosphere, troposphere, thermosphere,None of the Above,,Other,Hard,,,NCERT Science Class 9 Chapter 14 Natural Resources Multiple Choice Question (Quiz) 17,1
CBSE,Class 9,Science,NCERT Science,Chapter 14 Natural Resources,,,Multiple Choice Question (Online),The uneven heating near the equator takes place because of,1, intensity of sunlight, the direction of sunlight, both A and B,None of the Above,,Other,Hard,,,NCERT Science Class 9 Chapter 14 Natural Resources Multiple Choice Question (Quiz) 18,1
CBSE,Class 9,Science,NCERT Science,Chapter 14 Natural Resources,,,Multiple Choice Question (Online),Major component of the atmosphere on venus and mars planets is,1, carbon dioxide, oxygen, water vapour,None of the Above,,Other,Hard,,,NCERT Science Class 9 Chapter 14 Natural Resources Multiple Choice Question (Quiz) 19,1
CBSE,Class 9,Science,NCERT Science,Chapter 14 Natural Resources,,,Multiple Choice Question (Online),"In the absence of atmosphere, the colour of sky will be",1, dark, blue, green,None of the Above,,Other,Hard,,,NCERT Science Class 9 Chapter 14 Natural Resources Multiple Choice Question (Quiz) 20,1
CBSE,Class 9,Science,NCERT Science,Chapter 14 Natural Resources,,,Multiple Choice Question (Online),What causes movement in air?,3, A. Difference in temperature, Difference in pressure, Both a and b,None of the Above,,Other,Hard,,,NCERT Science Class 9 Chapter 14 Natural Resources Multiple Choice Question (Quiz) 21,1
CBSE,Class 9,Science,NCERT Science,Chapter 14 Natural Resources,,,Multiple Choice Question (Online),Air pollution takes place in two different layers of the earth’s atmosphere _____________.,2, troposphere and mesosphere, troposphere and stratosphere, troposphere and hydrosphere,None of the Above,,Other,Hard,,,NCERT Science Class 9 Chapter 14 Natural Resources Multiple Choice Question (Quiz) 22,1
CBSE,Class 9,Science,NCERT Science,Chapter 14 Natural Resources,,,Multiple Choice Question (Online),Which of the following gases is regarded as an atmospheric pollutant?,3, O2, O3, SO3,None of the Above,,Other,Hard,,,NCERT Science Class 9 Chapter 14 Natural Resources Multiple Choice Question (Quiz) 23,1
CBSE,Class 9,Science,NCERT Science,Chapter 14 Natural Resources,,,Multiple Choice Question (Online),Which of the following play a very important role in causing rainfall ?,2, Animals, Plants, Factories,None of the Above,,Other,Hard,,,NCERT Science Class 9 Chapter 14 Natural Resources Multiple Choice Question (Quiz) 24,1
CBSE,Class 9,Science,NCERT Science,Chapter 14 Natural Resources,,,Multiple Choice Question (Online),Rain fall patterns depend on,3, the underground water table, the number of water table in the area, the number of water bodies in an area,None of the Above,,Other,Hard,,,NCERT Science Class 9 Chapter 14 Natural Resources Multiple Choice Question (Quiz) 25,1
CBSE,Class 9,Science,NCERT Science,Chapter 14 Natural Resources,,,Multiple Choice Question (Online),Rains in India are largely due to,1, monsoon, sun, water,None of the Above,,Other,Hard,,,NCERT Science Class 9 Chapter 14 Natural Resources Multiple Choice Question (Quiz) 26,1
CBSE,Class 9,Science,NCERT Science,Chapter 14 Natural Resources,,,Multiple Choice Question (Online),Which layer is considered crucial for the existence of the ecosystems on the planet which is depleting due to increased pollution?,3, Inner, Middle, Ozone,None of the Above,,Other,Hard,,,NCERT Science Class 9 Chapter 14 Natural Resources Multiple Choice Question (Quiz) 27,1
CBSE,Class 9,Science,NCERT Science,Chapter 14 Natural Resources,,,Multiple Choice Question (Online),Ozone exists in earth stratosphere and is responsible for protecting humans from harmful ___________.,3, clouds, rain, ultraviolet rays,None of the Above,,Other,Hard,,,NCERT Science Class 9 Chapter 14 Natural Resources Multiple Choice Question (Quiz) 28,1
CBSE,Class 9,Science,NCERT Science,Chapter 14 Natural Resources,,,Multiple Choice Question (Online),Causes of air pollution are: i. Exhaust from automobiles ii. Exhaust from factories and power plant iii. CFCs iv. Polythene,1," i, ii, iii"," ii, iii, iv"," iii, iv, i",None of the Above,,Other,Hard,,,NCERT Science Class 9 Chapter 14 Natural Resources Multiple Choice Question (Quiz) 29,1
CBSE,Class 9,Science,NCERT Science,Chapter 14 Natural Resources,,,Multiple Choice Question (Online),Which gas is released by improper or incomplete combustion and is generally emitted from vehicles?,2, SO2, CO, NO,None of the Above,,Other,Hard,,,NCERT Science Class 9 Chapter 14 Natural Resources Multiple Choice Question (Quiz) 30,1
CBSE,Class 9,Science,NCERT Science,Chapter 14 Natural Resources,,,Multiple Choice Question (Online),Primary source of water is,3, river, ground water, rainwater,None of the Above,,Other,Hard,,,NCERT Science Class 9 Chapter 14 Natural Resources Multiple Choice Question (Quiz) 31,1
CBSE,Class 9,Science,NCERT Science,Chapter 14 Natural Resources,,,Multiple Choice Question (Online),Total earth’s surface covered by water is,1,71%,60%,85%,None of the Above,,Other,Hard,,,NCERT Science Class 9 Chapter 14 Natural Resources Multiple Choice Question (Quiz) 32,1
CBSE,Class 9,Science,NCERT Science,Chapter 14 Natural Resources,,,Multiple Choice Question (Online),The term ‘’water pollution” can be defined in several ways. Which of the following statements does not give the correct definition?,3, The addition of undesirable substances to water-bodies, The removal of desirable substances from water-bodies, A change in pressure of the water-bodies,None of the Above,,Other,Hard,,,NCERT Science Class 9 Chapter 14 Natural Resources Multiple Choice Question (Quiz) 33,1
CBSE,Class 9,Science,NCERT Science,Chapter 14 Natural Resources,,,Multiple Choice Question (Online),The contamination of water bodies by human activities is known as,2, water pollutants, water pollution, air pollution,None of the Above,,Other,Hard,,,NCERT Science Class 9 Chapter 14 Natural Resources Multiple Choice Question (Quiz) 34,1
CBSE,Class 9,Science,NCERT Science,Chapter 14 Natural Resources,,,Multiple Choice Question (Online),When is water said to be polluted?,3, A person can’t swim, If water dries out, If it is unfit for drinking,None of the Above,,Other,Hard,,,NCERT Science Class 9 Chapter 14 Natural Resources Multiple Choice Question (Quiz) 35,1
CBSE,Class 9,Science,NCERT Science,Chapter 14 Natural Resources,,,Multiple Choice Question (Online),______ is the contamination of water by substances harmful to life.,1, Water pollution, Air pollution, Noise pollution,None of the Above,,Other,Hard,,,NCERT Science Class 9 Chapter 14 Natural Resources Multiple Choice Question (Quiz) 36,1
CBSE,Class 9,Science,NCERT Science,Chapter 14 Natural Resources,,,Multiple Choice Question (Online),Marked temperature changes in aquatic environment can affect,1, breeding of animals, more growth of aquatic plants, process of digestion in animals,None of the Above,,Other,Hard,,,NCERT Science Class 9 Chapter 14 Natural Resources Multiple Choice Question (Quiz) 37,1
CBSE,Class 9,Science,NCERT Science,Chapter 14 Natural Resources,,,Multiple Choice Question (Online),Water pollution can be defined as,3, physical change in the property of water, chemical and biological change in the property of water, both A and B,None of the Above,,Other,Hard,,,NCERT Science Class 9 Chapter 14 Natural Resources Multiple Choice Question (Quiz) 38,1
CBSE,Class 9,Science,NCERT Science,Chapter 14 Natural Resources,,,Multiple Choice Question (Online),Water pollution is due to,3, agricultural discharge, sewage and other waste, both a and b,None of the Above,,Other,Hard,,,NCERT Science Class 9 Chapter 14 Natural Resources Multiple Choice Question (Quiz) 39,1
CBSE,Class 9,Science,NCERT Science,Chapter 14 Natural Resources,,,Multiple Choice Question (Online),One of the causes of water pollution is that the farmers use excessive,2, manure and water, fertilizers and pesticides, pesticides and seeds,None of the Above,,Other,Hard,,,NCERT Science Class 9 Chapter 14 Natural Resources Multiple Choice Question (Quiz) 40,1
CBSE,Class 9,Science,NCERT Science,Chapter 14 Natural Resources,,,Multiple Choice Question (Online),The toxic chemicals from industries released in water lead to,3, change in colour of water, change in the temperature of water, both (a) and (b),None of the Above,,Other,Hard,,,NCERT Science Class 9 Chapter 14 Natural Resources Multiple Choice Question (Quiz) 41,1
CBSE,Class 9,Science,NCERT Science,Chapter 14 Natural Resources,,,Multiple Choice Question (Online),Water pollution is caused by which one of the following?,2, Ammonia, Industrial influent, Smoke,None of the Above,,Other,Hard,,,NCERT Science Class 9 Chapter 14 Natural Resources Multiple Choice Question (Quiz) 42,1
CBSE,Class 9,Science,NCERT Science,Chapter 14 Natural Resources,,,Multiple Choice Question (Online),Thermal water pollution is caused due to,3, use of water for sewage treatment, use of water as disinfectant, use of water as coolant by power plants,None of the Above,,Other,Hard,,,NCERT Science Class 9 Chapter 14 Natural Resources Multiple Choice Question (Quiz) 43,1
CBSE,Class 9,Science,NCERT Science,Chapter 14 Natural Resources,,,Multiple Choice Question (Online),Which of the following cause water pollution?,3, Smoke/ fly ash, Automobile exhausts, Silt and pesticides,None of the Above,,Other,Hard,,,NCERT Science Class 9 Chapter 14 Natural Resources Multiple Choice Question (Quiz) 44,1
CBSE,Class 9,Science,NCERT Science,Chapter 14 Natural Resources,,,Multiple Choice Question (Online),What are the factors responsible for pollution of the river?,3, Defecating in the water," Throws garbage, flower, and idols of gods into rivers", Both (a) and (b),None of the Above,,Other,Hard,,,NCERT Science Class 9 Chapter 14 Natural Resources Multiple Choice Question (Quiz) 45,1
CBSE,Class 9,Science,NCERT Science,Chapter 14 Natural Resources,,,Multiple Choice Question (Online),Soil erosion can be prevented by,3, raising forests, deforestation, excessive use of fertilizer,None of the Above,,Other,Hard,,,NCERT Science Class 9 Chapter 14 Natural Resources Multiple Choice Question (Quiz) 46,1
CBSE,Class 9,Science,NCERT Science,Chapter 14 Natural Resources,,,Multiple Choice Question (Online),Humus is formed in,3, horizon-A, horizon-o, both (a) and (b),None of the Above,,Other,Hard,,,NCERT Science Class 9 Chapter 14 Natural Resources Multiple Choice Question (Quiz) 47,1
CBSE,Class 9,Science,NCERT Science,Chapter 14 Natural Resources,,,Multiple Choice Question (Online),Holding capacity is highest in,2, loam soil, clay soil, sandy soil,None of the Above,,Other,Hard,,,NCERT Science Class 9 Chapter 14 Natural Resources Multiple Choice Question (Quiz) 48,1
CBSE,Class 9,Science,NCERT Science,Chapter 14 Natural Resources,,,Multiple Choice Question (Online),What happens when rain falls on soil without vegetational cover?,2, Rain water percolates in soil efficiently, Rain water causes loss of surface soil, Rain water leads to fertility of the soil,None of the Above,,Other,Hard,,,NCERT Science Class 9 Chapter 14 Natural Resources Multiple Choice Question (Quiz) 49,1
CBSE,Class 9,Science,NCERT Science,Chapter 14 Natural Resources,,,Multiple Choice Question (Online),The soil is formed by the breaking down of rocks by the action of,3, wind, water, both a and b,None of the Above,,Other,Hard,,,NCERT Science Class 9 Chapter 14 Natural Resources Multiple Choice Question (Quiz) 50,1
CBSE,Class 9,Science,NCERT Science,Chapter 14 Natural Resources,,,Multiple Choice Question (Online),Growth of Lichens on barren rocks is followed by the growth of,1, moss, ferns, gymnosperms,None of the Above,,Other,Hard,,,NCERT Science Class 9 Chapter 14 Natural Resources Multiple Choice Question (Quiz) 51,1
CBSE,Class 9,Science,NCERT Science,Chapter 14 Natural Resources,,,Multiple Choice Question (Online),............. is a major factor in deciding the soil structure because it causes the soil to become more porous and allows water and air to penetrate deep underground.,1, Humus, Particle size, Minerals,None of the Above,,Other,Hard,,,NCERT Science Class 9 Chapter 14 Natural Resources Multiple Choice Question (Quiz) 52,1
CBSE,Class 9,Science,NCERT Science,Chapter 14 Natural Resources,,,Multiple Choice Question (Online),The outermost layer of earth is called as,2, mantle, crust, outer core,None of the Above,,Other,Hard,,,NCERT Science Class 9 Chapter 14 Natural Resources Multiple Choice Question (Quiz) 53,1
CBSE,Class 9,Science,NCERT Science,Chapter 14 Natural Resources,,,Multiple Choice Question (Online),Major source of mineral in soil is the,1, parent rock from which soil is formed, plants, animals,None of the Above,,Other,Hard,,,NCERT Science Class 9 Chapter 14 Natural Resources Multiple Choice Question (Quiz) 54,1
CBSE,Class 9,Science,NCERT Science,Chapter 14 Natural Resources,,,Multiple Choice Question (Online),Major source of formation of soil is,1, rocks, river bed, snow covered mountain,None of the Above,,Other,Hard,,,NCERT Science Class 9 Chapter 14 Natural Resources Multiple Choice Question (Quiz) 55,1
CBSE,Class 9,Science,NCERT Science,Chapter 14 Natural Resources,,,Multiple Choice Question (Online),Soil formation takes place due to,1, weathering, differentiation, movement of earth,None of the Above,,Other,Hard,,,NCERT Science Class 9 Chapter 14 Natural Resources Multiple Choice Question (Quiz) 56,1
CBSE,Class 9,Science,NCERT Science,Chapter 14 Natural Resources,,,Multiple Choice Question (Online),Top-soil contains the following,3, humus and living organisms only, humus and soil particles only," humus, living organisms and soil particles.",None of the Above,,Other,Hard,,,NCERT Science Class 9 Chapter 14 Natural Resources Multiple Choice Question (Quiz) 57,1
CBSE,Class 9,Science,NCERT Science,Chapter 14 Natural Resources,,,Multiple Choice Question (Online),Which one of the following factors does not lead to soil formation in nature?,3, Sunlight, Water, Polythene bags,None of the Above,,Other,Hard,,,NCERT Science Class 9 Chapter 14 Natural Resources Multiple Choice Question (Quiz) 58,1
CBSE,Class 9,Science,NCERT Science,Chapter 14 Natural Resources,,,Multiple Choice Question (Online),Mineral riches present in the soil are,3, water, salt, both a and b,None of the Above,,Other,Hard,,,NCERT Science Class 9 Chapter 14 Natural Resources Multiple Choice Question (Quiz) 59,1
CBSE,Class 9,Science,NCERT Science,Chapter 14 Natural Resources,,,Multiple Choice Question (Online),The nitrogen molecules present in air can be converted into nitrates and nitrites by,1, A biological process of nitrogen fixing bacteria present in soil, A biological process of carbon fixing factor present in soil, Any of the industries manufacturing nitrogenous compounds,None of the Above,,Other,Hard,,,NCERT Science Class 9 Chapter 14 Natural Resources Multiple Choice Question (Quiz) 60,1
CBSE,Class 9,Science,NCERT Science,Chapter 14 Natural Resources,,,Multiple Choice Question (Online),"Among the given options, which one is not correct for the use of large amount of fertilizers and pesticides?",1, They are eco-friendly, They turn the fields barren after some time, They adversely affect the useful component from the soil,None of the Above,,Other,Hard,,,NCERT Science Class 9 Chapter 14 Natural Resources Multiple Choice Question (Quiz) 61,1
CBSE,Class 9,Science,NCERT Science,Chapter 14 Natural Resources,,,Multiple Choice Question (Online),Which of the following soil is the best for plant growth?,3, Sandy soil, Clay, Loamy soil,None of the Above,,Other,Hard,,,NCERT Science Class 9 Chapter 14 Natural Resources Multiple Choice Question (Quiz) 62,1
CBSE,Class 9,Science,NCERT Science,Chapter 14 Natural Resources,,,Multiple Choice Question (Online),One of the following processes is not a step involved in the water-cycle operating in nature,3, evaporation, transpiration, photosynthesis,None of the Above,,Other,Hard,,,NCERT Science Class 9 Chapter 14 Natural Resources Multiple Choice Question (Quiz) 63,1
CBSE,Class 9,Science,NCERT Science,Chapter 14 Natural Resources,,,Multiple Choice Question (Online),Which of the following is not a green house gas?,3, Methane, Carbon dioxide, Ammonia,None of the Above,,Other,Hard,,,NCERT Science Class 9 Chapter 14 Natural Resources Multiple Choice Question (Quiz) 64,1
CBSE,Class 9,Science,NCERT Science,Chapter 14 Natural Resources,,,Multiple Choice Question (Online),Which step is not involved in the carbon-cycle?,2, Photosynthesis, Transpiration, Respiration,None of the Above,,Other,Hard,,,NCERT Science Class 9 Chapter 14 Natural Resources Multiple Choice Question (Quiz) 65,1
CBSE,Class 9,Science,NCERT Science,Chapter 14 Natural Resources,,,Multiple Choice Question (Online),"Rain, snow, hail, and sleet are all examples of which stage of the water cycle?",3, Evaporation, Condensation, Precipitation,None of the Above,,Other,Hard,,,NCERT Science Class 9 Chapter 14 Natural Resources Multiple Choice Question (Quiz) 66,1
CBSE,Class 9,Science,NCERT Science,Chapter 14 Natural Resources,,,Multiple Choice Question (Online),"On a mountain in the spring, snow melts and trickles into a creek. In turn, the creek flows into a river, which eventually reaches the ocean. Of which part of the water cycle is this an example?",3, Condensation, Precipitation, Run-off,None of the Above,,Other,Hard,,,NCERT Science Class 9 Chapter 14 Natural Resources Multiple Choice Question (Quiz) 67,1
CBSE,Class 9,Science,NCERT Science,Chapter 14 Natural Resources,,,Multiple Choice Question (Online),"A tea kettle is boiling on the stove, and all of a sudden the whistle in the spout of the kettle starts shrieking. Steam rising from the boiling water causes the whistle to sound. What part of the water cycle does the steam represent?",1, Evaporation, Precipitation, Condensation,None of the Above,,Other,Hard,,,NCERT Science Class 9 Chapter 14 Natural Resources Multiple Choice Question (Quiz) 68,1
CBSE,Class 9,Science,NCERT Science,Chapter 14 Natural Resources,,,Multiple Choice Question (Online),What is the most common way that nitrogen fixation occurs?,2, Lightning, Nitrogen fixing bacteria, Fossil fuel combustion,None of the Above,,Other,Hard,,,NCERT Science Class 9 Chapter 14 Natural Resources Multiple Choice Question (Quiz) 69,1
CBSE,Class 9,Science,NCERT Science,Chapter 14 Natural Resources,,,Multiple Choice Question (Online),Which process releases dinitrogen gas (N2) back into the atmosphere?,1, Denitrification, Nitrogen fixation, Nitrification,None of the Above,,Other,Hard,,,NCERT Science Class 9 Chapter 14 Natural Resources Multiple Choice Question (Quiz) 70,1
CBSE,Class 9,Science,NCERT Science,Chapter 14 Natural Resources,,,Multiple Choice Question (Online),"Once bacteria have fixed nitrogen, it can be taken up by plants and animals, where it is used in the production of",3, nitrogen oxides, carbohydrates, proteins,None of the Above,,Other,Hard,,,NCERT Science Class 9 Chapter 14 Natural Resources Multiple Choice Question (Quiz) 71,1
CBSE,Class 9,Science,NCERT Science,Chapter 14 Natural Resources,,,Multiple Choice Question (Online),Photosynthesis is the process by which plants,2, release CO2 to the atmosphere., turn CO2 into sugars., turn sugars into energy.,None of the Above,,Other,Hard,,,NCERT Science Class 9 Chapter 14 Natural Resources Multiple Choice Question (Quiz) 72,1
CBSE,Class 9,Science,NCERT Science,Chapter 14 Natural Resources,,,Multiple Choice Question (Online),Choose the correct sequences:,2, CO2 in atmosphere ? decomposers ? organic carbon in animals ? organic carbon in plants, CO2 in atmosphere ? organic carbon in plants ? organic carbon in animals ? organic carbon in soil, Inorganic carbonates in water ? organic carbon in plants ? organic carbon in animals ? scavengers,None of the Above,,Other,Hard,,,NCERT Science Class 9 Chapter 14 Natural Resources Multiple Choice Question (Quiz) 73,1
CBSE,Class 9,Science,NCERT Science,Chapter 14 Natural Resources,,,Multiple Choice Question (Online),Low visibility during cold weather is due to,2, formation of fossil fuel, un-burnt carbon particles or hydrocarbons suspended in air, lack of adequate power supply,None of the Above,,Other,Hard,,,NCERT Science Class 9 Chapter 14 Natural Resources Multiple Choice Question (Quiz) 74,1
CBSE,Class 9,Science,NCERT Science,Chapter 14 Natural Resources,,,Multiple Choice Question (Online),Which of the following plays an important role in nitrogen cycle?,3, Rhizopus, Mucor, Both (a) and (b),None of the Above,,Other,Hard,,,NCERT Science Class 9 Chapter 14 Natural Resources Multiple Choice Question (Quiz) 75,1
CBSE,Class 9,Science,NCERT Science,Chapter 14 Natural Resources,,,Multiple Choice Question (Online),Atmospheric N2 fixation is done by which of the following bacteria?,3, Symbiotic bacteria in the roots of legumes, Photosynthetic bacteria, Decay organism,None of the Above,,Other,Hard,,,NCERT Science Class 9 Chapter 14 Natural Resources Multiple Choice Question (Quiz) 76,1
CBSE,Class 9,Science,NCERT Science,Chapter 14 Natural Resources,,,Multiple Choice Question (Online),Oxygen is harmful for,2, ferns, nitrogen fixing bacteria, neem tree,None of the Above,,Other,Hard,,,NCERT Science Class 9 Chapter 14 Natural Resources Multiple Choice Question (Quiz) 77,1
CBSE,Class 9,Science,NCERT Science,Chapter 14 Natural Resources,,,Multiple Choice Question (Online),We can find nitrogen-fixing bacteria in,2, the leaves of trees, the nodules of some plants, blue-green algae,None of the Above,,Other,Hard,,,NCERT Science Class 9 Chapter 14 Natural Resources Multiple Choice Question (Quiz) 78,1
CBSE,Class 9,Science,NCERT Science,Chapter 14 Natural Resources,,,Multiple Choice Question (Online),Most of the plants absorb nitrogen in the form of,2, urea, nitrates and nitrites, proteins,None of the Above,,Other,Hard,,,NCERT Science Class 9 Chapter 14 Natural Resources Multiple Choice Question (Quiz) 79,1
CBSE,Class 9,Science,NCERT Science,Chapter 14 Natural Resources,,,Multiple Choice Question (Online),What element makes up ozone?,3, Nitrogen, Carbon, Oxygen,None of the Above,,Other,Hard,,,NCERT Science Class 9 Chapter 14 Natural Resources Multiple Choice Question (Quiz) 80,1
CBSE,Class 9,Science,NCERT Science,Chapter 14 Natural Resources,,,Multiple Choice Question (Online),Which of the following is recently originated problem of environment?,3, Ozone layer depletion, Greenhouse effect, All of the above,None of the Above,,Other,Hard,,,NCERT Science Class 9 Chapter 14 Natural Resources Multiple Choice Question (Quiz) 81,1
CBSE,Class 9,Science,NCERT Science,Chapter 14 Natural Resources,,,Multiple Choice Question (Online),Where is the ‘hole’ in the ozone layer located?,2, Over the United States, Over Antarctica, Over Europe,None of the Above,,Other,Hard,,,NCERT Science Class 9 Chapter 14 Natural Resources Multiple Choice Question (Quiz) 82,1
CBSE,Class 9,Science,NCERT Science,Chapter 14 Natural Resources,,,Multiple Choice Question (Online),Where is the ozone layer located?,2, In the top layer of the ocean, High in the Earth’s atmosphere, Around the equator,None of the Above,,Other,Hard,,,NCERT Science Class 9 Chapter 14 Natural Resources Multiple Choice Question (Quiz) 83,1
CBSE,Class 9,Science,NCERT Science,Chapter 14 Natural Resources,,,Multiple Choice Question (Online),Why is the ozone layer important?,3, It helps to provide food for ocean bacteria, It prevents hurricanes from forming, It absorbs ultraviolet rays from the Sun that can cause cancer,None of the Above,,Other,Hard,,,NCERT Science Class 9 Chapter 14 Natural Resources Multiple Choice Question (Quiz) 84,1
CBSE,Class 9,Science,NCERT Science,Chapter 14 Natural Resources,,,Multiple Choice Question (Online),What type of compounds can damage the Earth’s ozone layer?,1, Chlorofluorocarbons, Carbon dioxides, Pesticides,None of the Above,,Other,Hard,,,NCERT Science Class 9 Chapter 14 Natural Resources Multiple Choice Question (Quiz) 85,1
CBSE,Class 9,Science,NCERT Science,Chapter 14 Natural Resources,,,Multiple Choice Question (Online),Where do CFCs come from?,3, A. Spray cans, Air conditioners, All of the above,None of the Above,,Other,Hard,,,NCERT Science Class 9 Chapter 14 Natural Resources Multiple Choice Question (Quiz) 86,1
CBSE,Class 9,Science,NCERT Science,Chapter 14 Natural Resources,,,Multiple Choice Question (Online),What should you do to protect yourself from the harmful rays of the sun?,3, Wear sunglasses, Wear sunscreen when outside, All of the above,None of the Above,,Other,Hard,,,NCERT Science Class 9 Chapter 14 Natural Resources Multiple Choice Question (Quiz) 87,1
CBSE,Class 9,Science,NCERT Science,Chapter 14 Natural Resources,,,Multiple Choice Question (Online),Which of the following is not the consequence of ozone layer depletion?,1, Tides, Increased ultraviolet rays, Malignant melanoma,None of the Above,,Other,Hard,,,NCERT Science Class 9 Chapter 14 Natural Resources Multiple Choice Question (Quiz) 88,1
CBSE,Class 9,Science,NCERT Science,Chapter 14 Natural Resources,,,Multiple Choice Question (Online),Which products contain ozone depleting substances?,2, Motorbike, Car with AC, Spray,None of the Above,,Other,Hard,,,NCERT Science Class 9 Chapter 14 Natural Resources Multiple Choice Question (Quiz) 89,1
CBSE,Class 9,Science,NCERT Science,Chapter 14 Natural Resources,,,Multiple Choice Question (Online),When was the first ozone hole discovered?,3, 1980s, 1950s, 1970s,None of the Above,,Other,Hard,,,NCERT Science Class 9 Chapter 14 Natural Resources Multiple Choice Question (Quiz) 90,1
CBSE,Class 9,Science,NCERT Science,Chapter 14 Natural Resources,,,Multiple Choice Question (Online),Which of the following is a prime health risks associated with greater UV radiation through the atmosphere due to depletion of ozone layer?,2, Increased liver cancer, Increased skin cancer, Damage to digestive system,None of the Above,,Other,Hard,,,NCERT Science Class 9 Chapter 14 Natural Resources Multiple Choice Question (Quiz) 91,1
CBSE,Class 9,Science,NCERT Science,Chapter 14 Natural Resources,,,Multiple Choice Question (Online),Montreal protocol is related to the,2, global warming, ozone layer depletion, sustainable development,None of the Above,,Other,Hard,,,NCERT Science Class 9 Chapter 14 Natural Resources Multiple Choice Question (Quiz) 92,1
CBSE,Class 9,Science,NCERT Science,Chapter 14 Natural Resources,,,Multiple Choice Question (Online),"An ozone-depleting substance mainly used in: i. Burning fossil fuels ii. Chimneys iii. All human activities iv. Cooling and refrigeration applications, and in the manufacture of foam products.",2," Only i, ii", B. Only iv," Only i, ii, iii",None of the Above,,Other,Hard,,,NCERT Science Class 9 Chapter 14 Natural Resources Multiple Choice Question (Quiz) 93,1
CBSE,Class 9,Science,NCERT Science,Chapter 14 Natural Resources,,,Multiple Choice Question (Online),In which sphere Ozone layer depletion is found?,2, Ionosphere, Stratosphere, Lithosphere,None of the Above,,Other,Hard,,,NCERT Science Class 9 Chapter 14 Natural Resources Multiple Choice Question (Quiz) 94,1
CBSE,Class 9,Science,NCERT Science,Chapter 15 Improvement In Food Resources,,,Multiple Choice Question (Online),Which of the following is not a nutrient?,3, Carbohydrates, Vitamins, Water,None of the Above,,Other,Hard,,,NCERT Science Class 9 Chapter 15 Improvement In Food Resources Multiple Choice Question (Quiz) 1,1
CBSE,Class 9,Science,NCERT Science,Chapter 15 Improvement In Food Resources,,,Multiple Choice Question (Online),We require most of our food from,3, agriculture, animal husbandry, both agriculture and animal husbandry,None of the Above,,Other,Hard,,,NCERT Science Class 9 Chapter 15 Improvement In Food Resources Multiple Choice Question (Quiz) 2,1
CBSE,Class 9,Science,NCERT Science,Chapter 15 Improvement In Food Resources,,,Multiple Choice Question (Online),Green revolution is focussed on,3, increasing timber production, increasing milk production, increasing food grain production,None of the Above,,Other,Hard,,,NCERT Science Class 9 Chapter 15 Improvement In Food Resources Multiple Choice Question (Quiz) 3,1
CBSE,Class 9,Science,NCERT Science,Chapter 15 Improvement In Food Resources,,,Multiple Choice Question (Online),Availability of milk and use of milk products lead to,1, White revolution, Green revolution, Blue revolution,None of the Above,,Other,Hard,,,NCERT Science Class 9 Chapter 15 Improvement In Food Resources Multiple Choice Question (Quiz) 4,1
CBSE,Class 9,Science,NCERT Science,Chapter 15 Improvement In Food Resources,,,Multiple Choice Question (Online),Which of the following is not a cereal?,2, Wheat, Gram, Rice,None of the Above,,Other,Hard,,,NCERT Science Class 9 Chapter 15 Improvement In Food Resources Multiple Choice Question (Quiz) 5,1
CBSE,Class 9,Science,NCERT Science,Chapter 15 Improvement In Food Resources,,,Multiple Choice Question (Online),Pulses provide ______ to our food.,1, Proteins, Carbohydrates, Fats and minerals,None of the Above,,Other,Hard,,,NCERT Science Class 9 Chapter 15 Improvement In Food Resources Multiple Choice Question (Quiz) 6,1
CBSE,Class 9,Science,NCERT Science,Chapter 15 Improvement In Food Resources,,,Multiple Choice Question (Online),Which of the following is not an oil seed crop?,1, Pea, Linseed, Castor,None of the Above,,Other,Hard,,,NCERT Science Class 9 Chapter 15 Improvement In Food Resources Multiple Choice Question (Quiz) 7,1
CBSE,Class 9,Science,NCERT Science,Chapter 15 Improvement In Food Resources,,,Multiple Choice Question (Online),Which of the following crops provide carbohydrates?,2, Oil seeds, Cereals, Pulses,None of the Above,,Other,Hard,,,NCERT Science Class 9 Chapter 15 Improvement In Food Resources Multiple Choice Question (Quiz) 8,1
CBSE,Class 9,Science,NCERT Science,Chapter 15 Improvement In Food Resources,,,Multiple Choice Question (Online),Which of the following is used as food for livestock?,3, berseem, sudan grass, berseem and sudan grass,None of the Above,,Other,Hard,,,NCERT Science Class 9 Chapter 15 Improvement In Food Resources Multiple Choice Question (Quiz) 9,1
CBSE,Class 9,Science,NCERT Science,Chapter 15 Improvement In Food Resources,,,Multiple Choice Question (Online),Kharif crops are grown in the months of,1, June to October, November to February, March to May,None of the Above,,Other,Hard,,,NCERT Science Class 9 Chapter 15 Improvement In Food Resources Multiple Choice Question (Quiz) 10,1
CBSE,Class 9,Science,NCERT Science,Chapter 15 Improvement In Food Resources,,,Multiple Choice Question (Online),What are kharif crops?,2, peas and linseed, paddy and maize, wheat and mustard,None of the Above,,Other,Hard,,,NCERT Science Class 9 Chapter 15 Improvement In Food Resources Multiple Choice Question (Quiz) 11,1
CBSE,Class 9,Science,NCERT Science,Chapter 15 Improvement In Food Resources,,,Multiple Choice Question (Online),Rabi crops are grown in,1, winter season, summer season, rainy season,None of the Above,,Other,Hard,,,NCERT Science Class 9 Chapter 15 Improvement In Food Resources Multiple Choice Question (Quiz) 12,1
CBSE,Class 9,Science,NCERT Science,Chapter 15 Improvement In Food Resources,,,Multiple Choice Question (Online),Choice of seeds for planting is discussed in,1, Crop variety improvement, Crop production management, Crop protection management,None of the Above,,Other,Hard,,,NCERT Science Class 9 Chapter 15 Improvement In Food Resources Multiple Choice Question (Quiz) 13,1
CBSE,Class 9,Science,NCERT Science,Chapter 15 Improvement In Food Resources,,,Multiple Choice Question (Online),Crop production management is involved with,3, Protection of growing and harvested crops, choice of seeds for planting, nurturing of plants,None of the Above,,Other,Hard,,,NCERT Science Class 9 Chapter 15 Improvement In Food Resources Multiple Choice Question (Quiz) 14,1
CBSE,Class 9,Science,NCERT Science,Chapter 15 Improvement In Food Resources,,,Multiple Choice Question (Online),Crossing between genetically dissimilar plants is called,2, Plant crossing, Hybridisation, Genetic engineering,None of the Above,,Other,Hard,,,NCERT Science Class 9 Chapter 15 Improvement In Food Resources Multiple Choice Question (Quiz) 15,1
CBSE,Class 9,Science,NCERT Science,Chapter 15 Improvement In Food Resources,,,Multiple Choice Question (Online),Which is a GM crop?,1, Bt cotton, Bajra, Rice,None of the Above,,Other,Hard,,,NCERT Science Class 9 Chapter 15 Improvement In Food Resources Multiple Choice Question (Quiz) 16,1
CBSE,Class 9,Science,NCERT Science,Chapter 15 Improvement In Food Resources,,,Multiple Choice Question (Online),Cultivation practices and crop yield are related to,1," weather, soil quality and water", Weather, Soil quality,None of the Above,,Other,Hard,,,NCERT Science Class 9 Chapter 15 Improvement In Food Resources Multiple Choice Question (Quiz) 17,1
CBSE,Class 9,Science,NCERT Science,Chapter 15 Improvement In Food Resources,,,Multiple Choice Question (Online),Which of the following is not a factor for variety improvement?,3, Improved quality, Higher yield, Temperature,None of the Above,,Other,Hard,,,NCERT Science Class 9 Chapter 15 Improvement In Food Resources Multiple Choice Question (Quiz) 18,1
CBSE,Class 9,Science,NCERT Science,Chapter 15 Improvement In Food Resources,,,Multiple Choice Question (Online),What are biotic stress for crop development?,2, Light and temperature," worms, insects and pathogens", Drought and cold,None of the Above,,Other,Hard,,,NCERT Science Class 9 Chapter 15 Improvement In Food Resources Multiple Choice Question (Quiz) 19,1
CBSE,Class 9,Science,NCERT Science,Chapter 15 Improvement In Food Resources,,,Multiple Choice Question (Online),What are abiotic stress for crop development?,1, Light and temperature," worms, insects and pathogens", wild animals and human beings,None of the Above,,Other,Hard,,,NCERT Science Class 9 Chapter 15 Improvement In Food Resources Multiple Choice Question (Quiz) 20,1
CBSE,Class 9,Science,NCERT Science,Chapter 15 Improvement In Food Resources,,,Multiple Choice Question (Online),Tallness and profuse branching are desirable characters for,3, Oil crops, Cereals, fodder crops,None of the Above,,Other,Hard,,,NCERT Science Class 9 Chapter 15 Improvement In Food Resources Multiple Choice Question (Quiz) 21,1
CBSE,Class 9,Science,NCERT Science,Chapter 15 Improvement In Food Resources,,,Multiple Choice Question (Online),Dwarfness is desirable characters for,2, Oil crops, Cereals, fodder crops,None of the Above,,Other,Hard,,,NCERT Science Class 9 Chapter 15 Improvement In Food Resources Multiple Choice Question (Quiz) 22,1
CBSE,Class 9,Science,NCERT Science,Chapter 15 Improvement In Food Resources,,,Multiple Choice Question (Online),Which of the following is not a stage of production management?,2, cropping pattern, storage of grains, irrigation,None of the Above,,Other,Hard,,,NCERT Science Class 9 Chapter 15 Improvement In Food Resources Multiple Choice Question (Quiz) 23,1
CBSE,Class 9,Science,NCERT Science,Chapter 15 Improvement In Food Resources,,,Multiple Choice Question (Online),Nutrients are inorganic elements obtained by the plants through,2, soil," air, water and soil", water,None of the Above,,Other,Hard,,,NCERT Science Class 9 Chapter 15 Improvement In Food Resources Multiple Choice Question (Quiz) 24,1
CBSE,Class 9,Science,NCERT Science,Chapter 15 Improvement In Food Resources,,,Multiple Choice Question (Online),Carbon and oxygen are nutrients supplied by,2, soil, air, water,None of the Above,,Other,Hard,,,NCERT Science Class 9 Chapter 15 Improvement In Food Resources Multiple Choice Question (Quiz) 25,1
CBSE,Class 9,Science,NCERT Science,Chapter 15 Improvement In Food Resources,,,Multiple Choice Question (Online),Water is the source of these nutrients.,2, carbon and oxygen, hydrogen and oxygen, nitrogen and oxygen,None of the Above,,Other,Hard,,,NCERT Science Class 9 Chapter 15 Improvement In Food Resources Multiple Choice Question (Quiz) 26,1
CBSE,Class 9,Science,NCERT Science,Chapter 15 Improvement In Food Resources,,,Multiple Choice Question (Online),Which of the following is not a macronutrient?,2, potassium, manganese, magnesium,None of the Above,,Other,Hard,,,NCERT Science Class 9 Chapter 15 Improvement In Food Resources Multiple Choice Question (Quiz) 27,1
CBSE,Class 9,Science,NCERT Science,Chapter 15 Improvement In Food Resources,,,Multiple Choice Question (Online),Find the odd one out.,3, Zinc, Boron, Nitrogen,None of the Above,,Other,Hard,,,NCERT Science Class 9 Chapter 15 Improvement In Food Resources Multiple Choice Question (Quiz) 28,1
CBSE,Class 9,Science,NCERT Science,Chapter 15 Improvement In Food Resources,,,Multiple Choice Question (Online),What are micronutrients?,3," nitrogen, phosphorus and magnesium"," calcium, phosphorus and potassium"," copper, zinc and manganese",None of the Above,,Other,Hard,,,NCERT Science Class 9 Chapter 15 Improvement In Food Resources Multiple Choice Question (Quiz) 29,1
CBSE,Class 9,Science,NCERT Science,Chapter 15 Improvement In Food Resources,,,Multiple Choice Question (Online),Which of the following is not correct for manure?,2, It is rich in organic matter, It is inorganic matter, It is natural substance,None of the Above,,Other,Hard,,,NCERT Science Class 9 Chapter 15 Improvement In Food Resources Multiple Choice Question (Quiz) 30,1
CBSE,Class 9,Science,NCERT Science,Chapter 15 Improvement In Food Resources,,,Multiple Choice Question (Online),Vermicompost is the preparation of compost by using,1, earthworms, small insects, some parasites,None of the Above,,Other,Hard,,,NCERT Science Class 9 Chapter 15 Improvement In Food Resources Multiple Choice Question (Quiz) 31,1
CBSE,Class 9,Science,NCERT Science,Chapter 15 Improvement In Food Resources,,,Multiple Choice Question (Online),The plants that are used as green manure are,1, sunhemp, root tubers, paddy,None of the Above,,Other,Hard,,,NCERT Science Class 9 Chapter 15 Improvement In Food Resources Multiple Choice Question (Quiz) 32,1
CBSE,Class 9,Science,NCERT Science,Chapter 15 Improvement In Food Resources,,,Multiple Choice Question (Online),Manures are three types. They are,2," compost, vermicompost and fertilizers"," compost, vermicompost and green manure"," vermicompost, fertilizers and pesticides",None of the Above,,Other,Hard,,,NCERT Science Class 9 Chapter 15 Improvement In Food Resources Multiple Choice Question (Quiz) 33,1
CBSE,Class 9,Science,NCERT Science,Chapter 15 Improvement In Food Resources,,,Multiple Choice Question (Online),All are disadvantages of manure except,2, They are not nutrient specific, They are nutrient specific, They sometimes contain weed seeds,None of the Above,,Other,Hard,,,NCERT Science Class 9 Chapter 15 Improvement In Food Resources Multiple Choice Question (Quiz) 34,1
CBSE,Class 9,Science,NCERT Science,Chapter 15 Improvement In Food Resources,,,Multiple Choice Question (Online),Organic matter of compost is called,1, humus, biofertilisers, fertilisers,None of the Above,,Other,Hard,,,NCERT Science Class 9 Chapter 15 Improvement In Food Resources Multiple Choice Question (Quiz) 35,1
CBSE,Class 9,Science,NCERT Science,Chapter 15 Improvement In Food Resources,,,Multiple Choice Question (Online),Fertilisers are,2, produced from animals, produced from chemicals, produced from plants,None of the Above,,Other,Hard,,,NCERT Science Class 9 Chapter 15 Improvement In Food Resources Multiple Choice Question (Quiz) 36,1
CBSE,Class 9,Science,NCERT Science,Chapter 15 Improvement In Food Resources,,,Multiple Choice Question (Online),"For optimum yields in crop production, We should prefer",3, Short term benefits of using fertilisers, Long term benefits of using manure, Both short term benefits of using fertilisers and long benefits of using manure,None of the Above,,Other,Hard,,,NCERT Science Class 9 Chapter 15 Improvement In Food Resources Multiple Choice Question (Quiz) 37,1
CBSE,Class 9,Science,NCERT Science,Chapter 15 Improvement In Food Resources,,,Multiple Choice Question (Online),Which of the following is not an advantage of fertilisers?,1, They help in drainage and in avoiding water logging., They are nutrient specific., They ensure good growth and healthy plants.,None of the Above,,Other,Hard,,,NCERT Science Class 9 Chapter 15 Improvement In Food Resources Multiple Choice Question (Quiz) 38,1
CBSE,Class 9,Science,NCERT Science,Chapter 15 Improvement In Food Resources,,,Multiple Choice Question (Online),Which of the following is not true for organic farming?,3, There is no use of chemicals and fertilisers., biofertlisers like certain algae and nitrogen fixing bacteria are used., There is no use of chemicals and fertilisers.,None of the Above,,Other,Hard,,,NCERT Science Class 9 Chapter 15 Improvement In Food Resources Multiple Choice Question (Quiz) 39,1
CBSE,Class 9,Science,NCERT Science,Chapter 15 Improvement In Food Resources,,,Multiple Choice Question (Online),Process of supplying water to crops is called,1, irrigation, cropping, ploughing,None of the Above,,Other,Hard,,,NCERT Science Class 9 Chapter 15 Improvement In Food Resources Multiple Choice Question (Quiz) 40,1
CBSE,Class 9,Science,NCERT Science,Chapter 15 Improvement In Food Resources,,,Multiple Choice Question (Online),All are modern techniques of irrigation except,2, rainwater harvesting, river lift system, water shed management,None of the Above,,Other,Hard,,,NCERT Science Class 9 Chapter 15 Improvement In Food Resources Multiple Choice Question (Quiz) 41,1
CBSE,Class 9,Science,NCERT Science,Chapter 15 Improvement In Food Resources,,,Multiple Choice Question (Online),Scarcity of water and irregular distribution of rainfall leads to,1, drought, tsunami, cyclone,None of the Above,,Other,Hard,,,NCERT Science Class 9 Chapter 15 Improvement In Food Resources Multiple Choice Question (Quiz) 42,1
CBSE,Class 9,Science,NCERT Science,Chapter 15 Improvement In Food Resources,,,Multiple Choice Question (Online),Mixed cropping involves,1, growing two or more crops simultaneously in one piece of land., growing two or more crops simultaneously in one piece of land in a definite pattern., growing different crops on a piece of land in a pre-planned succession.,None of the Above,,Other,Hard,,,NCERT Science Class 9 Chapter 15 Improvement In Food Resources Multiple Choice Question (Quiz) 43,1
CBSE,Class 9,Science,NCERT Science,Chapter 15 Improvement In Food Resources,,,Multiple Choice Question (Online),Intercropping involves,2, growing two or more crops simultaneously in one piece of land., growing two or more crops simultaneously in one piece of land in a definite pattern., growing different crops on a piece of land in a pre-planned succession.,None of the Above,,Other,Hard,,,NCERT Science Class 9 Chapter 15 Improvement In Food Resources Multiple Choice Question (Quiz) 44,1
CBSE,Class 9,Science,NCERT Science,Chapter 15 Improvement In Food Resources,,,Multiple Choice Question (Online),Crop rotation involves,3, growing two or more crops simultaneously in one piece of land., growing two or more crops simultaneously in one piece of land in a definite pattern., growing different crops on a piece of land in a pre-planned succession.,None of the Above,,Other,Hard,,,NCERT Science Class 9 Chapter 15 Improvement In Food Resources Multiple Choice Question (Quiz) 45,1
CBSE,Class 9,Science,NCERT Science,Chapter 15 Improvement In Food Resources,,,Multiple Choice Question (Online),Crops are protected from,3, weeds, insects pests," weeds, insects pests and diseases",None of the Above,,Other,Hard,,,NCERT Science Class 9 Chapter 15 Improvement In Food Resources Multiple Choice Question (Quiz) 46,1
CBSE,Class 9,Science,NCERT Science,Chapter 15 Improvement In Food Resources,,,Multiple Choice Question (Online),Unwanted plants in the cultivated field are called,2, worms, weeds, pests,None of the Above,,Other,Hard,,,NCERT Science Class 9 Chapter 15 Improvement In Food Resources Multiple Choice Question (Quiz) 47,1
CBSE,Class 9,Science,NCERT Science,Chapter 15 Improvement In Food Resources,,,Multiple Choice Question (Online),Which of the following is not a weed?,2, Xanthium, Triticum, Parthenium,None of the Above,,Other,Hard,,,NCERT Science Class 9 Chapter 15 Improvement In Food Resources Multiple Choice Question (Quiz) 48,1
CBSE,Class 9,Science,NCERT Science,Chapter 15 Improvement In Food Resources,,,Multiple Choice Question (Online),Spraying weedicides and herbicides in the field is the ______ method to control weeds.,2, mechanical, chemical, preventive,None of the Above,,Other,Hard,,,NCERT Science Class 9 Chapter 15 Improvement In Food Resources Multiple Choice Question (Quiz) 49,1
CBSE,Class 9,Science,NCERT Science,Chapter 15 Improvement In Food Resources,,,Multiple Choice Question (Online),Weeds compete with crops for,3, food and space, food only," food, space and light",None of the Above,,Other,Hard,,,NCERT Science Class 9 Chapter 15 Improvement In Food Resources Multiple Choice Question (Quiz) 50,1
CBSE,Class 9,Science,NCERT Science,Chapter 15 Improvement In Food Resources,,,Multiple Choice Question (Online),Removal of weeds from the cultivated fields should occur,3, during harvest, after harvest, during early stage of crop growth,None of the Above,,Other,Hard,,,NCERT Science Class 9 Chapter 15 Improvement In Food Resources Multiple Choice Question (Quiz) 51,1
CBSE,Class 9,Science,NCERT Science,Chapter 15 Improvement In Food Resources,,,Multiple Choice Question (Online),Locust is an example of,2, weed, insect pest, herbicide,None of the Above,,Other,Hard,,,NCERT Science Class 9 Chapter 15 Improvement In Food Resources Multiple Choice Question (Quiz) 52,1
CBSE,Class 9,Science,NCERT Science,Chapter 15 Improvement In Food Resources,,,Multiple Choice Question (Online),Crop diseases are caused by,3, bacteria, fungi, both bacteria and fungi,None of the Above,,Other,Hard,,,NCERT Science Class 9 Chapter 15 Improvement In Food Resources Multiple Choice Question (Quiz) 53,1
CBSE,Class 9,Science,NCERT Science,Chapter 15 Improvement In Food Resources,,,Multiple Choice Question (Online),Weed control methods include,1, proper seedbed preparation, use of resistance varieties, summer ploughing,None of the Above,,Other,Hard,,,NCERT Science Class 9 Chapter 15 Improvement In Food Resources Multiple Choice Question (Quiz) 54,1
CBSE,Class 9,Science,NCERT Science,Chapter 15 Improvement In Food Resources,,,Multiple Choice Question (Online),Biotic storage losses can be due to,1," insects, rodents and mites", moisture and temperature, light and temperature,None of the Above,,Other,Hard,,,NCERT Science Class 9 Chapter 15 Improvement In Food Resources Multiple Choice Question (Quiz) 55,1
CBSE,Class 9,Science,NCERT Science,Chapter 15 Improvement In Food Resources,,,Multiple Choice Question (Online),What can be done to kill pests?,1, Fumigation, Ploughing, Irrigation,None of the Above,,Other,Hard,,,NCERT Science Class 9 Chapter 15 Improvement In Food Resources Multiple Choice Question (Quiz) 56,1
CBSE,Class 9,Science,NCERT Science,Chapter 15 Improvement In Food Resources,,,Multiple Choice Question (Online),The preventive measures against pests are,3, the use of resistance varieties, summer ploughing, Both use of resistance varieties and summer ploughing,None of the Above,,Other,Hard,,,NCERT Science Class 9 Chapter 15 Improvement In Food Resources Multiple Choice Question (Quiz) 57,1
CBSE,Class 9,Science,NCERT Science,Chapter 15 Improvement In Food Resources,,,Multiple Choice Question (Online),Preventive methods of weed control includes,1," seed bed preparation, timely sowing of crops, intercropping and rotation."," seed bed preparation, irrigation and crop rotation"," sowing to crops, irrigation and manuring",None of the Above,,Other,Hard,,,NCERT Science Class 9 Chapter 15 Improvement In Food Resources Multiple Choice Question (Quiz) 58,1
CBSE,Class 9,Science,NCERT Science,Chapter 15 Improvement In Food Resources,,,Multiple Choice Question (Online),Which of the following is not the biotic factor for crop loss?,3, Insects, Mites, Temperature,None of the Above,,Other,Hard,,,NCERT Science Class 9 Chapter 15 Improvement In Food Resources Multiple Choice Question (Quiz) 59,1
CBSE,Class 9,Science,NCERT Science,Chapter 15 Improvement In Food Resources,,,Multiple Choice Question (Online),The scientific management of animal livestock is called,2, Plant Husbandry, Animal Husbandry, Cattle Farming,None of the Above,,Other,Hard,,,NCERT Science Class 9 Chapter 15 Improvement In Food Resources Multiple Choice Question (Quiz) 60,1
CBSE,Class 9,Science,NCERT Science,Chapter 15 Improvement In Food Resources,,,Multiple Choice Question (Online),Cattle husbandry is done for following purpose/purposes,3, milk only, draught labour only, both milk and draught labour,None of the Above,,Other,Hard,,,NCERT Science Class 9 Chapter 15 Improvement In Food Resources Multiple Choice Question (Quiz) 61,1
CBSE,Class 9,Science,NCERT Science,Chapter 15 Improvement In Food Resources,,,Multiple Choice Question (Online),The scientific name of buffaloe is,1, Bos bubalis, Bos indicus, Ovis aries,None of the Above,,Other,Hard,,,NCERT Science Class 9 Chapter 15 Improvement In Food Resources Multiple Choice Question (Quiz) 62,1
CBSE,Class 9,Science,NCERT Science,Chapter 15 Improvement In Food Resources,,,Multiple Choice Question (Online),Diary animals are also called as,2, Marine animals, Milch animals, Draught animals,None of the Above,,Other,Hard,,,NCERT Science Class 9 Chapter 15 Improvement In Food Resources Multiple Choice Question (Quiz) 63,1
CBSE,Class 9,Science,NCERT Science,Chapter 15 Improvement In Food Resources,,,Multiple Choice Question (Online),All breeds are selected for long periods except,3, Brown Swiss, Jersey, Red sindhi,None of the Above,,Other,Hard,,,NCERT Science Class 9 Chapter 15 Improvement In Food Resources Multiple Choice Question (Quiz) 64,1
CBSE,Class 9,Science,NCERT Science,Chapter 15 Improvement In Food Resources,,,Multiple Choice Question (Online),Following are the local breeds of cattle that show excellent resistance to diseases except,3, Red Sindhi, Sahiwal, Brown Swiss,None of the Above,,Other,Hard,,,NCERT Science Class 9 Chapter 15 Improvement In Food Resources Multiple Choice Question (Quiz) 65,1
CBSE,Class 9,Science,NCERT Science,Chapter 15 Improvement In Food Resources,,,Multiple Choice Question (Online),The floor of cattle shed should be sloping to,2, improve their milk producing requirement, keep it dry and facilitate cleaning, protect them from heat,None of the Above,,Other,Hard,,,NCERT Science Class 9 Chapter 15 Improvement In Food Resources Multiple Choice Question (Quiz) 66,1
CBSE,Class 9,Science,NCERT Science,Chapter 15 Improvement In Food Resources,,,Multiple Choice Question (Online),Animal feed includes,1, both roughage and concentrates, roughage only, concentrates,None of the Above,,Other,Hard,,,NCERT Science Class 9 Chapter 15 Improvement In Food Resources Multiple Choice Question (Quiz) 67,1
CBSE,Class 9,Science,NCERT Science,Chapter 15 Improvement In Food Resources,,,Multiple Choice Question (Online),External parasites on the skin of cattle are,1, lice and mites, fluke and round worms, tape worms and flies,None of the Above,,Other,Hard,,,NCERT Science Class 9 Chapter 15 Improvement In Food Resources Multiple Choice Question (Quiz) 68,1
CBSE,Class 9,Science,NCERT Science,Chapter 15 Improvement In Food Resources,,,Multiple Choice Question (Online),Flukes causes internal damage to ______ of cattle.,2, stomach, liver, lungs,None of the Above,,Other,Hard,,,NCERT Science Class 9 Chapter 15 Improvement In Food Resources Multiple Choice Question (Quiz) 69,1
CBSE,Class 9,Science,NCERT Science,Chapter 15 Improvement In Food Resources,,,Multiple Choice Question (Online),Poultry farming is done for,2, milk, eggs and meat, wool,None of the Above,,Other,Hard,,,NCERT Science Class 9 Chapter 15 Improvement In Food Resources Multiple Choice Question (Quiz) 70,1
CBSE,Class 9,Science,NCERT Science,Chapter 15 Improvement In Food Resources,,,Multiple Choice Question (Online),Leghorn is a,1, foreign breed of chicken, indigenous breed of chicken, cross breed of chicken,None of the Above,,Other,Hard,,,NCERT Science Class 9 Chapter 15 Improvement In Food Resources Multiple Choice Question (Quiz) 71,1
CBSE,Class 9,Science,NCERT Science,Chapter 15 Improvement In Food Resources,,,Multiple Choice Question (Online),"For egg and broiler production, the levels of which vitamins is kept high in the poultry feeds?",2, vitamin K only, both vitamin A and K, vitamin A only,None of the Above,,Other,Hard,,,NCERT Science Class 9 Chapter 15 Improvement In Food Resources Multiple Choice Question (Quiz) 72,1
CBSE,Class 9,Science,NCERT Science,Chapter 15 Improvement In Food Resources,,,Multiple Choice Question (Online),Aspergillosis is a disease caused by,1, fungi, virus, bacteria,None of the Above,,Other,Hard,,,NCERT Science Class 9 Chapter 15 Improvement In Food Resources Multiple Choice Question (Quiz) 73,1
CBSE,Class 9,Science,NCERT Science,Chapter 15 Improvement In Food Resources,,,Multiple Choice Question (Online),Bird flu in poultry fowl is a disease caused by,1, virus, bacteria, fungi,None of the Above,,Other,Hard,,,NCERT Science Class 9 Chapter 15 Improvement In Food Resources Multiple Choice Question (Quiz) 74,1
CBSE,Class 9,Science,NCERT Science,Chapter 15 Improvement In Food Resources,,,Multiple Choice Question (Online),Which of the following is a finned fish?,3, sea weeds, oysters, bhetki,None of the Above,,Other,Hard,,,NCERT Science Class 9 Chapter 15 Improvement In Food Resources Multiple Choice Question (Quiz) 75,1
CBSE,Class 9,Science,NCERT Science,Chapter 15 Improvement In Food Resources,,,Multiple Choice Question (Online),Oysters are also cultivated to obtain,1, pearl, gems, small stones,None of the Above,,Other,Hard,,,NCERT Science Class 9 Chapter 15 Improvement In Food Resources Multiple Choice Question (Quiz) 76,1
CBSE,Class 9,Science,NCERT Science,Chapter 15 Improvement In Food Resources,,,Multiple Choice Question (Online),Fresh water fish production is also called,1, inland fisheries, marine fisheries, composite fisheries,None of the Above,,Other,Hard,,,NCERT Science Class 9 Chapter 15 Improvement In Food Resources Multiple Choice Question (Quiz) 77,1
CBSE,Class 9,Science,NCERT Science,Chapter 15 Improvement In Food Resources,,,Multiple Choice Question (Online),Name the fish that are bottom feeders.,1, mrigals and common carps, catlas and rohus, prawns and mussels,None of the Above,,Other,Hard,,,NCERT Science Class 9 Chapter 15 Improvement In Food Resources Multiple Choice Question (Quiz) 78,1
CBSE,Class 9,Science,NCERT Science,Chapter 15 Improvement In Food Resources,,,Multiple Choice Question (Online),The scientific name of Italian bee is,1, Apis mellifera, Apis florae, Apis dorsata,None of the Above,,Other,Hard,,,NCERT Science Class 9 Chapter 15 Improvement In Food Resources Multiple Choice Question (Quiz) 79,1
CBSE,Class 9,Science,NCERT Science,Chapter 15 Improvement In Food Resources,,,Multiple Choice Question (Online),The major problem in fish farming is lack of,3, availability of food, proper water, good quality of seeds,None of the Above,,Other,Hard,,,NCERT Science Class 9 Chapter 15 Improvement In Food Resources Multiple Choice Question (Quiz) 80,1
CBSE,Class 9,Science,NCERT Science,Chapter 15 Improvement In Food Resources,,,Multiple Choice Question (Online),Apis cerana is the scientific name of,3, Little bee, rock bee, Indian bee,None of the Above,,Other,Hard,,,NCERT Science Class 9 Chapter 15 Improvement In Food Resources Multiple Choice Question (Quiz) 81,1
CBSE,Class 9,Science,NCERT Science,Chapter 15 Improvement In Food Resources,,,Multiple Choice Question (Online),Which of the following bees have high honey collection capacity?,3, Rock bee, Little bee, Italian bee,None of the Above,,Other,Hard,,,NCERT Science Class 9 Chapter 15 Improvement In Food Resources Multiple Choice Question (Quiz) 82,1
