ID_pose,Step
1,"Step 1: Start in standing forward position, facing the screen."
1,Step 2: Turn your body to the right so your right side faces the screen.
1,"Step 3: Bring both feet together, press evenly through the three corners of each foot."
1,Step 4: Hinge at the hips with a long spine and reach down toward the feet.
1,Step 5: Use your index and middle fingers to hook the big toes (or use a strap around the soles).
1,"Step 6: Inhale to lengthen the spine, exhale to fold deeper while keeping the chest open."
2,"Step 1: Start in standing forward position, facing the screen."
2,Step 2: Turn your body to the left so your left side faces the screen.
2,"Step 3: Bring both feet together, press evenly through the three corners of each foot."
2,Step 4: Hinge at the hips with a long spine and reach down toward the feet.
2,Step 5: Use your index and middle fingers to hook the big toes (or use a strap around the soles).
2,"Step 6: Inhale to lengthen the spine, exhale to fold deeper while keeping the chest open."
3,"Step 1: Start in standing forward position, facing the screen."
3,Step 2: Turn your body to the right so your right side faces the screen.
3,Step 3: Step your left foot slightly forward and bend the left knee; thread your right arm under your right thigh and reach your left arm behind your back to clasp hands in a bind.
3,Step 4: Shift weight onto your left foot and inhale to lift your torso upright while keeping the bind secure.
3,"Step 5: Slowly straighten the right leg by lifting it upward, keeping the hips level and the spine long."
3,Step 6: Keep chest lifted and gaze steady toward the screen as you hold balance.
4,"Step 1: Start in standing forward position, facing the screen."
4,Step 2: Turn your body to the left so your left side faces the screen.
4,Step 3: Step your right foot slightly forward and bend the right knee; thread your left arm under your left thigh and reach your right arm behind your back to clasp hands in a bind.
4,Step 4: Shift weight onto your right foot and inhale to lift your torso upright while keeping the bind secure.
4,"Step 5: Slowly straighten the left leg by lifting it upward, keeping the hips level and the spine long."
4,Step 6: Keep chest lifted and gaze steady toward the screen as you hold balance.
5,"Step 1: Start in standing forward position, facing the screen."
5,Step 2: Turn your body to the right so your right side faces the screen.
5,"Step 3: Step your left foot slightly forward and fold, thread your right arm under your right thigh and bind with the left arm behind your back."
5,Step 4: Shift weight into the left leg and inhale to rise upright into the bound position.
5,Step 5: Rotate the torso slightly toward the right (the screen) while lifting and straightening the bound right leg.
5,"Step 6: Keep the spine long and chest open, gaze toward the screen."
6,"Step 1: Start in standing forward position, facing the screen."
6,Step 2: Turn your body to the left so your left side faces the screen.
6,"Step 3: Step your right foot slightly forward and fold, thread your left arm under your left thigh and bind with the right arm behind your back."
6,Step 4: Shift weight into the right leg and inhale to rise upright into the bound position.
6,Step 5: Rotate the torso slightly toward the left (the screen) while lifting and straightening the bound left leg.
6,"Step 6: Keep the spine long and chest open, gaze toward the screen."
7,"Step 1: Start in standing forward position, facing the screen."
7,Step 2: Turn your body to the right so your right side faces the screen.
7,Step 3: Bring your feet together (or hip-width) with toes pointing toward the screen.
7,"Step 4: Inhale, reach the arms overhead; exhale, bend the knees and sink the hips as if sitting on an imaginary chair."
7,"Step 5: Keep knees tracking over the toes, weight in the heels, and tailbone slightly tucked."
7,"Step 6: Lift the chest, relax the shoulders, and hold steady breaths while gazing at the screen."
8,"Step 1: Start in standing forward position, facing the screen."
8,Step 2: Turn your body to the left so your left side faces the screen.
8,Step 3: Bring your feet together (or hip-width) with toes pointing toward the screen.
8,"Step 4: Inhale, reach the arms overhead; exhale, bend the knees and sink the hips as if sitting on an imaginary chair."
8,"Step 5: Keep knees tracking over the toes, weight in the heels, and tailbone slightly tucked."
8,"Step 6: Lift the chest, relax the shoulders, and hold steady breaths while gazing at the screen."
9,"Step 1: Start in standing forward position, facing the screen."
9,Step 2: Turn your body to the right so your right side faces the screen.
9,"Step 3: Step your left foot forward about one stride and bend the left knee to about 90 degrees, keeping left knee over the left ankle."
9,Step 4: Keep the right leg extended back with the ball of the right foot pressing into the mat and toes tucked slightly.
9,"Step 5: Square your hips toward the screen and reach both arms overhead, palms facing each other."
9,"Step 6: Draw the ribs in slightly, lengthen the spine, and gaze forward at the screen."
10,"Step 1: Start in standing forward position, facing the screen."
10,Step 2: Turn your body to the left so your left side faces the screen.
10,"Step 3: Step your right foot forward about one stride and bend the right knee to about 90 degrees, keeping right knee over the right ankle."
10,Step 4: Keep the left leg extended back with the ball of the left foot pressing into the mat and toes tucked slightly.
10,"Step 5: Square your hips toward the screen and reach both arms overhead, palms facing each other."
10,"Step 6: Draw the ribs in slightly, lengthen the spine, and gaze forward at the screen."
11,"Step 1: Start in standing forward position, facing the screen."
11,Step 2: Turn your body to the right so your right side faces the screen.
11,Step 3: Step your left foot forward and lower your right knee to the mat so the top of the right foot rests on the floor.
11,"Step 4: Bend the left knee to about 90 degrees, keeping left knee stacked over the ankle and pressing hips forward gently."
11,Step 5: Reach both arms overhead with palms facing each other and draw the chest up.
11,Step 6: Keep the spine long and gaze forward at the screen while breathing steadily.
12,"Step 1: Start in standing forward position, facing the screen."
12,Step 2: Turn your body to the left so your left side faces the screen.
12,Step 3: Step your right foot forward and lower your left knee to the mat so the top of the left foot rests on the floor.
12,"Step 4: Bend the right knee to about 90 degrees, keeping right knee stacked over the ankle and pressing hips forward gently."
12,Step 5: Reach both arms overhead with palms facing each other and draw the chest up.
12,Step 6: Keep the spine long and gaze forward at the screen while breathing steadily.
13,"Step 1: Start in standing forward position, facing the screen."
13,Step 2: Turn your body to the right so your right side faces the screen.
13,"Step 3: Step your left foot slightly forward, keeping both legs straight (micro-bend if needed)."
13,"Step 4: Reach both arms overhead with palms touching, lengthening through the sides of the torso."
13,Step 5: Lean your torso and arms gently to the left creating a crescent arc while keeping the hips squared toward the screen.
13,Step 6: Keep the neck long and gaze softly at the screen or slightly upward.
14,"Step 1: Start in standing forward position, facing the screen."
14,Step 2: Turn your body to the left so your left side faces the screen.
14,"Step 3: Step your right foot slightly forward, keeping both legs straight (micro-bend if needed)."
14,"Step 4: Reach both arms overhead with palms touching, lengthening through the sides of the torso."
14,Step 5: Lean your torso and arms gently to the right creating a crescent arc while keeping the hips squared toward the screen.
14,Step 6: Keep the neck long and gaze softly at the screen or slightly upward.
15,"Step 1: Start in standing forward position, facing the screen."
15,Step 2: Turn your body to the right so your right side faces the screen.
15,Step 3: Bend both knees slightly and shift weight onto your left foot (left leg becomes the standing leg).
15,"Step 4: Lift your right leg and wrap it around the left leg, hooking the right foot behind the left calf or ankle if possible."
15,Step 5: Wrap the right arm under the left arm and bring the palms together; lift the elbows to shoulder height.
15,"Step 6: Sink the hips a bit, keep chest lifted and gaze steady at the screen for balance."
16,"Step 1: Start in standing forward position, facing the screen."
16,Step 2: Turn your body to the left so your left side faces the screen.
16,Step 3: Bend both knees slightly and shift weight onto your right foot (right leg becomes the standing leg).
16,"Step 4: Lift your left leg and wrap it around the right leg, hooking the left foot behind the right calf or ankle if possible."
16,Step 5: Wrap the left arm under the right arm and bring the palms together; lift the elbows to shoulder height.
16,"Step 6: Sink the hips a bit, keep chest lifted and gaze steady at the screen for balance."
17,"Step 1: Start in standing forward position, facing the screen."
17,Step 2: Turn your body to the right so your right side faces the screen.
17,"Step 3: Hinge forward and slide your arms under your thighs, placing your palms flat on the mat with fingers spread."
17,"Step 4: Shift weight into your hands and begin to lift your feet off the mat, bringing knees toward the armpits."
17,"Step 5: Gradually straighten the legs out to the sides as your balance improves, keeping arms strong and straight."
17,Step 6: Keep chest lifted and gaze forward at the screen while balancing on the hands.
18,"Step 1: Start in standing forward position, facing the screen."
18,Step 2: Turn your body to the left so your left side faces the screen.
18,"Step 3: Hinge forward and slide your arms under your thighs, placing your palms flat on the mat with fingers spread."
18,"Step 4: Shift weight into your hands and begin to lift your feet off the mat, bringing knees toward the armpits."
18,"Step 5: Gradually straighten the legs out to the sides as your balance improves, keeping arms strong and straight."
18,Step 6: Keep chest lifted and gaze forward at the screen while balancing on the hands.
19,"Step 1: Start in standing forward position, facing the screen."
19,Step 2: Turn your body to the right so your right side faces the screen.
19,Step 3: Bend your right knee and lift your right foot toward the back of your head.
19,"Step 4: Gently guide the right ankle behind your head using both hands, finding a secure hold without forcing."
19,"Step 5: Once stable, press the standing (left) foot firmly into the mat and lengthen through the spine."
19,Step 6: Optionally extend the arms for balance and keep your gaze toward the screen.
20,"Step 1: Start in standing forward position, facing the screen."
20,Step 2: Turn your body to the left so your left side faces the screen.
20,Step 3: Bend your left knee and lift your left foot toward the back of your head.
20,"Step 4: Gently guide the left ankle behind your head using both hands, finding a secure hold without forcing."
20,"Step 5: Once stable, press the standing (right) foot firmly into the mat and lengthen through the spine."
20,Step 6: Optionally extend the arms for balance and keep your gaze toward the screen.
21,"Step 1: Start in standing forward position, facing the screen."
21,Step 2: Turn your body to the right so your right side faces the screen.
21,"Step 3: Bend your right knee and lift the right foot toward your head, drawing the heel toward the sitting bones."
21,"Step 4: Reach both hands around the shin or ankle to hold the foot, supporting it close to the head."
21,Step 5: Keep the standing (left) leg strong and press evenly through the foot to balance.
21,Step 6: Lengthen the spine and gaze toward the screen while holding the pose.
22,"Step 1: Start in standing forward position, facing the screen."
22,Step 2: Turn your body to the left so your left side faces the screen.
22,"Step 3: Bend your left knee and lift the left foot toward your head, drawing the heel toward the sitting bones."
22,"Step 4: Reach both hands around the shin or ankle to hold the foot, supporting it close to the head."
22,Step 5: Keep the standing (right) leg strong and press evenly through the foot to balance.
22,Step 6: Lengthen the spine and gaze toward the screen while holding the pose.
23,"Step 1: Start in standing forward position, facing the screen."
23,Step 2: Turn your body to the right so your right side faces the screen.
23,"Step 3: Lift your right foot and gently place the ankle behind the head, maintaining a secure hold with the hands."
23,"Step 4: Slowly inhale, then exhale as you hinge from the hips to fold the torso forward over the standing leg."
23,Step 5: Place the hands on the floor or on blocks for support and to maintain balance.
23,Step 6: Keep the spine elongated and avoid compressing the neck; gaze down toward the mat if comfortable.
24,"Step 1: Start in standing forward position, facing the screen."
24,Step 2: Turn your body to the left so your left side faces the screen.
24,"Step 3: Lift your left foot and gently place the ankle behind the head, maintaining a secure hold with the hands."
24,"Step 4: Slowly inhale, then exhale as you hinge from the hips to fold the torso forward over the standing leg."
24,Step 5: Place the hands on the floor or on blocks for support and to maintain balance.
24,Step 6: Keep the spine elongated and avoid compressing the neck; gaze down toward the mat if comfortable.
25,"Step 1: Start in standing forward position, facing the screen."
25,Step 2: Turn your body to the right so your right side faces the screen.
25,Step 3: Bring the feet together and inhale to lengthen the spine.
25,"Step 4: Exhale and hinge at the hips, folding the torso over the legs; let the hands reach toward the floor or shins."
25,"Step 5: Soften the knees slightly if necessary and relax the neck, letting the crown of the head move toward the mat."
25,Step 6: Keep breathing slowly while maintaining alignment toward the screen.
26,"Step 1: Start in standing forward position, facing the screen."
26,Step 2: Turn your body to the left so your left side faces the screen.
26,Step 3: Bring the feet together and inhale to lengthen the spine.
26,"Step 4: Exhale and hinge at the hips, folding the torso over the legs; let the hands reach toward the floor or shins."
26,"Step 5: Soften the knees slightly if necessary and relax the neck, letting the crown of the head move toward the mat."
26,Step 6: Keep breathing slowly while maintaining alignment toward the screen.
27,"Step 1: Start in standing forward position, facing the screen."
27,Step 2: Turn your body to the right so your right side faces the screen.
27,"Step 3: Lift your right foot and place it onto the left thigh in half-lotus (ensure foot rests above or below the knee, not on it)."
27,Step 4: Thread the right arm behind your back and reach for the toes of the right foot with the left hand (bind).
27,"Step 5: Inhale to lengthen the spine, exhale and fold forward over the standing left leg while maintaining the bind."
27,Step 6: Keep the chest open and gaze toward the screen while breathing steadily.
28,"Step 1: Start in standing forward position, facing the screen."
28,Step 2: Turn your body to the left so your left side faces the screen.
28,"Step 3: Lift your left foot and place it onto the right thigh in half-lotus (ensure foot rests above or below the knee, not on it)."
28,Step 4: Thread the left arm behind your back and reach for the toes of the left foot with the right hand (bind).
28,"Step 5: Inhale to lengthen the spine, exhale and fold forward over the standing right leg while maintaining the bind."
28,Step 6: Keep the chest open and gaze toward the screen while breathing steadily.
29,"Step 1: Start in standing forward position, facing the screen."
29,"Step 2: Step your feet wide apart (about 3–4 feet), toes turned out at approximately 45 degrees."
29,"Step 3: Bend the knees deeply, lowering the hips until the thighs are near parallel to the floor."
29,Step 4: Keep the knees tracking directly over the toes and press through the outer edges of the feet.
29,Step 5: Bring the elbows to shoulder height with forearms parallel (cactus) or press palms together at heart center; draw the chest up.
29,"Step 6: Lengthen the spine, keep shoulders relaxed, and gaze straight ahead at the screen while breathing steadily."
30,"Step 1: Start in standing forward position, facing the screen."
30,Step 2: Turn your body to the right so your right side faces the screen.
30,"Step 3: Hinge at the hips and fold forward, sliding your hands under the soles of your feet with palms up if reachable."
30,Step 4: Press the toes toward the wrists and lift the heels slightly to feel the stretch under the feet.
30,Step 5: Allow the torso to relax over the legs and soften the neck while keeping a long spine as much as possible.
30,Step 6: Gently gaze back toward the screen through the legs or keep the head relaxed downward as comfortable.
31,"Step 1: Start in standing forward position, facing the screen."
31,Step 2: Turn your body to the left so your left side faces the screen.
31,"Step 3: Hinge at the hips and fold forward, sliding your hands under the soles of your feet with palms up if reachable."
31,Step 4: Press the toes toward the wrists and lift the heels slightly to feel the stretch under the feet.
31,Step 5: Allow the torso to relax over the legs and soften the neck while keeping a long spine as much as possible.
31,Step 6: Gently gaze back toward the screen through the legs or keep the head relaxed downward as comfortable.
32,"Step 1: Start in standing forward position, facing the screen."
32,Step 2: Turn your body to the right so your right side faces the screen.
32,Step 3: Step your left foot forward and bend the left knee slightly; place the left hand on a block or the floor just in front of the left foot.
32,Step 4: Shift weight onto the left foot and lift the right leg straight back and up until it aligns with the torso (hip height or higher).
32,Step 5: Open the chest toward the screen and extend the right arm straight up; square the hips as much as possible.
32,Step 6: Gaze at the screen or up at the right hand while keeping balance and steady breath.
33,"Step 1: Start in standing forward position, facing the screen."
33,Step 2: Turn your body to the left so your left side faces the screen.
33,Step 3: Step your right foot forward and bend the right knee slightly; place the right hand on a block or the floor just in front of the right foot.
33,Step 4: Shift weight onto the right foot and lift the left leg straight back and up until it aligns with the torso (hip height or higher).
33,Step 5: Open the chest toward the screen and extend the left arm straight up; square the hips as much as possible.
33,Step 6: Gaze at the screen or up at the left hand while keeping balance and steady breath.
34,"Step 1: Start in standing forward position, facing the screen."
34,Step 2: Turn your body to the right so your right side faces the screen.
34,Step 3: Step your left foot forward and bend the left knee slightly; place your right hand on the floor outside the left foot.
34,Step 4: Shift weight into the left foot and lift the right leg back and up while rotating the torso toward the screen.
34,Step 5: Extend the left arm up and open the chest; keep the lifted leg strong and hips as level as possible.
34,Step 6: Gaze toward the screen or at the left hand while holding the twist and balance.
35,"Step 1: Start in standing forward position, facing the screen."
35,Step 2: Turn your body to the left so your left side faces the screen.
35,Step 3: Step your right foot forward and bend the right knee slightly; place your left hand on the floor outside the right foot.
35,Step 4: Shift weight into the right foot and lift the left leg back and up while rotating the torso toward the screen.
35,Step 5: Extend the right arm up and open the chest; keep the lifted leg strong and hips as level as possible.
35,Step 6: Gaze toward the screen or at the right hand while holding the twist and balance.
36,"Step 1: Start in standing forward position, facing the screen."
36,Step 2: Turn your body to the right so your right side faces the screen.
36,Step 3: Shift weight onto your left foot and bend your left knee slightly for stability.
36,Step 4: Lift your right leg and hold the right big toe with the right hand (use a strap if needed).
36,Step 5: Extend the right leg forward or out to the side while keeping the spine long and chest lifted.
36,Step 6: Reach the left arm out to the side for balance and gaze toward the screen while breathing steadily.
37,"Step 1: Start in standing forward position, facing the screen."
37,Step 2: Turn your body to the left so your left side faces the screen.
37,Step 3: Shift weight onto your right foot and bend your right knee slightly for stability.
37,Step 4: Lift your left leg and hold the left big toe with the left hand (use a strap if needed).
37,Step 5: Extend the left leg forward or out to the side while keeping the spine long and chest lifted.
37,Step 6: Reach the right arm out to the side for balance and gaze toward the screen while breathing steadily.
38,"Step 1: Start in standing forward position, facing the screen."
38,Step 2: Turn your body to the right so your right side faces the screen.
38,"Step 3: Shift weight onto your left foot and lift your right leg, holding the right big toe with the left hand for the revolved variation."
38,Step 4: Extend the right leg forward and then open it outward while rotating your torso toward the screen.
38,Step 5: Reach the right arm back or out for counterbalance and keep the hips level as you twist.
38,Step 6: Gaze over the right shoulder or toward the screen while maintaining steady breath.
39,"Step 1: Start in standing forward position, facing the screen."
39,Step 2: Turn your body to the left so your left side faces the screen.
39,"Step 3: Shift weight onto your right foot and lift your left leg, holding the left big toe with the right hand for the revolved variation."
39,Step 4: Extend the left leg forward and then open it outward while rotating your torso toward the screen.
39,Step 5: Reach the left arm back or out for counterbalance and keep the hips level as you twist.
39,Step 6: Gaze over the left shoulder or toward the screen while maintaining steady breath.
40,"Step 1: Start in standing forward position, facing the screen."
40,Step 2: Turn to the right so your right side faces the screen.
40,Step 3: Shift weight onto your left leg and lift your right knee.
40,Step 4: Hold your right big toe with your right hand.
40,"Step 5: Extend your right leg forward, keeping spine long."
40,Step 6: Extend your left arm to the side for balance and gaze at the screen.
41,"Step 1: Start in standing forward position, facing the screen."
41,Step 2: Turn to the left so your left side faces the screen.
41,Step 3: Shift weight onto your right leg and lift your left knee.
41,Step 4: Hold your left big toe with your left hand.
41,"Step 5: Extend your left leg forward, keeping spine long."
41,Step 6: Extend your right arm to the side for balance and gaze at the screen.
42,Step 1: Stand tall facing the screen with feet together.
42,Step 2: Press evenly into both feet and lift kneecaps slightly.
42,Step 3: Engage thighs and lengthen spine upward.
42,"Step 4: Rest arms by your sides, palms facing the screen."
42,Step 5: Broaden collarbones and keep chin parallel to the floor.
42,Step 6: Gaze steadily at the screen.
43,"Step 1: Start in standing forward position, facing the screen."
43,Step 2: Turn to the right so your right side faces the screen.
43,"Step 3: Step your left foot forward, right leg extended back."
43,Step 4: Square hips to the screen and keep legs straight.
43,"Step 5: Fold forward over your left leg, hands on shin, block, or floor."
43,Step 6: Lengthen spine and keep your gaze soft toward the screen.
44,"Step 1: Start in standing forward position, facing the screen."
44,Step 2: Turn to the left so your left side faces the screen.
44,"Step 3: Step your right foot forward, left leg extended back."
44,Step 4: Square hips to the screen and keep legs straight.
44,"Step 5: Fold forward over your right leg, hands on shin, block, or floor."
44,Step 6: Lengthen spine and keep your gaze soft toward the screen.
45,"Step 1: Start in standing forward position, facing the screen."
45,Step 2: Turn to the right so your right side faces the screen.
45,Step 3: Shift weight to your left leg and bend the knee deeply.
45,"Step 4: Cross your right leg behind the left calf, toes touching the floor."
45,Step 5: Bring palms together at your chest or extend arms forward.
45,Step 6: Keep chest upright and gaze at the screen.
46,"Step 1: Start in standing forward position, facing the screen."
46,Step 2: Turn to the left so your left side faces the screen.
46,Step 3: Shift weight to your right leg and bend the knee deeply.
46,"Step 4: Cross your left leg behind the right calf, toes touching the floor."
46,Step 5: Bring palms together at your chest or extend arms forward.
46,Step 6: Keep chest upright and gaze at the screen.
47,"Step 1: Start in standing forward position, facing the screen."
47,Step 2: Turn to the right so your right side faces the screen.
47,Step 3: Step your left foot forward and bend your left knee to 90 degrees.
47,Step 4: Keep right leg straight and grounded firmly.
47,Step 5: Place left elbow on thigh or left hand on the floor inside foot.
47,"Step 6: Stretch right arm overhead in a diagonal line, gaze at the screen."
48,"Step 1: Start in standing forward position, facing the screen."
48,Step 2: Turn to the left so your left side faces the screen.
48,Step 3: Step your right foot forward and bend your right knee to 90 degrees.
48,Step 4: Keep left leg straight and grounded firmly.
48,Step 5: Place right elbow on thigh or right hand on the floor inside foot.
48,"Step 6: Stretch left arm overhead in a diagonal line, gaze at the screen."
49,"Step 1: Start in standing forward position, facing the screen."
49,Step 2: Turn to the right so your right side faces the screen.
49,Step 3: Fold forward and place your hands on the floor.
49,Step 4: Lift your right leg high behind you with toes pointing upward.
49,"Step 5: Keep left leg strong and straight, rooted into the mat."
49,Step 6: Relax head downward and keep gaze soft toward the screen.
50,"Step 1: Start in standing forward position, facing the screen."
50,Step 2: Turn to the left so your left side faces the screen.
50,Step 3: Fold forward and place your hands on the floor.
50,Step 4: Lift your left leg high behind you with toes pointing upward.
50,"Step 5: Keep right leg strong and straight, rooted into the mat."
50,Step 6: Relax head downward and keep gaze soft toward the screen.
51,"Step 1: Start in standing forward position, facing the screen."
51,Step 2: Turn to the right so your right side faces the screen.
51,Step 3: Shift weight onto your left leg and bend your right knee backward.
51,Step 4: Hold inside of right ankle with right hand.
51,"Step 5: Extend left arm forward, parallel to the screen."
51,"Step 6: Kick right foot into your hand, lifting chest and leg upward."
52,"Step 1: Start in standing forward position, facing the screen."
52,Step 2: Turn to the left so your left side faces the screen.
52,Step 3: Shift weight onto your right leg and bend your left knee backward.
52,Step 4: Hold inside of left ankle with left hand.
52,"Step 5: Extend right arm forward, parallel to the screen."
52,"Step 6: Kick left foot into your hand, lifting chest and leg upward."
53,"Step 1: Start in standing forward position, facing the screen."
53,Step 2: Step feet wide apart with toes pointing forward.
53,"Step 3: Extend arms out to shoulder height, palms facing the screen."
53,"Step 4: Keep legs strong, spine lifted and chest open."
53,Step 5: Gaze steadily at the screen.
54,"Step 1: Start in standing forward position, facing the screen."
54,Step 2: Turn to the right so your right side faces the screen.
54,Step 3: Shift weight onto your left leg.
54,"Step 4: Place right foot on left calf or inner thigh, avoid the knee."
54,"Step 5: Press foot and thigh together, open knee outward."
54,"Step 6: Bring palms together at chest or arms overhead, gaze at the screen."
55,"Step 1: Start in standing forward position, facing the screen."
55,Step 2: Turn to the left so your left side faces the screen.
55,Step 3: Shift weight onto your right leg.
55,"Step 4: Place left foot on right calf or inner thigh, avoid the knee."
55,"Step 5: Press foot and thigh together, open knee outward."
55,"Step 6: Bring palms together at chest or arms overhead, gaze at the screen."
56,"Step 1: Start in standing forward position, facing the screen."
56,Step 2: Turn to the right so your right side faces the screen.
56,"Step 3: Step left foot forward, keeping both legs straight."
56,Step 4: Extend arms out at shoulder height.
56,"Step 5: Reach left hand toward shin or floor, extend right arm up."
56,"Step 6: Open chest to the screen, gaze at the lifted hand."
57,"Step 1: Start in standing forward position, facing the screen."
57,Step 2: Turn to the left so your left side faces the screen.
57,"Step 3: Step right foot forward, keeping both legs straight."
57,Step 4: Extend arms out at shoulder height.
57,"Step 5: Reach right hand toward shin or floor, extend left arm up."
57,"Step 6: Open chest to the screen, gaze at the lifted hand."
58,"Step 1: Start in standing forward position, facing the screen."
58,Step 2: Turn to the right so your right side faces the screen.
58,"Step 3: Step left foot forward, right leg extended back."
58,Step 4: Square hips to the screen.
58,Step 5: Place right hand outside left foot on floor or block.
58,"Step 6: Extend left arm upward, twisting torso and gazing at lifted hand."
59,"Step 1: Start in standing forward position, facing the screen."
59,Step 2: Turn to the left so your left side faces the screen.
59,"Step 3: Step right foot forward, left leg extended back."
59,Step 4: Square hips to the screen.
59,Step 5: Place left hand outside right foot on floor or block.
59,"Step 6: Extend right arm upward, twisting torso and gazing at lifted hand."
60,"Step 1: Start in standing forward position, facing the screen."
60,Step 2: Turn to the right so your right side faces the screen.
60,Step 3: Step left foot forward and bend left knee to 90 degrees.
60,"Step 4: Keep right leg extended back, foot angled outward slightly."
60,"Step 5: Square hips to the screen, arms raised overhead."
60,Step 6: Lift chest and gaze at the screen.
61,"Step 1: Start in standing forward position, facing the screen."
61,Step 2: Turn to the left so your left side faces the screen.
61,Step 3: Step right foot forward and bend right knee to 90 degrees.
61,"Step 4: Keep left leg extended back, foot angled outward slightly."
61,"Step 5: Square hips to the screen, arms raised overhead."
61,Step 6: Lift chest and gaze at the screen.
62,"Step 1: Start in standing forward position, facing the screen."
62,Step 2: Turn to the right so your right side faces the screen.
62,"Step 3: Step left foot forward, bend left knee to 90 degrees."
62,"Step 4: Keep right leg extended back, foot parallel to screen."
62,Step 5: Extend arms at shoulder height in opposite directions.
62,Step 6: Gaze over left fingertips toward the screen.
63,"Step 1: Start in standing forward position, facing the screen."
63,Step 2: Turn to the left so your left side faces the screen.
63,"Step 3: Step right foot forward, bend right knee to 90 degrees."
63,"Step 4: Keep left leg extended back, foot parallel to screen."
63,Step 5: Extend arms at shoulder height in opposite directions.
63,Step 6: Gaze over right fingertips toward the screen.
64,"Step 1: Start in standing forward position, facing the screen."
64,Step 2: Turn to the right so your right side faces the screen.
64,Step 3: Step left foot forward and shift weight fully onto it.
64,"Step 4: Lift right leg back, parallel to floor, hinge forward at hips."
64,Step 5: Extend arms forward in line with torso.
64,"Step 6: Form a straight line from hands to lifted foot, gaze at the screen."
65,"Step 1: Start in standing forward position, facing the screen."
65,Step 2: Turn to the left so your left side faces the screen.
65,Step 3: Step right foot forward and shift weight fully onto it.
65,"Step 4: Lift left leg back, parallel to floor, hinge forward at hips."
65,Step 5: Extend arms forward in line with torso.
65,"Step 6: Form a straight line from hands to lifted foot, gaze at the screen."
66,"Step 1: Start in standing forward position, facing the screen."
66,Step 2: Step feet wide apart with toes facing forward.
66,Step 3: Place hands on hips and hinge forward at the hips.
66,Step 4: Fold torso down and place hands on the floor between feet.
66,"Step 5: Keep spine long and legs straight, crown of head reaching toward the screen."
67,"Step 1: Start in standing forward position, facing the screen."
67,Step 2: Step feet wide apart with toes facing forward.
67,Step 3: Fold torso forward at the hips.
67,Step 4: Place hands on floor with fingers pointing backward.
67,"Step 5: Relax head down, crown reaching toward the screen."
68,"Step 1: Start in standing forward position, facing the screen."
68,Step 2: Step feet wide apart with toes facing forward.
68,Step 3: Clasp hands behind back and straighten arms.
68,"Step 4: Fold forward, allowing arms to extend overhead."
68,Step 5: Relax head down and gaze softly toward the screen.
69,"Step 1: Start in standing forward position, facing the screen."
69,Step 2: Step feet wide apart with toes facing forward.
69,Step 3: Hook big toes with index and middle fingers.
69,Step 4: Fold torso forward between legs.
69,Step 5: Keep spine long and gaze softly toward the screen.
70,"Step 1: Start in standing forward position, facing the screen."
70,Step 2: Turn your body to the right so your right side faces the screen.
70,"Step 3: Extend your left leg forward, bending the knee slightly."
70,"Step 4: Draw your right leg back, bend it and place foot near hip."
70,"Step 5: Extend left arm forward, draw right arm back as if pulling a bowstring."
70,"Step 6: Keep chest tall and open, gaze forward at the screen."
71,"Step 1: Start in standing forward position, facing the screen."
71,Step 2: Turn your body to the left so your left side faces the screen.
71,"Step 3: Extend your right leg forward, bending the knee slightly."
71,"Step 4: Draw your left leg back, bend it and place foot near hip."
71,"Step 5: Extend right arm forward, draw left arm back as if pulling a bowstring."
71,"Step 6: Keep chest tall and open, gaze forward at the screen."
72,"Step 1: Start in standing forward position, facing the screen."
72,Step 2: Turn your body to the right so your right side faces the screen.
72,Step 3: Sit on the floor and bend your knees with feet flat on the ground.
72,Step 4: Lean back slightly and lift your feet off the floor so your shins are parallel to the screen.
72,Step 5: Extend your arms forward alongside your legs with palms facing the screen.
72,Step 6: Straighten your legs upward into a 'V' shape if possible while keeping your back strong.
72,"Step 7: Hold the position, balancing on your sitting bones, and keep your gaze steady at the screen."
73,"Step 1: Start in standing forward position, facing the screen."
73,Step 2: Turn your body to the left so your left side faces the screen.
73,Step 3: Sit on the floor and bend your knees with feet flat on the ground.
73,Step 4: Lean back slightly and lift your feet off the floor so your shins are parallel to the screen.
73,Step 5: Extend your arms forward alongside your legs with palms facing the screen.
73,Step 6: Straighten your legs upward into a 'V' shape if possible while keeping your back strong.
73,"Step 7: Hold the position, balancing on your sitting bones, and keep your gaze steady at the screen."
74,"Step 1: Start in standing forward position, facing the screen."
74,Step 2: Turn to the right so your right side faces the screen.
74,"Step 3: Sit down and bend both knees, bringing them toward your chest."
74,Step 4: Lift your right leg and carefully place it behind your head.
74,Step 5: Lift your left leg and also position it behind your head.
74,"Step 6: Keep chest lifted, balance upright, and gaze at the screen."
75,"Step 1: Start in standing forward position, facing the screen."
75,Step 2: Turn to the left so your left side faces the screen.
75,"Step 3: Sit down and bend both knees, bringing them toward your chest."
75,Step 4: Lift your left leg and carefully place it behind your head.
75,Step 5: Lift your right leg and also position it behind your head.
75,"Step 6: Keep chest lifted, balance upright, and gaze at the screen."
76,Step 1: Sit facing the screen with legs extended forward.
76,Step 2: Bend knees outward and bring soles of feet together.
76,Step 3: Hold feet with both hands.
76,Step 4: Press knees gently toward the floor.
76,Step 5: Lengthen spine and keep chest open while gazing at the screen.
77,"Step 1: Start in standing forward position, facing the screen."
77,Step 2: Turn to the right so your right side faces the screen.
77,Step 3: Sit down and bend knees outward with soles of feet together.
77,Step 4: Hold feet or ankles with your hands.
77,Step 5: Gently flap knees up and down like butterfly wings.
77,Step 6: Keep spine straight and gaze at the screen.
78,"Step 1: Start in standing forward position, facing the screen."
78,Step 2: Turn to the left so your left side faces the screen.
78,Step 3: Sit down and bend knees outward with soles of feet together.
78,Step 4: Hold feet or ankles with your hands.
78,Step 5: Gently flap knees up and down like butterfly wings.
78,Step 6: Keep spine straight and gaze at the screen.
79,"Step 1: Start in standing forward position, facing the screen."
79,Step 2: Turn to the right so your right side faces the screen.
79,"Step 3: Sit with legs extended forward, feet together."
79,"Step 4: Fold torso over legs, reaching hands toward feet."
79,"Step 5: Relax head and neck, spine rounding naturally."
79,Step 6: Gaze softly toward the screen.
80,"Step 1: Start in standing forward position, facing the screen."
80,Step 2: Turn to the left so your left side faces the screen.
80,"Step 3: Sit with legs extended forward, feet together."
80,"Step 4: Fold torso over legs, reaching hands toward feet."
80,"Step 5: Relax head and neck, spine rounding naturally."
80,Step 6: Gaze softly toward the screen.
81,Step 1: Sit facing the screen with legs extended forward.
81,"Step 2: Cross legs at the shins, placing each foot beneath the opposite knee."
81,Step 3: Rest hands on knees with palms facing upward.
81,Step 4: Lengthen spine and relax shoulders.
81,Step 5: Keep head upright and gaze at the screen.
82,Step 1: Sit facing the screen and cross legs in lotus or half lotus.
82,Step 2: Slip arms through the space between thighs and calves.
82,Step 3: Bend elbows and bring hands together in prayer near chest.
82,"Step 4: Round spine slightly, chin toward chest."
82,Step 5: Gaze softly toward the screen.
83,Step 1: Sit facing the screen with legs extended forward.
83,"Step 2: Bend knees and stack right shin over left shin, feet flexed."
83,Step 3: Keep knees aligned with ankles forming a square shape.
83,Step 4: Rest hands on knees or thighs.
83,"Step 5: Lift chest tall, gaze at the screen."
84,"Step 1: Start in standing forward position, facing the screen."
84,Step 2: Turn to the right so your right side faces the screen.
84,Step 3: Sit down and bend both knees.
84,"Step 4: Lift your right leg, guiding it carefully behind your head."
84,"Step 5: Place hands on the floor for balance, chest open."
84,Step 6: Keep spine upright and gaze at the screen.
85,"Step 1: Start in standing forward position, facing the screen."
85,Step 2: Turn to the left so your left side faces the screen.
85,Step 3: Sit down and bend both knees.
85,"Step 4: Lift your left leg, guiding it carefully behind your head."
85,"Step 5: Place hands on the floor for balance, chest open."
85,Step 6: Keep spine upright and gaze at the screen.
86,"Step 1: Start in standing forward position, facing the screen."
86,Step 2: Turn to the right so your right side faces the screen.
86,"Step 3: Sit with legs extended forward, feet together."
86,Step 4: Hinge forward at the hips and reach hands to feet or shins.
86,"Step 5: Lengthen spine as you fold, keeping chest broad."
86,Step 6: Relax neck and gaze softly toward the screen.
87,"Step 1: Start in standing forward position, facing the screen."
87,Step 2: Turn to the left so your left side faces the screen.
87,"Step 3: Sit with legs extended forward, feet together."
87,Step 4: Hinge forward at the hips and reach hands to feet or shins.
87,"Step 5: Lengthen spine as you fold, keeping chest broad."
87,Step 6: Relax neck and gaze softly toward the screen.
88,"Step 1: Start in standing forward position, facing the screen."
88,Step 2: Turn to the right so your right side faces the screen.
88,"Step 3: Sit with legs extended forward, feet together."
88,Step 4: Reach forward to grasp sides of feet.
88,"Step 5: Fold torso forward, lengthening spine."
88,"Step 6: Relax head and neck, gaze soft toward the screen."
89,"Step 1: Start in standing forward position, facing the screen."
89,Step 2: Turn to the left so your left side faces the screen.
89,"Step 3: Sit with legs extended forward, feet together."
89,Step 4: Reach forward to grasp sides of feet.
89,"Step 5: Fold torso forward, lengthening spine."
89,"Step 6: Relax head and neck, gaze soft toward the screen."
90,"Step 1: Start in standing forward position, facing the screen."
90,Step 2: Turn to the right so your right side faces the screen.
90,"Step 3: Sit with legs extended forward, feet together."
90,Step 4: Hold the outer edges of your feet with your hands.
90,"Step 5: Fold forward deeply, chest moving toward thighs."
90,"Step 6: Relax head and neck, gaze softly toward the screen."
91,"Step 1: Start in standing forward position, facing the screen."
91,Step 2: Turn to the left so your left side faces the screen.
91,"Step 3: Sit with legs extended forward, feet together."
91,Step 4: Hold the outer edges of your feet with your hands.
91,"Step 5: Fold forward deeply, chest moving toward thighs."
91,"Step 6: Relax head and neck, gaze softly toward the screen."
92,"Step 1: Start in standing forward position, facing the screen."
92,Step 2: Turn to the right so your right side faces the screen.
92,"Step 3: Sit with legs extended forward, feet together."
92,Step 4: Wrap index and middle fingers around big toes.
92,Step 5: Fold torso forward with spine lengthened.
92,Step 6: Relax head and gaze softly toward the screen.
93,"Step 1: Start in standing forward position, facing the screen."
93,Step 2: Turn to the left so your left side faces the screen.
93,"Step 3: Sit with legs extended forward, feet together."
93,Step 4: Wrap index and middle fingers around big toes.
93,Step 5: Fold torso forward with spine lengthened.
93,Step 6: Relax head and gaze softly toward the screen.
94,"Step 1: Start in standing forward position, facing the screen."
94,Step 2: Turn to the right so your right side faces the screen.
94,Step 3: Sit and extend left leg forward.
94,Step 4: Bend right knee and place right foot on left thigh.
94,Step 5: Fold torso forward over extended leg.
94,"Step 6: Reach hands toward foot, spine long, gaze soft at the screen."
95,"Step 1: Start in standing forward position, facing the screen."
95,Step 2: Turn to the left so your left side faces the screen.
95,Step 3: Sit and extend right leg forward.
95,Step 4: Bend left knee and place left foot on right thigh.
95,Step 5: Fold torso forward over extended leg.
95,"Step 6: Reach hands toward foot, spine long, gaze soft at the screen."
96,"Step 1: Start in standing forward position, facing the screen."
96,Step 2: Turn to the right so your right side faces the screen.
96,Step 3: Sit and extend left leg forward.
96,Step 4: Bend right knee and place right foot near right hip.
96,"Step 5: Fold torso forward over left leg, hands reaching forward."
96,"Step 6: Keep spine long, gaze soft toward the screen."
97,"Step 1: Start in standing forward position, facing the screen."
97,Step 2: Turn to the left so your left side faces the screen.
97,Step 3: Sit and extend right leg forward.
97,Step 4: Bend left knee and place left foot near left hip.
97,"Step 5: Fold torso forward over right leg, hands reaching forward."
97,"Step 6: Keep spine long, gaze soft toward the screen."
98,Step 1: Stand facing the screen with feet slightly wider than hips.
98,Step 2: Bend knees deeply and squat down between legs.
98,"Step 3: Keep feet flat on the floor, toes pointing outward slightly."
98,Step 4: Bring palms together at chest in prayer position.
98,"Step 5: Press elbows into inner knees to open hips, gaze at the screen."
99,"Step 1: Start in standing forward position, facing the screen."
99,Step 2: Turn to the right so your right side faces the screen.
99,"Step 3: Sit and extend right leg to the side, foot flexed."
99,Step 4: Keep left knee bent and foot near hip.
99,"Step 5: Reach right arm to leg, left arm overhead toward the screen."
99,Step 6: Stretch side body and gaze at the screen.
100,"Step 1: Start in standing forward position, facing the screen."
100,Step 2: Turn to the left so your left side faces the screen.
100,"Step 3: Sit and extend left leg to the side, foot flexed."
100,Step 4: Keep right knee bent and foot near hip.
100,"Step 5: Reach left arm to leg, right arm overhead toward the screen."
100,Step 6: Stretch side body and gaze at the screen.
101,"Step 1: Start in standing forward position, facing the screen."
101,Step 2: Turn to the right so your right side faces the screen.
101,Step 3: Sit and extend left leg forward.
101,Step 4: Bend right knee and place foot outside left thigh.
101,Step 5: Hold left foot with right hand while twisting torso to the right.
101,"Step 6: Place left hand behind for support, gaze at the screen."
102,"Step 1: Start in standing forward position, facing the screen."
102,Step 2: Turn to the left so your left side faces the screen.
102,Step 3: Sit and extend right leg forward.
102,Step 4: Bend left knee and place foot outside right thigh.
102,Step 5: Hold right foot with left hand while twisting torso to the left.
102,"Step 6: Place right hand behind for support, gaze at the screen."
103,"Step 1: Start in standing forward position, facing the screen."
103,Step 2: Turn to the right so your right side faces the screen.
103,Step 3: Sit and extend left leg forward.
103,Step 4: Bend right knee and place foot against left inner thigh.
103,"Step 5: Fold torso forward over left leg, reaching hands to foot."
103,Step 6: Keep spine long and gaze softly toward the screen.
104,"Step 1: Start in standing forward position, facing the screen."
104,Step 2: Turn to the left so your left side faces the screen.
104,Step 3: Sit and extend right leg forward.
104,Step 4: Bend left knee and place foot against right inner thigh.
104,"Step 5: Fold torso forward over right leg, reaching hands to foot."
104,Step 6: Keep spine long and gaze softly toward the screen.
105,"Step 1: Start in standing forward position, facing the screen."
105,Step 2: Turn to the right so your right side faces the screen.
105,Step 3: Kneel down on the floor with knees together.
105,"Step 4: Slide feet apart wider than hips, tops of feet flat on the floor."
105,Step 5: Sit down between your heels with spine upright.
105,Step 6: Place hands on thighs and gaze at the screen.
106,"Step 1: Start in standing forward position, facing the screen."
106,Step 2: Turn to the left so your left side faces the screen.
106,Step 3: Kneel down on the floor with knees together.
106,"Step 4: Slide feet apart wider than hips, tops of feet flat on the floor."
106,Step 5: Sit down between your heels with spine upright.
106,Step 6: Place hands on thighs and gaze at the screen.
107,"Step 1: Start in standing forward position, facing the screen."
107,Step 2: Turn to the right so your right side faces the screen.
107,Step 3: Sit with both legs extended forward.
107,Step 4: Bend left knee and place left foot near left hip.
107,Step 5: Hold right foot with both hands and extend right leg upward.
107,Step 6: Keep spine long and gaze at the screen.
108,"Step 1: Start in standing forward position, facing the screen."
108,Step 2: Turn to the left so your left side faces the screen.
108,Step 3: Sit with both legs extended forward.
108,Step 4: Bend right knee and place right foot near right hip.
108,Step 5: Hold left foot with both hands and extend left leg upward.
108,Step 6: Keep spine long and gaze at the screen.
109,"Step 1: Start in standing forward position, facing the screen."
109,Step 2: Turn to the right so your right side faces the screen.
109,Step 3: Sit and extend both legs forward.
109,Step 4: Bend right knee and place right foot outside left thigh.
109,Step 5: Bend left knee and tuck left foot beside right hip.
109,"Step 6: Twist torso to the right, right hand on floor behind, left elbow outside right knee."
109,Step 7: Lift spine tall and gaze over right shoulder toward the screen.
110,"Step 1: Start in standing forward position, facing the screen."
110,Step 2: Turn to the left so your left side faces the screen.
110,Step 3: Sit and extend both legs forward.
110,Step 4: Bend left knee and place left foot outside right thigh.
110,Step 5: Bend right knee and tuck right foot beside left hip.
110,"Step 6: Twist torso to the left, left hand on floor behind, right elbow outside left knee."
110,Step 7: Lift spine tall and gaze over left shoulder toward the screen.
111,Step 1: Sit facing the screen with legs extended forward.
111,Step 2: Bend right knee and place right foot on left thigh.
111,Step 3: Bend left knee and place left foot on right thigh.
111,Step 4: Rest hands on knees with palms facing upward.
111,Step 5: Keep spine long and chest open.
111,Step 6: Gaze softly at the screen.
112,"Step 1: Start in standing forward position, facing the screen."
112,Step 2: Turn to the right so your right side faces the screen.
112,Step 3: Squat down with feet together and heels on the floor.
112,"Step 4: Twist torso to the right, wrapping arms around thighs."
112,Step 5: Clasp hands behind back if possible.
112,Step 6: Keep chest lifted and gaze at the screen.
113,"Step 1: Start in standing forward position, facing the screen."
113,Step 2: Turn to the left so your left side faces the screen.
113,Step 3: Squat down with feet together and heels on the floor.
113,"Step 4: Twist torso to the left, wrapping arms around thighs."
113,Step 5: Clasp hands behind back if possible.
113,Step 6: Keep chest lifted and gaze at the screen.
114,"Step 1: Start in standing forward position, facing the screen."
114,Step 2: Turn to the right so your right side faces the screen.
114,Step 3: Step left foot forward and place right knee on the floor in front.
114,Step 4: Extend left leg straight back with top of foot on floor.
114,"Step 5: Square hips to the screen, fold forward over right leg."
114,"Step 6: Stretch arms ahead and rest forehead down, gaze softly toward the screen."
115,"Step 1: Start in standing forward position, facing the screen."
115,Step 2: Turn to the left so your left side faces the screen.
115,Step 3: Step right foot forward and place left knee on the floor in front.
115,Step 4: Extend right leg straight back with top of foot on floor.
115,"Step 5: Square hips to the screen, fold forward over left leg."
115,"Step 6: Stretch arms ahead and rest forehead down, gaze softly toward the screen."
116,"Step 1: Start in standing forward position, facing the screen."
116,Step 2: Turn to the right so your right side faces the screen.
116,Step 3: Sit with legs extended forward.
116,Step 4: Lift right shin and cradle it in both arms like holding a baby.
116,"Step 5: Rock gently side to side, keeping spine tall."
116,Step 6: Smile softly and gaze at the screen.
117,"Step 1: Start in standing forward position, facing the screen."
117,Step 2: Turn to the left so your left side faces the screen.
117,Step 3: Sit with legs extended forward.
117,Step 4: Lift left shin and cradle it in both arms like holding a baby.
117,"Step 5: Rock gently side to side, keeping spine tall."
117,Step 6: Smile softly and gaze at the screen.
118,"Step 1: Start in standing forward position, facing the screen."
118,Step 2: Turn to the right so your right side faces the screen.
118,Step 3: Sit with legs extended forward.
118,Step 4: Bend right knee and place right foot flat near right hip.
118,Step 5: Fold torso forward over left leg while holding foot or shin.
118,Step 6: Keep chest broad and gaze softly at the screen.
119,"Step 1: Start in standing forward position, facing the screen."
119,Step 2: Turn to the left so your left side faces the screen.
119,Step 3: Sit with legs extended forward.
119,Step 4: Bend left knee and place left foot flat near left hip.
119,Step 5: Fold torso forward over right leg while holding foot or shin.
119,Step 6: Keep chest broad and gaze softly at the screen.
120,"Step 1: Start in standing forward position, facing the screen."
120,Step 2: Turn to the right so your right side faces the screen.
120,Step 3: Sit with legs extended forward.
120,Step 4: Bend right knee and place right foot flat near left thigh.
120,"Step 5: Twist torso to the right, placing right hand behind and left elbow outside right knee."
120,Step 6: Lift spine tall and gaze over right shoulder toward the screen.
121,"Step 1: Start in standing forward position, facing the screen."
121,Step 2: Turn to the left so your left side faces the screen.
121,Step 3: Sit with legs extended forward.
121,Step 4: Bend left knee and place left foot flat near right thigh.
121,"Step 5: Twist torso to the left, placing left hand behind and right elbow outside left knee."
121,Step 6: Lift spine tall and gaze over left shoulder toward the screen.
122,"Step 1: Start in standing forward position, facing the screen."
122,Step 2: Turn to the right so your right side faces the screen.
122,Step 3: Step feet wide apart.
122,"Step 4: Bend left knee deeply, lowering hips while keeping right leg straight."
122,Step 5: Hands can rest on floor or at chest.
122,Step 6: Keep chest lifted and gaze toward the screen.
123,"Step 1: Start in standing forward position, facing the screen."
123,Step 2: Turn to the left so your left side faces the screen.
123,Step 3: Step feet wide apart.
123,"Step 4: Bend right knee deeply, lowering hips while keeping left leg straight."
123,Step 5: Hands can rest on floor or at chest.
123,Step 6: Keep chest lifted and gaze toward the screen.
124,"Step 1: Start in standing forward position, facing the screen."
124,Step 2: Turn to the right so your right side faces the screen.
124,"Step 3: Step left foot forward, keeping right leg extended back."
124,"Step 4: Lower hips gently, sliding left foot forward into splits."
124,Step 5: Place hands on floor or blocks beside hips.
124,Step 6: Keep chest lifted and gaze at the screen.
125,"Step 1: Start in standing forward position, facing the screen."
125,Step 2: Turn to the left so your left side faces the screen.
125,"Step 3: Step right foot forward, keeping left leg extended back."
125,"Step 4: Lower hips gently, sliding right foot forward into splits."
125,Step 5: Place hands on floor or blocks beside hips.
125,Step 6: Keep chest lifted and gaze at the screen.
126,"Step 1: Start in standing forward position, facing the screen."
126,Step 2: Step feet wide apart with toes pointing forward.
126,Step 3: Slide legs outward as far as comfortable.
126,Step 4: Place hands on floor in front for support.
126,Step 5: Keep spine tall and gaze softly toward the screen.
127,"Step 1: Start in standing forward position, facing the screen."
127,Step 2: Turn to the right so your right side faces the screen.
127,"Step 3: Sit with legs extended straight forward, feet flexed."
127,"Step 4: Place hands on floor beside hips, arms straight."
127,"Step 5: Lift chest tall, spine upright, and gaze at the screen."
128,"Step 1: Start in standing forward position, facing the screen."
128,Step 2: Turn to the left so your left side faces the screen.
128,"Step 3: Sit with legs extended straight forward, feet flexed."
128,"Step 4: Place hands on floor beside hips, arms straight."
128,"Step 5: Lift chest tall, spine upright, and gaze at the screen."
129,"Step 1: Start in standing forward position, facing the screen."
129,Step 2: Turn to the right so your right side faces the screen.
129,Step 3: Kneel on the floor with knees and feet together.
129,Step 4: Sit back on your heels with spine upright.
129,"Step 5: Rest hands on thighs, palms down."
129,Step 6: Keep chest lifted and gaze at the screen.
130,"Step 1: Start in standing forward position, facing the screen."
130,Step 2: Turn to the left so your left side faces the screen.
130,Step 3: Kneel on the floor with knees and feet together.
130,Step 4: Sit back on your heels with spine upright.
130,"Step 5: Rest hands on thighs, palms down."
130,Step 6: Keep chest lifted and gaze at the screen.
131,"Step 1: Start in standing forward position, facing the screen."
131,Step 2: Turn to the right so your right side faces the screen.
131,Step 3: Lie on your back with legs extended forward.
131,Step 4: Walk feet and upper body slightly to the right to form a curved shape.
131,Step 5: Extend arms overhead and clasp hands together.
131,Step 6: Keep hips grounded and gaze softly upward toward the screen.
132,"Step 1: Start in standing forward position, facing the screen."
132,Step 2: Turn to the left so your left side faces the screen.
132,Step 3: Lie on your back with legs extended forward.
132,Step 4: Walk feet and upper body slightly to the left to form a curved shape.
132,Step 5: Extend arms overhead and clasp hands together.
132,Step 6: Keep hips grounded and gaze softly upward toward the screen.
133,"Step 1: Start in standing forward position, facing the screen."
133,Step 2: Turn to the right so your right side faces the screen.
133,"Step 3: Lie on your back with knees bent and feet flat, hip-width apart."
133,Step 4: Press feet into the mat and lift hips upward.
133,Step 5: Clasp hands under your back and roll shoulders together.
133,Step 6: Keep chest lifted and gaze upward toward the screen.
134,"Step 1: Start in standing forward position, facing the screen."
134,Step 2: Turn to the left so your left side faces the screen.
134,"Step 3: Lie on your back with knees bent and feet flat, hip-width apart."
134,Step 4: Press feet into the mat and lift hips upward.
134,Step 5: Clasp hands under your back and roll shoulders together.
134,Step 6: Keep chest lifted and gaze upward toward the screen.
135,"Step 1: Start in standing forward position, facing the screen."
135,Step 2: Turn to the right so your right side faces the screen.
135,Step 3: Lie flat on your back with legs extended.
135,"Step 4: Arms rest by your sides, palms facing upward."
135,"Step 5: Close your eyes, relax the body completely."
135,"Step 6: Breathe naturally while staying still, facing the screen."
136,"Step 1: Start in standing forward position, facing the screen."
136,Step 2: Turn to the left so your left side faces the screen.
136,Step 3: Lie flat on your back with legs extended.
136,"Step 4: Arms rest by your sides, palms facing upward."
136,"Step 5: Close your eyes, relax the body completely."
136,"Step 6: Breathe naturally while staying still, facing the screen."
137,"Step 1: Start in standing forward position, facing the screen."
137,Step 2: Turn to the right so your right side faces the screen.
137,Step 3: Lie on your back with legs extended.
137,"Step 4: Lift chest upward, arching back, and rest crown of head on the mat."
137,Step 5: Place hands under hips with palms down.
137,"Step 6: Keep throat open, chest expanded, gaze toward the screen."
138,"Step 1: Start in standing forward position, facing the screen."
138,Step 2: Turn to the left so your left side faces the screen.
138,Step 3: Lie on your back with legs extended.
138,"Step 4: Lift chest upward, arching back, and rest crown of head on the mat."
138,Step 5: Place hands under hips with palms down.
138,"Step 6: Keep throat open, chest expanded, gaze toward the screen."
139,"Step 1: Start in standing forward position, facing the screen."
139,Step 2: Turn to the right so your right side faces the screen.
139,Step 3: Lie flat on your back with both legs extended.
139,Step 4: Lift right leg up toward the head.
139,"Step 5: Hold right foot with both hands, gently drawing it closer."
139,Step 6: Keep left leg extended and gaze softly upward toward the screen.
140,"Step 1: Start in standing forward position, facing the screen."
140,Step 2: Turn to the left so your left side faces the screen.
140,Step 3: Lie flat on your back with both legs extended.
140,Step 4: Lift left leg up toward the head.
140,"Step 5: Hold left foot with both hands, gently drawing it closer."
140,Step 6: Keep right leg extended and gaze softly upward toward the screen.
141,"Step 1: Start in standing forward position, facing the screen."
141,Step 2: Turn to the right so your right side faces the screen.
141,Step 3: Lie flat on your back with both legs extended.
141,Step 4: Lift right leg straight up and hold big toe with right hand.
141,"Step 5: Keep left leg extended on floor, press thigh down."
141,Step 6: Gaze softly upward toward the screen.
142,"Step 1: Start in standing forward position, facing the screen."
142,Step 2: Turn to the left so your left side faces the screen.
142,Step 3: Lie flat on your back with both legs extended.
142,Step 4: Lift left leg straight up and hold big toe with left hand.
142,"Step 5: Keep right leg extended on floor, press thigh down."
142,Step 6: Gaze softly upward toward the screen.
143,"Step 1: Start in standing forward position, facing the screen."
143,Step 2: Turn to the right so your right side faces the screen.
143,Step 3: Lie on your back and bend both knees toward chest.
143,Step 4: Hold outsides of feet with both hands.
143,"Step 5: Open knees wider than torso, feet flexed."
143,"Step 6: Rock gently side to side, gaze toward the screen."
144,"Step 1: Start in standing forward position, facing the screen."
144,Step 2: Turn to the left so your left side faces the screen.
144,Step 3: Lie on your back and bend both knees toward chest.
144,Step 4: Hold outsides of feet with both hands.
144,"Step 5: Open knees wider than torso, feet flexed."
144,"Step 6: Rock gently side to side, gaze toward the screen."
145,"Step 1: Start in standing forward position, facing the screen."
145,Step 2: Turn to the right so your right side faces the screen.
145,Step 3: Lie on your back and draw both knees toward chest.
145,"Step 4: Bring feet behind head if possible, crossing ankles."
145,Step 5: Wrap arms around legs to hold them in place.
145,"Step 6: Relax head and neck, gaze softly toward the screen."
146,"Step 1: Start in standing forward position, facing the screen."
146,Step 2: Turn to the left so your left side faces the screen.
146,Step 3: Lie on your back and draw both knees toward chest.
146,"Step 4: Bring feet behind head if possible, crossing ankles."
146,Step 5: Wrap arms around legs to hold them in place.
146,"Step 6: Relax head and neck, gaze softly toward the screen."
147,"Step 1: Start in standing forward position, facing the screen."
147,Step 2: Turn to the right so your right side faces the screen.
147,Step 3: Lie flat on your back with legs extended upward.
147,Step 4: Open both legs wide into a straddle.
147,Step 5: Hold legs with hands or let them stretch freely.
147,Step 6: Keep back grounded and gaze upward toward the screen.
148,"Step 1: Start in standing forward position, facing the screen."
148,Step 2: Turn to the left so your left side faces the screen.
148,Step 3: Lie flat on your back with legs extended upward.
148,Step 4: Open both legs wide into a straddle.
148,Step 5: Hold legs with hands or let them stretch freely.
148,Step 6: Keep back grounded and gaze upward toward the screen.
149,"Step 1: Start in standing forward position, facing the screen."
149,Step 2: Turn to the right so your right side faces the screen.
149,Step 3: Lie on your back with legs extended upward.
149,Step 4: Place arms by sides with palms facing down.
149,"Step 5: Relax shoulders, keep legs vertical."
149,Step 6: Breathe steadily and gaze upward toward the screen.
150,"Step 1: Start in standing forward position, facing the screen."
150,Step 2: Turn to the left so your left side faces the screen.
150,Step 3: Lie on your back with legs extended upward.
150,Step 4: Place arms by sides with palms facing down.
150,"Step 5: Relax shoulders, keep legs vertical."
150,Step 6: Breathe steadily and gaze upward toward the screen.
151,"Step 1: Start in standing forward position, facing the screen."
151,Step 2: Turn to the right so your right side faces the screen.
151,Step 3: Lie on your back and bend right knee toward chest.
151,Step 4: Clasp hands around right shin and pull it closer.
151,Step 5: Keep left leg extended on floor.
151,Step 6: Relax shoulders and gaze upward toward the screen.
152,"Step 1: Start in standing forward position, facing the screen."
152,Step 2: Turn to the left so your left side faces the screen.
152,Step 3: Lie on your back and bend left knee toward chest.
152,Step 4: Clasp hands around left shin and pull it closer.
152,Step 5: Keep right leg extended on floor.
152,Step 6: Relax shoulders and gaze upward toward the screen.
153,"Step 1: Start in standing forward position, facing the screen."
153,Step 2: Turn to the right so your right side faces the screen.
153,Step 3: Lie on your stomach with arms by sides.
153,Step 4: Bend knees and reach hands back to hold ankles.
153,Step 5: Press feet into hands and lift chest upward.
153,Step 6: Keep gaze forward toward the screen.
154,"Step 1: Start in standing forward position, facing the screen."
154,Step 2: Turn to the left so your left side faces the screen.
154,Step 3: Lie on your stomach with arms by sides.
154,Step 4: Bend knees and reach hands back to hold ankles.
154,Step 5: Press feet into hands and lift chest upward.
154,Step 6: Keep gaze forward toward the screen.
155,"Step 1: Start in standing forward position, facing the screen."
155,Step 2: Turn to the right so your right side faces the screen.
155,Step 3: Lie on your stomach with arms extended forward.
155,Step 4: Bend right knee and reach back with right hand to hold ankle.
155,Step 5: Lift chest and left arm upward while holding ankle.
155,Step 6: Keep gaze toward the screen.
156,"Step 1: Start in standing forward position, facing the screen."
156,Step 2: Turn to the left so your left side faces the screen.
156,Step 3: Lie on your stomach with arms extended forward.
156,Step 4: Bend left knee and reach back with left hand to hold ankle.
156,Step 5: Lift chest and right arm upward while holding ankle.
156,Step 6: Keep gaze toward the screen.
157,"Step 1: Start in standing forward position, facing the screen."
157,Step 2: Turn to the right so your right side faces the screen.
157,"Step 3: Kneel on the floor, sit back on heels."
157,"Step 4: Fold forward, bringing chest to thighs and forehead to floor."
157,Step 5: Arms extend forward or rest by sides.
157,"Step 6: Relax body completely, gaze softly at the screen."
158,"Step 1: Start in standing forward position, facing the screen."
158,Step 2: Turn to the left so your left side faces the screen.
158,"Step 3: Kneel on the floor, sit back on heels."
158,"Step 4: Fold forward, bringing chest to thighs and forehead to floor."
158,Step 5: Arms extend forward or rest by sides.
158,"Step 6: Relax body completely, gaze softly at the screen."
159,"Step 1: Start in standing forward position, facing the screen."
159,Step 2: Turn to the right so your right side faces the screen.
159,"Step 3: Lie on your stomach with legs extended back, tops of feet on floor."
159,"Step 4: Place palms under shoulders, elbows close to ribs."
159,Step 5: Press palms into floor and lift chest upward.
159,Step 6: Keep gaze slightly upward toward the screen.
160,"Step 1: Start in standing forward position, facing the screen."
160,Step 2: Turn to the left so your left side faces the screen.
160,"Step 3: Lie on your stomach with legs extended back, tops of feet on floor."
160,"Step 4: Place palms under shoulders, elbows close to ribs."
160,Step 5: Press palms into floor and lift chest upward.
160,Step 6: Keep gaze slightly upward toward the screen.
161,"Step 1: Start in standing forward position, facing the screen."
161,Step 2: Turn to the right so your right side faces the screen.
161,Step 3: Lie flat on your stomach with arms by sides.
161,"Step 4: Rest cheek on the mat, eyes closed."
161,Step 5: Relax body completely and breathe naturally.
161,"Step 6: Stay still, gaze softly toward the screen when eyes open."
162,"Step 1: Start in standing forward position, facing the screen."
162,Step 2: Turn to the left so your left side faces the screen.
162,Step 3: Lie flat on your stomach with arms by sides.
162,"Step 4: Rest cheek on the mat, eyes closed."
162,Step 5: Relax body completely and breathe naturally.
162,"Step 6: Stay still, gaze softly toward the screen when eyes open."
163,"Step 1: Start in standing forward position, facing the screen."
163,Step 2: Turn to the right so your right side faces the screen.
163,Step 3: Come onto hands and knees in tabletop position.
163,Step 4: Walk hands forward and lower chest toward the floor.
163,"Step 5: Keep hips over knees, arms extended."
163,"Step 6: Rest forehead or chin on mat, gaze toward the screen."
164,"Step 1: Start in standing forward position, facing the screen."
164,Step 2: Turn to the left so your left side faces the screen.
164,Step 3: Come onto hands and knees in tabletop position.
164,Step 4: Walk hands forward and lower chest toward the floor.
164,"Step 5: Keep hips over knees, arms extended."
164,"Step 6: Rest forehead or chin on mat, gaze toward the screen."
165,"Step 1: Start in standing forward position, facing the screen."
165,Step 2: Turn to the right so your right side faces the screen.
165,Step 3: Come onto hands and knees with knees wide apart.
165,Step 4: Lower forearms to the floor for support.
165,Step 5: Flex feet and press inner edges outward.
165,Step 6: Keep hips aligned with knees and gaze at the screen.
166,"Step 1: Start in standing forward position, facing the screen."
166,Step 2: Turn to the left so your left side faces the screen.
166,Step 3: Come onto hands and knees with knees wide apart.
166,Step 4: Lower forearms to the floor for support.
166,Step 5: Flex feet and press inner edges outward.
166,Step 6: Keep hips aligned with knees and gaze at the screen.
167,"Step 1: Start in standing forward position, facing the screen."
167,Step 2: Turn to the right so your right side faces the screen.
167,Step 3: Lie on your stomach with arms along the body.
167,"Step 4: Lift head, chest, arms, and legs off the floor."
167,Step 5: Keep legs straight and arms reaching back.
167,Step 6: Gaze slightly forward at the screen.
168,"Step 1: Start in standing forward position, facing the screen."
168,Step 2: Turn to the left so your left side faces the screen.
168,Step 3: Lie on your stomach with arms along the body.
168,"Step 4: Lift head, chest, arms, and legs off the floor."
168,Step 5: Keep legs straight and arms reaching back.
168,Step 6: Gaze slightly forward at the screen.
169,"Step 1: Start in standing forward position, facing the screen."
169,Step 2: Turn to the right so your right side faces the screen.
169,Step 3: Lie on your stomach with arms extended forward.
169,"Step 4: Lift head, chest, arms, and legs off the floor."
169,Step 5: Reach arms forward while legs extend back.
169,Step 6: Keep gaze at the screen.
170,"Step 1: Start in standing forward position, facing the screen."
170,Step 2: Turn to the left so your left side faces the screen.
170,Step 3: Lie on your stomach with arms extended forward.
170,"Step 4: Lift head, chest, arms, and legs off the floor."
170,Step 5: Reach arms forward while legs extend back.
170,Step 6: Keep gaze at the screen.
171,"Step 1: Start in standing forward position, facing the screen."
171,Step 2: Turn to the right so your right side faces the screen.
171,Step 3: Lie on your stomach with arms stretched sideways.
171,"Step 4: Lift head, chest, arms, and legs off the floor."
171,Step 5: Extend through fingertips and toes.
171,Step 6: Keep gaze at the screen.
172,"Step 1: Start in standing forward position, facing the screen."
172,Step 2: Turn to the left so your left side faces the screen.
172,Step 3: Lie on your stomach with arms stretched sideways.
172,"Step 4: Lift head, chest, arms, and legs off the floor."
172,Step 5: Extend through fingertips and toes.
172,Step 6: Keep gaze at the screen.
173,"Step 1: Start in standing forward position, facing the screen."
173,Step 2: Turn to the right so your right side faces the screen.
173,Step 3: Sit with legs extended straight forward.
173,Step 4: Bend knees and bring feet near the groin.
173,Step 5: Thread arms under legs and clasp hands behind back.
173,"Step 6: Fold forward slightly, gaze at the screen."
174,"Step 1: Start in standing forward position, facing the screen."
174,Step 2: Turn to the left so your left side faces the screen.
174,Step 3: Sit with legs extended straight forward.
174,Step 4: Bend knees and bring feet near the groin.
174,Step 5: Thread arms under legs and clasp hands behind back.
174,"Step 6: Fold forward slightly, gaze at the screen."
175,"Step 1: Start in standing forward position, facing the screen."
175,Step 2: Turn to the right so your right side faces the screen.
175,Step 3: Lie on your stomach with legs extended back.
175,Step 4: Place palms beside chest and press down.
175,Step 5: Lift chest and extend arms partially.
175,Step 6: Keep elbows bent and gaze at the screen.
176,"Step 1: Start in standing forward position, facing the screen."
176,Step 2: Turn to the left so your left side faces the screen.
176,Step 3: Lie on your stomach with legs extended back.
176,Step 4: Place palms beside chest and press down.
176,Step 5: Lift chest and extend arms partially.
176,Step 6: Keep elbows bent and gaze at the screen.
177,"Step 1: Start in standing forward position, facing the screen."
177,Step 2: Turn to the right so your right side faces the screen.
177,Step 3: Lie on your stomach with forearms on the floor.
177,"Step 4: Elbows under shoulders, forearms parallel."
177,Step 5: Lift chest and press pubic bone into mat.
177,Step 6: Gaze slightly forward toward the screen.
178,"Step 1: Start in standing forward position, facing the screen."
178,Step 2: Turn to the left so your left side faces the screen.
178,Step 3: Lie on your stomach with forearms on the floor.
178,"Step 4: Elbows under shoulders, forearms parallel."
178,Step 5: Lift chest and press pubic bone into mat.
178,Step 6: Gaze slightly forward toward the screen.
179,"Step 1: Start in standing forward position, facing the screen."
179,Step 2: Turn to the right so your right side faces the screen.
179,Step 3: Sit with legs wide apart.
179,Step 4: Bend knees slightly and slide arms under thighs.
179,"Step 5: Fold torso forward, resting chin on floor if possible."
179,Step 6: Keep gaze at the screen.
180,"Step 1: Start in standing forward position, facing the screen."
180,Step 2: Turn to the left so your left side faces the screen.
180,Step 3: Sit with legs wide apart.
180,Step 4: Bend knees slightly and slide arms under thighs.
180,"Step 5: Fold torso forward, resting chin on floor if possible."
180,Step 6: Keep gaze at the screen.
181,"Step 1: Start in standing forward position, facing the screen."
181,Step 2: Turn to the right so your right side faces the screen.
181,Step 3: Come onto hands and knees in tabletop position.
181,"Step 4: Keep wrists under shoulders, knees under hips."
181,Step 5: Maintain flat back and steady gaze at the screen.
182,"Step 1: Start in standing forward position, facing the screen."
182,Step 2: Turn to the left so your left side faces the screen.
182,Step 3: Come onto hands and knees in tabletop position.
182,"Step 4: Keep wrists under shoulders, knees under hips."
182,Step 5: Maintain flat back and steady gaze at the screen.
183,"Step 1: Start in standing forward position, facing the screen."
183,Step 2: Turn to the right so your right side faces the screen.
183,Step 3: Kneel on floor with knees hip-width apart.
183,Step 4: Place hands on lower back or heels.
183,"Step 5: Lift chest, arch back, and let head fall back."
183,Step 6: Keep thighs vertical and gaze upward toward the screen.
184,"Step 1: Start in standing forward position, facing the screen."
184,Step 2: Turn to the left so your left side faces the screen.
184,Step 3: Kneel on floor with knees hip-width apart.
184,Step 4: Place hands on lower back or heels.
184,"Step 5: Lift chest, arch back, and let head fall back."
184,Step 6: Keep thighs vertical and gaze upward toward the screen.
185,"Step 1: Start in standing forward position, facing the screen."
185,Step 2: Turn to the right so your right side faces the screen.
185,Step 3: Come onto hands and knees with wrists under shoulders.
185,"Step 4: Round back upward, tucking chin to chest."
185,"Step 5: Press hands into floor, stretch spine fully."
185,Step 6: Gaze softly toward the screen.
186,"Step 1: Start in standing forward position, facing the screen."
186,Step 2: Turn to the left so your left side faces the screen.
186,Step 3: Come onto hands and knees with wrists under shoulders.
186,"Step 4: Round back upward, tucking chin to chest."
186,"Step 5: Press hands into floor, stretch spine fully."
186,Step 6: Gaze softly toward the screen.
187,"Step 1: Start in standing forward position, facing the screen."
187,Step 2: Turn to the right so your right side faces the screen.
187,Step 3: Come onto hands and knees with wrists under shoulders.
187,"Step 4: Arch back, drop belly, and lift chest upward."
187,Step 5: Gaze forward toward the screen.
188,"Step 1: Start in standing forward position, facing the screen."
188,Step 2: Turn to the left so your left side faces the screen.
188,Step 3: Come onto hands and knees with wrists under shoulders.
188,"Step 4: Arch back, drop belly, and lift chest upward."
188,Step 5: Gaze forward toward the screen.
189,"Step 1: Start in standing forward position, facing the screen."
189,Step 2: Turn to the right so your right side faces the screen.
189,"Step 3: Come onto hands and knees, lower forearms to floor."
189,"Step 4: Lift hips upward, straightening legs into an inverted V."
189,Step 5: Keep forearms pressing into mat and head relaxed.
189,Step 6: Gaze at the screen through legs.
190,"Step 1: Start in standing forward position, facing the screen."
190,Step 2: Turn to the left so your left side faces the screen.
190,"Step 3: Come onto hands and knees, lower forearms to floor."
190,"Step 4: Lift hips upward, straightening legs into an inverted V."
190,Step 5: Keep forearms pressing into mat and head relaxed.
190,Step 6: Gaze at the screen through legs.
191,"Step 1: Start in standing forward position, facing the screen."
191,Step 2: Turn to the right so your right side faces the screen.
191,Step 3: Come onto hands and knees with wrists under shoulders.
191,"Step 4: Lift hips upward, straighten legs into an inverted V."
191,Step 5: Press heels toward floor and stretch arms long.
191,"Step 6: Relax head between arms, gaze toward the screen."
192,"Step 1: Start in standing forward position, facing the screen."
192,Step 2: Turn to the left so your left side faces the screen.
192,Step 3: Come onto hands and knees with wrists under shoulders.
192,"Step 4: Lift hips upward, straighten legs into an inverted V."
192,Step 5: Press heels toward floor and stretch arms long.
192,"Step 6: Relax head between arms, gaze toward the screen."
193,"Step 1: Start in standing forward position, facing the screen."
193,Step 2: Turn to the right so your right side faces the screen.
193,"Step 3: Lie face down with chin, chest, knees, and toes on floor."
193,Step 4: Keep hips lifted slightly.
193,Step 5: Elbows bent close to ribs.
193,Step 6: Gaze forward toward the screen.
194,"Step 1: Start in standing forward position, facing the screen."
194,Step 2: Turn to the left so your left side faces the screen.
194,"Step 3: Lie face down with chin, chest, knees, and toes on floor."
194,Step 4: Keep hips lifted slightly.
194,Step 5: Elbows bent close to ribs.
194,Step 6: Gaze forward toward the screen.
195,"Step 1: Start in standing forward position, facing the screen."
195,Step 2: Turn to the right so your right side faces the screen.
195,"Step 3: Step left foot forward, keeping right leg extended back."
195,Step 4: Bend left knee slightly and hinge forward.
195,Step 5: Extend arms back alongside hips or clasped.
195,Step 6: Gaze at the screen while balancing.
196,"Step 1: Start in standing forward position, facing the screen."
196,Step 2: Turn to the left so your left side faces the screen.
196,"Step 3: Step right foot forward, keeping left leg extended back."
196,Step 4: Bend right knee slightly and hinge forward.
196,Step 5: Extend arms back alongside hips or clasped.
196,Step 6: Gaze at the screen while balancing.
197,"Step 1: Start in standing forward position, facing the screen."
197,Step 2: Turn to the right so your right side faces the screen.
197,Step 3: Kneel on the floor with knees hip-width apart.
197,Step 4: Extend right leg to the side with foot flat.
197,Step 5: Stretch arms out to sides and lean torso right.
197,"Step 6: Rest right hand on leg, extend left arm overhead, gaze at the screen."
198,"Step 1: Start in standing forward position, facing the screen."
198,Step 2: Turn to the left so your left side faces the screen.
198,Step 3: Kneel on the floor with knees hip-width apart.
198,Step 4: Extend left leg to the side with foot flat.
198,Step 5: Stretch arms out to sides and lean torso left.
198,"Step 6: Rest left hand on leg, extend right arm overhead, gaze at the screen."
199,"Step 1: Start in standing forward position, facing the screen."
199,Step 2: Turn to the right so your right side faces the screen.
199,"Step 3: Step feet wide apart, toes pointing outward."
199,"Step 4: Bend knees deeply, lowering hips toward floor."
199,Step 5: Bring palms together at chest or extend arms.
199,Step 6: Keep spine upright and gaze at the screen.
200,"Step 1: Start in standing forward position, facing the screen."
200,Step 2: Turn to the left so your left side faces the screen.
200,"Step 3: Step feet wide apart, toes pointing outward."
200,"Step 4: Bend knees deeply, lowering hips toward floor."
200,Step 5: Bring palms together at chest or extend arms.
200,Step 6: Keep spine upright and gaze at the screen.
201,"Step 1: Start in standing forward position, facing the screen."
201,Step 2: Turn to the right so your right side faces the screen.
201,Step 3: Step left foot forward and bend left knee.
201,Step 4: Place both hands on floor inside left foot.
201,"Step 5: Extend right leg back, hips low."
201,Step 6: Keep gaze forward at the screen.
202,"Step 1: Start in standing forward position, facing the screen."
202,Step 2: Turn to the left so your left side faces the screen.
202,Step 3: Step right foot forward and bend right knee.
202,Step 4: Place both hands on floor inside right foot.
202,"Step 5: Extend left leg back, hips low."
202,Step 6: Keep gaze forward at the screen.
203,"Step 1: Start in standing forward position, facing the screen."
203,Step 2: Turn to the right so your right side faces the screen.
203,Step 3: Step left foot forward and bend left knee.
203,Step 4: Extend right leg back with toes tucked.
203,Step 5: Place hands on floor or thigh for support.
203,"Step 6: Keep chest lifted, gaze at the screen."
204,"Step 1: Start in standing forward position, facing the screen."
204,Step 2: Turn to the left so your left side faces the screen.
204,Step 3: Step right foot forward and bend right knee.
204,Step 4: Extend left leg back with toes tucked.
204,Step 5: Place hands on floor or thigh for support.
204,"Step 6: Keep chest lifted, gaze at the screen."
205,"Step 1: Start in standing forward position, facing the screen."
205,Step 2: Turn to the right so your right side faces the screen.
205,Step 3: Step left foot forward and bend left knee.
205,Step 4: Twist torso to the left side.
205,Step 5: Place hands on floor or in prayer position.
205,"Step 6: Keep chest lifted, gaze at the screen."
206,"Step 1: Start in standing forward position, facing the screen."
206,Step 2: Turn to the left so your left side faces the screen.
206,Step 3: Step right foot forward and bend right knee.
206,Step 4: Twist torso to the right side.
206,Step 5: Place hands on floor or in prayer position.
206,"Step 6: Keep chest lifted, gaze at the screen."
207,"Step 1: Start in standing forward position, facing the screen."
207,Step 2: Turn to the right so your right side faces the screen.
207,"Step 3: Step left foot forward, bend knee, and place shin on mat."
207,"Step 4: Extend right leg back, top of foot on floor."
207,Step 5: Square hips and lower torso over front leg.
207,"Step 6: Rest forearms or chest on floor, gaze at the screen."
208,"Step 1: Start in standing forward position, facing the screen."
208,Step 2: Turn to the left so your left side faces the screen.
208,"Step 3: Step right foot forward, bend knee, and place shin on mat."
208,"Step 4: Extend left leg back, top of foot on floor."
208,Step 5: Square hips and lower torso over front leg.
208,"Step 6: Rest forearms or chest on floor, gaze at the screen."
209,"Step 1: Start in standing forward position, facing the screen."
209,Step 2: Turn to the right so your right side faces the screen.
209,Step 3: Come onto hands and toes with body in a straight line.
209,Step 4: Keep wrists under shoulders and engage core.
209,"Step 5: Hold steady, gaze slightly forward toward the screen."
210,"Step 1: Start in standing forward position, facing the screen."
210,Step 2: Turn to the left so your left side faces the screen.
210,Step 3: Come onto hands and toes with body in a straight line.
210,Step 4: Keep wrists under shoulders and engage core.
210,"Step 5: Hold steady, gaze slightly forward toward the screen."
211,"Step 1: Start in standing forward position, facing the screen."
211,Step 2: Turn to the right so your right side faces the screen.
211,"Step 3: Sit with legs extended forward, hands behind hips."
211,"Step 4: Press hands and feet into floor, lifting hips upward."
211,"Step 5: Keep body in straight line, chest open, gaze upward to screen."
212,"Step 1: Start in standing forward position, facing the screen."
212,Step 2: Turn to the left so your left side faces the screen.
212,"Step 3: Sit with legs extended forward, hands behind hips."
212,"Step 4: Press hands and feet into floor, lifting hips upward."
212,"Step 5: Keep body in straight line, chest open, gaze upward to screen."
213,"Step 1: Start in standing forward position, facing the screen."
213,Step 2: Turn to the right so your right side faces the screen.
213,Step 3: Come into plank position with wrists under shoulders.
213,"Step 4: Bend elbows close to ribs, lowering halfway down."
213,"Step 5: Keep body straight, elbows at right angles."
213,Step 6: Gaze slightly forward at the screen.
214,"Step 1: Start in standing forward position, facing the screen."
214,Step 2: Turn to the left so your left side faces the screen.
214,Step 3: Come into plank position with wrists under shoulders.
214,"Step 4: Bend elbows close to ribs, lowering halfway down."
214,"Step 5: Keep body straight, elbows at right angles."
214,Step 6: Gaze slightly forward at the screen.
215,"Step 1: Start in standing forward position, facing the screen."
215,Step 2: Turn to the right so your right side faces the screen.
215,"Step 3: Sit on heels, tuck chin to chest."
215,Step 4: Fold forward placing crown of head on mat.
215,"Step 5: Lift hips upward, arms reaching back."
215,Step 6: Keep gaze toward knees or screen.
216,"Step 1: Start in standing forward position, facing the screen."
216,Step 2: Turn to the left so your left side faces the screen.
216,"Step 3: Sit on heels, tuck chin to chest."
216,Step 4: Fold forward placing crown of head on mat.
216,"Step 5: Lift hips upward, arms reaching back."
216,Step 6: Keep gaze toward knees or screen.
217,"Step 1: Start in standing forward position, facing the screen."
217,Step 2: Turn to the right so your right side faces the screen.
217,Step 3: Step left foot forward and bend knee.
217,"Step 4: Slide right arm under left thigh, placing hand on floor."
217,"Step 5: Extend left arm upward, reaching to screen."
217,"Step 6: Straighten left leg while balancing, gaze upward."
218,"Step 1: Start in standing forward position, facing the screen."
218,Step 2: Turn to the left so your left side faces the screen.
218,Step 3: Step right foot forward and bend knee.
218,"Step 4: Slide left arm under right thigh, placing hand on floor."
218,"Step 5: Extend right arm upward, reaching to screen."
218,"Step 6: Straighten right leg while balancing, gaze upward."
219,"Step 1: Start in standing forward position, facing the screen."
219,Step 2: Turn to the right so your right side faces the screen.
219,"Step 3: From plank, shift weight to right hand."
219,Step 4: Rotate body to stack feet and extend left arm upward.
219,"Step 5: Keep hips lifted, body in straight line."
219,Step 6: Gaze upward or at the screen.
220,"Step 1: Start in standing forward position, facing the screen."
220,Step 2: Turn to the left so your left side faces the screen.
220,"Step 3: From plank, shift weight to left hand."
220,Step 4: Rotate body to stack feet and extend right arm upward.
220,"Step 5: Keep hips lifted, body in straight line."
220,Step 6: Gaze upward or at the screen.
221,"Step 1: Start in standing forward position, facing the screen."
221,Step 2: Turn to the right so your right side faces the screen.
221,"Step 3: Lie on back, bend knees, place feet on floor."
221,"Step 4: Place hands by ears, fingers pointing toward shoulders."
221,"Step 5: Press into hands and feet, lifting body upward."
221,"Step 6: Straighten arms and legs, chest open to screen."
222,"Step 1: Start in standing forward position, facing the screen."
222,Step 2: Turn to the left so your left side faces the screen.
222,"Step 3: Lie on back, bend knees, place feet on floor."
222,"Step 4: Place hands by ears, fingers pointing toward shoulders."
222,"Step 5: Press into hands and feet, lifting body upward."
222,"Step 6: Straighten arms and legs, chest open to screen."
223,"Step 1: Start in standing forward position, facing the screen."
223,Step 2: Turn to the right so your right side faces the screen.
223,Step 3: Kneel on floor with thighs vertical.
223,Step 4: Lean back and place hands on ankles.
223,"Step 5: Lift chest upward, arching back."
223,Step 6: Gaze upward toward the screen.
224,"Step 1: Start in standing forward position, facing the screen."
224,Step 2: Turn to the left so your left side faces the screen.
224,Step 3: Kneel on floor with thighs vertical.
224,Step 4: Lean back and place hands on ankles.
224,"Step 5: Lift chest upward, arching back."
224,Step 6: Gaze upward toward the screen.
225,"Step 1: Start in standing forward position, facing the screen."
225,Step 2: Turn to the right so your right side faces the screen.
225,Step 3: Come to hands and knees in tabletop.
225,Step 4: Lift right leg back and up.
225,Step 5: Extend left arm forward.
225,Step 6: Balance and gaze at the screen.
226,"Step 1: Start in standing forward position, facing the screen."
226,Step 2: Turn to the left so your left side faces the screen.
226,Step 3: Come to hands and knees in tabletop.
226,Step 4: Lift left leg back and up.
226,Step 5: Extend right arm forward.
226,Step 6: Balance and gaze at the screen.
227,"Step 1: Start in standing forward position, facing the screen."
227,Step 2: Turn to the right so your right side faces the screen.
227,Step 3: Lie on stomach with legs extended back.
227,"Step 4: Place palms beside chest, press into hands."
227,"Step 5: Lift torso and thighs off floor, arms straight."
227,"Step 6: Open chest forward, gaze at the screen."
228,"Step 1: Start in standing forward position, facing the screen."
228,Step 2: Turn to the left so your left side faces the screen.
228,Step 3: Lie on stomach with legs extended back.
228,"Step 4: Place palms beside chest, press into hands."
228,"Step 5: Lift torso and thighs off floor, arms straight."
228,"Step 6: Open chest forward, gaze at the screen."
229,"Step 1: Start in standing forward position, facing the screen."
229,Step 2: Turn to the right so your right side faces the screen.
229,"Step 3: Lie on back, bend knees, feet flat near hips."
229,"Step 4: Place hands by ears, fingers toward shoulders."
229,"Step 5: Press into hands and feet, lifting hips and chest."
229,"Step 6: Straighten arms and legs into full arch, gaze at screen."
230,"Step 1: Start in standing forward position, facing the screen."
230,Step 2: Turn to the left so your left side faces the screen.
230,"Step 3: Lie on back, bend knees, feet flat near hips."
230,"Step 4: Place hands by ears, fingers toward shoulders."
230,"Step 5: Press into hands and feet, lifting hips and chest."
230,"Step 6: Straighten arms and legs into full arch, gaze at screen."
231,"Step 1: Start in standing forward position, facing the screen."
231,Step 2: Turn to the right so your right side faces the screen.
231,"Step 3: From side plank, step right foot behind body."
231,Step 4: Lift hips and arch chest upward.
231,Step 5: Extend right arm overhead in a curve.
231,Step 6: Gaze at the screen or upward.
232,"Step 1: Start in standing forward position, facing the screen."
232,Step 2: Turn to the left so your left side faces the screen.
232,"Step 3: From side plank, step left foot behind body."
232,Step 4: Lift hips and arch chest upward.
232,Step 5: Extend left arm overhead in a curve.
232,Step 6: Gaze at the screen or upward.
233,"Step 1: Start in standing forward position, facing the screen."
233,Step 2: Turn to the right so your right side faces the screen.
233,Step 3: Sit with legs extended.
233,"Step 4: Lift both legs, placing feet behind head."
233,"Step 5: Balance on sit bones, chest lifted."
233,Step 6: Gaze forward at the screen.
234,"Step 1: Start in standing forward position, facing the screen."
234,Step 2: Turn to the left so your left side faces the screen.
234,Step 3: Sit with legs extended.
234,"Step 4: Lift both legs, placing feet behind head."
234,"Step 5: Balance on sit bones, chest lifted."
234,Step 6: Gaze forward at the screen.
235,"Step 1: Start in standing forward position, facing the screen."
235,Step 2: Turn to the right so your right side faces the screen.
235,"Step 3: Lie face down, place chin and chest on floor."
235,"Step 4: Lift legs overhead, balancing on chin and hands."
235,"Step 5: Engage core and hold steady, gaze at screen."
236,"Step 1: Start in standing forward position, facing the screen."
236,Step 2: Turn to the left so your left side faces the screen.
236,"Step 3: Lie face down, place chin and chest on floor."
236,"Step 4: Lift legs overhead, balancing on chin and hands."
236,"Step 5: Engage core and hold steady, gaze at screen."
237,"Step 1: Start in standing forward position, facing the screen."
237,Step 2: Turn to the right so your right side faces the screen.
237,"Step 3: Squat down, place hands on floor shoulder-width."
237,Step 4: Press knees to upper arms.
237,"Step 5: Shift weight forward, lift feet off floor."
237,"Step 6: Balance on hands, gaze at the screen."
238,"Step 1: Start in standing forward position, facing the screen."
238,Step 2: Turn to the left so your left side faces the screen.
238,"Step 3: Squat down, place hands on floor shoulder-width."
238,Step 4: Press knees to upper arms.
238,"Step 5: Shift weight forward, lift feet off floor."
238,"Step 6: Balance on hands, gaze at the screen."
239,"Step 1: Start in standing forward position, facing the screen."
239,Step 2: Turn to the right so your right side faces the screen.
239,"Step 3: Squat down, place palms on floor."
239,"Step 4: Bend elbows, place knees on upper arms."
239,"Step 5: Shift weight forward, lifting feet off floor."
239,"Step 6: Balance on hands, gaze at the screen."
240,"Step 1: Start in standing forward position, facing the screen."
240,Step 2: Turn to the left so your left side faces the screen.
240,"Step 3: Squat down, place palms on floor."
240,"Step 4: Bend elbows, place knees on upper arms."
240,"Step 5: Shift weight forward, lifting feet off floor."
240,"Step 6: Balance on hands, gaze at the screen."
241,"Step 1: Start in standing forward position, facing the screen."
241,Step 2: Turn to the right so your right side faces the screen.
241,Step 3: Lie on back and roll legs overhead to floor.
241,Step 4: Bend knees beside ears.
241,"Step 5: Wrap arms around legs, pressing knees inward."
241,Step 6: Keep gaze soft toward the screen.
242,"Step 1: Start in standing forward position, facing the screen."
242,Step 2: Turn to the left so your left side faces the screen.
242,Step 3: Lie on back and roll legs overhead to floor.
242,Step 4: Bend knees beside ears.
242,"Step 5: Wrap arms around legs, pressing knees inward."
242,Step 6: Keep gaze soft toward the screen.
243,"Step 1: Start in standing forward position, facing the screen."
243,Step 2: Turn to the right so your right side faces the screen.
243,Step 3: Sit down and cross right ankle over left foot.
243,Step 4: Thread right leg over right shoulder.
243,"Step 5: Plant hands on floor, lift hips and legs."
243,"Step 6: Balance on arms, gaze at the screen."
244,"Step 1: Start in standing forward position, facing the screen."
244,Step 2: Turn to the left so your left side faces the screen.
244,Step 3: Sit down and cross left ankle over right foot.
244,Step 4: Thread left leg over left shoulder.
244,"Step 5: Plant hands on floor, lift hips and legs."
244,"Step 6: Balance on arms, gaze at the screen."
245,"Step 1: Start in standing forward position, facing the screen."
245,Step 2: Turn to the right so your right side faces the screen.
245,Step 3: Come onto forearms with elbows under shoulders.
245,Step 4: Kick legs upward into balance over shoulders.
245,"Step 5: Keep core tight, legs extended upward."
245,Step 6: Gaze softly at the screen.
246,"Step 1: Start in standing forward position, facing the screen."
246,Step 2: Turn to the left so your left side faces the screen.
246,Step 3: Come onto forearms with elbows under shoulders.
246,Step 4: Kick legs upward into balance over shoulders.
246,"Step 5: Keep core tight, legs extended upward."
246,Step 6: Gaze softly at the screen.
247,"Step 1: Start in standing forward position, facing the screen."
247,Step 2: Turn to the right so your right side faces the screen.
247,Step 3: Sit with legs forward and place right leg over right shoulder.
247,Step 4: Plant both hands on the floor beside hips.
247,Step 5: Lift body and extend left leg forward.
247,Step 6: Balance on hands while gaze remains at the screen.
248,"Step 1: Start in standing forward position, facing the screen."
248,Step 2: Turn to the left so your left side faces the screen.
248,Step 3: Sit with legs forward and place left leg over left shoulder.
248,Step 4: Plant both hands on the floor beside hips.
248,Step 5: Lift body and extend right leg forward.
248,Step 6: Balance on hands while gaze remains at the screen.
249,"Step 1: Start in standing forward position, facing the screen."
249,Step 2: Turn to the right so your right side faces the screen.
249,Step 3: Sit down and cross legs in lotus position.
249,Step 4: Thread arms through legs and fold forward.
249,"Step 5: Curl body into tight ball, resting head down."
249,Step 6: Keep gentle gaze toward the screen.
250,"Step 1: Start in standing forward position, facing the screen."
250,Step 2: Turn to the left so your left side faces the screen.
250,Step 3: Sit down and cross legs in lotus position.
250,Step 4: Thread arms through legs and fold forward.
250,"Step 5: Curl body into tight ball, resting head down."
250,Step 6: Keep gentle gaze toward the screen.
251,"Step 1: Start in standing forward position, facing the screen."
251,Step 2: Turn to the right so your right side faces the screen.
251,Step 3: Bend forward and slide arms under thighs.
251,Step 4: Place palms on the floor and shift weight forward.
251,"Step 5: Lift legs off floor, extending them outward."
251,"Step 6: Balance on hands, gaze toward the screen."
252,"Step 1: Start in standing forward position, facing the screen."
252,Step 2: Turn to the left so your left side faces the screen.
252,Step 3: Bend forward and slide arms under thighs.
252,Step 4: Place palms on the floor and shift weight forward.
252,"Step 5: Lift legs off floor, extending them outward."
252,"Step 6: Balance on hands, gaze toward the screen."
253,"Step 1: Start in standing forward position, facing the screen."
253,Step 2: Turn to the right so your right side faces the screen.
253,Step 3: Sit with legs extended forward and lean back slightly.
253,"Step 4: Lift both legs off the ground, keeping them together."
253,Step 5: Stretch arms forward parallel to floor.
253,"Step 6: Balance on sit bones, gaze at the screen."
254,"Step 1: Start in standing forward position, facing the screen."
254,Step 2: Turn to the left so your left side faces the screen.
254,Step 3: Sit with legs extended forward and lean back slightly.
254,"Step 4: Lift both legs off the ground, keeping them together."
254,Step 5: Stretch arms forward parallel to floor.
254,"Step 6: Balance on sit bones, gaze at the screen."
255,"Step 1: Start in standing forward position, facing the screen."
255,Step 2: Turn to the right so your right side faces the screen.
255,Step 3: Squat down and place palms on the floor.
255,Step 4: Hook right leg over right arm.
255,Step 5: Shift weight forward and lift left leg off floor.
255,"Step 6: Balance on hands, gaze at the screen."
256,"Step 1: Start in standing forward position, facing the screen."
256,Step 2: Turn to the left so your left side faces the screen.
256,Step 3: Squat down and place palms on the floor.
256,Step 4: Hook left leg over left arm.
256,Step 5: Shift weight forward and lift right leg off floor.
256,"Step 6: Balance on hands, gaze at the screen."
257,"Step 1: Start in standing forward position, facing the screen."
257,Step 2: Turn to the right so your right side faces the screen.
257,Step 3: Squat down and place palms on the floor.
257,Step 4: Hook right leg across right arm and twist torso.
257,"Step 5: Shift weight forward, lift left leg off floor."
257,"Step 6: Balance on hands, gaze toward the screen."
258,"Step 1: Start in standing forward position, facing the screen."
258,Step 2: Turn to the left so your left side faces the screen.
258,Step 3: Squat down and place palms on the floor.
258,Step 4: Hook left leg across left arm and twist torso.
258,"Step 5: Shift weight forward, lift right leg off floor."
258,"Step 6: Balance on hands, gaze toward the screen."
259,"Step 1: Start in standing forward position, facing the screen."
259,Step 2: Turn to the right so your right side faces the screen.
259,Step 3: Come onto forearms with elbows shoulder-width apart.
259,Step 4: Kick legs upward into balance over shoulders.
259,"Step 5: Keep legs together, core strong."
259,Step 6: Gaze softly at the screen.
260,"Step 1: Start in standing forward position, facing the screen."
260,Step 2: Turn to the left so your left side faces the screen.
260,Step 3: Come onto forearms with elbows shoulder-width apart.
260,Step 4: Kick legs upward into balance over shoulders.
260,"Step 5: Keep legs together, core strong."
260,Step 6: Gaze softly at the screen.
261,"Step 1: Start in standing forward position, facing the screen."
261,Step 2: Turn to the right so your right side faces the screen.
261,"Step 3: Bend knees and squat low, crossing right ankle over left thigh."
261,"Step 4: Twist torso to the left, planting palms on floor."
261,Step 5: Extend right leg outward to side.
261,"Step 6: Balance on arms, gaze at the screen."
262,"Step 1: Start in standing forward position, facing the screen."
262,Step 2: Turn to the left so your left side faces the screen.
262,"Step 3: Bend knees and squat low, crossing left ankle over right thigh."
262,"Step 4: Twist torso to the right, planting palms on floor."
262,Step 5: Extend left leg outward to side.
262,"Step 6: Balance on arms, gaze at the screen."
263,"Step 1: Start in standing forward position, facing the screen."
263,Step 2: Turn to the right so your right side faces the screen.
263,Step 3: Place palms on the floor shoulder-width apart.
263,Step 4: Kick both legs upward into balance.
263,"Step 5: Straighten arms, legs, and body fully."
263,Step 6: Gaze softly between hands toward the screen.
264,"Step 1: Start in standing forward position, facing the screen."
264,Step 2: Turn to the left so your left side faces the screen.
264,Step 3: Place palms on the floor shoulder-width apart.
264,Step 4: Kick both legs upward into balance.
264,"Step 5: Straighten arms, legs, and body fully."
264,Step 6: Gaze softly between hands toward the screen.
265,"Step 1: Start in standing forward position, facing the screen."
265,Step 2: Turn to the right so your right side faces the screen.
265,"Step 3: Place forearms on floor, clasping hands together."
265,Step 4: Rest crown of head on floor between hands.
265,Step 5: Kick legs upward into straight vertical line.
265,Step 6: Engage core and gaze softly at the screen.
266,"Step 1: Start in standing forward position, facing the screen."
266,Step 2: Turn to the left so your left side faces the screen.
266,"Step 3: Place forearms on floor, clasping hands together."
266,Step 4: Rest crown of head on floor between hands.
266,Step 5: Kick legs upward into straight vertical line.
266,Step 6: Engage core and gaze softly at the screen.
267,"Step 1: Start in standing forward position, facing the screen."
267,Step 2: Turn to the right so your right side faces the screen.
267,"Step 3: Place palms on floor, elbows bent."
267,Step 4: Rest crown of head on floor between hands.
267,Step 5: Lift legs upward into balance over shoulders.
267,"Step 6: Engage core, hold steady, gaze at screen."
268,"Step 1: Start in standing forward position, facing the screen."
268,Step 2: Turn to the left so your left side faces the screen.
268,"Step 3: Place palms on floor, elbows bent."
268,Step 4: Rest crown of head on floor between hands.
268,Step 5: Lift legs upward into balance over shoulders.
268,"Step 6: Engage core, hold steady, gaze at screen."
269,"Step 1: Start in standing forward position, facing the screen."
269,Step 2: Turn to the right so your right side faces the screen.
269,Step 3: Sit with legs extended.
269,"Step 4: Lift both legs overhead, bending knees to sides."
269,Step 5: Hold ankles or shins for support.
269,"Step 6: Balance on sit bones, gaze at the screen."
270,"Step 1: Start in standing forward position, facing the screen."
270,Step 2: Turn to the left so your left side faces the screen.
270,Step 3: Sit with legs extended.
270,"Step 4: Lift both legs overhead, bending knees to sides."
270,Step 5: Hold ankles or shins for support.
270,"Step 6: Balance on sit bones, gaze at the screen."
271,"Step 1: Start in standing forward position, facing the screen."
271,Step 2: Turn to the right so your right side faces the screen.
271,Step 3: Squat and place palms on floor.
271,Step 4: Hook right leg over arm and extend left leg back.
271,Step 5: Shift weight forward to balance on arms.
271,Step 6: Gaze at the screen.
272,"Step 1: Start in standing forward position, facing the screen."
272,Step 2: Turn to the left so your left side faces the screen.
272,Step 3: Squat and place palms on floor.
272,Step 4: Hook left leg over arm and extend right leg back.
272,Step 5: Shift weight forward to balance on arms.
272,Step 6: Gaze at the screen.
273,"Step 1: Start in standing forward position, facing the screen."
273,Step 2: Turn to the right so your right side faces the screen.
273,Step 3: Sit with legs extended.
273,Step 4: Lift one leg overhead behind the head.
273,Step 5: Balance with arms supporting body on floor.
273,"Step 6: Keep chest lifted, gaze at screen."
274,"Step 1: Start in standing forward position, facing the screen."
274,Step 2: Turn to the left so your left side faces the screen.
274,Step 3: Sit with legs extended.
274,Step 4: Lift one leg overhead behind the head.
274,Step 5: Balance with arms supporting body on floor.
274,"Step 6: Keep chest lifted, gaze at screen."
275,"Step 1: Start in standing forward position, facing the screen."
275,Step 2: Turn to the right so your right side faces the screen.
275,"Step 3: Kneel on floor, place hands on floor fingers back."
275,Step 4: Press elbows into abdomen for support.
275,"Step 5: Extend legs backward, lifting body off floor."
275,"Step 6: Balance on hands, gaze at the screen."
276,"Step 1: Start in standing forward position, facing the screen."
276,Step 2: Turn to the left so your left side faces the screen.
276,"Step 3: Kneel on floor, place hands on floor fingers back."
276,Step 4: Press elbows into abdomen for support.
276,"Step 5: Extend legs backward, lifting body off floor."
276,"Step 6: Balance on hands, gaze at the screen."
277,"Step 1: Start in standing forward position, facing the screen."
277,Step 2: Turn to the right so your right side faces the screen.
277,Step 3: Sit with legs crossed.
277,Step 4: Plant hands on floor beside hips.
277,Step 5: Lift hips and legs off floor using core strength.
277,"Step 6: Balance steadily, gaze at the screen."
278,"Step 1: Start in standing forward position, facing the screen."
278,Step 2: Turn to the left so your left side faces the screen.
278,Step 3: Sit with legs crossed.
278,Step 4: Plant hands on floor beside hips.
278,Step 5: Lift hips and legs off floor using core strength.
278,"Step 6: Balance steadily, gaze at the screen."
279,"Step 1: Start in standing forward position, facing the screen."
279,Step 2: Turn to the right so your right side faces the screen.
279,"Step 3: Stand tall, cross right ankle over left thigh."
279,"Step 4: Bend left knee, fold forward placing hands on floor."
279,Step 5: Slide right shin onto upper arms.
279,"Step 6: Shift weight forward, lifting left foot off floor, gaze at screen."
280,"Step 1: Start in standing forward position, facing the screen."
280,Step 2: Turn to the left so your left side faces the screen.
280,"Step 3: Stand tall, cross left ankle over right thigh."
280,"Step 4: Bend right knee, fold forward placing hands on floor."
280,Step 5: Slide left shin onto upper arms.
280,"Step 6: Shift weight forward, lifting right foot off floor, gaze at screen."
281,"Step 1: Start in standing forward position, facing the screen."
281,Step 2: Turn to the right so your right side faces the screen.
281,Step 3: Lie on back and lift legs overhead.
281,Step 4: Bring toes to floor behind head.
281,Step 5: Keep hands on back for support or flat on mat.
281,Step 6: Gaze softly at the screen.
282,"Step 1: Start in standing forward position, facing the screen."
282,Step 2: Turn to the left so your left side faces the screen.
282,Step 3: Lie on back and lift legs overhead.
282,Step 4: Bring toes to floor behind head.
282,Step 5: Keep hands on back for support or flat on mat.
282,Step 6: Gaze softly at the screen.
283,"Step 1: Start in standing forward position, facing the screen."
283,Step 2: Turn to the right so your right side faces the screen.
283,Step 3: Sit in lotus position with arms between legs.
283,"Step 4: Plant hands on floor, press palms firmly."
283,Step 5: Lift body upward balancing on hands.
283,Step 6: Hold steady and gaze at the screen.
284,"Step 1: Start in standing forward position, facing the screen."
284,Step 2: Turn to the left so your left side faces the screen.
284,Step 3: Sit in lotus position with arms between legs.
284,"Step 4: Plant hands on floor, press palms firmly."
284,Step 5: Lift body upward balancing on hands.
284,Step 6: Hold steady and gaze at the screen.
285,"Step 1: Start in standing forward position, facing the screen."
285,Step 2: Turn to the right so your right side faces the screen.
285,Step 3: Sit in lotus pose with legs crossed tightly.
285,Step 4: Place hands on floor beside hips.
285,Step 5: Press palms firmly and lift body off the floor.
285,"Step 6: Balance with legs and hips raised, gaze at the screen."
286,"Step 1: Start in standing forward position, facing the screen."
286,Step 2: Turn to the left so your left side faces the screen.
286,Step 3: Sit in lotus pose with legs crossed tightly.
286,Step 4: Place hands on floor beside hips.
286,Step 5: Press palms firmly and lift body off the floor.
286,"Step 6: Balance with legs and hips raised, gaze at the screen."
287,"Step 1: Start in standing forward position, facing the screen."
287,Step 2: Turn to the right so your right side faces the screen.
287,Step 3: Come into forearm balance with elbows under shoulders.
287,"Step 4: Arch back deeply, bending knees toward head."
287,Step 5: Point toes overhead as chest opens.
287,Step 6: Hold the balance and gaze at the screen.
288,"Step 1: Start in standing forward position, facing the screen."
288,Step 2: Turn to the left so your left side faces the screen.
288,Step 3: Come into forearm balance with elbows under shoulders.
288,"Step 4: Arch back deeply, bending knees toward head."
288,Step 5: Point toes overhead as chest opens.
288,Step 6: Hold the balance and gaze at the screen.
289,"Step 1: Start in standing forward position, facing the screen."
289,Step 2: Turn to the right so your right side faces the screen.
289,Step 3: Sit down and slide arms under bent knees.
289,Step 4: Place palms on floor beside hips.
289,"Step 5: Lift body off the floor, pressing thighs against arms."
289,"Step 6: Extend feet forward, gaze at the screen."
290,"Step 1: Start in standing forward position, facing the screen."
290,Step 2: Turn to the left so your left side faces the screen.
290,Step 3: Sit down and slide arms under bent knees.
290,Step 4: Place palms on floor beside hips.
290,"Step 5: Lift body off the floor, pressing thighs against arms."
290,"Step 6: Extend feet forward, gaze at the screen."
291,"Step 1: Start in standing forward position, facing the screen."
291,Step 2: Turn to the right so your right side faces the screen.
291,Step 3: Lie on back and lift legs overhead.
291,Step 4: Bend knees into lotus pose while supporting back with hands.
291,Step 5: Raise hips and legs vertically in shoulder stand.
291,"Step 6: Keep balance steady, gaze softly at the screen."
292,"Step 1: Start in standing forward position, facing the screen."
292,Step 2: Turn to the left so your left side faces the screen.
292,Step 3: Lie on back and lift legs overhead.
292,Step 4: Bend knees into lotus pose while supporting back with hands.
292,Step 5: Raise hips and legs vertically in shoulder stand.
292,"Step 6: Keep balance steady, gaze softly at the screen."
293,"Step 1: Start in standing forward position, facing the screen."
293,Step 2: Turn to the right so your right side faces the screen.
293,Step 3: Lie on back and lift legs upward.
293,Step 4: Support lower back with hands.
293,Step 5: Raise hips and legs vertically over shoulders.
293,"Step 6: Keep neck relaxed, gaze softly at the screen."
294,"Step 1: Start in standing forward position, facing the screen."
294,Step 2: Turn to the left so your left side faces the screen.
294,Step 3: Lie on back and lift legs upward.
294,Step 4: Support lower back with hands.
294,Step 5: Raise hips and legs vertically over shoulders.
294,"Step 6: Keep neck relaxed, gaze softly at the screen."
295,"Step 1: Start in standing forward position, facing the screen."
295,Step 2: Turn to the right so your right side faces the screen.
295,Step 3: Lie flat on back with arms relaxed at sides.
295,Step 4: Lift both legs upward and spread them wide apart.
295,Step 5: Keep lower back on mat and hold position steady.
295,Step 6: Gaze softly at the screen.
296,"Step 1: Start in standing forward position, facing the screen."
296,Step 2: Turn to the left so your left side faces the screen.
296,Step 3: Lie flat on back with arms relaxed at sides.
296,Step 4: Lift both legs upward and spread them wide apart.
296,Step 5: Keep lower back on mat and hold position steady.
296,Step 6: Gaze softly at the screen.