Name,Age,DOB,Gender,Mobile Number,Alternate Number,Email,Address,Aadhar Number,Pan Number,Experience,Consultations,Languages,Area of Expertise,Rating,Account Number,Bank,IFSC Code,Account Holder Name,Screen Name(Eng),Screen Name(Hin),Screen Name(Tam),Screen Name(Mal),Screen Name(Kan),Screen Name(Tel),Des( eng),Des( Hin),Des(Tam),Des(Mal),Des(Kan),Des( Tel)
KRISHNAMURTI HEGDE,36,13.05.1986,MALE,9538551938,8792111938,hegde.krrish@gmail.com,"SLV ratnagiri Enclave, channasandra, Banglore, 560067",570301193441,ACYPH7458P,2,200,"Hindi, Kannada, English,"," Nakshatranadi, Numerology, Tarot, Crystal",,SBI098989887,SBI,SBIM67878,XYZZZZ,KrishnamurtiH,KrishnamurtiH,KrishnamurtiH,KrishnamurtiH,ಕೃಷ್ಣಮೂರ್ತಿ ಹೆಚ್  ,KrishnamurtiH,"
Introducing Astrologer Krishnamurti, a prominent figure in the realm of astrology whose multifaceted expertise transcends traditional boundaries. Although he is a businessman, his passion and proficiency in astrology have made him a renowned figure with a dedicated team of 200+ consultants under his guidance. Krishnamurti's astrological journey delves deep into the realms of NakshatraNadi, showcasing a keen understanding of celestial constellations and their influence. His skills in Vedic Astrology, Prashnashastra, Parashara, and Yogas, allows him to provide comprehensive astrological guidance. His repertoire extends even further, encompassing Numerology, Tarot card reading, Bhrigunandi Nadi, Tara Dasa Bala, Crystal healing, Jaimini astrology, Matchmaking, and Muhurtha, making him a one-stop destination for seekers of cosmic wisdom. Whether you seek clarity on your destiny, love, orlife events, Krishnamurti's holistic approach to astrology ensures you'll find the answers you seek within the celestial realm.","
Introducing Astrologer Krishnamurti, a prominent figure in the realm of astrology whose multifaceted expertise transcends traditional boundaries. Although he is a businessman, his passion and proficiency in astrology have made him a renowned figure with a dedicated team of 200+ consultants under his guidance. Krishnamurti's astrological journey delves deep into the realms of NakshatraNadi, showcasing a keen understanding of celestial constellations and their influence. His skills in Vedic Astrology, Prashnashastra, Parashara, and Yogas, allows him to provide comprehensive astrological guidance. His repertoire extends even further, encompassing Numerology, Tarot card reading, Bhrigunandi Nadi, Tara Dasa Bala, Crystal healing, Jaimini astrology, Matchmaking, and Muhurtha, making him a one-stop destination for seekers of cosmic wisdom. Whether you seek clarity on your destiny, love, orlife events, Krishnamurti's holistic approach to astrology ensures you'll find the answers you seek within the celestial realm.","
Introducing Astrologer Krishnamurti, a prominent figure in the realm of astrology whose multifaceted expertise transcends traditional boundaries. Although he is a businessman, his passion and proficiency in astrology have made him a renowned figure with a dedicated team of 200+ consultants under his guidance. Krishnamurti's astrological journey delves deep into the realms of NakshatraNadi, showcasing a keen understanding of celestial constellations and their influence. His skills in Vedic Astrology, Prashnashastra, Parashara, and Yogas, allows him to provide comprehensive astrological guidance. His repertoire extends even further, encompassing Numerology, Tarot card reading, Bhrigunandi Nadi, Tara Dasa Bala, Crystal healing, Jaimini astrology, Matchmaking, and Muhurtha, making him a one-stop destination for seekers of cosmic wisdom. Whether you seek clarity on your destiny, love, orlife events, Krishnamurti's holistic approach to astrology ensures you'll find the answers you seek within the celestial realm.","
Introducing Astrologer Krishnamurti, a prominent figure in the realm of astrology whose multifaceted expertise transcends traditional boundaries. Although he is a businessman, his passion and proficiency in astrology have made him a renowned figure with a dedicated team of 200+ consultants under his guidance. Krishnamurti's astrological journey delves deep into the realms of NakshatraNadi, showcasing a keen understanding of celestial constellations and their influence. His skills in Vedic Astrology, Prashnashastra, Parashara, and Yogas, allows him to provide comprehensive astrological guidance. His repertoire extends even further, encompassing Numerology, Tarot card reading, Bhrigunandi Nadi, Tara Dasa Bala, Crystal healing, Jaimini astrology, Matchmaking, and Muhurtha, making him a one-stop destination for seekers of cosmic wisdom. Whether you seek clarity on your destiny, love, orlife events, Krishnamurti's holistic approach to astrology ensures you'll find the answers you seek within the celestial realm.","ಜ್ಯೋತಿಷಿ ಕೃಷ್ಣಮೂರ್ತಿಯವರನ್ನು ಪರಿಚಯಿಸುತ್ತಿದ್ದೇವೆ, ಅವರ ಬಹುಮುಖಿ ಪರಿಣತಿಯು ಸಾಂಪ್ರದಾಯಿಕ ಗಡಿಗಳನ್ನು ಮೀರಿದ ಜ್ಯೋತಿಷ್ಯ ಕ್ಷೇತ್ರದಲ್ಲಿ ಪ್ರಮುಖ ವ್ಯಕ್ತಿ. ಅವರು ಉದ್ಯಮಿಯಾಗಿದ್ದರೂ, ಅವರ ಉತ್ಸಾಹ ಮತ್ತು ಜ್ಯೋತಿಷ್ಯದಲ್ಲಿನ ಪ್ರಾವೀಣ್ಯತೆಯು ಅವರ ಮಾರ್ಗದರ್ಶನದಲ್ಲಿ 200+ ಸಲಹೆಗಾರರ ​​​​ಸಮಾಲೋಚಕರ ಸಮರ್ಪಿತ ತಂಡದೊಂದಿಗೆ ಅವರನ್ನು ಹೆಸರಾಂತ ವ್ಯಕ್ತಿಯಾಗಿ ಮಾಡಿದೆ. ಕೃಷ್ಣಮೂರ್ತಿಯವರ ಜ್ಯೋತಿಷ್ಯ ಪ್ರಯಾಣವು ನಕ್ಷತ್ರನಾಡಿ ಕ್ಷೇತ್ರಗಳಲ್ಲಿ ಆಳವಾಗಿ ಪರಿಶೀಲಿಸುತ್ತದೆ, ಆಕಾಶ ನಕ್ಷತ್ರಪುಂಜಗಳು ಮತ್ತು ಅವುಗಳ ಪ್ರಭಾವದ ಬಗ್ಗೆ ತೀಕ್ಷ್ಣವಾದ ತಿಳುವಳಿಕೆಯನ್ನು ತೋರಿಸುತ್ತದೆ. ವೈದಿಕ ಜ್ಯೋತಿಷ್ಯ, ಪ್ರಶ್ನೆಶಾಸ್ತ್ರ, ಪರಾಶರ ಮತ್ತು ಯೋಗಗಳಲ್ಲಿ ಅವರ ಕೌಶಲ್ಯಗಳು ಅವರಿಗೆ ಸಮಗ್ರ ಜ್ಯೋತಿಷ್ಯ ಮಾರ್ಗದರ್ಶನವನ್ನು ನೀಡಲು ಅನುವು ಮಾಡಿಕೊಡುತ್ತದೆ. ಸಂಖ್ಯಾಶಾಸ್ತ್ರ, ಟ್ಯಾರೋ ಕಾರ್ಡ್ ಓದುವಿಕೆ, ಭೃಗುನಂದಿ ನಾಡಿ, ತಾರಾ ದಶಾ ಬಲ, ಕ್ರಿಸ್ಟಲ್ ಹೀಲಿಂಗ್, ಜೈಮಿನಿ ಜ್ಯೋತಿಷ್ಯ, ಹೊಂದಾಣಿಕೆ, ಮತ್ತು ಮುಹೂರ್ತವನ್ನು ಒಳಗೊಳ್ಳುವ ಅವರ ಸಂಗ್ರಹವು ಇನ್ನಷ್ಟು ವಿಸ್ತರಿಸುತ್ತದೆ, ಇದು ವಿಶ್ವ ಜ್ಞಾನದ ಅನ್ವೇಷಕರಿಗೆ ಒಂದು-ನಿಲುಗಡೆ ತಾಣವಾಗಿದೆ. ನಿಮ್ಮ ಹಣೆಬರಹ, ಪ್ರೀತಿ, ಅಥವಾ ಜೀವನದ ಘಟನೆಗಳ ಬಗ್ಗೆ ನೀವು ಸ್ಪಷ್ಟತೆಯನ್ನು ಹುಡುಕುತ್ತಿರಲಿ, ಜ್ಯೋತಿಷ್ಯಕ್ಕೆ ಕೃಷ್ಣಮೂರ್ತಿಯವರ ಸಮಗ್ರ ವಿಧಾನವು ಆಕಾಶ ಕ್ಷೇತ್ರದಲ್ಲಿ ನೀವು ಹುಡುಕುವ ಉತ್ತರಗಳನ್ನು ನೀವು ಕಂಡುಕೊಳ್ಳುವುದನ್ನು ಖಚಿತಪಡಿಸುತ್ತದೆ.","
Introducing Astrologer Krishnamurti, a prominent figure in the realm of astrology whose multifaceted expertise transcends traditional boundaries. Although he is a businessman, his passion and proficiency in astrology have made him a renowned figure with a dedicated team of 200+ consultants under his guidance. Krishnamurti's astrological journey delves deep into the realms of NakshatraNadi, showcasing a keen understanding of celestial constellations and their influence. His skills in Vedic Astrology, Prashnashastra, Parashara, and Yogas, allows him to provide comprehensive astrological guidance. His repertoire extends even further, encompassing Numerology, Tarot card reading, Bhrigunandi Nadi, Tara Dasa Bala, Crystal healing, Jaimini astrology, Matchmaking, and Muhurtha, making him a one-stop destination for seekers of cosmic wisdom. Whether you seek clarity on your destiny, love, orlife events, Krishnamurti's holistic approach to astrology ensures you'll find the answers you seek within the celestial realm."
PUSHPAVATHY K.,45,09.11.1977,FEMALE,9066572644,8310396825,pushpasubramani7@gmail.com,"No-6,Krishna Krupa, New post office Road, Lingarajapura, Bangalore- 560084. ",610895570196,BRCPP8954N,2,50,"Hindi, Kannada, English, Tamil","Vedic, Nakshatranadi, Numerology, Vastu, Reiki",,SBI098989887,SBI,SBIM67878,XYZZZZ,PushpavathyK,PushpavathyK,PushpavathyK,PushpavathyK,ಪುಷ್ಪಾವತಿ ಕೆ  ,PushpavathyK,"
Pushpavathy is a dedicated home maker, however, she brings her multilingual talents and diverse expertise to the world of astrology. Her proficiency spans across  NakshatraNAdi and Vedic Astrology, where she delves deep into the cosmic energies to offer profound insights into one's life journey. Her mastery extends beyond the stars to include Reiki and VAstu, where she helps people harness the energies of their living spaces for harmony and well-being.

Mundane Astrology is another forte where Pushpavathy excels, offering a unique perspective on global events and trends. Her skills in Prashnashastra, PArashara, Yogas, Numerology, Tara Dasa Bala, and Muhurtha add layers of wisdom to her astrological practice. She is renowned for her expertise in match-making, guiding couples towards compatibility and enduring unions. With a deep commitment, Pushpavathy serves as a guiding light to those seeking clarity and direction in their lives.","
Pushpavathy is a dedicated home maker, however, she brings her multilingual talents and diverse expertise to the world of astrology. Her proficiency spans across  NakshatraNAdi and Vedic Astrology, where she delves deep into the cosmic energies to offer profound insights into one's life journey. Her mastery extends beyond the stars to include Rekhi and VAstu, where she helps people harness the energies of their living spaces for harmony and well-being.

Mundane Astrology is another forte where Pushpavathy excels, offering a unique perspective on global events and trends. Her skills in Prashnashastra, PArashara, Yogas, Numerology, Tara Dasa Bala, and Muhurtha add layers of wisdom to her astrological practice. She is renowned for her expertise in match-making, guiding couples towards compatibility and enduring unions. With a deep commitment, Pushpavathy serves as a guiding light to those seeking clarity and direction in their lives.","
Pushpavathy is a dedicated home maker, however, she brings her multilingual talents and diverse expertise to the world of astrology. Her proficiency spans across  NakshatraNAdi and Vedic Astrology, where she delves deep into the cosmic energies to offer profound insights into one's life journey. Her mastery extends beyond the stars to include Rekhi and VAstu, where she helps people harness the energies of their living spaces for harmony and well-being.

Mundane Astrology is another forte where Pushpavathy excels, offering a unique perspective on global events and trends. Her skills in Prashnashastra, PArashara, Yogas, Numerology, Tara Dasa Bala, and Muhurtha add layers of wisdom to her astrological practice. She is renowned for her expertise in match-making, guiding couples towards compatibility and enduring unions. With a deep commitment, Pushpavathy serves as a guiding light to those seeking clarity and direction in their lives.","
Pushpavathy is a dedicated home maker, however, she brings her multilingual talents and diverse expertise to the world of astrology. Her proficiency spans across  NakshatraNAdi and Vedic Astrology, where she delves deep into the cosmic energies to offer profound insights into one's life journey. Her mastery extends beyond the stars to include Rekhi and VAstu, where she helps people harness the energies of their living spaces for harmony and well-being.

Mundane Astrology is another forte where Pushpavathy excels, offering a unique perspective on global events and trends. Her skills in Prashnashastra, PArashara, Yogas, Numerology, Tara Dasa Bala, and Muhurtha add layers of wisdom to her astrological practice. She is renowned for her expertise in match-making, guiding couples towards compatibility and enduring unions. With a deep commitment, Pushpavathy serves as a guiding light to those seeking clarity and direction in their lives.","ಪುಷ್ಪಾವತಿ ಅವರು ಸಮರ್ಪಿತ ಗೃಹಿಣಿ, ಆದಾಗ್ಯೂ, ಅವರು ತಮ್ಮ ಬಹುಭಾಷಾ ಪ್ರತಿಭೆ ಮತ್ತು ವೈವಿಧ್ಯಮಯ ಪರಿಣತಿಯನ್ನು ಜ್ಯೋತಿಷ್ಯ ಜಗತ್ತಿಗೆ ತರುತ್ತಾರೆ. ಅವರ ಪ್ರಾವೀಣ್ಯತೆಯು ನಕ್ಷತ್ರನಾಡಿ ಮತ್ತು ವೈದಿಕ ಜ್ಯೋತಿಷ್ಯದಾದ್ಯಂತ ವ್ಯಾಪಿಸಿದೆ, ಅಲ್ಲಿ ಅವರು ಒಬ್ಬರ ಜೀವನ ಪ್ರಯಾಣದ ಬಗ್ಗೆ ಆಳವಾದ ಒಳನೋಟಗಳನ್ನು ನೀಡಲು ಕಾಸ್ಮಿಕ್ ಶಕ್ತಿಗಳನ್ನು ಆಳವಾಗಿ ಪರಿಶೀಲಿಸುತ್ತಾಳೆ. ಆಕೆಯ ಪಾಂಡಿತ್ಯವು ರೇಖಿ ಮತ್ತು ವಾಸ್ತುವನ್ನು ಸೇರಿಸಲು ನಕ್ಷತ್ರಗಳನ್ನು ಮೀರಿ ವಿಸ್ತರಿಸುತ್ತದೆ, ಅಲ್ಲಿ ಅವರು ಸಾಮರಸ್ಯ ಮತ್ತು ಯೋಗಕ್ಷೇಮಕ್ಕಾಗಿ ಜನರು ತಮ್ಮ ವಾಸಿಸುವ ಸ್ಥಳಗಳ ಶಕ್ತಿಯನ್ನು ಬಳಸಿಕೊಳ್ಳಲು ಸಹಾಯ ಮಾಡುತ್ತಾರೆ.

ಪ್ರಾಪಂಚಿಕ ಜ್ಯೋತಿಷ್ಯವು ಪುಷ್ಪಾವತಿ ಅತ್ಯುತ್ತಮವಾಗಿರುವ ಮತ್ತೊಂದು ಶಕ್ತಿಯಾಗಿದ್ದು, ಜಾಗತಿಕ ಘಟನೆಗಳು ಮತ್ತು ಪ್ರವೃತ್ತಿಗಳ ಬಗ್ಗೆ ವಿಶಿಷ್ಟ ದೃಷ್ಟಿಕೋನವನ್ನು ನೀಡುತ್ತದೆ. ಪ್ರಶ್ನೆಶಾಸ್ತ್ರ, ಪರಾಶರ, ಯೋಗಗಳು, ಸಂಖ್ಯಾಶಾಸ್ತ್ರ, ತಾರಾ ದಶಾ ಬಲ ಮತ್ತು ಮುಹೂರ್ತದಲ್ಲಿ ಅವರ ಕೌಶಲ್ಯಗಳು ಅವರ ಜ್ಯೋತಿಷ್ಯ ಅಭ್ಯಾಸಕ್ಕೆ ಬುದ್ಧಿವಂತಿಕೆಯ ಪದರಗಳನ್ನು ಸೇರಿಸುತ್ತವೆ. ಹೊಂದಾಣಿಕೆ ಮತ್ತು ನಿರಂತರ ಒಕ್ಕೂಟಗಳ ಕಡೆಗೆ ದಂಪತಿಗಳಿಗೆ ಮಾರ್ಗದರ್ಶನ ನೀಡುವ, ಹೊಂದಾಣಿಕೆಯ ತಯಾರಿಕೆಯಲ್ಲಿ ತನ್ನ ಪರಿಣತಿಗಾಗಿ ಅವರು ಹೆಸರುವಾಸಿಯಾಗಿದ್ದಾಳೆ. ಆಳವಾದ ಬದ್ಧತೆಯೊಂದಿಗೆ, ಪುಷ್ಪಾವತಿ ತಮ್ಮ ಜೀವನದಲ್ಲಿ ಸ್ಪಷ್ಟತೆ ಮತ್ತು ನಿರ್ದೇಶನವನ್ನು ಬಯಸುವವರಿಗೆ ಮಾರ್ಗದರ್ಶಿ ಬೆಳಕಿನಂತೆ ಕಾರ್ಯನಿರ್ವಹಿಸುತ್ತಾರೆ.","
Pushpavathy is a dedicated home maker, however, she brings her multilingual talents and diverse expertise to the world of astrology. Her proficiency spans across  NakshatraNAdi and Vedic Astrology, where she delves deep into the cosmic energies to offer profound insights into one's life journey. Her mastery extends beyond the stars to include Rekhi and VAstu, where she helps people harness the energies of their living spaces for harmony and well-being.

Mundane Astrology is another forte where Pushpavathy excels, offering a unique perspective on global events and trends. Her skills in Prashnashastra, PArashara, Yogas, Numerology, Tara Dasa Bala, and Muhurtha add layers of wisdom to her astrological practice. She is renowned for her expertise in match-making, guiding couples towards compatibility and enduring unions. With a deep commitment, Pushpavathy serves as a guiding light to those seeking clarity and direction in their lives."
MANJUNATHA G.,45,17.01.1978,MALE,9900199172,7892435851,gmanjun@gmail.com,"No-490, 1st F cross,3rd stage,  4th block, 8th main, Basaveshwaranagara, Bangalore- 560079",830373714088,AJHPM1517E,10,8000,"Kannada, English, Telugu","Vedic, Nakshatranadi, Numerology, Palmistry, Crystal, Vastu",,SBI098989887,SBI,SBIM67878,XYZZZZ,Dr. ManjunathG,Dr. ManjunathG,Dr. ManjunathG,Dr. ManjunathG,ಡಾ. ಮಂಜುನಾಥ್ ಜಿ ,Dr. ManjunathG,"Introducing Dr. Manjunath, a multifaceted individual whose passion for astrology complements his profession as a Healthcare Documentation Specialist. With a clientele exceeding 8,000, Manjunath has established himself as a trusted name in the realm of astrological insights. His expertise spans various domains of astrology, including NakshatraNadi, Vedic Astrology, Crystal, Vastu. He has qualified in Jyotishya pravesha, and Jyotishya Praveena. Manjunath possesses a diverse set of skills, delving into the intricacies of Prashnashastra, Parashara, Yogas, Numerology, Palmistry, Bhrigunandi Nadi, Tara Dasa Bala, Jaimini, Muhurtha, and the art of matchmaking. With a dedication to helping others chart their course through the cosmos, Manjunath is your trusted guide to unlock the mysteries of the universe and illuminate your path forward.","Introducing Dr. Manjunath, a multifaceted individual whose passion for astrology complements his profession as a Healthcare Documentation Specialist. With a clientele exceeding 8,000, Manjunath has established himself as a trusted name in the realm of astrological insights. His expertise spans various domains of astrology, including NakshatraNadi, Vedic Astrology, Crystal, Vastu. He has qualified in Jyotishya pravesha, and Jyotishya Praveena. Manjunath possesses a diverse set of skills, delving into the intricacies of Prashnashastra, Parashara, Yogas, Numerology, Palmistry, Bhrigunandi Nadi, Tara Dasa Bala, Jaimini, Muhurtha, and the art of matchmaking. With a dedication to helping others chart their course through the cosmos, Manjunath is your trusted guide to unlock the mysteries of the universe and illuminate your path forward.","Introducing Dr. Manjunath, a multifaceted individual whose passion for astrology complements his profession as a Healthcare Documentation Specialist. With a clientele exceeding 8,000, Manjunath has established himself as a trusted name in the realm of astrological insights. His expertise spans various domains of astrology, including NakshatraNadi, Vedic Astrology, Crystal, Vastu. He has qualified in Jyotishya pravesha, and Jyotishya Praveena. Manjunath possesses a diverse set of skills, delving into the intricacies of Prashnashastra, Parashara, Yogas, Numerology, Palmistry, Bhrigunandi Nadi, Tara Dasa Bala, Jaimini, Muhurtha, and the art of matchmaking. With a dedication to helping others chart their course through the cosmos, Manjunath is your trusted guide to unlock the mysteries of the universe and illuminate your path forward.","Introducing Dr. Manjunath, a multifaceted individual whose passion for astrology complements his profession as a Healthcare Documentation Specialist. With a clientele exceeding 8,000, Manjunath has established himself as a trusted name in the realm of astrological insights. His expertise spans various domains of astrology, including NakshatraNadi, Vedic Astrology, Crystal, Vastu. He has qualified in Jyotishya pravesha, and Jyotishya Praveena. Manjunath possesses a diverse set of skills, delving into the intricacies of Prashnashastra, Parashara, Yogas, Numerology, Palmistry, Bhrigunandi Nadi, Tara Dasa Bala, Jaimini, Muhurtha, and the art of matchmaking. With a dedication to helping others chart their course through the cosmos, Manjunath is your trusted guide to unlock the mysteries of the universe and illuminate your path forward.","ಡಾ. ಮಂಜುನಾಥ್, ಬಹುಮುಖಿ ವ್ಯಕ್ತಿಯನ್ನು ಪರಿಚಯಿಸಲಾಗುತ್ತಿದೆ, ಅವರ ಜ್ಯೋತಿಷ್ಯದ ಉತ್ಸಾಹವು ಹೆಲ್ತ್‌ಕೇರ್ ಡಾಕ್ಯುಮೆಂಟೇಶನ್ ಸ್ಪೆಷಲಿಸ್ಟ್ ಆಗಿ ಅವರ ವೃತ್ತಿಗೆ ಪೂರಕವಾಗಿದೆ. 8,000 ಕ್ಕೂ ಹೆಚ್ಚು ಗ್ರಾಹಕರೊಂದಿಗೆ, ಮಂಜುನಾಥ್ ಅವರು ಜ್ಯೋತಿಷ್ಯ ಒಳನೋಟಗಳ ಕ್ಷೇತ್ರದಲ್ಲಿ ವಿಶ್ವಾಸಾರ್ಹ ಹೆಸರಾಗಿ ತಮ್ಮನ್ನು ತಾವು ಸ್ಥಾಪಿಸಿಕೊಂಡಿದ್ದಾರೆ. ಅವರ ಪರಿಣತಿಯು ನಕ್ಷತ್ರನಾಡಿ, ವೈದಿಕ ಜ್ಯೋತಿಷ್ಯ, ಕ್ರಿಸ್ಟಲ್, ವಾಸ್ತು ಸೇರಿದಂತೆ ಜ್ಯೋತಿಷ್ಯದ ವಿವಿಧ ಕ್ಷೇತ್ರಗಳನ್ನು ವ್ಯಾಪಿಸಿದೆ. ಅವರು ಜ್ಯೋತಿಷ್ಯ ಪ್ರವೇಶ, ಮತ್ತು ಜ್ಯೋತಿಷ್ಯ ಪ್ರವೀಣದಲ್ಲಿ ಅರ್ಹತೆ ಪಡೆದಿದ್ದಾರೆ. ಮಂಜುನಾಥ್ ಅವರು ಪ್ರಶ್ನೆಶಾಸ್ತ್ರ, ಪರಾಶರ, ಯೋಗಗಳು, ಸಂಖ್ಯಾಶಾಸ್ತ್ರ, ಹಸ್ತಸಾಮುದ್ರಿಕ ಶಾಸ್ತ್ರ, ಭೃಗುನಂದಿ ನಾಡಿ, ತಾರಾ ದಶಾ ಬಲ, ಜೈಮಿನಿ, ಮುಹೂರ್ತ ಮತ್ತು ಹೊಂದಾಣಿಕೆಯ ಕಲೆಯ ಜಟಿಲತೆಗಳನ್ನು ಪರಿಶೀಲಿಸುವ ವೈವಿಧ್ಯಮಯ ಕೌಶಲ್ಯಗಳನ್ನು ಹೊಂದಿದ್ದಾರೆ. ಬ್ರಹ್ಮಾಂಡದ ಮೂಲಕ ಇತರರು ತಮ್ಮ ಕೋರ್ಸ್ ಅನ್ನು ಚಾರ್ಟ್ ಮಾಡಲು ಸಹಾಯ ಮಾಡುವ ಸಮರ್ಪಣೆಯೊಂದಿಗೆ, ಮಂಜುನಾಥ್ ಅವರು ಬ್ರಹ್ಮಾಂಡದ ರಹಸ್ಯಗಳನ್ನು ಅನ್ಲಾಕ್ ಮಾಡಲು ಮತ್ತು ನಿಮ್ಮ ಮುಂದಿನ ಹಾದಿಯನ್ನು ಬೆಳಗಿಸಲು ನಿಮ್ಮ ವಿಶ್ವಾಸಾರ್ಹ ಮಾರ್ಗದರ್ಶಿಯಾಗಿದ್ದಾರೆ.","Introducing Dr. Manjunath, a multifaceted individual whose passion for astrology complements his profession as a Healthcare Documentation Specialist. With a clientele exceeding 8,000, Manjunath has established himself as a trusted name in the realm of astrological insights. His expertise spans various domains of astrology, including NakshatraNadi, Vedic Astrology, Crystal, Vastu. He has qualified in Jyotishya pravesha, and Jyotishya Praveena. Manjunath possesses a diverse set of skills, delving into the intricacies of Prashnashastra, Parashara, Yogas, Numerology, Palmistry, Bhrigunandi Nadi, Tara Dasa Bala, Jaimini, Muhurtha, and the art of matchmaking. With a dedication to helping others chart their course through the cosmos, Manjunath is your trusted guide to unlock the mysteries of the universe and illuminate your path forward."
NARAYANA KRISHNA ,57,05.03.1966,MALE,9343430693,,narayankri6366@gmail.com,"#3132, 4th cross, milk colony,malleswaram west,Bangalore-560055",854641877985,AJJPK1344B,4,100,"Kannada, English, Telugu, Tamil","Nakshatranadi, Numerology, Crystal, Reiki",,SBI098989887,SBI,SBIM67878,XYZZZZ,NarayanaK,NarayanaK,NarayanaK,NarayanaK,ನಾರಾಯಣ ಕೆ  ,NarayanaK,"
Introducing Narayana, a revered astrologer whose dedication to his occupation of service has garnered him recognition and respect in the field of astrology. With a clientele of over 100 consultants from diverse backgrounds, Narayana's expertise transcends linguistic boundaries, as he is proficient in multiple languages. His mastery encompasses a wide array of astrological disciplines, including NakshatraNadi, Vedic Astrology, Reiki, Vastu, and Agnihotra. He is also highly skilled in Prashnashastra, Numerology, Bhrigunandi Nadi, Crystal, Jaimini, and the intricate art of match making.
His multifaceted expertise cements his reputation as a multifaceted astrologer capable of providing invaluable insights into all aspects of life. When seeking astrological wisdom, Narayana stands as a beacon of knowledge, guiding individuals on their unique journeys through the cosmos.




","
Introducing Narayana, a revered astrologer whose dedication to his occupation of service has garnered him recognition and respect in the field of astrology. With a clientele of over 100 consultants from diverse backgrounds, Narayana's expertise transcends linguistic boundaries, as he is proficient in multiple languages. His mastery encompasses a wide array of astrological disciplines, including NakshatraNadi, Vedic Astrology, Rekhi, Vastu, and Agnihotra. He is also highly skilled in Prashnashastra, Numerology, Bhrigunandi Nadi, Crystal, Jaimini, and the intricate art of match making.
His multifaceted expertise cements his reputation as a multifaceted astrologer capable of providing invaluable insights into all aspects of life. When seeking astrological wisdom, Narayana stands as a beacon of knowledge, guiding individuals on their unique journeys through the cosmos.




","
Introducing Narayana, a revered astrologer whose dedication to his occupation of service has garnered him recognition and respect in the field of astrology. With a clientele of over 100 consultants from diverse backgrounds, Narayana's expertise transcends linguistic boundaries, as he is proficient in multiple languages. His mastery encompasses a wide array of astrological disciplines, including NakshatraNadi, Vedic Astrology, Rekhi, Vastu, and Agnihotra. He is also highly skilled in Prashnashastra, Numerology, Bhrigunandi Nadi, Crystal, Jaimini, and the intricate art of match making.
His multifaceted expertise cements his reputation as a multifaceted astrologer capable of providing invaluable insights into all aspects of life. When seeking astrological wisdom, Narayana stands as a beacon of knowledge, guiding individuals on their unique journeys through the cosmos.




","
Introducing Narayana, a revered astrologer whose dedication to his occupation of service has garnered him recognition and respect in the field of astrology. With a clientele of over 100 consultants from diverse backgrounds, Narayana's expertise transcends linguistic boundaries, as he is proficient in multiple languages. His mastery encompasses a wide array of astrological disciplines, including NakshatraNadi, Vedic Astrology, Rekhi, Vastu, and Agnihotra. He is also highly skilled in Prashnashastra, Numerology, Bhrigunandi Nadi, Crystal, Jaimini, and the intricate art of match making.
His multifaceted expertise cements his reputation as a multifaceted astrologer capable of providing invaluable insights into all aspects of life. When seeking astrological wisdom, Narayana stands as a beacon of knowledge, guiding individuals on their unique journeys through the cosmos.




","ನಾರಾಯಣ, ಪೂಜ್ಯ ಜ್ಯೋತಿಷಿಯನ್ನು ಪರಿಚಯಿಸುವುದು, ಅವರ ಸೇವೆಯ ಉದ್ಯೋಗಕ್ಕಾಗಿ ಅವರ ಸಮರ್ಪಣೆಯು ಜ್ಯೋತಿಷ್ಯ ಕ್ಷೇತ್ರದಲ್ಲಿ ಅವರಿಗೆ ಮನ್ನಣೆ ಮತ್ತು ಗೌರವವನ್ನು ಗಳಿಸಿದೆ. ವೈವಿಧ್ಯಮಯ ಹಿನ್ನೆಲೆಯಿಂದ 100 ಕ್ಕೂ ಹೆಚ್ಚು ಸಲಹೆಗಾರರನ್ನು ಹೊಂದಿರುವ ಗ್ರಾಹಕರೊಂದಿಗೆ, ನಾರಾಯಣ ಅವರ ಪರಿಣತಿಯು ಭಾಷಾ ಗಡಿಗಳನ್ನು ಮೀರಿದೆ, ಏಕೆಂದರೆ ಅವರು ಬಹು ಭಾಷೆಗಳಲ್ಲಿ ಪ್ರವೀಣರಾಗಿದ್ದಾರೆ. ಅವರ ಪಾಂಡಿತ್ಯವು ನಕ್ಷತ್ರನಾಡಿ, ವೈದಿಕ ಜ್ಯೋತಿಷ್ಯ, ರೇಖಿ, ವಾಸ್ತು ಮತ್ತು ಅಗ್ನಿಹೋತ್ರ ಸೇರಿದಂತೆ ಜ್ಯೋತಿಷ್ಯಶಾಸ್ತ್ರದ ವ್ಯಾಪಕ ಶ್ರೇಣಿಯನ್ನು ಒಳಗೊಂಡಿದೆ. ಪ್ರಶ್ನೆಶಾಸ್ತ್ರ, ಸಂಖ್ಯಾಶಾಸ್ತ್ರ, ಭೃಗುನಂದಿ ನಾಡಿ, ಕ್ರಿಸ್ಟಲ್, ಜೈಮಿನಿ ಮತ್ತು ಜಟಿಲವಾದ ಬೆಂಕಿಕಡ್ಡಿ ಕಲೆಯಲ್ಲೂ ಅವರು ಹೆಚ್ಚು ಪರಿಣತಿ ಹೊಂದಿದ್ದಾರೆ.
ಅವರ ಬಹುಮುಖಿ ಪರಿಣತಿಯು ಬಹುಮುಖಿ ಜ್ಯೋತಿಷಿಯಾಗಿ ಜೀವನದ ಎಲ್ಲಾ ಅಂಶಗಳ ಬಗ್ಗೆ ಅಮೂಲ್ಯವಾದ ಒಳನೋಟಗಳನ್ನು ಒದಗಿಸುವ ಸಾಮರ್ಥ್ಯವನ್ನು ಹೊಂದಿದೆ. ಜ್ಯೋತಿಷ್ಯ ಜ್ಞಾನವನ್ನು ಹುಡುಕುವಾಗ, ನಾರಾಯಣನು ಜ್ಞಾನದ ದಾರಿದೀಪವಾಗಿ ನಿಲ್ಲುತ್ತಾನೆ, ಬ್ರಹ್ಮಾಂಡದ ಮೂಲಕ ಅವರ ಅನನ್ಯ ಪ್ರಯಾಣದಲ್ಲಿ ವ್ಯಕ್ತಿಗಳಿಗೆ ಮಾರ್ಗದರ್ಶನ ನೀಡುತ್ತಾರೆ.","
Introducing Narayana, a revered astrologer whose dedication to his occupation of service has garnered him recognition and respect in the field of astrology. With a clientele of over 100 consultants from diverse backgrounds, Narayana's expertise transcends linguistic boundaries, as he is proficient in multiple languages. His mastery encompasses a wide array of astrological disciplines, including NakshatraNadi, Vedic Astrology, Rekhi, Vastu, and Agnihotra. He is also highly skilled in Prashnashastra, Numerology, Bhrigunandi Nadi, Crystal, Jaimini, and the intricate art of match making.
His multifaceted expertise cements his reputation as a multifaceted astrologer capable of providing invaluable insights into all aspects of life. When seeking astrological wisdom, Narayana stands as a beacon of knowledge, guiding individuals on their unique journeys through the cosmos.




"
MEGHANA PRASAD SAGGAM,37,29.11.1985,FEMALE,7338410269,,meghanabl@gmail.com,"#27, 4th block,6th main, nandini layout banglore-560096. ",336317699291,LXTPS8013G,2,600,"Hindi,Kannada, English, Telugu","Vedic, Nakshatranadi, Numerology, Crystal, Vastu, Reiki",,SBI098989887,SBI,SBIM67878,XYZZZZ,Dr. MeghanaP,Dr. MeghanaP,Dr. MeghanaP,Dr. MeghanaP,ಡಾ. ಮೇಘನಾ ಪಿ ,Dr. MeghanaP,"Dr. Meghana is a remarkable and multifaceted individual whose occupation as a Chartered Accountant (CA) is just one facet of her incredible range of talents and skills. With a clientele of over 600 satisfied consultants, she has proven herself to be a trusted and sought-after expert in various fields. Meghana's multilingual abilities allows her to connect with people from diverse backgrounds. Her proficiency in NakshatraNadi, Vedic Astrology, Vastu, Reiki, and Crystal Healing showcases her deep-rooted knowledge of the mystical arts. She possesses a wide array of astrological skills, including expertise in Prashnashastra, Parashara, Yogas, Numerology, BhrigunandiNadi, Tara Dasa Bala, Jaimini, Matchmaking, and Muhurtha, making her a holistic guide for those seeking insight into their lives. Meghana's mastery of Crystal adds an extra dimension to her healing and divination practice, offering unique insights and solutions to those who seek her counsel. With her unparalleled skills and experience, Meghana guide and enlighten people to overcome the complexities of life.","Dr. Meghana is a remarkable and multifaceted individual whose occupation as a Chartered Accountant (CA) is just one facet of her incredible range of talents and skills. With a clientele of over 600 satisfied consultants, she has proven herself to be a trusted and sought-after expert in various fields. Meghana's multilingual abilities allows her to connect with people from diverse backgrounds. Her proficiency in NakshatraNadi, Vedic Astrology, Vastu, Rekhi, and Crystal Healing showcases her deep-rooted knowledge of the mystical arts. She possesses a wide array of astrological skills, including expertise in Prashnashastra, Parashara, Yogas, Numerology, BhrigunandiNadi, Tara Dasa Bala, Jaimini, Matchmaking, and Muhurtha, making her a holistic guide for those seeking insight into their lives. Meghana's mastery of Crystal adds an extra dimension to her healing and divination practice, offering unique insights and solutions to those who seek her counsel. With her unparalleled skills and experience, Meghana guide and enlighten people to overcome the complexities of life.","Dr. Meghana is a remarkable and multifaceted individual whose occupation as a Chartered Accountant (CA) is just one facet of her incredible range of talents and skills. With a clientele of over 600 satisfied consultants, she has proven herself to be a trusted and sought-after expert in various fields. Meghana's multilingual abilities allows her to connect with people from diverse backgrounds. Her proficiency in NakshatraNadi, Vedic Astrology, Vastu, Rekhi, and Crystal Healing showcases her deep-rooted knowledge of the mystical arts. She possesses a wide array of astrological skills, including expertise in Prashnashastra, Parashara, Yogas, Numerology, BhrigunandiNadi, Tara Dasa Bala, Jaimini, Matchmaking, and Muhurtha, making her a holistic guide for those seeking insight into their lives. Meghana's mastery of Crystal adds an extra dimension to her healing and divination practice, offering unique insights and solutions to those who seek her counsel. With her unparalleled skills and experience, Meghana guide and enlighten people to overcome the complexities of life.","Dr. Meghana is a remarkable and multifaceted individual whose occupation as a Chartered Accountant (CA) is just one facet of her incredible range of talents and skills. With a clientele of over 600 satisfied consultants, she has proven herself to be a trusted and sought-after expert in various fields. Meghana's multilingual abilities allows her to connect with people from diverse backgrounds. Her proficiency in NakshatraNadi, Vedic Astrology, Vastu, Rekhi, and Crystal Healing showcases her deep-rooted knowledge of the mystical arts. She possesses a wide array of astrological skills, including expertise in Prashnashastra, Parashara, Yogas, Numerology, BhrigunandiNadi, Tara Dasa Bala, Jaimini, Matchmaking, and Muhurtha, making her a holistic guide for those seeking insight into their lives. Meghana's mastery of Crystal adds an extra dimension to her healing and divination practice, offering unique insights and solutions to those who seek her counsel. With her unparalleled skills and experience, Meghana guide and enlighten people to overcome the complexities of life.","ಡಾ. ಮೇಘನಾ ಅವರು ಚಾರ್ಟರ್ಡ್ ಅಕೌಂಟೆಂಟ್ (CA) ವೃತ್ತಿಯು ಗಮನಾರ್ಹ ಮತ್ತು ಬಹುಮುಖಿ ವ್ಯಕ್ತಿಯಾಗಿದ್ದು, ಅವರ ಅದ್ಭುತ ಶ್ರೇಣಿಯ ಪ್ರತಿಭೆ ಮತ್ತು ಕೌಶಲ್ಯಗಳ ಒಂದು ಮುಖವಾಗಿದೆ. 600 ಕ್ಕೂ ಹೆಚ್ಚು ಸಂತೃಪ್ತ ಸಲಹೆಗಾರರನ್ನು ಹೊಂದಿರುವ ಗ್ರಾಹಕರೊಂದಿಗೆ, ಅವರು ವಿವಿಧ ಕ್ಷೇತ್ರಗಳಲ್ಲಿ ವಿಶ್ವಾಸಾರ್ಹ ಮತ್ತು ಬೇಡಿಕೆಯ ಪರಿಣಿತರು ಎಂದು ಸಾಬೀತುಪಡಿಸಿದ್ದಾರೆ. ಮೇಘನಾ ಅವರ ಬಹುಭಾಷಾ ಸಾಮರ್ಥ್ಯಗಳು ವೈವಿಧ್ಯಮಯ ಹಿನ್ನೆಲೆಯ ಜನರೊಂದಿಗೆ ಸಂಪರ್ಕ ಸಾಧಿಸಲು ಅನುವು ಮಾಡಿಕೊಡುತ್ತದೆ. ನಕ್ಷತ್ರನಾಡಿ, ವೈದಿಕ ಜ್ಯೋತಿಷ್ಯ, ವಾಸ್ತು, ರೇಖಿ ಮತ್ತು ಕ್ರಿಸ್ಟಲ್ ಹೀಲಿಂಗ್‌ನಲ್ಲಿ ಅವರ ಪ್ರಾವೀಣ್ಯತೆಯು ಅತೀಂದ್ರಿಯ ಕಲೆಗಳ ಆಳವಾದ ಬೇರೂರಿರುವ ಜ್ಞಾನವನ್ನು ತೋರಿಸುತ್ತದೆ. ಅವರು ಪ್ರಶ್ನೆಶಾಸ್ತ್ರ, ಪರಾಶರ, ಯೋಗಗಳು, ಸಂಖ್ಯಾಶಾಸ್ತ್ರ, ಭೃಗುನಂದಿನಾಡಿ, ತಾರಾ ದಶಾ ಬಲ, ಜೈಮಿನಿ, ಹೊಂದಾಣಿಕೆ ಮತ್ತು ಮುಹೂರ್ತದಲ್ಲಿ ಪರಿಣತಿಯನ್ನು ಒಳಗೊಂಡಂತೆ ಜ್ಯೋತಿಷ್ಯ ಕೌಶಲ್ಯಗಳ ವ್ಯಾಪಕ ಶ್ರೇಣಿಯನ್ನು ಹೊಂದಿದ್ದು, ಅವರ ಜೀವನದ ಒಳನೋಟವನ್ನು ಬಯಸುವವರಿಗೆ ಸಮಗ್ರ ಮಾರ್ಗದರ್ಶಿಯಾಗಿದ್ದಾರೆ. ಕ್ರಿಸ್ಟಲ್‌ನಲ್ಲಿ ಮೇಘನಾ ಅವರ ಪಾಂಡಿತ್ಯವು ಅವರ ಚಿಕಿತ್ಸೆ ಮತ್ತು ಭವಿಷ್ಯಜ್ಞಾನದ ಅಭ್ಯಾಸಕ್ಕೆ ಹೆಚ್ಚುವರಿ ಆಯಾಮವನ್ನು ನೀಡುತ್ತದೆ, ಅವರ ಸಲಹೆಯನ್ನು ಪಡೆಯುವವರಿಗೆ ಅನನ್ಯ ಒಳನೋಟಗಳು ಮತ್ತು ಪರಿಹಾರಗಳನ್ನು ನೀಡುತ್ತದೆ. ತನ್ನ ಅಪ್ರತಿಮ ಕೌಶಲ್ಯ ಮತ್ತು ಅನುಭವದೊಂದಿಗೆ, ಮೇಘನಾ ಜೀವನದ ಸಂಕೀರ್ಣತೆಗಳನ್ನು ಜಯಿಸಲು ಜನರಿಗೆ ಮಾರ್ಗದರ್ಶನ ಮತ್ತು ಜ್ಞಾನವನ್ನು ನೀಡುತ್ತಾರೆ.","Dr. Meghana is a remarkable and multifaceted individual whose occupation as a Chartered Accountant (CA) is just one facet of her incredible range of talents and skills. With a clientele of over 600 satisfied consultants, she has proven herself to be a trusted and sought-after expert in various fields. Meghana's multilingual abilities allows her to connect with people from diverse backgrounds. Her proficiency in NakshatraNadi, Vedic Astrology, Vastu, Rekhi, and Crystal Healing showcases her deep-rooted knowledge of the mystical arts. She possesses a wide array of astrological skills, including expertise in Prashnashastra, Parashara, Yogas, Numerology, BhrigunandiNadi, Tara Dasa Bala, Jaimini, Matchmaking, and Muhurtha, making her a holistic guide for those seeking insight into their lives. Meghana's mastery of Crystal adds an extra dimension to her healing and divination practice, offering unique insights and solutions to those who seek her counsel. With her unparalleled skills and experience, Meghana guide and enlighten people to overcome the complexities of life."
YASHODHA BASAVANNA,39,19.04.1984,FEMALE,9886665285,9980838945,b.yashodha@gmail.com,"#280, samruddhi,6th cross, 5th block,Bhuvaneshwarinagar, katriguppe,BSK 3rd stage,  bangalore-560085.",328275644858,AMCPB8385K,1,10,"Hindi, Kannada, English","Vedic, Nakshatranadi, Numerology, Crystal, Vastu, Reiki",,SBI098989887,SBI,SBIM67878,XYZZZZ,YashodhaB,YashodhaB,YashodhaB,YashodhaB,ಯಶೋಧ ಬಿ,YashodhaB,"Yashodha is a remarkable individual who seamlessly blends her role as a dedicated homemaker with a profound passion for the mystical world of astrology and holistic healing. With her expertise in Nakshatra Nadi, Vedic Astrology, Vastu, Reiki, Crystal Healing, Prashnashastra, Parashara, and Yogas, she provides insightful guidance on life's most complicated questions. Yashodha's skills in Numerology offer an additional layer of wisdom, helping individuals understand the numerical codes of their destinies. What truly sets Yashodha apart is her proficiency in BhrigunandiNadi, Jaimini, and the delicate art of match-making. Her expertise in Muhurtha ensures that auspicious moments are chosen for significant life events. Yashodha is your trusted guide into the mystical world of astrology and holistic well-being.","Yashodha is a remarkable individual who seamlessly blends her role as a dedicated homemaker with a profound passion for the mystical world of astrology and holistic healing. With her expertise in Nakshatra Nadi, Vedic Astrology, Vastu, Reiki, Crystal Healing, Prashnashastra, Parashara, and Yogas, she provides insightful guidance on life's most complicated questions. Yashodha's skills in Numerology offer an additional layer of wisdom, helping individuals understand the numerical codes of their destinies. What truly sets Yashodha apart is her proficiency in BhrigunandiNadi, Jaimini, and the delicate art of match-making. Her expertise in Muhurtha ensures that auspicious moments are chosen for significant life events. Yashodha is your trusted guide into the mystical world of astrology and holistic well-being.","Yashodha is a remarkable individual who seamlessly blends her role as a dedicated homemaker with a profound passion for the mystical world of astrology and holistic healing. With her expertise in Nakshatra Nadi, Vedic Astrology, Vastu, Reiki, Crystal Healing, Prashnashastra, Parashara, and Yogas, she provides insightful guidance on life's most complicated questions. Yashodha's skills in Numerology offer an additional layer of wisdom, helping individuals understand the numerical codes of their destinies. What truly sets Yashodha apart is her proficiency in BhrigunandiNadi, Jaimini, and the delicate art of match-making. Her expertise in Muhurtha ensures that auspicious moments are chosen for significant life events. Yashodha is your trusted guide into the mystical world of astrology and holistic well-being.","Yashodha is a remarkable individual who seamlessly blends her role as a dedicated homemaker with a profound passion for the mystical world of astrology and holistic healing. With her expertise in Nakshatra Nadi, Vedic Astrology, Vastu, Reiki, Crystal Healing, Prashnashastra, Parashara, and Yogas, she provides insightful guidance on life's most complicated questions. Yashodha's skills in Numerology offer an additional layer of wisdom, helping individuals understand the numerical codes of their destinies. What truly sets Yashodha apart is her proficiency in BhrigunandiNadi, Jaimini, and the delicate art of match-making. Her expertise in Muhurtha ensures that auspicious moments are chosen for significant life events. Yashodha is your trusted guide into the mystical world of astrology and holistic well-being.","ಜ್ಯೋತಿಷ್ಯ ಮತ್ತು ಸಮಗ್ರ ಗುಣಪಡಿಸುವಿಕೆಯ ಅತೀಂದ್ರಿಯ ಪ್ರಪಂಚದ ಬಗ್ಗೆ ಆಳವಾದ ಉತ್ಸಾಹದೊಂದಿಗೆ ಸಮರ್ಪಿತ ಗೃಹಿಣಿಯಾಗಿ ತನ್ನ ಪಾತ್ರವನ್ನು ಮನಬಂದಂತೆ ಸಂಯೋಜಿಸುವ ಯಶೋಧ ಗಮನಾರ್ಹ ವ್ಯಕ್ತಿ. ನಕ್ಷತ್ರ ನಾಡಿ, ವೈದಿಕ ಜ್ಯೋತಿಷ್ಯ, ವಾಸ್ತು, ರೇಖಿ, ಕ್ರಿಸ್ಟಲ್ ಹೀಲಿಂಗ್, ಪ್ರಶ್ನೆಶಾಸ್ತ್ರ, ಪರಾಶರ ಮತ್ತು ಯೋಗಗಳಲ್ಲಿ ಅವರ ಪರಿಣತಿಯೊಂದಿಗೆ, ಅವರು ಜೀವನದ ಅತ್ಯಂತ ಸಂಕೀರ್ಣವಾದ ಪ್ರಶ್ನೆಗಳ ಬಗ್ಗೆ ಒಳನೋಟವುಳ್ಳ ಮಾರ್ಗದರ್ಶನವನ್ನು ನೀಡುತ್ತಾರೆ. ಸಂಖ್ಯಾಶಾಸ್ತ್ರದಲ್ಲಿ ಯಶೋಧಾ ಅವರ ಕೌಶಲ್ಯಗಳು ಬುದ್ಧಿವಂತಿಕೆಯ ಹೆಚ್ಚುವರಿ ಪದರವನ್ನು ನೀಡುತ್ತವೆ, ವ್ಯಕ್ತಿಗಳು ತಮ್ಮ ಭವಿಷ್ಯಗಳ ಸಂಖ್ಯಾ ಸಂಕೇತಗಳನ್ನು ಅರ್ಥಮಾಡಿಕೊಳ್ಳಲು ಸಹಾಯ ಮಾಡುತ್ತದೆ. ಭೃಗುನಂದಿನಾಡಿ, ಜೈಮಿನಿ, ಮತ್ತು ಹೊಂದಾಣಿಕೆಯ ಸೂಕ್ಷ್ಮ ಕಲೆಗಳಲ್ಲಿ ಯಶೋಧಾಳನ್ನು ನಿಜವಾಗಿಯೂ ಪ್ರತ್ಯೇಕಿಸುತ್ತದೆ. ಮುಹೂರ್ತದಲ್ಲಿ ಅವರ ಪರಿಣತಿಯು ಮಹತ್ವದ ಜೀವನದ ಘಟನೆಗಳಿಗೆ ಮಂಗಳಕರ ಕ್ಷಣಗಳನ್ನು ಆಯ್ಕೆ ಮಾಡುವುದನ್ನು ಖಚಿತಪಡಿಸುತ್ತದೆ. ಜ್ಯೋತಿಷ್ಯ ಮತ್ತು ಸಮಗ್ರ ಯೋಗಕ್ಷೇಮದ ಅತೀಂದ್ರಿಯ ಜಗತ್ತಿನಲ್ಲಿ ಯಶೋಧ ನಿಮ್ಮ ವಿಶ್ವಾಸಾರ್ಹ ಮಾರ್ಗದರ್ಶಿಯಾಗಿದ್ದಾರೆ.","Yashodha is a remarkable individual who seamlessly blends her role as a dedicated homemaker with a profound passion for the mystical world of astrology and holistic healing. With her expertise in Nakshatra Nadi, Vedic Astrology, Vastu, Reiki, Crystal Healing, Prashnashastra, Parashara, and Yogas, she provides insightful guidance on life's most complicated questions. Yashodha's skills in Numerology offer an additional layer of wisdom, helping individuals understand the numerical codes of their destinies. What truly sets Yashodha apart is her proficiency in BhrigunandiNadi, Jaimini, and the delicate art of match-making. Her expertise in Muhurtha ensures that auspicious moments are chosen for significant life events. Yashodha is your trusted guide into the mystical world of astrology and holistic well-being."
HEMANTH V.,24,23.04.1999,MALE,6361421480,8296712073,hemanthavhiriyour@gmail.com,"T.B Circle, Hiriyur, Chitradurga-577599.",708794599123,AXTPH5603A,4,5000,"Kannada, English","Vedic, Nakshatranadi",,SBI098989887,SBI,SBIM67878,XYZZZZ,HemanthV,HemanthV,HemanthV,HemanthV,ಹೇಮಂತ್‌ ವಿ   ,HemanthV,"Introducing Hemanth, a multifaceted individual whose extraordinary blend of talents transcends the boundaries of his primary occupation as a software engineer. With a remarkable consultations of over 5,000 clienteles, Hemanth has emerged as a luminary in the realm of astrology. His profound expertise spans the domains of NakshatraNadi, Vedic Astrology, and psychology, offering a holistic approach to understanding the intricate tapestry of human existence. His mastery extends to the intricacies of Prashnashastra, Parashara, Yogas, Bhrigunandi Nadi, Tara Dasa Bala, and the delicate art of matchmaking. In the world of astrology, he is revered for his insightful predictions and sage guidance, drawing upon the profound wisdom of ancient Vedic traditions.","Introducing Hemanth, a multifaceted individual whose extraordinary blend of talents transcends the boundaries of his primary occupation as a software engineer. With a remarkable consultations of over 5,000 clienteles, Hemanth has emerged as a luminary in the realm of astrology. His profound expertise spans the domains of NakshatraNadi, Vedic Astrology, and psychology, offering a holistic approach to understanding the intricate tapestry of human existence. His mastery extends to the intricacies of Prashnashastra, Parashara, Yogas, Bhrigunandi Nadi, Tara Dasa Bala, and the delicate art of matchmaking. In the world of astrology, he is revered for his insightful predictions and sage guidance, drawing upon the profound wisdom of ancient Vedic traditions.","Introducing Hemanth, a multifaceted individual whose extraordinary blend of talents transcends the boundaries of his primary occupation as a software engineer. With a remarkable consultations of over 5,000 clienteles, Hemanth has emerged as a luminary in the realm of astrology. His profound expertise spans the domains of NakshatraNadi, Vedic Astrology, and psychology, offering a holistic approach to understanding the intricate tapestry of human existence. His mastery extends to the intricacies of Prashnashastra, Parashara, Yogas, Bhrigunandi Nadi, Tara Dasa Bala, and the delicate art of matchmaking. In the world of astrology, he is revered for his insightful predictions and sage guidance, drawing upon the profound wisdom of ancient Vedic traditions.","Introducing Hemanth, a multifaceted individual whose extraordinary blend of talents transcends the boundaries of his primary occupation as a software engineer. With a remarkable consultations of over 5,000 clienteles, Hemanth has emerged as a luminary in the realm of astrology. His profound expertise spans the domains of NakshatraNadi, Vedic Astrology, and psychology, offering a holistic approach to understanding the intricate tapestry of human existence. His mastery extends to the intricacies of Prashnashastra, Parashara, Yogas, Bhrigunandi Nadi, Tara Dasa Bala, and the delicate art of matchmaking. In the world of astrology, he is revered for his insightful predictions and sage guidance, drawing upon the profound wisdom of ancient Vedic traditions.","ಸಾಫ್ಟ್‌ವೇರ್ ಇಂಜಿನಿಯರ್ ಆಗಿ ತನ್ನ ಪ್ರಾಥಮಿಕ ಉದ್ಯೋಗದ ಗಡಿಗಳನ್ನು ಮೀರಿದ ಪ್ರತಿಭೆಗಳ ಅಸಾಧಾರಣ ಮಿಶ್ರಣವನ್ನು ಹೊಂದಿರುವ ಬಹುಮುಖಿ ವ್ಯಕ್ತಿ ಹೇಮಂತ್‌ನನ್ನು ಪರಿಚಯಿಸಲಾಗುತ್ತಿದೆ. 5,000 ಕ್ಕೂ ಹೆಚ್ಚು ಗ್ರಾಹಕರ ಗಮನಾರ್ಹ ಸಮಾಲೋಚನೆಯೊಂದಿಗೆ, ಹೇಮಂತ್ ಜ್ಯೋತಿಷ್ಯ ಕ್ಷೇತ್ರದಲ್ಲಿ ಪ್ರಕಾಶಕರಾಗಿ ಹೊರಹೊಮ್ಮಿದ್ದಾರೆ. ಅವರ ಆಳವಾದ ಪರಿಣತಿಯು ನಕ್ಷತ್ರನಾಡಿ, ವೈದಿಕ ಜ್ಯೋತಿಷ್ಯ ಮತ್ತು ಮನೋವಿಜ್ಞಾನದ ಕ್ಷೇತ್ರಗಳನ್ನು ವ್ಯಾಪಿಸಿದೆ, ಮಾನವ ಅಸ್ತಿತ್ವದ ಸಂಕೀರ್ಣವಾದ ವಸ್ತ್ರವನ್ನು ಅರ್ಥಮಾಡಿಕೊಳ್ಳಲು ಸಮಗ್ರ ವಿಧಾನವನ್ನು ನೀಡುತ್ತದೆ. ಅವರ ಪಾಂಡಿತ್ಯವು ಪ್ರಶ್ನಶಾಸ್ತ್ರ, ಪರಾಶರ, ಯೋಗಗಳು, ಭೃಗುನಂದಿ ನಾಡಿ, ತಾರಾ ದಶಾ ಬಲ ಮತ್ತು ಸೂಕ್ಷ್ಮವಾದ ಹೊಂದಾಣಿಕೆಯ ಕಲೆಯ ಜಟಿಲತೆಗಳಿಗೆ ವಿಸ್ತರಿಸುತ್ತದೆ. ಜ್ಯೋತಿಷ್ಯದ ಜಗತ್ತಿನಲ್ಲಿ, ಪ್ರಾಚೀನ ವೈದಿಕ ಸಂಪ್ರದಾಯಗಳ ಆಳವಾದ ಬುದ್ಧಿವಂತಿಕೆಯ ಮೇಲೆ ಚಿತ್ರಿಸುವ ಅವರ ಒಳನೋಟವುಳ್ಳ ಭವಿಷ್ಯವಾಣಿಗಳು ಮತ್ತು ಋಷಿ ಮಾರ್ಗದರ್ಶನಕ್ಕಾಗಿ ಅವರು ಗೌರವಿಸಲ್ಪಡುತ್ತಾರೆ.","Introducing Hemanth, a multifaceted individual whose extraordinary blend of talents transcends the boundaries of his primary occupation as a software engineer. With a remarkable consultations of over 5,000 clienteles, Hemanth has emerged as a luminary in the realm of astrology. His profound expertise spans the domains of NakshatraNadi, Vedic Astrology, and psychology, offering a holistic approach to understanding the intricate tapestry of human existence. His mastery extends to the intricacies of Prashnashastra, Parashara, Yogas, Bhrigunandi Nadi, Tara Dasa Bala, and the delicate art of matchmaking. In the world of astrology, he is revered for his insightful predictions and sage guidance, drawing upon the profound wisdom of ancient Vedic traditions."
CHIDANAND M. SARA,49,12.10.1973,MALE,8310179495,8123811554,chidanandsarapure@gmail.com,"No:C, 1st floor,Polyiechnic staff Qtrs,Nidasoshi, 591236",728337884715,GULPS1861Q,0,,"Hindi, Kannada, English, Marathi"," Nakshatranadi, Numerology, Crystal, Vastu, Reiki",,SBI098989887,SBI,SBIM67878,XYZZZZ,ChidanandaM,ChidanandaM,ChidanandaM,ChidanandaM,ಚಿದಾನಂದ ಎಂ  ,ChidanandaM,"Chidananda, a multifaceted individual, is much more than your typical assistant professor. With a profound understanding of the celestial realmshe bacame a distinguished figure in the world of astrology. Fluent in multiple languages, he effortlessly connects with people globally. Chidananda's specialization in Nakshatra Nadi, Reiki, Vastu, Numerology, Bhrigunandi Nadi, and Crystal healing showcases his versatility in the mystical arts. With Chidananda, embark on a journey of self-discovery, where science meets the spiritual, and ancient wisdom illuminates the modern world.","Chidananda, a multifaceted individual, is much more than your typical assistant professor. With a profound understanding of the celestial realmshe bacame a distinguished figure in the world of astrology. Fluent in multiple languages, he effortlessly connects with people globally. Chidananda's specialization in Nakshatra Nadi, Rekhi, Vastu, Numerology, Bhrigunandi Nadi, and Crystal healing showcases his versatility in the mystical arts. With Chidananda, embark on a journey of self-discovery, where science meets the spiritual, and ancient wisdom illuminates the modern world.","Chidananda, a multifaceted individual, is much more than your typical assistant professor. With a profound understanding of the celestial realmshe bacame a distinguished figure in the world of astrology. Fluent in multiple languages, he effortlessly connects with people globally. Chidananda's specialization in Nakshatra Nadi, Rekhi, Vastu, Numerology, Bhrigunandi Nadi, and Crystal healing showcases his versatility in the mystical arts. With Chidananda, embark on a journey of self-discovery, where science meets the spiritual, and ancient wisdom illuminates the modern world.","Chidananda, a multifaceted individual, is much more than your typical assistant professor. With a profound understanding of the celestial realmshe bacame a distinguished figure in the world of astrology. Fluent in multiple languages, he effortlessly connects with people globally. Chidananda's specialization in Nakshatra Nadi, Rekhi, Vastu, Numerology, Bhrigunandi Nadi, and Crystal healing showcases his versatility in the mystical arts. With Chidananda, embark on a journey of self-discovery, where science meets the spiritual, and ancient wisdom illuminates the modern world.","ಚಿದಾನಂದ, ಬಹುಮುಖಿ ವ್ಯಕ್ತಿ, ನಿಮ್ಮ ಸಾಮಾನ್ಯ ಸಹಾಯಕ ಪ್ರಾಧ್ಯಾಪಕರಿಗಿಂತ ಹೆಚ್ಚು. ಆಕಾಶದ ಸಾಮ್ರಾಜ್ಯದ ಆಳವಾದ ತಿಳುವಳಿಕೆಯೊಂದಿಗೆ ಅವರು ಜ್ಯೋತಿಷ್ಯ ಜಗತ್ತಿನಲ್ಲಿ ಒಂದು ವಿಶಿಷ್ಟ ವ್ಯಕ್ತಿಯಾಗಿ ಹೊರಹೊಮ್ಮಿದಳು. ಬಹು ಭಾಷೆಗಳಲ್ಲಿ ನಿರರ್ಗಳವಾಗಿ, ಅವರು ಜಾಗತಿಕವಾಗಿ ಜನರೊಂದಿಗೆ ಸಲೀಸಾಗಿ ಸಂಪರ್ಕ ಸಾಧಿಸುತ್ತಾರೆ. ನಕ್ಷತ್ರ ನಾಡಿ, ರೇಖಿ, ವಾಸ್ತು, ಸಂಖ್ಯಾಶಾಸ್ತ್ರ, ಭೃಗುನಂದಿ ನಾಡಿ ಮತ್ತು ಕ್ರಿಸ್ಟಲ್ ಹೀಲಿಂಗ್‌ನಲ್ಲಿ ಚಿದಾನಂದರ ವಿಶೇಷತೆಯು ಅತೀಂದ್ರಿಯ ಕಲೆಗಳಲ್ಲಿ ಅವರ ಬಹುಮುಖತೆಯನ್ನು ತೋರಿಸುತ್ತದೆ. ಚಿದಾನಂದರೊಂದಿಗೆ, ಸ್ವಯಂ ಅನ್ವೇಷಣೆಯ ಪ್ರಯಾಣವನ್ನು ಪ್ರಾರಂಭಿಸಿ, ಅಲ್ಲಿ ವಿಜ್ಞಾನವು ಆಧ್ಯಾತ್ಮಿಕತೆಯನ್ನು ಭೇಟಿ ಮಾಡುತ್ತದೆ ಮತ್ತು ಪ್ರಾಚೀನ ಬುದ್ಧಿವಂತಿಕೆಯು ಆಧುನಿಕ ಜಗತ್ತನ್ನು ಬೆಳಗಿಸುತ್ತದೆ.","Chidananda, a multifaceted individual, is much more than your typical assistant professor. With a profound understanding of the celestial realmshe bacame a distinguished figure in the world of astrology. Fluent in multiple languages, he effortlessly connects with people globally. Chidananda's specialization in Nakshatra Nadi, Rekhi, Vastu, Numerology, Bhrigunandi Nadi, and Crystal healing showcases his versatility in the mystical arts. With Chidananda, embark on a journey of self-discovery, where science meets the spiritual, and ancient wisdom illuminates the modern world."
AJIT B. KHAVATAKOP,44,26.11.1978,MALE,9886165836,,ajitbk.all@gmail.com>,"Ugar Budruk,( T)Kagawad, Belgaum-591316.",454255015868,AOLPK7053G,4,2000,"Kannada, Hindi, Marathi","Vedic, Nakshatranadi, Numerology, Crystal, Vastu, Reiki",,SBI098989887,SBI,SBIM67878,XYZZZZ,Dr. AjitB,Dr. AjitB,Dr. AjitB,Dr. AjitB, ಡಾ. ಅಜಿತ್ ಬಿ ,Dr. AjitB,"
Introducing Dr. Ajit, a renowned Astrologer with an illustrious career spanning decades. With a clientele of over 4,000 satisfied individuals seeking his celestial guidance, Ajit has firmly established himself as a beacon of wisdom in the world of astrology. His expertise extends across a multifaceted spectrum of astrological disciplines, including NakshatraNadi, Vedic Astrology, Reiki, Crystal, Prashnashastra, Parashara, Numerology, BhrigunandiNadi, Tara Dasa Bala, Matchmaking and Vastu. Ajit's mastery in these various astrological domains makes him a versatile and sought-after astrologer, capable of providing insights into diverse aspects of life, be it career, relationships, health, or spiritual growth. ","
Introducing Dr. Ajit, a renowned Astrologer with an illustrious career spanning decades. With a clientele of over 4,000 satisfied individuals seeking his celestial guidance, Ajit has firmly established himself as a beacon of wisdom in the world of astrology. His expertise extends across a multifaceted spectrum of astrological disciplines, including NakshatraNadi, Vedic Astrology, Rekhi, Crystal, Prashnashastra, Parashara, Numerology, BhrigunandiNadi, Tara Dasa Bala, Matchmaking and Vastu. Ajit's mastery in these various astrological domains makes him a versatile and sought-after astrologer, capable of providing insights into diverse aspects of life, be it career, relationships, health, or spiritual growth. ","
Introducing Dr. Ajit, a renowned Astrologer with an illustrious career spanning decades. With a clientele of over 4,000 satisfied individuals seeking his celestial guidance, Ajit has firmly established himself as a beacon of wisdom in the world of astrology. His expertise extends across a multifaceted spectrum of astrological disciplines, including NakshatraNadi, Vedic Astrology, Rekhi, Crystal, Prashnashastra, Parashara, Numerology, BhrigunandiNadi, Tara Dasa Bala, Matchmaking and Vastu. Ajit's mastery in these various astrological domains makes him a versatile and sought-after astrologer, capable of providing insights into diverse aspects of life, be it career, relationships, health, or spiritual growth. ","
Introducing Dr. Ajit, a renowned Astrologer with an illustrious career spanning decades. With a clientele of over 4,000 satisfied individuals seeking his celestial guidance, Ajit has firmly established himself as a beacon of wisdom in the world of astrology. His expertise extends across a multifaceted spectrum of astrological disciplines, including NakshatraNadi, Vedic Astrology, Rekhi, Crystal, Prashnashastra, Parashara, Numerology, BhrigunandiNadi, Tara Dasa Bala, Matchmaking and Vastu. Ajit's mastery in these various astrological domains makes him a versatile and sought-after astrologer, capable of providing insights into diverse aspects of life, be it career, relationships, health, or spiritual growth. ","ದಶಕಗಳ ಕಾಲದ ಸುಪ್ರಸಿದ್ಧ ವೃತ್ತಿಜೀವನವನ್ನು ಹೊಂದಿರುವ ಖ್ಯಾತ ಜ್ಯೋತಿಷಿ ಡಾ. ಅಜಿತ್ ಅವರನ್ನು ಪರಿಚಯಿಸಲಾಗುತ್ತಿದೆ. 4,000 ಕ್ಕೂ ಹೆಚ್ಚು ಸಂತೃಪ್ತ ವ್ಯಕ್ತಿಗಳ ಗ್ರಾಹಕರೊಂದಿಗೆ ಅವರ ಸ್ವರ್ಗೀಯ ಮಾರ್ಗದರ್ಶನವನ್ನು ಬಯಸುತ್ತಿರುವ ಅಜಿತ್ ಅವರು ಜ್ಯೋತಿಷ್ಯ ಜಗತ್ತಿನಲ್ಲಿ ಬುದ್ಧಿವಂತಿಕೆಯ ದಾರಿದೀಪವಾಗಿ ದೃಢವಾಗಿ ಸ್ಥಾಪಿಸಿಕೊಂಡಿದ್ದಾರೆ. ಅವರ ಪರಿಣತಿಯು ನಕ್ಷತ್ರನಾಡಿ, ವೈದಿಕ ಜ್ಯೋತಿಷ್ಯ, ರೇಖಿ, ಕ್ರಿಸ್ಟಲ್, ಪ್ರಶ್ನೆಶಾಸ್ತ್ರ, ಪರಾಶರ, ಸಂಖ್ಯಾಶಾಸ್ತ್ರ, ಭೃಗುನಂದಿನಾಡಿ, ತಾರಾ ದಶಾ ಬಲ, ಹೊಂದಾಣಿಕೆ ಮತ್ತು ವಾಸ್ತು ಸೇರಿದಂತೆ ಜ್ಯೋತಿಷ್ಯ ವಿಭಾಗಗಳ ಬಹುಮುಖಿ ಸ್ಪೆಕ್ಟ್ರಮ್‌ನಲ್ಲಿ ವ್ಯಾಪಿಸಿದೆ. ಈ ವಿವಿಧ ಜ್ಯೋತಿಷ್ಯ ಡೊಮೇನ್‌ಗಳಲ್ಲಿ ಅಜಿತ್‌ನ ಪಾಂಡಿತ್ಯವು ಅವರನ್ನು ಬಹುಮುಖ ಮತ್ತು ಬೇಡಿಕೆಯ ಜ್ಯೋತಿಷಿಯನ್ನಾಗಿ ಮಾಡುತ್ತದೆ, ಇದು ವೃತ್ತಿ, ಸಂಬಂಧಗಳು, ಆರೋಗ್ಯ ಅಥವಾ ಆಧ್ಯಾತ್ಮಿಕ ಬೆಳವಣಿಗೆಯಾಗಿರಬಹುದು, ಜೀವನದ ವಿವಿಧ ಅಂಶಗಳ ಒಳನೋಟಗಳನ್ನು ಒದಗಿಸುವ ಸಾಮರ್ಥ್ಯವನ್ನು ಹೊಂದಿದೆ. ""","
Introducing Dr. Ajit, a renowned Astrologer with an illustrious career spanning decades. With a clientele of over 4,000 satisfied individuals seeking his celestial guidance, Ajit has firmly established himself as a beacon of wisdom in the world of astrology. His expertise extends across a multifaceted spectrum of astrological disciplines, including NakshatraNadi, Vedic Astrology, Rekhi, Crystal, Prashnashastra, Parashara, Numerology, BhrigunandiNadi, Tara Dasa Bala, Matchmaking and Vastu. Ajit's mastery in these various astrological domains makes him a versatile and sought-after astrologer, capable of providing insights into diverse aspects of life, be it career, relationships, health, or spiritual growth. "
KUMAR K. B.,47,08.05.1977,MALE,636345341,9008177135,kumarkb09kumarkb45@gmail.com,"#7, 9th floor, 4th D cross, 5th min, banaglore-560026",617496419247,BQBPK0913N,10,10000,"Hindi, Kannada","Vedic, Nakshatranadi, Vastu",,SBI098989887,SBI,SBIM67878,XYZZZZ,KumarKB,KumarKB,KumarKB,KumarKB,ಕುಮಾರ್ ಕೆ  ಬಿ  ,KumarKB,"Introducing Kumar, a distinguished astrologer whose profound knowledge and expertise in the mystical world of astrology have earned him a prominent place in the field. With a career rooted in business, Kumar has not only amassed a wealth of experience but has also touched the lives of over 10,000 individuals through his insightful consultations. What sets Kumar apart is his mastery of various astrological disciplines, including the advanced NakshatraNadi system, Agnihotra, Maha Vastu, Ashtamangala, rashnashastra, Parashara, Yogas, and Muhurtha making him a multifaceted astrologer. With Kumar as your astrologer, you embark on a journey of self-discovery and enlightenment, where the celestial bodies reveal their secrets and offer profound insights into your life's path.","Introducing Kumar, a distinguished astrologer whose profound knowledge and expertise in the mystical world of astrology have earned him a prominent place in the field. With a career rooted in business, Kumar has not only amassed a wealth of experience but has also touched the lives of over 10,000 individuals through his insightful consultations. What sets Kumar apart is his mastery of various astrological disciplines, including the advanced NakshatraNadi system, Agnihotra, Maha Vastu, Ashtamangala, rashnashastra, Parashara, Yogas, and Muhurtha making him a multifaceted astrologer. With Kumar as your astrologer, you embark on a journey of self-discovery and enlightenment, where the celestial bodies reveal their secrets and offer profound insights into your life's path.","Introducing Kumar, a distinguished astrologer whose profound knowledge and expertise in the mystical world of astrology have earned him a prominent place in the field. With a career rooted in business, Kumar has not only amassed a wealth of experience but has also touched the lives of over 10,000 individuals through his insightful consultations. What sets Kumar apart is his mastery of various astrological disciplines, including the advanced NakshatraNadi system, Agnihotra, Maha Vastu, Ashtamangala, rashnashastra, Parashara, Yogas, and Muhurtha making him a multifaceted astrologer. With Kumar as your astrologer, you embark on a journey of self-discovery and enlightenment, where the celestial bodies reveal their secrets and offer profound insights into your life's path.","Introducing Kumar, a distinguished astrologer whose profound knowledge and expertise in the mystical world of astrology have earned him a prominent place in the field. With a career rooted in business, Kumar has not only amassed a wealth of experience but has also touched the lives of over 10,000 individuals through his insightful consultations. What sets Kumar apart is his mastery of various astrological disciplines, including the advanced NakshatraNadi system, Agnihotra, Maha Vastu, Ashtamangala, rashnashastra, Parashara, Yogas, and Muhurtha making him a multifaceted astrologer. With Kumar as your astrologer, you embark on a journey of self-discovery and enlightenment, where the celestial bodies reveal their secrets and offer profound insights into your life's path.","ಜ್ಯೋತಿಷ್ಯದ ಅತೀಂದ್ರಿಯ ಜಗತ್ತಿನಲ್ಲಿ ಆಳವಾದ ಜ್ಞಾನ ಮತ್ತು ಪರಿಣತಿಯನ್ನು ಹೊಂದಿರುವ ಪ್ರತಿಷ್ಠಿತ ಜ್ಯೋತಿಷಿ ಕುಮಾರ್ ಅವರನ್ನು ಪರಿಚಯಿಸುವುದು ಅವರಿಗೆ ಕ್ಷೇತ್ರದಲ್ಲಿ ಪ್ರಮುಖ ಸ್ಥಾನವನ್ನು ತಂದುಕೊಟ್ಟಿದೆ. ವ್ಯವಹಾರದಲ್ಲಿ ಬೇರೂರಿರುವ ವೃತ್ತಿಯೊಂದಿಗೆ, ಕುಮಾರ್ ಅವರು ಅನುಭವದ ಸಂಪತ್ತನ್ನು ಸಂಗ್ರಹಿಸಿದ್ದಾರೆ ಆದರೆ ಅವರ ಒಳನೋಟವುಳ್ಳ ಸಮಾಲೋಚನೆಗಳ ಮೂಲಕ 10,000 ಕ್ಕೂ ಹೆಚ್ಚು ವ್ಯಕ್ತಿಗಳ ಜೀವನವನ್ನು ಮುಟ್ಟಿದ್ದಾರೆ. ಸುಧಾರಿತ ನಕ್ಷತ್ರನಾಡಿ ವ್ಯವಸ್ಥೆ, ಅಗ್ನಿಹೋತ್ರ, ಮಹಾ ವಾಸ್ತು, ಅಷ್ಟಮಂಗಲ, ರಾಷ್ಣಶಾಸ್ತ್ರ, ಪರಾಶರ, ಯೋಗಗಳು ಮತ್ತು ಮುಹೂರ್ತ ಸೇರಿದಂತೆ ವಿವಿಧ ಜ್ಯೋತಿಷ್ಯ ವಿಭಾಗಗಳ ಪಾಂಡಿತ್ಯವು ಕುಮಾರ್ ಅವರನ್ನು ಬಹುಮುಖಿ ಜ್ಯೋತಿಷಿಯನ್ನಾಗಿ ಮಾಡುತ್ತದೆ. ಕುಮಾರ್ ನಿಮ್ಮ ಜ್ಯೋತಿಷಿಯಾಗಿ, ನೀವು ಸ್ವಯಂ ಅನ್ವೇಷಣೆ ಮತ್ತು ಜ್ಞಾನೋದಯದ ಪ್ರಯಾಣವನ್ನು ಪ್ರಾರಂಭಿಸುತ್ತೀರಿ, ಅಲ್ಲಿ ಆಕಾಶಕಾಯಗಳು ತಮ್ಮ ರಹಸ್ಯಗಳನ್ನು ಬಹಿರಂಗಪಡಿಸುತ್ತವೆ ಮತ್ತು ನಿಮ್ಮ ಜೀವನದ ಹಾದಿಯಲ್ಲಿ ಆಳವಾದ ಒಳನೋಟಗಳನ್ನು ನೀಡುತ್ತವೆ.","Introducing Kumar, a distinguished astrologer whose profound knowledge and expertise in the mystical world of astrology have earned him a prominent place in the field. With a career rooted in business, Kumar has not only amassed a wealth of experience but has also touched the lives of over 10,000 individuals through his insightful consultations. What sets Kumar apart is his mastery of various astrological disciplines, including the advanced NakshatraNadi system, Agnihotra, Maha Vastu, Ashtamangala, rashnashastra, Parashara, Yogas, and Muhurtha making him a multifaceted astrologer. With Kumar as your astrologer, you embark on a journey of self-discovery and enlightenment, where the celestial bodies reveal their secrets and offer profound insights into your life's path."
CHANDAN KUMAR,39,20.08.1983,MALE,8884662229,9606666299,kumarchandan56999@gmail.com,"No:362/A, 80feet, Rt nagar main road, HIMANI Complex, 3rd floor, Bangalore-560032.",495386807636,AGQPC0963N,3,50,"Hindi, Kannada, English"," Nakshatranadi, Numerology, Crystal, Vastu, Reiki",,SBI098989887,SBI,SBIM67878,XYZZZZ,ChandanK,ChandanK,ChandanK,ChandanK,ಚಂದನ್ ಕೆ  ,ChandanK,"Introducing Chandan, a luminary in the realm of Vedic Astrology and metaphysical sciences. As an Associate Consultant, Chandan possesses a wealth of knowledge and expertise in various esoteric domains. His proficiency extends across the intricate realms of NakshatraNadi, Vastu, Reiki and Crystal Healing where he harness the energies of the universe for holistic well-being. Delving further into his repertoire, Chandan delves into the enigmatic arts of Jaimini, Agnihotra, Prashnashastra, Tara Dasa Bala and Parashara, offering comprehensive insights into the future and destiny of individuals. Through Match Making, he assists individuals in finding harmonious unions. Chandan is a beacon of wisdom in the world of astrology guiding seekers on a profound journey of self-discovery and spiritual enlightenment.","Introducing Chandan, a luminary in the realm of Vedic Astrology and metaphysical sciences. As an Associate Consultant, Chandan possesses a wealth of knowledge and expertise in various esoteric domains. His proficiency extends across the intricate realms of NakshatraNadi, Vastu, Reiki and Crystal Healing where he harness the energies of the universe for holistic well-being. Delving further into his repertoire, Chandan delves into the enigmatic arts of Jaimini, Agnihotra, Prashnashastra, Tara Dasa Bala and Parashara, offering comprehensive insights into the future and destiny of individuals. Through Match Making, he assists individuals in finding harmonious unions. Chandan is a beacon of wisdom in the world of astrology guiding seekers on a profound journey of self-discovery and spiritual enlightenment.","Introducing Chandan, a luminary in the realm of Vedic Astrology and metaphysical sciences. As an Associate Consultant, Chandan possesses a wealth of knowledge and expertise in various esoteric domains. His proficiency extends across the intricate realms of NakshatraNadi, Vastu, Reiki and Crystal Healing where he harness the energies of the universe for holistic well-being. Delving further into his repertoire, Chandan delves into the enigmatic arts of Jaimini, Agnihotra, Prashnashastra, Tara Dasa Bala and Parashara, offering comprehensive insights into the future and destiny of individuals. Through Match Making, he assists individuals in finding harmonious unions. Chandan is a beacon of wisdom in the world of astrology guiding seekers on a profound journey of self-discovery and spiritual enlightenment.","Introducing Chandan, a luminary in the realm of Vedic Astrology and metaphysical sciences. As an Associate Consultant, Chandan possesses a wealth of knowledge and expertise in various esoteric domains. His proficiency extends across the intricate realms of NakshatraNadi, Vastu, Reiki and Crystal Healing where he harness the energies of the universe for holistic well-being. Delving further into his repertoire, Chandan delves into the enigmatic arts of Jaimini, Agnihotra, Prashnashastra, Tara Dasa Bala and Parashara, offering comprehensive insights into the future and destiny of individuals. Through Match Making, he assists individuals in finding harmonious unions. Chandan is a beacon of wisdom in the world of astrology guiding seekers on a profound journey of self-discovery and spiritual enlightenment.","ವೈದಿಕ ಜ್ಯೋತಿಷ್ಯ ಮತ್ತು ಆಧ್ಯಾತ್ಮಿಕ ವಿಜ್ಞಾನಗಳ ಕ್ಷೇತ್ರದಲ್ಲಿ ಪ್ರಜ್ವಲಿಸಿದ ಚಂದನ್ ಅವರನ್ನು ಪರಿಚಯಿಸಲಾಗುತ್ತಿದೆ. ಸಹಾಯಕ ಸಲಹೆಗಾರರಾಗಿ, ಚಂದನ್ ಅವರು ವಿವಿಧ ನಿಗೂಢ ಡೊಮೇನ್‌ಗಳಲ್ಲಿ ಜ್ಞಾನ ಮತ್ತು ಪರಿಣತಿಯ ಸಂಪತ್ತನ್ನು ಹೊಂದಿದ್ದಾರೆ. ಅವರ ಪ್ರಾವೀಣ್ಯತೆಯು ನಕ್ಷತ್ರನಾಡಿ, ವಾಸ್ತು, ರೇಖಿ ಮತ್ತು ಕ್ರಿಸ್ಟಲ್ ಹೀಲಿಂಗ್‌ನ ಸಂಕೀರ್ಣ ಕ್ಷೇತ್ರಗಳಲ್ಲಿ ವಿಸ್ತರಿಸುತ್ತದೆ, ಅಲ್ಲಿ ಅವರು ಸಮಗ್ರ ಯೋಗಕ್ಷೇಮಕ್ಕಾಗಿ ಬ್ರಹ್ಮಾಂಡದ ಶಕ್ತಿಯನ್ನು ಬಳಸಿಕೊಳ್ಳುತ್ತಾರೆ. ತನ್ನ ಸಂಗ್ರಹದಲ್ಲಿ ಮತ್ತಷ್ಟು ಆಳವಾಗಿ, ಚಂದನ್ ಜೈಮಿನಿ, ಅಗ್ನಿಹೋತ್ರ, ಪ್ರಶ್ನೆಶಾಸ್ತ್ರ, ತಾರಾ ದಶಾ ಬಲ ಮತ್ತು ಪರಾಶರ ಎಂಬ ನಿಗೂಢ ಕಲೆಗಳನ್ನು ಪರಿಶೀಲಿಸುತ್ತಾನೆ, ವ್ಯಕ್ತಿಗಳ ಭವಿಷ್ಯ ಮತ್ತು ಹಣೆಬರಹದ ಬಗ್ಗೆ ಸಮಗ್ರ ಒಳನೋಟಗಳನ್ನು ನೀಡುತ್ತಾರೆ. ಮ್ಯಾಚ್ ಮೇಕಿಂಗ್ ಮೂಲಕ, ಅವರು ಸಾಮರಸ್ಯದ ಒಕ್ಕೂಟಗಳನ್ನು ಹುಡುಕುವಲ್ಲಿ ವ್ಯಕ್ತಿಗಳಿಗೆ ಸಹಾಯ ಮಾಡುತ್ತಾರೆ. ಸ್ವಯಂ ಅನ್ವೇಷಣೆ ಮತ್ತು ಆಧ್ಯಾತ್ಮಿಕ ಜ್ಞಾನೋದಯದ ಆಳವಾದ ಪ್ರಯಾಣದಲ್ಲಿ ಅನ್ವೇಷಕರಿಗೆ ಮಾರ್ಗದರ್ಶನ ನೀಡುವ ಜ್ಯೋತಿಷ್ಯ ಜಗತ್ತಿನಲ್ಲಿ ಚಂದನ್ ಬುದ್ಧಿವಂತಿಕೆಯ ದಾರಿದೀಪವಾಗಿದೆ.","Introducing Chandan, a luminary in the realm of Vedic Astrology and metaphysical sciences. As an Associate Consultant, Chandan possesses a wealth of knowledge and expertise in various esoteric domains. His proficiency extends across the intricate realms of NakshatraNadi, Vastu, Reiki and Crystal Healing where he harness the energies of the universe for holistic well-being. Delving further into his repertoire, Chandan delves into the enigmatic arts of Jaimini, Agnihotra, Prashnashastra, Tara Dasa Bala and Parashara, offering comprehensive insights into the future and destiny of individuals. Through Match Making, he assists individuals in finding harmonious unions. Chandan is a beacon of wisdom in the world of astrology guiding seekers on a profound journey of self-discovery and spiritual enlightenment."
AKSHAYA KUMAR  K. P.,28,04.01.1995,MALE,9740064371,,akshaykumarkp04@gmail.com,"#470,sri lakshmi nivas, julai nagar, Gangawati- 583227,",704877472777,BLRPA8725K,1,25,"Hindi, Kannada, English,Telugu","Vedic, Nakshatranadi, Numerology, Crystal, Vastu",,SBI098989887,SBI,SBIM67878,XYZZZZ,AkshayaKP,AkshayaKP,AkshayaKP,AkshayaKP,ಅಕ್ಷಯ ಕೆ   ಪಿ ,AkshayaKP,"Meet Akshaya, a multifaceted individual whose diverse talents and skills extend far beyond their primary occupation as a Chartered Accountant. Akshaya has delved deep into the ancient wisdom of NakshatraNadi, offering unique insights into the cosmic energies that shape our lives. Their expertise doesn't stop there; she is also well-versed in Chakra Healing, Agnihotra, Vastu, Jaimini, Prashnashastra, Parashara, Yogas, and Numerology are just a few of the many esoteric disciplines in which Akshaya has honed their proficiency. Their mastery extends to Bhrigunandi Nadi, Tara Dasa Bala, Cowries shastra, and Muhurtha, offering guidance and enlightenment in a variety of mystical practices. With a multilingual ability that bridges cultures and languages, Akshaya brings a global perspective to their astrological insights, making them a sought-after advisor for those seeking clarity and guidance in their life's journey. Akshaya is a trusted guide who can illuminate your path with wisdom and precision.","Meet Akshaya, a multifaceted individual whose diverse talents and skills extend far beyond their primary occupation as a Chartered Accountant. Akshaya has delved deep into the ancient wisdom of NakshatraNadi, offering unique insights into the cosmic energies that shape our lives. Their expertise doesn't stop there; she is also well-versed in Chakra Healing, Agnihotra, Vastu, Jaimini, Prashnashastra, Parashara, Yogas, and Numerology are just a few of the many esoteric disciplines in which Akshaya has honed their proficiency. Their mastery extends to Bhrigunandi Nadi, Tara Dasa Bala, Cowries shastra, and Muhurtha, offering guidance and enlightenment in a variety of mystical practices. With a multilingual ability that bridges cultures and languages, Akshaya brings a global perspective to their astrological insights, making them a sought-after advisor for those seeking clarity and guidance in their life's journey. Akshaya is a trusted guide who can illuminate your path with wisdom and precision.","Meet Akshaya, a multifaceted individual whose diverse talents and skills extend far beyond their primary occupation as a Chartered Accountant. Akshaya has delved deep into the ancient wisdom of NakshatraNadi, offering unique insights into the cosmic energies that shape our lives. Their expertise doesn't stop there; she is also well-versed in Chakra Healing, Agnihotra, Vastu, Jaimini, Prashnashastra, Parashara, Yogas, and Numerology are just a few of the many esoteric disciplines in which Akshaya has honed their proficiency. Their mastery extends to Bhrigunandi Nadi, Tara Dasa Bala, Cowries shastra, and Muhurtha, offering guidance and enlightenment in a variety of mystical practices. With a multilingual ability that bridges cultures and languages, Akshaya brings a global perspective to their astrological insights, making them a sought-after advisor for those seeking clarity and guidance in their life's journey. Akshaya is a trusted guide who can illuminate your path with wisdom and precision.","Meet Akshaya, a multifaceted individual whose diverse talents and skills extend far beyond their primary occupation as a Chartered Accountant. Akshaya has delved deep into the ancient wisdom of NakshatraNadi, offering unique insights into the cosmic energies that shape our lives. Their expertise doesn't stop there; she is also well-versed in Chakra Healing, Agnihotra, Vastu, Jaimini, Prashnashastra, Parashara, Yogas, and Numerology are just a few of the many esoteric disciplines in which Akshaya has honed their proficiency. Their mastery extends to Bhrigunandi Nadi, Tara Dasa Bala, Cowries shastra, and Muhurtha, offering guidance and enlightenment in a variety of mystical practices. With a multilingual ability that bridges cultures and languages, Akshaya brings a global perspective to their astrological insights, making them a sought-after advisor for those seeking clarity and guidance in their life's journey. Akshaya is a trusted guide who can illuminate your path with wisdom and precision.","ಚಾರ್ಟರ್ಡ್ ಅಕೌಂಟೆಂಟ್ ಆಗಿ ತಮ್ಮ ಪ್ರಾಥಮಿಕ ಉದ್ಯೋಗವನ್ನು ಮೀರಿದ ವೈವಿಧ್ಯಮಯ ಪ್ರತಿಭೆ ಮತ್ತು ಕೌಶಲ್ಯಗಳನ್ನು ಹೊಂದಿರುವ ಬಹುಮುಖಿ ವ್ಯಕ್ತಿ ಅಕ್ಷಯ ಅವರನ್ನು ಭೇಟಿ ಮಾಡಿ. ಅಕ್ಷಯವು ನಕ್ಷತ್ರನಾಡಿಯ ಪ್ರಾಚೀನ ಬುದ್ಧಿವಂತಿಕೆಯನ್ನು ಆಳವಾಗಿ ಪರಿಶೀಲಿಸಿದೆ, ನಮ್ಮ ಜೀವನವನ್ನು ರೂಪಿಸುವ ಕಾಸ್ಮಿಕ್ ಶಕ್ತಿಗಳ ಬಗ್ಗೆ ಅನನ್ಯ ಒಳನೋಟಗಳನ್ನು ನೀಡುತ್ತದೆ. ಅವರ ಪರಿಣತಿ ಅಲ್ಲಿಗೆ ನಿಲ್ಲುವುದಿಲ್ಲ; ಅವರು ಚಕ್ರ ಚಿಕಿತ್ಸೆ, ಅಗ್ನಿಹೋತ್ರ, ವಾಸ್ತು, ಜೈಮಿನಿ, ಪ್ರಶ್ನೆಶಾಸ್ತ್ರ, ಪರಾಶರ, ಯೋಗಗಳು ಮತ್ತು ಸಂಖ್ಯಾಶಾಸ್ತ್ರದಲ್ಲಿ ಅಕ್ಷಯ ತಮ್ಮ ಪ್ರಾವೀಣ್ಯತೆಯನ್ನು ಹೆಚ್ಚಿಸಿರುವ ಹಲವು ನಿಗೂಢ ವಿಭಾಗಗಳಲ್ಲಿ ಕೆಲವು. ಅವರ ಪಾಂಡಿತ್ಯವು ಭೃಗುನಂದಿ ನಾಡಿ, ತಾರಾ ದಶಾ ಬಲ, ಕೌರೀಸ್ ಶಾಸ್ತ್ರ ಮತ್ತು ಮುಹೂರ್ತಕ್ಕೆ ವಿಸ್ತರಿಸುತ್ತದೆ, ವಿವಿಧ ಅತೀಂದ್ರಿಯ ಆಚರಣೆಗಳಲ್ಲಿ ಮಾರ್ಗದರ್ಶನ ಮತ್ತು ಜ್ಞಾನೋದಯವನ್ನು ನೀಡುತ್ತದೆ. ಸಂಸ್ಕೃತಿಗಳು ಮತ್ತು ಭಾಷೆಗಳನ್ನು ಸೇತುವೆ ಮಾಡುವ ಬಹುಭಾಷಾ ಸಾಮರ್ಥ್ಯದೊಂದಿಗೆ, ಅಕ್ಷಯ ಅವರ ಜ್ಯೋತಿಷ್ಯ ಒಳನೋಟಗಳಿಗೆ ಜಾಗತಿಕ ದೃಷ್ಟಿಕೋನವನ್ನು ತರುತ್ತದೆ, ಅವರ ಜೀವನದ ಪ್ರಯಾಣದಲ್ಲಿ ಸ್ಪಷ್ಟತೆ ಮತ್ತು ಮಾರ್ಗದರ್ಶನವನ್ನು ಬಯಸುವವರಿಗೆ ಅವರನ್ನು ಬೇಡಿಕೆಯ ಸಲಹೆಗಾರರನ್ನಾಗಿ ಮಾಡುತ್ತದೆ. ಅಕ್ಷಯ ನಿಮ್ಮ ಮಾರ್ಗವನ್ನು ಬುದ್ಧಿವಂತಿಕೆ ಮತ್ತು ನಿಖರತೆಯಿಂದ ಬೆಳಗಿಸುವ ವಿಶ್ವಾಸಾರ್ಹ ಮಾರ್ಗದರ್ಶಿಯಾಗಿದೆ.","Meet Akshaya, a multifaceted individual whose diverse talents and skills extend far beyond their primary occupation as a Chartered Accountant. Akshaya has delved deep into the ancient wisdom of NakshatraNadi, offering unique insights into the cosmic energies that shape our lives. Their expertise doesn't stop there; she is also well-versed in Chakra Healing, Agnihotra, Vastu, Jaimini, Prashnashastra, Parashara, Yogas, and Numerology are just a few of the many esoteric disciplines in which Akshaya has honed their proficiency. Their mastery extends to Bhrigunandi Nadi, Tara Dasa Bala, Cowries shastra, and Muhurtha, offering guidance and enlightenment in a variety of mystical practices. With a multilingual ability that bridges cultures and languages, Akshaya brings a global perspective to their astrological insights, making them a sought-after advisor for those seeking clarity and guidance in their life's journey. Akshaya is a trusted guide who can illuminate your path with wisdom and precision."
SHAHAZAD A HARIYAL,47,22.07.1976,FEMALE,6362535110,,shahazadbegum69@gmail.com,"2nd main road, kallioni, shukarawar peta, Dharwad - 580001",678517636451,AMKPH4921K,3,120,"Hindi,Kannada, Urdu","Vedic, Nakshatranadi, Numerology,  Crystal, Vastu, Reiki",,SBI098989887,SBI,SBIM67878,XYZZZZ,Dr. ShahazadA,Dr. ShahazadA,Dr. ShahazadA,Dr. ShahazadA,ಡಾ. ಶಹಜಾದ್ ಎ  ,Dr. ShahazadA,"
Introducing Dr. Shahazad, a remarkable individual who defies conventional expectations by blending the roles of a dedicated homemaker with the profound wisdom of a seasoned astrologer. With a vast clientele of 120 satisfied consultees, Shahazad's expertise spans across a diverse array of mystical disciplines. Shahazad specializes in NakshatraNadi and Vedic Astrology, employing ancient wisdom to decipher the intricate tapestry of celestial influences. She also excels in Reiki, Vastu, and Agnihotra, harnessing the energies of space and time for the betterment of her clients. Her dedication to continuous learning is evident through her post-graduation in Vedic Astrology. She is renowned for her mastery of Varsha phala, Numerology, Bhrigunandi Nadi, and skills in Prashnashastra, Parashara, Yogas, Tara Dasa Bala, Cowries shastra, Matchmaking, and Muhurta. Shahazad's commitment to the Advance HIT Theory underscores her innovative approach, ensuring that her consultations are both holistic and insightful.
","
Introducing Dr. Shahazad, a remarkable individual who defies conventional expectations by blending the roles of a dedicated homemaker with the profound wisdom of a seasoned astrologer. With a vast clientele of 120 satisfied consultees, Shahazad's expertise spans across a diverse array of mystical disciplines. Shahazad specializes in NakshatraNadi and Vedic Astrology, employing ancient wisdom to decipher the intricate tapestry of celestial influences. She also excels in Rekhi, Vastu, and Agnihotra, harnessing the energies of space and time for the betterment of her clients. Her dedication to continuous learning is evident through her post-graduation in Vedic Astrology. She is renowned for her mastery of Varsha phala, Numerology, Bhrigunandi Nadi, and skills in Prashnashastra, Parashara, Yogas, Tara Dasa Bala, Cowries shastra, Matchmaking, and Muhurta. Shahazad's commitment to the Advance HIT Theory underscores her innovative approach, ensuring that her consultations are both holistic and insightful.
","
Introducing Dr. Shahazad, a remarkable individual who defies conventional expectations by blending the roles of a dedicated homemaker with the profound wisdom of a seasoned astrologer. With a vast clientele of 120 satisfied consultees, Shahazad's expertise spans across a diverse array of mystical disciplines. Shahazad specializes in NakshatraNadi and Vedic Astrology, employing ancient wisdom to decipher the intricate tapestry of celestial influences. She also excels in Rekhi, Vastu, and Agnihotra, harnessing the energies of space and time for the betterment of her clients. Her dedication to continuous learning is evident through her post-graduation in Vedic Astrology. She is renowned for her mastery of Varsha phala, Numerology, Bhrigunandi Nadi, and skills in Prashnashastra, Parashara, Yogas, Tara Dasa Bala, Cowries shastra, Matchmaking, and Muhurta. Shahazad's commitment to the Advance HIT Theory underscores her innovative approach, ensuring that her consultations are both holistic and insightful.
","
Introducing Dr. Shahazad, a remarkable individual who defies conventional expectations by blending the roles of a dedicated homemaker with the profound wisdom of a seasoned astrologer. With a vast clientele of 120 satisfied consultees, Shahazad's expertise spans across a diverse array of mystical disciplines. Shahazad specializes in NakshatraNadi and Vedic Astrology, employing ancient wisdom to decipher the intricate tapestry of celestial influences. She also excels in Rekhi, Vastu, and Agnihotra, harnessing the energies of space and time for the betterment of her clients. Her dedication to continuous learning is evident through her post-graduation in Vedic Astrology. She is renowned for her mastery of Varsha phala, Numerology, Bhrigunandi Nadi, and skills in Prashnashastra, Parashara, Yogas, Tara Dasa Bala, Cowries shastra, Matchmaking, and Muhurta. Shahazad's commitment to the Advance HIT Theory underscores her innovative approach, ensuring that her consultations are both holistic and insightful.
","ಅನುಭವಿ ಜ್ಯೋತಿಷಿಯ ಆಳವಾದ ಬುದ್ಧಿವಂತಿಕೆಯೊಂದಿಗೆ ಸಮರ್ಪಿತ ಗೃಹಿಣಿಯ ಪಾತ್ರಗಳನ್ನು ಮಿಶ್ರಣ ಮಾಡುವ ಮೂಲಕ ಸಾಂಪ್ರದಾಯಿಕ ನಿರೀಕ್ಷೆಗಳನ್ನು ಧಿಕ್ಕರಿಸುವ ಗಮನಾರ್ಹ ವ್ಯಕ್ತಿ ಡಾ. ಶಹಜಾದ್ ಅವರನ್ನು ಪರಿಚಯಿಸಲಾಗುತ್ತಿದೆ. 120 ತೃಪ್ತ ಸಮಾಲೋಚಕರ ವ್ಯಾಪಕ ಗ್ರಾಹಕರೊಂದಿಗೆ, ಶಹಜಾದ್ ಅವರ ಪರಿಣತಿಯು ವೈವಿಧ್ಯಮಯವಾದ ಅತೀಂದ್ರಿಯ ವಿಭಾಗಗಳಲ್ಲಿ ವ್ಯಾಪಿಸಿದೆ. ಶಹಜಾದ್ ಅವರು ನಕ್ಷತ್ರನಾಡಿ ಮತ್ತು ವೈದಿಕ ಜ್ಯೋತಿಷ್ಯದಲ್ಲಿ ಪರಿಣತಿ ಹೊಂದಿದ್ದಾರೆ, ಆಕಾಶದ ಪ್ರಭಾವಗಳ ಸಂಕೀರ್ಣವಾದ ವಸ್ತ್ರವನ್ನು ಅರ್ಥಮಾಡಿಕೊಳ್ಳಲು ಪ್ರಾಚೀನ ಬುದ್ಧಿವಂತಿಕೆಯನ್ನು ಬಳಸುತ್ತಾರೆ. ಅವರು ರೇಖಿ, ವಾಸ್ತು ಮತ್ತು ಅಗ್ನಿಹೋತ್ರದಲ್ಲಿಯೂ ಸಹ ಉತ್ಕೃಷ್ಟಳಾಗಿದ್ದಾಳೆ, ತನ್ನ ಗ್ರಾಹಕರ ಸುಧಾರಣೆಗಾಗಿ ಸ್ಥಳ ಮತ್ತು ಸಮಯದ ಶಕ್ತಿಯನ್ನು ಬಳಸಿಕೊಳ್ಳುತ್ತಾಳೆ. ವೈದಿಕ ಜ್ಯೋತಿಷ್ಯದಲ್ಲಿ ಅವರ ಸ್ನಾತಕೋತ್ತರ ಪದವಿಯ ಮೂಲಕ ನಿರಂತರ ಕಲಿಕೆಗೆ ಅವರ ಸಮರ್ಪಣೆ ಸ್ಪಷ್ಟವಾಗಿದೆ. ವರ್ಷ ಫಲ, ಸಂಖ್ಯಾಶಾಸ್ತ್ರ, ಭೃಗುನಂದಿ ನಾಡಿನ ಪಾಂಡಿತ್ಯ ಮತ್ತು ಪ್ರಶ್ನೆಶಾಸ್ತ್ರ, ಪರಾಶರ, ಯೋಗಗಳು, ತಾರಾ ದಶಾ ಬಲ, ಕೌರೀಸ್ ಶಾಸ್ತ್ರ, ಮ್ಯಾಚ್ಮೇಕಿಂಗ್ ಮತ್ತು ಮುಹೂರ್ತದಲ್ಲಿ ಕೌಶಲ್ಯಕ್ಕಾಗಿ ಅವರು ಪ್ರಸಿದ್ಧರಾಗಿದ್ದಾರೆ. ಅಡ್ವಾನ್ಸ್ ಹಿಟ್ ಥಿಯರಿಗೆ ಶಹಜಾದ್ ಅವರ ಬದ್ಧತೆಯು ಅವರ ನವೀನ ವಿಧಾನವನ್ನು ಒತ್ತಿಹೇಳುತ್ತದೆ, ಅವರ ಸಮಾಲೋಚನೆಗಳು ಸಮಗ್ರ ಮತ್ತು ಒಳನೋಟವುಳ್ಳದ್ದಾಗಿದೆ ಎಂದು ಖಚಿತಪಡಿಸುತ್ತದೆ.","
Introducing Dr. Shahazad, a remarkable individual who defies conventional expectations by blending the roles of a dedicated homemaker with the profound wisdom of a seasoned astrologer. With a vast clientele of 120 satisfied consultees, Shahazad's expertise spans across a diverse array of mystical disciplines. Shahazad specializes in NakshatraNadi and Vedic Astrology, employing ancient wisdom to decipher the intricate tapestry of celestial influences. She also excels in Rekhi, Vastu, and Agnihotra, harnessing the energies of space and time for the betterment of her clients. Her dedication to continuous learning is evident through her post-graduation in Vedic Astrology. She is renowned for her mastery of Varsha phala, Numerology, Bhrigunandi Nadi, and skills in Prashnashastra, Parashara, Yogas, Tara Dasa Bala, Cowries shastra, Matchmaking, and Muhurta. Shahazad's commitment to the Advance HIT Theory underscores her innovative approach, ensuring that her consultations are both holistic and insightful.
"
SMITHA V. K.,42,14.09.1980,FEMALE,8105081446,7348849062,smitav35@gmail.com,"No 75,swagath spoorthy,GKW layout, vijayanagara, Bangalore- 560040.",399844729913,CHYPS6454F,2,150,"Hindi, Kannada, English","Vedic, Nakshatranadi, Prashnashastra,  Numerology,  Crystal, Reiki",,SBI098989887,SBI,SBIM67878,XYZZZZ,Dr. SmitaVK,Dr. SmitaVK,Dr. SmitaVK,Dr. SmitaVK,ಡಾ. ಸ್ಮಿತಾ ವಿ  ಕೆ  ,Dr. SmitaVK,"
Introducing Astrologer Dr. Smita, a remarkable homemaker who has delved deep into the mystical realms of astrology. With a client base spanning 150 individuals, Smita has established herself as a trusted figure in the world of astrology. Her expertise extends across various branches of this ancient science, She is well versed in Prashnashastra, Muhurtha, Numerology, Prediction, match making. including NakshatraNadi and Vedic Astrology, where she unveils the secrets of the stars to decipher one's destiny. She harnesses the power of Reiki & Crystal healing techniques and her proficiency in Sree Sukta and Mundane Astrology enables her to provide profound insights into world events and their impact on individual lives. Her mastery in Prashnashastra, Numerology, and Crystal energy work, offers a holistic approach to spiritual enlightenment. In the world of astrology, Smita is a shining star, illuminating the paths of those who seek her wisdom and guidance.","
Introducing Astrologer Dr. Smita, a remarkable homemaker who has delved deep into the mystical realms of astrology. With a client base spanning 150 individuals, Smita has established herself as a trusted figure in the world of astrology. Her expertise extends across various branches of this ancient science, She is well versed in Prashnashastra, Muhurtha, Numerology, Prediction, match making. including NakshatraNadi and Vedic Astrology, where she unveils the secrets of the stars to decipher one's destiny. She harnesses the power of Rekhi & Crystal healing techniques and her proficiency in Sree Sukta and Mundane Astrology enables her to provide profound insights into world events and their impact on individual lives. Her mastery in Prashnashastra, Numerology, and Crystal energy work, offers a holistic approach to spiritual enlightenment. In the world of astrology, Smita is a shining star, illuminating the paths of those who seek her wisdom and guidance.","
Introducing Astrologer Dr. Smita, a remarkable homemaker who has delved deep into the mystical realms of astrology. With a client base spanning 150 individuals, Smita has established herself as a trusted figure in the world of astrology. Her expertise extends across various branches of this ancient science, She is well versed in Prashnashastra, Muhurtha, Numerology, Prediction, match making. including NakshatraNadi and Vedic Astrology, where she unveils the secrets of the stars to decipher one's destiny. She harnesses the power of Rekhi & Crystal healing techniques and her proficiency in Sree Sukta and Mundane Astrology enables her to provide profound insights into world events and their impact on individual lives. Her mastery in Prashnashastra, Numerology, and Crystal energy work, offers a holistic approach to spiritual enlightenment. In the world of astrology, Smita is a shining star, illuminating the paths of those who seek her wisdom and guidance.","
Introducing Astrologer Dr. Smita, a remarkable homemaker who has delved deep into the mystical realms of astrology. With a client base spanning 150 individuals, Smita has established herself as a trusted figure in the world of astrology. Her expertise extends across various branches of this ancient science, She is well versed in Prashnashastra, Muhurtha, Numerology, Prediction, match making. including NakshatraNadi and Vedic Astrology, where she unveils the secrets of the stars to decipher one's destiny. She harnesses the power of Rekhi & Crystal healing techniques and her proficiency in Sree Sukta and Mundane Astrology enables her to provide profound insights into world events and their impact on individual lives. Her mastery in Prashnashastra, Numerology, and Crystal energy work, offers a holistic approach to spiritual enlightenment. In the world of astrology, Smita is a shining star, illuminating the paths of those who seek her wisdom and guidance.","ಜ್ಯೋತಿಷಿ ಡಾ. ಸ್ಮಿತಾ, ಜ್ಯೋತಿಷ್ಯದ ಅತೀಂದ್ರಿಯ ಕ್ಷೇತ್ರಗಳಲ್ಲಿ ಆಳವಾಗಿ ಅಧ್ಯಯನ ಮಾಡಿದ ಗಮನಾರ್ಹ ಗೃಹಿಣಿಯರನ್ನು ಪರಿಚಯಿಸಲಾಗುತ್ತಿದೆ. 150 ವ್ಯಕ್ತಿಗಳನ್ನು ವ್ಯಾಪಿಸಿರುವ ಕ್ಲೈಂಟ್ ಬೇಸ್‌ನೊಂದಿಗೆ, ಸ್ಮಿತಾ ಜ್ಯೋತಿಷ್ಯ ಜಗತ್ತಿನಲ್ಲಿ ತನ್ನನ್ನು ತಾನು ವಿಶ್ವಾಸಾರ್ಹ ವ್ಯಕ್ತಿಯಾಗಿ ಸ್ಥಾಪಿಸಿಕೊಂಡಿದ್ದಾಳೆ. ಪ್ರಶ್ನಶಾಸ್ತ್ರ, ಮುಹೂರ್ತ, ಸಂಖ್ಯಾಶಾಸ್ತ್ರ, ಭವಿಷ್ಯ, ಮ್ಯಾಚ್ ಮೇಕಿಂಗ್ ನಲ್ಲಿ ಆಕೆ ಚೆನ್ನಾಗಿ ಪಾರಂಗತಳು. ಆಕೆಯ ಪರಿಣತಿಯು ನಕ್ಷತ್ರನಾಡಿ ಮತ್ತು ವೈದಿಕ ಜ್ಯೋತಿಷ್ಯ ಸೇರಿದಂತೆ ಈ ಪ್ರಾಚೀನ ವಿಜ್ಞಾನದ ವಿವಿಧ ಶಾಖೆಗಳಲ್ಲಿ ವ್ಯಾಪಿಸಿದೆ, ಅಲ್ಲಿ ಅವರು ಒಬ್ಬರ ಭವಿಷ್ಯವನ್ನು ಅರ್ಥಮಾಡಿಕೊಳ್ಳಲು ನಕ್ಷತ್ರಗಳ ರಹಸ್ಯಗಳನ್ನು ಅನಾವರಣಗೊಳಿಸುತ್ತಾಳೆ. ಅವರು ರೇಖಿ ಮತ್ತು ಕ್ರಿಸ್ಟಲ್ ಹೀಲಿಂಗ್ ತಂತ್ರಗಳ ಶಕ್ತಿಯನ್ನು ಬಳಸಿಕೊಳ್ಳುತ್ತಾಳೆ ಮತ್ತು ಶ್ರೀ ಸೂಕ್ತ ಮತ್ತು ಲೌಕಿಕ ಜ್ಯೋತಿಷ್ಯದಲ್ಲಿ ಅವರ ಪ್ರಾವೀಣ್ಯತೆಯು ಪ್ರಪಂಚದ ಘಟನೆಗಳ ಬಗ್ಗೆ ಆಳವಾದ ಒಳನೋಟಗಳನ್ನು ಮತ್ತು ವೈಯಕ್ತಿಕ ಜೀವನದ ಮೇಲೆ ಅವುಗಳ ಪ್ರಭಾವವನ್ನು ಒದಗಿಸಲು ಅನುವು ಮಾಡಿಕೊಡುತ್ತದೆ. ಪ್ರಶ್ನೆಶಾಸ್ತ್ರ, ಸಂಖ್ಯಾಶಾಸ್ತ್ರ, ಮತ್ತು ಕ್ರಿಸ್ಟಲ್ ಶಕ್ತಿ ಕೆಲಸದಲ್ಲಿ ಅವರ ಪಾಂಡಿತ್ಯವು ಆಧ್ಯಾತ್ಮಿಕ ಜ್ಞಾನೋದಯಕ್ಕೆ ಸಮಗ್ರ ವಿಧಾನವನ್ನು ನೀಡುತ್ತದೆ. ಜ್ಯೋತಿಷ್ಯ ಜಗತ್ತಿನಲ್ಲಿ, ಸ್ಮಿತಾ ಹೊಳೆಯುವ ನಕ್ಷತ್ರವಾಗಿದ್ದು, ತನ್ನ ಬುದ್ಧಿವಂತಿಕೆ ಮತ್ತು ಮಾರ್ಗದರ್ಶನವನ್ನು ಬಯಸುವವರ ಮಾರ್ಗಗಳನ್ನು ಬೆಳಗಿಸುತ್ತಾಳೆ.","
Introducing Astrologer Dr. Smita, a remarkable homemaker who has delved deep into the mystical realms of astrology. With a client base spanning 150 individuals, Smita has established herself as a trusted figure in the world of astrology. Her expertise extends across various branches of this ancient science, She is well versed in Prashnashastra, Muhurtha, Numerology, Prediction, match making. including NakshatraNadi and Vedic Astrology, where she unveils the secrets of the stars to decipher one's destiny. She harnesses the power of Rekhi & Crystal healing techniques and her proficiency in Sree Sukta and Mundane Astrology enables her to provide profound insights into world events and their impact on individual lives. Her mastery in Prashnashastra, Numerology, and Crystal energy work, offers a holistic approach to spiritual enlightenment. In the world of astrology, Smita is a shining star, illuminating the paths of those who seek her wisdom and guidance."
SHARADA M. L.,45,15.06.1978,FEMALE,8310794461,9448022942,shardhaml123@gmail.com,"#17, nisarga nilaya, kanshiramnagar, bangalore- 500097",47226599553,OXOPS7920D,2,170,Kannada,"Vedic, Nakshatranadi, Vastu, Reiki",,SBI098989887,SBI,SBIM67878,XYZZZZ,SharadaML,SharadaML,SharadaML,SharadaML,ಶಾರದ ಎಂ  ಎಲ್,SharadaML,"Meet Sharada, a remarkable individual with multifaceted talents and deep-rooted knowledge in astrology. While is a dedicated homemaker, Sharada has also become a guiding light for 170 fortunate individuals who seek her wisdom and insights in the domains of NakshatraNadi and Vedic Astrology. Her mastery extends to the healing arts of Reiki and Sree Sukta. With an intricate understanding of Mater's Vastu, she harmonizes spaces to bring positivity and prosperity into the lives of those she touches. Sharada's expertise in Prashnashastra allows her to offer profound guidance and solutions to life's most pressing questions. Additionally, her skills in match-making reveal her commitment to fostering love and compatibility. Sharada, continues to illuminate the paths of those who seek her counsel, offering clarity, serenity, and profound transformation through her knowledge and intuitive gifts.","Meet Sharada, a remarkable individual with multifaceted talents and deep-rooted knowledge in astrology. While is a dedicated homemaker, Sharada has also become a guiding light for 170 fortunate individuals who seek her wisdom and insights in the domains of NakshatraNadi and Vedic Astrology. Her mastery extends to the healing arts of Rekhi and Sree Sukta. With an intricate understanding of Mater's Vastu, she harmonizes spaces to bring positivity and prosperity into the lives of those she touches. Sharada's expertise in Prashnashastra allows her to offer profound guidance and solutions to life's most pressing questions. Additionally, her skills in match-making reveal her commitment to fostering love and compatibility. Sharada, continues to illuminate the paths of those who seek her counsel, offering clarity, serenity, and profound transformation through her knowledge and intuitive gifts.","Meet Sharada, a remarkable individual with multifaceted talents and deep-rooted knowledge in astrology. While is a dedicated homemaker, Sharada has also become a guiding light for 170 fortunate individuals who seek her wisdom and insights in the domains of NakshatraNadi and Vedic Astrology. Her mastery extends to the healing arts of Rekhi and Sree Sukta. With an intricate understanding of Mater's Vastu, she harmonizes spaces to bring positivity and prosperity into the lives of those she touches. Sharada's expertise in Prashnashastra allows her to offer profound guidance and solutions to life's most pressing questions. Additionally, her skills in match-making reveal her commitment to fostering love and compatibility. Sharada, continues to illuminate the paths of those who seek her counsel, offering clarity, serenity, and profound transformation through her knowledge and intuitive gifts.","Meet Sharada, a remarkable individual with multifaceted talents and deep-rooted knowledge in astrology. While is a dedicated homemaker, Sharada has also become a guiding light for 170 fortunate individuals who seek her wisdom and insights in the domains of NakshatraNadi and Vedic Astrology. Her mastery extends to the healing arts of Rekhi and Sree Sukta. With an intricate understanding of Mater's Vastu, she harmonizes spaces to bring positivity and prosperity into the lives of those she touches. Sharada's expertise in Prashnashastra allows her to offer profound guidance and solutions to life's most pressing questions. Additionally, her skills in match-making reveal her commitment to fostering love and compatibility. Sharada, continues to illuminate the paths of those who seek her counsel, offering clarity, serenity, and profound transformation through her knowledge and intuitive gifts.","ಬಹುಮುಖ ಪ್ರತಿಭೆ ಮತ್ತು ಜ್ಯೋತಿಷ್ಯದಲ್ಲಿ ಆಳವಾದ ಬೇರೂರಿರುವ ಜ್ಞಾನವನ್ನು ಹೊಂದಿರುವ ಗಮನಾರ್ಹ ವ್ಯಕ್ತಿ ಶಾರದ ಅವರನ್ನು ಭೇಟಿ ಮಾಡಿ. ಸಮರ್ಪಿತ ಗೃಹಿಣಿಯಾಗಿರುವಾಗ, ಶಾರದ ಅವರು ನಕ್ಷತ್ರನಾಡಿ ಮತ್ತು ವೈದಿಕ ಜ್ಯೋತಿಷ್ಯದ ಡೊಮೇನ್‌ಗಳಲ್ಲಿ ತನ್ನ ಬುದ್ಧಿವಂತಿಕೆ ಮತ್ತು ಒಳನೋಟಗಳನ್ನು ಹುಡುಕುವ 170 ಅದೃಷ್ಟವಂತ ವ್ಯಕ್ತಿಗಳಿಗೆ ಮಾರ್ಗದರ್ಶಿ ದೀಪವಾಗಿದ್ದಾರೆ. ಆಕೆಯ ಪಾಂಡಿತ್ಯವು ರೇಖಿ ಮತ್ತು ಶ್ರೀ ಸೂಕ್ತದ ಗುಣಪಡಿಸುವ ಕಲೆಗಳಿಗೆ ವಿಸ್ತರಿಸುತ್ತದೆ. ಮೇಟರ್‌ನ ವಾಸ್ತುವಿನ ಸಂಕೀರ್ಣ ತಿಳುವಳಿಕೆಯೊಂದಿಗೆ, ಅವರು ಸ್ಪರ್ಶಿಸುವವರ ಜೀವನದಲ್ಲಿ ಸಕಾರಾತ್ಮಕತೆ ಮತ್ತು ಸಮೃದ್ಧಿಯನ್ನು ತರಲು ಜಾಗಗಳನ್ನು ಸಮನ್ವಯಗೊಳಿಸುತ್ತಾಳೆ. ಪ್ರಶ್ನೆಶಾಸ್ತ್ರದಲ್ಲಿನ ಶಾರದಾಳ ಪರಿಣತಿಯು ಜೀವನದ ಅತ್ಯಂತ ಒತ್ತುವ ಪ್ರಶ್ನೆಗಳಿಗೆ ಆಳವಾದ ಮಾರ್ಗದರ್ಶನ ಮತ್ತು ಪರಿಹಾರಗಳನ್ನು ನೀಡಲು ಅನುವು ಮಾಡಿಕೊಡುತ್ತದೆ. ಹೆಚ್ಚುವರಿಯಾಗಿ, ಹೊಂದಾಣಿಕೆಯ ತಯಾರಿಕೆಯಲ್ಲಿ ಅವರ ಕೌಶಲ್ಯಗಳು ಪ್ರೀತಿ ಮತ್ತು ಹೊಂದಾಣಿಕೆಯನ್ನು ಬೆಳೆಸುವಲ್ಲಿ ಅವರ ಬದ್ಧತೆಯನ್ನು ಬಹಿರಂಗಪಡಿಸುತ್ತವೆ. ಶಾರದ, ತನ್ನ ಜ್ಞಾನ ಮತ್ತು ಅರ್ಥಗರ್ಭಿತ ಉಡುಗೊರೆಗಳ ಮೂಲಕ ಸ್ಪಷ್ಟತೆ, ಪ್ರಶಾಂತತೆ ಮತ್ತು ಆಳವಾದ ರೂಪಾಂತರವನ್ನು ನೀಡುವ ಮೂಲಕ ತನ್ನ ಸಲಹೆಯನ್ನು ಪಡೆಯುವವರ ಮಾರ್ಗಗಳನ್ನು ಬೆಳಗಿಸುವುದನ್ನು ಮುಂದುವರೆಸುತ್ತಾಳೆ.","Meet Sharada, a remarkable individual with multifaceted talents and deep-rooted knowledge in astrology. While is a dedicated homemaker, Sharada has also become a guiding light for 170 fortunate individuals who seek her wisdom and insights in the domains of NakshatraNadi and Vedic Astrology. Her mastery extends to the healing arts of Rekhi and Sree Sukta. With an intricate understanding of Mater's Vastu, she harmonizes spaces to bring positivity and prosperity into the lives of those she touches. Sharada's expertise in Prashnashastra allows her to offer profound guidance and solutions to life's most pressing questions. Additionally, her skills in match-making reveal her commitment to fostering love and compatibility. Sharada, continues to illuminate the paths of those who seek her counsel, offering clarity, serenity, and profound transformation through her knowledge and intuitive gifts."
KAVYA AYATTI,42,22.06.1981,FEMALE,8431643350,8197917130,sunithakavyaayatti@gmail.com,"near purandarmata, shankari layout, dharwad- 580004",998232815240,CGZPS1802H,4,600,"Kannada, English","Vedic, Nakshatranadi, Numerology, Crystal, Vastu, Reiki",,SBI098989887,SBI,SBIM67878,XYZZZZ,KavyaA,KavyaA,KavyaA,KavyaA,ಕಾವ್ಯ ಎ  ,KavyaA,"
Introducing Astrologer Kavya, a multifaceted professional whose expertise transcends the realm of celestial insights. She is professionally an advocate with immense knowledge in astrology. Her proficiency extends across an impressive spectrum, encompassing Vedic Astrology, Reiki, Vastu, Agnihotra, and the Advance HIT Theory. Holding a post-graduation degree in Vedic Astrology, she unravels the mysteries of NakshatraNadi and Varsha Pala. As a Master of Astrology, Kavya's skill set, includes Prashnashastra, Parashara, Yogas, Numerology, Bhrigunandi Nadi, and Tara Dasa Bala. She navigates the realms of Cowries Shastra, Jaimini, Matchmaking, and Muhurtha, seamlessly blending tradition and innovation. With over 600 consultations, Kavya has reputation for her accuracy and precision in astrological predictions. Her unique ability to harmonize diverse astrological systems makes her a guiding light for those seeking cosmic wisdom, propelling them towards a balanced and enlightened existence.","
Introducing Astrologer Kavya, a multifaceted professional whose expertise transcends the realm of celestial insights. She is professionally an advocate with immense knowledge in astrology. Her proficiency extends across an impressive spectrum, encompassing Vedic Astrology, Rekhi, Vastu, Agnihotra, and the Advance HIT Theory. Holding a post-graduation degree in Vedic Astrology, she unravels the mysteries of NakshatraNadi and Varsha Pala. As a Master of Astrology, Kavya's skill set, includes Prashnashastra, Parashara, Yogas, Numerology, Bhrigunandi Nadi, and Tara Dasa Bala. She navigates the realms of Cowries Shastra, Jaimini, Matchmaking, and Muhurtha, seamlessly blending tradition and innovation. With over 600 consultations, Kavya has reputation for her accuracy and precision in astrological predictions. Her unique ability to harmonize diverse astrological systems makes her a guiding light for those seeking cosmic wisdom, propelling them towards a balanced and enlightened existence.","
Introducing Astrologer Kavya, a multifaceted professional whose expertise transcends the realm of celestial insights. She is professionally an advocate with immense knowledge in astrology. Her proficiency extends across an impressive spectrum, encompassing Vedic Astrology, Rekhi, Vastu, Agnihotra, and the Advance HIT Theory. Holding a post-graduation degree in Vedic Astrology, she unravels the mysteries of NakshatraNadi and Varsha Pala. As a Master of Astrology, Kavya's skill set, includes Prashnashastra, Parashara, Yogas, Numerology, Bhrigunandi Nadi, and Tara Dasa Bala. She navigates the realms of Cowries Shastra, Jaimini, Matchmaking, and Muhurtha, seamlessly blending tradition and innovation. With over 600 consultations, Kavya has reputation for her accuracy and precision in astrological predictions. Her unique ability to harmonize diverse astrological systems makes her a guiding light for those seeking cosmic wisdom, propelling them towards a balanced and enlightened existence.","
Introducing Astrologer Kavya, a multifaceted professional whose expertise transcends the realm of celestial insights. She is professionally an advocate with immense knowledge in astrology. Her proficiency extends across an impressive spectrum, encompassing Vedic Astrology, Rekhi, Vastu, Agnihotra, and the Advance HIT Theory. Holding a post-graduation degree in Vedic Astrology, she unravels the mysteries of NakshatraNadi and Varsha Pala. As a Master of Astrology, Kavya's skill set, includes Prashnashastra, Parashara, Yogas, Numerology, Bhrigunandi Nadi, and Tara Dasa Bala. She navigates the realms of Cowries Shastra, Jaimini, Matchmaking, and Muhurtha, seamlessly blending tradition and innovation. With over 600 consultations, Kavya has reputation for her accuracy and precision in astrological predictions. Her unique ability to harmonize diverse astrological systems makes her a guiding light for those seeking cosmic wisdom, propelling them towards a balanced and enlightened existence.","ಜ್ಯೋತಿಷಿ ಕಾವ್ಯವನ್ನು ಪರಿಚಯಿಸುತ್ತಿದ್ದೇವೆ, ಅವರ ಪರಿಣತಿಯು ಆಕಾಶದ ಒಳನೋಟಗಳ ಕ್ಷೇತ್ರವನ್ನು ಮೀರಿದೆ. ಅವರು ವೃತ್ತಿಪರವಾಗಿ ಜ್ಯೋತಿಷ್ಯದಲ್ಲಿ ಅಪಾರ ಜ್ಞಾನವನ್ನು ಹೊಂದಿರುವ ವಕೀಲರಾಗಿದ್ದಾರೆ. ಆಕೆಯ ಪ್ರಾವೀಣ್ಯತೆಯು ವೈದಿಕ ಜ್ಯೋತಿಷ್ಯ, ರೇಖಿ, ವಾಸ್ತು, ಅಗ್ನಿಹೋತ್ರ ಮತ್ತು ಅಡ್ವಾನ್ಸ್ HIT ಸಿದ್ಧಾಂತವನ್ನು ಒಳಗೊಂಡಿರುವ ಪ್ರಭಾವಶಾಲಿ ವರ್ಣಪಟಲದಾದ್ಯಂತ ವಿಸ್ತರಿಸಿದೆ. ವೈದಿಕ ಜ್ಯೋತಿಷ್ಯದಲ್ಲಿ ಸ್ನಾತಕೋತ್ತರ ಪದವಿಯನ್ನು ಹೊಂದಿರುವ ಅವರು ನಕ್ಷತ್ರನಾಡಿ ಮತ್ತು ವರ್ಷ ಪಾಲ ರಹಸ್ಯಗಳನ್ನು ಬಿಚ್ಚಿಡುತ್ತಾರೆ. ಜ್ಯೋತಿಷ್ಯಶಾಸ್ತ್ರದ ಮಾಸ್ಟರ್ ಆಗಿ, ಕಾವ್ಯ ಅವರ ಕೌಶಲ್ಯ ಸೆಟ್, ಪ್ರಶ್ನೆಶಾಸ್ತ್ರ, ಪರಾಶರ, ಯೋಗಗಳು, ಸಂಖ್ಯಾಶಾಸ್ತ್ರ, ಭೃಗುನಂದಿ ನಾಡಿ ಮತ್ತು ತಾರಾ ದಶಾ ಬಲವನ್ನು ಒಳಗೊಂಡಿದೆ. ಅವರು ಕೌರೀಸ್ ಶಾಸ್ತ್ರ, ಜೈಮಿನಿ, ಮ್ಯಾಚ್‌ಮೇಕಿಂಗ್ ಮತ್ತು ಮುಹೂರ್ತದ ಕ್ಷೇತ್ರಗಳಲ್ಲಿ ನ್ಯಾವಿಗೇಟ್ ಮಾಡುತ್ತಾಳೆ, ಸಂಪ್ರದಾಯ ಮತ್ತು ನಾವೀನ್ಯತೆಯನ್ನು ಮನಬಂದಂತೆ ಸಂಯೋಜಿಸುತ್ತಾಳೆ. 600 ಕ್ಕೂ ಹೆಚ್ಚು ಸಮಾಲೋಚನೆಗಳೊಂದಿಗೆ, ಕಾವ್ಯಾ ಜ್ಯೋತಿಷ್ಯ ಭವಿಷ್ಯವಾಣಿಯಲ್ಲಿ ಅವರ ನಿಖರತೆ ಮತ್ತು ನಿಖರತೆಗೆ ಖ್ಯಾತಿಯನ್ನು ಹೊಂದಿದ್ದಾರೆ. ವೈವಿಧ್ಯಮಯ ಜ್ಯೋತಿಷ್ಯ ವ್ಯವಸ್ಥೆಗಳನ್ನು ಸಮನ್ವಯಗೊಳಿಸುವ ಅವರ ಅನನ್ಯ ಸಾಮರ್ಥ್ಯವು ಅವರನ್ನು ಕಾಸ್ಮಿಕ್ ಬುದ್ಧಿವಂತಿಕೆಯನ್ನು ಬಯಸುವವರಿಗೆ ಮಾರ್ಗದರ್ಶಿ ಬೆಳಕಾಗಿ ಮಾಡುತ್ತದೆ, ಸಮತೋಲಿತ ಮತ್ತು ಪ್ರಬುದ್ಧ ಅಸ್ತಿತ್ವದ ಕಡೆಗೆ ಅವರನ್ನು ಪ್ರೇರೇಪಿಸುತ್ತದೆ.","
Introducing Astrologer Kavya, a multifaceted professional whose expertise transcends the realm of celestial insights. She is professionally an advocate with immense knowledge in astrology. Her proficiency extends across an impressive spectrum, encompassing Vedic Astrology, Rekhi, Vastu, Agnihotra, and the Advance HIT Theory. Holding a post-graduation degree in Vedic Astrology, she unravels the mysteries of NakshatraNadi and Varsha Pala. As a Master of Astrology, Kavya's skill set, includes Prashnashastra, Parashara, Yogas, Numerology, Bhrigunandi Nadi, and Tara Dasa Bala. She navigates the realms of Cowries Shastra, Jaimini, Matchmaking, and Muhurtha, seamlessly blending tradition and innovation. With over 600 consultations, Kavya has reputation for her accuracy and precision in astrological predictions. Her unique ability to harmonize diverse astrological systems makes her a guiding light for those seeking cosmic wisdom, propelling them towards a balanced and enlightened existence."
SHANTHAIAH,61,15.11.1961,MALE,8310660616,9448030317,shanthaiahswami@gmail.com,"thippasandra, near sharada highschool, guntur post, bangalore- 560087",558675885992,KWCPS1489D,10,5000,"Hindi, Kannada, English,Tamil,Telugu","Vedic, Nakshatranadi, Numerology, Crystal, Vastu",,SBI098989887,SBI,SBIM67878,XYZZZZ,Dr. Shanthaiah,Dr. Shanthaiah,Dr. Shanthaiah,Dr. Shanthaiah,ಡಾ. ಶಾಂತಯ್ಯ,Dr. Shanthaiah,"
Introducing Dr. Shanthaiah, a remarkable individual whose multifaceted talents have touched the lives of over 5,000 people across the globe. By profession, he is a dedicated farmer, however, it is his profound expertise as an Astrologer that has garnered him a reputation beyond boundaries. Fluent in multiple languages, his celestial knowledge spans a vast spectrum, incorporating Nakshatra Nadi, Parashara, Bhrigunandi Nadi, Mundane Astrology, Agnihotra, Cowries Shastra, and Beetel leaf Shastra. His journey to mastery includes a post-graduation diploma and a master's degree in Vastu, as well as the prestigious accolade of a Vedic Honorary Doctorate.
Dr. Shanthaiah possesses an extensive skill set, encompassing Prashna Shastra, Numerology, Tara Dasa Bala, Crystal readings, Matchmaking, and Muhurtha. His insights transcend mere predictions; they are a guiding light for those who seek clarity and purpose in their lives. ","
Introducing Dr. Shanthaiah, a remarkable individual whose multifaceted talents have touched the lives of over 5,000 people across the globe. By profession, he is a dedicated farmer, however, it is his profound expertise as an Astrologer that has garnered him a reputation beyond boundaries. Fluent in multiple languages, his celestial knowledge spans a vast spectrum, incorporating Nakshatra Nadi, Parashara, Bhrigunandi Nadi, Mundane Astrology, Agnihotra, Cowries Shastra, and Beetel leaf Shastra. His journey to mastery includes a post-graduation diploma and a master's degree in Vastu, as well as the prestigious accolade of a Vedic Honorary Doctorate.
Dr. Shanthaiah possesses an extensive skill set, encompassing Prashna Shastra, Numerology, Tara Dasa Bala, Crystal readings, Matchmaking, and Muhurtha. His insights transcend mere predictions; they are a guiding light for those who seek clarity and purpose in their lives. ","
Introducing Dr. Shanthaiah, a remarkable individual whose multifaceted talents have touched the lives of over 5,000 people across the globe. By profession, he is a dedicated farmer, however, it is his profound expertise as an Astrologer that has garnered him a reputation beyond boundaries. Fluent in multiple languages, his celestial knowledge spans a vast spectrum, incorporating Nakshatra Nadi, Parashara, Bhrigunandi Nadi, Mundane Astrology, Agnihotra, Cowries Shastra, and Beetel leaf Shastra. His journey to mastery includes a post-graduation diploma and a master's degree in Vastu, as well as the prestigious accolade of a Vedic Honorary Doctorate.
Dr. Shanthaiah possesses an extensive skill set, encompassing Prashna Shastra, Numerology, Tara Dasa Bala, Crystal readings, Matchmaking, and Muhurtha. His insights transcend mere predictions; they are a guiding light for those who seek clarity and purpose in their lives. ","
Introducing Dr. Shanthaiah, a remarkable individual whose multifaceted talents have touched the lives of over 5,000 people across the globe. By profession, he is a dedicated farmer, however, it is his profound expertise as an Astrologer that has garnered him a reputation beyond boundaries. Fluent in multiple languages, his celestial knowledge spans a vast spectrum, incorporating Nakshatra Nadi, Parashara, Bhrigunandi Nadi, Mundane Astrology, Agnihotra, Cowries Shastra, and Beetel leaf Shastra. His journey to mastery includes a post-graduation diploma and a master's degree in Vastu, as well as the prestigious accolade of a Vedic Honorary Doctorate.
Dr. Shanthaiah possesses an extensive skill set, encompassing Prashna Shastra, Numerology, Tara Dasa Bala, Crystal readings, Matchmaking, and Muhurtha. His insights transcend mere predictions; they are a guiding light for those who seek clarity and purpose in their lives. ","ಡಾ. ಶಾಂತಯ್ಯನವರನ್ನು ಪರಿಚಯಿಸುತ್ತಿದ್ದೇವೆ, ಅವರ ಬಹುಮುಖ ಪ್ರತಿಭೆಯು ಜಗತ್ತಿನಾದ್ಯಂತ 5,000 ಕ್ಕೂ ಹೆಚ್ಚು ಜನರ ಜೀವನವನ್ನು ಮುಟ್ಟಿದೆ. ವೃತ್ತಿಯಲ್ಲಿ, ಅವರು ಸಮರ್ಪಿತ ಕೃಷಿಕರಾಗಿದ್ದಾರೆ, ಆದಾಗ್ಯೂ, ಜ್ಯೋತಿಷಿಯಾಗಿ ಅವರ ಆಳವಾದ ಪರಿಣತಿಯು ಅವರಿಗೆ ಎಲ್ಲೆಗಳನ್ನು ಮೀರಿ ಖ್ಯಾತಿಯನ್ನು ಗಳಿಸಿದೆ. ಬಹು ಭಾಷೆಗಳಲ್ಲಿ ನಿರರ್ಗಳವಾಗಿ, ಅವರ ಆಕಾಶ ಜ್ಞಾನವು ನಕ್ಷತ್ರ ನಾಡಿ, ಪರಾಶರ, ಭೃಗುನಂದಿ ನಾಡಿ, ಲೌಕಿಕ ಜ್ಯೋತಿಷ್ಯ, ಅಗ್ನಿಹೋತ್ರ, ಕೌರೀಸ್ ಶಾಸ್ತ್ರ ಮತ್ತು ಬೀಟೆಲ್ ಎಲೆ ಶಾಸ್ತ್ರಗಳನ್ನು ಒಳಗೊಂಡಿರುವ ವಿಶಾಲವಾದ ವರ್ಣಪಟಲವನ್ನು ವ್ಯಾಪಿಸಿದೆ. ಅವರ ಪಾಂಡಿತ್ಯದ ಪಯಣದಲ್ಲಿ ಸ್ನಾತಕೋತ್ತರ ಡಿಪ್ಲೊಮಾ ಮತ್ತು ವಾಸ್ತು ವಿಷಯದಲ್ಲಿ ಸ್ನಾತಕೋತ್ತರ ಪದವಿ, ಜೊತೆಗೆ ವೈದಿಕ ಗೌರವ ಡಾಕ್ಟರೇಟ್ ಎಂಬ ಪ್ರತಿಷ್ಠಿತ ಪುರಸ್ಕಾರವೂ ಸೇರಿದೆ.
ಡಾ. ಶಾಂತಯ್ಯ ಅವರು ಪ್ರಶ್ನ ಶಾಸ್ತ್ರ, ಸಂಖ್ಯಾಶಾಸ್ತ್ರ, ತಾರಾ ದಶಾ ಬಲ, ಕ್ರಿಸ್ಟಲ್ ವಾಚನಗೋಷ್ಠಿಗಳು, ಹೊಂದಾಣಿಕೆ ಮತ್ತು ಮುಹೂರ್ತವನ್ನು ಒಳಗೊಂಡಿರುವ ವ್ಯಾಪಕವಾದ ಕೌಶಲ್ಯವನ್ನು ಹೊಂದಿದ್ದಾರೆ. ಅವರ ಒಳನೋಟಗಳು ಕೇವಲ ಭವಿಷ್ಯವಾಣಿಗಳನ್ನು ಮೀರಿವೆ; ಅವರು ತಮ್ಮ ಜೀವನದಲ್ಲಿ ಸ್ಪಷ್ಟತೆ ಮತ್ತು ಉದ್ದೇಶವನ್ನು ಬಯಸುವವರಿಗೆ ಮಾರ್ಗದರ್ಶಕ ಬೆಳಕು.","
Introducing Dr. Shanthaiah, a remarkable individual whose multifaceted talents have touched the lives of over 5,000 people across the globe. By profession, he is a dedicated farmer, however, it is his profound expertise as an Astrologer that has garnered him a reputation beyond boundaries. Fluent in multiple languages, his celestial knowledge spans a vast spectrum, incorporating Nakshatra Nadi, Parashara, Bhrigunandi Nadi, Mundane Astrology, Agnihotra, Cowries Shastra, and Beetel leaf Shastra. His journey to mastery includes a post-graduation diploma and a master's degree in Vastu, as well as the prestigious accolade of a Vedic Honorary Doctorate.
Dr. Shanthaiah possesses an extensive skill set, encompassing Prashna Shastra, Numerology, Tara Dasa Bala, Crystal readings, Matchmaking, and Muhurtha. His insights transcend mere predictions; they are a guiding light for those who seek clarity and purpose in their lives. "
LATHA B. N.,33,05.06.1989,FEMALE,9739210886,,lathalathulp89@gmail.com,"#14, C block, SOG colony, sriramanagara, Davanagere- 577005.",388108789257,BRGPL9849G,3,1000,"Kannada, English"," Nakshatranadi, Numerology, Crystal, Reiki",,SBI098989887,SBI,SBIM67878,XYZZZZ,LathaBN,LathaBN,LathaBN,LathaBN,ಲತಾ ಬಿ   ಎನ್ ,LathaBN,"Introducing Astrologer Latha, a luminary in the realm of astrology with a profound expertise that transcends conventional boundaries. With a clientele exceeding a thousand satisfied consultants, she is a guiding light in the intricate cosmos of celestial insights. Her multifaceted occupation encompasses not only astrology but also NakshatraNAdi, crystal healing, Reiki, and Agnihotra, showcasing a holistic approach to well-being. Latha's extensive skill set encompasses Prashnashastra, Parashara, Yogas, Numerology, Bhrigunandi Nadi, Tara Dasa Bala, Cowries shastra, and Matchmaking. Each skill, meticulously honed over years of dedication, allows her to unravel the mysteries of the universe and provide invaluable guidance to those seeking her counsel. ","Introducing Astrologer Latha, a luminary in the realm of astrology with a profound expertise that transcends conventional boundaries. With a clientele exceeding a thousand satisfied consultants, she is a guiding light in the intricate cosmos of celestial insights. Her multifaceted occupation encompasses not only astrology but also NakshatraNAdi, crystal healing, Rekhi, and Agnihotra, showcasing a holistic approach to well-being. Latha's extensive skill set encompasses Prashnashastra, Parashara, Yogas, Numerology, Bhrigunandi Nadi, Tara Dasa Bala, Cowries shastra, and Matchmaking. Each skill, meticulously honed over years of dedication, allows her to unravel the mysteries of the universe and provide invaluable guidance to those seeking her counsel. ","Introducing Astrologer Latha, a luminary in the realm of astrology with a profound expertise that transcends conventional boundaries. With a clientele exceeding a thousand satisfied consultants, she is a guiding light in the intricate cosmos of celestial insights. Her multifaceted occupation encompasses not only astrology but also NakshatraNAdi, crystal healing, Rekhi, and Agnihotra, showcasing a holistic approach to well-being. Latha's extensive skill set encompasses Prashnashastra, Parashara, Yogas, Numerology, Bhrigunandi Nadi, Tara Dasa Bala, Cowries shastra, and Matchmaking. Each skill, meticulously honed over years of dedication, allows her to unravel the mysteries of the universe and provide invaluable guidance to those seeking her counsel. ","Introducing Astrologer Latha, a luminary in the realm of astrology with a profound expertise that transcends conventional boundaries. With a clientele exceeding a thousand satisfied consultants, she is a guiding light in the intricate cosmos of celestial insights. Her multifaceted occupation encompasses not only astrology but also NakshatraNAdi, crystal healing, Rekhi, and Agnihotra, showcasing a holistic approach to well-being. Latha's extensive skill set encompasses Prashnashastra, Parashara, Yogas, Numerology, Bhrigunandi Nadi, Tara Dasa Bala, Cowries shastra, and Matchmaking. Each skill, meticulously honed over years of dedication, allows her to unravel the mysteries of the universe and provide invaluable guidance to those seeking her counsel. ","ಸಾಂಪ್ರದಾಯಿಕ ಗಡಿಗಳನ್ನು ಮೀರಿದ ಆಳವಾದ ಪರಿಣತಿಯನ್ನು ಹೊಂದಿರುವ ಜ್ಯೋತಿಷ್ಯ ಕ್ಷೇತ್ರದಲ್ಲಿ ಜ್ಯೋತಿಷಿ ಲತಾ ಅವರನ್ನು ಪರಿಚಯಿಸಲಾಗುತ್ತಿದೆ. ಸಾವಿರ ಸಂತೃಪ್ತ ಸಲಹೆಗಾರರನ್ನು ಮೀರಿದ ಗ್ರಾಹಕರೊಂದಿಗೆ, ಅವರು ಆಕಾಶದ ಒಳನೋಟಗಳ ಸಂಕೀರ್ಣ ಬ್ರಹ್ಮಾಂಡದಲ್ಲಿ ಮಾರ್ಗದರ್ಶಿ ಬೆಳಕು. ಅವರ ಬಹುಮುಖಿ ಉದ್ಯೋಗವು ಜ್ಯೋತಿಷ್ಯವನ್ನು ಮಾತ್ರವಲ್ಲದೆ ನಕ್ಷತ್ರನಾಡಿ, ಕ್ರಿಸ್ಟಲ್ ಚಿಕಿತ್ಸೆ, ರೇಖಿ ಮತ್ತು ಅಗ್ನಿಹೋತ್ರವನ್ನು ಒಳಗೊಳ್ಳುತ್ತದೆ, ಯೋಗಕ್ಷೇಮಕ್ಕೆ ಸಮಗ್ರ ವಿಧಾನವನ್ನು ತೋರಿಸುತ್ತದೆ. ಲತಾ ಅವರ ವ್ಯಾಪಕ ಕೌಶಲ್ಯ ಸೆಟ್ ಪ್ರಶ್ನೆಶಾಸ್ತ್ರ, ಪರಾಶರ, ಯೋಗಗಳು, ಸಂಖ್ಯಾಶಾಸ್ತ್ರ, ಭೃಗುನಂದಿ ನಾಡಿ, ತಾರಾ ದಶಾ ಬಲ, ಕೌರೀಸ್ ಶಾಸ್ತ್ರ, ಮತ್ತು ಮ್ಯಾಚ್‌ಮೇಕಿಂಗ್ ಅನ್ನು ಒಳಗೊಂಡಿದೆ. ಪ್ರತಿ ಕೌಶಲ್ಯವು, ವರ್ಷಗಳ ಸಮರ್ಪಣಾ ಮನೋಭಾವದಿಂದ ನಿಖರವಾಗಿ ಪರಿಷ್ಕರಿಸಲ್ಪಟ್ಟಿದೆ, ಇದು ಬ್ರಹ್ಮಾಂಡದ ರಹಸ್ಯಗಳನ್ನು ಬಿಚ್ಚಿಡಲು ಮತ್ತು ಅವರ ಸಲಹೆಯನ್ನು ಹುಡುಕುವವರಿಗೆ ಅಮೂಲ್ಯವಾದ ಮಾರ್ಗದರ್ಶನವನ್ನು ನೀಡುತ್ತದೆ.","Introducing Astrologer Latha, a luminary in the realm of astrology with a profound expertise that transcends conventional boundaries. With a clientele exceeding a thousand satisfied consultants, she is a guiding light in the intricate cosmos of celestial insights. Her multifaceted occupation encompasses not only astrology but also NakshatraNAdi, crystal healing, Rekhi, and Agnihotra, showcasing a holistic approach to well-being. Latha's extensive skill set encompasses Prashnashastra, Parashara, Yogas, Numerology, Bhrigunandi Nadi, Tara Dasa Bala, Cowries shastra, and Matchmaking. Each skill, meticulously honed over years of dedication, allows her to unravel the mysteries of the universe and provide invaluable guidance to those seeking her counsel. "
LOCHAN P. C.,21,15.04.2002,MALE,7338615320,6360548901,lochanpc3@gmail.com,"#380, bhuvaneshwari nagar,8th cross, BSK 3rd stage, bangalore- 560085.",227001898181,CXKPC2622K,5,300,"Hindi,Kannada,English","Nakshatranadi, Numerology, Tarot, Crystal, Vastu",,SBI098989887,SBI,SBIM67878,XYZZZZ,LochanPC,LochanPC,LochanPC,LochanPC,ಲೋಚನ್ ಪಿ ಸಿ,LochanPC,"Introducing Lochan, a multifaceted individual whose passion for astrology transcends the ordinary. As a dedicated student of the celestial arts with over 300 consultants worldwide, Lochan has emerged as a prominent figure in the realm of astrology. Lochan's expertise spans a diverse range of astrological disciplines, including the intricate study of Advanced NakshatraNadi, the harmonizing effects of Crystal Healing, and the precise applications of Vastu principles. With a solid foundation in the Parashara Principles and Bhrigunandi Nadi, Lochan delves deep into the esoteric realms of Jaimini and Muhurtha to uncover hidden cosmic truths. Lochan's skills are not limited to these profound branches; they also extend to Prashnashastra, the art of answering specific queries, and the intricate understanding of Yogas, Numerology, and Tara dasa bala. He also practices Matchmaking, where astrological insights guide individuals towards harmonious unions. Whether seeking guidance on life's path or desiring to unlock the secrets of celestial influence, Lochan's expertise promises to illuminate the way. ","Introducing Lochan, a multifaceted individual whose passion for astrology transcends the ordinary. As a dedicated student of the celestial arts with over 300 consultants worldwide, Lochan has emerged as a prominent figure in the realm of astrology. Lochan's expertise spans a diverse range of astrological disciplines, including the intricate study of Advanced NakshatraNadi, the harmonizing effects of Crystal Healing, and the precise applications of Vastu principles. With a solid foundation in the Parashara Principles and Bhrigunandi Nadi, Lochan delves deep into the esoteric realms of Jaimini and Muhurtha to uncover hidden cosmic truths. Lochan's skills are not limited to these profound branches; they also extend to Prashnashastra, the art of answering specific queries, and the intricate understanding of Yogas, Numerology, and Tara dasa bala. He also practices Matchmaking, where astrological insights guide individuals towards harmonious unions. Whether seeking guidance on life's path or desiring to unlock the secrets of celestial influence, Lochan's expertise promises to illuminate the way. ","Introducing Lochan, a multifaceted individual whose passion for astrology transcends the ordinary. As a dedicated student of the celestial arts with over 300 consultants worldwide, Lochan has emerged as a prominent figure in the realm of astrology. Lochan's expertise spans a diverse range of astrological disciplines, including the intricate study of Advanced NakshatraNadi, the harmonizing effects of Crystal Healing, and the precise applications of Vastu principles. With a solid foundation in the Parashara Principles and Bhrigunandi Nadi, Lochan delves deep into the esoteric realms of Jaimini and Muhurtha to uncover hidden cosmic truths. Lochan's skills are not limited to these profound branches; they also extend to Prashnashastra, the art of answering specific queries, and the intricate understanding of Yogas, Numerology, and Tara dasa bala. He also practices Matchmaking, where astrological insights guide individuals towards harmonious unions. Whether seeking guidance on life's path or desiring to unlock the secrets of celestial influence, Lochan's expertise promises to illuminate the way. ","Introducing Lochan, a multifaceted individual whose passion for astrology transcends the ordinary. As a dedicated student of the celestial arts with over 300 consultants worldwide, Lochan has emerged as a prominent figure in the realm of astrology. Lochan's expertise spans a diverse range of astrological disciplines, including the intricate study of Advanced NakshatraNadi, the harmonizing effects of Crystal Healing, and the precise applications of Vastu principles. With a solid foundation in the Parashara Principles and Bhrigunandi Nadi, Lochan delves deep into the esoteric realms of Jaimini and Muhurtha to uncover hidden cosmic truths. Lochan's skills are not limited to these profound branches; they also extend to Prashnashastra, the art of answering specific queries, and the intricate understanding of Yogas, Numerology, and Tara dasa bala. He also practices Matchmaking, where astrological insights guide individuals towards harmonious unions. Whether seeking guidance on life's path or desiring to unlock the secrets of celestial influence, Lochan's expertise promises to illuminate the way. ","ಜ್ಯೋತಿಷ್ಯದ ಬಗೆಗಿನ ಉತ್ಸಾಹವು ಸಾಮಾನ್ಯರನ್ನು ಮೀರಿದ ಬಹುಮುಖಿ ವ್ಯಕ್ತಿಯಾದ ಲೋಚನ್ ಅವರನ್ನು ಪರಿಚಯಿಸುತ್ತಿದೆ. ವಿಶ್ವಾದ್ಯಂತ 300 ಕ್ಕೂ ಹೆಚ್ಚು ಸಲಹೆಗಾರರೊಂದಿಗೆ ಆಕಾಶ ಕಲೆಗಳ ಸಮರ್ಪಿತ ವಿದ್ಯಾರ್ಥಿಯಾಗಿ, ಲೋಚನ್ ಜ್ಯೋತಿಷ್ಯ ಕ್ಷೇತ್ರದಲ್ಲಿ ಪ್ರಮುಖ ವ್ಯಕ್ತಿಯಾಗಿ ಹೊರಹೊಮ್ಮಿದ್ದಾರೆ. ಲೊಚನ್ ಅವರ ಪರಿಣತಿಯು ಸುಧಾರಿತ ನಕ್ಷತ್ರನಾಡಿಯ ಸಂಕೀರ್ಣವಾದ ಅಧ್ಯಯನ, ಕ್ರಿಸ್ಟಲ್ ಹೀಲಿಂಗ್‌ನ ಸಮನ್ವಯಗೊಳಿಸುವ ಪರಿಣಾಮಗಳು ಮತ್ತು ವಾಸ್ತು ತತ್ವಗಳ ನಿಖರವಾದ ಅನ್ವಯಗಳನ್ನು ಒಳಗೊಂಡಂತೆ ವೈವಿಧ್ಯಮಯ ಜ್ಯೋತಿಷ್ಯ ವಿಭಾಗಗಳನ್ನು ವ್ಯಾಪಿಸಿದೆ. ಪರಾಶರ ತತ್ವಗಳು ಮತ್ತು ಭೃಗುನಂದಿ ನಾಡಿನಲ್ಲಿ ದೃಢವಾದ ತಳಹದಿಯೊಂದಿಗೆ, ಲೋಚನ್ ಗುಪ್ತ ವಿಶ್ವ ಸತ್ಯಗಳನ್ನು ಬಹಿರಂಗಪಡಿಸಲು ಜೈಮಿನಿ ಮತ್ತು ಮುಹೂರ್ತದ ನಿಗೂಢ ಕ್ಷೇತ್ರಗಳಲ್ಲಿ ಆಳವಾಗಿ ಪರಿಶೀಲಿಸುತ್ತಾನೆ. ಲೋಚನ್ ಅವರ ಕೌಶಲ್ಯಗಳು ಈ ಆಳವಾದ ಶಾಖೆಗಳಿಗೆ ಸೀಮಿತವಾಗಿಲ್ಲ; ಅವು ಪ್ರಶ್ನೆಶಾಸ್ತ್ರ, ನಿರ್ದಿಷ್ಟ ಪ್ರಶ್ನೆಗಳಿಗೆ ಉತ್ತರಿಸುವ ಕಲೆ ಮತ್ತು ಯೋಗಗಳು, ಸಂಖ್ಯಾಶಾಸ್ತ್ರ ಮತ್ತು ತಾರಾ ದಶಾ ಬಲದ ಸಂಕೀರ್ಣವಾದ ತಿಳುವಳಿಕೆಗೂ ವಿಸ್ತರಿಸುತ್ತವೆ. ಅವರು ಮ್ಯಾಚ್‌ಮೇಕಿಂಗ್ ಅನ್ನು ಸಹ ಅಭ್ಯಾಸ ಮಾಡುತ್ತಾರೆ, ಅಲ್ಲಿ ಜ್ಯೋತಿಷ್ಯ ಒಳನೋಟಗಳು ವ್ಯಕ್ತಿಗಳಿಗೆ ಸಾಮರಸ್ಯದ ಒಕ್ಕೂಟಗಳ ಕಡೆಗೆ ಮಾರ್ಗದರ್ಶನ ನೀಡುತ್ತವೆ. ಜೀವನದ ಹಾದಿಯಲ್ಲಿ ಮಾರ್ಗದರ್ಶನವನ್ನು ಬಯಸುತ್ತಿರಲಿ ಅಥವಾ ಆಕಾಶದ ಪ್ರಭಾವದ ರಹಸ್ಯಗಳನ್ನು ಅನ್ಲಾಕ್ ಮಾಡಲು ಬಯಸುತ್ತಿರಲಿ, ಲೋಚನ್ ಅವರ ಪರಿಣತಿಯು ದಾರಿಯನ್ನು ಬೆಳಗಿಸಲು ಭರವಸೆ ನೀಡುತ್ತದೆ.","Introducing Lochan, a multifaceted individual whose passion for astrology transcends the ordinary. As a dedicated student of the celestial arts with over 300 consultants worldwide, Lochan has emerged as a prominent figure in the realm of astrology. Lochan's expertise spans a diverse range of astrological disciplines, including the intricate study of Advanced NakshatraNadi, the harmonizing effects of Crystal Healing, and the precise applications of Vastu principles. With a solid foundation in the Parashara Principles and Bhrigunandi Nadi, Lochan delves deep into the esoteric realms of Jaimini and Muhurtha to uncover hidden cosmic truths. Lochan's skills are not limited to these profound branches; they also extend to Prashnashastra, the art of answering specific queries, and the intricate understanding of Yogas, Numerology, and Tara dasa bala. He also practices Matchmaking, where astrological insights guide individuals towards harmonious unions. Whether seeking guidance on life's path or desiring to unlock the secrets of celestial influence, Lochan's expertise promises to illuminate the way. "
SUBRAMANYA V. DESHPANDE,34,30.07.1988,MALE,9742918137,7533903150,subramanyav.deshpande@gmail.com,"332, outhouse,  sampige road, jp royal complex, maleshwaram, Bangalore- 560003.",830355016741,AWMPD8757D,14,400,"Hindi, Kannada, English, Urdu","Vedic, Nakshatranadi, Numerology, Tarot, Palmistry, Crystal, Vastu, Reiki",,SBI098989887,SBI,SBIM67878,XYZZZZ,SubramanyaV,SubramanyaV,SubramanyaV,SubramanyaV,ಸುಬ್ರಹ್ಮಣ್ಯ ವಿ  ,SubramanyaV,"Introducing Subramanya, a prominent figure in the world of astrology, with a vast array of talents and expertise that have garnered him a following of over 400 dedicated consultants. As both a Principal and Consultant, Subramanya's multifaceted skills make him a true luminary in the field. What sets him apart is his multilingual proficiency, allowing him to connect with clients from diverse backgrounds. His mastery encompasses a wide spectrum of astrological traditions, including NakshatraNadi, Vedic Astrology, Jaimini, and Mundane Astrology. Subramanya is not only a guiding light through celestial realms but also a healer, with proficiency in Crystal Healing, Reiki, and the use of Essential Oils for holistic well-being. His expertise extends to the intricacies of Vastu, Matchmaking, Muhurtha, and Tarot Card readings, providing comprehensive guidance for all facets of life. With a deep understanding of Prashnashastra, Parashara, Yogas, Numerology, BhrigunandiNadi, Tara Dasa Bala, and Face Reading, Subramanya's insights are both profound and precise. With him as your astrological guide, you embark on a journey to unlock the mysteries of the cosmos and tap into your true potential.","Introducing Subramanya, a prominent figure in the world of astrology, with a vast array of talents and expertise that have garnered him a following of over 400 dedicated consultants. As both a Principal and Consultant, Subramanya's multifaceted skills make him a true luminary in the field. What sets him apart is his multilingual proficiency, allowing him to connect with clients from diverse backgrounds. His mastery encompasses a wide spectrum of astrological traditions, including NakshatraNadi, Vedic Astrology, Jaimini, and Mundane Astrology. Subramanya is not only a guiding light through celestial realms but also a healer, with proficiency in Crystal Healing, Reiki, and the use of Essential Oils for holistic well-being. His expertise extends to the intricacies of Vastu, Matchmaking, Muhurtha, and Tarot Card readings, providing comprehensive guidance for all facets of life. With a deep understanding of Prashnashastra, Parashara, Yogas, Numerology, BhrigunandiNadi, Tara Dasa Bala, and Face Reading, Subramanya's insights are both profound and precise. With him as your astrological guide, you embark on a journey to unlock the mysteries of the cosmos and tap into your true potential.","Introducing Subramanya, a prominent figure in the world of astrology, with a vast array of talents and expertise that have garnered him a following of over 400 dedicated consultants. As both a Principal and Consultant, Subramanya's multifaceted skills make him a true luminary in the field. What sets him apart is his multilingual proficiency, allowing him to connect with clients from diverse backgrounds. His mastery encompasses a wide spectrum of astrological traditions, including NakshatraNadi, Vedic Astrology, Jaimini, and Mundane Astrology. Subramanya is not only a guiding light through celestial realms but also a healer, with proficiency in Crystal Healing, Reiki, and the use of Essential Oils for holistic well-being. His expertise extends to the intricacies of Vastu, Matchmaking, Muhurtha, and Tarot Card readings, providing comprehensive guidance for all facets of life. With a deep understanding of Prashnashastra, Parashara, Yogas, Numerology, BhrigunandiNadi, Tara Dasa Bala, and Face Reading, Subramanya's insights are both profound and precise. With him as your astrological guide, you embark on a journey to unlock the mysteries of the cosmos and tap into your true potential.","Introducing Subramanya, a prominent figure in the world of astrology, with a vast array of talents and expertise that have garnered him a following of over 400 dedicated consultants. As both a Principal and Consultant, Subramanya's multifaceted skills make him a true luminary in the field. What sets him apart is his multilingual proficiency, allowing him to connect with clients from diverse backgrounds. His mastery encompasses a wide spectrum of astrological traditions, including NakshatraNadi, Vedic Astrology, Jaimini, and Mundane Astrology. Subramanya is not only a guiding light through celestial realms but also a healer, with proficiency in Crystal Healing, Reiki, and the use of Essential Oils for holistic well-being. His expertise extends to the intricacies of Vastu, Matchmaking, Muhurtha, and Tarot Card readings, providing comprehensive guidance for all facets of life. With a deep understanding of Prashnashastra, Parashara, Yogas, Numerology, BhrigunandiNadi, Tara Dasa Bala, and Face Reading, Subramanya's insights are both profound and precise. With him as your astrological guide, you embark on a journey to unlock the mysteries of the cosmos and tap into your true potential.","ಸುಬ್ರಹ್ಮಣ್ಯ, ಜ್ಯೋತಿಷ್ಯ ಪ್ರಪಂಚದ ಪ್ರಮುಖ ವ್ಯಕ್ತಿ, ಅಪಾರವಾದ ಪ್ರತಿಭೆ ಮತ್ತು ಪರಿಣತಿಯೊಂದಿಗೆ ಪರಿಚಯಿಸುವುದು ಅವರಿಗೆ 400 ಕ್ಕೂ ಹೆಚ್ಚು ಸಮರ್ಪಿತ ಸಲಹೆಗಾರರನ್ನು ಗಳಿಸಿದೆ. ಪ್ರಾಂಶುಪಾಲರು ಮತ್ತು ಸಲಹೆಗಾರರಾಗಿ, ಸುಬ್ರಹ್ಮಣ್ಯ ಅವರ ಬಹುಮುಖ ಕೌಶಲ್ಯಗಳು ಅವರನ್ನು ಕ್ಷೇತ್ರದಲ್ಲಿ ನಿಜವಾದ ಪ್ರಕಾಶಕನನ್ನಾಗಿ ಮಾಡುತ್ತವೆ. ಅವರ ಬಹುಭಾಷಾ ಪ್ರಾವೀಣ್ಯತೆಯು ಅವರನ್ನು ಪ್ರತ್ಯೇಕಿಸುತ್ತದೆ, ಇದು ವೈವಿಧ್ಯಮಯ ಹಿನ್ನೆಲೆಯ ಗ್ರಾಹಕರೊಂದಿಗೆ ಸಂಪರ್ಕ ಸಾಧಿಸಲು ಅನುವು ಮಾಡಿಕೊಡುತ್ತದೆ. ಅವರ ಪಾಂಡಿತ್ಯವು ನಕ್ಷತ್ರನಾಡಿ, ವೈದಿಕ ಜ್ಯೋತಿಷ್ಯ, ಜೈಮಿನಿ ಮತ್ತು ಪ್ರಾಪಂಚಿಕ ಜ್ಯೋತಿಷ್ಯ ಸೇರಿದಂತೆ ಜ್ಯೋತಿಷ್ಯ ಸಂಪ್ರದಾಯಗಳ ವ್ಯಾಪಕ ಶ್ರೇಣಿಯನ್ನು ಒಳಗೊಂಡಿದೆ. ಸುಬ್ರಹ್ಮಣ್ಯವು ಆಕಾಶ ಕ್ಷೇತ್ರಗಳ ಮೂಲಕ ಮಾರ್ಗದರ್ಶಿ ಬೆಳಕು ಮಾತ್ರವಲ್ಲದೆ ವೈದ್ಯನೂ ಆಗಿದ್ದು, ಕ್ರಿಸ್ಟಲ್ ಹೀಲಿಂಗ್, ರೇಖಿ ಮತ್ತು ಸಮಗ್ರ ಯೋಗಕ್ಷೇಮಕ್ಕಾಗಿ ಸಾರಭೂತ ತೈಲಗಳ ಬಳಕೆಯಲ್ಲಿ ಪ್ರಾವೀಣ್ಯತೆಯನ್ನು ಹೊಂದಿದೆ. ಅವರ ಪರಿಣತಿಯು ವಾಸ್ತು, ಮ್ಯಾಚ್‌ಮೇಕಿಂಗ್, ಮುಹೂರ್ತ ಮತ್ತು ಟ್ಯಾರೋ ಕಾರ್ಡ್ ರೀಡಿಂಗ್‌ಗಳ ಜಟಿಲತೆಗಳಿಗೆ ವಿಸ್ತರಿಸುತ್ತದೆ, ಇದು ಜೀವನದ ಎಲ್ಲಾ ಅಂಶಗಳಿಗೆ ಸಮಗ್ರ ಮಾರ್ಗದರ್ಶನವನ್ನು ನೀಡುತ್ತದೆ. ಪ್ರಶ್ನಶಾಸ್ತ್ರ, ಪರಾಶರ, ಯೋಗಗಳು, ಸಂಖ್ಯಾಶಾಸ್ತ್ರ, ಭೃಗುನಂದಿನಾಡಿ, ತಾರಾ ದಶಾ ಬಲ ಮತ್ತು ಮುಖ ಓದುವಿಕೆಯ ಆಳವಾದ ತಿಳುವಳಿಕೆಯೊಂದಿಗೆ, ಸುಬ್ರಹ್ಮಣ್ಯ ಅವರ ಒಳನೋಟಗಳು ಆಳವಾದ ಮತ್ತು ನಿಖರವಾದವುಗಳಾಗಿವೆ. ಅವರೊಂದಿಗೆ ನಿಮ್ಮ ಜ್ಯೋತಿಷ್ಯ ಮಾರ್ಗದರ್ಶಿಯಾಗಿ, ನೀವು ಬ್ರಹ್ಮಾಂಡದ ರಹಸ್ಯಗಳನ್ನು ಅನ್ಲಾಕ್ ಮಾಡಲು ಮತ್ತು ನಿಮ್ಮ ನಿಜವಾದ ಸಾಮರ್ಥ್ಯವನ್ನು ಸ್ಪರ್ಶಿಸಲು ಪ್ರಯಾಣವನ್ನು ಪ್ರಾರಂಭಿಸುತ್ತೀರಿ.","Introducing Subramanya, a prominent figure in the world of astrology, with a vast array of talents and expertise that have garnered him a following of over 400 dedicated consultants. As both a Principal and Consultant, Subramanya's multifaceted skills make him a true luminary in the field. What sets him apart is his multilingual proficiency, allowing him to connect with clients from diverse backgrounds. His mastery encompasses a wide spectrum of astrological traditions, including NakshatraNadi, Vedic Astrology, Jaimini, and Mundane Astrology. Subramanya is not only a guiding light through celestial realms but also a healer, with proficiency in Crystal Healing, Reiki, and the use of Essential Oils for holistic well-being. His expertise extends to the intricacies of Vastu, Matchmaking, Muhurtha, and Tarot Card readings, providing comprehensive guidance for all facets of life. With a deep understanding of Prashnashastra, Parashara, Yogas, Numerology, BhrigunandiNadi, Tara Dasa Bala, and Face Reading, Subramanya's insights are both profound and precise. With him as your astrological guide, you embark on a journey to unlock the mysteries of the cosmos and tap into your true potential."
SARASWATHI HARISH K.,40,30.06.1983,FEMALE,9686851661,9490646773,sunismile.n@gmail.com,"#13, 5th main, BSK 3rd stage, banglore- 560085",842786824356,BLEPS9514B,1,800,"Hindi, Kannada, English, Tamil, Telugu, Urdu","Vedic, Nakshatranadi, Numerology, Tarot, Palmistry, Crystal, Vastu, Reiki",,SBI098989887,SBI,SBIM67878,XYZZZZ,Dr. SaraswathiK,Dr. SaraswathiK,Dr. SaraswathiK,Dr. SaraswathiK,ಡಾ. ಸರಸ್ವತಿ ಕೆ  ,Dr. SaraswathiK,"
Dr. Saraswathi, an accomplished astrologer, stands as a beacon of celestial wisdom with her profound knowledge and expertise in the mystical realms of astrology. With a vast network of over 800 dedicated consultants, she has become a trusted guide to countless seekers on their spiritual journeys. Her occupation as an astrologer is not just a profession but a lifelong commitment to unraveling the secrets of the cosmos. What sets Saraswathi apart is her multilingual proficiency, bridging cultural gaps to provide astrological insights to a diverse clientele. She specializes in NakshatraNadi and Vedic Astrology, delving into the celestial bodies' influence on human destinies. Her mastery extends to Agnihotra, Palm History, Jaimini, Vastu, Cowries shastra, Crystal, Reiki, Prashnashastra, Parashara, Yogas, Numerology, Tarot cards, Bhrigunandi Nadi, Tara Dasa Bala, Matchmaking, and Muhurtha. Her profound skills in these esoteric arts make her a luminary in the world of astrology, guiding individuals towards a deeper understanding of themselves and their destinies.","
Dr. Saraswathi, an accomplished astrologer, stands as a beacon of celestial wisdom with her profound knowledge and expertise in the mystical realms of astrology. With a vast network of over 800 dedicated consultants, she has become a trusted guide to countless seekers on their spiritual journeys. Her occupation as an astrologer is not just a profession but a lifelong commitment to unraveling the secrets of the cosmos. What sets Saraswathi apart is her multilingual proficiency, bridging cultural gaps to provide astrological insights to a diverse clientele. She specializes in NakshatraNadi and Vedic Astrology, delving into the celestial bodies' influence on human destinies. Her mastery extends to Agnihotra, Palm History, Jaimini, Vastu, Cowries shastra, Crystal, Rekhi, Prashnashastra, Parashara, Yogas, Numerology, Tarot cards, Bhrigunandi Nadi, Tara Dasa Bala, Matchmaking, and Muhurtha. Her profound skills in these esoteric arts make her a luminary in the world of astrology, guiding individuals towards a deeper understanding of themselves and their destinies.","
Dr. Saraswathi, an accomplished astrologer, stands as a beacon of celestial wisdom with her profound knowledge and expertise in the mystical realms of astrology. With a vast network of over 800 dedicated consultants, she has become a trusted guide to countless seekers on their spiritual journeys. Her occupation as an astrologer is not just a profession but a lifelong commitment to unraveling the secrets of the cosmos. What sets Saraswathi apart is her multilingual proficiency, bridging cultural gaps to provide astrological insights to a diverse clientele. She specializes in NakshatraNadi and Vedic Astrology, delving into the celestial bodies' influence on human destinies. Her mastery extends to Agnihotra, Palm History, Jaimini, Vastu, Cowries shastra, Crystal, Rekhi, Prashnashastra, Parashara, Yogas, Numerology, Tarot cards, Bhrigunandi Nadi, Tara Dasa Bala, Matchmaking, and Muhurtha. Her profound skills in these esoteric arts make her a luminary in the world of astrology, guiding individuals towards a deeper understanding of themselves and their destinies.","
Dr. Saraswathi, an accomplished astrologer, stands as a beacon of celestial wisdom with her profound knowledge and expertise in the mystical realms of astrology. With a vast network of over 800 dedicated consultants, she has become a trusted guide to countless seekers on their spiritual journeys. Her occupation as an astrologer is not just a profession but a lifelong commitment to unraveling the secrets of the cosmos. What sets Saraswathi apart is her multilingual proficiency, bridging cultural gaps to provide astrological insights to a diverse clientele. She specializes in NakshatraNadi and Vedic Astrology, delving into the celestial bodies' influence on human destinies. Her mastery extends to Agnihotra, Palm History, Jaimini, Vastu, Cowries shastra, Crystal, Rekhi, Prashnashastra, Parashara, Yogas, Numerology, Tarot cards, Bhrigunandi Nadi, Tara Dasa Bala, Matchmaking, and Muhurtha. Her profound skills in these esoteric arts make her a luminary in the world of astrology, guiding individuals towards a deeper understanding of themselves and their destinies.","ಡಾ. ಸರಸ್ವತಿ, ಒಬ್ಬ ನಿಪುಣ ಜ್ಯೋತಿಷಿ, ಜ್ಯೋತಿಷ್ಯದ ಅತೀಂದ್ರಿಯ ಕ್ಷೇತ್ರಗಳಲ್ಲಿ ತನ್ನ ಆಳವಾದ ಜ್ಞಾನ ಮತ್ತು ಪರಿಣತಿಯೊಂದಿಗೆ ಆಕಾಶ ಬುದ್ಧಿವಂತಿಕೆಯ ದಾರಿದೀಪವಾಗಿ ನಿಂತಿದ್ದಾಳೆ. 800 ಕ್ಕೂ ಹೆಚ್ಚು ಸಮರ್ಪಿತ ಸಲಹೆಗಾರರ ​​ವಿಶಾಲವಾದ ನೆಟ್‌ವರ್ಕ್‌ನೊಂದಿಗೆ, ಅವರು ತಮ್ಮ ಆಧ್ಯಾತ್ಮಿಕ ಪ್ರಯಾಣದಲ್ಲಿ ಅಸಂಖ್ಯಾತ ಅನ್ವೇಷಕರಿಗೆ ವಿಶ್ವಾಸಾರ್ಹ ಮಾರ್ಗದರ್ಶಿಯಾಗಿದ್ದಾರೆ. ಜ್ಯೋತಿಷಿಯಾಗಿ ಅವರ ಉದ್ಯೋಗವು ಕೇವಲ ವೃತ್ತಿಯಲ್ಲ ಆದರೆ ಬ್ರಹ್ಮಾಂಡದ ರಹಸ್ಯಗಳನ್ನು ಬಿಚ್ಚಿಡಲು ಜೀವಮಾನದ ಬದ್ಧತೆಯಾಗಿದೆ. ಸರಸ್ವತಿಯನ್ನು ಪ್ರತ್ಯೇಕಿಸುವುದು ಅವರ ಬಹುಭಾಷಾ ಪ್ರಾವೀಣ್ಯತೆ, ವೈವಿಧ್ಯಮಯ ಗ್ರಾಹಕರಿಗೆ ಜ್ಯೋತಿಷ್ಯ ಒಳನೋಟಗಳನ್ನು ಒದಗಿಸಲು ಸಾಂಸ್ಕೃತಿಕ ಅಂತರವನ್ನು ಕಡಿಮೆ ಮಾಡುವುದು. ಅವರು ನಕ್ಷತ್ರನಾಡಿ ಮತ್ತು ವೈದಿಕ ಜ್ಯೋತಿಷ್ಯದಲ್ಲಿ ಪರಿಣತಿ ಹೊಂದಿದ್ದಾರೆ, ಮಾನವ ವಿಧಿಗಳ ಮೇಲೆ ಆಕಾಶಕಾಯಗಳ ಪ್ರಭಾವವನ್ನು ಪರಿಶೀಲಿಸುತ್ತಾಳೆ. ಅವರ ಪಾಂಡಿತ್ಯವು ಅಗ್ನಿಹೋತ್ರ, ಪಾಮ್ ಇತಿಹಾಸ, ಜೈಮಿನಿ, ವಾಸ್ತು, ಕೌರೀಸ್ ಶಾಸ್ತ್ರ, ಹರಳು, ರೇಖಿ, ಪ್ರಶ್ನೆಶಾಸ್ತ್ರ, ಪರಾಶರ, ಯೋಗಗಳು, ಸಂಖ್ಯಾಶಾಸ್ತ್ರ, ಟ್ಯಾರೋ ಕಾರ್ಡ್‌ಗಳು, ಭೃಗುನಂದಿ ನಾಡಿ, ತಾರಾ ದಶಾ ಬಲ, ಹೊಂದಾಣಿಕೆ ಮತ್ತು ಮುಹೂರ್ತದವರೆಗೆ ವಿಸ್ತರಿಸುತ್ತದೆ. ಈ ನಿಗೂಢ ಕಲೆಗಳಲ್ಲಿ ಅವರ ಆಳವಾದ ಕೌಶಲ್ಯಗಳು ಜ್ಯೋತಿಷ್ಯದ ಜಗತ್ತಿನಲ್ಲಿ ಅವರನ್ನು ಪ್ರಕಾಶಮಾನವಾಗಿ ಮಾಡುತ್ತವೆ, ವ್ಯಕ್ತಿಗಳು ತಮ್ಮನ್ನು ಮತ್ತು ಅವರ ಭವಿಷ್ಯವನ್ನು ಆಳವಾಗಿ ಅರ್ಥಮಾಡಿಕೊಳ್ಳಲು ಮಾರ್ಗದರ್ಶನ ನೀಡುತ್ತವೆ.","
Dr. Saraswathi, an accomplished astrologer, stands as a beacon of celestial wisdom with her profound knowledge and expertise in the mystical realms of astrology. With a vast network of over 800 dedicated consultants, she has become a trusted guide to countless seekers on their spiritual journeys. Her occupation as an astrologer is not just a profession but a lifelong commitment to unraveling the secrets of the cosmos. What sets Saraswathi apart is her multilingual proficiency, bridging cultural gaps to provide astrological insights to a diverse clientele. She specializes in NakshatraNadi and Vedic Astrology, delving into the celestial bodies' influence on human destinies. Her mastery extends to Agnihotra, Palm History, Jaimini, Vastu, Cowries shastra, Crystal, Rekhi, Prashnashastra, Parashara, Yogas, Numerology, Tarot cards, Bhrigunandi Nadi, Tara Dasa Bala, Matchmaking, and Muhurtha. Her profound skills in these esoteric arts make her a luminary in the world of astrology, guiding individuals towards a deeper understanding of themselves and their destinies."
MADHU SUDHAN GADIHALLY LOKESH ,31,10.06.1992,MALE,7353786006,7353130423,msmadhu019@gmail.com,"No2, 1stmain,12cross, Maruthinagar, Yelahanka, Bangalore- 560064",328038837286,BJZPG9725R,3,2500,"Kannada, English","Vedic, Nakshatranadi, Numerology, Crystal, Vastu, Reiki",,SBI098989887,SBI,SBIM67878,XYZZZZ,MadhusudhanG,MadhusudhanG,MadhusudhanG,MadhusudhanG,ಮಧುಸೂಧನ್ ಜಿ ,MadhusudhanG,"
Introducing Madhusudhan, a multifaceted individual whose professional journey has seamlessly intertwined with his profound passion for the mystical arts. He is also a seasoned software developer by profession. However, he is well-known in the realm of astrology with over 2500 consultees. Specializing in NakshatraNadi and Vedic Astrology, Madhusudhan navigates the celestial constellations with an intuitive grace, unveiling the mysteries of fate and destiny. Madhusudhan is also a practitioner of Crystal Healing, Reiki, and Agnihotra, harnessing the energies of the universe to bring about holistic healing and spiritual alignment. His knowledge extends into the intricate realms of Mundane Astrology and the sacred geometry of the Sri Yantra. Furthermore, his skills encompass the subtleties of Prashnashastra, Parashara, Yogas, Numerology, Bhrigunandi Nadi, Tara Dasa Bala, and Cowries shastra, Jaimini, Match making, Muhurtha making him a true luminary in the esoteric arts. With Madhusudhan, one finds a guardian of ancient wisdom, guiding seekers on their journey to self-discovery and enlightenment.","
Introducing Madhusudhan, a multifaceted individual whose professional journey has seamlessly intertwined with his profound passion for the mystical arts. He is also a seasoned software developer by profession. However, he is well-known in the realm of astrology with over 2500 consultees. Specializing in NakshatraNadi and Vedic Astrology, Madhusudhan navigates the celestial constellations with an intuitive grace, unveiling the mysteries of fate and destiny. Madhusudhan is also a practitioner of Crystal Healing, Reiki, and Agnihotra, harnessing the energies of the universe to bring about holistic healing and spiritual alignment. His knowledge extends into the intricate realms of Mundane Astrology and the sacred geometry of the Sri Yantra. Furthermore, his skills encompass the subtleties of Prashnashastra, Parashara, Yogas, Numerology, Bhrigunandi Nadi, Tara Dasa Bala, and Cowries shastra, Jaimini, Match making, Muhurtha making him a true luminary in the esoteric arts. With Madhusudhan, one finds a guardian of ancient wisdom, guiding seekers on their journey to self-discovery and enlightenment.","
Introducing Madhusudhan, a multifaceted individual whose professional journey has seamlessly intertwined with his profound passion for the mystical arts. He is also a seasoned software developer by profession. However, he is well-known in the realm of astrology with over 2500 consultees. Specializing in NakshatraNadi and Vedic Astrology, Madhusudhan navigates the celestial constellations with an intuitive grace, unveiling the mysteries of fate and destiny. Madhusudhan is also a practitioner of Crystal Healing, Reiki, and Agnihotra, harnessing the energies of the universe to bring about holistic healing and spiritual alignment. His knowledge extends into the intricate realms of Mundane Astrology and the sacred geometry of the Sri Yantra. Furthermore, his skills encompass the subtleties of Prashnashastra, Parashara, Yogas, Numerology, Bhrigunandi Nadi, Tara Dasa Bala, and Cowries shastra, Jaimini, Match making, Muhurtha making him a true luminary in the esoteric arts. With Madhusudhan, one finds a guardian of ancient wisdom, guiding seekers on their journey to self-discovery and enlightenment.","
Introducing Madhusudhan, a multifaceted individual whose professional journey has seamlessly intertwined with his profound passion for the mystical arts. He is also a seasoned software developer by profession. However, he is well-known in the realm of astrology with over 2500 consultees. Specializing in NakshatraNadi and Vedic Astrology, Madhusudhan navigates the celestial constellations with an intuitive grace, unveiling the mysteries of fate and destiny. Madhusudhan is also a practitioner of Crystal Healing, Reiki, and Agnihotra, harnessing the energies of the universe to bring about holistic healing and spiritual alignment. His knowledge extends into the intricate realms of Mundane Astrology and the sacred geometry of the Sri Yantra. Furthermore, his skills encompass the subtleties of Prashnashastra, Parashara, Yogas, Numerology, Bhrigunandi Nadi, Tara Dasa Bala, and Cowries shastra, Jaimini, Match making, Muhurtha making him a true luminary in the esoteric arts. With Madhusudhan, one finds a guardian of ancient wisdom, guiding seekers on their journey to self-discovery and enlightenment.","ಮಧುಸೂಧನ್, ಬಹುಮುಖಿ ವ್ಯಕ್ತಿಯನ್ನು ಪರಿಚಯಿಸುವುದು, ಅವರ ವೃತ್ತಿಪರ ಪ್ರಯಾಣವು ಅತೀಂದ್ರಿಯ ಕಲೆಗಳ ಬಗ್ಗೆ ಅವರ ಆಳವಾದ ಉತ್ಸಾಹದೊಂದಿಗೆ ಮನಬಂದಂತೆ ಹೆಣೆದುಕೊಂಡಿದೆ. ಅವರು ವೃತ್ತಿಯಲ್ಲಿ ಅನುಭವಿ ಸಾಫ್ಟ್‌ವೇರ್ ಡೆವಲಪರ್ ಕೂಡ. ಆದಾಗ್ಯೂ, ಅವರು 2500 ಕ್ಕೂ ಹೆಚ್ಚು ಸಲಹೆಗಾರರನ್ನು ಹೊಂದಿರುವ ಜ್ಯೋತಿಷ್ಯ ಕ್ಷೇತ್ರದಲ್ಲಿ ಪ್ರಸಿದ್ಧರಾಗಿದ್ದಾರೆ. ನಕ್ಷತ್ರನಾಡಿ ಮತ್ತು ವೈದಿಕ ಜ್ಯೋತಿಷ್ಯದಲ್ಲಿ ಪರಿಣತಿ ಹೊಂದಿರುವ ಮಧುಸೂಧನ್ ಅವರು ಆಕಾಶ ನಕ್ಷತ್ರಪುಂಜಗಳನ್ನು ಅರ್ಥಗರ್ಭಿತ ಅನುಗ್ರಹದಿಂದ ನ್ಯಾವಿಗೇಟ್ ಮಾಡುತ್ತಾರೆ, ಅದೃಷ್ಟ ಮತ್ತು ಅದೃಷ್ಟದ ರಹಸ್ಯಗಳನ್ನು ಅನಾವರಣಗೊಳಿಸುತ್ತಾರೆ. ಮಧುಸೂಧನ್ ಅವರು ಕ್ರಿಸ್ಟಲ್ ಹೀಲಿಂಗ್, ರೇಖಿ ಮತ್ತು ಅಗ್ನಿಹೋತ್ರದ ಅಭ್ಯಾಸಕಾರರಾಗಿದ್ದಾರೆ, ಸಮಗ್ರ ಚಿಕಿತ್ಸೆ ಮತ್ತು ಆಧ್ಯಾತ್ಮಿಕ ಜೋಡಣೆಯನ್ನು ತರಲು ಬ್ರಹ್ಮಾಂಡದ ಶಕ್ತಿಯನ್ನು ಬಳಸಿಕೊಳ್ಳುತ್ತಾರೆ. ಅವರ ಜ್ಞಾನವು ಲೌಕಿಕ ಜ್ಯೋತಿಷ್ಯ ಮತ್ತು ಶ್ರೀ ಯಂತ್ರದ ಪವಿತ್ರ ರೇಖಾಗಣಿತದ ಸಂಕೀರ್ಣ ಕ್ಷೇತ್ರಗಳಿಗೆ ವಿಸ್ತರಿಸುತ್ತದೆ. ಇದಲ್ಲದೆ, ಅವರ ಕೌಶಲ್ಯಗಳು ಪ್ರಶ್ನಶಾಸ್ತ್ರ, ಪರಾಶರ, ಯೋಗಗಳು, ಸಂಖ್ಯಾಶಾಸ್ತ್ರ, ಭೃಗುನಂದಿ ನಾಡಿ, ತಾರಾ ದಶಾ ಬಲ, ಮತ್ತು ಕೌರೀಸ್ ಶಾಸ್ತ್ರ, ಜೈಮಿನಿ, ಮ್ಯಾಚ್ ಮೇಕಿಂಗ್, ಮುಹೂರ್ತದ ಸೂಕ್ಷ್ಮತೆಗಳನ್ನು ಒಳಗೊಳ್ಳುತ್ತವೆ. ಮಧುಸೂಧನ್ ಅವರೊಂದಿಗೆ, ಒಬ್ಬ ಪ್ರಾಚೀನ ಬುದ್ಧಿವಂತಿಕೆಯ ರಕ್ಷಕನನ್ನು ಕಂಡುಕೊಳ್ಳುತ್ತಾನೆ, ಸ್ವಯಂ-ಶೋಧನೆ ಮತ್ತು ಜ್ಞಾನೋದಯದ ಪ್ರಯಾಣದಲ್ಲಿ ಅನ್ವೇಷಕರಿಗೆ ಮಾರ್ಗದರ್ಶನ ನೀಡುತ್ತಾನೆ.","
Introducing Madhusudhan, a multifaceted individual whose professional journey has seamlessly intertwined with his profound passion for the mystical arts. He is also a seasoned software developer by profession. However, he is well-known in the realm of astrology with over 2500 consultees. Specializing in NakshatraNadi and Vedic Astrology, Madhusudhan navigates the celestial constellations with an intuitive grace, unveiling the mysteries of fate and destiny. Madhusudhan is also a practitioner of Crystal Healing, Reiki, and Agnihotra, harnessing the energies of the universe to bring about holistic healing and spiritual alignment. His knowledge extends into the intricate realms of Mundane Astrology and the sacred geometry of the Sri Yantra. Furthermore, his skills encompass the subtleties of Prashnashastra, Parashara, Yogas, Numerology, Bhrigunandi Nadi, Tara Dasa Bala, and Cowries shastra, Jaimini, Match making, Muhurtha making him a true luminary in the esoteric arts. With Madhusudhan, one finds a guardian of ancient wisdom, guiding seekers on their journey to self-discovery and enlightenment."
NAVEEN K. T.,32,07.08.1990,MALE,9538112346,9886600393,ktnaveen11@gmail.com,"No80, 1st cross,preemnagar, pipeline, Laggere, Bangalore-560058. ",411457513584,AKAPN1506E,0,30,"Telugu, Kannada, English"," Nakshatranadi, Numerology",,SBI098989887,SBI,SBIM67878,XYZZZZ,Dr. NaveenKT,Dr. NaveenKT,Dr. NaveenKT,Dr. NaveenKT,ಡಾ. ನವೀನ್ ಕೆ ಟಿ ,Dr. NaveenKT,"
Astrologer Dr. Naveen is a multifaceted individual whose diverse skills and expertise have earned him a well-deserved reputation in the field of astrology and holistic healing. With a primary occupation as a Medical Representative, Naveen's journey into the mystical realms of astrology and spirituality has been nothing short of remarkable. Naveen's mastery of NakshatraNadi, Vedic Astrology, Chakra Healing, Prashnashastra, Numerology, Bhrigunandi Nadi, and Matchmaking sets him apart as a versatile and deeply insightful astrologer. He delves into the intricate web of planetary positions, nakshatras, and nadi systems to unravel the secrets of one's destiny. Moreover, his expertise extends to Chakra Healing, offering individuals a path to spiritual balance and well-being. With unwavering dedication and a profound connection to the cosmic energies, Naveen is the guiding light for those embarking on a journey of self-discovery and enlightenment.","
Astrologer Dr. Naveen is a multifaceted individual whose diverse skills and expertise have earned him a well-deserved reputation in the field of astrology and holistic healing. With a primary occupation as a Medical Representative, Naveen's journey into the mystical realms of astrology and spirituality has been nothing short of remarkable. Naveen's mastery of NakshatraNadi, Vedic Astrology, Chakra Healing, Prashnashastra, Numerology, Bhrigunandi Nadi, and Matchmaking sets him apart as a versatile and deeply insightful astrologer. He delves into the intricate web of planetary positions, nakshatras, and nadi systems to unravel the secrets of one's destiny. Moreover, his expertise extends to Chakra Healing, offering individuals a path to spiritual balance and well-being. With unwavering dedication and a profound connection to the cosmic energies, Naveen is the guiding light for those embarking on a journey of self-discovery and enlightenment.","
Astrologer Dr. Naveen is a multifaceted individual whose diverse skills and expertise have earned him a well-deserved reputation in the field of astrology and holistic healing. With a primary occupation as a Medical Representative, Naveen's journey into the mystical realms of astrology and spirituality has been nothing short of remarkable. Naveen's mastery of NakshatraNadi, Vedic Astrology, Chakra Healing, Prashnashastra, Numerology, Bhrigunandi Nadi, and Matchmaking sets him apart as a versatile and deeply insightful astrologer. He delves into the intricate web of planetary positions, nakshatras, and nadi systems to unravel the secrets of one's destiny. Moreover, his expertise extends to Chakra Healing, offering individuals a path to spiritual balance and well-being. With unwavering dedication and a profound connection to the cosmic energies, Naveen is the guiding light for those embarking on a journey of self-discovery and enlightenment.","
Astrologer Dr. Naveen is a multifaceted individual whose diverse skills and expertise have earned him a well-deserved reputation in the field of astrology and holistic healing. With a primary occupation as a Medical Representative, Naveen's journey into the mystical realms of astrology and spirituality has been nothing short of remarkable. Naveen's mastery of NakshatraNadi, Vedic Astrology, Chakra Healing, Prashnashastra, Numerology, Bhrigunandi Nadi, and Matchmaking sets him apart as a versatile and deeply insightful astrologer. He delves into the intricate web of planetary positions, nakshatras, and nadi systems to unravel the secrets of one's destiny. Moreover, his expertise extends to Chakra Healing, offering individuals a path to spiritual balance and well-being. With unwavering dedication and a profound connection to the cosmic energies, Naveen is the guiding light for those embarking on a journey of self-discovery and enlightenment.","ಜ್ಯೋತಿಷಿ ಡಾ. ನವೀನ್ ಬಹುಮುಖಿ ವ್ಯಕ್ತಿಯಾಗಿದ್ದು, ಅವರ ವೈವಿಧ್ಯಮಯ ಕೌಶಲ್ಯ ಮತ್ತು ಪರಿಣತಿಯು ಜ್ಯೋತಿಷ್ಯ ಮತ್ತು ಸಮಗ್ರ ಚಿಕಿತ್ಸೆ ಕ್ಷೇತ್ರದಲ್ಲಿ ಅವರಿಗೆ ಅರ್ಹವಾದ ಖ್ಯಾತಿಯನ್ನು ಗಳಿಸಿದೆ. ವೈದ್ಯಕೀಯ ಪ್ರತಿನಿಧಿಯಾಗಿ ಪ್ರಾಥಮಿಕ ಉದ್ಯೋಗದೊಂದಿಗೆ, ಜ್ಯೋತಿಷ್ಯ ಮತ್ತು ಆಧ್ಯಾತ್ಮಿಕತೆಯ ಅತೀಂದ್ರಿಯ ಕ್ಷೇತ್ರಗಳಿಗೆ ನವೀನ್ ಅವರ ಪ್ರಯಾಣವು ಗಮನಾರ್ಹವಾದುದೇನಲ್ಲ. ನವೀನ್ ಅವರ ನಕ್ಷತ್ರನಾಡಿ, ವೈದಿಕ ಜ್ಯೋತಿಷ್ಯ, ಚಕ್ರ ಚಿಕಿತ್ಸೆ, ಪ್ರಶ್ನೆಶಾಸ್ತ್ರ, ಸಂಖ್ಯಾಶಾಸ್ತ್ರ, ಭೃಗುನಂದಿ ನಾಡಿ ಮತ್ತು ಹೊಂದಾಣಿಕೆಯ ಪಾಂಡಿತ್ಯವು ಅವರನ್ನು ಬಹುಮುಖ ಮತ್ತು ಆಳವಾದ ಒಳನೋಟವುಳ್ಳ ಜ್ಯೋತಿಷಿಯಾಗಿ ಪ್ರತ್ಯೇಕಿಸುತ್ತದೆ. ಒಬ್ಬರ ಅದೃಷ್ಟದ ರಹಸ್ಯಗಳನ್ನು ಬಿಚ್ಚಿಡಲು ಅವರು ಗ್ರಹಗಳ ಸ್ಥಾನಗಳು, ನಕ್ಷತ್ರಗಳು ಮತ್ತು ನಾಡಿ ವ್ಯವಸ್ಥೆಗಳ ಸಂಕೀರ್ಣವಾದ ಜಾಲವನ್ನು ಪರಿಶೀಲಿಸುತ್ತಾನೆ. ಇದಲ್ಲದೆ, ಅವರ ಪರಿಣತಿಯು ಚಕ್ರ ಹೀಲಿಂಗ್‌ಗೆ ವಿಸ್ತರಿಸುತ್ತದೆ, ವ್ಯಕ್ತಿಗಳಿಗೆ ಆಧ್ಯಾತ್ಮಿಕ ಸಮತೋಲನ ಮತ್ತು ಯೋಗಕ್ಷೇಮಕ್ಕೆ ಮಾರ್ಗವನ್ನು ನೀಡುತ್ತದೆ. ಅಚಲವಾದ ಸಮರ್ಪಣೆ ಮತ್ತು ಕಾಸ್ಮಿಕ್ ಶಕ್ತಿಗಳಿಗೆ ಆಳವಾದ ಸಂಪರ್ಕದೊಂದಿಗೆ, ನವೀನ್ ಸ್ವಯಂ-ಶೋಧನೆ ಮತ್ತು ಜ್ಞಾನೋದಯದ ಪ್ರಯಾಣವನ್ನು ಪ್ರಾರಂಭಿಸುವವರಿಗೆ ಮಾರ್ಗದರ್ಶಿ ಬೆಳಕು.""","
Astrologer Dr. Naveen is a multifaceted individual whose diverse skills and expertise have earned him a well-deserved reputation in the field of astrology and holistic healing. With a primary occupation as a Medical Representative, Naveen's journey into the mystical realms of astrology and spirituality has been nothing short of remarkable. Naveen's mastery of NakshatraNadi, Vedic Astrology, Chakra Healing, Prashnashastra, Numerology, Bhrigunandi Nadi, and Matchmaking sets him apart as a versatile and deeply insightful astrologer. He delves into the intricate web of planetary positions, nakshatras, and nadi systems to unravel the secrets of one's destiny. Moreover, his expertise extends to Chakra Healing, offering individuals a path to spiritual balance and well-being. With unwavering dedication and a profound connection to the cosmic energies, Naveen is the guiding light for those embarking on a journey of self-discovery and enlightenment."
RENUKA SAMPATH,49,10.07.1973,FEMALE,9972464731,7899018810,renukasampath04@gmail.com,"No.19, 3rd floor,jakkuru main road, amruthhalli, Bangalore- 560092",533145954740,BSDPS4642G,3,4500,"Hindi, Kannada, Telugu","Vedic, Nakshatranadi, Numerology, Tarot, Psychic, Palmistry,  Crystal, Vastu, Reiki",,SBI098989887,SBI,SBIM67878,XYZZZZ,Dr. RenukaS,Dr. RenukaS,Dr. RenukaS,Dr. RenukaS,ಡಾ. ರೇಣುಕಾ ಎಸ್,Dr. RenukaS,"Allow me to introduce you to Dr. Renuka, a distinguished Astrologer with a remarkable track record of serving over 4500 clients. Renuka is a true multilingual expert, proficient in various astrological disciplines such as NakshatraNadi, Vedic Astrology, Sri sukta, Medhini, Agnihotra, Vastu, Reiki Healing, Crystal Healing, Essential Oils, Mudra Yogas, Prashnashastra, Parashara, Numerology, Tarot card reading, Psychic Reading, Palmistry, Bhrigunandi Nadi, Tara Dasa Bala, Cowries shastra, Jaimini, Face Reading, Matchmaking, and Muhurtha. Additionally, Renuka specializes in the art of healing and spiritual balance, incorporating practices like Reiki Healing, Crystal Healing, and Mudra Yogas into her consultations. With her wealth of knowledge and experience, Renuka is here to illuminate your path and help you navigate the cosmic mysteries of life.




","Allow me to introduce you to Dr. Renuka, a distinguished Astrologer with a remarkable track record of serving over 4500 clients. Renuka is a true multilingual expert, proficient in various astrological disciplines such as NakshatraNadi, Vedic Astrology, Sri sukta, Medhini, Agnihotra, Vastu, Rekhi Healing, Crystal Healing, Essential Oils, Mudra Yogas, Prashnashastra, Parashara, Numerology, Tarot card reading, Psychic Reading, Palmistry, Bhrigunandi Nadi, Tara Dasa Bala, Cowries shastra, Jaimini, Face Reading, Matchmaking, and Muhurtha. Additionally, Renuka specializes in the art of healing and spiritual balance, incorporating practices like Rekhi Healing, Crystal Healing, and Mudra Yogas into her consultations. With her wealth of knowledge and experience, Renuka is here to illuminate your path and help you navigate the cosmic mysteries of life.




","Allow me to introduce you to Dr. Renuka, a distinguished Astrologer with a remarkable track record of serving over 4500 clients. Renuka is a true multilingual expert, proficient in various astrological disciplines such as NakshatraNadi, Vedic Astrology, Sri sukta, Medhini, Agnihotra, Vastu, Rekhi Healing, Crystal Healing, Essential Oils, Mudra Yogas, Prashnashastra, Parashara, Numerology, Tarot card reading, Psychic Reading, Palmistry, Bhrigunandi Nadi, Tara Dasa Bala, Cowries shastra, Jaimini, Face Reading, Matchmaking, and Muhurtha. Additionally, Renuka specializes in the art of healing and spiritual balance, incorporating practices like Rekhi Healing, Crystal Healing, and Mudra Yogas into her consultations. With her wealth of knowledge and experience, Renuka is here to illuminate your path and help you navigate the cosmic mysteries of life.




","Allow me to introduce you to Dr. Renuka, a distinguished Astrologer with a remarkable track record of serving over 4500 clients. Renuka is a true multilingual expert, proficient in various astrological disciplines such as NakshatraNadi, Vedic Astrology, Sri sukta, Medhini, Agnihotra, Vastu, Rekhi Healing, Crystal Healing, Essential Oils, Mudra Yogas, Prashnashastra, Parashara, Numerology, Tarot card reading, Psychic Reading, Palmistry, Bhrigunandi Nadi, Tara Dasa Bala, Cowries shastra, Jaimini, Face Reading, Matchmaking, and Muhurtha. Additionally, Renuka specializes in the art of healing and spiritual balance, incorporating practices like Rekhi Healing, Crystal Healing, and Mudra Yogas into her consultations. With her wealth of knowledge and experience, Renuka is here to illuminate your path and help you navigate the cosmic mysteries of life.




","4500 ಕ್ಕೂ ಹೆಚ್ಚು ಗ್ರಾಹಕರಿಗೆ ಸೇವೆ ಸಲ್ಲಿಸುವ ಗಮನಾರ್ಹ ದಾಖಲೆಯನ್ನು ಹೊಂದಿರುವ ಪ್ರಸಿದ್ಧ ಜ್ಯೋತಿಷಿ ಡಾ. ರೇಣುಕಾ ಅವರನ್ನು ನಿಮಗೆ ಪರಿಚಯಿಸಲು ನನಗೆ ಅವಕಾಶ ಮಾಡಿಕೊಡಿ. ರೇಣುಕಾ ನಿಜವಾದ ಬಹುಭಾಷಾ ಪರಿಣಿತರು, ನಕ್ಷತ್ರನಾಡಿ, ವೈದಿಕ ಜ್ಯೋತಿಷ್ಯ, ಶ್ರೀ ಸೂಕ್ತ, ಮೇಧಿನಿ, ಅಗ್ನಿಹೋತ್ರಾ, ರೇಖಿ ಹೀಲಿಂಗ್, ಕ್ರಿಸ್ಟಲ್ ಹೀಲಿಂಗ್, ಸಾರಭೂತ ತೈಲಗಳು, ಮುದ್ರಾ ಯೋಗಗಳು, ಪ್ರಶ್ನೆಶಾಸ್ತ್ರ, ಪರಾಶರ, ಸಂಖ್ಯಾಶಾಸ್ತ್ರ, ಟ್ಯಾರೋ ಕಾರ್ಡ್ ಓದುವಿಕೆ, ಅತೀಂದ್ರಿಯ ಓದುವಿಕೆ, ಹಸ್ತಸಾಮುದ್ರಿಕ ಶಾಸ್ತ್ರ, ಭೃಗುನಂದಿ ನಾಡಿ, ತಾರಾ ದಶಾ ಬಲ, ಕೌರೀಸ್ ಶಾಸ್ತ್ರ, ಜೈಮಿನಿ, ಮುಖ ವಾಚನ, ಮುಹೂರ್ತ, ಮುಹೂರ್ತ ಮತ್ತು ಹೆಚ್ಚುವರಿಯಾಗಿ. ರೇಣುಕಾ ಚಿಕಿತ್ಸೆ ಮತ್ತು ಆಧ್ಯಾತ್ಮಿಕ ಸಮತೋಲನದ ಕಲೆಯಲ್ಲಿ ಪರಿಣತಿ ಹೊಂದಿದ್ದಾರೆ, ರೇಖಿ ಹೀಲಿಂಗ್, ಕ್ರಿಸ್ಟಲ್ ಹೀಲಿಂಗ್ ಮತ್ತು ಮುದ್ರಾ ಯೋಗಗಳಂತಹ ಅಭ್ಯಾಸಗಳನ್ನು ತನ್ನ ಸಮಾಲೋಚನೆಗಳಲ್ಲಿ ಅಳವಡಿಸಿಕೊಂಡಿದ್ದಾಳೆ. ತನ್ನ ಜ್ಞಾನ ಮತ್ತು ಅನುಭವದ ಸಂಪತ್ತಿನಿಂದ, ರೇಣುಕಾ ನಿಮ್ಮ ಮಾರ್ಗವನ್ನು ಬೆಳಗಿಸಲು ಮತ್ತು ಕಾಸ್ಮಿಕ್ ರಹಸ್ಯಗಳನ್ನು ನ್ಯಾವಿಗೇಟ್ ಮಾಡಲು ಸಹಾಯ ಮಾಡಲು ಇಲ್ಲಿದ್ದಾರೆ. ಜೀವನ.","Allow me to introduce you to Dr. Renuka, a distinguished Astrologer with a remarkable track record of serving over 4500 clients. Renuka is a true multilingual expert, proficient in various astrological disciplines such as NakshatraNadi, Vedic Astrology, Sri sukta, Medhini, Agnihotra, Vastu, Rekhi Healing, Crystal Healing, Essential Oils, Mudra Yogas, Prashnashastra, Parashara, Numerology, Tarot card reading, Psychic Reading, Palmistry, Bhrigunandi Nadi, Tara Dasa Bala, Cowries shastra, Jaimini, Face Reading, Matchmaking, and Muhurtha. Additionally, Renuka specializes in the art of healing and spiritual balance, incorporating practices like Rekhi Healing, Crystal Healing, and Mudra Yogas into her consultations. With her wealth of knowledge and experience, Renuka is here to illuminate your path and help you navigate the cosmic mysteries of life.




"
N. JAYALAKSHAMMA ,70,22.03.1953,FEMALE,9980770278,9916843278,lakshmij230@gmail.com,"370/H, 9TH J main, vijayanaar, Bangalore-560040",661610377698,AHTPR2558Q,2,150,"Hindi, Kannada, English,Telugu"," Nakshatranadi, Numerology, Tarot",,SBI098989887,SBI,SBIM67878,XYZZZZ,JayalakshammaN,JayalakshammaN,JayalakshammaN,JayalakshammaN,ಜಯಲಕ್ಷಮ್ಮ ಎನ್   ,JayalakshammaN,"Introducing Jayalakshamma, a distinguished retired government official who has seamlessly transitioned into the world of astrology. Her 150 clientele, is a testament to her profound insight and unwavering dedication. Jayalakshamma's multilingual proficiency ensures that she can connect with a diverse array of seekers, transcending linguistic boundaries to offer personalized astrological consultations. Her expertise encompasses various branches of astrology, including NakshatraNadi, where she deciphers the cosmic messages embedded within the stars. Her keen understanding of Yogas unveils the hidden potentials and challenges in one's life, while her adept numerological skills unravel the numerical code of destiny. Jayalakshamma is also adept in Tarot card reading, providing intuitive guidance through the enigmatic symbolism of these cards. Moreover, her mastery extends to Cowries shastra, a unique and ancient divination system. With a passion for guiding individuals towards their true paths and potential, Jayalakshamma stands as a beacon of celestial insight, offering clarity and solace to those who seek her guidance.","Introducing Jayalakshamma, a distinguished retired government official who has seamlessly transitioned into the world of astrology. Her 150 clientele, is a testament to her profound insight and unwavering dedication. Jayalakshamma's multilingual proficiency ensures that she can connect with a diverse array of seekers, transcending linguistic boundaries to offer personalized astrological consultations. Her expertise encompasses various branches of astrology, including NakshatraNadi, where she deciphers the cosmic messages embedded within the stars. Her keen understanding of Yogas unveils the hidden potentials and challenges in one's life, while her adept numerological skills unravel the numerical code of destiny. Jayalakshamma is also adept in Tarot card reading, providing intuitive guidance through the enigmatic symbolism of these cards. Moreover, her mastery extends to Cowries shastra, a unique and ancient divination system. With a passion for guiding individuals towards their true paths and potential, Jayalakshamma stands as a beacon of celestial insight, offering clarity and solace to those who seek her guidance.","Introducing Jayalakshamma, a distinguished retired government official who has seamlessly transitioned into the world of astrology. Her 150 clientele, is a testament to her profound insight and unwavering dedication. Jayalakshamma's multilingual proficiency ensures that she can connect with a diverse array of seekers, transcending linguistic boundaries to offer personalized astrological consultations. Her expertise encompasses various branches of astrology, including NakshatraNadi, where she deciphers the cosmic messages embedded within the stars. Her keen understanding of Yogas unveils the hidden potentials and challenges in one's life, while her adept numerological skills unravel the numerical code of destiny. Jayalakshamma is also adept in Tarot card reading, providing intuitive guidance through the enigmatic symbolism of these cards. Moreover, her mastery extends to Cowries shastra, a unique and ancient divination system. With a passion for guiding individuals towards their true paths and potential, Jayalakshamma stands as a beacon of celestial insight, offering clarity and solace to those who seek her guidance.","Introducing Jayalakshamma, a distinguished retired government official who has seamlessly transitioned into the world of astrology. Her 150 clientele, is a testament to her profound insight and unwavering dedication. Jayalakshamma's multilingual proficiency ensures that she can connect with a diverse array of seekers, transcending linguistic boundaries to offer personalized astrological consultations. Her expertise encompasses various branches of astrology, including NakshatraNadi, where she deciphers the cosmic messages embedded within the stars. Her keen understanding of Yogas unveils the hidden potentials and challenges in one's life, while her adept numerological skills unravel the numerical code of destiny. Jayalakshamma is also adept in Tarot card reading, providing intuitive guidance through the enigmatic symbolism of these cards. Moreover, her mastery extends to Cowries shastra, a unique and ancient divination system. With a passion for guiding individuals towards their true paths and potential, Jayalakshamma stands as a beacon of celestial insight, offering clarity and solace to those who seek her guidance.","ಜ್ಯೋತಿಷ್ಯ ಜಗತ್ತಿಗೆ ಮನಬಂದಂತೆ ಪರಿವರ್ತನೆಗೊಂಡ ಪ್ರತಿಷ್ಠಿತ ನಿವೃತ್ತ ಸರ್ಕಾರಿ ಅಧಿಕಾರಿ ಜಯಲಕ್ಷಮ್ಮ ಅವರನ್ನು ಪರಿಚಯಿಸಿದರು. ಅವರ 150 ಗ್ರಾಹಕರು, ಅವರ ಆಳವಾದ ಒಳನೋಟ ಮತ್ತು ಅಚಲವಾದ ಸಮರ್ಪಣೆಗೆ ಸಾಕ್ಷಿಯಾಗಿದೆ. ಜಯಲಕ್ಷಮ್ಮ ಅವರ ಬಹುಭಾಷಾ ಪ್ರಾವೀಣ್ಯತೆಯು ಅವರು ವೈಯಕ್ತೀಕರಿಸಿದ ಜ್ಯೋತಿಷ್ಯ ಸಮಾಲೋಚನೆಗಳನ್ನು ನೀಡಲು ಭಾಷಾ ಗಡಿಗಳನ್ನು ಮೀರಿ ವೈವಿಧ್ಯಮಯ ಅನ್ವೇಷಕರೊಂದಿಗೆ ಸಂಪರ್ಕ ಹೊಂದಬಹುದು ಎಂದು ಖಚಿತಪಡಿಸುತ್ತದೆ. ಅವರ ಪರಿಣತಿಯು ನಕ್ಷತ್ರನಾಡಿ ಸೇರಿದಂತೆ ಜ್ಯೋತಿಷ್ಯದ ವಿವಿಧ ಶಾಖೆಗಳನ್ನು ಒಳಗೊಳ್ಳುತ್ತದೆ, ಅಲ್ಲಿ ಅವರು ನಕ್ಷತ್ರಗಳೊಳಗೆ ಹುದುಗಿರುವ ಕಾಸ್ಮಿಕ್ ಸಂದೇಶಗಳನ್ನು ಅರ್ಥೈಸುತ್ತಾಳೆ. ಯೋಗಗಳ ಬಗ್ಗೆ ಅವರ ತೀಕ್ಷ್ಣವಾದ ತಿಳುವಳಿಕೆಯು ಒಬ್ಬರ ಜೀವನದಲ್ಲಿ ಅಡಗಿರುವ ಸಾಮರ್ಥ್ಯಗಳು ಮತ್ತು ಸವಾಲುಗಳನ್ನು ಅನಾವರಣಗೊಳಿಸುತ್ತದೆ, ಆದರೆ ಅವರ ಪ್ರವೀಣ ಸಂಖ್ಯಾಶಾಸ್ತ್ರೀಯ ಕೌಶಲ್ಯಗಳು ವಿಧಿಯ ಸಂಖ್ಯಾತ್ಮಕ ಕೋಡ್ ಅನ್ನು ಬಿಚ್ಚಿಡುತ್ತವೆ. ಜಯಲಕ್ಷಮ್ಮ ಅವರು ಟ್ಯಾರೋ ಕಾರ್ಡ್ ಓದುವಿಕೆಯಲ್ಲಿ ಪ್ರವೀಣರಾಗಿದ್ದಾರೆ, ಈ ಕಾರ್ಡ್‌ಗಳ ನಿಗೂಢ ಸಂಕೇತಗಳ ಮೂಲಕ ಅರ್ಥಗರ್ಭಿತ ಮಾರ್ಗದರ್ಶನವನ್ನು ನೀಡುತ್ತಾರೆ. ಇದಲ್ಲದೆ, ಅವರ ಪಾಂಡಿತ್ಯವು ಕೌರೀಸ್ ಶಾಸ್ತ್ರಕ್ಕೆ ವಿಸ್ತರಿಸುತ್ತದೆ, ಇದು ಒಂದು ಅನನ್ಯ ಮತ್ತು ಪ್ರಾಚೀನ ಭವಿಷ್ಯಜ್ಞಾನ ವ್ಯವಸ್ಥೆಯಾಗಿದೆ. ವ್ಯಕ್ತಿಗಳನ್ನು ಅವರ ನಿಜವಾದ ಮಾರ್ಗಗಳು ಮತ್ತು ಸಾಮರ್ಥ್ಯದ ಕಡೆಗೆ ಮಾರ್ಗದರ್ಶನ ಮಾಡುವ ಉತ್ಸಾಹದಿಂದ, ಜಯಲಕ್ಷಮ್ಮ ಅವರು ಆಕಾಶದ ಒಳನೋಟದ ದಾರಿದೀಪವಾಗಿ ನಿಲ್ಲುತ್ತಾರೆ, ಅವರ ಮಾರ್ಗದರ್ಶನವನ್ನು ಬಯಸುವವರಿಗೆ ಸ್ಪಷ್ಟತೆ ಮತ್ತು ಸಾಂತ್ವನವನ್ನು ನೀಡುತ್ತಾರೆ.","Introducing Jayalakshamma, a distinguished retired government official who has seamlessly transitioned into the world of astrology. Her 150 clientele, is a testament to her profound insight and unwavering dedication. Jayalakshamma's multilingual proficiency ensures that she can connect with a diverse array of seekers, transcending linguistic boundaries to offer personalized astrological consultations. Her expertise encompasses various branches of astrology, including NakshatraNadi, where she deciphers the cosmic messages embedded within the stars. Her keen understanding of Yogas unveils the hidden potentials and challenges in one's life, while her adept numerological skills unravel the numerical code of destiny. Jayalakshamma is also adept in Tarot card reading, providing intuitive guidance through the enigmatic symbolism of these cards. Moreover, her mastery extends to Cowries shastra, a unique and ancient divination system. With a passion for guiding individuals towards their true paths and potential, Jayalakshamma stands as a beacon of celestial insight, offering clarity and solace to those who seek her guidance."
SHANTHI G.,28,27.09.1994,FEMALE,9538111621,9513366616,shanthi091994@gmail.com,"#38, Hebbal, Guddadahalli main road, RT nagar, Bangalore- 560032",519931578075,KNZPS0218A,3,2000,"Tamil,Kannada,English","Vedic, Nakshatranadi",,SBI098989887,SBI,SBIM67878,XYZZZZ,ShanthiG,ShanthiG,ShanthiG,ShanthiG,ಶಾಂತಿ ಜಿ ,ShanthiG,"
Introducing Shanthi, a renowned astrologer whose celestial insights have illuminated the lives of over 2000 dedicated consultants. With a profound expertise in NakshatraNadi, Vedci Astrology, Sri Sukta, Medhini Astrology, and Agnihotra, Shanthi's cosmic wisdom transcends ordinary horoscopic readings. Her mastery in the intricate realms of Prashnashastra, Parashara, Yogas, Matchmaking, and Muhurtha empowers her to navigate the complex tapestry of human destiny. With a reputation built on precision and unwavering dedication to her craft, Shanthi is not just an astrologer but a spiritual guide, helping individuals make informed decisions, understand their life's purpose, and embrace the opportunities and challenges that the cosmos presents. In a world filled with uncertainties, Shanthi's profound insights offer a guiding light, helping her clients navigate the celestial labyrinth of existence with confidence and clarity.","
Introducing Shanthi, a renowned astrologer whose celestial insights have illuminated the lives of over 2000 dedicated consultants. With a profound expertise in NakshatraNadi, Vedci Astrology, Sri Sukta, Medhini Astrology, and Agnihotra, Shanthi's cosmic wisdom transcends ordinary horoscopic readings. Her mastery in the intricate realms of Prashnashastra, Parashara, Yogas, Matchmaking, and Muhurtha empowers her to navigate the complex tapestry of human destiny. With a reputation built on precision and unwavering dedication to her craft, Shanthi is not just an astrologer but a spiritual guide, helping individuals make informed decisions, understand their life's purpose, and embrace the opportunities and challenges that the cosmos presents. In a world filled with uncertainties, Shanthi's profound insights offer a guiding light, helping her clients navigate the celestial labyrinth of existence with confidence and clarity.","
Introducing Shanthi, a renowned astrologer whose celestial insights have illuminated the lives of over 2000 dedicated consultants. With a profound expertise in NakshatraNadi, Vedci Astrology, Sri Sukta, Medhini Astrology, and Agnihotra, Shanthi's cosmic wisdom transcends ordinary horoscopic readings. Her mastery in the intricate realms of Prashnashastra, Parashara, Yogas, Matchmaking, and Muhurtha empowers her to navigate the complex tapestry of human destiny. With a reputation built on precision and unwavering dedication to her craft, Shanthi is not just an astrologer but a spiritual guide, helping individuals make informed decisions, understand their life's purpose, and embrace the opportunities and challenges that the cosmos presents. In a world filled with uncertainties, Shanthi's profound insights offer a guiding light, helping her clients navigate the celestial labyrinth of existence with confidence and clarity.","
Introducing Shanthi, a renowned astrologer whose celestial insights have illuminated the lives of over 2000 dedicated consultants. With a profound expertise in NakshatraNadi, Vedci Astrology, Sri Sukta, Medhini Astrology, and Agnihotra, Shanthi's cosmic wisdom transcends ordinary horoscopic readings. Her mastery in the intricate realms of Prashnashastra, Parashara, Yogas, Matchmaking, and Muhurtha empowers her to navigate the complex tapestry of human destiny. With a reputation built on precision and unwavering dedication to her craft, Shanthi is not just an astrologer but a spiritual guide, helping individuals make informed decisions, understand their life's purpose, and embrace the opportunities and challenges that the cosmos presents. In a world filled with uncertainties, Shanthi's profound insights offer a guiding light, helping her clients navigate the celestial labyrinth of existence with confidence and clarity.","2000 ಕ್ಕೂ ಹೆಚ್ಚು ಸಮರ್ಪಿತ ಸಲಹೆಗಾರರ ​​ಜೀವನವನ್ನು ಬೆಳಗಿಸಿದ ಆಕಾಶದ ಒಳನೋಟಗಳನ್ನು ಹೊಂದಿರುವ ಪ್ರಸಿದ್ಧ ಜ್ಯೋತಿಷಿಯಾದ ಶಾಂತಿಯನ್ನು ಪರಿಚಯಿಸಲಾಗುತ್ತಿದೆ. ನಕ್ಷತ್ರನಾಡಿ, ವೇದ್ಸಿ ಜ್ಯೋತಿಷ್ಯ, ಶ್ರೀ ಸೂಕ್ತ, ಮೇಧಿನಿ ಜ್ಯೋತಿಷ್ಯ ಮತ್ತು ಅಗ್ನಿಹೋತ್ರದಲ್ಲಿ ಆಳವಾದ ಪರಿಣತಿಯೊಂದಿಗೆ, ಶಾಂತಿಯ ಬ್ರಹ್ಮಾಂಡದ ಬುದ್ಧಿವಂತಿಕೆಯು ಸಾಮಾನ್ಯ ಜಾತಕ ವಾಚನಗೋಷ್ಠಿಯನ್ನು ಮೀರಿದೆ. ಪ್ರಶ್ನಶಾಸ್ತ್ರ, ಪರಾಶರ, ಯೋಗಗಳು, ಹೊಂದಾಣಿಕೆ, ಮತ್ತು ಮುಹೂರ್ತದ ಸಂಕೀರ್ಣ ಕ್ಷೇತ್ರಗಳಲ್ಲಿ ಅವರ ಪಾಂಡಿತ್ಯವು ಮಾನವನ ಹಣೆಬರಹದ ಸಂಕೀರ್ಣವಾದ ವಸ್ತ್ರವನ್ನು ನ್ಯಾವಿಗೇಟ್ ಮಾಡಲು ಅವರನ್ನು ಶಕ್ತಗೊಳಿಸುತ್ತದೆ. ತನ್ನ ಕರಕುಶಲತೆಯ ನಿಖರತೆ ಮತ್ತು ಅಚಲವಾದ ಸಮರ್ಪಣೆಯ ಮೇಲೆ ನಿರ್ಮಿಸಲಾದ ಖ್ಯಾತಿಯೊಂದಿಗೆ, ಶಾಂತಿ ಕೇವಲ ಜ್ಯೋತಿಷಿಯಾಗದೆ ಆಧ್ಯಾತ್ಮಿಕ ಮಾರ್ಗದರ್ಶಕರಾಗಿದ್ದಾರೆ, ವ್ಯಕ್ತಿಗಳು ತಿಳುವಳಿಕೆಯುಳ್ಳ ನಿರ್ಧಾರಗಳನ್ನು ತೆಗೆದುಕೊಳ್ಳಲು, ಅವರ ಜೀವನದ ಉದ್ದೇಶವನ್ನು ಅರ್ಥಮಾಡಿಕೊಳ್ಳಲು ಮತ್ತು ವಿಶ್ವವು ಪ್ರಸ್ತುತಪಡಿಸುವ ಅವಕಾಶಗಳು ಮತ್ತು ಸವಾಲುಗಳನ್ನು ಸ್ವೀಕರಿಸಲು ಸಹಾಯ ಮಾಡುತ್ತಾರೆ. ಅನಿಶ್ಚಿತತೆಗಳಿಂದ ತುಂಬಿರುವ ಜಗತ್ತಿನಲ್ಲಿ, ಶಾಂತಿಯವರ ಆಳವಾದ ಒಳನೋಟಗಳು ಮಾರ್ಗದರ್ಶಿ ಬೆಳಕನ್ನು ನೀಡುತ್ತವೆ, ಅವರ ಗ್ರಾಹಕರಿಗೆ ಆತ್ಮವಿಶ್ವಾಸ ಮತ್ತು ಸ್ಪಷ್ಟತೆಯೊಂದಿಗೆ ಅಸ್ತಿತ್ವದ ಆಕಾಶ ಚಕ್ರವ್ಯೂಹವನ್ನು ನ್ಯಾವಿಗೇಟ್ ಮಾಡಲು ಸಹಾಯ ಮಾಡುತ್ತದೆ.","
Introducing Shanthi, a renowned astrologer whose celestial insights have illuminated the lives of over 2000 dedicated consultants. With a profound expertise in NakshatraNadi, Vedci Astrology, Sri Sukta, Medhini Astrology, and Agnihotra, Shanthi's cosmic wisdom transcends ordinary horoscopic readings. Her mastery in the intricate realms of Prashnashastra, Parashara, Yogas, Matchmaking, and Muhurtha empowers her to navigate the complex tapestry of human destiny. With a reputation built on precision and unwavering dedication to her craft, Shanthi is not just an astrologer but a spiritual guide, helping individuals make informed decisions, understand their life's purpose, and embrace the opportunities and challenges that the cosmos presents. In a world filled with uncertainties, Shanthi's profound insights offer a guiding light, helping her clients navigate the celestial labyrinth of existence with confidence and clarity."
PRADEEP R.,23,28.11.1999,MALE,8147414861,7010380078,pradeepr1999pradee@gmail.com,"NO 2/34, ALUR (V),BAGALUR (H), HOSUR(T), krishnagiri(D), Tamilnadu-635103",812083166956,FOSPR1658A,2,30,"Kannada, English,Tamil,Telugu"," Nakshatranadi, Crystal, Vastu",,SBI098989887,SBI,SBIM67878,XYZZZZ,PradeepAR,PradeepAR,PradeepAR,PradeepAR,ಪ್ರದೀಪ್ ಎ ಆರ್,PradeepAR,"Introducing Pradeep, a multi-talented individual whose diverse skill set and expertise extend far beyond his role as a customer support executive. Pradeep is a linguistic virtuoso, proficient in multiple languages, enabling him to connect with a wide range of people from various backgrounds. Pradeep is well-versed in NakshatraNadi, Vastu, Chakra healing, Gowru Tirupathy Vastu, Kasturi Vastu, and Prashnashastra, making him a sought-after authority in the realm of astrological and spiritual guidance. His proficiency extends even further with his skills in Tara Dasa Bala, a complex astrological system that requires intricate calculations and deep insights into one's life path and destiny. Pradeep is also well-versed in the art of Crystal healing, harnessing the power of crystals to promote holistic well-being and balance. His dedication to helping individuals navigate the intricate web of life's challenges and opportunities has earned him a reputation as a trusted advisor and healer. With Pradeep's guidance and expertise, many have found clarity, harmony, and a deeper connection to the universe's cosmic energies.



","Introducing Pradeep, a multi-talented individual whose diverse skill set and expertise extend far beyond his role as a customer support executive. Pradeep is a linguistic virtuoso, proficient in multiple languages, enabling him to connect with a wide range of people from various backgrounds. Pradeep is well-versed in NakshatraNadi, Vastu, Chakra healing, Gowru Tirupathy Vastu, Kasturi Vastu, and Prashnashastra, making him a sought-after authority in the realm of astrological and spiritual guidance. His proficiency extends even further with his skills in Tara Dasa Bala, a complex astrological system that requires intricate calculations and deep insights into one's life path and destiny. Pradeep is also well-versed in the art of Crystal healing, harnessing the power of crystals to promote holistic well-being and balance. His dedication to helping individuals navigate the intricate web of life's challenges and opportunities has earned him a reputation as a trusted advisor and healer. With Pradeep's guidance and expertise, many have found clarity, harmony, and a deeper connection to the universe's cosmic energies.



","Introducing Pradeep, a multi-talented individual whose diverse skill set and expertise extend far beyond his role as a customer support executive. Pradeep is a linguistic virtuoso, proficient in multiple languages, enabling him to connect with a wide range of people from various backgrounds. Pradeep is well-versed in NakshatraNadi, Vastu, Chakra healing, Gowru Tirupathy Vastu, Kasturi Vastu, and Prashnashastra, making him a sought-after authority in the realm of astrological and spiritual guidance. His proficiency extends even further with his skills in Tara Dasa Bala, a complex astrological system that requires intricate calculations and deep insights into one's life path and destiny. Pradeep is also well-versed in the art of Crystal healing, harnessing the power of crystals to promote holistic well-being and balance. His dedication to helping individuals navigate the intricate web of life's challenges and opportunities has earned him a reputation as a trusted advisor and healer. With Pradeep's guidance and expertise, many have found clarity, harmony, and a deeper connection to the universe's cosmic energies.



","Introducing Pradeep, a multi-talented individual whose diverse skill set and expertise extend far beyond his role as a customer support executive. Pradeep is a linguistic virtuoso, proficient in multiple languages, enabling him to connect with a wide range of people from various backgrounds. Pradeep is well-versed in NakshatraNadi, Vastu, Chakra healing, Gowru Tirupathy Vastu, Kasturi Vastu, and Prashnashastra, making him a sought-after authority in the realm of astrological and spiritual guidance. His proficiency extends even further with his skills in Tara Dasa Bala, a complex astrological system that requires intricate calculations and deep insights into one's life path and destiny. Pradeep is also well-versed in the art of Crystal healing, harnessing the power of crystals to promote holistic well-being and balance. His dedication to helping individuals navigate the intricate web of life's challenges and opportunities has earned him a reputation as a trusted advisor and healer. With Pradeep's guidance and expertise, many have found clarity, harmony, and a deeper connection to the universe's cosmic energies.



","ಪ್ರದೀಪ್ ಅವರನ್ನು ಪರಿಚಯಿಸುತ್ತಿದ್ದೇವೆ, ಅವರ ವೈವಿಧ್ಯಮಯ ಕೌಶಲ್ಯ ಸೆಟ್ ಮತ್ತು ಪರಿಣತಿಯು ಗ್ರಾಹಕ ಬೆಂಬಲ ಕಾರ್ಯನಿರ್ವಾಹಕನ ಪಾತ್ರವನ್ನು ಮೀರಿ ವಿಸ್ತರಿಸಿದೆ. ಪ್ರದೀಪ್ ಒಬ್ಬ ಭಾಷಾ ಕಲಾತ್ಮಕ, ಬಹು ಭಾಷೆಗಳಲ್ಲಿ ಪ್ರಾವೀಣ್ಯತೆ ಹೊಂದಿದ್ದು, ವಿವಿಧ ಹಿನ್ನೆಲೆಗಳಿಂದ ವ್ಯಾಪಕ ಶ್ರೇಣಿಯ ಜನರೊಂದಿಗೆ ಸಂಪರ್ಕ ಸಾಧಿಸಲು ಅನುವು ಮಾಡಿಕೊಡುತ್ತದೆ. ಪ್ರದೀಪ್ ಅವರು ನಕ್ಷತ್ರನಾಡಿ, ವಾಸ್ತು, ಚಕ್ರ ಚಿಕಿತ್ಸೆ, ಗೌರು ತಿರುಪತಿ ವಾಸ್ತು, ಕಸ್ತೂರಿ ವಾಸ್ತು ಮತ್ತು ಪ್ರಶ್ನೆಶಾಸ್ತ್ರದಲ್ಲಿ ಚೆನ್ನಾಗಿ ಪಾರಂಗತರಾಗಿದ್ದಾರೆ, ಅವರನ್ನು ಜ್ಯೋತಿಷ್ಯ ಮತ್ತು ಆಧ್ಯಾತ್ಮಿಕ ಮಾರ್ಗದರ್ಶನದ ಕ್ಷೇತ್ರದಲ್ಲಿ ಬೇಡಿಕೆಯ ಅಧಿಕಾರಿಯನ್ನಾಗಿ ಮಾಡಿದ್ದಾರೆ. ದಾಸ ಬಲ, ಸಂಕೀರ್ಣವಾದ ಲೆಕ್ಕಾಚಾರಗಳು ಮತ್ತು ಒಬ್ಬರ ಜೀವನ ಪಥ ಮತ್ತು ಹಣೆಬರಹದ ಆಳವಾದ ಒಳನೋಟಗಳ ಅಗತ್ಯವಿರುವ ಸಂಕೀರ್ಣವಾದ ಜ್ಯೋತಿಷ್ಯ ವ್ಯವಸ್ಥೆ. ಪ್ರದೀಪ್ ಅವರು ಕ್ರಿಸ್ಟಲ್ ಹೀಲಿಂಗ್ ಕಲೆಯಲ್ಲಿ ಚೆನ್ನಾಗಿ ಪಾರಂಗತರಾಗಿದ್ದಾರೆ, ಸಮಗ್ರ ಯೋಗಕ್ಷೇಮ ಮತ್ತು ಸಮತೋಲನವನ್ನು ಉತ್ತೇಜಿಸಲು ಕ್ರಿಸ್ಟಲ್ಗಳ ಶಕ್ತಿಯನ್ನು ಬಳಸಿಕೊಳ್ಳುತ್ತಾರೆ. ಅವರ ಸಮರ್ಪಣೆ ಜೀವನದ ಸವಾಲುಗಳು ಮತ್ತು ಅವಕಾಶಗಳ ಸಂಕೀರ್ಣವಾದ ವೆಬ್ ಅನ್ನು ನ್ಯಾವಿಗೇಟ್ ಮಾಡಲು ವ್ಯಕ್ತಿಗಳಿಗೆ ಸಹಾಯ ಮಾಡುವುದು ಅವರಿಗೆ ವಿಶ್ವಾಸಾರ್ಹ ಸಲಹೆಗಾರ ಮತ್ತು ವೈದ್ಯನಾಗಿ ಖ್ಯಾತಿಯನ್ನು ಗಳಿಸಿದೆ.ಪ್ರದೀಪ್ ಅವರ ಮಾರ್ಗದರ್ಶನ ಮತ್ತು ಪರಿಣತಿಯೊಂದಿಗೆ, ಅನೇಕರು ಸ್ಪಷ್ಟತೆ, ಸಾಮರಸ್ಯ ಮತ್ತು ಬ್ರಹ್ಮಾಂಡದ ಕಾಸ್ಮಿಕ್ ಶಕ್ತಿಗಳಿಗೆ ಆಳವಾದ ಸಂಪರ್ಕವನ್ನು ಕಂಡುಕೊಂಡಿದ್ದಾರೆ.","Introducing Pradeep, a multi-talented individual whose diverse skill set and expertise extend far beyond his role as a customer support executive. Pradeep is a linguistic virtuoso, proficient in multiple languages, enabling him to connect with a wide range of people from various backgrounds. Pradeep is well-versed in NakshatraNadi, Vastu, Chakra healing, Gowru Tirupathy Vastu, Kasturi Vastu, and Prashnashastra, making him a sought-after authority in the realm of astrological and spiritual guidance. His proficiency extends even further with his skills in Tara Dasa Bala, a complex astrological system that requires intricate calculations and deep insights into one's life path and destiny. Pradeep is also well-versed in the art of Crystal healing, harnessing the power of crystals to promote holistic well-being and balance. His dedication to helping individuals navigate the intricate web of life's challenges and opportunities has earned him a reputation as a trusted advisor and healer. With Pradeep's guidance and expertise, many have found clarity, harmony, and a deeper connection to the universe's cosmic energies.



"
GANGAGADHAR KOTAGI,41,16.05.1981,MALE,9945601286,9591801286,globalhse1405@gmail.com,"#17/F1, Coconut grove apartment, Coconut Garden,1st Main, Nagarabhavi mainroad, bangalore-560072",203250508274,ALYPG1744L,3,5000,"Hindi, Kannada, English","Vedic, Nakshatranadi, Numerology, Crystal, Vastu",,SBI098989887,SBI,SBIM67878,XYZZZZ,Dr. GangadharK,Dr. GangadharK,Dr. GangadharK,Dr. GangadharK,ಡಾ.ಗಂಗಾಧರ್ ಕೆ  ,Dr. GangadharK,"
Dr. Gangadhar is a multifaceted astrologer and a renowned figure in the world of astrology. With a solid background as a Manager in the private sector, he brings a unique perspective to the realm of celestial insights. Dr. Gangadhar has earned his reputation through guiding over 5000 consultants on their life paths using his profound knowledge of Basic Astrology. His academic achievements include a PGD in Vedic Astrology, a Doctorate in Vedic Astrology, and expertise in various specialized fields like Numerology, Bhrigunandi Nadi, Jaimini, Varsha Pala, Medhini Astrology, and Rudraksha. His proficiency extends to the intricate domains of Medical Astrology, Crystal Healing, and Prashnashastra. Dr. Gangadhar's comprehensive expertise further encompasses Parashara, Yogas, Tara Dasa Bala, Muhurtha, and the art of Matchmaking. His dedication to these disciplines has led him to provide invaluable insights into the cosmic forces that shape our lives. With an extensive skill set and a deep understanding of the cosmic energies, Dr. Gangadhar continues to illuminate the paths of those seeking guidance, offering a beacon of hope and clarity in the world of astrology.","
Dr. Gangadhar is a multifaceted astrologer and a renowned figure in the world of astrology. With a solid background as a Manager in the private sector, he brings a unique perspective to the realm of celestial insights. Dr. Gangadhar has earned his reputation through guiding over 5000 consultants on their life paths using his profound knowledge of Basic Astrology. His academic achievements include a PGD in Vedic Astrology, a Doctorate in Vedic Astrology, and expertise in various specialized fields like Numerology, Bhrigunandi Nadi, Jaimini, Varsha Pala, Medhini Astrology, and Rudraksha. His proficiency extends to the intricate domains of Medical Astrology, Crystal Healing, and Prashnashastra. Dr. Gangadhar's comprehensive expertise further encompasses Parashara, Yogas, Tara Dasa Bala, Muhurtha, and the art of Matchmaking. His dedication to these disciplines has led him to provide invaluable insights into the cosmic forces that shape our lives. With an extensive skill set and a deep understanding of the cosmic energies, Dr. Gangadhar continues to illuminate the paths of those seeking guidance, offering a beacon of hope and clarity in the world of astrology.","
Dr. Gangadhar is a multifaceted astrologer and a renowned figure in the world of astrology. With a solid background as a Manager in the private sector, he brings a unique perspective to the realm of celestial insights. Dr. Gangadhar has earned his reputation through guiding over 5000 consultants on their life paths using his profound knowledge of Basic Astrology. His academic achievements include a PGD in Vedic Astrology, a Doctorate in Vedic Astrology, and expertise in various specialized fields like Numerology, Bhrigunandi Nadi, Jaimini, Varsha Pala, Medhini Astrology, and Rudraksha. His proficiency extends to the intricate domains of Medical Astrology, Crystal Healing, and Prashnashastra. Dr. Gangadhar's comprehensive expertise further encompasses Parashara, Yogas, Tara Dasa Bala, Muhurtha, and the art of Matchmaking. His dedication to these disciplines has led him to provide invaluable insights into the cosmic forces that shape our lives. With an extensive skill set and a deep understanding of the cosmic energies, Dr. Gangadhar continues to illuminate the paths of those seeking guidance, offering a beacon of hope and clarity in the world of astrology.","
Dr. Gangadhar is a multifaceted astrologer and a renowned figure in the world of astrology. With a solid background as a Manager in the private sector, he brings a unique perspective to the realm of celestial insights. Dr. Gangadhar has earned his reputation through guiding over 5000 consultants on their life paths using his profound knowledge of Basic Astrology. His academic achievements include a PGD in Vedic Astrology, a Doctorate in Vedic Astrology, and expertise in various specialized fields like Numerology, Bhrigunandi Nadi, Jaimini, Varsha Pala, Medhini Astrology, and Rudraksha. His proficiency extends to the intricate domains of Medical Astrology, Crystal Healing, and Prashnashastra. Dr. Gangadhar's comprehensive expertise further encompasses Parashara, Yogas, Tara Dasa Bala, Muhurtha, and the art of Matchmaking. His dedication to these disciplines has led him to provide invaluable insights into the cosmic forces that shape our lives. With an extensive skill set and a deep understanding of the cosmic energies, Dr. Gangadhar continues to illuminate the paths of those seeking guidance, offering a beacon of hope and clarity in the world of astrology.","ಡಾ.ಗಂಗಾಧರ್ ಅವರು ಬಹುಮುಖಿ ಜ್ಯೋತಿಷಿ ಮತ್ತು ಜ್ಯೋತಿಷ್ಯ ಜಗತ್ತಿನಲ್ಲಿ ಹೆಸರಾಂತ ವ್ಯಕ್ತಿ. ಖಾಸಗಿ ವಲಯದಲ್ಲಿ ಮ್ಯಾನೇಜರ್ ಆಗಿ ಘನ ಹಿನ್ನೆಲೆಯೊಂದಿಗೆ, ಅವರು ಆಕಾಶದ ಒಳನೋಟಗಳ ಕ್ಷೇತ್ರಕ್ಕೆ ಅನನ್ಯ ದೃಷ್ಟಿಕೋನವನ್ನು ತರುತ್ತಾರೆ. ಡಾ. ಗಂಗಾಧರ್ ಅವರು ತಮ್ಮ ಮೂಲ ಜ್ಯೋತಿಷ್ಯಶಾಸ್ತ್ರದ ಆಳವಾದ ಜ್ಞಾನವನ್ನು ಬಳಸಿಕೊಂಡು 5000 ಕ್ಕೂ ಹೆಚ್ಚು ಸಲಹೆಗಾರರನ್ನು ಅವರ ಜೀವನ ಪಥದಲ್ಲಿ ಮಾರ್ಗದರ್ಶನ ಮಾಡುವ ಮೂಲಕ ತಮ್ಮ ಖ್ಯಾತಿಯನ್ನು ಗಳಿಸಿದ್ದಾರೆ. ಅವರ ಶೈಕ್ಷಣಿಕ ಸಾಧನೆಗಳಲ್ಲಿ ವೈದಿಕ ಜ್ಯೋತಿಷ್ಯದಲ್ಲಿ ಪಿಜಿಡಿ, ವೈದಿಕ ಜ್ಯೋತಿಷ್ಯದಲ್ಲಿ ಡಾಕ್ಟರೇಟ್ ಮತ್ತು ಸಂಖ್ಯಾಶಾಸ್ತ್ರ, ಭೃಗುನಂದಿ ನಾಡಿ, ಜೈಮಿನಿ, ವರ್ಷ ಪಾಲ, ಮೇಧಿನಿ ಜ್ಯೋತಿಷ್ಯ ಮತ್ತು ರುದ್ರಾಕ್ಷದಂತಹ ವಿವಿಧ ವಿಶೇಷ ಕ್ಷೇತ್ರಗಳಲ್ಲಿ ಪರಿಣತಿ ಸೇರಿವೆ. ಅವರ ಪ್ರಾವೀಣ್ಯತೆಯು ವೈದ್ಯಕೀಯ ಜ್ಯೋತಿಷ್ಯ, ಕ್ರಿಸ್ಟಲ್ ಹೀಲಿಂಗ್ ಮತ್ತು ಪ್ರಶ್ನೆಶಾಸ್ತ್ರದ ಸಂಕೀರ್ಣ ಕ್ಷೇತ್ರಗಳಿಗೆ ವಿಸ್ತರಿಸುತ್ತದೆ. ಡಾ. ಗಂಗಾಧರ ಅವರ ಸಮಗ್ರ ಪರಿಣತಿಯು ಪರಾಶರ, ಯೋಗಗಳು, ತಾರಾ ದಶಾ ಬಲ, ಮುಹೂರ್ತ ಮತ್ತು ಹೊಂದಾಣಿಕೆಯ ಕಲೆಯನ್ನು ಮತ್ತಷ್ಟು ಒಳಗೊಳ್ಳುತ್ತದೆ. ಈ ವಿಭಾಗಗಳಿಗೆ ಅವರ ಸಮರ್ಪಣೆಯು ನಮ್ಮ ಜೀವನವನ್ನು ರೂಪಿಸುವ ಕಾಸ್ಮಿಕ್ ಶಕ್ತಿಗಳ ಬಗ್ಗೆ ಅಮೂಲ್ಯವಾದ ಒಳನೋಟಗಳನ್ನು ಒದಗಿಸಲು ಕಾರಣವಾಯಿತು. ವ್ಯಾಪಕವಾದ ಕೌಶಲ್ಯ ಮತ್ತು ಕಾಸ್ಮಿಕ್ ಶಕ್ತಿಗಳ ಆಳವಾದ ತಿಳುವಳಿಕೆಯೊಂದಿಗೆ, ಡಾ. ಗಂಗಾಧರ್ ಅವರು ಮಾರ್ಗದರ್ಶನವನ್ನು ಬಯಸುವವರ ಮಾರ್ಗಗಳನ್ನು ಬೆಳಗಿಸುವುದನ್ನು ಮುಂದುವರೆಸಿದ್ದಾರೆ, ಜ್ಯೋತಿಷ್ಯ ಜಗತ್ತಿನಲ್ಲಿ ಭರವಸೆ ಮತ್ತು ಸ್ಪಷ್ಟತೆಯ ದಾರಿದೀಪವನ್ನು ನೀಡುತ್ತಿದ್ದಾರೆ.","
Dr. Gangadhar is a multifaceted astrologer and a renowned figure in the world of astrology. With a solid background as a Manager in the private sector, he brings a unique perspective to the realm of celestial insights. Dr. Gangadhar has earned his reputation through guiding over 5000 consultants on their life paths using his profound knowledge of Basic Astrology. His academic achievements include a PGD in Vedic Astrology, a Doctorate in Vedic Astrology, and expertise in various specialized fields like Numerology, Bhrigunandi Nadi, Jaimini, Varsha Pala, Medhini Astrology, and Rudraksha. His proficiency extends to the intricate domains of Medical Astrology, Crystal Healing, and Prashnashastra. Dr. Gangadhar's comprehensive expertise further encompasses Parashara, Yogas, Tara Dasa Bala, Muhurtha, and the art of Matchmaking. His dedication to these disciplines has led him to provide invaluable insights into the cosmic forces that shape our lives. With an extensive skill set and a deep understanding of the cosmic energies, Dr. Gangadhar continues to illuminate the paths of those seeking guidance, offering a beacon of hope and clarity in the world of astrology."
K. RAMANJANEYULU,36,20.05.1986,MALE,9164993853,8660493930,ramanjik2016@gmail.com,"No:3403, 2nd main, 9th cross, vijayanagar, Bangalore-560104",440058372849,BCDPK3572R,3,,"Hindi, Kannada, English,Tamil,Telugu","Vedic, Nakshatranadi, Numerology, Crystal, Vastu",,SBI098989887,SBI,SBIM67878,XYZZZZ,RamanjaneyuluK,RamanjaneyuluK,RamanjaneyuluK,RamanjaneyuluK,ರಾಮಾಂಜನೇಯುಲುಕೆ  ,RamanjaneyuluK,"Introducing Astrologer Ramanjaneyulu, a true luminary in the realm of astrology. With a multilingual prowess that spans languages and cultures, Ramanjaneyulu has garnered a clientele of over 600 consultants from all corners of the globe. He juggles as Software engineer along with his interest in Astrology. Ramanjaneyulu is particularly renowned for his mastery of Nakshatra Nadi, a higher class within this celestial science, granting him unparalleled insights into the cosmic influences that shape one's destiny. He is well-versed in Vedic astrology, numerology, crystal healing, Prashnashastra, Parashara, Yogas, Bhrigunandi Nadi, Tara Dasa Bala, Jaimini, match-making, Muhurtha and Vastu. His dedication to helping individuals navigate life's journey with celestial wisdom sets him apart as a true luminary in the world of astrology.","Introducing Astrologer Ramanjaneyulu, a true luminary in the realm of astrology. With a multilingual prowess that spans languages and cultures, Ramanjaneyulu has garnered a clientele of over 600 consultants from all corners of the globe. He juggles as Software engineer along with his interest in Astrology. Ramanjaneyulu is particularly renowned for his mastery of Nakshatra Nadi, a higher class within this celestial science, granting him unparalleled insights into the cosmic influences that shape one's destiny. He is well-versed in Vedic astrology, numerology, crystal healing, Prashnashastra, Parashara, Yogas, Bhrigunandi Nadi, Tara Dasa Bala, Jaimini, match-making, Muhurtha and Vastu. His dedication to helping individuals navigate life's journey with celestial wisdom sets him apart as a true luminary in the world of astrology.","Introducing Astrologer Ramanjaneyulu, a true luminary in the realm of astrology. With a multilingual prowess that spans languages and cultures, Ramanjaneyulu has garnered a clientele of over 600 consultants from all corners of the globe. He juggles as Software engineer along with his interest in Astrology. Ramanjaneyulu is particularly renowned for his mastery of Nakshatra Nadi, a higher class within this celestial science, granting him unparalleled insights into the cosmic influences that shape one's destiny. He is well-versed in Vedic astrology, numerology, crystal healing, Prashnashastra, Parashara, Yogas, Bhrigunandi Nadi, Tara Dasa Bala, Jaimini, match-making, Muhurtha and Vastu. His dedication to helping individuals navigate life's journey with celestial wisdom sets him apart as a true luminary in the world of astrology.","Introducing Astrologer Ramanjaneyulu, a true luminary in the realm of astrology. With a multilingual prowess that spans languages and cultures, Ramanjaneyulu has garnered a clientele of over 600 consultants from all corners of the globe. He juggles as Software engineer along with his interest in Astrology. Ramanjaneyulu is particularly renowned for his mastery of Nakshatra Nadi, a higher class within this celestial science, granting him unparalleled insights into the cosmic influences that shape one's destiny. He is well-versed in Vedic astrology, numerology, crystal healing, Prashnashastra, Parashara, Yogas, Bhrigunandi Nadi, Tara Dasa Bala, Jaimini, match-making, Muhurtha and Vastu. His dedication to helping individuals navigate life's journey with celestial wisdom sets him apart as a true luminary in the world of astrology.","ಜ್ಯೋತಿಷಿ ರಾಮಾಂಜನೇಯುಲು ಅವರನ್ನು ಪರಿಚಯಿಸುತ್ತಿದ್ದೇವೆ, ಜ್ಯೋತಿಷ್ಯ ಕ್ಷೇತ್ರದಲ್ಲಿ ನಿಜವಾದ ಪ್ರಕಾಶ. ಭಾಷೆಗಳು ಮತ್ತು ಸಂಸ್ಕೃತಿಗಳನ್ನು ವ್ಯಾಪಿಸಿರುವ ಬಹುಭಾಷಾ ಪರಾಕ್ರಮದೊಂದಿಗೆ, ರಾಮಾಂಜನೇಯುಲು ಅವರು ಜಗತ್ತಿನ ಮೂಲೆ ಮೂಲೆಗಳಿಂದ 600 ಕ್ಕೂ ಹೆಚ್ಚು ಸಲಹೆಗಾರರನ್ನು ಗಳಿಸಿದ್ದಾರೆ. ಅವರು ಜ್ಯೋತಿಷ್ಯದಲ್ಲಿ ಆಸಕ್ತಿಯೊಂದಿಗೆ ಸಾಫ್ಟ್‌ವೇರ್ ಎಂಜಿನಿಯರ್ ಆಗಿ ಕಣ್ಕಟ್ಟು. ರಾಮಾಂಜನೇಯುಲು ಅವರು ನಕ್ಷತ್ರ ನಾಡಿನ ಪಾಂಡಿತ್ಯಕ್ಕಾಗಿ ವಿಶೇಷವಾಗಿ ಪ್ರಸಿದ್ಧರಾಗಿದ್ದಾರೆ, ಈ ಆಕಾಶ ವಿಜ್ಞಾನದೊಳಗಿನ ಉನ್ನತ ವರ್ಗ, ಒಬ್ಬರ ಹಣೆಬರಹವನ್ನು ರೂಪಿಸುವ ಕಾಸ್ಮಿಕ್ ಪ್ರಭಾವಗಳ ಬಗ್ಗೆ ಅವರಿಗೆ ಸಾಟಿಯಿಲ್ಲದ ಒಳನೋಟಗಳನ್ನು ನೀಡಿದರು. ವೈದಿಕ ಜ್ಯೋತಿಷ್ಯ, ಸಂಖ್ಯಾಶಾಸ್ತ್ರ, ಕ್ರಿಸ್ಟಲ್ ಚಿಕಿತ್ಸೆ, ಪ್ರಶ್ನೆಶಾಸ್ತ್ರ, ಪರಾಶರ, ಯೋಗಗಳು, ಭೃಗುನಂದಿ ನಾಡಿ, ತಾರಾ ದಶಾ ಬಲ, ಜೈಮಿನಿ, ಹೊಂದಾಣಿಕೆ, ಮುಹೂರ್ತ ಮತ್ತು ವಾಸ್ತುಗಳಲ್ಲಿ ಅವರು ಪಾರಂಗತರಾಗಿದ್ದಾರೆ. ಆಕಾಶದ ಬುದ್ಧಿವಂತಿಕೆಯೊಂದಿಗೆ ವ್ಯಕ್ತಿಗಳು ಜೀವನದ ಪ್ರಯಾಣವನ್ನು ನ್ಯಾವಿಗೇಟ್ ಮಾಡಲು ಸಹಾಯ ಮಾಡುವ ಅವರ ಸಮರ್ಪಣೆಯು ಜ್ಯೋತಿಷ್ಯದ ಜಗತ್ತಿನಲ್ಲಿ ನಿಜವಾದ ಪ್ರಕಾಶಕರಾಗಿ ಅವರನ್ನು ಪ್ರತ್ಯೇಕಿಸುತ್ತದೆ.","Introducing Astrologer Ramanjaneyulu, a true luminary in the realm of astrology. With a multilingual prowess that spans languages and cultures, Ramanjaneyulu has garnered a clientele of over 600 consultants from all corners of the globe. He juggles as Software engineer along with his interest in Astrology. Ramanjaneyulu is particularly renowned for his mastery of Nakshatra Nadi, a higher class within this celestial science, granting him unparalleled insights into the cosmic influences that shape one's destiny. He is well-versed in Vedic astrology, numerology, crystal healing, Prashnashastra, Parashara, Yogas, Bhrigunandi Nadi, Tara Dasa Bala, Jaimini, match-making, Muhurtha and Vastu. His dedication to helping individuals navigate life's journey with celestial wisdom sets him apart as a true luminary in the world of astrology."
MANJULA KISHORE,38,17.08.1985,FEMALE,9663766446,9731316557,manju.manjumv@gmail.com,"#42,4th cross,2nd Ward, chowdeshwari layout, yelahanka, bangalore-560064",968144690941,AQGPM7729Q,0,10,"Telugu, Kannada, English","Vedic, Nakshatranadi, Numerology, Crystal, Vastu, Reiki",,SBI098989887,SBI,SBIM67878,XYZZZZ,ManjulaK,ManjulaK,ManjulaK,ManjulaK,ಮಂಜುಳಾ ಕೆ  ,ManjulaK,"
Meet Manjula, a multi-talented individual whose journey through the mystical realms of astrology and esoteric sciences has made her a revered figure in the field. With a background in the private sector, Manjula has seamlessly intertwined her professional life with her passion for the celestial and mystical arts. Manjula's profound knowledge of NakshatraNadi, Vedic Astrology, and Vastu is a testament to her commitment to ancient wisdom. Her mastery extends to Reiki and crystal healing, where she harnesses the energies of the universe for holistic well-being. She is also a skilled practitioner of Prashnashastra, Parashara, Yogas, Numerology, Jaimini, and the intricate art of matchmaking and muhurtha. Manjula's dedication to her craft and her ability to decipher the celestial messages has earned her a reputation as a trusted guide and counselor. Her clients seek her wisdom and guidance to navigate life's challenges and discover their true paths. With her extensive knowledge and unwavering commitment, Manjula continues to illuminate the path towards self-discovery and spiritual enlightenment.","
Meet Manjula, a multi-talented individual whose journey through the mystical realms of astrology and esoteric sciences has made her a revered figure in the field. With a background in the private sector, Manjula has seamlessly intertwined her professional life with her passion for the celestial and mystical arts. Manjula's profound knowledge of NakshatraNadi, Vedic Astrology, and Vastu is a testament to her commitment to ancient wisdom. Her mastery extends to Reiki and crystal healing, where she harnesses the energies of the universe for holistic well-being. She is also a skilled practitioner of Prashnashastra, Parashara, Yogas, Numerology, Jaimini, and the intricate art of matchmaking and muhurtha. Manjula's dedication to her craft and her ability to decipher the celestial messages has earned her a reputation as a trusted guide and counselor. Her clients seek her wisdom and guidance to navigate life's challenges and discover their true paths. With her extensive knowledge and unwavering commitment, Manjula continues to illuminate the path towards self-discovery and spiritual enlightenment.","
Meet Manjula, a multi-talented individual whose journey through the mystical realms of astrology and esoteric sciences has made her a revered figure in the field. With a background in the private sector, Manjula has seamlessly intertwined her professional life with her passion for the celestial and mystical arts. Manjula's profound knowledge of NakshatraNadi, Vedic Astrology, and Vastu is a testament to her commitment to ancient wisdom. Her mastery extends to Reiki and crystal healing, where she harnesses the energies of the universe for holistic well-being. She is also a skilled practitioner of Prashnashastra, Parashara, Yogas, Numerology, Jaimini, and the intricate art of matchmaking and muhurtha. Manjula's dedication to her craft and her ability to decipher the celestial messages has earned her a reputation as a trusted guide and counselor. Her clients seek her wisdom and guidance to navigate life's challenges and discover their true paths. With her extensive knowledge and unwavering commitment, Manjula continues to illuminate the path towards self-discovery and spiritual enlightenment.","
Meet Manjula, a multi-talented individual whose journey through the mystical realms of astrology and esoteric sciences has made her a revered figure in the field. With a background in the private sector, Manjula has seamlessly intertwined her professional life with her passion for the celestial and mystical arts. Manjula's profound knowledge of NakshatraNadi, Vedic Astrology, and Vastu is a testament to her commitment to ancient wisdom. Her mastery extends to Reiki and crystal healing, where she harnesses the energies of the universe for holistic well-being. She is also a skilled practitioner of Prashnashastra, Parashara, Yogas, Numerology, Jaimini, and the intricate art of matchmaking and muhurtha. Manjula's dedication to her craft and her ability to decipher the celestial messages has earned her a reputation as a trusted guide and counselor. Her clients seek her wisdom and guidance to navigate life's challenges and discover their true paths. With her extensive knowledge and unwavering commitment, Manjula continues to illuminate the path towards self-discovery and spiritual enlightenment.","ಜ್ಯೋತಿಷ್ಯ ಮತ್ತು ನಿಗೂಢ ವಿಜ್ಞಾನಗಳ ಅತೀಂದ್ರಿಯ ಕ್ಷೇತ್ರಗಳ ಮೂಲಕ ಅವರ ಪ್ರಯಾಣವು ಈ ಕ್ಷೇತ್ರದಲ್ಲಿ ಪೂಜ್ಯ ವ್ಯಕ್ತಿಯಾಗುವಂತೆ ಮಾಡಿದ ಬಹು-ಪ್ರತಿಭಾವಂತ ವ್ಯಕ್ತಿ ಮಂಜುಳಾ ಅವರನ್ನು ಭೇಟಿ ಮಾಡಿ. ಖಾಸಗಿ ವಲಯದ ಹಿನ್ನೆಲೆಯನ್ನು ಹೊಂದಿರುವ ಮಂಜುಳಾ ಅವರು ಆಕಾಶ ಮತ್ತು ಅತೀಂದ್ರಿಯ ಕಲೆಗಳ ಮೇಲಿನ ಉತ್ಸಾಹದಿಂದ ತಮ್ಮ ವೃತ್ತಿಪರ ಜೀವನವನ್ನು ಮನಬಂದಂತೆ ಹೆಣೆದುಕೊಂಡಿದ್ದಾರೆ. ಮಂಜುಳಾ ಅವರ ನಕ್ಷತ್ರನಾಡಿ, ವೈದಿಕ ಜ್ಯೋತಿಷ್ಯ ಮತ್ತು ವಾಸ್ತುಗಳ ಆಳವಾದ ಜ್ಞಾನವು ಪ್ರಾಚೀನ ಬುದ್ಧಿವಂತಿಕೆಗೆ ಅವರ ಬದ್ಧತೆಗೆ ಸಾಕ್ಷಿಯಾಗಿದೆ. ಅವರ ಪಾಂಡಿತ್ಯವು ರೇಖಿ ಮತ್ತು ಕ್ರಿಸ್ಟಲ್ ಚಿಕಿತ್ಸೆಗೆ ವಿಸ್ತರಿಸುತ್ತದೆ, ಅಲ್ಲಿ ಅವರು ಸಮಗ್ರ ಯೋಗಕ್ಷೇಮಕ್ಕಾಗಿ ಬ್ರಹ್ಮಾಂಡದ ಶಕ್ತಿಯನ್ನು ಬಳಸಿಕೊಳ್ಳುತ್ತಾಳೆ. ಅವರು ಪ್ರಶ್ನೆಶಾಸ್ತ್ರ, ಪರಾಶರ, ಯೋಗಗಳು, ಸಂಖ್ಯಾಶಾಸ್ತ್ರ, ಜೈಮಿನಿ ಮತ್ತು ಹೊಂದಾಣಿಕೆಯ ಮತ್ತು ಮುಹೂರ್ತದ ಸಂಕೀರ್ಣ ಕಲೆಯ ನುರಿತ ಅಭ್ಯಾಸಿಯೂ ಹೌದು. ಮಂಜುಳಾ ಅವರ ಕರಕುಶಲತೆಯ ಸಮರ್ಪಣೆ ಮತ್ತು ಆಕಾಶ ಸಂದೇಶಗಳನ್ನು ಅರ್ಥೈಸಿಕೊಳ್ಳುವ ಸಾಮರ್ಥ್ಯವು ಅವರಿಗೆ ವಿಶ್ವಾಸಾರ್ಹ ಮಾರ್ಗದರ್ಶಿ ಮತ್ತು ಸಲಹೆಗಾರರಾಗಿ ಖ್ಯಾತಿಯನ್ನು ಗಳಿಸಿದೆ. ಅವರ ಗ್ರಾಹಕರು ಜೀವನದ ಸವಾಲುಗಳನ್ನು ನ್ಯಾವಿಗೇಟ್ ಮಾಡಲು ಮತ್ತು ಅವರ ನಿಜವಾದ ಮಾರ್ಗಗಳನ್ನು ಕಂಡುಹಿಡಿಯಲು ಅವರ ಬುದ್ಧಿವಂತಿಕೆ ಮತ್ತು ಮಾರ್ಗದರ್ಶನವನ್ನು ಬಯಸುತ್ತಾರೆ. ತನ್ನ ವ್ಯಾಪಕವಾದ ಜ್ಞಾನ ಮತ್ತು ಅಚಲವಾದ ಬದ್ಧತೆಯಿಂದ, ಮಂಜುಳಾ ಸ್ವಯಂ ಅನ್ವೇಷಣೆ ಮತ್ತು ಆಧ್ಯಾತ್ಮಿಕ ಜ್ಞಾನೋದಯದ ಹಾದಿಯನ್ನು ಬೆಳಗಿಸುವುದನ್ನು ಮುಂದುವರೆಸಿದ್ದಾರೆ.
","
Meet Manjula, a multi-talented individual whose journey through the mystical realms of astrology and esoteric sciences has made her a revered figure in the field. With a background in the private sector, Manjula has seamlessly intertwined her professional life with her passion for the celestial and mystical arts. Manjula's profound knowledge of NakshatraNadi, Vedic Astrology, and Vastu is a testament to her commitment to ancient wisdom. Her mastery extends to Reiki and crystal healing, where she harnesses the energies of the universe for holistic well-being. She is also a skilled practitioner of Prashnashastra, Parashara, Yogas, Numerology, Jaimini, and the intricate art of matchmaking and muhurtha. Manjula's dedication to her craft and her ability to decipher the celestial messages has earned her a reputation as a trusted guide and counselor. Her clients seek her wisdom and guidance to navigate life's challenges and discover their true paths. With her extensive knowledge and unwavering commitment, Manjula continues to illuminate the path towards self-discovery and spiritual enlightenment."
MURALI PARIGI,63,22.02.1960,MALE,9449834116,9880121179,pavamanamurali@gmail.com,"#pavamana 12,5th main, 1 st cross, sarvabhoma nagar, bangalore- 560061",420188155692,CGRAM8861J,2,315,"Telugu, Kannada","Vedic, Nakshatranadi, Numerology, Crystal, Vastu, Reiki",,SBI098989887,SBI,SBIM67878,XYZZZZ,MuraliP,MuraliP,MuraliP,MuraliP,ಮುರಳಿ ಪಿ ,MuraliP,"Astrologer Murali is a distinguished luminary in the world of astrology, renowned for his exceptional expertise and unwavering dedication to the mystical arts. With a thriving career in the private sector, Murali has guided a staggering 315 consultants, offering profound insights into their destinies. His multilingual proficiency enables him to connect with a diverse clientele, bridging cultural divides with ease. Murali's mastery encompasses a rich tapestry of astrological disciplines, including NakshatraNadi, Vedic astrology, Vastu, Reiki, and Prashnashastra. His skills in Parashara, Numerology, and Crystal readings have illuminated the path of countless seekers, unraveling the enigmatic threads of their lives with precision and compassion. Notably, Murali's expertise extends to the delicate art of Matchmaking, where he harmoniously combines astrological insights to unite soulmates in the sacred bonds of matrimony. Astrologer Murali is a beacon of wisdom, offering clarity, purpose, and profound transformation to those who seek his divine counsel.","Astrologer Murali is a distinguished luminary in the world of astrology, renowned for his exceptional expertise and unwavering dedication to the mystical arts. With a thriving career in the private sector, Murali has guided a staggering 315 consultants, offering profound insights into their destinies. His multilingual proficiency enables him to connect with a diverse clientele, bridging cultural divides with ease. Murali's mastery encompasses a rich tapestry of astrological disciplines, including NakshatraNadi, Vedic astrology, Vastu, Rekhi, and Prashnashastra. His skills in Parashara, Numerology, and Crystal readings have illuminated the path of countless seekers, unraveling the enigmatic threads of their lives with precision and compassion. Notably, Murali's expertise extends to the delicate art of Matchmaking, where he harmoniously combines astrological insights to unite soulmates in the sacred bonds of matrimony. Astrologer Murali is a beacon of wisdom, offering clarity, purpose, and profound transformation to those who seek his divine counsel.","Astrologer Murali is a distinguished luminary in the world of astrology, renowned for his exceptional expertise and unwavering dedication to the mystical arts. With a thriving career in the private sector, Murali has guided a staggering 315 consultants, offering profound insights into their destinies. His multilingual proficiency enables him to connect with a diverse clientele, bridging cultural divides with ease. Murali's mastery encompasses a rich tapestry of astrological disciplines, including NakshatraNadi, Vedic astrology, Vastu, Rekhi, and Prashnashastra. His skills in Parashara, Numerology, and Crystal readings have illuminated the path of countless seekers, unraveling the enigmatic threads of their lives with precision and compassion. Notably, Murali's expertise extends to the delicate art of Matchmaking, where he harmoniously combines astrological insights to unite soulmates in the sacred bonds of matrimony. Astrologer Murali is a beacon of wisdom, offering clarity, purpose, and profound transformation to those who seek his divine counsel.","Astrologer Murali is a distinguished luminary in the world of astrology, renowned for his exceptional expertise and unwavering dedication to the mystical arts. With a thriving career in the private sector, Murali has guided a staggering 315 consultants, offering profound insights into their destinies. His multilingual proficiency enables him to connect with a diverse clientele, bridging cultural divides with ease. Murali's mastery encompasses a rich tapestry of astrological disciplines, including NakshatraNadi, Vedic astrology, Vastu, Rekhi, and Prashnashastra. His skills in Parashara, Numerology, and Crystal readings have illuminated the path of countless seekers, unraveling the enigmatic threads of their lives with precision and compassion. Notably, Murali's expertise extends to the delicate art of Matchmaking, where he harmoniously combines astrological insights to unite soulmates in the sacred bonds of matrimony. Astrologer Murali is a beacon of wisdom, offering clarity, purpose, and profound transformation to those who seek his divine counsel.","ಜ್ಯೋತಿಷಿ ಮುರಳಿ ಅವರು ಅಸಾಧಾರಣ ಪರಿಣತಿ ಮತ್ತು ಅತೀಂದ್ರಿಯ ಕಲೆಗಳಿಗೆ ಅಚಲವಾದ ಸಮರ್ಪಣೆಗೆ ಹೆಸರುವಾಸಿಯಾಗಿದ್ದಾರೆ, ಜ್ಯೋತಿಷ್ಯ ಜಗತ್ತಿನಲ್ಲಿ ಒಂದು ವಿಶಿಷ್ಟವಾದ ಪ್ರಕಾಶಕರಾಗಿದ್ದಾರೆ. ಖಾಸಗಿ ವಲಯದಲ್ಲಿ ಅಭಿವೃದ್ಧಿ ಹೊಂದುತ್ತಿರುವ ವೃತ್ತಿಜೀವನದೊಂದಿಗೆ, ಮುರಳಿ ಅವರು ದಿಗ್ಭ್ರಮೆಗೊಳಿಸುವ 315 ಸಲಹೆಗಾರರಿಗೆ ಮಾರ್ಗದರ್ಶನ ನೀಡಿದ್ದಾರೆ, ಅವರ ಹಣೆಬರಹದ ಬಗ್ಗೆ ಆಳವಾದ ಒಳನೋಟಗಳನ್ನು ನೀಡಿದ್ದಾರೆ. ಅವರ ಬಹುಭಾಷಾ ಪ್ರಾವೀಣ್ಯತೆಯು ವೈವಿಧ್ಯಮಯ ಗ್ರಾಹಕರೊಂದಿಗೆ ಸಂಪರ್ಕ ಸಾಧಿಸಲು ಅನುವು ಮಾಡಿಕೊಡುತ್ತದೆ, ಸಾಂಸ್ಕೃತಿಕ ವಿಭಜನೆಗಳನ್ನು ಸುಲಭವಾಗಿ ಸೇತುವೆ ಮಾಡುತ್ತದೆ. ಮುರಳಿಯವರ ಪಾಂಡಿತ್ಯವು ನಕ್ಷತ್ರನಾಡಿ, ವೈದಿಕ ಜ್ಯೋತಿಷ್ಯ, ವಾಸ್ತು, ರೇಖಿ ಮತ್ತು ಪ್ರಶ್ನೆಶಾಸ್ತ್ರ ಸೇರಿದಂತೆ ಜ್ಯೋತಿಷ್ಯ ವಿಭಾಗಗಳ ಶ್ರೀಮಂತ ವಸ್ತ್ರವನ್ನು ಒಳಗೊಂಡಿದೆ. ಪರಾಶರ, ಸಂಖ್ಯಾಶಾಸ್ತ್ರ ಮತ್ತು ಕ್ರಿಸ್ಟಲ್ ವಾಚನಗೋಷ್ಠಿಯಲ್ಲಿನ ಅವರ ಕೌಶಲ್ಯಗಳು ಅಸಂಖ್ಯಾತ ಅನ್ವೇಷಕರ ಹಾದಿಯನ್ನು ಬೆಳಗಿಸಿ, ಅವರ ಜೀವನದ ನಿಗೂಢ ಎಳೆಗಳನ್ನು ನಿಖರವಾಗಿ ಮತ್ತು ಸಹಾನುಭೂತಿಯಿಂದ ಬಿಚ್ಚಿಡುತ್ತವೆ. ಗಮನಾರ್ಹವಾಗಿ, ಮುರಳಿಯವರ ಪರಿಣತಿಯು ಮ್ಯಾಚ್‌ಮೇಕಿಂಗ್‌ನ ಸೂಕ್ಷ್ಮ ಕಲೆಗೆ ವಿಸ್ತರಿಸುತ್ತದೆ, ಅಲ್ಲಿ ಅವರು ವೈವಾಹಿಕತೆಯ ಪವಿತ್ರ ಬಂಧಗಳಲ್ಲಿ ಆತ್ಮ ಸಂಗಾತಿಗಳನ್ನು ಒಂದುಗೂಡಿಸಲು ಜ್ಯೋತಿಷ್ಯದ ಒಳನೋಟಗಳನ್ನು ಸಾಮರಸ್ಯದಿಂದ ಸಂಯೋಜಿಸುತ್ತಾರೆ. ಜ್ಯೋತಿಷಿ ಮುರಳಿ ಅವರು ಬುದ್ಧಿವಂತಿಕೆಯ ದಾರಿದೀಪವಾಗಿದ್ದಾರೆ, ಅವರ ದೈವಿಕ ಸಲಹೆಯನ್ನು ಪಡೆಯುವವರಿಗೆ ಸ್ಪಷ್ಟತೆ, ಉದ್ದೇಶ ಮತ್ತು ಆಳವಾದ ರೂಪಾಂತರವನ್ನು ನೀಡುತ್ತಾರೆ.","Astrologer Murali is a distinguished luminary in the world of astrology, renowned for his exceptional expertise and unwavering dedication to the mystical arts. With a thriving career in the private sector, Murali has guided a staggering 315 consultants, offering profound insights into their destinies. His multilingual proficiency enables him to connect with a diverse clientele, bridging cultural divides with ease. Murali's mastery encompasses a rich tapestry of astrological disciplines, including NakshatraNadi, Vedic astrology, Vastu, Rekhi, and Prashnashastra. His skills in Parashara, Numerology, and Crystal readings have illuminated the path of countless seekers, unraveling the enigmatic threads of their lives with precision and compassion. Notably, Murali's expertise extends to the delicate art of Matchmaking, where he harmoniously combines astrological insights to unite soulmates in the sacred bonds of matrimony. Astrologer Murali is a beacon of wisdom, offering clarity, purpose, and profound transformation to those who seek his divine counsel."
SIDDESWARA N.,50,16.04.1973,MALE,9787649490,8248348634,www.siddeswara.mulkattammatemple@gmail.com,"16/129, AIA panchayat colony, Naduvattom (P), Udhagai, tamilnadu- 643224",861243980932,CPNPS7653M,2,200,"Kannada, English,Tamil","Vedic, Nakshatranadi, Numerology, Tarot, Palmistry, Crystal, Vastu, Reiki",,SBI098989887,SBI,SBIM67878,XYZZZZ,SiddeswaraN,SiddeswaraN,SiddeswaraN,SiddeswaraN,ಸಿದ್ದೇಶ್ವರ ಎನ್   ,SiddeswaraN,"Astrologer Siddeswara, a luminary in the realm of cosmic insights and divination, is a distinguished figure with over two decades of experience in the mystical arts. With a team of 200 consultants, Siddeswara has established a thriving business in the world of astrology. His expertise encompasses an impressive array of disciplines, firmly rooted in the rich tapestry of Vedic wisdom. Siddeswara's profound insights span the intricacies of NakshatraNadi, Vedic Astrology, Vastu, Reiki, Agnihotra, and Mundane Astrology, reflecting his multifaceted mastery. His discerning abilities extend to the arcane realms of Bhrigunandi Nadi, Prashnashastra, Parashara, Yogas, Numerology, Tarot cards, Palmistry, and Tara Dasa Bala, revealing a holistic understanding of the mystical arts. In the world of mystical knowledge, Siddeswara shines as a guiding star, illuminating the paths of countless souls on their journeys toward self-discovery and spiritual enlightenment.","Astrologer Siddeswara, a luminary in the realm of cosmic insights and divination, is a distinguished figure with over two decades of experience in the mystical arts. With a team of 200 consultants, Siddeswara has established a thriving business in the world of astrology. His expertise encompasses an impressive array of disciplines, firmly rooted in the rich tapestry of Vedic wisdom. Siddeswara's profound insights span the intricacies of NakshatraNadi, Vedic Astrology, Vastu, Rekhi, Agnihotra, and Mundane Astrology, reflecting his multifaceted mastery. His discerning abilities extend to the arcane realms of Bhrigunandi Nadi, Prashnashastra, Parashara, Yogas, Numerology, Tarot cards, Palmistry, and Tara Dasa Bala, revealing a holistic understanding of the mystical arts. In the world of mystical knowledge, Siddeswara shines as a guiding star, illuminating the paths of countless souls on their journeys toward self-discovery and spiritual enlightenment.","Astrologer Siddeswara, a luminary in the realm of cosmic insights and divination, is a distinguished figure with over two decades of experience in the mystical arts. With a team of 200 consultants, Siddeswara has established a thriving business in the world of astrology. His expertise encompasses an impressive array of disciplines, firmly rooted in the rich tapestry of Vedic wisdom. Siddeswara's profound insights span the intricacies of NakshatraNadi, Vedic Astrology, Vastu, Rekhi, Agnihotra, and Mundane Astrology, reflecting his multifaceted mastery. His discerning abilities extend to the arcane realms of Bhrigunandi Nadi, Prashnashastra, Parashara, Yogas, Numerology, Tarot cards, Palmistry, and Tara Dasa Bala, revealing a holistic understanding of the mystical arts. In the world of mystical knowledge, Siddeswara shines as a guiding star, illuminating the paths of countless souls on their journeys toward self-discovery and spiritual enlightenment.","Astrologer Siddeswara, a luminary in the realm of cosmic insights and divination, is a distinguished figure with over two decades of experience in the mystical arts. With a team of 200 consultants, Siddeswara has established a thriving business in the world of astrology. His expertise encompasses an impressive array of disciplines, firmly rooted in the rich tapestry of Vedic wisdom. Siddeswara's profound insights span the intricacies of NakshatraNadi, Vedic Astrology, Vastu, Rekhi, Agnihotra, and Mundane Astrology, reflecting his multifaceted mastery. His discerning abilities extend to the arcane realms of Bhrigunandi Nadi, Prashnashastra, Parashara, Yogas, Numerology, Tarot cards, Palmistry, and Tara Dasa Bala, revealing a holistic understanding of the mystical arts. In the world of mystical knowledge, Siddeswara shines as a guiding star, illuminating the paths of countless souls on their journeys toward self-discovery and spiritual enlightenment.","ಜ್ಯೋತಿಷಿ ಸಿದ್ದೇಶ್ವರ, ಬ್ರಹ್ಮಾಂಡದ ಒಳನೋಟಗಳು ಮತ್ತು ಭವಿಷ್ಯಜ್ಞಾನದ ಕ್ಷೇತ್ರದಲ್ಲಿ ಪ್ರಕಾಶಕರಾಗಿದ್ದಾರೆ, ಅವರು ಅತೀಂದ್ರಿಯ ಕಲೆಗಳಲ್ಲಿ ಎರಡು ದಶಕಗಳ ಅನುಭವವನ್ನು ಹೊಂದಿರುವ ವಿಶಿಷ್ಟ ವ್ಯಕ್ತಿಯಾಗಿದ್ದಾರೆ. 200 ಸಮಾಲೋಚಕರ ತಂಡದೊಂದಿಗೆ, ಸಿದ್ದೇಶ್ವರ ಅವರು ಜ್ಯೋತಿಷ್ಯ ಜಗತ್ತಿನಲ್ಲಿ ಅಭಿವೃದ್ಧಿ ಹೊಂದಿದ ಉದ್ಯಮವನ್ನು ಸ್ಥಾಪಿಸಿದ್ದಾರೆ. ಅವರ ಪರಿಣತಿಯು ವೈದಿಕ ಬುದ್ಧಿವಂತಿಕೆಯ ಶ್ರೀಮಂತ ವಸ್ತ್ರದಲ್ಲಿ ದೃಢವಾಗಿ ಬೇರೂರಿರುವ ಶಿಸ್ತುಗಳ ಪ್ರಭಾವಶಾಲಿ ಶ್ರೇಣಿಯನ್ನು ಒಳಗೊಂಡಿದೆ. ಸಿದ್ದೇಶ್ವರ ಅವರ ಆಳವಾದ ಒಳನೋಟಗಳು ನಕ್ಷತ್ರನಾಡಿ, ವೈದಿಕ ಜ್ಯೋತಿಷ್ಯ, ವಾಸ್ತು, ರೇಖಿ, ಅಗ್ನಿಹೋತ್ರ ಮತ್ತು ಲೌಕಿಕ ಜ್ಯೋತಿಷ್ಯದ ಜಟಿಲತೆಗಳನ್ನು ವ್ಯಾಪಿಸಿವೆ, ಇದು ಅವರ ಬಹುಮುಖಿ ಪಾಂಡಿತ್ಯವನ್ನು ಪ್ರತಿಬಿಂಬಿಸುತ್ತದೆ. ಅವರ ವಿವೇಚನಾ ಸಾಮರ್ಥ್ಯಗಳು ಭೃಗುನಂದಿ ನಾಡಿ, ಪ್ರಶ್ನೆಶಾಸ್ತ್ರ, ಪರಾಶರ, ಯೋಗಗಳು, ಸಂಖ್ಯಾಶಾಸ್ತ್ರ, ಟ್ಯಾರೋ ಕಾರ್ಡ್‌ಗಳು, ಹಸ್ತಸಾಮುದ್ರಿಕ ಶಾಸ್ತ್ರ ಮತ್ತು ತಾರಾ ದಶಾ ಬಲದ ರಹಸ್ಯ ಕ್ಷೇತ್ರಗಳಿಗೆ ವಿಸ್ತರಿಸುತ್ತವೆ, ಇದು ಅತೀಂದ್ರಿಯ ಕಲೆಗಳ ಸಮಗ್ರ ತಿಳುವಳಿಕೆಯನ್ನು ಬಹಿರಂಗಪಡಿಸುತ್ತದೆ. ಅತೀಂದ್ರಿಯ ಜ್ಞಾನದ ಜಗತ್ತಿನಲ್ಲಿ, ಸಿದ್ದೇಶ್ವರನು ಮಾರ್ಗದರ್ಶಿ ನಕ್ಷತ್ರವಾಗಿ ಹೊಳೆಯುತ್ತಾನೆ, ಸ್ವಯಂ-ಶೋಧನೆ ಮತ್ತು ಆಧ್ಯಾತ್ಮಿಕ ಜ್ಞಾನೋದಯದ ಕಡೆಗೆ ಅವರ ಪ್ರಯಾಣದಲ್ಲಿ ಅಸಂಖ್ಯಾತ ಆತ್ಮಗಳ ಮಾರ್ಗಗಳನ್ನು ಬೆಳಗಿಸುತ್ತಾನೆ.","Astrologer Siddeswara, a luminary in the realm of cosmic insights and divination, is a distinguished figure with over two decades of experience in the mystical arts. With a team of 200 consultants, Siddeswara has established a thriving business in the world of astrology. His expertise encompasses an impressive array of disciplines, firmly rooted in the rich tapestry of Vedic wisdom. Siddeswara's profound insights span the intricacies of NakshatraNadi, Vedic Astrology, Vastu, Rekhi, Agnihotra, and Mundane Astrology, reflecting his multifaceted mastery. His discerning abilities extend to the arcane realms of Bhrigunandi Nadi, Prashnashastra, Parashara, Yogas, Numerology, Tarot cards, Palmistry, and Tara Dasa Bala, revealing a holistic understanding of the mystical arts. In the world of mystical knowledge, Siddeswara shines as a guiding star, illuminating the paths of countless souls on their journeys toward self-discovery and spiritual enlightenment."
MADDI REDDY S. B.,39,16.08.1983,MALE,7019598252,7338336856,maddireddysb@gmail.com,"#288,dodda kammanahalli,BG road, bangalore-560083",899756118727,BUAPM6687G,2,300,"Hindi, Kannada, Telugu,Tamil","Vedic, Nakshatranadi, Numerology,   Crystal, Vastu, Reiki",,SBI098989887,SBI,SBIM67878,XYZZZZ,Dr. MaddireddySB,Dr. MaddireddySB,Dr. MaddireddySB,Dr. MaddireddySB,ಡಾ. ಮಡ್ಡಿರೆಡ್ಡಿ ಎಸ್ ಬಿ,Dr. MaddireddySB,"Introducing Dr. Maddireddy, a truly remarkable and multilingual astrologer whose expertise transcends conventional boundaries. With a vast clientele of over 300 consultants spanning the globe, He juggles as a  business man  as well as he is interested in Astrology. Specializing in the intricate fields of Nakshatra Nadi and Vedic Astrology, Maddireddyeddy offers profound insights into celestial destinies. Beyond astrology, Maddireddyeddy delves into the realms of Vastu, Reiki, and Mundane astrology, providing holistic guidance for a harmonious life. Proficient in Agnihotra, Prashnashastra, Parashara, Yogas, and Numerology, Maddireddy's knowledge is an amalgamation of diverse astrological sciences. Maddireddy's mastery extends to Bhrigunandi Nadi, Tara Dasa Bala, and Crystal astrology, offering clients a comprehensive understanding of their life's journey. With proficiency in Jaimini astrology, Maddireddy excels in match-making and Muhurtha, ensuring that auspicious moments are aligned with celestial forces. When seeking enlightenment and guidance in the intricate world of astrology, Maddireddy is the luminary to turn to, a beacon of celestial wisdom and an unrivaled authority in the cosmic arts.","Introducing Dr. Maddireddy, a truly remarkable and multilingual astrologer whose expertise transcends conventional boundaries. With a vast clientele of over 300 consultants spanning the globe, He juggles as a  business man  as well as he is interested in Astrology. Specializing in the intricate fields of Nakshatra Nadi and Vedic Astrology, Maddireddyeddy offers profound insights into celestial destinies. Beyond astrology, Maddireddyeddy delves into the realms of Vastu, Rekhi, and Mundane astrology, providing holistic guidance for a harmonious life. Proficient in Agnihotra, Prashnashastra, Parashara, Yogas, and Numerology, Maddireddy's knowledge is an amalgamation of diverse astrological sciences. Maddireddy's mastery extends to Bhrigunandi Nadi, Tara Dasa Bala, and Crystal astrology, offering clients a comprehensive understanding of their life's journey. With proficiency in Jaimini astrology, Maddireddy excels in match-making and Muhurtha, ensuring that auspicious moments are aligned with celestial forces. When seeking enlightenment and guidance in the intricate world of astrology, Maddireddy is the luminary to turn to, a beacon of celestial wisdom and an unrivaled authority in the cosmic arts.","Introducing Dr. Maddireddy, a truly remarkable and multilingual astrologer whose expertise transcends conventional boundaries. With a vast clientele of over 300 consultants spanning the globe, He juggles as a  business man  as well as he is interested in Astrology. Specializing in the intricate fields of Nakshatra Nadi and Vedic Astrology, Maddireddyeddy offers profound insights into celestial destinies. Beyond astrology, Maddireddyeddy delves into the realms of Vastu, Rekhi, and Mundane astrology, providing holistic guidance for a harmonious life. Proficient in Agnihotra, Prashnashastra, Parashara, Yogas, and Numerology, Maddireddy's knowledge is an amalgamation of diverse astrological sciences. Maddireddy's mastery extends to Bhrigunandi Nadi, Tara Dasa Bala, and Crystal astrology, offering clients a comprehensive understanding of their life's journey. With proficiency in Jaimini astrology, Maddireddy excels in match-making and Muhurtha, ensuring that auspicious moments are aligned with celestial forces. When seeking enlightenment and guidance in the intricate world of astrology, Maddireddy is the luminary to turn to, a beacon of celestial wisdom and an unrivaled authority in the cosmic arts.","Introducing Dr. Maddireddy, a truly remarkable and multilingual astrologer whose expertise transcends conventional boundaries. With a vast clientele of over 300 consultants spanning the globe, He juggles as a  business man  as well as he is interested in Astrology. Specializing in the intricate fields of Nakshatra Nadi and Vedic Astrology, Maddireddyeddy offers profound insights into celestial destinies. Beyond astrology, Maddireddyeddy delves into the realms of Vastu, Rekhi, and Mundane astrology, providing holistic guidance for a harmonious life. Proficient in Agnihotra, Prashnashastra, Parashara, Yogas, and Numerology, Maddireddy's knowledge is an amalgamation of diverse astrological sciences. Maddireddy's mastery extends to Bhrigunandi Nadi, Tara Dasa Bala, and Crystal astrology, offering clients a comprehensive understanding of their life's journey. With proficiency in Jaimini astrology, Maddireddy excels in match-making and Muhurtha, ensuring that auspicious moments are aligned with celestial forces. When seeking enlightenment and guidance in the intricate world of astrology, Maddireddy is the luminary to turn to, a beacon of celestial wisdom and an unrivaled authority in the cosmic arts.","ಡಾ. ಮಡ್ಡಿರೆಡ್ಡಿಯವರನ್ನು ಪರಿಚಯಿಸುತ್ತಿದ್ದೇವೆ, ಅವರ ಪರಿಣತಿಯು ಸಾಂಪ್ರದಾಯಿಕ ಗಡಿಗಳನ್ನು ಮೀರಿದ ನಿಜವಾದ ಗಮನಾರ್ಹ ಮತ್ತು ಬಹುಭಾಷಾ ಜ್ಯೋತಿಷಿ. ಪ್ರಪಂಚದಾದ್ಯಂತ ವ್ಯಾಪಿಸಿರುವ 300 ಕ್ಕೂ ಹೆಚ್ಚು ಸಲಹೆಗಾರರ ​​ವ್ಯಾಪಕ ಗ್ರಾಹಕರೊಂದಿಗೆ, ಅವರು ಉದ್ಯಮಿಯಾಗಿ ಕಣ್ಕಟ್ಟು ಮತ್ತು ಅವರು ಜ್ಯೋತಿಷ್ಯದಲ್ಲಿ ಆಸಕ್ತಿ ಹೊಂದಿದ್ದಾರೆ. ನಕ್ಷತ್ರ ನಾಡಿ ಮತ್ತು ವೈದಿಕ ಜ್ಯೋತಿಷ್ಯದ ಸಂಕೀರ್ಣ ಕ್ಷೇತ್ರಗಳಲ್ಲಿ ಪರಿಣತಿ ಹೊಂದಿರುವ ಮಡ್ಡಿರೆಡ್ಡಿಡ್ಡಿ ಅವರು ಆಕಾಶದ ವಿಧಿಗಳ ಬಗ್ಗೆ ಆಳವಾದ ಒಳನೋಟಗಳನ್ನು ನೀಡುತ್ತಾರೆ. ಜ್ಯೋತಿಷ್ಯ ಶಾಸ್ತ್ರದ ಹೊರತಾಗಿ, ಮಡ್ಡಿರೆಡ್ಡಿಯಡ್ಡಿ ವಾಸ್ತು, ರೇಖಿ ಮತ್ತು ಲೌಕಿಕ ಜ್ಯೋತಿಷ್ಯದ ಕ್ಷೇತ್ರಗಳಲ್ಲಿ ತೊಡಗುತ್ತಾರೆ, ಸಾಮರಸ್ಯದ ಜೀವನಕ್ಕಾಗಿ ಸಮಗ್ರ ಮಾರ್ಗದರ್ಶನವನ್ನು ನೀಡುತ್ತಾರೆ. ಅಗ್ನಿಹೋತ್ರ, ಪ್ರಶ್ನೆಶಾಸ್ತ್ರ, ಪರಾಶರ, ಯೋಗಗಳು ಮತ್ತು ಸಂಖ್ಯಾಶಾಸ್ತ್ರದಲ್ಲಿ ಪ್ರವೀಣರಾಗಿರುವ ಮಡ್ಡಿರೆಡ್ಡಿ ಅವರ ಜ್ಞಾನವು ವೈವಿಧ್ಯಮಯ ಜ್ಯೋತಿಷ್ಯ ಶಾಸ್ತ್ರಗಳ ಸಮ್ಮಿಲನವಾಗಿದೆ. ಮದ್ದಿರೆಡ್ಡಿಯವರ ಪಾಂಡಿತ್ಯವು ಭೃಗುನಂದಿ ನಾಡಿ, ತಾರಾ ದಶಾ ಬಲ ಮತ್ತು ಕ್ರಿಸ್ಟಲ್ ಜ್ಯೋತಿಷ್ಯಕ್ಕೆ ವಿಸ್ತರಿಸುತ್ತದೆ, ಗ್ರಾಹಕರಿಗೆ ಅವರ ಜೀವನದ ಪ್ರಯಾಣದ ಬಗ್ಗೆ ಸಮಗ್ರ ತಿಳುವಳಿಕೆಯನ್ನು ನೀಡುತ್ತದೆ. ಜೈಮಿನಿ ಜ್ಯೋತಿಷ್ಯದಲ್ಲಿ ಪ್ರಾವೀಣ್ಯತೆಯೊಂದಿಗೆ, ಮಡ್ಡಿರೆಡ್ಡಿ ಮ್ಯಾಚ್ ಮೇಕಿಂಗ್ ಮತ್ತು ಮುಹೂರ್ತದಲ್ಲಿ ಉತ್ಕೃಷ್ಟರಾಗಿದ್ದಾರೆ, ಮಂಗಳಕರ ಕ್ಷಣಗಳನ್ನು ಆಕಾಶ ಶಕ್ತಿಗಳೊಂದಿಗೆ ಜೋಡಿಸಲಾಗಿದೆ ಎಂದು ಖಚಿತಪಡಿಸಿಕೊಳ್ಳುತ್ತಾರೆ. ಜ್ಯೋತಿಷ್ಯದ ಸಂಕೀರ್ಣ ಜಗತ್ತಿನಲ್ಲಿ ಜ್ಞಾನೋದಯ ಮತ್ತು ಮಾರ್ಗದರ್ಶನವನ್ನು ಹುಡುಕುತ್ತಿರುವಾಗ, ಮಡ್ಡಿರೆಡ್ಡಿ ಅವರು ತಿರುಗಲು ಪ್ರಕಾಶಕರಾಗಿದ್ದಾರೆ, ಆಕಾಶ ಬುದ್ಧಿವಂತಿಕೆಯ ದಾರಿದೀಪ ಮತ್ತು ಕಾಸ್ಮಿಕ್ ಕಲೆಗಳಲ್ಲಿ ಅಪ್ರತಿಮ ಅಧಿಕಾರ.","Introducing Dr. Maddireddy, a truly remarkable and multilingual astrologer whose expertise transcends conventional boundaries. With a vast clientele of over 300 consultants spanning the globe, He juggles as a  business man  as well as he is interested in Astrology. Specializing in the intricate fields of Nakshatra Nadi and Vedic Astrology, Maddireddyeddy offers profound insights into celestial destinies. Beyond astrology, Maddireddyeddy delves into the realms of Vastu, Rekhi, and Mundane astrology, providing holistic guidance for a harmonious life. Proficient in Agnihotra, Prashnashastra, Parashara, Yogas, and Numerology, Maddireddy's knowledge is an amalgamation of diverse astrological sciences. Maddireddy's mastery extends to Bhrigunandi Nadi, Tara Dasa Bala, and Crystal astrology, offering clients a comprehensive understanding of their life's journey. With proficiency in Jaimini astrology, Maddireddy excels in match-making and Muhurtha, ensuring that auspicious moments are aligned with celestial forces. When seeking enlightenment and guidance in the intricate world of astrology, Maddireddy is the luminary to turn to, a beacon of celestial wisdom and an unrivaled authority in the cosmic arts."
VINYAS B.V.,36,09.03.1987,MALE,8095559911,8095553399,vinyas.9933@gmail.com,"#31/1,4th main,ittamadu, BSK 3RD Stage, Bangalore-560085.",881104523508,AHWPV0277D,2,100,"Kannada, English","Vedic, Nakshatranadi, Numerology, Crystal, Vastu, Reiki",,SBI098989887,SBI,SBIM67878,XYZZZZ,VinyasBV,VinyasBV,VinyasBV,VinyasBV,ವಿನ್ಯಾಸ್ ಬಿ ವಿ ,VinyasBV,"
Introducing Astrologer Vinyas, a luminary in the realm of celestial insight and cosmic guidance. With over a decade of experience, Vinyas stands at the helm of a team of 100+ skilled consultants, making him a formidable force in the world of astrology. His expertise spans a multitude of ancient disciplines, including NakshatraNadi, wherein he delves deep into the celestial constellations to decode the secrets of one's destiny. Vinyas holds a doctorate in Vedic astrology, a testament to his unwavering commitment to the timeless wisdom of the stars. He has also earned a postgraduate diploma in Vedic Astrology, further honing his proficiency in this mystical art. Vinyas's talents extend to Vastu, Reiki & Crystal healing, and the enigmatic world of Prashnashastra. His mastery of Parashara, Yogas, and Numerology adds profound layers to his astrological insights. Vinyas possesses rare skills in BhrigunandiNadi, Tara Dasa Bala, Jaimini, Matchmaking, and Muhurtha, offering a comprehensive spectrum of astrological services. Whether you seek clarity in your life's path, compatibility in relationships, or auspicious timing for important life events, Astrologer Vinyas is your trusted guide through the cosmic labyrinth, illuminating the way with celestial wisdom and precision.","
Introducing Astrologer Vinyas, a luminary in the realm of celestial insight and cosmic guidance. With over a decade of experience, Vinyas stands at the helm of a team of 100+ skilled consultants, making him a formidable force in the world of astrology. His expertise spans a multitude of ancient disciplines, including NakshatraNadi, wherein he delves deep into the celestial constellations to decode the secrets of one's destiny. Vinyas holds a doctorate in Vedic astrology, a testament to his unwavering commitment to the timeless wisdom of the stars. He has also earned a postgraduate diploma in Vedic Astrology, further honing his proficiency in this mystical art. Vinyas's talents extend to Vastu, Rekhi & Crystal healing, and the enigmatic world of Prashnashastra. His mastery of Parashara, Yogas, and Numerology adds profound layers to his astrological insights. Vinyas possesses rare skills in BhrigunandiNadi, Tara Dasa Bala, Jaimini, Matchmaking, and Muhurtha, offering a comprehensive spectrum of astrological services. Whether you seek clarity in your life's path, compatibility in relationships, or auspicious timing for important life events, Astrologer Vinyas is your trusted guide through the cosmic labyrinth, illuminating the way with celestial wisdom and precision.","
Introducing Astrologer Vinyas, a luminary in the realm of celestial insight and cosmic guidance. With over a decade of experience, Vinyas stands at the helm of a team of 100+ skilled consultants, making him a formidable force in the world of astrology. His expertise spans a multitude of ancient disciplines, including NakshatraNadi, wherein he delves deep into the celestial constellations to decode the secrets of one's destiny. Vinyas holds a doctorate in Vedic astrology, a testament to his unwavering commitment to the timeless wisdom of the stars. He has also earned a postgraduate diploma in Vedic Astrology, further honing his proficiency in this mystical art. Vinyas's talents extend to Vastu, Rekhi & Crystal healing, and the enigmatic world of Prashnashastra. His mastery of Parashara, Yogas, and Numerology adds profound layers to his astrological insights. Vinyas possesses rare skills in BhrigunandiNadi, Tara Dasa Bala, Jaimini, Matchmaking, and Muhurtha, offering a comprehensive spectrum of astrological services. Whether you seek clarity in your life's path, compatibility in relationships, or auspicious timing for important life events, Astrologer Vinyas is your trusted guide through the cosmic labyrinth, illuminating the way with celestial wisdom and precision.","
Introducing Astrologer Vinyas, a luminary in the realm of celestial insight and cosmic guidance. With over a decade of experience, Vinyas stands at the helm of a team of 100+ skilled consultants, making him a formidable force in the world of astrology. His expertise spans a multitude of ancient disciplines, including NakshatraNadi, wherein he delves deep into the celestial constellations to decode the secrets of one's destiny. Vinyas holds a doctorate in Vedic astrology, a testament to his unwavering commitment to the timeless wisdom of the stars. He has also earned a postgraduate diploma in Vedic Astrology, further honing his proficiency in this mystical art. Vinyas's talents extend to Vastu, Rekhi & Crystal healing, and the enigmatic world of Prashnashastra. His mastery of Parashara, Yogas, and Numerology adds profound layers to his astrological insights. Vinyas possesses rare skills in BhrigunandiNadi, Tara Dasa Bala, Jaimini, Matchmaking, and Muhurtha, offering a comprehensive spectrum of astrological services. Whether you seek clarity in your life's path, compatibility in relationships, or auspicious timing for important life events, Astrologer Vinyas is your trusted guide through the cosmic labyrinth, illuminating the way with celestial wisdom and precision.","ಆಕಾಶದ ಒಳನೋಟ ಮತ್ತು ಕಾಸ್ಮಿಕ್ ಮಾರ್ಗದರ್ಶನದ ಕ್ಷೇತ್ರದಲ್ಲಿ ಜ್ಯೋತಿಷಿ ವಿನ್ಯಾಸ್ ಅನ್ನು ಪರಿಚಯಿಸುತ್ತಿದ್ದೇವೆ. ಒಂದು ದಶಕದ ಅನುಭವದೊಂದಿಗೆ, ವಿನ್ಯಾಸ್ ಅವರು 100+ ನುರಿತ ಸಲಹೆಗಾರರ ​​​​ತಂಡದ ಚುಕ್ಕಾಣಿ ಹಿಡಿದಿದ್ದಾರೆ, ಅವರನ್ನು ಜ್ಯೋತಿಷ್ಯ ಜಗತ್ತಿನಲ್ಲಿ ಅಸಾಧಾರಣ ಶಕ್ತಿಯನ್ನಾಗಿ ಮಾಡಿದ್ದಾರೆ. ಅವರ ಪರಿಣತಿಯು ನಕ್ಷತ್ರನಾಡಿ ಸೇರಿದಂತೆ ಪ್ರಾಚೀನ ವಿಭಾಗಗಳ ಬಹುಸಂಖ್ಯೆಯನ್ನು ವ್ಯಾಪಿಸಿದೆ, ಇದರಲ್ಲಿ ಅವರು ಒಬ್ಬರ ಅದೃಷ್ಟದ ರಹಸ್ಯಗಳನ್ನು ಡಿಕೋಡ್ ಮಾಡಲು ಆಕಾಶ ನಕ್ಷತ್ರಪುಂಜಗಳಲ್ಲಿ ಆಳವಾಗಿ ಪರಿಶೀಲಿಸುತ್ತಾರೆ. ವಿನ್ಯಾಸ್ ಅವರು ವೈದಿಕ ಜ್ಯೋತಿಷ್ಯದಲ್ಲಿ ಡಾಕ್ಟರೇಟ್ ಅನ್ನು ಹೊಂದಿದ್ದಾರೆ, ಇದು ನಕ್ಷತ್ರಗಳ ಕಾಲಾತೀತ ಬುದ್ಧಿವಂತಿಕೆಗೆ ಅವರ ಅಚಲವಾದ ಬದ್ಧತೆಗೆ ಸಾಕ್ಷಿಯಾಗಿದೆ. ಅವರು ವೈದಿಕ ಜ್ಯೋತಿಷ್ಯದಲ್ಲಿ ಸ್ನಾತಕೋತ್ತರ ಡಿಪ್ಲೊಮಾವನ್ನು ಸಹ ಗಳಿಸಿದ್ದಾರೆ, ಈ ಅತೀಂದ್ರಿಯ ಕಲೆಯಲ್ಲಿ ತಮ್ಮ ಪ್ರಾವೀಣ್ಯತೆಯನ್ನು ಮತ್ತಷ್ಟು ಹೆಚ್ಚಿಸಿದ್ದಾರೆ. ವಿನ್ಯಾಸ್ ಅವರ ಪ್ರತಿಭೆಯು ವಾಸ್ತು, ರೇಖಿ ಮತ್ತು ಕ್ರಿಸ್ಟಲ್ ಹೀಲಿಂಗ್ ಮತ್ತು ಪ್ರಶ್ನೆಶಾಸ್ತ್ರದ ನಿಗೂಢ ಪ್ರಪಂಚದವರೆಗೆ ವಿಸ್ತರಿಸುತ್ತದೆ. ಪರಾಶರ, ಯೋಗಗಳು ಮತ್ತು ಸಂಖ್ಯಾಶಾಸ್ತ್ರದ ಅವರ ಪಾಂಡಿತ್ಯವು ಅವರ ಜ್ಯೋತಿಷ್ಯ ಒಳನೋಟಗಳಿಗೆ ಆಳವಾದ ಪದರಗಳನ್ನು ಸೇರಿಸುತ್ತದೆ. ವಿನ್ಯಾಸ್ ಅವರು ಭೃಗುನಂದಿನಾಡಿ, ತಾರಾ ದಶಾ ಬಲ, ಜೈಮಿನಿ, ಹೊಂದಾಣಿಕೆ ಮತ್ತು ಮುಹೂರ್ತದಲ್ಲಿ ಅಪರೂಪದ ಕೌಶಲ್ಯಗಳನ್ನು ಹೊಂದಿದ್ದಾರೆ, ಇದು ಜ್ಯೋತಿಷ್ಯ ಸೇವೆಗಳ ಸಮಗ್ರ ಶ್ರೇಣಿಯನ್ನು ನೀಡುತ್ತದೆ. ನಿಮ್ಮ ಜೀವನದ ಹಾದಿಯಲ್ಲಿ ನೀವು ಸ್ಪಷ್ಟತೆ, ಸಂಬಂಧಗಳಲ್ಲಿ ಹೊಂದಾಣಿಕೆ ಅಥವಾ ಪ್ರಮುಖ ಜೀವನದ ಘಟನೆಗಳಿಗೆ ಮಂಗಳಕರ ಸಮಯವನ್ನು ಹುಡುಕುತ್ತಿರಲಿ, ಜ್ಯೋತಿಷಿ ವಿನ್ಯಾಸ್ ಕಾಸ್ಮಿಕ್ ಚಕ್ರವ್ಯೂಹದ ಮೂಲಕ ನಿಮ್ಮ ವಿಶ್ವಾಸಾರ್ಹ ಮಾರ್ಗದರ್ಶಕರಾಗಿದ್ದಾರೆ, ಆಕಾಶದ ಬುದ್ಧಿವಂತಿಕೆ ಮತ್ತು ನಿಖರತೆಯಿಂದ ದಾರಿಯನ್ನು ಬೆಳಗಿಸುತ್ತಾರೆ.","
Introducing Astrologer Vinyas, a luminary in the realm of celestial insight and cosmic guidance. With over a decade of experience, Vinyas stands at the helm of a team of 100+ skilled consultants, making him a formidable force in the world of astrology. His expertise spans a multitude of ancient disciplines, including NakshatraNadi, wherein he delves deep into the celestial constellations to decode the secrets of one's destiny. Vinyas holds a doctorate in Vedic astrology, a testament to his unwavering commitment to the timeless wisdom of the stars. He has also earned a postgraduate diploma in Vedic Astrology, further honing his proficiency in this mystical art. Vinyas's talents extend to Vastu, Rekhi & Crystal healing, and the enigmatic world of Prashnashastra. His mastery of Parashara, Yogas, and Numerology adds profound layers to his astrological insights. Vinyas possesses rare skills in BhrigunandiNadi, Tara Dasa Bala, Jaimini, Matchmaking, and Muhurtha, offering a comprehensive spectrum of astrological services. Whether you seek clarity in your life's path, compatibility in relationships, or auspicious timing for important life events, Astrologer Vinyas is your trusted guide through the cosmic labyrinth, illuminating the way with celestial wisdom and precision."
ANAND PRAKASHA,31,27.07.1991,MALE,7338138510,,anand.prakasha1991@gmail.com,"24/A, Dasharathi nilaya, KGF Reddy layout, SRR Colony, Mahadevpura, Bangalore-560016.",610295615702,BCKPA1274K,1,10,"Hindi, Kannada, English"," Nakshatranadi, Numerology, Crystal, Vastu",,SBI098989887,SBI,SBIM67878,XYZZZZ,AnandP,AnandP,AnandP,AnandP,ಆನಂದ್ ಪಿ ,AnandP,"Introducing Anand, a multifaceted individual whose diverse talents and passions have led him on a unique journey of self-discovery and expertise. By day, Anand is a seasoned professional engineer, but he wears another intriguing hat - that of a dedicated part-time yoga teacher, harnessing the ancient wisdom of yoga to promote holistic well-being. He possesses a profound understanding of NakshatraNadi, an intricate and time-honored astrological tradition. His skills in Prashnashastra, the art of answering specific queries through astrology, are nothing short of remarkable, enabling him to provide insightful guidance to those seeking answers in the celestial realm. Furthermore, Anand's expertise extends to Parashara, Yogas, Numerology, Crystal, Jaimini, and Vastu, offering a comprehensive range of astrological services. His unique blend of engineering precision and yogic wisdom makes Anand a truly exceptional astrologer, capable of guiding individuals toward a harmonious life, both in the material and spiritual realms.","Introducing Anand, a multifaceted individual whose diverse talents and passions have led him on a unique journey of self-discovery and expertise. By day, Anand is a seasoned professional engineer, but he wears another intriguing hat - that of a dedicated part-time yoga teacher, harnessing the ancient wisdom of yoga to promote holistic well-being. He possesses a profound understanding of NakshatraNadi, an intricate and time-honored astrological tradition. His skills in Prashnashastra, the art of answering specific queries through astrology, are nothing short of remarkable, enabling him to provide insightful guidance to those seeking answers in the celestial realm. Furthermore, Anand's expertise extends to Parashara, Yogas, Numerology, Crystal, Jaimini, and Vastu, offering a comprehensive range of astrological services. His unique blend of engineering precision and yogic wisdom makes Anand a truly exceptional astrologer, capable of guiding individuals toward a harmonious life, both in the material and spiritual realms.","Introducing Anand, a multifaceted individual whose diverse talents and passions have led him on a unique journey of self-discovery and expertise. By day, Anand is a seasoned professional engineer, but he wears another intriguing hat - that of a dedicated part-time yoga teacher, harnessing the ancient wisdom of yoga to promote holistic well-being. He possesses a profound understanding of NakshatraNadi, an intricate and time-honored astrological tradition. His skills in Prashnashastra, the art of answering specific queries through astrology, are nothing short of remarkable, enabling him to provide insightful guidance to those seeking answers in the celestial realm. Furthermore, Anand's expertise extends to Parashara, Yogas, Numerology, Crystal, Jaimini, and Vastu, offering a comprehensive range of astrological services. His unique blend of engineering precision and yogic wisdom makes Anand a truly exceptional astrologer, capable of guiding individuals toward a harmonious life, both in the material and spiritual realms.","Introducing Anand, a multifaceted individual whose diverse talents and passions have led him on a unique journey of self-discovery and expertise. By day, Anand is a seasoned professional engineer, but he wears another intriguing hat - that of a dedicated part-time yoga teacher, harnessing the ancient wisdom of yoga to promote holistic well-being. He possesses a profound understanding of NakshatraNadi, an intricate and time-honored astrological tradition. His skills in Prashnashastra, the art of answering specific queries through astrology, are nothing short of remarkable, enabling him to provide insightful guidance to those seeking answers in the celestial realm. Furthermore, Anand's expertise extends to Parashara, Yogas, Numerology, Crystal, Jaimini, and Vastu, offering a comprehensive range of astrological services. His unique blend of engineering precision and yogic wisdom makes Anand a truly exceptional astrologer, capable of guiding individuals toward a harmonious life, both in the material and spiritual realms.","ವೈವಿಧ್ಯಮಯ ಪ್ರತಿಭೆಗಳು ಮತ್ತು ಭಾವೋದ್ರೇಕಗಳು ಅವರನ್ನು ಸ್ವಯಂ-ಶೋಧನೆ ಮತ್ತು ಪರಿಣತಿಯ ಅನನ್ಯ ಪ್ರಯಾಣದಲ್ಲಿ ಮುನ್ನಡೆಸಿದ ಬಹುಮುಖಿ ವ್ಯಕ್ತಿಯಾದ ಆನಂದ್ ಅವರನ್ನು ಪರಿಚಯಿಸಲಾಗುತ್ತಿದೆ. ದಿನದಲ್ಲಿ, ಆನಂದ್ ಒಬ್ಬ ಅನುಭವಿ ವೃತ್ತಿಪರ ಇಂಜಿನಿಯರ್ ಆಗಿದ್ದಾರೆ, ಆದರೆ ಅವರು ಮತ್ತೊಂದು ಕುತೂಹಲಕಾರಿ ಟೋಪಿಯನ್ನು ಧರಿಸುತ್ತಾರೆ - ಸಮರ್ಪಿತ ಅರೆಕಾಲಿಕ ಯೋಗ ಶಿಕ್ಷಕರಾಗಿದ್ದು, ಸಮಗ್ರ ಯೋಗಕ್ಷೇಮವನ್ನು ಉತ್ತೇಜಿಸಲು ಯೋಗದ ಪ್ರಾಚೀನ ಬುದ್ಧಿವಂತಿಕೆಯನ್ನು ಬಳಸಿಕೊಳ್ಳುತ್ತಾರೆ. ಅವರು ಸಂಕೀರ್ಣವಾದ ಮತ್ತು ಸಮಯ-ಗೌರವದ ಜ್ಯೋತಿಷ್ಯ ಸಂಪ್ರದಾಯವಾದ ನಕ್ಷತ್ರನಾಡಿ ಬಗ್ಗೆ ಆಳವಾದ ತಿಳುವಳಿಕೆಯನ್ನು ಹೊಂದಿದ್ದಾರೆ. ಪ್ರಶ್ನಶಾಸ್ತ್ರದಲ್ಲಿನ ಅವರ ಕೌಶಲ್ಯಗಳು, ಜ್ಯೋತಿಷ್ಯದ ಮೂಲಕ ನಿರ್ದಿಷ್ಟ ಪ್ರಶ್ನೆಗಳಿಗೆ ಉತ್ತರಿಸುವ ಕಲೆ, ಗಮನಾರ್ಹವಾದದ್ದೇನೂ ಅಲ್ಲ, ಆಕಾಶ ಕ್ಷೇತ್ರದಲ್ಲಿ ಉತ್ತರಗಳನ್ನು ಹುಡುಕುವವರಿಗೆ ಒಳನೋಟವುಳ್ಳ ಮಾರ್ಗದರ್ಶನವನ್ನು ಒದಗಿಸಲು ಅವರಿಗೆ ಅನುವು ಮಾಡಿಕೊಡುತ್ತದೆ. ಇದಲ್ಲದೆ, ಆನಂದ್ ಅವರ ಪರಿಣತಿಯು ಪರಾಶರ, ಯೋಗಗಳು, ಸಂಖ್ಯಾಶಾಸ್ತ್ರ, ಕ್ರಿಸ್ಟಲ್, ಜೈಮಿನಿ ಮತ್ತು ವಾಸ್ತುಗಳಿಗೆ ವಿಸ್ತರಿಸುತ್ತದೆ, ಇದು ಜ್ಯೋತಿಷ್ಯ ಸೇವೆಗಳ ಸಮಗ್ರ ಶ್ರೇಣಿಯನ್ನು ನೀಡುತ್ತದೆ. ಇಂಜಿನಿಯರಿಂಗ್ ನಿಖರತೆ ಮತ್ತು ಯೋಗದ ಬುದ್ಧಿವಂತಿಕೆಯ ಅವರ ಅನನ್ಯ ಮಿಶ್ರಣವು ಆನಂದ್ ಅವರನ್ನು ನಿಜವಾದ ಅಸಾಧಾರಣ ಜ್ಯೋತಿಷಿಯನ್ನಾಗಿ ಮಾಡುತ್ತದೆ, ಭೌತಿಕ ಮತ್ತು ಆಧ್ಯಾತ್ಮಿಕ ಕ್ಷೇತ್ರಗಳಲ್ಲಿ ಸಾಮರಸ್ಯದ ಜೀವನದ ಕಡೆಗೆ ವ್ಯಕ್ತಿಗಳನ್ನು ಮಾರ್ಗದರ್ಶನ ಮಾಡುವ ಸಾಮರ್ಥ್ಯವನ್ನು ಹೊಂದಿದೆ.","Introducing Anand, a multifaceted individual whose diverse talents and passions have led him on a unique journey of self-discovery and expertise. By day, Anand is a seasoned professional engineer, but he wears another intriguing hat - that of a dedicated part-time yoga teacher, harnessing the ancient wisdom of yoga to promote holistic well-being. He possesses a profound understanding of NakshatraNadi, an intricate and time-honored astrological tradition. His skills in Prashnashastra, the art of answering specific queries through astrology, are nothing short of remarkable, enabling him to provide insightful guidance to those seeking answers in the celestial realm. Furthermore, Anand's expertise extends to Parashara, Yogas, Numerology, Crystal, Jaimini, and Vastu, offering a comprehensive range of astrological services. His unique blend of engineering precision and yogic wisdom makes Anand a truly exceptional astrologer, capable of guiding individuals toward a harmonious life, both in the material and spiritual realms."
ANAND KRISHNA MURTHY,53,06.10.1969,MALE,9844182847,9448299422,akm196969@gmail.com,"NO 2, 1st floor,srinivasa nilay,1st cross,syndicate bank colony, banneragatta road,bangalore-560076",432479188502,AGRPM6179K,3,250,"Kannada, English, Telugu, Tamil","Vedic, Nakshatranadi, Numerology, Tarot, Palmistry, Crystal, Vastu, Reiki",,SBI098989887,SBI,SBIM67878,XYZZZZ,AnandaK,AnandaK,AnandaK,AnandaK,ಆನಂದ ಕೆ  ,AnandaK,"Meet Ananda, a truly extraordinary astrologer whose profound knowledge spans a diverse spectrum of mystical and cosmic disciplines. He juggles as engineer & has interest in Astrology. Fluent in multiple languages, he has been a guiding light for approximately 250 consultants from all corners of the globe. Ananda's expertise shines particularly bright in Nakshatra Nadi, possessing an unparalleled mastery of this intricate art. His insights extend seamlessly into the realms of Vedic Astrology, Mundane Astrology, and Prashnashastra, where he skillfully deciphers the celestial codes that shape our destinies. Ananda is also a seasoned expert in Vastu Shastra, channeling ancient architectural wisdom to harmonize living spaces. Beyond astrology, he harnesses the healing power of Reiki, the mystic properties of crystals and cowries, and the transformative arts of Tarot card readings, Numerology, and Palmistry. Him in-depth knowledge of Bhrigunandi Nadi, Tara Dasa Bala, Jaimini, and Yogas unveils the hidden threads that weave our lives. Ananda's comprehensive approach extends to Matchmaking, Muhurtha, and Agnihotra, ensuring that she addresses every aspect of her clients' journey through life. With his immense repertoire of cosmic wisdom, Ananda is a guiding star, offering insight and solace to all who seek his guidance.","Meet Ananda, a truly extraordinary astrologer whose profound knowledge spans a diverse spectrum of mystical and cosmic disciplines. He juggles as engineer & has interest in Astrology. Fluent in multiple languages, he has been a guiding light for approximately 250 consultants from all corners of the globe. Ananda's expertise shines particularly bright in Nakshatra Nadi, possessing an unparalleled mastery of this intricate art. His insights extend seamlessly into the realms of Vedic Astrology, Mundane Astrology, and Prashnashastra, where he skillfully deciphers the celestial codes that shape our destinies. Ananda is also a seasoned expert in Vastu Shastra, channeling ancient architectural wisdom to harmonize living spaces. Beyond astrology, he harnesses the healing power of Rekhi, the mystic properties of crystals and cowries, and the transformative arts of Tarot card readings, Numerology, and Palmistry. Him in-depth knowledge of Bhrigunandi Nadi, Tara Dasa Bala, Jaimini, and Yogas unveils the hidden threads that weave our lives. Ananda's comprehensive approach extends to Matchmaking, Muhurtha, and Agnihotra, ensuring that she addresses every aspect of her clients' journey through life. With his immense repertoire of cosmic wisdom, Ananda is a guiding star, offering insight and solace to all who seek his guidance.","Meet Ananda, a truly extraordinary astrologer whose profound knowledge spans a diverse spectrum of mystical and cosmic disciplines. He juggles as engineer & has interest in Astrology. Fluent in multiple languages, he has been a guiding light for approximately 250 consultants from all corners of the globe. Ananda's expertise shines particularly bright in Nakshatra Nadi, possessing an unparalleled mastery of this intricate art. His insights extend seamlessly into the realms of Vedic Astrology, Mundane Astrology, and Prashnashastra, where he skillfully deciphers the celestial codes that shape our destinies. Ananda is also a seasoned expert in Vastu Shastra, channeling ancient architectural wisdom to harmonize living spaces. Beyond astrology, he harnesses the healing power of Rekhi, the mystic properties of crystals and cowries, and the transformative arts of Tarot card readings, Numerology, and Palmistry. Him in-depth knowledge of Bhrigunandi Nadi, Tara Dasa Bala, Jaimini, and Yogas unveils the hidden threads that weave our lives. Ananda's comprehensive approach extends to Matchmaking, Muhurtha, and Agnihotra, ensuring that she addresses every aspect of her clients' journey through life. With his immense repertoire of cosmic wisdom, Ananda is a guiding star, offering insight and solace to all who seek his guidance.","Meet Ananda, a truly extraordinary astrologer whose profound knowledge spans a diverse spectrum of mystical and cosmic disciplines. He juggles as engineer & has interest in Astrology. Fluent in multiple languages, he has been a guiding light for approximately 250 consultants from all corners of the globe. Ananda's expertise shines particularly bright in Nakshatra Nadi, possessing an unparalleled mastery of this intricate art. His insights extend seamlessly into the realms of Vedic Astrology, Mundane Astrology, and Prashnashastra, where he skillfully deciphers the celestial codes that shape our destinies. Ananda is also a seasoned expert in Vastu Shastra, channeling ancient architectural wisdom to harmonize living spaces. Beyond astrology, he harnesses the healing power of Rekhi, the mystic properties of crystals and cowries, and the transformative arts of Tarot card readings, Numerology, and Palmistry. Him in-depth knowledge of Bhrigunandi Nadi, Tara Dasa Bala, Jaimini, and Yogas unveils the hidden threads that weave our lives. Ananda's comprehensive approach extends to Matchmaking, Muhurtha, and Agnihotra, ensuring that she addresses every aspect of her clients' journey through life. With his immense repertoire of cosmic wisdom, Ananda is a guiding star, offering insight and solace to all who seek his guidance.","ಅತೀಂದ್ರಿಯ ಮತ್ತು ಕಾಸ್ಮಿಕ್ ವಿಭಾಗಗಳ ವೈವಿಧ್ಯಮಯ ವರ್ಣಪಟಲವನ್ನು ವ್ಯಾಪಿಸಿರುವ ಆಳವಾದ ಜ್ಞಾನವನ್ನು ಹೊಂದಿರುವ ನಿಜವಾದ ಅಸಾಧಾರಣ ಜ್ಯೋತಿಷಿ ಆನಂದ ಅವರನ್ನು ಭೇಟಿ ಮಾಡಿ. ಅವರು ಎಂಜಿನಿಯರ್ ಆಗಿ ಕಣ್ಕಟ್ಟು ಮತ್ತು ಜ್ಯೋತಿಷ್ಯದಲ್ಲಿ ಆಸಕ್ತಿ ಹೊಂದಿದ್ದಾರೆ. ಬಹು ಭಾಷೆಗಳಲ್ಲಿ ನಿರರ್ಗಳವಾಗಿ, ಅವರು ಜಗತ್ತಿನ ಎಲ್ಲಾ ಮೂಲೆಗಳಿಂದ ಸುಮಾರು 250 ಸಲಹೆಗಾರರಿಗೆ ಮಾರ್ಗದರ್ಶಿ ಬೆಳಕಾಗಿದ್ದಾರೆ. ಈ ಸಂಕೀರ್ಣ ಕಲೆಯ ಅಪ್ರತಿಮ ಪಾಂಡಿತ್ಯವನ್ನು ಹೊಂದಿರುವ ಆನಂದನ ಪರಿಣತಿಯು ನಕ್ಷತ್ರ ನಾಡಿನಲ್ಲಿ ವಿಶೇಷವಾಗಿ ಪ್ರಕಾಶಮಾನವಾಗಿ ಹೊಳೆಯುತ್ತದೆ. ಅವರ ಒಳನೋಟಗಳು ವೈದಿಕ ಜ್ಯೋತಿಷ್ಯ, ಪ್ರಾಪಂಚಿಕ ಜ್ಯೋತಿಷ್ಯ ಮತ್ತು ಪ್ರಶ್ನೆಶಾಸ್ತ್ರದ ಕ್ಷೇತ್ರಗಳಿಗೆ ಮನಬಂದಂತೆ ವಿಸ್ತರಿಸುತ್ತವೆ, ಅಲ್ಲಿ ಅವರು ನಮ್ಮ ಭವಿಷ್ಯವನ್ನು ರೂಪಿಸುವ ಆಕಾಶ ಸಂಕೇತಗಳನ್ನು ಕೌಶಲ್ಯದಿಂದ ಅರ್ಥೈಸುತ್ತಾರೆ. ಆನಂದ ವಾಸ್ತು ಶಾಸ್ತ್ರದಲ್ಲಿ ಅನುಭವಿ ಪರಿಣತರೂ ಆಗಿದ್ದಾರೆ, ವಾಸಿಸುವ ಸ್ಥಳಗಳನ್ನು ಸಮನ್ವಯಗೊಳಿಸಲು ಪ್ರಾಚೀನ ವಾಸ್ತುಶಿಲ್ಪದ ಬುದ್ಧಿವಂತಿಕೆಯನ್ನು ಚಾನೆಲ್ ಮಾಡುತ್ತಾರೆ. ಜ್ಯೋತಿಷ್ಯದ ಹೊರತಾಗಿ, ಅವರು ರೇಖಿಯ ಗುಣಪಡಿಸುವ ಶಕ್ತಿ, ಹರಳುಗಳು ಮತ್ತು ಕೌರಿಗಳ ಅತೀಂದ್ರಿಯ ಗುಣಲಕ್ಷಣಗಳು ಮತ್ತು ಟ್ಯಾರೋ ಕಾರ್ಡ್ ಓದುವಿಕೆ, ಸಂಖ್ಯಾಶಾಸ್ತ್ರ ಮತ್ತು ಹಸ್ತಸಾಮುದ್ರಿಕ ಶಾಸ್ತ್ರದ ಪರಿವರ್ತಕ ಕಲೆಗಳನ್ನು ಬಳಸುತ್ತಾರೆ. ಭೃಗುನಂದಿ ನಾಡಿ, ತಾರಾ ದಶಾ ಬಲ, ಜೈಮಿನಿ ಮತ್ತು ಯೋಗಗಳ ಆಳವಾದ ಜ್ಞಾನವು ನಮ್ಮ ಜೀವನವನ್ನು ನೇಯ್ಗೆ ಮಾಡುವ ಗುಪ್ತ ಎಳೆಗಳನ್ನು ಅನಾವರಣಗೊಳಿಸುತ್ತದೆ. ಆನಂದ ಅವರ ಸಮಗ್ರ ವಿಧಾನವು ಮ್ಯಾಚ್‌ಮೇಕಿಂಗ್, ಮುಹೂರ್ತ ಮತ್ತು ಅಗ್ನಿಹೋತ್ರದವರೆಗೆ ವಿಸ್ತರಿಸುತ್ತದೆ, ಅವರು ಜೀವನದ ಮೂಲಕ ತನ್ನ ಗ್ರಾಹಕರ ಪ್ರಯಾಣದ ಪ್ರತಿಯೊಂದು ಅಂಶವನ್ನು ತಿಳಿಸುತ್ತಾರೆ ಎಂದು ಖಚಿತಪಡಿಸುತ್ತದೆ. ಕಾಸ್ಮಿಕ್ ಬುದ್ಧಿವಂತಿಕೆಯ ಅವರ ಅಪಾರ ಸಂಗ್ರಹದೊಂದಿಗೆ, ಆನಂದ ಅವರು ಮಾರ್ಗದರ್ಶಿ ತಾರೆಯಾಗಿದ್ದಾರೆ, ಅವರ ಮಾರ್ಗದರ್ಶನವನ್ನು ಬಯಸುವ ಎಲ್ಲರಿಗೂ ಒಳನೋಟ ಮತ್ತು ಸಾಂತ್ವನವನ್ನು ನೀಡುತ್ತಾರೆ.","Meet Ananda, a truly extraordinary astrologer whose profound knowledge spans a diverse spectrum of mystical and cosmic disciplines. He juggles as engineer & has interest in Astrology. Fluent in multiple languages, he has been a guiding light for approximately 250 consultants from all corners of the globe. Ananda's expertise shines particularly bright in Nakshatra Nadi, possessing an unparalleled mastery of this intricate art. His insights extend seamlessly into the realms of Vedic Astrology, Mundane Astrology, and Prashnashastra, where he skillfully deciphers the celestial codes that shape our destinies. Ananda is also a seasoned expert in Vastu Shastra, channeling ancient architectural wisdom to harmonize living spaces. Beyond astrology, he harnesses the healing power of Rekhi, the mystic properties of crystals and cowries, and the transformative arts of Tarot card readings, Numerology, and Palmistry. Him in-depth knowledge of Bhrigunandi Nadi, Tara Dasa Bala, Jaimini, and Yogas unveils the hidden threads that weave our lives. Ananda's comprehensive approach extends to Matchmaking, Muhurtha, and Agnihotra, ensuring that she addresses every aspect of her clients' journey through life. With his immense repertoire of cosmic wisdom, Ananda is a guiding star, offering insight and solace to all who seek his guidance."
SUDHESH A.S,33,04.08.1989,MALE,8971465047,9380353697,sudheshengg@gmail.com,"No-2, 80/10, shreepraksh, shrinagara 1st cross,ujire,Dakshina kannada- 574240",359395344506,GZHPS5576K,1,60,"Hindi, Kannada, English, Tulu"," Nakshatranadi, Palmistry, Crystal, Vastu, Reiki",,SBI098989887,SBI,SBIM67878,XYZZZZ,SudheshAS,SudheshAS,SudheshAS,SudheshAS,ಸುಧೇಶ್ ಎ ಎಸ್,SudheshAS,"Introducing Astrologer Sudhesh, a true luminary in the realm of astrology and holistic sciences. Sudhesh is not just a civil engineer; she is a polyglot with a profound understanding of various astrological systems and holistic practices. With a team of over 60 dedicated consultants, Sudhesh's expertise spans across an extensive range of disciplines. Her mastery in Nakshatra Nadi, particularly in the higher class of this ancient system, is renowned for its accuracy and depth. She also delves into the intricacies of Jaimini astrology and the Advanced Gold Nadi System, pushing the boundaries of astrological precision. She is a practitioner of Agnihotra, a master in Vastu, and possesses exceptional skills in chakra and crystal healing. Sudhesh is a Reiki practitioner, well-versed in advanced principles of astrology, and an authority in Prashnashastra and Parashara systems. She skillfully interprets Yogas, deciphers Palm History, and dives deep into Bhrigunandi Nadi, offering profound insights into individuals' destinies. Her knowledge extends to Cowries Shastra and Muhurtha, making her a holistic guide for those seeking answers and guidance in life's journey. Sudhesh is a true beacon of wisdom and a trusted companion on the path to self-discovery and enlightenment.","Introducing Astrologer Sudhesh, a true luminary in the realm of astrology and holistic sciences. Sudhesh is not just a civil engineer; she is a polyglot with a profound understanding of various astrological systems and holistic practices. With a team of over 60 dedicated consultants, Sudhesh's expertise spans across an extensive range of disciplines. Her mastery in Nakshatra Nadi, particularly in the higher class of this ancient system, is renowned for its accuracy and depth. She also delves into the intricacies of Jaimini astrology and the Advanced Gold Nadi System, pushing the boundaries of astrological precision. She is a practitioner of Agnihotra, a master in Vastu, and possesses exceptional skills in chakra and crystal healing. Sudhesh is a Reiki practitioner, well-versed in advanced principles of astrology, and an authority in Prashnashastra and Parashara systems. She skillfully interprets Yogas, deciphers Palm History, and dives deep into Bhrigunandi Nadi, offering profound insights into individuals' destinies. Her knowledge extends to Cowries Shastra and Muhurtha, making her a holistic guide for those seeking answers and guidance in life's journey. Sudhesh is a true beacon of wisdom and a trusted companion on the path to self-discovery and enlightenment.","Introducing Astrologer Sudhesh, a true luminary in the realm of astrology and holistic sciences. Sudhesh is not just a civil engineer; she is a polyglot with a profound understanding of various astrological systems and holistic practices. With a team of over 60 dedicated consultants, Sudhesh's expertise spans across an extensive range of disciplines. Her mastery in Nakshatra Nadi, particularly in the higher class of this ancient system, is renowned for its accuracy and depth. She also delves into the intricacies of Jaimini astrology and the Advanced Gold Nadi System, pushing the boundaries of astrological precision. She is a practitioner of Agnihotra, a master in Vastu, and possesses exceptional skills in chakra and crystal healing. Sudhesh is a Reiki practitioner, well-versed in advanced principles of astrology, and an authority in Prashnashastra and Parashara systems. She skillfully interprets Yogas, deciphers Palm History, and dives deep into Bhrigunandi Nadi, offering profound insights into individuals' destinies. Her knowledge extends to Cowries Shastra and Muhurtha, making her a holistic guide for those seeking answers and guidance in life's journey. Sudhesh is a true beacon of wisdom and a trusted companion on the path to self-discovery and enlightenment.","Introducing Astrologer Sudhesh, a true luminary in the realm of astrology and holistic sciences. Sudhesh is not just a civil engineer; she is a polyglot with a profound understanding of various astrological systems and holistic practices. With a team of over 60 dedicated consultants, Sudhesh's expertise spans across an extensive range of disciplines. Her mastery in Nakshatra Nadi, particularly in the higher class of this ancient system, is renowned for its accuracy and depth. She also delves into the intricacies of Jaimini astrology and the Advanced Gold Nadi System, pushing the boundaries of astrological precision. She is a practitioner of Agnihotra, a master in Vastu, and possesses exceptional skills in chakra and crystal healing. Sudhesh is a Reiki practitioner, well-versed in advanced principles of astrology, and an authority in Prashnashastra and Parashara systems. She skillfully interprets Yogas, deciphers Palm History, and dives deep into Bhrigunandi Nadi, offering profound insights into individuals' destinies. Her knowledge extends to Cowries Shastra and Muhurtha, making her a holistic guide for those seeking answers and guidance in life's journey. Sudhesh is a true beacon of wisdom and a trusted companion on the path to self-discovery and enlightenment.","ಜ್ಯೋತಿಷ್ಯ ಮತ್ತು ಸಮಗ್ರ ವಿಜ್ಞಾನ ಕ್ಷೇತ್ರದಲ್ಲಿ ನಿಜವಾದ ಜ್ಯೋತಿಷಿಯಾದ ಜ್ಯೋತಿಷಿ ಸುಧೇಶ್ ಅವರನ್ನು ಪರಿಚಯಿಸಲಾಗುತ್ತಿದೆ. ಸುಧೇಶ್ ಕೇವಲ ಸಿವಿಲ್ ಇಂಜಿನಿಯರ್ ಅಲ್ಲ; ಅವರು ವಿವಿಧ ಜ್ಯೋತಿಷ್ಯ ವ್ಯವಸ್ಥೆಗಳು ಮತ್ತು ಸಮಗ್ರ ಆಚರಣೆಗಳ ಆಳವಾದ ತಿಳುವಳಿಕೆಯನ್ನು ಹೊಂದಿರುವ ಬಹುಭಾಷಾವಾದಿ. 60 ಕ್ಕೂ ಹೆಚ್ಚು ಸಮರ್ಪಿತ ಸಲಹೆಗಾರರ ​​ತಂಡದೊಂದಿಗೆ, ಸುಧೇಶ್ ಅವರ ಪರಿಣತಿಯು ವ್ಯಾಪಕ ಶ್ರೇಣಿಯ ವಿಭಾಗಗಳಲ್ಲಿ ವ್ಯಾಪಿಸಿದೆ. ನಕ್ಷತ್ರ ನಾಡಿನಲ್ಲಿ, ವಿಶೇಷವಾಗಿ ಈ ಪ್ರಾಚೀನ ವ್ಯವಸ್ಥೆಯ ಉನ್ನತ ವರ್ಗದಲ್ಲಿ ಅವರ ಪಾಂಡಿತ್ಯವು ಅದರ ನಿಖರತೆ ಮತ್ತು ಆಳಕ್ಕೆ ಹೆಸರುವಾಸಿಯಾಗಿದೆ. ಅವರು ಜೈಮಿನಿ ಜ್ಯೋತಿಷ್ಯ ಮತ್ತು ಸುಧಾರಿತ ಚಿನ್ನದ ನಾಡಿ ವ್ಯವಸ್ಥೆಯ ಜಟಿಲತೆಗಳನ್ನು ಸಹ ಪರಿಶೀಲಿಸುತ್ತಾಳೆ, ಜ್ಯೋತಿಷ್ಯದ ನಿಖರತೆಯ ಗಡಿಗಳನ್ನು ತಳ್ಳುತ್ತಾಳೆ. ಅವರು ಅಗ್ನಿಹೋತ್ರದ ಅಭ್ಯಾಸಿ, ವಾಸ್ತುವಿನಲ್ಲಿ ಮಾಸ್ಟರ್, ಮತ್ತು ಚಕ್ರ ಮತ್ತು ಕ್ರಿಸ್ಟಲ್ ಚಿಕಿತ್ಸೆಯಲ್ಲಿ ಅಸಾಧಾರಣ ಕೌಶಲ್ಯಗಳನ್ನು ಹೊಂದಿದ್ದಾರೆ. ಸುಧೇಶ್ ಅವರು ರೇಖಿ ಅಭ್ಯಾಸಕಾರರಾಗಿದ್ದಾರೆ, ಜ್ಯೋತಿಷ್ಯದ ಸುಧಾರಿತ ತತ್ವಗಳನ್ನು ಚೆನ್ನಾಗಿ ತಿಳಿದಿದ್ದಾರೆ ಮತ್ತು ಪ್ರಶ್ನೆಶಾಸ್ತ್ರ ಮತ್ತು ಪರಾಶರ ವ್ಯವಸ್ಥೆಗಳಲ್ಲಿ ಅಧಿಕಾರ ಹೊಂದಿದ್ದಾರೆ. ಅವರು ಯೋಗಗಳನ್ನು ಕೌಶಲ್ಯದಿಂದ ಅರ್ಥೈಸುತ್ತಾಳೆ, ಪಾಮ್ ಇತಿಹಾಸವನ್ನು ಅರ್ಥೈಸುತ್ತಾಳೆ ಮತ್ತು ಭೃಗುನಂದಿ ನಾಡಿಗೆ ಆಳವಾಗಿ ಧುಮುಕುತ್ತಾಳೆ, ವ್ಯಕ್ತಿಗಳ ಭವಿಷ್ಯಗಳ ಬಗ್ಗೆ ಆಳವಾದ ಒಳನೋಟಗಳನ್ನು ನೀಡುತ್ತಾಳೆ. ಅವರ ಜ್ಞಾನವು ಕೌರೀಸ್ ಶಾಸ್ತ್ರ ಮತ್ತು ಮುಹೂರ್ತದವರೆಗೆ ವಿಸ್ತರಿಸುತ್ತದೆ, ಜೀವನದ ಪ್ರಯಾಣದಲ್ಲಿ ಉತ್ತರಗಳನ್ನು ಮತ್ತು ಮಾರ್ಗದರ್ಶನವನ್ನು ಬಯಸುವವರಿಗೆ ಅವರನ್ನು ಸಮಗ್ರ ಮಾರ್ಗದರ್ಶಿಯನ್ನಾಗಿ ಮಾಡುತ್ತದೆ. ಸುಧೇಶ್ ಬುದ್ಧಿವಂತಿಕೆಯ ನಿಜವಾದ ದಾರಿದೀಪ ಮತ್ತು ಸ್ವಯಂ ಅನ್ವೇಷಣೆ ಮತ್ತು ಜ್ಞಾನೋದಯದ ಹಾದಿಯಲ್ಲಿ ವಿಶ್ವಾಸಾರ್ಹ ಒಡನಾಡಿ.","Introducing Astrologer Sudhesh, a true luminary in the realm of astrology and holistic sciences. Sudhesh is not just a civil engineer; she is a polyglot with a profound understanding of various astrological systems and holistic practices. With a team of over 60 dedicated consultants, Sudhesh's expertise spans across an extensive range of disciplines. Her mastery in Nakshatra Nadi, particularly in the higher class of this ancient system, is renowned for its accuracy and depth. She also delves into the intricacies of Jaimini astrology and the Advanced Gold Nadi System, pushing the boundaries of astrological precision. She is a practitioner of Agnihotra, a master in Vastu, and possesses exceptional skills in chakra and crystal healing. Sudhesh is a Reiki practitioner, well-versed in advanced principles of astrology, and an authority in Prashnashastra and Parashara systems. She skillfully interprets Yogas, deciphers Palm History, and dives deep into Bhrigunandi Nadi, offering profound insights into individuals' destinies. Her knowledge extends to Cowries Shastra and Muhurtha, making her a holistic guide for those seeking answers and guidance in life's journey. Sudhesh is a true beacon of wisdom and a trusted companion on the path to self-discovery and enlightenment."
KRISHNAMURTHY K.,60,05.07.1963,MALE,9036661356,,k.krishnamurthy318@gmail.com,"#157-1, Brahmins street,Dodballapura, Bangalore- 561203",363937993110,AWBPK7095G,25,,"Hindi, Kannada, English,Telugu,","Vedic, Nakshatranadi, Numerology, Palmistry, Crystal, Vastu",,SBI098989887,SBI,SBIM67878,XYZZZZ,Krishnamurthyk,Krishnamurthyk,Krishnamurthyk,Krishnamurthyk, ಕೃಷ್ಣಮೂರ್ತಿ ಕೆ  ,Krishnamurthyk,"
Meet the renowned astrologer, Krishnamurthy, a true polymath in the world of astrology and esoteric sciences. He juggles as Business man and also have interest in Astrology. With over 5000 satisfied clients, Krishnamurthy has established himself as a trusted and respected figure in the field. His expertise spans various branches of astrology, including Nakshatra Nadi, where he holds a higher class of knowledge. KrishnaMurthy is deeply rooted in Vedic astrology, Vastu, and the use of crystals for energy and healing. His proficiency extends to Chakra Healing and advanced Nakshatra Nadi techniques, ensuring comprehensive and holistic guidance for his clients. He is well-versed in Prashnashastra, Parashara, and Yogas, offering insights into life's intricate patterns and potential. KrishnaMurthy also excels in Palmistry, uncovering the hidden stories etched in one's hands. His mastery extends to Tara Dasa Bala, Jaimini astrology, and the delicate art of Match-Making, helping individuals find their compatible life partners. Moreover, his expertise in Muhurtha ensures that auspicious timings are chosen for significant life events. Krishnamurthy is not just an astrologer; he is a guide who illuminates the path of self-discovery and destiny, using his multifaceted knowledge to enrich the lives of those who seek his counsel.","
Meet the renowned astrologer, Krishnamurthy, a true polymath in the world of astrology and esoteric sciences. He juggles as Business man and also have interest in Astrology. With over 5000 satisfied clients, Krishnamurthy has established himself as a trusted and respected figure in the field. His expertise spans various branches of astrology, including Nakshatra Nadi, where he holds a higher class of knowledge. KrishnaMurthy is deeply rooted in Vedic astrology, Vastu, and the use of crystals for energy and healing. His proficiency extends to Chakra Healing and advanced Nakshatra Nadi techniques, ensuring comprehensive and holistic guidance for his clients. He is well-versed in Prashnashastra, Parashara, and Yogas, offering insights into life's intricate patterns and potential. KrishnaMurthy also excels in Palmistry, uncovering the hidden stories etched in one's hands. His mastery extends to Tara Dasa Bala, Jaimini astrology, and the delicate art of Match-Making, helping individuals find their compatible life partners. Moreover, his expertise in Muhurtha ensures that auspicious timings are chosen for significant life events. Krishnamurthy is not just an astrologer; he is a guide who illuminates the path of self-discovery and destiny, using his multifaceted knowledge to enrich the lives of those who seek his counsel.","
Meet the renowned astrologer, Krishnamurthy, a true polymath in the world of astrology and esoteric sciences. He juggles as Business man and also have interest in Astrology. With over 5000 satisfied clients, Krishnamurthy has established himself as a trusted and respected figure in the field. His expertise spans various branches of astrology, including Nakshatra Nadi, where he holds a higher class of knowledge. KrishnaMurthy is deeply rooted in Vedic astrology, Vastu, and the use of crystals for energy and healing. His proficiency extends to Chakra Healing and advanced Nakshatra Nadi techniques, ensuring comprehensive and holistic guidance for his clients. He is well-versed in Prashnashastra, Parashara, and Yogas, offering insights into life's intricate patterns and potential. KrishnaMurthy also excels in Palmistry, uncovering the hidden stories etched in one's hands. His mastery extends to Tara Dasa Bala, Jaimini astrology, and the delicate art of Match-Making, helping individuals find their compatible life partners. Moreover, his expertise in Muhurtha ensures that auspicious timings are chosen for significant life events. Krishnamurthy is not just an astrologer; he is a guide who illuminates the path of self-discovery and destiny, using his multifaceted knowledge to enrich the lives of those who seek his counsel.","
Meet the renowned astrologer, Krishnamurthy, a true polymath in the world of astrology and esoteric sciences. He juggles as Business man and also have interest in Astrology. With over 5000 satisfied clients, Krishnamurthy has established himself as a trusted and respected figure in the field. His expertise spans various branches of astrology, including Nakshatra Nadi, where he holds a higher class of knowledge. KrishnaMurthy is deeply rooted in Vedic astrology, Vastu, and the use of crystals for energy and healing. His proficiency extends to Chakra Healing and advanced Nakshatra Nadi techniques, ensuring comprehensive and holistic guidance for his clients. He is well-versed in Prashnashastra, Parashara, and Yogas, offering insights into life's intricate patterns and potential. KrishnaMurthy also excels in Palmistry, uncovering the hidden stories etched in one's hands. His mastery extends to Tara Dasa Bala, Jaimini astrology, and the delicate art of Match-Making, helping individuals find their compatible life partners. Moreover, his expertise in Muhurtha ensures that auspicious timings are chosen for significant life events. Krishnamurthy is not just an astrologer; he is a guide who illuminates the path of self-discovery and destiny, using his multifaceted knowledge to enrich the lives of those who seek his counsel.","ಜ್ಯೋತಿಷ್ಯ ಮತ್ತು ನಿಗೂಢ ವಿಜ್ಞಾನಗಳ ಜಗತ್ತಿನಲ್ಲಿ ನಿಜವಾದ ಬಹುಶ್ರುತರಾದ ಖ್ಯಾತ ಜ್ಯೋತಿಷಿ ಕೃಷ್ಣಮೂರ್ತಿ ಅವರನ್ನು ಭೇಟಿ ಮಾಡಿ. ಅವರು ಉದ್ಯಮಿಯಾಗಿ ಕಣ್ಕಟ್ಟು ಮತ್ತು ಜ್ಯೋತಿಷ್ಯದಲ್ಲಿ ಆಸಕ್ತಿ ಹೊಂದಿದ್ದಾರೆ. 5000 ಸಂತೃಪ್ತ ಗ್ರಾಹಕರೊಂದಿಗೆ, ಕೃಷ್ಣಮೂರ್ತಿ ಅವರು ಕ್ಷೇತ್ರದಲ್ಲಿ ವಿಶ್ವಾಸಾರ್ಹ ಮತ್ತು ಗೌರವಾನ್ವಿತ ವ್ಯಕ್ತಿಯಾಗಿ ತಮ್ಮನ್ನು ತಾವು ಸ್ಥಾಪಿಸಿಕೊಂಡಿದ್ದಾರೆ. ಅವರ ಪರಿಣತಿಯು ನಕ್ಷತ್ರ ನಾಡಿ ಸೇರಿದಂತೆ ಜ್ಯೋತಿಷ್ಯದ ವಿವಿಧ ಶಾಖೆಗಳನ್ನು ವ್ಯಾಪಿಸಿದೆ, ಅಲ್ಲಿ ಅವರು ಉನ್ನತ ಮಟ್ಟದ ಜ್ಞಾನವನ್ನು ಹೊಂದಿದ್ದಾರೆ. ಕೃಷ್ಣಮೂರ್ತಿ ಅವರು ವೈದಿಕ ಜ್ಯೋತಿಷ್ಯ, ವಾಸ್ತು ಮತ್ತು ಶಕ್ತಿ ಮತ್ತು ಚಿಕಿತ್ಸೆಗಾಗಿ ಹರಳುಗಳ ಬಳಕೆಯಲ್ಲಿ ಆಳವಾಗಿ ಬೇರೂರಿದ್ದಾರೆ. ಅವರ ಪ್ರಾವೀಣ್ಯತೆಯು ಚಕ್ರ ಹೀಲಿಂಗ್ ಮತ್ತು ಸುಧಾರಿತ ನಕ್ಷತ್ರ ನಾಡಿ ತಂತ್ರಗಳಿಗೆ ವಿಸ್ತರಿಸುತ್ತದೆ, ಅವರ ಗ್ರಾಹಕರಿಗೆ ಸಮಗ್ರ ಮತ್ತು ಸಮಗ್ರ ಮಾರ್ಗದರ್ಶನವನ್ನು ಖಾತ್ರಿಪಡಿಸುತ್ತದೆ. ಅವರು ಪ್ರಶ್ನಶಾಸ್ತ್ರ, ಪರಾಶರ ಮತ್ತು ಯೋಗಗಳಲ್ಲಿ ಚೆನ್ನಾಗಿ ಪಾರಂಗತರಾಗಿದ್ದಾರೆ, ಜೀವನದ ಸಂಕೀರ್ಣ ಮಾದರಿಗಳು ಮತ್ತು ಸಾಮರ್ಥ್ಯದ ಒಳನೋಟಗಳನ್ನು ನೀಡುತ್ತಾರೆ. ಕೃಷ್ಣಮೂರ್ತಿ ಹಸ್ತಸಾಮುದ್ರಿಕ ಶಾಸ್ತ್ರದಲ್ಲಿಯೂ ಮಿಂಚುತ್ತಾರೆ, ಒಬ್ಬರ ಕೈಯಲ್ಲಿ ಕೆತ್ತಿದ ಗುಪ್ತ ಕಥೆಗಳನ್ನು ಬಹಿರಂಗಪಡಿಸುತ್ತಾರೆ. ಅವರ ಪಾಂಡಿತ್ಯವು ತಾರಾ ದಾಸ ಬಾಲಾ, ಜೈಮಿನಿ ಜ್ಯೋತಿಷ್ಯ, ಮತ್ತು ಹೊಂದಾಣಿಕೆಯ ಸೂಕ್ಷ್ಮ ಕಲೆಗೆ ವಿಸ್ತರಿಸುತ್ತದೆ, ವ್ಯಕ್ತಿಗಳು ತಮ್ಮ ಹೊಂದಾಣಿಕೆಯ ಜೀವನ ಪಾಲುದಾರರನ್ನು ಹುಡುಕಲು ಸಹಾಯ ಮಾಡುತ್ತದೆ. ಇದಲ್ಲದೆ, ಮುಹೂರ್ತದಲ್ಲಿ ಅವರ ಪರಿಣತಿಯು ಮಹತ್ವದ ಜೀವನದ ಘಟನೆಗಳಿಗೆ ಮಂಗಳಕರ ಸಮಯವನ್ನು ಆಯ್ಕೆ ಮಾಡುತ್ತದೆ ಎಂದು ಖಚಿತಪಡಿಸುತ್ತದೆ. ಕೃಷ್ಣಮೂರ್ತಿ ಕೇವಲ ಜ್ಯೋತಿಷಿಯಲ್ಲ; ಅವರು ತನ್ನ ಸಲಹೆಯನ್ನು ಹುಡುಕುವವರ ಜೀವನವನ್ನು ಉತ್ಕೃಷ್ಟಗೊಳಿಸಲು ತನ್ನ ಬಹುಮುಖಿ ಜ್ಞಾನವನ್ನು ಬಳಸಿಕೊಂಡು ಸ್ವಯಂ-ಶೋಧನೆ ಮತ್ತು ಹಣೆಬರಹದ ಮಾರ್ಗವನ್ನು ಬೆಳಗಿಸುವ ಮಾರ್ಗದರ್ಶಕನಾಗಿದ್ದಾನೆ.""","
Meet the renowned astrologer, Krishnamurthy, a true polymath in the world of astrology and esoteric sciences. He juggles as Business man and also have interest in Astrology. With over 5000 satisfied clients, Krishnamurthy has established himself as a trusted and respected figure in the field. His expertise spans various branches of astrology, including Nakshatra Nadi, where he holds a higher class of knowledge. KrishnaMurthy is deeply rooted in Vedic astrology, Vastu, and the use of crystals for energy and healing. His proficiency extends to Chakra Healing and advanced Nakshatra Nadi techniques, ensuring comprehensive and holistic guidance for his clients. He is well-versed in Prashnashastra, Parashara, and Yogas, offering insights into life's intricate patterns and potential. KrishnaMurthy also excels in Palmistry, uncovering the hidden stories etched in one's hands. His mastery extends to Tara Dasa Bala, Jaimini astrology, and the delicate art of Match-Making, helping individuals find their compatible life partners. Moreover, his expertise in Muhurtha ensures that auspicious timings are chosen for significant life events. Krishnamurthy is not just an astrologer; he is a guide who illuminates the path of self-discovery and destiny, using his multifaceted knowledge to enrich the lives of those who seek his counsel."
SHIVASHANKARA L.,47,06.10.1976,MALE,6363150211,9901758852,shivashankarl1569@gmail.com,"No26. 2nd cross, opp kids heaven school,hoskote,bangalore-562114",781211593519,CKRPS7715P,4,4506,"Hindi, Kannada, Tamil, Telugu","Vedic, Nakshatranadi, Numerology,  Palmistry, Crystal, Vastu",,SBI098989887,SBI,SBIM67878,XYZZZZ,ShivashankaraL,ShivashankaraL,ShivashankaraL,ShivashankaraL,ಶಿವಶಂಕರ ಎಲ್    ,ShivashankaraL,"Introducing Astrologer Shivashankara, a remarkable individual with an extensive and diverse background in the realm of astrology. With a staggering roster of 4506 consultants who have sought his guidance, ShivaShankara's reputation precedes him as a true luminary in the field. 
Shivashankara's profound mastery extends to Nakshatra nadi, where he has attained a higher class of understanding, delving deep into Vedic Astrology, Mundane predictions, Prashanshastra, Parashara systems, and the intricate art of deciphering Yogas. Along with astrology he is a Business man, who insights into Numerology, Palm History, Bhrigunandi Nadi, Tara Dasa Bala, and the mystical world of Crystals have been nothing short of transformative for those who seek his wisdom. Furthermore, Shivashankara's expertise branches into Jaimini astrology, Match Making, Muhurtha, and Vastu, completing his holistic approach to astrological guidance. ShivaShankara stands as a beacon of wisdom and enlightenment for all those who wish to navigate the intricate tapestry of their lives through the ancient and profound wisdom of astrology.","Introducing Astrologer Shivashankara, a remarkable individual with an extensive and diverse background in the realm of astrology. With a staggering roster of 4506 consultants who have sought his guidance, ShivaShankara's reputation precedes him as a true luminary in the field. 
Shivashankara's profound mastery extends to Nakshatra nadi, where he has attained a higher class of understanding, delving deep into Vedic Astrology, Mundane predictions, Prashanshastra, Parashara systems, and the intricate art of deciphering Yogas. Along with astrology he is a Business man, who insights into Numerology, Palm History, Bhrigunandi Nadi, Tara Dasa Bala, and the mystical world of Crystals have been nothing short of transformative for those who seek his wisdom. Furthermore, Shivashankara's expertise branches into Jaimini astrology, Match Making, Muhurtha, and Vastu, completing his holistic approach to astrological guidance. ShivaShankara stands as a beacon of wisdom and enlightenment for all those who wish to navigate the intricate tapestry of their lives through the ancient and profound wisdom of astrology.","Introducing Astrologer Shivashankara, a remarkable individual with an extensive and diverse background in the realm of astrology. With a staggering roster of 4506 consultants who have sought his guidance, ShivaShankara's reputation precedes him as a true luminary in the field. 
Shivashankara's profound mastery extends to Nakshatra nadi, where he has attained a higher class of understanding, delving deep into Vedic Astrology, Mundane predictions, Prashanshastra, Parashara systems, and the intricate art of deciphering Yogas. Along with astrology he is a Business man, who insights into Numerology, Palm History, Bhrigunandi Nadi, Tara Dasa Bala, and the mystical world of Crystals have been nothing short of transformative for those who seek his wisdom. Furthermore, Shivashankara's expertise branches into Jaimini astrology, Match Making, Muhurtha, and Vastu, completing his holistic approach to astrological guidance. ShivaShankara stands as a beacon of wisdom and enlightenment for all those who wish to navigate the intricate tapestry of their lives through the ancient and profound wisdom of astrology.","Introducing Astrologer Shivashankara, a remarkable individual with an extensive and diverse background in the realm of astrology. With a staggering roster of 4506 consultants who have sought his guidance, ShivaShankara's reputation precedes him as a true luminary in the field. 
Shivashankara's profound mastery extends to Nakshatra nadi, where he has attained a higher class of understanding, delving deep into Vedic Astrology, Mundane predictions, Prashanshastra, Parashara systems, and the intricate art of deciphering Yogas. Along with astrology he is a Business man, who insights into Numerology, Palm History, Bhrigunandi Nadi, Tara Dasa Bala, and the mystical world of Crystals have been nothing short of transformative for those who seek his wisdom. Furthermore, Shivashankara's expertise branches into Jaimini astrology, Match Making, Muhurtha, and Vastu, completing his holistic approach to astrological guidance. ShivaShankara stands as a beacon of wisdom and enlightenment for all those who wish to navigate the intricate tapestry of their lives through the ancient and profound wisdom of astrology.","""ಜ್ಯೋತಿಷ್ಯ ಕ್ಷೇತ್ರದಲ್ಲಿ ವ್ಯಾಪಕ ಮತ್ತು ವೈವಿಧ್ಯಮಯ ಹಿನ್ನೆಲೆ ಹೊಂದಿರುವ ಗಮನಾರ್ಹ ವ್ಯಕ್ತಿ ಜ್ಯೋತಿಷಿ ಶಿವಶಂಕರ ಅವರನ್ನು ಪರಿಚಯಿಸುವುದು. ಅವರ ಮಾರ್ಗದರ್ಶನವನ್ನು ಪಡೆದ 4506 ಸಲಹೆಗಾರರ ​​ದಿಗ್ಭ್ರಮೆಗೊಳಿಸುವ ಪಟ್ಟಿಯೊಂದಿಗೆ, ಶಿವಶಂಕರ ಅವರ ಖ್ಯಾತಿಯು ಕ್ಷೇತ್ರದಲ್ಲಿ ನಿಜವಾದ ಪ್ರಕಾಶಕರಾಗಿ ಮುನ್ನುಡಿ ಬರೆದಿದೆ.
ಶಿವಶಂಕರ ಅವರ ಆಳವಾದ ಪಾಂಡಿತ್ಯವು ನಕ್ಷತ್ರ ನಾಡಿಗೆ ವಿಸ್ತರಿಸಿದೆ, ಅಲ್ಲಿ ಅವರು ಉನ್ನತ ಮಟ್ಟದ ತಿಳುವಳಿಕೆಯನ್ನು ಸಾಧಿಸಿದ್ದಾರೆ, ವೈದಿಕ ಜ್ಯೋತಿಷ್ಯ, ಪ್ರಾಪಂಚಿಕ ಭವಿಷ್ಯವಾಣಿಗಳು, ಪ್ರಶ್ನಶಾಸ್ತ್ರ, ಪರಾಶರ ವ್ಯವಸ್ಥೆಗಳು ಮತ್ತು ಯೋಗಗಳನ್ನು ಅರ್ಥೈಸುವ ಸಂಕೀರ್ಣ ಕಲೆಯನ್ನು ಆಳವಾಗಿ ಅಧ್ಯಯನ ಮಾಡಿದ್ದಾರೆ. ಜ್ಯೋತಿಷ್ಯದ ಜೊತೆಗೆ ಅವರು ಸಂಖ್ಯಾಶಾಸ್ತ್ರ, ತಾಳೆಗರಿ ಇತಿಹಾಸ, ಭೃಗುನಂದಿ ನಾಡಿ, ತಾರಾ ದಶಾ ಬಲ, ಮತ್ತು ಹರಳುಗಳ ಅತೀಂದ್ರಿಯ ಪ್ರಪಂಚದ ಒಳನೋಟಗಳನ್ನು ಹೊಂದಿರುವ ಉದ್ಯಮಿಯಾಗಿದ್ದು, ಅವರ ಬುದ್ಧಿವಂತಿಕೆಯನ್ನು ಹುಡುಕುವವರಿಗೆ ಪರಿವರ್ತನೆಗೆ ಕಡಿಮೆಯಿಲ್ಲ. ಇದಲ್ಲದೆ, ಶಿವಶಂಕರರ ಪರಿಣತಿಯು ಜೈಮಿನಿ ಜ್ಯೋತಿಷ್ಯ, ಹೊಂದಾಣಿಕೆ ತಯಾರಿಕೆ, ಮುಹೂರ್ತ ಮತ್ತು ವಾಸ್ತುಗಳಲ್ಲಿ ಕವಲೊಡೆಯುತ್ತದೆ, ಜ್ಯೋತಿಷ್ಯ ಮಾರ್ಗದರ್ಶನಕ್ಕೆ ಅವರ ಸಮಗ್ರ ವಿಧಾನವನ್ನು ಪೂರ್ಣಗೊಳಿಸುತ್ತದೆ. ಜ್ಯೋತಿಷ್ಯದ ಪ್ರಾಚೀನ ಮತ್ತು ಆಳವಾದ ಬುದ್ಧಿವಂತಿಕೆಯ ಮೂಲಕ ತಮ್ಮ ಜೀವನದ ಸಂಕೀರ್ಣವಾದ ವಸ್ತ್ರವನ್ನು ನ್ಯಾವಿಗೇಟ್ ಮಾಡಲು ಬಯಸುವ ಎಲ್ಲರಿಗೂ ಶಿವಶಂಕರರು ಬುದ್ಧಿವಂತಿಕೆ ಮತ್ತು ಜ್ಞಾನದ ದಾರಿದೀಪವಾಗಿ ನಿಂತಿದ್ದಾರೆ.","Introducing Astrologer Shivashankara, a remarkable individual with an extensive and diverse background in the realm of astrology. With a staggering roster of 4506 consultants who have sought his guidance, ShivaShankara's reputation precedes him as a true luminary in the field. 
Shivashankara's profound mastery extends to Nakshatra nadi, where he has attained a higher class of understanding, delving deep into Vedic Astrology, Mundane predictions, Prashanshastra, Parashara systems, and the intricate art of deciphering Yogas. Along with astrology he is a Business man, who insights into Numerology, Palm History, Bhrigunandi Nadi, Tara Dasa Bala, and the mystical world of Crystals have been nothing short of transformative for those who seek his wisdom. Furthermore, Shivashankara's expertise branches into Jaimini astrology, Match Making, Muhurtha, and Vastu, completing his holistic approach to astrological guidance. ShivaShankara stands as a beacon of wisdom and enlightenment for all those who wish to navigate the intricate tapestry of their lives through the ancient and profound wisdom of astrology."
SUJATHA S.N,60,20.05.1963,FEMALE,8073830710,7019484028,sujathasn1963@gmail.com,"shreematha yogi kolla road, 2nd cross, gokak, belgaum-591307",207877184494,ALPPS6838L,3,1000,"Kannada, English","Vedic, Nakshatranadi, Numerology, Tarot, Crystal, Vastu, Reiki",,SBI098989887,SBI,SBIM67878,XYZZZZ,SujathaSN,SujathaSN,SujathaSN,SujathaSN,ಸುಜಾತಾ ಎಸ್ ಎನ್,SujathaSN,"Introducing Astrologer Sujatha, a true luminary in the realm of astrology. With a staggering clientele of over 1000 satisfied consultants, Sujatha has firmly established herself as a trusted guide on the celestial journey of life. What sets her apart is her remarkable trilingual proficiency, enabling her to connect with clients from diverse linguistic backgrounds with ease. She possesses a higher understanding of Nakshatra Nadi, a celestial art that delves into the intricacies of one's destiny by analyzing the cosmic constellations. Her mastery extends to the profound realms of Vedic Astrology, Vastu, Crystal, Reiki, and the enigmatic Watch Technique, offering holistic insights into the cosmic tapestry of existence. Furthermore, Sujatha's repertoire includes Panchapakshi, Mundane, Varshapala, Prashanshastra, Parashara, Yogas, Numerology, Tarot cards, Bhrigunandi Nadi, Tara Dasa Bala, Cowries Shastra, Jaimini, Matchmaking, and Muhurtha, ensuring that she can provide comprehensive guidance for every aspect of life. she juggles as Business women along with interest in astrology. Whether you seek clarity in your personal relationships, career, or simply yearn to navigate the cosmic tides, Astrologer Sujatha possesses the wisdom and insight to illuminate your path. ","Introducing Astrologer Sujatha, a true luminary in the realm of astrology. With a staggering clientele of over 1000 satisfied consultants, Sujatha has firmly established herself as a trusted guide on the celestial journey of life. What sets her apart is her remarkable trilingual proficiency, enabling her to connect with clients from diverse linguistic backgrounds with ease. She possesses a higher understanding of Nakshatra Nadi, a celestial art that delves into the intricacies of one's destiny by analyzing the cosmic constellations. Her mastery extends to the profound realms of Vedic Astrology, Vastu, Crystal, Rekhi, and the enigmatic Watch Technique, offering holistic insights into the cosmic tapestry of existence. Furthermore, Sujatha's repertoire includes Panchapakshi, Mundane, Varshapala, Prashanshastra, Parashara, Yogas, Numerology, Tarot cards, Bhrigunandi Nadi, Tara Dasa Bala, Cowries Shastra, Jaimini, Matchmaking, and Muhurtha, ensuring that she can provide comprehensive guidance for every aspect of life. she juggles as Business women along with interest in astrology. Whether you seek clarity in your personal relationships, career, or simply yearn to navigate the cosmic tides, Astrologer Sujatha possesses the wisdom and insight to illuminate your path. ","Introducing Astrologer Sujatha, a true luminary in the realm of astrology. With a staggering clientele of over 1000 satisfied consultants, Sujatha has firmly established herself as a trusted guide on the celestial journey of life. What sets her apart is her remarkable trilingual proficiency, enabling her to connect with clients from diverse linguistic backgrounds with ease. She possesses a higher understanding of Nakshatra Nadi, a celestial art that delves into the intricacies of one's destiny by analyzing the cosmic constellations. Her mastery extends to the profound realms of Vedic Astrology, Vastu, Crystal, Rekhi, and the enigmatic Watch Technique, offering holistic insights into the cosmic tapestry of existence. Furthermore, Sujatha's repertoire includes Panchapakshi, Mundane, Varshapala, Prashanshastra, Parashara, Yogas, Numerology, Tarot cards, Bhrigunandi Nadi, Tara Dasa Bala, Cowries Shastra, Jaimini, Matchmaking, and Muhurtha, ensuring that she can provide comprehensive guidance for every aspect of life. she juggles as Business women along with interest in astrology. Whether you seek clarity in your personal relationships, career, or simply yearn to navigate the cosmic tides, Astrologer Sujatha possesses the wisdom and insight to illuminate your path. ","Introducing Astrologer Sujatha, a true luminary in the realm of astrology. With a staggering clientele of over 1000 satisfied consultants, Sujatha has firmly established herself as a trusted guide on the celestial journey of life. What sets her apart is her remarkable trilingual proficiency, enabling her to connect with clients from diverse linguistic backgrounds with ease. She possesses a higher understanding of Nakshatra Nadi, a celestial art that delves into the intricacies of one's destiny by analyzing the cosmic constellations. Her mastery extends to the profound realms of Vedic Astrology, Vastu, Crystal, Rekhi, and the enigmatic Watch Technique, offering holistic insights into the cosmic tapestry of existence. Furthermore, Sujatha's repertoire includes Panchapakshi, Mundane, Varshapala, Prashanshastra, Parashara, Yogas, Numerology, Tarot cards, Bhrigunandi Nadi, Tara Dasa Bala, Cowries Shastra, Jaimini, Matchmaking, and Muhurtha, ensuring that she can provide comprehensive guidance for every aspect of life. she juggles as Business women along with interest in astrology. Whether you seek clarity in your personal relationships, career, or simply yearn to navigate the cosmic tides, Astrologer Sujatha possesses the wisdom and insight to illuminate your path. ","ಜ್ಯೋತಿಷ್ಯ ಕ್ಷೇತ್ರದಲ್ಲಿ ನಿಜವಾದ ಜ್ಯೋತಿಷಿ ಸುಜಾತಾ ಅವರನ್ನು ಪರಿಚಯಿಸಲಾಗುತ್ತಿದೆ. 1000 ಕ್ಕೂ ಹೆಚ್ಚು ಸಂತೃಪ್ತ ಸಲಹೆಗಾರರನ್ನು ಹೊಂದಿರುವ ದಿಗ್ಭ್ರಮೆಗೊಳಿಸುವ ಗ್ರಾಹಕರೊಂದಿಗೆ, ಸುಜಾತಾ ಅವರು ಜೀವನದ ಆಕಾಶ ಪ್ರಯಾಣದಲ್ಲಿ ವಿಶ್ವಾಸಾರ್ಹ ಮಾರ್ಗದರ್ಶಿಯಾಗಿ ದೃಢವಾಗಿ ಸ್ಥಾಪಿಸಿಕೊಂಡಿದ್ದಾರೆ. ಅವರ ಗಮನಾರ್ಹ ತ್ರಿಭಾಷಾ ಪ್ರಾವೀಣ್ಯತೆಯು ಅವರನ್ನು ಪ್ರತ್ಯೇಕಿಸುತ್ತದೆ, ವೈವಿಧ್ಯಮಯ ಭಾಷಾ ಹಿನ್ನೆಲೆಯ ಗ್ರಾಹಕರೊಂದಿಗೆ ಸುಲಭವಾಗಿ ಸಂಪರ್ಕ ಸಾಧಿಸಲು ಅನುವು ಮಾಡಿಕೊಡುತ್ತದೆ. ಅವರು ನಕ್ಷತ್ರ ನಾಡಿನ ಬಗ್ಗೆ ಹೆಚ್ಚಿನ ತಿಳುವಳಿಕೆಯನ್ನು ಹೊಂದಿದ್ದಾರೆ, ಇದು ಕಾಸ್ಮಿಕ್ ನಕ್ಷತ್ರಪುಂಜಗಳನ್ನು ವಿಶ್ಲೇಷಿಸುವ ಮೂಲಕ ಒಬ್ಬರ ಹಣೆಬರಹದ ಜಟಿಲತೆಗಳನ್ನು ಪರಿಶೀಲಿಸುವ ಆಕಾಶ ಕಲೆ. ಅವರ ಪಾಂಡಿತ್ಯವು ವೈದಿಕ ಜ್ಯೋತಿಷ್ಯ, ವಾಸ್ತು, ಕ್ರಿಸ್ಟಲ್, ರೇಖಿ ಮತ್ತು ನಿಗೂಢವಾದ ವಾಚ್ ಟೆಕ್ನಿಕ್‌ನ ಆಳವಾದ ಕ್ಷೇತ್ರಗಳಿಗೆ ವಿಸ್ತರಿಸುತ್ತದೆ, ಇದು ಅಸ್ತಿತ್ವದ ಕಾಸ್ಮಿಕ್ ವಸ್ತ್ರದ ಸಮಗ್ರ ಒಳನೋಟಗಳನ್ನು ನೀಡುತ್ತದೆ. ಇದಲ್ಲದೆ, ಸುಜಾತಾ ಅವರ ಸಂಗ್ರಹವು ಪಂಚಪಕ್ಷಿ, ಲೌಕಿಕ, ವರ್ಷಪಾಲ, ಪ್ರಶಸ್ತಿಶಾಸ್ತ್ರ, ಪರಾಶರ, ಯೋಗಗಳು, ಸಂಖ್ಯಾಶಾಸ್ತ್ರ, ಟ್ಯಾರೋ ಕಾರ್ಡ್‌ಗಳು, ಭೃಗುನಂದಿ ನಾಡಿ, ತಾರಾ ದಶಾ ಬಲ, ಕೌರೀಸ್ ಶಾಸ್ತ್ರ, ಜೈಮಿನಿ, ಹೊಂದಾಣಿಕೆ ಮತ್ತು ಮುಹೂರ್ತವನ್ನು ಒಳಗೊಂಡಿದೆ ಜೀವನ. ಅವರು ಜ್ಯೋತಿಷ್ಯದಲ್ಲಿ ಆಸಕ್ತಿಯೊಂದಿಗೆ ವ್ಯಾಪಾರ ಮಹಿಳೆಯಾಗಿ ಕಣ್ಕಟ್ಟು. ನಿಮ್ಮ ವೈಯಕ್ತಿಕ ಸಂಬಂಧಗಳು, ವೃತ್ತಿಜೀವನದಲ್ಲಿ ನೀವು ಸ್ಪಷ್ಟತೆಯನ್ನು ಬಯಸುತ್ತೀರಾ ಅಥವಾ ಕಾಸ್ಮಿಕ್ ಉಬ್ಬರವಿಳಿತವನ್ನು ನ್ಯಾವಿಗೇಟ್ ಮಾಡಲು ಹಾತೊರೆಯುತ್ತಿರಲಿ, ಜ್ಯೋತಿಷಿ ಸುಜಾತಾ ನಿಮ್ಮ ಮಾರ್ಗವನ್ನು ಬೆಳಗಿಸುವ ಬುದ್ಧಿವಂತಿಕೆ ಮತ್ತು ಒಳನೋಟವನ್ನು ಹೊಂದಿದ್ದಾರೆ.","Introducing Astrologer Sujatha, a true luminary in the realm of astrology. With a staggering clientele of over 1000 satisfied consultants, Sujatha has firmly established herself as a trusted guide on the celestial journey of life. What sets her apart is her remarkable trilingual proficiency, enabling her to connect with clients from diverse linguistic backgrounds with ease. She possesses a higher understanding of Nakshatra Nadi, a celestial art that delves into the intricacies of one's destiny by analyzing the cosmic constellations. Her mastery extends to the profound realms of Vedic Astrology, Vastu, Crystal, Rekhi, and the enigmatic Watch Technique, offering holistic insights into the cosmic tapestry of existence. Furthermore, Sujatha's repertoire includes Panchapakshi, Mundane, Varshapala, Prashanshastra, Parashara, Yogas, Numerology, Tarot cards, Bhrigunandi Nadi, Tara Dasa Bala, Cowries Shastra, Jaimini, Matchmaking, and Muhurtha, ensuring that she can provide comprehensive guidance for every aspect of life. she juggles as Business women along with interest in astrology. Whether you seek clarity in your personal relationships, career, or simply yearn to navigate the cosmic tides, Astrologer Sujatha possesses the wisdom and insight to illuminate your path. "
VIJAYA MANJUNATHA M.,52,22.07.1971,MALE,8095714345,8073663837,anpmanjunathbabu@gmail.com,"NO-3, 2nd floor,anjaaneya temple road, GG Palya, Bangalore-560022. ",735289458352,AIQPM4268C,3,250,"Kannada, Tamil, Telugu","Vedic, Nakshatranadi, Numerology,  Palmistry, Crystal, Vastu",,SBI098989887,SBI,SBIM67878,XYZZZZ,VijayM,VijayM,VijayM,VijayM,ವಿಜಯ್ ಎಂ ,VijayM,"
Introducing Astrologer Vijay, a luminary in the world of astrology and spirituality. With over two decades of experience, Vijay has established himself as a trusted name among seekers of cosmic wisdom. He leads a team of 250 dedicated consultants. What sets him apart is his remarkable trilingual expertise, fluently communicating with clients in Kannada, Tamil and Telugu, ensuring that his profound insights are accessible to a diverse audience. Vijay specializes in various branches of astrology, such as Nakshatra Nadi, Vedic Astrology, Vastu, Sri Yantra, Agnihotra, Prashanshastra, Parashara, Yogas, Numerology, Palm History, Bhrigunandi Nadi, Tara Dasa Bala, Crystal gazing, and Cowries Shastra. His holistic approach to life's intricate questions includes Jaimini astrology for deeper insight into one's destiny, and he excels in the delicate art of match-making, providing guidance for harmonious unions. Moreover, his expertise extends to Muhurtha, ensuring that important life events are timed perfectly for maximum positivity. Astrologer Vijay's dedication to sharing cosmic wisdom and helping individuals navigate life's complex journey has made him a beacon of light in the realm of astrology.","
Introducing Astrologer Vijay, a luminary in the world of astrology and spirituality. With over two decades of experience, Vijay has established himself as a trusted name among seekers of cosmic wisdom. He leads a team of 250 dedicated consultants. What sets him apart is his remarkable trilingual expertise, fluently communicating with clients in Kannada, Tamil and Telugu, ensuring that his profound insights are accessible to a diverse audience. Vijay specializes in various branches of astrology, such as Nakshatra Nadi, Vedic Astrology, Vastu, Sri Yantra, Agnihotra, Prashanshastra, Parashara, Yogas, Numerology, Palm History, Bhrigunandi Nadi, Tara Dasa Bala, Crystal gazing, and Cowries Shastra. His holistic approach to life's intricate questions includes Jaimini astrology for deeper insight into one's destiny, and he excels in the delicate art of match-making, providing guidance for harmonious unions. Moreover, his expertise extends to Muhurtha, ensuring that important life events are timed perfectly for maximum positivity. Astrologer Vijay's dedication to sharing cosmic wisdom and helping individuals navigate life's complex journey has made him a beacon of light in the realm of astrology.","
Introducing Astrologer Vijay, a luminary in the world of astrology and spirituality. With over two decades of experience, Vijay has established himself as a trusted name among seekers of cosmic wisdom. He leads a team of 250 dedicated consultants. What sets him apart is his remarkable trilingual expertise, fluently communicating with clients in Kannada, Tamil and Telugu, ensuring that his profound insights are accessible to a diverse audience. Vijay specializes in various branches of astrology, such as Nakshatra Nadi, Vedic Astrology, Vastu, Sri Yantra, Agnihotra, Prashanshastra, Parashara, Yogas, Numerology, Palm History, Bhrigunandi Nadi, Tara Dasa Bala, Crystal gazing, and Cowries Shastra. His holistic approach to life's intricate questions includes Jaimini astrology for deeper insight into one's destiny, and he excels in the delicate art of match-making, providing guidance for harmonious unions. Moreover, his expertise extends to Muhurtha, ensuring that important life events are timed perfectly for maximum positivity. Astrologer Vijay's dedication to sharing cosmic wisdom and helping individuals navigate life's complex journey has made him a beacon of light in the realm of astrology.","
Introducing Astrologer Vijay, a luminary in the world of astrology and spirituality. With over two decades of experience, Vijay has established himself as a trusted name among seekers of cosmic wisdom. He leads a team of 250 dedicated consultants. What sets him apart is his remarkable trilingual expertise, fluently communicating with clients in Kannada, Tamil and Telugu, ensuring that his profound insights are accessible to a diverse audience. Vijay specializes in various branches of astrology, such as Nakshatra Nadi, Vedic Astrology, Vastu, Sri Yantra, Agnihotra, Prashanshastra, Parashara, Yogas, Numerology, Palm History, Bhrigunandi Nadi, Tara Dasa Bala, Crystal gazing, and Cowries Shastra. His holistic approach to life's intricate questions includes Jaimini astrology for deeper insight into one's destiny, and he excels in the delicate art of match-making, providing guidance for harmonious unions. Moreover, his expertise extends to Muhurtha, ensuring that important life events are timed perfectly for maximum positivity. Astrologer Vijay's dedication to sharing cosmic wisdom and helping individuals navigate life's complex journey has made him a beacon of light in the realm of astrology.","ಜ್ಯೋತಿಷ್ಯ ಮತ್ತು ಆಧ್ಯಾತ್ಮಿಕತೆಯ ಜಗತ್ತಿನಲ್ಲಿ ಜ್ಯೋತಿಷಿ ವಿಜಯ್ ಅವರನ್ನು ಪರಿಚಯಿಸಲಾಗುತ್ತಿದೆ. ಎರಡು ದಶಕಗಳ ಅನುಭವದೊಂದಿಗೆ, ವಿಜಯ್ ಅವರು ಕಾಸ್ಮಿಕ್ ಬುದ್ಧಿವಂತಿಕೆಯ ಅನ್ವೇಷಕರಲ್ಲಿ ವಿಶ್ವಾಸಾರ್ಹ ಹೆಸರಾಗಿ ತಮ್ಮನ್ನು ತಾವು ಸ್ಥಾಪಿಸಿಕೊಂಡಿದ್ದಾರೆ. ಅವರು 250 ಸಮರ್ಪಿತ ಸಲಹೆಗಾರರ ​​ತಂಡವನ್ನು ಮುನ್ನಡೆಸುತ್ತಾರೆ. ಕನ್ನಡ, ತಮಿಳು ಮತ್ತು ತೆಲುಗಿನಲ್ಲಿ ಗ್ರಾಹಕರೊಂದಿಗೆ ನಿರರ್ಗಳವಾಗಿ ಸಂವಹನ ನಡೆಸುವ ಅವರ ಗಮನಾರ್ಹ ತ್ರಿಭಾಷಾ ಪರಿಣತಿಯು ಅವರನ್ನು ಪ್ರತ್ಯೇಕಿಸುತ್ತದೆ, ಅವರ ಆಳವಾದ ಒಳನೋಟಗಳು ವೈವಿಧ್ಯಮಯ ಪ್ರೇಕ್ಷಕರಿಗೆ ಪ್ರವೇಶಿಸಬಹುದು ಎಂದು ಖಚಿತಪಡಿಸುತ್ತದೆ. ವಿಜಯ್ ಅವರು ನಕ್ಷತ್ರ ನಾಡಿ, ವೈದಿಕ ಜ್ಯೋತಿಷ್ಯ, ವಾಸ್ತು, ಶ್ರೀ ಯಂತ್ರ, ಅಗ್ನಿಹೋತ್ರ, ಪ್ರಶಂಶಶಾಸ್ತ್ರ, ಪರಾಶರ, ಯೋಗಗಳು, ಸಂಖ್ಯಾಶಾಸ್ತ್ರ, ಪಾಮ್ ಇತಿಹಾಸ, ಭೃಗುನಂದಿ ನಾಡಿ, ತಾರಾ ದಶಾ ಬಲ, ಕ್ರಿಸ್ಟಲ್ ವೀಕ್ಷಣೆ ಮತ್ತು ಕೌರೀಸ್ ಶಾಸ್ತ್ರದಂತಹ ಜ್ಯೋತಿಷ್ಯದ ವಿವಿಧ ಶಾಖೆಗಳಲ್ಲಿ ಪರಿಣತಿ ಹೊಂದಿದ್ದಾರೆ. ಜೀವನದ ಜಟಿಲವಾದ ಪ್ರಶ್ನೆಗಳಿಗೆ ಅವರ ಸಮಗ್ರ ವಿಧಾನವು ಒಬ್ಬರ ಹಣೆಬರಹದ ಆಳವಾದ ಒಳನೋಟಕ್ಕಾಗಿ ಜೈಮಿನಿ ಜ್ಯೋತಿಷ್ಯವನ್ನು ಒಳಗೊಂಡಿದೆ, ಮತ್ತು ಅವರು ಹೊಂದಾಣಿಕೆಯ ಒಕ್ಕೂಟಗಳಿಗೆ ಮಾರ್ಗದರ್ಶನ ನೀಡುವ ಸೂಕ್ಷ್ಮವಾದ ಹೊಂದಾಣಿಕೆಯ ಕಲೆಯಲ್ಲಿ ಉತ್ಕೃಷ್ಟರಾಗಿದ್ದಾರೆ. ಇದಲ್ಲದೆ, ಅವರ ಪರಿಣತಿಯು ಮುಹೂರ್ತದವರೆಗೆ ವಿಸ್ತರಿಸುತ್ತದೆ, ಪ್ರಮುಖ ಜೀವನ ಘಟನೆಗಳು ಗರಿಷ್ಠ ಸಕಾರಾತ್ಮಕತೆಗಾಗಿ ಸಂಪೂರ್ಣವಾಗಿ ಸಮಯಕ್ಕೆ ಸರಿಯಾಗಿವೆ ಎಂದು ಖಚಿತಪಡಿಸುತ್ತದೆ. ಕಾಸ್ಮಿಕ್ ಬುದ್ಧಿವಂತಿಕೆಯನ್ನು ಹಂಚಿಕೊಳ್ಳಲು ಮತ್ತು ಜೀವನದ ಸಂಕೀರ್ಣ ಪ್ರಯಾಣವನ್ನು ನ್ಯಾವಿಗೇಟ್ ಮಾಡಲು ವ್ಯಕ್ತಿಗಳಿಗೆ ಸಹಾಯ ಮಾಡಲು ಜ್ಯೋತಿಷಿ ವಿಜಯ್ ಅವರ ಸಮರ್ಪಣೆ ಅವರನ್ನು ಜ್ಯೋತಿಷ್ಯ ಕ್ಷೇತ್ರದಲ್ಲಿ ಬೆಳಕಿನ ದಾರಿದೀಪವಾಗಿಸಿದೆ.","
Introducing Astrologer Vijay, a luminary in the world of astrology and spirituality. With over two decades of experience, Vijay has established himself as a trusted name among seekers of cosmic wisdom. He leads a team of 250 dedicated consultants. What sets him apart is his remarkable trilingual expertise, fluently communicating with clients in Kannada, Tamil and Telugu, ensuring that his profound insights are accessible to a diverse audience. Vijay specializes in various branches of astrology, such as Nakshatra Nadi, Vedic Astrology, Vastu, Sri Yantra, Agnihotra, Prashanshastra, Parashara, Yogas, Numerology, Palm History, Bhrigunandi Nadi, Tara Dasa Bala, Crystal gazing, and Cowries Shastra. His holistic approach to life's intricate questions includes Jaimini astrology for deeper insight into one's destiny, and he excels in the delicate art of match-making, providing guidance for harmonious unions. Moreover, his expertise extends to Muhurtha, ensuring that important life events are timed perfectly for maximum positivity. Astrologer Vijay's dedication to sharing cosmic wisdom and helping individuals navigate life's complex journey has made him a beacon of light in the realm of astrology."
KALAVATHI RAVIKUMAR,52,18.05.1971,FEMALE,9480466900,9945231805,kalavathigopinath246@gmail.com,"No-6/1A, CKMR gardens,Doddagubbi cross,Kothnur,bangalore-560077",341026162895,BCAPR5648L,1,,"Hindi, Kannada, English, Tamil, Telugu"," Nakshatranadi, Numerology, Crystal,  Vastu, Reiki",,SBI098989887,SBI,SBIM67878,XYZZZZ,KalavathiR,KalavathiR,KalavathiR,KalavathiR,ಕಲಾವತಿ ಆರ್,KalavathiR,"
Introducing the remarkable Astrologer Kalavathi, a true luminary in the realm of celestial insights and holistic well-being. With over 200 dedicated consultants under her guidance, she has established herself as a guiding light for those seeking answers. A true polyglot, she juggles as a home maker along with interest in astrology, she communicates seamlessly with clients from diverse backgrounds, breaking language barriers. Kalavathi's expertise spans astrological disciplines such as Nakshatra Nadi, Chakra and Crystal healing, Reiki, Jaimini & Madhini Astrology, Vastu, Numerology, Prashnashastra, Parashara, Yogas, Bhrigunandi Nadi, Tara Dasa Bala, Match-Making, and Muhurtha. Whether it's deciphering the celestial map of destiny or harnessing the power of ancient healing methods, Kalavathi's wisdom and precision have garnered her a stellar reputation. With her guidance, you'll find yourself navigating life's intricate tapestry with clarity and purpose, forging a path illuminated by the stars and the wisdom of ages past.","
Introducing the remarkable Astrologer Kalavathi, a true luminary in the realm of celestial insights and holistic well-being. With over 200 dedicated consultants under her guidance, she has established herself as a guiding light for those seeking answers. A true polyglot, she juggles as a home maker along with interest in astrology, she communicates seamlessly with clients from diverse backgrounds, breaking language barriers. Kalavathi's expertise spans astrological disciplines such as Nakshatra Nadi, Chakra and Crystal healing, Rekhi, Jaimini & Madhini Astrology, Vastu, Numerology, Prashnashastra, Parashara, Yogas, Bhrigunandi Nadi, Tara Dasa Bala, Match-Making, and Muhurtha. Whether it's deciphering the celestial map of destiny or harnessing the power of ancient healing methods, Kalavathi's wisdom and precision have garnered her a stellar reputation. With her guidance, you'll find yourself navigating life's intricate tapestry with clarity and purpose, forging a path illuminated by the stars and the wisdom of ages past.","
Introducing the remarkable Astrologer Kalavathi, a true luminary in the realm of celestial insights and holistic well-being. With over 200 dedicated consultants under her guidance, she has established herself as a guiding light for those seeking answers. A true polyglot, she juggles as a home maker along with interest in astrology, she communicates seamlessly with clients from diverse backgrounds, breaking language barriers. Kalavathi's expertise spans astrological disciplines such as Nakshatra Nadi, Chakra and Crystal healing, Rekhi, Jaimini & Madhini Astrology, Vastu, Numerology, Prashnashastra, Parashara, Yogas, Bhrigunandi Nadi, Tara Dasa Bala, Match-Making, and Muhurtha. Whether it's deciphering the celestial map of destiny or harnessing the power of ancient healing methods, Kalavathi's wisdom and precision have garnered her a stellar reputation. With her guidance, you'll find yourself navigating life's intricate tapestry with clarity and purpose, forging a path illuminated by the stars and the wisdom of ages past.","
Introducing the remarkable Astrologer Kalavathi, a true luminary in the realm of celestial insights and holistic well-being. With over 200 dedicated consultants under her guidance, she has established herself as a guiding light for those seeking answers. A true polyglot, she juggles as a home maker along with interest in astrology, she communicates seamlessly with clients from diverse backgrounds, breaking language barriers. Kalavathi's expertise spans astrological disciplines such as Nakshatra Nadi, Chakra and Crystal healing, Rekhi, Jaimini & Madhini Astrology, Vastu, Numerology, Prashnashastra, Parashara, Yogas, Bhrigunandi Nadi, Tara Dasa Bala, Match-Making, and Muhurtha. Whether it's deciphering the celestial map of destiny or harnessing the power of ancient healing methods, Kalavathi's wisdom and precision have garnered her a stellar reputation. With her guidance, you'll find yourself navigating life's intricate tapestry with clarity and purpose, forging a path illuminated by the stars and the wisdom of ages past.","ಆಕಾಶದ ಒಳನೋಟಗಳು ಮತ್ತು ಸಮಗ್ರ ಯೋಗಕ್ಷೇಮದ ಕ್ಷೇತ್ರದಲ್ಲಿ ನಿಜವಾದ ಪ್ರಕಾಶಕರಾದ ಗಮನಾರ್ಹ ಜ್ಯೋತಿಷಿ ಕಲಾವತಿ ಅವರನ್ನು ಪರಿಚಯಿಸುತ್ತಿದ್ದೇವೆ. ಅವರ ಮಾರ್ಗದರ್ಶನದಲ್ಲಿ 200 ಕ್ಕೂ ಹೆಚ್ಚು ಸಮರ್ಪಿತ ಸಲಹೆಗಾರರೊಂದಿಗೆ, ಅವರು ಉತ್ತರಗಳನ್ನು ಹುಡುಕುವವರಿಗೆ ಮಾರ್ಗದರ್ಶಿ ದೀಪವಾಗಿ ತಮ್ಮನ್ನು ತಾವು ಸ್ಥಾಪಿಸಿಕೊಂಡಿದ್ದಾರೆ. ನಿಜವಾದ ಬಹುಭಾಷಾವಾದಿ, ಅವರು ಜ್ಯೋತಿಷ್ಯದಲ್ಲಿ ಆಸಕ್ತಿಯೊಂದಿಗೆ ಮನೆ ಮೇಕರ್ ಆಗಿ ಕಣ್ಕಟ್ಟು ಮಾಡುತ್ತಾಳೆ, ಅವರು ವಿವಿಧ ಹಿನ್ನೆಲೆಯ ಗ್ರಾಹಕರೊಂದಿಗೆ ಮನಬಂದಂತೆ ಸಂವಹನ ನಡೆಸುತ್ತಾಳೆ, ಭಾಷೆಯ ಅಡೆತಡೆಗಳನ್ನು ಮುರಿಯುತ್ತಾಳೆ. ಕಲಾವತಿಯವರ ಪರಿಣತಿಯು ನಕ್ಷತ್ರ ನಾಡಿ, ಚಕ್ರ ಮತ್ತು ಕ್ರಿಸ್ಟಲ್ ಹೀಲಿಂಗ್, ರೇಖಿ, ಜೈಮಿನಿ ಮತ್ತು ಮಾಧಿನಿ ಜ್ಯೋತಿಷ್ಯ, ವಾಸ್ತು, ಸಂಖ್ಯಾಶಾಸ್ತ್ರ, ಪ್ರಶ್ನೆಶಾಸ್ತ್ರ, ಪರಾಶರ, ಯೋಗಗಳು, ಭೃಗುನಂದಿ ನಾಡಿ, ತಾರಾ ದಶಾ ಬಲ, ಮತ್ತು ಮುಹೂರ್ತದಂತಹ ಜ್ಯೋತಿಷ್ಯ ವಿಭಾಗಗಳನ್ನು ವ್ಯಾಪಿಸಿದೆ. ಇದು ವಿಧಿಯ ಆಕಾಶ ನಕ್ಷೆಯನ್ನು ಅರ್ಥೈಸಿಕೊಳ್ಳುತ್ತಿರಲಿ ಅಥವಾ ಪ್ರಾಚೀನ ಚಿಕಿತ್ಸಾ ವಿಧಾನಗಳ ಶಕ್ತಿಯನ್ನು ಬಳಸಿಕೊಳ್ಳುತ್ತಿರಲಿ, ಕಲಾವತಿಯ ಬುದ್ಧಿವಂತಿಕೆ ಮತ್ತು ನಿಖರತೆಯು ಆಕೆಗೆ ನಾಕ್ಷತ್ರಿಕ ಖ್ಯಾತಿಯನ್ನು ತಂದುಕೊಟ್ಟಿದೆ. ಅವರ ಮಾರ್ಗದರ್ಶನದೊಂದಿಗೆ, ನೀವು ಸ್ಪಷ್ಟತೆ ಮತ್ತು ಉದ್ದೇಶದೊಂದಿಗೆ ಜೀವನದ ಸಂಕೀರ್ಣವಾದ ವಸ್ತ್ರವನ್ನು ನ್ಯಾವಿಗೇಟ್ ಮಾಡುವುದನ್ನು ನೀವು ಕಂಡುಕೊಳ್ಳುತ್ತೀರಿ, ನಕ್ಷತ್ರಗಳು ಮತ್ತು ಹಿಂದಿನ ವಯಸ್ಸಿನ ಬುದ್ಧಿವಂತಿಕೆಯಿಂದ ಪ್ರಕಾಶಿಸಲ್ಪಟ್ಟ ಮಾರ್ಗವನ್ನು ರೂಪಿಸುವಿರಿ.""","
Introducing the remarkable Astrologer Kalavathi, a true luminary in the realm of celestial insights and holistic well-being. With over 200 dedicated consultants under her guidance, she has established herself as a guiding light for those seeking answers. A true polyglot, she juggles as a home maker along with interest in astrology, she communicates seamlessly with clients from diverse backgrounds, breaking language barriers. Kalavathi's expertise spans astrological disciplines such as Nakshatra Nadi, Chakra and Crystal healing, Rekhi, Jaimini & Madhini Astrology, Vastu, Numerology, Prashnashastra, Parashara, Yogas, Bhrigunandi Nadi, Tara Dasa Bala, Match-Making, and Muhurtha. Whether it's deciphering the celestial map of destiny or harnessing the power of ancient healing methods, Kalavathi's wisdom and precision have garnered her a stellar reputation. With her guidance, you'll find yourself navigating life's intricate tapestry with clarity and purpose, forging a path illuminated by the stars and the wisdom of ages past."
RAGHAVENDRA N. B.,32,14.03.1991,MALE,9663144211,9591272316,astroin2023@gmail.com,"Hale kundavada,Devanagere-577566",586658554680,ARWPR4426L,1,80,"Kannada,Telugu, Hindi","Vedic, Nakshatranadi, Numerology, Crystal, Vastu",,SBI098989887,SBI,SBIM67878,XYZZZZ,RaghavendraNB,RaghavendraNB,RaghavendraNB,RaghavendraNB,ರಾಘವೇಂದ್ರ ಎನ್ ಬಿ ,RaghavendraNB,"
Introducing the multifaceted Astrologer Raghavendra, a luminary in the realm of celestial wisdom and cosmic guidance. He has an impressive network of 80 consultants, each handpicked for their expertise in diverse fields of mysticism and divination. This filmmaker's captivating works are fueled by a dual passion: cinema and astrology. A true polyglot of esoteric arts, Raghavendra seamlessly weaves together various disciplines, transcending boundaries in his quest to unravel the secrets of the cosmos. At the core of his practice lies Nakshatra Nadi and Vedic Astrology, where he harnesses the power of ancient wisdom to decode the celestial narrative. Raghavendra's proficiency extends to Vastu, Crystal, Prashnashastra, Parashara, Yogas, Numerology, Bhrigunandi Nadi, Tara Dasa Bala, and the intricate art of Matchmaking. His mastery in these domains enables him to provide comprehensive insights into one's life journey, uncover hidden potentials, and guide individuals toward harmony and fulfillment. ","
Introducing the multifaceted Astrologer Raghavendra, a luminary in the realm of celestial wisdom and cosmic guidance. He has an impressive network of 80 consultants, each handpicked for their expertise in diverse fields of mysticism and divination. This filmmaker's captivating works are fueled by a dual passion: cinema and astrology. A true polyglot of esoteric arts, Raghavendra seamlessly weaves together various disciplines, transcending boundaries in his quest to unravel the secrets of the cosmos. At the core of his practice lies Nakshatra Nadi and Vedic Astrology, where he harnesses the power of ancient wisdom to decode the celestial narrative. Raghavendra's proficiency extends to Vastu, Crystal, Prashnashastra, Parashara, Yogas, Numerology, Bhrigunandi Nadi, Tara Dasa Bala, and the intricate art of Matchmaking. His mastery in these domains enables him to provide comprehensive insights into one's life journey, uncover hidden potentials, and guide individuals toward harmony and fulfillment. ","
Introducing the multifaceted Astrologer Raghavendra, a luminary in the realm of celestial wisdom and cosmic guidance. He has an impressive network of 80 consultants, each handpicked for their expertise in diverse fields of mysticism and divination. This filmmaker's captivating works are fueled by a dual passion: cinema and astrology. A true polyglot of esoteric arts, Raghavendra seamlessly weaves together various disciplines, transcending boundaries in his quest to unravel the secrets of the cosmos. At the core of his practice lies Nakshatra Nadi and Vedic Astrology, where he harnesses the power of ancient wisdom to decode the celestial narrative. Raghavendra's proficiency extends to Vastu, Crystal, Prashnashastra, Parashara, Yogas, Numerology, Bhrigunandi Nadi, Tara Dasa Bala, and the intricate art of Matchmaking. His mastery in these domains enables him to provide comprehensive insights into one's life journey, uncover hidden potentials, and guide individuals toward harmony and fulfillment. ","
Introducing the multifaceted Astrologer Raghavendra, a luminary in the realm of celestial wisdom and cosmic guidance. He has an impressive network of 80 consultants, each handpicked for their expertise in diverse fields of mysticism and divination. This filmmaker's captivating works are fueled by a dual passion: cinema and astrology. A true polyglot of esoteric arts, Raghavendra seamlessly weaves together various disciplines, transcending boundaries in his quest to unravel the secrets of the cosmos. At the core of his practice lies Nakshatra Nadi and Vedic Astrology, where he harnesses the power of ancient wisdom to decode the celestial narrative. Raghavendra's proficiency extends to Vastu, Crystal, Prashnashastra, Parashara, Yogas, Numerology, Bhrigunandi Nadi, Tara Dasa Bala, and the intricate art of Matchmaking. His mastery in these domains enables him to provide comprehensive insights into one's life journey, uncover hidden potentials, and guide individuals toward harmony and fulfillment. ","ಬಹುಮುಖಿ ಜ್ಯೋತಿಷಿ ರಾಘವೇಂದ್ರರನ್ನು ಪರಿಚಯಿಸುತ್ತಿದ್ದೇವೆ, ಆಕಾಶ ಜ್ಞಾನ ಮತ್ತು ವಿಶ್ವ ಮಾರ್ಗದರ್ಶನದ ಕ್ಷೇತ್ರದಲ್ಲಿ ಪ್ರಕಾಶಕ. ಅವರು 80 ಸಲಹೆಗಾರರ ​​ಪ್ರಭಾವಶಾಲಿ ನೆಟ್‌ವರ್ಕ್ ಅನ್ನು ಹೊಂದಿದ್ದಾರೆ, ಪ್ರತಿಯೊಬ್ಬರೂ ಆಧ್ಯಾತ್ಮ ಮತ್ತು ಭವಿಷ್ಯಜ್ಞಾನದ ವೈವಿಧ್ಯಮಯ ಕ್ಷೇತ್ರಗಳಲ್ಲಿ ತಮ್ಮ ಪರಿಣತಿಗಾಗಿ ಆಯ್ಕೆ ಮಾಡಿದ್ದಾರೆ. ಈ ಚಿತ್ರನಿರ್ಮಾಪಕನ ಆಕರ್ಷಕ ಕೃತಿಗಳು ಉಭಯ ಉತ್ಸಾಹದಿಂದ ಉತ್ತೇಜಿಸಲ್ಪಟ್ಟಿವೆ: ಸಿನಿಮಾ ಮತ್ತು ಜ್ಯೋತಿಷ್ಯ. ನಿಗೂಢ ಕಲೆಗಳ ನಿಜವಾದ ಬಹುಭಾಷಾವಾದಿ, ರಾಘವೇಂದ್ರ ಅವರು ಬ್ರಹ್ಮಾಂಡದ ರಹಸ್ಯಗಳನ್ನು ಬಿಚ್ಚಿಡುವ ತಮ್ಮ ಅನ್ವೇಷಣೆಯಲ್ಲಿ ಗಡಿಗಳನ್ನು ಮೀರಿ ವಿವಿಧ ವಿಭಾಗಗಳನ್ನು ಮನಬಂದಂತೆ ಹೆಣೆಯುತ್ತಾರೆ. ಅವರ ಅಭ್ಯಾಸದ ಮಧ್ಯಭಾಗದಲ್ಲಿ ನಕ್ಷತ್ರ ನಾಡಿ ಮತ್ತು ವೈದಿಕ ಜ್ಯೋತಿಷ್ಯವಿದೆ, ಅಲ್ಲಿ ಅವರು ಆಕಾಶ ನಿರೂಪಣೆಯನ್ನು ಡಿಕೋಡ್ ಮಾಡಲು ಪ್ರಾಚೀನ ಬುದ್ಧಿವಂತಿಕೆಯ ಶಕ್ತಿಯನ್ನು ಬಳಸುತ್ತಾರೆ. ರಾಘವೇಂದ್ರರ ಪ್ರಾವೀಣ್ಯತೆಯು ವಾಸ್ತು, ಕ್ರಿಸ್ಟಲ್, ಪ್ರಶ್ನೆಶಾಸ್ತ್ರ, ಪರಾಶರ, ಯೋಗಗಳು, ಸಂಖ್ಯಾಶಾಸ್ತ್ರ, ಭೃಗುನಂದಿ ನಾಡಿ, ತಾರಾ ದಶಾ ಬಲ ಮತ್ತು ಜಟಿಲವಾದ ಮ್ಯಾಚ್‌ಮೇಕಿಂಗ್ ಕಲೆಯವರೆಗೆ ವಿಸ್ತರಿಸಿದೆ. ಈ ಡೊಮೇನ್‌ಗಳಲ್ಲಿನ ಅವರ ಪಾಂಡಿತ್ಯವು ಒಬ್ಬರ ಜೀವನ ಪ್ರಯಾಣದ ಬಗ್ಗೆ ಸಮಗ್ರ ಒಳನೋಟಗಳನ್ನು ಒದಗಿಸಲು, ಗುಪ್ತ ಸಾಮರ್ಥ್ಯಗಳನ್ನು ಬಹಿರಂಗಪಡಿಸಲು ಮತ್ತು ವ್ಯಕ್ತಿಗಳನ್ನು ಸಾಮರಸ್ಯ ಮತ್ತು ನೆರವೇರಿಕೆಯ ಕಡೆಗೆ ಮಾರ್ಗದರ್ಶನ ಮಾಡಲು ಅನುವು ಮಾಡಿಕೊಡುತ್ತದೆ. ""","
Introducing the multifaceted Astrologer Raghavendra, a luminary in the realm of celestial wisdom and cosmic guidance. He has an impressive network of 80 consultants, each handpicked for their expertise in diverse fields of mysticism and divination. This filmmaker's captivating works are fueled by a dual passion: cinema and astrology. A true polyglot of esoteric arts, Raghavendra seamlessly weaves together various disciplines, transcending boundaries in his quest to unravel the secrets of the cosmos. At the core of his practice lies Nakshatra Nadi and Vedic Astrology, where he harnesses the power of ancient wisdom to decode the celestial narrative. Raghavendra's proficiency extends to Vastu, Crystal, Prashnashastra, Parashara, Yogas, Numerology, Bhrigunandi Nadi, Tara Dasa Bala, and the intricate art of Matchmaking. His mastery in these domains enables him to provide comprehensive insights into one's life journey, uncover hidden potentials, and guide individuals toward harmony and fulfillment. "
SAVITHA B. R.,37,13.11.1986,FEMALE,8951472411,9449047755,savithamahesh6@gmail.com,"Flat no#636, pramuka nivas,13cross, RHCS Layout,nagarbavi,Bangalore-560091",786450499461,BFHPS7757B,4,300,"Hindi, Kannada, English, Marathi","Vedic, Nakshatranadi, Numerology, Crystal, Vastu",,SBI098989887,SBI,SBIM67878,XYZZZZ,Dr. SavithaBR,Dr. SavithaBR,Dr. SavithaBR,Dr. SavithaBR,ಡಾ.  ಸವಿತಾ ಬಿ ಆರ್ ,Dr. SavithaBR,"
Meet Astrologer Dr. Savitha, a renowned expert in the mystical realms of astrology and beyond. With a team of 300 dedicated consultants at her disposal, she possesses a polyglot's talent for connecting with people from diverse backgrounds. Her expertise spans a wide spectrum of astrological disciplines, including Nakshatra Nadi, Numerology, and a doctorate in Vedic astrology. Savitha's skills extend to Crystal and Vastu consultation. In the world of astrology, Savitha is well-versed in Jaimini, Varshapala, Prashnashastra, Parashara, Yogas, Bhrigunandi Nadi, Tara Dasa Bala, Cowries Shastra, and Muhurtha. Her talent for match-making helps individuals find harmonious companionship. With a wealth of knowledge at her fingertips and a passion for helping others, Astrologer Savitha is your trusted guide to understanding the celestial forces that shape your destiny.","
Meet Astrologer Dr. Savitha, a renowned expert in the mystical realms of astrology and beyond. With a team of 300 dedicated consultants at her disposal, she possesses a polyglot's talent for connecting with people from diverse backgrounds. Her expertise spans a wide spectrum of astrological disciplines, including Nakshatra Nadi, Numerology, and a doctorate in Vedic astrology. Savitha's skills extend to Crystal and Vastu consultation. In the world of astrology, Savitha is well-versed in Jaimini, Varshapala, Prashnashastra, Parashara, Yogas, Bhrigunandi Nadi, Tara Dasa Bala, Cowries Shastra, and Muhurtha. Her talent for match-making helps individuals find harmonious companionship. With a wealth of knowledge at her fingertips and a passion for helping others, Astrologer Savitha is your trusted guide to understanding the celestial forces that shape your destiny.","
Meet Astrologer Dr. Savitha, a renowned expert in the mystical realms of astrology and beyond. With a team of 300 dedicated consultants at her disposal, she possesses a polyglot's talent for connecting with people from diverse backgrounds. Her expertise spans a wide spectrum of astrological disciplines, including Nakshatra Nadi, Numerology, and a doctorate in Vedic astrology. Savitha's skills extend to Crystal and Vastu consultation. In the world of astrology, Savitha is well-versed in Jaimini, Varshapala, Prashnashastra, Parashara, Yogas, Bhrigunandi Nadi, Tara Dasa Bala, Cowries Shastra, and Muhurtha. Her talent for match-making helps individuals find harmonious companionship. With a wealth of knowledge at her fingertips and a passion for helping others, Astrologer Savitha is your trusted guide to understanding the celestial forces that shape your destiny.","
Meet Astrologer Dr. Savitha, a renowned expert in the mystical realms of astrology and beyond. With a team of 300 dedicated consultants at her disposal, she possesses a polyglot's talent for connecting with people from diverse backgrounds. Her expertise spans a wide spectrum of astrological disciplines, including Nakshatra Nadi, Numerology, and a doctorate in Vedic astrology. Savitha's skills extend to Crystal and Vastu consultation. In the world of astrology, Savitha is well-versed in Jaimini, Varshapala, Prashnashastra, Parashara, Yogas, Bhrigunandi Nadi, Tara Dasa Bala, Cowries Shastra, and Muhurtha. Her talent for match-making helps individuals find harmonious companionship. With a wealth of knowledge at her fingertips and a passion for helping others, Astrologer Savitha is your trusted guide to understanding the celestial forces that shape your destiny.","ಜ್ಯೋತಿಷ್ಯ ಮತ್ತು ಅದರಾಚೆಗಿನ ಅತೀಂದ್ರಿಯ ಕ್ಷೇತ್ರಗಳಲ್ಲಿ ಹೆಸರಾಂತ ಪರಿಣಿತಿಯಾಗಿರುವ ಜ್ಯೋತಿಷಿ ಡಾ.  ಸವಿತಾ ಅವರನ್ನು ಭೇಟಿ ಮಾಡಿ. ತನ್ನ ವಿಲೇವಾರಿಯಲ್ಲಿ 300 ಸಮರ್ಪಿತ ಸಲಹೆಗಾರರ ​​ತಂಡದೊಂದಿಗೆ, ಅವರು ವೈವಿಧ್ಯಮಯ ಹಿನ್ನೆಲೆಯ ಜನರೊಂದಿಗೆ ಸಂಪರ್ಕ ಸಾಧಿಸಲು ಬಹುಭಾಷಾ ಪ್ರತಿಭೆಯನ್ನು ಹೊಂದಿದ್ದಾರೆ. ಅವರ ಪರಿಣತಿಯು ನಕ್ಷತ್ರ ನಾಡಿ, ಸಂಖ್ಯಾಶಾಸ್ತ್ರ ಮತ್ತು ವೈದಿಕ ಜ್ಯೋತಿಷ್ಯದಲ್ಲಿ ಡಾಕ್ಟರೇಟ್ ಸೇರಿದಂತೆ ಜ್ಯೋತಿಷ್ಯ ವಿಭಾಗಗಳ ವ್ಯಾಪಕ ಶ್ರೇಣಿಯನ್ನು ವ್ಯಾಪಿಸಿದೆ. ಸವಿತಾ ಅವರ ಕೌಶಲ್ಯಗಳು ಕ್ರಿಸ್ಟಲ್ ಮತ್ತು ವಾಸ್ತು ಸಮಾಲೋಚನೆಗೆ ವಿಸ್ತರಿಸುತ್ತವೆ. ಜ್ಯೋತಿಷ್ಯ ಜಗತ್ತಿನಲ್ಲಿ, ಸವಿತಾ ಜೈಮಿನಿ, ವರ್ಷಪಾಲ, ಪ್ರಶ್ನೆಶಾಸ್ತ್ರ, ಪರಾಶರ, ಯೋಗಗಳು, ಭೃಗುನಂದಿ ನಾಡಿ, ತಾರಾ ದಶಾ ಬಲ, ಕೌರೀಸ್ ಶಾಸ್ತ್ರ, ಮತ್ತು ಮುಹೂರ್ತಗಳನ್ನು ಚೆನ್ನಾಗಿ ತಿಳಿದಿದ್ದಾಳೆ. ಹೊಂದಾಣಿಕೆಯ ತಯಾರಿಕೆಯಲ್ಲಿ ಅವರ ಪ್ರತಿಭೆಯು ವ್ಯಕ್ತಿಗಳಿಗೆ ಸಾಮರಸ್ಯದ ಒಡನಾಟವನ್ನು ಕಂಡುಕೊಳ್ಳಲು ಸಹಾಯ ಮಾಡುತ್ತದೆ. ತನ್ನ ಬೆರಳ ತುದಿಯಲ್ಲಿ ಜ್ಞಾನದ ಸಂಪತ್ತು ಮತ್ತು ಇತರರಿಗೆ ಸಹಾಯ ಮಾಡುವ ಉತ್ಸಾಹದಿಂದ, ಜ್ಯೋತಿಷಿ ಸವಿತಾ ನಿಮ್ಮ ಭವಿಷ್ಯವನ್ನು ರೂಪಿಸುವ ಆಕಾಶ ಶಕ್ತಿಗಳನ್ನು ಅರ್ಥಮಾಡಿಕೊಳ್ಳಲು ನಿಮ್ಮ ವಿಶ್ವಾಸಾರ್ಹ ಮಾರ್ಗದರ್ಶಕರಾಗಿದ್ದಾರೆ.","
Meet Astrologer Dr. Savitha, a renowned expert in the mystical realms of astrology and beyond. With a team of 300 dedicated consultants at her disposal, she possesses a polyglot's talent for connecting with people from diverse backgrounds. Her expertise spans a wide spectrum of astrological disciplines, including Nakshatra Nadi, Numerology, and a doctorate in Vedic astrology. Savitha's skills extend to Crystal and Vastu consultation. In the world of astrology, Savitha is well-versed in Jaimini, Varshapala, Prashnashastra, Parashara, Yogas, Bhrigunandi Nadi, Tara Dasa Bala, Cowries Shastra, and Muhurtha. Her talent for match-making helps individuals find harmonious companionship. With a wealth of knowledge at her fingertips and a passion for helping others, Astrologer Savitha is your trusted guide to understanding the celestial forces that shape your destiny."
SHILPA C.,38,25.08.1985,FEMALE,9483136658,9110891609,dhanalakshmiind@gmail.com,"Banahalli(V),Kaiwara(P) ,Chintamani-563128",287753724277,BYMPS4720C,1,,"Kannada, English, Telugu","Vedic, Nakshatranadi, Numerology, Crystal, Vastu, Reiki",,SBI098989887,SBI,SBIM67878,XYZZZZ,ShilpaC,ShilpaC,ShilpaC,ShilpaC,ಶಿಲ್ಪಾ ಸಿ ,ShilpaC,"
Introducing the versatile and highly acclaimed Astrologer Shilpa, a luminary in the realm of celestial wisdom and holistic well-being. With a clientele exceeding 250 individuals, Shilpa has established herself as a trusted guide in astrology. What sets Shilpa apart is her remarkable ability to communicate fluently in multiple languages, bridging cultures and continents to make her profound insights accessible to a global audience. Shilpa's expertise spans a wide spectrum of esoteric disciplines, with a mastery in Nakshatra Nadi and Vedic Astrology,  Agnihotra and Mundane Astrology, unraveling the truth that connect us to the cosmos. She is a holistic healer, offering Reiki classes and crystal healing, creating harmony between the physical and spiritual realms. Her proficiency in Vastu and Prashnashastra lends her insights into creating sacred spaces and answering life's pressing questions. Whether it's Parashara, Yogas, Numerology, or Bhrigunandi Nadi, Shilpa's knowledge is vast and her intuition profound. She is renowned for her expertise in match-making, bringing hearts and souls together in cosmic alignment. An adept homemaker whose celestial interests shine brightly in astrology's realm. Step into the world of Astrologer Shilpa and embark on a journey of self-discovery and enlightenment.","
Introducing the versatile and highly acclaimed Astrologer Shilpa, a luminary in the realm of celestial wisdom and holistic well-being. With a clientele exceeding 250 individuals, Shilpa has established herself as a trusted guide in astrology. What sets Shilpa apart is her remarkable ability to communicate fluently in multiple languages, bridging cultures and continents to make her profound insights accessible to a global audience. Shilpa's expertise spans a wide spectrum of esoteric disciplines, with a mastery in Nakshatra Nadi and Vedic Astrology,  Agnihotra and Mundane Astrology, unraveling the truth that connect us to the cosmos. She is a holistic healer, offering Reiki classes and crystal healing, creating harmony between the physical and spiritual realms. Her proficiency in Vastu and Prashnashastra lends her insights into creating sacred spaces and answering life's pressing questions. Whether it's Parashara, Yogas, Numerology, or Bhrigunandi Nadi, Shilpa's knowledge is vast and her intuition profound. She is renowned for her expertise in match-making, bringing hearts and souls together in cosmic alignment. An adept homemaker whose celestial interests shine brightly in astrology's realm. Step into the world of Astrologer Shilpa and embark on a journey of self-discovery and enlightenment.","
Introducing the versatile and highly acclaimed Astrologer Shilpa, a luminary in the realm of celestial wisdom and holistic well-being. With a clientele exceeding 250 individuals, Shilpa has established herself as a trusted guide in astrology. What sets Shilpa apart is her remarkable ability to communicate fluently in multiple languages, bridging cultures and continents to make her profound insights accessible to a global audience. Shilpa's expertise spans a wide spectrum of esoteric disciplines, with a mastery in Nakshatra Nadi and Vedic Astrology,  Agnihotra and Mundane Astrology, unraveling the truth that connect us to the cosmos. She is a holistic healer, offering Reiki classes and crystal healing, creating harmony between the physical and spiritual realms. Her proficiency in Vastu and Prashnashastra lends her insights into creating sacred spaces and answering life's pressing questions. Whether it's Parashara, Yogas, Numerology, or Bhrigunandi Nadi, Shilpa's knowledge is vast and her intuition profound. She is renowned for her expertise in match-making, bringing hearts and souls together in cosmic alignment. An adept homemaker whose celestial interests shine brightly in astrology's realm. Step into the world of Astrologer Shilpa and embark on a journey of self-discovery and enlightenment.","
Introducing the versatile and highly acclaimed Astrologer Shilpa, a luminary in the realm of celestial wisdom and holistic well-being. With a clientele exceeding 250 individuals, Shilpa has established herself as a trusted guide in astrology. What sets Shilpa apart is her remarkable ability to communicate fluently in multiple languages, bridging cultures and continents to make her profound insights accessible to a global audience. Shilpa's expertise spans a wide spectrum of esoteric disciplines, with a mastery in Nakshatra Nadi and Vedic Astrology,  Agnihotra and Mundane Astrology, unraveling the truth that connect us to the cosmos. She is a holistic healer, offering Reiki classes and crystal healing, creating harmony between the physical and spiritual realms. Her proficiency in Vastu and Prashnashastra lends her insights into creating sacred spaces and answering life's pressing questions. Whether it's Parashara, Yogas, Numerology, or Bhrigunandi Nadi, Shilpa's knowledge is vast and her intuition profound. She is renowned for her expertise in match-making, bringing hearts and souls together in cosmic alignment. An adept homemaker whose celestial interests shine brightly in astrology's realm. Step into the world of Astrologer Shilpa and embark on a journey of self-discovery and enlightenment.","ಬಹುಮುಖ ಮತ್ತು ಹೆಚ್ಚು ಮೆಚ್ಚುಗೆ ಪಡೆದ ಜ್ಯೋತಿಷಿ ಶಿಲ್ಪಾ ಅವರನ್ನು ಪರಿಚಯಿಸುತ್ತಿದ್ದೇವೆ, ಆಕಾಶ ಬುದ್ಧಿವಂತಿಕೆ ಮತ್ತು ಸಮಗ್ರ ಯೋಗಕ್ಷೇಮದ ಕ್ಷೇತ್ರದಲ್ಲಿ ಪ್ರಕಾಶಕ. 250 ವ್ಯಕ್ತಿಗಳನ್ನು ಮೀರಿದ ಗ್ರಾಹಕರೊಂದಿಗೆ, ಶಿಲ್ಪಾ ಅವರು ಜ್ಯೋತಿಷ್ಯದಲ್ಲಿ ವಿಶ್ವಾಸಾರ್ಹ ಮಾರ್ಗದರ್ಶಿಯಾಗಿ ತಮ್ಮನ್ನು ತಾವು ಸ್ಥಾಪಿಸಿಕೊಂಡಿದ್ದಾರೆ. ಅನೇಕ ಭಾಷೆಗಳಲ್ಲಿ ನಿರರ್ಗಳವಾಗಿ ಸಂವಹನ ಮಾಡುವ ಅವರ ಗಮನಾರ್ಹ ಸಾಮರ್ಥ್ಯ, ಸಂಸ್ಕೃತಿಗಳು ಮತ್ತು ಖಂಡಗಳ ಸೇತುವೆಯನ್ನು ಜಾಗತಿಕ ಪ್ರೇಕ್ಷಕರಿಗೆ ತನ್ನ ಆಳವಾದ ಒಳನೋಟಗಳನ್ನು ಪ್ರವೇಶಿಸುವಂತೆ ಮಾಡಲು ಶಿಲ್ಪಾ ಅವರನ್ನು ಪ್ರತ್ಯೇಕಿಸುತ್ತದೆ. ಶಿಲ್ಪಾ ಅವರ ಪರಿಣತಿಯು ನಕ್ಷತ್ರ ನಾಡಿ ಮತ್ತು ವೈದಿಕ ಜ್ಯೋತಿಷ್ಯ, ಅಗ್ನಿಹೋತ್ರ ಮತ್ತು ಪ್ರಾಪಂಚಿಕ ಜ್ಯೋತಿಷ್ಯದಲ್ಲಿ ಪಾಂಡಿತ್ಯದೊಂದಿಗೆ ನಿಗೂಢ ವಿಭಾಗಗಳ ವ್ಯಾಪಕ ಶ್ರೇಣಿಯನ್ನು ವ್ಯಾಪಿಸಿದೆ, ನಮ್ಮನ್ನು ಬ್ರಹ್ಮಾಂಡಕ್ಕೆ ಸಂಪರ್ಕಿಸುವ ಸತ್ಯವನ್ನು ಬಿಚ್ಚಿಡುತ್ತದೆ. ಅವರು ಸಮಗ್ರ ವೈದ್ಯರಾಗಿದ್ದಾರೆ, ರೇಖಿ ತರಗತಿಗಳು ಮತ್ತು ಕ್ರಿಸ್ಟಲ್ ಚಿಕಿತ್ಸೆ ನೀಡುತ್ತಿದ್ದಾರೆ, ಭೌತಿಕ ಮತ್ತು ಆಧ್ಯಾತ್ಮಿಕ ಕ್ಷೇತ್ರಗಳ ನಡುವೆ ಸಾಮರಸ್ಯವನ್ನು ಸೃಷ್ಟಿಸುತ್ತಾರೆ. ವಾಸ್ತು ಮತ್ತು ಪ್ರಶ್ನೆಶಾಸ್ತ್ರದಲ್ಲಿನ ಅವರ ಪ್ರಾವೀಣ್ಯತೆಯು ಪವಿತ್ರ ಸ್ಥಳಗಳನ್ನು ರಚಿಸಲು ಮತ್ತು ಜೀವನದ ಒತ್ತುವ ಪ್ರಶ್ನೆಗಳಿಗೆ ಉತ್ತರಿಸಲು ಅವರ ಒಳನೋಟಗಳನ್ನು ನೀಡುತ್ತದೆ. ಅದು ಪರಾಶರ, ಯೋಗಗಳು, ಸಂಖ್ಯಾಶಾಸ್ತ್ರ, ಅಥವಾ ಭೃಗುನಂದಿ ನಾಡಿಯಾಗಿರಲಿ, ಶಿಲ್ಪಾಳ ಜ್ಞಾನವು ಅಪಾರವಾಗಿದೆ ಮತ್ತು ಅವರ ಅಂತಃಪ್ರಜ್ಞೆಯು ಆಳವಾಗಿದೆ. ಕಾಸ್ಮಿಕ್ ಜೋಡಣೆಯಲ್ಲಿ ಹೃದಯಗಳು ಮತ್ತು ಆತ್ಮಗಳನ್ನು ಒಟ್ಟಿಗೆ ತರುವುದು, ಮ್ಯಾಚ್-ಮೇಕಿಂಗ್‌ನಲ್ಲಿ ತನ್ನ ಪರಿಣತಿಗಾಗಿ ಅವರು ಹೆಸರುವಾಸಿಯಾಗಿದ್ದಾಳೆ. ಒಬ್ಬ ಪ್ರವೀಣ ಗೃಹಿಣಿ, ಅವರ ಸ್ವರ್ಗೀಯ ಆಸಕ್ತಿಗಳು ಜ್ಯೋತಿಷ್ಯದ ಕ್ಷೇತ್ರದಲ್ಲಿ ಪ್ರಕಾಶಮಾನವಾಗಿ ಹೊಳೆಯುತ್ತವೆ. ಜ್ಯೋತಿಷಿ ಶಿಲ್ಪಾ ಜಗತ್ತಿಗೆ ಹೆಜ್ಜೆ ಹಾಕಿ ಮತ್ತು ಸ್ವಯಂ ಅನ್ವೇಷಣೆ ಮತ್ತು ಜ್ಞಾನೋದಯದ ಪ್ರಯಾಣವನ್ನು ಪ್ರಾರಂಭಿಸಿ.","
Introducing the versatile and highly acclaimed Astrologer Shilpa, a luminary in the realm of celestial wisdom and holistic well-being. With a clientele exceeding 250 individuals, Shilpa has established herself as a trusted guide in astrology. What sets Shilpa apart is her remarkable ability to communicate fluently in multiple languages, bridging cultures and continents to make her profound insights accessible to a global audience. Shilpa's expertise spans a wide spectrum of esoteric disciplines, with a mastery in Nakshatra Nadi and Vedic Astrology,  Agnihotra and Mundane Astrology, unraveling the truth that connect us to the cosmos. She is a holistic healer, offering Reiki classes and crystal healing, creating harmony between the physical and spiritual realms. Her proficiency in Vastu and Prashnashastra lends her insights into creating sacred spaces and answering life's pressing questions. Whether it's Parashara, Yogas, Numerology, or Bhrigunandi Nadi, Shilpa's knowledge is vast and her intuition profound. She is renowned for her expertise in match-making, bringing hearts and souls together in cosmic alignment. An adept homemaker whose celestial interests shine brightly in astrology's realm. Step into the world of Astrologer Shilpa and embark on a journey of self-discovery and enlightenment."
 B.S. GHOPINANDHAA,62,17.01.1961,MALE,8951361157,9900936095,KARPAAD1961@gmail.com,"#131,6th cross,Royal hermitage,BG road, bangalore-560083",9301673222660,AIGPB1942A,3,150,"Hindi, Kannada, English, Tamil, Telugu"," Nakshatranadi, Crystal, Vastu, Reiki",,SBI098989887,SBI,SBIM67878,XYZZZZ,GhopinandhaaBS,GhopinandhaaBS,GhopinandhaaBS,GhopinandhaaBS,ಗೋಪಾನಂದ ಬಿ ಎಸ್,GhopinandhaaBS,"
Introducing Ghopinandhaa, a remarkable individual whose multifaceted talents and deep spiritual insight make him a true luminary in the world of astrology and holistic well-being. Ghopinandhaa is not just an astrologer but a multilingual virtuoso with a profound grasp of mathematics and science, and he employs this knowledge as a dedicated tutor. Ghopinandhaa's expertise extends to the realms of Basic Nakshatranadi, where he interprets the celestial constellations to unlock the mysteries of destiny. His mastery in Reiki and Crystal Healing empowers him to guide individuals on their path to inner peace and physical well-being. As a Medhini Jyotishya practitioner, he harnesses the ancient wisdom of astrology to illuminate the intricacies of human existence. Furthermore, Ghopinandhaa is a Vastu Acharya, an authority in the art of harmonizing living spaces with the energies of the cosmos. His knowledge also encompasses Advanced Astrology, where he delves into the most intricate aspects of cosmic influence on human life. With a unique blend of academic rigor and esoteric wisdom, Ghopinandhaa is a beacon of enlightenment and a trusted guide for those seeking a deeper understanding of themselves and the universe.","
Introducing Ghopinandhaa, a remarkable individual whose multifaceted talents and deep spiritual insight make him a true luminary in the world of astrology and holistic well-being. Ghopinandhaa is not just an astrologer but a multilingual virtuoso with a profound grasp of mathematics and science, and he employs this knowledge as a dedicated tutor. Ghopinandhaa's expertise extends to the realms of Basic Nakshatranadi, where he interprets the celestial constellations to unlock the mysteries of destiny. His mastery in Rekhi and Crystal Healing empowers him to guide individuals on their path to inner peace and physical well-being. As a Medhini Jyotishya practitioner, he harnesses the ancient wisdom of astrology to illuminate the intricacies of human existence. Furthermore, Ghopinandhaa is a Vastu Acharya, an authority in the art of harmonizing living spaces with the energies of the cosmos. His knowledge also encompasses Advanced Astrology, where he delves into the most intricate aspects of cosmic influence on human life. With a unique blend of academic rigor and esoteric wisdom, Ghopinandhaa is a beacon of enlightenment and a trusted guide for those seeking a deeper understanding of themselves and the universe.","
Introducing Ghopinandhaa, a remarkable individual whose multifaceted talents and deep spiritual insight make him a true luminary in the world of astrology and holistic well-being. Ghopinandhaa is not just an astrologer but a multilingual virtuoso with a profound grasp of mathematics and science, and he employs this knowledge as a dedicated tutor. Ghopinandhaa's expertise extends to the realms of Basic Nakshatranadi, where he interprets the celestial constellations to unlock the mysteries of destiny. His mastery in Rekhi and Crystal Healing empowers him to guide individuals on their path to inner peace and physical well-being. As a Medhini Jyotishya practitioner, he harnesses the ancient wisdom of astrology to illuminate the intricacies of human existence. Furthermore, Ghopinandhaa is a Vastu Acharya, an authority in the art of harmonizing living spaces with the energies of the cosmos. His knowledge also encompasses Advanced Astrology, where he delves into the most intricate aspects of cosmic influence on human life. With a unique blend of academic rigor and esoteric wisdom, Ghopinandhaa is a beacon of enlightenment and a trusted guide for those seeking a deeper understanding of themselves and the universe.","
Introducing Ghopinandhaa, a remarkable individual whose multifaceted talents and deep spiritual insight make him a true luminary in the world of astrology and holistic well-being. Ghopinandhaa is not just an astrologer but a multilingual virtuoso with a profound grasp of mathematics and science, and he employs this knowledge as a dedicated tutor. Ghopinandhaa's expertise extends to the realms of Basic Nakshatranadi, where he interprets the celestial constellations to unlock the mysteries of destiny. His mastery in Rekhi and Crystal Healing empowers him to guide individuals on their path to inner peace and physical well-being. As a Medhini Jyotishya practitioner, he harnesses the ancient wisdom of astrology to illuminate the intricacies of human existence. Furthermore, Ghopinandhaa is a Vastu Acharya, an authority in the art of harmonizing living spaces with the energies of the cosmos. His knowledge also encompasses Advanced Astrology, where he delves into the most intricate aspects of cosmic influence on human life. With a unique blend of academic rigor and esoteric wisdom, Ghopinandhaa is a beacon of enlightenment and a trusted guide for those seeking a deeper understanding of themselves and the universe.","ಬಹುಮುಖ ಪ್ರತಿಭೆಗಳು ಮತ್ತು ಆಳವಾದ ಆಧ್ಯಾತ್ಮಿಕ ಒಳನೋಟವು ಅವರನ್ನು ಜ್ಯೋತಿಷ್ಯ ಮತ್ತು ಸಮಗ್ರ ಯೋಗಕ್ಷೇಮದಲ್ಲಿ ನಿಜವಾದ ಪ್ರಕಾಶಕನನ್ನಾಗಿ ಮಾಡುವ ಗಮನಾರ್ಹ ವ್ಯಕ್ತಿಯಾದ ಗೋಪಿನಂದರನ್ನು ಪರಿಚಯಿಸಲಾಗುತ್ತಿದೆ. ಗೋಪಾನಂದರು ಕೇವಲ ಜ್ಯೋತಿಷಿಯಲ್ಲ, ಗಣಿತ ಮತ್ತು ವಿಜ್ಞಾನದ ಆಳವಾದ ಹಿಡಿತವನ್ನು ಹೊಂದಿರುವ ಬಹುಭಾಷಾ ಕಲಾತ್ಮಕರಾಗಿದ್ದಾರೆ ಮತ್ತು ಅವರು ಈ ಜ್ಞಾನವನ್ನು ಸಮರ್ಪಿತ ಬೋಧಕರಾಗಿ ಬಳಸುತ್ತಾರೆ. ಗೋಪಿನಂದನ ಪರಿಣತಿಯು ಮೂಲ ನಕ್ಷತ್ರನಾಡಿ ಕ್ಷೇತ್ರಗಳಿಗೆ ವಿಸ್ತರಿಸುತ್ತದೆ, ಅಲ್ಲಿ ಅವರು ವಿಧಿಯ ರಹಸ್ಯಗಳನ್ನು ಅನ್ಲಾಕ್ ಮಾಡಲು ಆಕಾಶ ನಕ್ಷತ್ರಪುಂಜಗಳನ್ನು ಅರ್ಥೈಸುತ್ತಾರೆ. ರೇಖಿ ಮತ್ತು ಕ್ರಿಸ್ಟಲ್ ಹೀಲಿಂಗ್‌ನಲ್ಲಿ ಅವರ ಪಾಂಡಿತ್ಯವು ಆಂತರಿಕ ಶಾಂತಿ ಮತ್ತು ದೈಹಿಕ ಯೋಗಕ್ಷೇಮದ ಹಾದಿಯಲ್ಲಿ ವ್ಯಕ್ತಿಗಳನ್ನು ಮಾರ್ಗದರ್ಶನ ಮಾಡಲು ಅವರಿಗೆ ಅಧಿಕಾರ ನೀಡುತ್ತದೆ. ಮೇಧಿನಿ ಜ್ಯೋತಿಷ್ಯ ಅಭ್ಯಾಸಿಯಾಗಿ, ಅವರು ಮಾನವ ಅಸ್ತಿತ್ವದ ಜಟಿಲತೆಗಳನ್ನು ಬೆಳಗಿಸಲು ಜ್ಯೋತಿಷ್ಯದ ಪ್ರಾಚೀನ ಬುದ್ಧಿವಂತಿಕೆಯನ್ನು ಬಳಸುತ್ತಾರೆ. ಇದಲ್ಲದೆ, ಗೋಪಿನಂದರು ವಾಸ್ತು ಆಚಾರ್ಯರಾಗಿದ್ದಾರೆ, ಅವರು ವಾಸಿಸುವ ಸ್ಥಳಗಳನ್ನು ಬ್ರಹ್ಮಾಂಡದ ಶಕ್ತಿಗಳೊಂದಿಗೆ ಸಮನ್ವಯಗೊಳಿಸುವ ಕಲೆಯಲ್ಲಿ ಅಧಿಕಾರ ಹೊಂದಿದ್ದಾರೆ. ಅವರ ಜ್ಞಾನವು ಸುಧಾರಿತ ಜ್ಯೋತಿಷ್ಯವನ್ನು ಒಳಗೊಳ್ಳುತ್ತದೆ, ಅಲ್ಲಿ ಅವರು ಮಾನವ ಜೀವನದ ಮೇಲೆ ಕಾಸ್ಮಿಕ್ ಪ್ರಭಾವದ ಅತ್ಯಂತ ಸಂಕೀರ್ಣವಾದ ಅಂಶಗಳನ್ನು ಪರಿಶೀಲಿಸುತ್ತಾರೆ. ಶೈಕ್ಷಣಿಕ ಕಠಿಣತೆ ಮತ್ತು ನಿಗೂಢ ಬುದ್ಧಿವಂತಿಕೆಯ ವಿಶಿಷ್ಟ ಮಿಶ್ರಣದೊಂದಿಗೆ, ಗೋಪಿನಂದರು ಜ್ಞಾನೋದಯದ ದಾರಿದೀಪ ಮತ್ತು ತಮ್ಮನ್ನು ಮತ್ತು ಬ್ರಹ್ಮಾಂಡದ ಬಗ್ಗೆ ಆಳವಾದ ತಿಳುವಳಿಕೆಯನ್ನು ಬಯಸುವವರಿಗೆ ವಿಶ್ವಾಸಾರ್ಹ ಮಾರ್ಗದರ್ಶಿಯಾಗಿದ್ದಾರೆ.","
Introducing Ghopinandhaa, a remarkable individual whose multifaceted talents and deep spiritual insight make him a true luminary in the world of astrology and holistic well-being. Ghopinandhaa is not just an astrologer but a multilingual virtuoso with a profound grasp of mathematics and science, and he employs this knowledge as a dedicated tutor. Ghopinandhaa's expertise extends to the realms of Basic Nakshatranadi, where he interprets the celestial constellations to unlock the mysteries of destiny. His mastery in Rekhi and Crystal Healing empowers him to guide individuals on their path to inner peace and physical well-being. As a Medhini Jyotishya practitioner, he harnesses the ancient wisdom of astrology to illuminate the intricacies of human existence. Furthermore, Ghopinandhaa is a Vastu Acharya, an authority in the art of harmonizing living spaces with the energies of the cosmos. His knowledge also encompasses Advanced Astrology, where he delves into the most intricate aspects of cosmic influence on human life. With a unique blend of academic rigor and esoteric wisdom, Ghopinandhaa is a beacon of enlightenment and a trusted guide for those seeking a deeper understanding of themselves and the universe."
SWETHA B. P.,36,04.01.1987,FEMALE,9844648144,9113648177,bpdrswetha@gmail.com,"#19, 17th cross,4th stage,4th block,Basaveshwaranagara, Bangalore-560079.",643617194345,IUSPS9383E,2,25,"Hindi, Telugu, Kannada, English","Vedic, Nakshatranadi, Numerology, Tarot, Psychic, Crystal, Vastu",,SBI098989887,SBI,SBIM67878,XYZZZZ,Dr. SwethaBP,Dr. SwethaBP,Dr. SwethaBP,Dr. SwethaBP,ಡಾ.ಶ್ವೇತಾ ಬಿಪಿ ,Dr. SwethaBP,"Introducing Dr. Swetha, a multifaceted luminary in the world of astrology. Beyond her distinguished career as a doctor, Dr. Swetha has immersed herself in the depths of astrological knowledge, emerging as a renowned expert in the field. Her linguistic prowess allows her to bridge cultural divides, making her a multilingual beacon of wisdom. Dr. Swetha's mastery extends across a diverse spectrum of astrological systems, including the Gold Nadi System, Advanced Gold Nadi, Tarabalam, Prashnashastra, Parashara, Matchmaking, Bhrigunandi Nadi, Watch Technique, Panchapakshi Shastra, Astaka Varga, NakshatraNadi Yearly Predictions, Yogaphala, Numerology, Master's Vastu, Jaimini, and Varshapala. With an astute understanding of these various astrological methodologies, Dr. Swetha possesses the unique ability to unravel the intricate threads of destiny, illuminating the path for those who seek her guidance. ","Introducing Dr. Swetha, a multifaceted luminary in the world of astrology. Beyond her distinguished career as a doctor, Dr. Swetha has immersed herself in the depths of astrological knowledge, emerging as a renowned expert in the field. Her linguistic prowess allows her to bridge cultural divides, making her a multilingual beacon of wisdom. Dr. Swetha's mastery extends across a diverse spectrum of astrological systems, including the Gold Nadi System, Advanced Gold Nadi, Tarabalam, Prashnashastra, Parashara, Matchmaking, Bhrigunandi Nadi, Watch Technique, Panchapakshi Shastra, Astaka Varga, NakshatraNadi Yearly Predictions, Yogaphala, Numerology, Master's Vastu, Jaimini, and Varshapala. With an astute understanding of these various astrological methodologies, Dr. Swetha possesses the unique ability to unravel the intricate threads of destiny, illuminating the path for those who seek her guidance. ","Introducing Dr. Swetha, a multifaceted luminary in the world of astrology. Beyond her distinguished career as a doctor, Dr. Swetha has immersed herself in the depths of astrological knowledge, emerging as a renowned expert in the field. Her linguistic prowess allows her to bridge cultural divides, making her a multilingual beacon of wisdom. Dr. Swetha's mastery extends across a diverse spectrum of astrological systems, including the Gold Nadi System, Advanced Gold Nadi, Tarabalam, Prashnashastra, Parashara, Matchmaking, Bhrigunandi Nadi, Watch Technique, Panchapakshi Shastra, Astaka Varga, NakshatraNadi Yearly Predictions, Yogaphala, Numerology, Master's Vastu, Jaimini, and Varshapala. With an astute understanding of these various astrological methodologies, Dr. Swetha possesses the unique ability to unravel the intricate threads of destiny, illuminating the path for those who seek her guidance. ","Introducing Dr. Swetha, a multifaceted luminary in the world of astrology. Beyond her distinguished career as a doctor, Dr. Swetha has immersed herself in the depths of astrological knowledge, emerging as a renowned expert in the field. Her linguistic prowess allows her to bridge cultural divides, making her a multilingual beacon of wisdom. Dr. Swetha's mastery extends across a diverse spectrum of astrological systems, including the Gold Nadi System, Advanced Gold Nadi, Tarabalam, Prashnashastra, Parashara, Matchmaking, Bhrigunandi Nadi, Watch Technique, Panchapakshi Shastra, Astaka Varga, NakshatraNadi Yearly Predictions, Yogaphala, Numerology, Master's Vastu, Jaimini, and Varshapala. With an astute understanding of these various astrological methodologies, Dr. Swetha possesses the unique ability to unravel the intricate threads of destiny, illuminating the path for those who seek her guidance. ","ಜ್ಯೋತಿಷ್ಯ ಲೋಕದ ಬಹುಮುಖಿ ದಿಗ್ಗಜ ಡಾ.ಶ್ವೇತಾ ಅವರನ್ನು ಪರಿಚಯಿಸುತ್ತಿದ್ದೇವೆ. ಡಾ. ಶ್ವೇತಾ ಅವರು ವೈದ್ಯರಾಗಿ ತಮ್ಮ ವಿಶಿಷ್ಟ ವೃತ್ತಿಜೀವನವನ್ನು ಮೀರಿ, ಜ್ಯೋತಿಷ್ಯ ಜ್ಞಾನದ ಆಳದಲ್ಲಿ ತಮ್ಮನ್ನು ತಾವು ತೊಡಗಿಸಿಕೊಂಡಿದ್ದಾರೆ, ಕ್ಷೇತ್ರದಲ್ಲಿ ಹೆಸರಾಂತ ಪರಿಣತರಾಗಿ ಹೊರಹೊಮ್ಮಿದ್ದಾರೆ. ಅವರ ಭಾಷಿಕ ಪರಾಕ್ರಮವು ಅವರನ್ನು ಸಾಂಸ್ಕೃತಿಕ ವಿಭಜನೆಗಳನ್ನು ನಿವಾರಿಸಲು ಅನುವು ಮಾಡಿಕೊಡುತ್ತದೆ, ಅವರನ್ನು ಬುದ್ಧಿವಂತಿಕೆಯ ಬಹುಭಾಷಾ ದಾರಿದೀಪವಾಗಿಸುತ್ತದೆ. ಡಾ. ಶ್ವೇತಾ ಅವರ ಪಾಂಡಿತ್ಯವು ಚಿನ್ನದ ನಾಡಿ ವ್ಯವಸ್ಥೆ, ಸುಧಾರಿತ ಚಿನ್ನದ ನಾಡಿ, ತಾರಾಬಲಮ್, ಪ್ರಶ್ನೆಶಾಸ್ತ್ರ, ಪರಾಶರ, ಹೊಂದಾಣಿಕೆ, ಭೃಗುನಂದಿ ನಾಡಿ, ವಾಚ್ ಟೆಕ್ನಿಕ್, ಪಂಚಪಕ್ಷಿ ಶಾಸ್ತ್ರ, ಅಸ್ತಕ ವರ್ಗ, ನಕ್ಷತ್ರ, ಸಂಖ್ಯಾಶಾಸ್ತ್ರ, ಸಂಖ್ಯಾಶಾಸ್ತ್ರ, ಸಂಖ್ಯಾಶಾಸ್ತ್ರ, ಸಂಖ್ಯಾಶಾಸ್ತ್ರ, ಸಂಖ್ಯಾಶಾಸ್ತ್ರ, ಸಂಖ್ಯಾಶಾಸ್ತ್ರದ ಮುನ್ಸೂಚನೆಗಳು , ಗುರುವಿನ ವಾಸ್ತು, ಜೈಮಿನಿ, ಮತ್ತು ವರ್ಷಪಾಲ. ಈ ವಿವಿಧ ಜ್ಯೋತಿಷ್ಯ ವಿಧಾನಗಳ ಸೂಕ್ಷ್ಮವಾದ ತಿಳುವಳಿಕೆಯೊಂದಿಗೆ, ಡಾ. ಶ್ವೇತಾ ಅವರು ವಿಧಿಯ ಸಂಕೀರ್ಣ ಎಳೆಗಳನ್ನು ಬಿಚ್ಚಿಡುವ ಅನನ್ಯ ಸಾಮರ್ಥ್ಯವನ್ನು ಹೊಂದಿದ್ದಾರೆ, ಅವರ ಮಾರ್ಗದರ್ಶನವನ್ನು ಬಯಸುವವರಿಗೆ ಮಾರ್ಗವನ್ನು ಬೆಳಗಿಸುತ್ತಾರೆ.","Introducing Dr. Swetha, a multifaceted luminary in the world of astrology. Beyond her distinguished career as a doctor, Dr. Swetha has immersed herself in the depths of astrological knowledge, emerging as a renowned expert in the field. Her linguistic prowess allows her to bridge cultural divides, making her a multilingual beacon of wisdom. Dr. Swetha's mastery extends across a diverse spectrum of astrological systems, including the Gold Nadi System, Advanced Gold Nadi, Tarabalam, Prashnashastra, Parashara, Matchmaking, Bhrigunandi Nadi, Watch Technique, Panchapakshi Shastra, Astaka Varga, NakshatraNadi Yearly Predictions, Yogaphala, Numerology, Master's Vastu, Jaimini, and Varshapala. With an astute understanding of these various astrological methodologies, Dr. Swetha possesses the unique ability to unravel the intricate threads of destiny, illuminating the path for those who seek her guidance. "
PRABHULING B. SWAMY HIREMATH,39,28.07.1984,MALE,9164910115,,saptajithiremath@gmail.com,kaplapur(A) Tq-dist Bidar-585402,569833609250,DKAAP8236C,5,,"Hindi, Kannada","Nakshatranadi, Numerology, Vastu",,SBI098989887,SBI,SBIM67878,XYZZZZ,Dr.PBHiremath,Dr.PBHiremath,Dr.PBHiremath,Dr.PBHiremath,ಡಾ. ಪಿ ಬಿ ಪ್ರಭುಲಿಂಗ್ ,Dr.PBHiremath,"Introducing Dr. Prabhuling, a renowned Astrologer whose expertise transcends conventional boundaries, delving into the profound depths of NakshatraNadi, Numerology, and Vastu. With a Ph.D. in Vedic Astrology, he stands as a beacon of knowledge and enlightenment in the cosmic sciences. Dr. Prabhuling's journey into the mystical world of astrology began with an insatiable curiosity, and over the years, he has honed his skills to a level of mastery that is both rare and awe-inspiring. His specialization in NakshatraNadi, a complex and intricate aspect of astrology, sets him apart as a true luminary in the field. Dr. Prabhuling's profound understanding of Numerology allows him to decipher the hidden codes of the universe, offering profound insights into the lives and destinies of those who seek his guidance. Moreover, his expertise in Vastu, the science of harmonious living spaces, has transformed countless lives by creating environments that resonate with cosmic energies. Dr. Prabhuling's unparalleled knowledge and compassionate guidance have touched the lives of many, making him a revered figure in the world of astrology and holistic well-being.","Introducing Dr. Prabhuling, a renowned Astrologer whose expertise transcends conventional boundaries, delving into the profound depths of NakshatraNadi, Numerology, and Vastu. With a Ph.D. in Vedic Astrology, he stands as a beacon of knowledge and enlightenment in the cosmic sciences. Dr. Prabhuling's journey into the mystical world of astrology began with an insatiable curiosity, and over the years, he has honed his skills to a level of mastery that is both rare and awe-inspiring. His specialization in NakshatraNadi, a complex and intricate aspect of astrology, sets him apart as a true luminary in the field. Dr. Prabhuling's profound understanding of Numerology allows him to decipher the hidden codes of the universe, offering profound insights into the lives and destinies of those who seek his guidance. Moreover, his expertise in Vastu, the science of harmonious living spaces, has transformed countless lives by creating environments that resonate with cosmic energies. Dr. Prabhuling's unparalleled knowledge and compassionate guidance have touched the lives of many, making him a revered figure in the world of astrology and holistic well-being.","Introducing Dr. Prabhuling, a renowned Astrologer whose expertise transcends conventional boundaries, delving into the profound depths of NakshatraNadi, Numerology, and Vastu. With a Ph.D. in Vedic Astrology, he stands as a beacon of knowledge and enlightenment in the cosmic sciences. Dr. Prabhuling's journey into the mystical world of astrology began with an insatiable curiosity, and over the years, he has honed his skills to a level of mastery that is both rare and awe-inspiring. His specialization in NakshatraNadi, a complex and intricate aspect of astrology, sets him apart as a true luminary in the field. Dr. Prabhuling's profound understanding of Numerology allows him to decipher the hidden codes of the universe, offering profound insights into the lives and destinies of those who seek his guidance. Moreover, his expertise in Vastu, the science of harmonious living spaces, has transformed countless lives by creating environments that resonate with cosmic energies. Dr. Prabhuling's unparalleled knowledge and compassionate guidance have touched the lives of many, making him a revered figure in the world of astrology and holistic well-being.","Introducing Dr. Prabhuling, a renowned Astrologer whose expertise transcends conventional boundaries, delving into the profound depths of NakshatraNadi, Numerology, and Vastu. With a Ph.D. in Vedic Astrology, he stands as a beacon of knowledge and enlightenment in the cosmic sciences. Dr. Prabhuling's journey into the mystical world of astrology began with an insatiable curiosity, and over the years, he has honed his skills to a level of mastery that is both rare and awe-inspiring. His specialization in NakshatraNadi, a complex and intricate aspect of astrology, sets him apart as a true luminary in the field. Dr. Prabhuling's profound understanding of Numerology allows him to decipher the hidden codes of the universe, offering profound insights into the lives and destinies of those who seek his guidance. Moreover, his expertise in Vastu, the science of harmonious living spaces, has transformed countless lives by creating environments that resonate with cosmic energies. Dr. Prabhuling's unparalleled knowledge and compassionate guidance have touched the lives of many, making him a revered figure in the world of astrology and holistic well-being.","ನಕ್ಷತ್ರನಾಡಿ, ಸಂಖ್ಯಾಶಾಸ್ತ್ರ, ಮತ್ತು ವಾಸ್ತುವಿನ ಆಳವಾದ ಆಳವನ್ನು ಅಧ್ಯಯನ ಮಾಡುವ, ಸಾಂಪ್ರದಾಯಿಕ ಗಡಿಗಳನ್ನು ಮೀರಿದ ಪರಿಣತಿ ಹೊಂದಿರುವ ಪ್ರಸಿದ್ಧ ಜ್ಯೋತಿಷಿ ಡಾ. ಪ್ರಭುಲಿಂಗ್ ಅವರನ್ನು ಪರಿಚಯಿಸಲಾಗುತ್ತಿದೆ. ಜೊತೆಗೆ ಪಿಎಚ್.ಡಿ. ವೈದಿಕ ಜ್ಯೋತಿಷ್ಯದಲ್ಲಿ, ಅವರು ಕಾಸ್ಮಿಕ್ ವಿಜ್ಞಾನಗಳಲ್ಲಿ ಜ್ಞಾನ ಮತ್ತು ಜ್ಞಾನೋದಯದ ದಾರಿದೀಪವಾಗಿ ನಿಂತಿದ್ದಾರೆ. ಜ್ಯೋತಿಷ್ಯದ ಅತೀಂದ್ರಿಯ ಜಗತ್ತಿಗೆ ಡಾ. ಪ್ರಭುಲಿಂಗ್ ಅವರ ಪ್ರಯಾಣವು ಇನ್ನಿಲ್ಲದ ಕುತೂಹಲದಿಂದ ಪ್ರಾರಂಭವಾಯಿತು ಮತ್ತು ವರ್ಷಗಳಲ್ಲಿ, ಅವರು ತಮ್ಮ ಕೌಶಲ್ಯಗಳನ್ನು ಅಪರೂಪದ ಮತ್ತು ವಿಸ್ಮಯಕಾರಿಯಾದ ಪಾಂಡಿತ್ಯದ ಮಟ್ಟಕ್ಕೆ ಅಭಿವೃದ್ಧಿಪಡಿಸಿದ್ದಾರೆ. ಜ್ಯೋತಿಷ್ಯದ ಸಂಕೀರ್ಣ ಮತ್ತು ಸಂಕೀರ್ಣವಾದ ಅಂಶವಾದ ನಕ್ಷತ್ರನಾಡಿಯಲ್ಲಿ ಅವರ ವಿಶೇಷತೆಯು ಅವರನ್ನು ಕ್ಷೇತ್ರದಲ್ಲಿ ನಿಜವಾದ ಪ್ರಕಾಶಕರಾಗಿ ಪ್ರತ್ಯೇಕಿಸುತ್ತದೆ. ಡಾ. ಪ್ರಭುಲಿಂಗ್ ಅವರ ಸಂಖ್ಯಾಶಾಸ್ತ್ರದ ಆಳವಾದ ತಿಳುವಳಿಕೆಯು ಬ್ರಹ್ಮಾಂಡದ ಗುಪ್ತ ಸಂಕೇತಗಳನ್ನು ಅರ್ಥಮಾಡಿಕೊಳ್ಳಲು ಅನುವು ಮಾಡಿಕೊಡುತ್ತದೆ, ಅವರ ಮಾರ್ಗದರ್ಶನವನ್ನು ಬಯಸುವವರ ಜೀವನ ಮತ್ತು ಭವಿಷ್ಯಕ್ಕಾಗಿ ಆಳವಾದ ಒಳನೋಟಗಳನ್ನು ನೀಡುತ್ತದೆ. ಇದಲ್ಲದೆ, ವಾಸ್ತುದಲ್ಲಿ ಅವರ ಪರಿಣತಿ, ಸಾಮರಸ್ಯದ ವಾಸಸ್ಥಳಗಳ ವಿಜ್ಞಾನ, ಕಾಸ್ಮಿಕ್ ಶಕ್ತಿಗಳೊಂದಿಗೆ ಪ್ರತಿಧ್ವನಿಸುವ ಪರಿಸರವನ್ನು ಸೃಷ್ಟಿಸುವ ಮೂಲಕ ಅಸಂಖ್ಯಾತ ಜೀವನವನ್ನು ಪರಿವರ್ತಿಸಿದೆ. ಡಾ.ಪ್ರಭುಲಿಂಗ್ ಅವರ ಅಪ್ರತಿಮ ಜ್ಞಾನ ಮತ್ತು ಸಹಾನುಭೂತಿಯ ಮಾರ್ಗದರ್ಶನವು ಅನೇಕರ ಜೀವನವನ್ನು ಮುಟ್ಟಿದೆ, ಅವರನ್ನು ಜ್ಯೋತಿಷ್ಯ ಮತ್ತು ಸಮಗ್ರ ಯೋಗಕ್ಷೇಮದ ಜಗತ್ತಿನಲ್ಲಿ ಗೌರವಾನ್ವಿತ ವ್ಯಕ್ತಿಯಾಗಿ ಮಾಡಿದೆ.","Introducing Dr. Prabhuling, a renowned Astrologer whose expertise transcends conventional boundaries, delving into the profound depths of NakshatraNadi, Numerology, and Vastu. With a Ph.D. in Vedic Astrology, he stands as a beacon of knowledge and enlightenment in the cosmic sciences. Dr. Prabhuling's journey into the mystical world of astrology began with an insatiable curiosity, and over the years, he has honed his skills to a level of mastery that is both rare and awe-inspiring. His specialization in NakshatraNadi, a complex and intricate aspect of astrology, sets him apart as a true luminary in the field. Dr. Prabhuling's profound understanding of Numerology allows him to decipher the hidden codes of the universe, offering profound insights into the lives and destinies of those who seek his guidance. Moreover, his expertise in Vastu, the science of harmonious living spaces, has transformed countless lives by creating environments that resonate with cosmic energies. Dr. Prabhuling's unparalleled knowledge and compassionate guidance have touched the lives of many, making him a revered figure in the world of astrology and holistic well-being."
