Name,Age,DOB,Gender,Mobile Number,Alternate Number,Email,Address,Aadhar Number,Pan Number,Experience,Consultations,Languages,Area of Expertise,Rating,Account Number,Bank,IFSC Code,Account Holder Name,Screen Name(Eng),Screen Name(Hin),Screen Name(Tam),Screen Name(Mal),Screen Name(Kan),Screen Name(Tel),Des( eng),Des( Hin),Des(Tam),Des(Mal),Des(Kan),Des( Tel)
A.R MAHALAKSHMI,43,17.08.1980,FEMALE,7996155333,7996319555,9vijaysurya@gmail.com,"166 A, 6th cross, manorayanapaly, Bangalore -560032",476807715494,,12,3200,"Hindi, Kannada, English,Tamil,Telugu","Vedic, Nakshatranadi,  Numerology, Tarot,  Palmistry, Crystal, Vastu",,SBI098989887,SBI,SBIM67878,XYZZZZ,MahalakshmiAR,MahalakshmiAR,MahalakshmiAR,MahalakshmiAR,ಮಹಾಲಕ್ಷ್ಮಿ ಎ  ಆರ್ ,MahalakshmiAR,"
Meet Mahalakshmi, a highly esteemed astrologer and spiritual guide with a profound mastery of the cosmic arts. With over 3,200 satisfied clients under her celestial wing, Mahalakshmi has emerged as a beacon of enlightenment in the world of astrology. Her remarkable multilingual proficiency ensures that she can connect with seekers from diverse backgrounds, making her a trusted counselor and teacher. Mahalakshmi's expertise spans a wide spectrum of esoteric sciences, including Nakshatranadi, Vedic Astrology, and a Master's in Numerology. She wields the power of Astakavarga, Cowries Shastra, Candle Magic, Mantra Healing, and is a Vastu Expert of unparalleled insight. Her innate gift for palmistry reveals the intricate tapestry of one's life, while her unmatched skills in match-making pave the way for harmonious unions. Mahalakshmi's journey is a testament to her dedication and commitment to helping individuals find clarity and purpose in their lives. 


","
Meet Mahalakshmi, a highly esteemed astrologer and spiritual guide with a profound mastery of the cosmic arts. With over 3,200 satisfied clients under her celestial wing, Mahalakshmi has emerged as a beacon of enlightenment in the world of astrology. Her remarkable multilingual proficiency ensures that she can connect with seekers from diverse backgrounds, making her a trusted counselor and teacher. Mahalakshmi's expertise spans a wide spectrum of esoteric sciences, including Nakshatranadi, Vedic Astrology, and a Master's in Numerology. She wields the power of Astakavarga, Cowries Shastra, Candle Magic, Mantra Healing, and is a Vastu Expert of unparalleled insight. Her innate gift for palmistry reveals the intricate tapestry of one's life, while her unmatched skills in match-making pave the way for harmonious unions. Mahalakshmi's journey is a testament to her dedication and commitment to helping individuals find clarity and purpose in their lives. 


","
Meet Mahalakshmi, a highly esteemed astrologer and spiritual guide with a profound mastery of the cosmic arts. With over 3,200 satisfied clients under her celestial wing, Mahalakshmi has emerged as a beacon of enlightenment in the world of astrology. Her remarkable multilingual proficiency ensures that she can connect with seekers from diverse backgrounds, making her a trusted counselor and teacher. Mahalakshmi's expertise spans a wide spectrum of esoteric sciences, including Nakshatranadi, Vedic Astrology, and a Master's in Numerology. She wields the power of Astakavarga, Cowries Shastra, Candle Magic, Mantra Healing, and is a Vastu Expert of unparalleled insight. Her innate gift for palmistry reveals the intricate tapestry of one's life, while her unmatched skills in match-making pave the way for harmonious unions. Mahalakshmi's journey is a testament to her dedication and commitment to helping individuals find clarity and purpose in their lives. 


","
Meet Mahalakshmi, a highly esteemed astrologer and spiritual guide with a profound mastery of the cosmic arts. With over 3,200 satisfied clients under her celestial wing, Mahalakshmi has emerged as a beacon of enlightenment in the world of astrology. Her remarkable multilingual proficiency ensures that she can connect with seekers from diverse backgrounds, making her a trusted counselor and teacher. Mahalakshmi's expertise spans a wide spectrum of esoteric sciences, including Nakshatranadi, Vedic Astrology, and a Master's in Numerology. She wields the power of Astakavarga, Cowries Shastra, Candle Magic, Mantra Healing, and is a Vastu Expert of unparalleled insight. Her innate gift for palmistry reveals the intricate tapestry of one's life, while her unmatched skills in match-making pave the way for harmonious unions. Mahalakshmi's journey is a testament to her dedication and commitment to helping individuals find clarity and purpose in their lives. 


","ಕಾಸ್ಮಿಕ್ ಕಲೆಗಳ ಆಳವಾದ ಪಾಂಡಿತ್ಯವನ್ನು ಹೊಂದಿರುವ ಅತ್ಯಂತ ಗೌರವಾನ್ವಿತ ಜ್ಯೋತಿಷಿ ಮತ್ತು ಆಧ್ಯಾತ್ಮಿಕ ಮಾರ್ಗದರ್ಶಿ ಮಹಾಲಕ್ಷ್ಮಿಯನ್ನು ಭೇಟಿ ಮಾಡಿ. ತನ್ನ ಆಕಾಶ ವಿಭಾಗದ ಅಡಿಯಲ್ಲಿ 3,200 ಕ್ಕೂ ಹೆಚ್ಚು ಸಂತೃಪ್ತ ಗ್ರಾಹಕರೊಂದಿಗೆ, ಮಹಾಲಕ್ಷ್ಮಿ ಜ್ಯೋತಿಷ್ಯ ಜಗತ್ತಿನಲ್ಲಿ ಜ್ಞಾನೋದಯದ ದಾರಿದೀಪವಾಗಿ ಹೊರಹೊಮ್ಮಿದ್ದಾಳೆ. ಅವರ ಗಮನಾರ್ಹ ಬಹುಭಾಷಾ ಪ್ರಾವೀಣ್ಯತೆಯು ಅವರು ವೈವಿಧ್ಯಮಯ ಹಿನ್ನೆಲೆಯ ಅನ್ವೇಷಕರೊಂದಿಗೆ ಸಂಪರ್ಕ ಸಾಧಿಸಬಹುದು ಎಂದು ಖಚಿತಪಡಿಸುತ್ತದೆ, ಅವರನ್ನು ವಿಶ್ವಾಸಾರ್ಹ ಸಲಹೆಗಾರ ಮತ್ತು ಶಿಕ್ಷಕರನ್ನಾಗಿ ಮಾಡುತ್ತದೆ. ಮಹಾಲಕ್ಷ್ಮಿ ಅವರ ಪರಿಣತಿಯು ನಕ್ಷತ್ರನಾಡಿ, ವೈದಿಕ ಜ್ಯೋತಿಷ್ಯ ಮತ್ತು ಸಂಖ್ಯಾಶಾಸ್ತ್ರದಲ್ಲಿ ಸ್ನಾತಕೋತ್ತರ ಸೇರಿದಂತೆ ನಿಗೂಢ ವಿಜ್ಞಾನಗಳ ವ್ಯಾಪಕ ಶ್ರೇಣಿಯನ್ನು ವ್ಯಾಪಿಸಿದೆ. ಅವರು ಅಷ್ಟಕವರ್ಗ, ಕೌರೀಸ್ ಶಾಸ್ತ್ರ, ಕ್ಯಾಂಡಲ್ ಮ್ಯಾಜಿಕ್, ಮಂತ್ರ ಚಿಕಿತ್ಸೆ, ಮತ್ತು ಸಾಟಿಯಿಲ್ಲದ ಒಳನೋಟದ ವಾಸ್ತು ಪರಿಣತರ ಶಕ್ತಿಯನ್ನು ಹೊಂದಿದ್ದಾರೆ. ಹಸ್ತಸಾಮುದ್ರಿಕ ಶಾಸ್ತ್ರಕ್ಕಾಗಿ ಅವರ ಸಹಜ ಕೊಡುಗೆಯು ಒಬ್ಬರ ಜೀವನದ ಸಂಕೀರ್ಣವಾದ ವಸ್ತ್ರವನ್ನು ಬಹಿರಂಗಪಡಿಸುತ್ತದೆ, ಆದರೆ ಹೊಂದಾಣಿಕೆಯ ತಯಾರಿಕೆಯಲ್ಲಿ ಅವರ ಸಾಟಿಯಿಲ್ಲದ ಕೌಶಲ್ಯಗಳು ಸಾಮರಸ್ಯದ ಒಕ್ಕೂಟಗಳಿಗೆ ದಾರಿ ಮಾಡಿಕೊಡುತ್ತವೆ. ಮಹಾಲಕ್ಷ್ಮಿಯ ಪ್ರಯಾಣವು ವ್ಯಕ್ತಿಗಳು ತಮ್ಮ ಜೀವನದಲ್ಲಿ ಸ್ಪಷ್ಟತೆ ಮತ್ತು ಉದ್ದೇಶವನ್ನು ಕಂಡುಕೊಳ್ಳಲು ಸಹಾಯ ಮಾಡುವ ಅವರ ಸಮರ್ಪಣೆ ಮತ್ತು ಬದ್ಧತೆಗೆ ಸಾಕ್ಷಿಯಾಗಿದೆ.","
Meet Mahalakshmi, a highly esteemed astrologer and spiritual guide with a profound mastery of the cosmic arts. With over 3,200 satisfied clients under her celestial wing, Mahalakshmi has emerged as a beacon of enlightenment in the world of astrology. Her remarkable multilingual proficiency ensures that she can connect with seekers from diverse backgrounds, making her a trusted counselor and teacher. Mahalakshmi's expertise spans a wide spectrum of esoteric sciences, including Nakshatranadi, Vedic Astrology, and a Master's in Numerology. She wields the power of Astakavarga, Cowries Shastra, Candle Magic, Mantra Healing, and is a Vastu Expert of unparalleled insight. Her innate gift for palmistry reveals the intricate tapestry of one's life, while her unmatched skills in match-making pave the way for harmonious unions. Mahalakshmi's journey is a testament to her dedication and commitment to helping individuals find clarity and purpose in their lives. 


"
AKASH RAJ,34,03.10.1988,FEMALE,7899375753,9739112787,rajakash.nk@gmail.com,"DWC/61/B, hutta colony, Bhadravathi- 577301",69705569812,BHWPR5405E,4,3997,Kannada,"Vedic, Nakshatranadi, Numerology, Tarot, Crystal, Vastu",,SBI098989887,SBI,SBIM67878,XYZZZZ,Dr. AkashR,Dr. AkashR,Dr. AkashR,Dr. AkashR,ಡಾ. ಆಕಾಶ್ ಆರ್  ,Dr. AkashR,"Introducing Astrologer Dr. Akash, a multifaceted luminary in the world of astrology with a profound blend of expertise and experience. With a remarkable following of 3,997 consultants, AksashR has established himself as a trusted guide in the cosmic realms. Surprisingly, his journey began as a civil engineer, lending a distinct practicality to his astrological insights. AksashR's prowess spans across various branches of astrology, including NakshatraNadi, Parashara, Prashnashastra, Numerology, and Crystal Healing. His dedication to the craft led him to delve deep into the esoteric realms of Jaimini astrology. AksashR is not only an astrologer but a scholar, holding a prestigious doctorate in Vastu, an ancient science that harmonizes living spaces with cosmic energies. His holistic approach to astrology encompasses Parihara, the art of remedial measures, offering solace and solutions to those seeking cosmic guidance. His clients admire him not just for his profound wisdom but also for his compassionate demeanor, making him a beacon of hope in the tumultuous sea of life. When you consult Dr. Akash, you embark on a transformative journey, guided by the stars and planets under his expert guidance, illuminating your path to a brighter future.","Introducing Astrologer Dr. Akash, a multifaceted luminary in the world of astrology with a profound blend of expertise and experience. With a remarkable following of 3,997 consultants, AksashR has established himself as a trusted guide in the cosmic realms. Surprisingly, his journey began as a civil engineer, lending a distinct practicality to his astrological insights. AksashR's prowess spans across various branches of astrology, including NakshatraNadi, Parashara, Prashnashastra, Numerology, and Crystal Healing. His dedication to the craft led him to delve deep into the esoteric realms of Jaimini astrology. AksashR is not only an astrologer but a scholar, holding a prestigious doctorate in Vastu, an ancient science that harmonizes living spaces with cosmic energies. His holistic approach to astrology encompasses Parihara, the art of remedial measures, offering solace and solutions to those seeking cosmic guidance. His clients admire him not just for his profound wisdom but also for his compassionate demeanor, making him a beacon of hope in the tumultuous sea of life. When you consult Dr. Akash, you embark on a transformative journey, guided by the stars and planets under his expert guidance, illuminating your path to a brighter future.","Introducing Astrologer Dr. Akash, a multifaceted luminary in the world of astrology with a profound blend of expertise and experience. With a remarkable following of 3,997 consultants, AksashR has established himself as a trusted guide in the cosmic realms. Surprisingly, his journey began as a civil engineer, lending a distinct practicality to his astrological insights. AksashR's prowess spans across various branches of astrology, including NakshatraNadi, Parashara, Prashnashastra, Numerology, and Crystal Healing. His dedication to the craft led him to delve deep into the esoteric realms of Jaimini astrology. AksashR is not only an astrologer but a scholar, holding a prestigious doctorate in Vastu, an ancient science that harmonizes living spaces with cosmic energies. His holistic approach to astrology encompasses Parihara, the art of remedial measures, offering solace and solutions to those seeking cosmic guidance. His clients admire him not just for his profound wisdom but also for his compassionate demeanor, making him a beacon of hope in the tumultuous sea of life. When you consult Dr. Akash, you embark on a transformative journey, guided by the stars and planets under his expert guidance, illuminating your path to a brighter future.","Introducing Astrologer Dr. Akash, a multifaceted luminary in the world of astrology with a profound blend of expertise and experience. With a remarkable following of 3,997 consultants, AksashR has established himself as a trusted guide in the cosmic realms. Surprisingly, his journey began as a civil engineer, lending a distinct practicality to his astrological insights. AksashR's prowess spans across various branches of astrology, including NakshatraNadi, Parashara, Prashnashastra, Numerology, and Crystal Healing. His dedication to the craft led him to delve deep into the esoteric realms of Jaimini astrology. AksashR is not only an astrologer but a scholar, holding a prestigious doctorate in Vastu, an ancient science that harmonizes living spaces with cosmic energies. His holistic approach to astrology encompasses Parihara, the art of remedial measures, offering solace and solutions to those seeking cosmic guidance. His clients admire him not just for his profound wisdom but also for his compassionate demeanor, making him a beacon of hope in the tumultuous sea of life. When you consult Dr. Akash, you embark on a transformative journey, guided by the stars and planets under his expert guidance, illuminating your path to a brighter future.","ಪರಿಣತಿ ಮತ್ತು ಅನುಭವದ ಆಳವಾದ ಮಿಶ್ರಣವನ್ನು ಹೊಂದಿರುವ ಜ್ಯೋತಿಷ್ಯ ಜಗತ್ತಿನಲ್ಲಿ ಬಹುಮುಖಿ ಪ್ರಕಾಶಕರಾದ ಜ್ಯೋತಿಷಿ ಡಾ. ಆಕಾಶ್ ಅವರನ್ನು ಪರಿಚಯಿಸಲಾಗುತ್ತಿದೆ. 3,997 ಸಲಹೆಗಾರರ ​​ಗಮನಾರ್ಹ ಅನುಸರಣೆಯೊಂದಿಗೆ, ಆಕಾಶ್‌ಆರ್ ಕಾಸ್ಮಿಕ್ ಕ್ಷೇತ್ರಗಳಲ್ಲಿ ವಿಶ್ವಾಸಾರ್ಹ ಮಾರ್ಗದರ್ಶಿಯಾಗಿ ತನ್ನನ್ನು ತಾನು ಸ್ಥಾಪಿಸಿಕೊಂಡಿದೆ. ಆಶ್ಚರ್ಯಕರವಾಗಿ, ಅವರ ಪ್ರಯಾಣವು ಸಿವಿಲ್ ಇಂಜಿನಿಯರ್ ಆಗಿ ಪ್ರಾರಂಭವಾಯಿತು, ಅವರ ಜ್ಯೋತಿಷ್ಯ ಒಳನೋಟಗಳಿಗೆ ವಿಶಿಷ್ಟವಾದ ಪ್ರಾಯೋಗಿಕತೆಯನ್ನು ನೀಡುತ್ತದೆ. ನಕ್ಷತ್ರನಾಡಿ, ಪರಾಶರ, ಪ್ರಶ್ನೆಶಾಸ್ತ್ರ, ಸಂಖ್ಯಾಶಾಸ್ತ್ರ, ಮತ್ತು ಕ್ರಿಸ್ಟಲ್ ಹೀಲಿಂಗ್ ಸೇರಿದಂತೆ ಜ್ಯೋತಿಷ್ಯದ ವಿವಿಧ ಶಾಖೆಗಳಲ್ಲಿ ಆಕಾಶ್‌ಆರ್‌ನ ಪರಾಕ್ರಮವು ವ್ಯಾಪಿಸಿದೆ. ಕರಕುಶಲತೆಗೆ ಅವರ ಸಮರ್ಪಣೆ ಜೈಮಿನಿ ಜ್ಯೋತಿಷ್ಯದ ನಿಗೂಢ ಕ್ಷೇತ್ರಗಳಲ್ಲಿ ಆಳವಾಗಿ ಅಧ್ಯಯನ ಮಾಡಲು ಕಾರಣವಾಯಿತು. ಆಕಾಶ್‌ಆರ್ ಅವರು ಜ್ಯೋತಿಷಿ ಮಾತ್ರವಲ್ಲ, ವಿದ್ವಾಂಸರೂ ಆಗಿದ್ದಾರೆ, ವಾಸ್ತುದಲ್ಲಿ ಪ್ರತಿಷ್ಠಿತ ಡಾಕ್ಟರೇಟ್ ಪಡೆದಿದ್ದಾರೆ, ಇದು ಕಾಸ್ಮಿಕ್ ಶಕ್ತಿಗಳೊಂದಿಗೆ ವಾಸಿಸುವ ಸ್ಥಳಗಳನ್ನು ಸಮನ್ವಯಗೊಳಿಸುವ ಪ್ರಾಚೀನ ವಿಜ್ಞಾನವಾಗಿದೆ. ಜ್ಯೋತಿಷ್ಯಕ್ಕೆ ಅವರ ಸಮಗ್ರ ವಿಧಾನವು ಪರಿಹಾರವನ್ನು ಒಳಗೊಳ್ಳುತ್ತದೆ, ಪರಿಹಾರ ಕ್ರಮಗಳ ಕಲೆ, ಕಾಸ್ಮಿಕ್ ಮಾರ್ಗದರ್ಶನವನ್ನು ಬಯಸುವವರಿಗೆ ಸಾಂತ್ವನ ಮತ್ತು ಪರಿಹಾರಗಳನ್ನು ನೀಡುತ್ತದೆ. ಅವರ ಗ್ರಾಹಕರು ಅವರ ಆಳವಾದ ಬುದ್ಧಿವಂತಿಕೆಗಾಗಿ ಮಾತ್ರವಲ್ಲದೆ ಅವರ ಸಹಾನುಭೂತಿಯ ವರ್ತನೆಗಾಗಿ ಅವರನ್ನು ಮೆಚ್ಚುತ್ತಾರೆ, ಜೀವನದ ಪ್ರಕ್ಷುಬ್ಧ ಸಮುದ್ರದಲ್ಲಿ ಅವರನ್ನು ಭರವಸೆಯ ದಾರಿದೀಪವಾಗಿಸುತ್ತಾರೆ. ನೀವು ಡಾ. ಆಕಾಶ್ ಅವರನ್ನು ಸಂಪರ್ಕಿಸಿದಾಗ, ನೀವು ಅವರ ಪರಿಣಿತ ಮಾರ್ಗದರ್ಶನದಲ್ಲಿ ನಕ್ಷತ್ರಗಳು ಮತ್ತು ಗ್ರಹಗಳ ಮಾರ್ಗದರ್ಶನದಲ್ಲಿ ಪರಿವರ್ತಿತ ಪ್ರಯಾಣವನ್ನು ಪ್ರಾರಂಭಿಸುತ್ತೀರಿ, ಉಜ್ವಲ ಭವಿಷ್ಯದತ್ತ ನಿಮ್ಮ ಮಾರ್ಗವನ್ನು ಬೆಳಗಿಸುತ್ತೀರಿ.","Introducing Astrologer Dr. Akash, a multifaceted luminary in the world of astrology with a profound blend of expertise and experience. With a remarkable following of 3,997 consultants, AksashR has established himself as a trusted guide in the cosmic realms. Surprisingly, his journey began as a civil engineer, lending a distinct practicality to his astrological insights. AksashR's prowess spans across various branches of astrology, including NakshatraNadi, Parashara, Prashnashastra, Numerology, and Crystal Healing. His dedication to the craft led him to delve deep into the esoteric realms of Jaimini astrology. AksashR is not only an astrologer but a scholar, holding a prestigious doctorate in Vastu, an ancient science that harmonizes living spaces with cosmic energies. His holistic approach to astrology encompasses Parihara, the art of remedial measures, offering solace and solutions to those seeking cosmic guidance. His clients admire him not just for his profound wisdom but also for his compassionate demeanor, making him a beacon of hope in the tumultuous sea of life. When you consult Dr. Akash, you embark on a transformative journey, guided by the stars and planets under his expert guidance, illuminating your path to a brighter future."
AKSHATA S. KHATWATE,24,08.02.1999,FEMALE,7795247767,,akshatakhatawate816@gmail.com,"MIG,1st,284, near badi tailor, hudco colony,Gadag-582101",221698978890,GMLPK5340G,1,200,"Hindi, Kannada, English",Nakshatranadi,,SBI098989887,SBI,SBIM67878,XYZZZZ,AkshataSKhatwate,AkshataSKhatwate,AkshataSKhatwate,AkshataSKhatwate,ಅಕ್ಷತಾ  ಎಸ್  ಖವಾಟೆ ,AkshataSKhatwate,"Introducing Astrologer Akshata, a luminary in the realm of astrology with a profound knowledge and an astute intuition. With a clientele spanning across the globe, Akshata has established herself as a trusted guide in the mystical world of celestial insights. Her journey as an astrologer began two decades ago, and since then, she has counseled and guided over 200 consultants on their life paths. Akshata specializes in NakshatraNadi, a unique and ancient branch of astrology that delves into the intricate details of one's life, providing remarkable accuracy in predictions. Her expertise extends to Prashnashastra, where she skillfully interprets the cosmic cues to answer pressing questions and offer guidance in times of uncertainty. What truly sets Akshata apart is her exceptional skill in match-making, where she combines the wisdom of astrological alignments with a deep understanding of human nature to facilitate harmonious unions. Whether you seek answers to profound life questions or aspire to find your cosmic soulmate, Akshata is the guiding star who will illuminate your path with her profound astrological expertise.","Introducing Astrologer Akshata, a luminary in the realm of astrology with a profound knowledge and an astute intuition. With a clientele spanning across the globe, Akshata has established herself as a trusted guide in the mystical world of celestial insights. Her journey as an astrologer began two decades ago, and since then, she has counseled and guided over 200 consultants on their life paths. Akshata specializes in NakshatraNadi, a unique and ancient branch of astrology that delves into the intricate details of one's life, providing remarkable accuracy in predictions. Her expertise extends to Prashnashastra, where she skillfully interprets the cosmic cues to answer pressing questions and offer guidance in times of uncertainty. What truly sets Akshata apart is her exceptional skill in match-making, where she combines the wisdom of astrological alignments with a deep understanding of human nature to facilitate harmonious unions. Whether you seek answers to profound life questions or aspire to find your cosmic soulmate, Akshata is the guiding star who will illuminate your path with her profound astrological expertise.","Introducing Astrologer Akshata, a luminary in the realm of astrology with a profound knowledge and an astute intuition. With a clientele spanning across the globe, Akshata has established herself as a trusted guide in the mystical world of celestial insights. Her journey as an astrologer began two decades ago, and since then, she has counseled and guided over 200 consultants on their life paths. Akshata specializes in NakshatraNadi, a unique and ancient branch of astrology that delves into the intricate details of one's life, providing remarkable accuracy in predictions. Her expertise extends to Prashnashastra, where she skillfully interprets the cosmic cues to answer pressing questions and offer guidance in times of uncertainty. What truly sets Akshata apart is her exceptional skill in match-making, where she combines the wisdom of astrological alignments with a deep understanding of human nature to facilitate harmonious unions. Whether you seek answers to profound life questions or aspire to find your cosmic soulmate, Akshata is the guiding star who will illuminate your path with her profound astrological expertise.","Introducing Astrologer Akshata, a luminary in the realm of astrology with a profound knowledge and an astute intuition. With a clientele spanning across the globe, Akshata has established herself as a trusted guide in the mystical world of celestial insights. Her journey as an astrologer began two decades ago, and since then, she has counseled and guided over 200 consultants on their life paths. Akshata specializes in NakshatraNadi, a unique and ancient branch of astrology that delves into the intricate details of one's life, providing remarkable accuracy in predictions. Her expertise extends to Prashnashastra, where she skillfully interprets the cosmic cues to answer pressing questions and offer guidance in times of uncertainty. What truly sets Akshata apart is her exceptional skill in match-making, where she combines the wisdom of astrological alignments with a deep understanding of human nature to facilitate harmonious unions. Whether you seek answers to profound life questions or aspire to find your cosmic soulmate, Akshata is the guiding star who will illuminate your path with her profound astrological expertise.","ಜ್ಯೋತಿಷಿ ಅಕ್ಷತಾ ಅವರನ್ನು ಪರಿಚಯಿಸುತ್ತಿದ್ದೇವೆ, ಜ್ಯೋತಿಷ್ಯ ಕ್ಷೇತ್ರದಲ್ಲಿ ಆಳವಾದ ಜ್ಞಾನ ಮತ್ತು ಸೂಕ್ಷ್ಮ ಅಂತಃಪ್ರಜ್ಞೆಯನ್ನು ಹೊಂದಿರುವ ಜ್ಯೋತಿಷ್ಯ. ಜಗತ್ತಿನಾದ್ಯಂತ ವ್ಯಾಪಿಸಿರುವ ಗ್ರಾಹಕರೊಂದಿಗೆ, ಅಕ್ಷತಾ ಅವರು ಆಕಾಶದ ಒಳನೋಟಗಳ ಅತೀಂದ್ರಿಯ ಜಗತ್ತಿನಲ್ಲಿ ವಿಶ್ವಾಸಾರ್ಹ ಮಾರ್ಗದರ್ಶಿಯಾಗಿ ತಮ್ಮನ್ನು ತಾವು ಸ್ಥಾಪಿಸಿಕೊಂಡಿದ್ದಾರೆ. ಜ್ಯೋತಿಷಿಯಾಗಿ ಅವರ ಪ್ರಯಾಣವು ಎರಡು ದಶಕಗಳ ಹಿಂದೆ ಪ್ರಾರಂಭವಾಯಿತು ಮತ್ತು ಅಂದಿನಿಂದ, ಅವರು 200 ಕ್ಕೂ ಹೆಚ್ಚು ಸಲಹೆಗಾರರನ್ನು ಅವರ ಜೀವನ ಪಥದಲ್ಲಿ ಸಲಹೆ ಮತ್ತು ಮಾರ್ಗದರ್ಶನ ನೀಡಿದ್ದಾರೆ. ಅಕ್ಷತಾ ನಕ್ಷತ್ರನಾಡಿಯಲ್ಲಿ ಪರಿಣತಿ ಹೊಂದಿದ್ದಾರೆ, ಇದು ಜ್ಯೋತಿಷ್ಯದ ವಿಶಿಷ್ಟ ಮತ್ತು ಪ್ರಾಚೀನ ಶಾಖೆಯಾಗಿದ್ದು ಅದು ಒಬ್ಬರ ಜೀವನದ ಸಂಕೀರ್ಣ ವಿವರಗಳನ್ನು ಪರಿಶೀಲಿಸುತ್ತದೆ, ಭವಿಷ್ಯವಾಣಿಗಳಲ್ಲಿ ಗಮನಾರ್ಹ ನಿಖರತೆಯನ್ನು ನೀಡುತ್ತದೆ. ಅವರ ಪರಿಣತಿಯು ಪ್ರಶ್ನೆಶಾಸ್ತ್ರಕ್ಕೆ ವಿಸ್ತರಿಸುತ್ತದೆ, ಅಲ್ಲಿ ಅವರು ಒತ್ತುವ ಪ್ರಶ್ನೆಗಳಿಗೆ ಉತ್ತರಿಸಲು ಮತ್ತು ಅನಿಶ್ಚಿತತೆಯ ಸಮಯದಲ್ಲಿ ಮಾರ್ಗದರ್ಶನ ನೀಡಲು ಕಾಸ್ಮಿಕ್ ಸೂಚನೆಗಳನ್ನು ಕೌಶಲ್ಯದಿಂದ ಅರ್ಥೈಸುತ್ತಾಳೆ. ಅಕ್ಷತಾಳನ್ನು ನಿಜವಾಗಿಯೂ ಪ್ರತ್ಯೇಕಿಸುವುದು ಹೊಂದಾಣಿಕೆಯ ತಯಾರಿಕೆಯಲ್ಲಿ ಅವರ ಅಸಾಧಾರಣ ಕೌಶಲ್ಯವಾಗಿದೆ, ಅಲ್ಲಿ ಅವರು ಸಾಮರಸ್ಯದ ಒಕ್ಕೂಟಗಳಿಗೆ ಅನುಕೂಲವಾಗುವಂತೆ ಮಾನವ ಸ್ವಭಾವದ ಆಳವಾದ ತಿಳುವಳಿಕೆಯೊಂದಿಗೆ ಜ್ಯೋತಿಷ್ಯ ಜೋಡಣೆಗಳ ಬುದ್ಧಿವಂತಿಕೆಯನ್ನು ಸಂಯೋಜಿಸುತ್ತಾರೆ. ನೀವು ಆಳವಾದ ಜೀವನದ ಪ್ರಶ್ನೆಗಳಿಗೆ ಉತ್ತರಗಳನ್ನು ಹುಡುಕುತ್ತಿರಲಿ ಅಥವಾ ನಿಮ್ಮ ಕಾಸ್ಮಿಕ್ ಆತ್ಮ ಸಂಗಾತಿಯನ್ನು ಹುಡುಕಲು ಪ್ರಯತ್ನಿಸುತ್ತಿರಲಿ, ಅಕ್ಷತಾ ತನ್ನ ಆಳವಾದ ಜ್ಯೋತಿಷ್ಯ ಪರಿಣತಿಯಿಂದ ನಿಮ್ಮ ಮಾರ್ಗವನ್ನು ಬೆಳಗಿಸುವ ಮಾರ್ಗದರ್ಶಿ ನಕ್ಷತ್ರ.","Introducing Astrologer Akshata, a luminary in the realm of astrology with a profound knowledge and an astute intuition. With a clientele spanning across the globe, Akshata has established herself as a trusted guide in the mystical world of celestial insights. Her journey as an astrologer began two decades ago, and since then, she has counseled and guided over 200 consultants on their life paths. Akshata specializes in NakshatraNadi, a unique and ancient branch of astrology that delves into the intricate details of one's life, providing remarkable accuracy in predictions. Her expertise extends to Prashnashastra, where she skillfully interprets the cosmic cues to answer pressing questions and offer guidance in times of uncertainty. What truly sets Akshata apart is her exceptional skill in match-making, where she combines the wisdom of astrological alignments with a deep understanding of human nature to facilitate harmonious unions. Whether you seek answers to profound life questions or aspire to find your cosmic soulmate, Akshata is the guiding star who will illuminate your path with her profound astrological expertise."
AKSHATA SUBHASH NAIK,29,27.03.1994,FEMALE,9096827524,7709063643,akshatasubhashnaik1994@gmail.com,"C/O sbuhash savalo naik, gindiwada,nandangadda, karwar, uttar kannada-581304",983197063724,BFFPN2727A,1,50,"Hindi, Kannada, English, Konkani, Marathi"," Nakshatranadi, Numerology, Crystal, Reiki",,SBI098989887,SBI,SBIM67878,XYZZZZ,AkshataN,AkshataN,AkshataN,AkshataN,ಅಕ್ಷತಾ ಎನ್,AkshataN,"Meet Akshata, a multifaceted individual whose diverse talents and interests make her a remarkable figure in the realm of astrology.  Akshata is fluent in multiple languages, a skill that uniquely augments her astrological insights. Her expertise extends to NakshatraNadi, where she unveils the secrets of celestial constellations to decipher one's destiny. Akshata is also a practitioner of Crystal and Reiki healing, harnessing the energies of precious stones and the universal life force to bring balance and harmony into the lives of those she touches. Numerology is another facet of her mastery, allowing her to unravel the hidden codes embedded in numbers, providing invaluable guidance to her clients. One of Akshata's exceptional talents lies in PrashnaShastra, where she excels in answering precise questions and offering profound insights into the queries of her clients. Her dedication to the mystical arts and her commitment to helping others navigate life's complexities set her apart as a compassionate and skilled astrologer. ","Meet Akshata, a multifaceted individual whose diverse talents and interests make her a remarkable figure in the realm of astrology.  Akshata is fluent in multiple languages, a skill that uniquely augments her astrological insights. Her expertise extends to NakshatraNadi, where she unveils the secrets of celestial constellations to decipher one's destiny. Akshata is also a practitioner of Crystal and Reiki healing, harnessing the energies of precious stones and the universal life force to bring balance and harmony into the lives of those she touches. Numerology is another facet of her mastery, allowing her to unravel the hidden codes embedded in numbers, providing invaluable guidance to her clients. One of Akshata's exceptional talents lies in PrashnaShastra, where she excels in answering precise questions and offering profound insights into the queries of her clients. Her dedication to the mystical arts and her commitment to helping others navigate life's complexities set her apart as a compassionate and skilled astrologer. ","Meet Akshata, a multifaceted individual whose diverse talents and interests make her a remarkable figure in the realm of astrology.  Akshata is fluent in multiple languages, a skill that uniquely augments her astrological insights. Her expertise extends to NakshatraNadi, where she unveils the secrets of celestial constellations to decipher one's destiny. Akshata is also a practitioner of Crystal and Reiki healing, harnessing the energies of precious stones and the universal life force to bring balance and harmony into the lives of those she touches. Numerology is another facet of her mastery, allowing her to unravel the hidden codes embedded in numbers, providing invaluable guidance to her clients. One of Akshata's exceptional talents lies in PrashnaShastra, where she excels in answering precise questions and offering profound insights into the queries of her clients. Her dedication to the mystical arts and her commitment to helping others navigate life's complexities set her apart as a compassionate and skilled astrologer. ","Meet Akshata, a multifaceted individual whose diverse talents and interests make her a remarkable figure in the realm of astrology.  Akshata is fluent in multiple languages, a skill that uniquely augments her astrological insights. Her expertise extends to NakshatraNadi, where she unveils the secrets of celestial constellations to decipher one's destiny. Akshata is also a practitioner of Crystal and Reiki healing, harnessing the energies of precious stones and the universal life force to bring balance and harmony into the lives of those she touches. Numerology is another facet of her mastery, allowing her to unravel the hidden codes embedded in numbers, providing invaluable guidance to her clients. One of Akshata's exceptional talents lies in PrashnaShastra, where she excels in answering precise questions and offering profound insights into the queries of her clients. Her dedication to the mystical arts and her commitment to helping others navigate life's complexities set her apart as a compassionate and skilled astrologer. ","ಬಹುಮುಖಿ ವ್ಯಕ್ತಿಯಾಗಿರುವ ಅಕ್ಷತಾ ಅವರನ್ನು ಭೇಟಿ ಮಾಡಿ, ಅವರ ವೈವಿಧ್ಯಮಯ ಪ್ರತಿಭೆ ಮತ್ತು ಆಸಕ್ತಿಗಳು ಅವರನ್ನು ಜ್ಯೋತಿಷ್ಯ ಕ್ಷೇತ್ರದಲ್ಲಿ ಗಮನಾರ್ಹ ವ್ಯಕ್ತಿಯಾಗಿಸುತ್ತದೆ. ಅಕ್ಷತಾ ಬಹು ಭಾಷೆಗಳಲ್ಲಿ ನಿರರ್ಗಳವಾಗಿ ಮಾತನಾಡುತ್ತಾಳೆ, ಈ ಕೌಶಲ್ಯವು ಅವರ ಜ್ಯೋತಿಷ್ಯ ಒಳನೋಟಗಳನ್ನು ಅನನ್ಯವಾಗಿ ಹೆಚ್ಚಿಸುತ್ತದೆ. ಅವರ ಪರಿಣತಿಯು ನಕ್ಷತ್ರನಾಡಿಗೆ ವಿಸ್ತರಿಸುತ್ತದೆ, ಅಲ್ಲಿ ಅವರು ಒಬ್ಬರ ಹಣೆಬರಹವನ್ನು ಅರ್ಥಮಾಡಿಕೊಳ್ಳಲು ಆಕಾಶ ನಕ್ಷತ್ರಪುಂಜಗಳ ರಹಸ್ಯಗಳನ್ನು ಅನಾವರಣಗೊಳಿಸುತ್ತಾಳೆ. ಅಕ್ಷತಾ ಅವರು ಕ್ರಿಸ್ಟಲ್ ಮತ್ತು ರೇಖಿ ಹೀಲಿಂಗ್‌ನ ಅಭ್ಯಾಸಿಯೂ ಆಗಿದ್ದಾರೆ, ಅವರು ಸ್ಪರ್ಶಿಸುವವರ ಜೀವನದಲ್ಲಿ ಸಮತೋಲನ ಮತ್ತು ಸಾಮರಸ್ಯವನ್ನು ತರಲು ಅಮೂಲ್ಯವಾದ ಕಲ್ಲುಗಳ ಶಕ್ತಿಯನ್ನು ಮತ್ತು ಸಾರ್ವತ್ರಿಕ ಜೀವಶಕ್ತಿಯನ್ನು ಬಳಸಿಕೊಳ್ಳುತ್ತಾರೆ. ಸಂಖ್ಯಾಶಾಸ್ತ್ರವು ಅವರ ಪಾಂಡಿತ್ಯದ ಮತ್ತೊಂದು ಮುಖವಾಗಿದೆ, ಇದು ಸಂಖ್ಯೆಯಲ್ಲಿ ಹುದುಗಿರುವ ಗುಪ್ತ ಕೋಡ್‌ಗಳನ್ನು ಬಿಚ್ಚಿಡಲು ಅನುವು ಮಾಡಿಕೊಡುತ್ತದೆ, ತನ್ನ ಗ್ರಾಹಕರಿಗೆ ಅಮೂಲ್ಯವಾದ ಮಾರ್ಗದರ್ಶನವನ್ನು ನೀಡುತ್ತದೆ. ಅಕ್ಷತಾ ಅವರ ಅಸಾಧಾರಣ ಪ್ರತಿಭೆಗಳಲ್ಲಿ ಒಂದಾದ ಪ್ರಶ್ನಾಶಾಸ್ತ್ರದಲ್ಲಿದೆ, ಅಲ್ಲಿ ಅವರು ನಿಖರವಾದ ಪ್ರಶ್ನೆಗಳಿಗೆ ಉತ್ತರಿಸುವಲ್ಲಿ ಮತ್ತು ತನ್ನ ಗ್ರಾಹಕರ ಪ್ರಶ್ನೆಗಳಿಗೆ ಆಳವಾದ ಒಳನೋಟಗಳನ್ನು ನೀಡುವಲ್ಲಿ ಉತ್ಕೃಷ್ಟರಾಗಿದ್ದಾರೆ. ಅತೀಂದ್ರಿಯ ಕಲೆಗಳಿಗೆ ಅವರ ಸಮರ್ಪಣೆ ಮತ್ತು ಜೀವನದ ಸಂಕೀರ್ಣತೆಗಳನ್ನು ನ್ಯಾವಿಗೇಟ್ ಮಾಡಲು ಇತರರಿಗೆ ಸಹಾಯ ಮಾಡುವ ಬದ್ಧತೆ ಅವರನ್ನು ಸಹಾನುಭೂತಿ ಮತ್ತು ನುರಿತ ಜ್ಯೋತಿಷಿಯಾಗಿ ಪ್ರತ್ಯೇಕಿಸಿತು.","Meet Akshata, a multifaceted individual whose diverse talents and interests make her a remarkable figure in the realm of astrology.  Akshata is fluent in multiple languages, a skill that uniquely augments her astrological insights. Her expertise extends to NakshatraNadi, where she unveils the secrets of celestial constellations to decipher one's destiny. Akshata is also a practitioner of Crystal and Reiki healing, harnessing the energies of precious stones and the universal life force to bring balance and harmony into the lives of those she touches. Numerology is another facet of her mastery, allowing her to unravel the hidden codes embedded in numbers, providing invaluable guidance to her clients. One of Akshata's exceptional talents lies in PrashnaShastra, where she excels in answering precise questions and offering profound insights into the queries of her clients. Her dedication to the mystical arts and her commitment to helping others navigate life's complexities set her apart as a compassionate and skilled astrologer. "
ANITHA PRAKASH,45,29.05.1978,FEMALE,9590714132,8310598984,anithadeeku@gmail.com," D-250,C Block, Gopalgoda badavane,10th cross, shivamgga-577205",941307868418,DBBPA2456M,3,5500,"Hindi, Kannada, English,Telugu"," Nakshatranadi, Numerology,  Palmistry, Crystal, Vastu",,SBI098989887,SBI,SBIM67878,XYZZZZ,AnithaP,AnithaP,AnithaP,AnithaP,ಅನಿತಾ ಪಿ ,AnithaP,"
Introducing Anitha, a luminary in the world of astrology with a staggering clientele of over 1,500 consultants. Beyond her occupation as a revered teacher, Anitha possesses a remarkable multilingual proficiency that bridges cultural divides and enables her to connect with seekers of astrological wisdom from diverse backgrounds. Anitha's mastery encompasses the esoteric realms of Nakshatra Nadi, Prashnashastra, Parashara, Yogas, Numerology, and Palmistry. Her knowledge extends further into the intricacies of Bhrigunandi Nadi, Tara Dasa Bala, and the mystique of crystal and Cowries Shastra. With her profound insight into Jaimini, Muhurtha, Match Making, and Vastu, Anitha becomes a guiding light for those navigating life's celestial map. In the world of astrology, she is a beacon of enlightenment, helping countless individuals navigate life's celestial tapestry with confidence and clarity.","
Introducing Anitha, a luminary in the world of astrology with a staggering clientele of over 1,500 consultants. Beyond her occupation as a revered teacher, Anitha possesses a remarkable multilingual proficiency that bridges cultural divides and enables her to connect with seekers of astrological wisdom from diverse backgrounds. Anitha's mastery encompasses the esoteric realms of Nakshatra Nadi, Prashnashastra, Parashara, Yogas, Numerology, and Palm History. Her knowledge extends further into the intricacies of Bhrigunandi Nadi, Tara Dasa Bala, and the mystique of crystal and Cowries Shastra. With her profound insight into Jaimini, Muhurtha, Match Making, and Vastu, Anitha becomes a guiding light for those navigating life's celestial map. In the world of astrology, she is a beacon of enlightenment, helping countless individuals navigate life's celestial tapestry with confidence and clarity.","
Introducing Anitha, a luminary in the world of astrology with a staggering clientele of over 1,500 consultants. Beyond her occupation as a revered teacher, Anitha possesses a remarkable multilingual proficiency that bridges cultural divides and enables her to connect with seekers of astrological wisdom from diverse backgrounds. Anitha's mastery encompasses the esoteric realms of Nakshatra Nadi, Prashnashastra, Parashara, Yogas, Numerology, and Palm History. Her knowledge extends further into the intricacies of Bhrigunandi Nadi, Tara Dasa Bala, and the mystique of crystal and Cowries Shastra. With her profound insight into Jaimini, Muhurtha, Match Making, and Vastu, Anitha becomes a guiding light for those navigating life's celestial map. In the world of astrology, she is a beacon of enlightenment, helping countless individuals navigate life's celestial tapestry with confidence and clarity.","
Introducing Anitha, a luminary in the world of astrology with a staggering clientele of over 1,500 consultants. Beyond her occupation as a revered teacher, Anitha possesses a remarkable multilingual proficiency that bridges cultural divides and enables her to connect with seekers of astrological wisdom from diverse backgrounds. Anitha's mastery encompasses the esoteric realms of Nakshatra Nadi, Prashnashastra, Parashara, Yogas, Numerology, and Palm History. Her knowledge extends further into the intricacies of Bhrigunandi Nadi, Tara Dasa Bala, and the mystique of crystal and Cowries Shastra. With her profound insight into Jaimini, Muhurtha, Match Making, and Vastu, Anitha becomes a guiding light for those navigating life's celestial map. In the world of astrology, she is a beacon of enlightenment, helping countless individuals navigate life's celestial tapestry with confidence and clarity.","1,500 ಕ್ಕೂ ಹೆಚ್ಚು ಸಲಹೆಗಾರರನ್ನು ಹೊಂದಿರುವ ದಿಗ್ಭ್ರಮೆಗೊಳಿಸುವ ಗ್ರಾಹಕರೊಂದಿಗೆ ಜ್ಯೋತಿಷ್ಯ ಜಗತ್ತಿನಲ್ಲಿ ಅನಿತಾ ಅವರನ್ನು ಪರಿಚಯಿಸಲಾಗುತ್ತಿದೆ. ಗೌರವಾನ್ವಿತ ಶಿಕ್ಷಕಿಯಾಗಿ ತನ್ನ ಉದ್ಯೋಗವನ್ನು ಮೀರಿ, ಅನಿತಾ ಅವರು ಗಮನಾರ್ಹವಾದ ಬಹುಭಾಷಾ ಪ್ರಾವೀಣ್ಯತೆಯನ್ನು ಹೊಂದಿದ್ದಾರೆ, ಅದು ಸಾಂಸ್ಕೃತಿಕ ವಿಭಜನೆಗಳನ್ನು ಸೇತುವೆ ಮಾಡುತ್ತದೆ ಮತ್ತು ವೈವಿಧ್ಯಮಯ ಹಿನ್ನೆಲೆಯಿಂದ ಜ್ಯೋತಿಷ್ಯ ಜ್ಞಾನದ ಅನ್ವೇಷಕರೊಂದಿಗೆ ಸಂಪರ್ಕ ಸಾಧಿಸಲು ಅನುವು ಮಾಡಿಕೊಡುತ್ತದೆ. ಅನಿತಾ ಅವರ ಪಾಂಡಿತ್ಯವು ನಕ್ಷತ್ರ ನಾಡಿ, ಪ್ರಶ್ನೆಶಾಸ್ತ್ರ, ಪರಾಶರ, ಯೋಗಗಳು, ಸಂಖ್ಯಾಶಾಸ್ತ್ರ ಮತ್ತು ಪಾಮ್ ಇತಿಹಾಸದ ನಿಗೂಢ ಕ್ಷೇತ್ರಗಳನ್ನು ಒಳಗೊಂಡಿದೆ. ಅವರ ಜ್ಞಾನವು ಭೃಗುನಂದಿ ನಾಡಿನ ಜಟಿಲತೆಗಳು, ತಾರಾ ದಶಾ ಬಲ, ಮತ್ತು ಕ್ರಿಸ್ಟಲ್ ಮತ್ತು ಕೌರೀಸ್ ಶಾಸ್ತ್ರದ ರಹಸ್ಯವನ್ನು ವಿಸ್ತರಿಸುತ್ತದೆ. ಜೈಮಿನಿ, ಮುಹೂರ್ತ, ಮ್ಯಾಚ್ ಮೇಕಿಂಗ್ ಮತ್ತು ವಾಸ್ತುವಿನ ಆಳವಾದ ಒಳನೋಟದೊಂದಿಗೆ, ಅನಿತಾ ಜೀವನದ ಆಕಾಶ ನಕ್ಷೆಯಲ್ಲಿ ನ್ಯಾವಿಗೇಟ್ ಮಾಡುವವರಿಗೆ ಮಾರ್ಗದರ್ಶಿ ಬೆಳಕಾಗುತ್ತಾಳೆ. ಜ್ಯೋತಿಷ್ಯ ಜಗತ್ತಿನಲ್ಲಿ, ಅವರು ಜ್ಞಾನೋದಯದ ದಾರಿದೀಪವಾಗಿದ್ದಾಳೆ, ಅಸಂಖ್ಯಾತ ವ್ಯಕ್ತಿಗಳು ಆತ್ಮವಿಶ್ವಾಸ ಮತ್ತು ಸ್ಪಷ್ಟತೆಯೊಂದಿಗೆ ಜೀವನದ ಆಕಾಶ ವಸ್ತ್ರವನ್ನು ನ್ಯಾವಿಗೇಟ್ ಮಾಡಲು ಸಹಾಯ ಮಾಡುತ್ತಾಳೆ.","
Introducing Anitha, a luminary in the world of astrology with a staggering clientele of over 1,500 consultants. Beyond her occupation as a revered teacher, Anitha possesses a remarkable multilingual proficiency that bridges cultural divides and enables her to connect with seekers of astrological wisdom from diverse backgrounds. Anitha's mastery encompasses the esoteric realms of Nakshatra Nadi, Prashnashastra, Parashara, Yogas, Numerology, and Palm History. Her knowledge extends further into the intricacies of Bhrigunandi Nadi, Tara Dasa Bala, and the mystique of crystal and Cowries Shastra. With her profound insight into Jaimini, Muhurtha, Match Making, and Vastu, Anitha becomes a guiding light for those navigating life's celestial map. In the world of astrology, she is a beacon of enlightenment, helping countless individuals navigate life's celestial tapestry with confidence and clarity."
ANURADHA J KUMAR,63,08.05.1960,FEMALE,9741764531,,doc.annugupta@gmail.com,"#D4, kaveri apartment,jayalakshmipuram,mysore 570012",238868185029,AKJPK1587H,7,200,"Hindi, Kannada, English, Tamil, Telugu","Vedic, Nakshatranadi, Numerology, Tarot, Vastu",,SBI098989887,SBI,SBIM67878,XYZZZZ,Dr.AnuJ,Dr.AnuJ,Dr.AnuJ,Dr.AnuJ,ಡಾ. ಅನು ಜೆ ,Dr.AnuJ,"Introducing Dr. Anu,  a clinical medical practitioner who is also a distinguished astrologer with a wealth of knowledge and experience in the mystical realms of Vedic Astrology. With over two decades of expertise in this field, Dr. Anu has become a trusted name among her extensive clientele of 200 consultees from diverse backgrounds. What sets her apart is her exceptional ability to communicate in multiple languages, ensuring that she can connect with clients from around the world. She holds a doctorate in Vedic Astrology and specializes in various astrological systems, including NakshatraNadi, Bhrigunandi Nadi, Parashara, Jaimini, and Numerology. Her expertise extends beyond traditional astrology, encompassing disciplines like Vastu, Cowries Shastra, Pancha Pakshi, Astakavarga, Betel Leaf Shastra, and Medical Astrology. She also practices Yogas, Tarot card, Tara dasa bala, match making and muhurtha. Her dedication to the profound connection between science and spirituality makes her a sought-after astrologer for those seeking profound insights into their life's journey.","Introducing Dr. Anu,  a clinical medical practitioner who is also a distinguished astrologer with a wealth of knowledge and experience in the mystical realms of Vedic Astrology. With over two decades of expertise in this field, Dr. Anu has become a trusted name among her extensive clientele of 200 consultees from diverse backgrounds. What sets her apart is her exceptional ability to communicate in multiple languages, ensuring that she can connect with clients from around the world. She holds a doctorate in Vedic Astrology and specializes in various astrological systems, including NakshatraNadi, Bhrigunandi Nadi, Parashara, Jaimini, and Numerology. Her expertise extends beyond traditional astrology, encompassing disciplines like Vastu, Cowries Shastra, Pancha Pakshi, Astakavarga, Betel Leaf Shastra, and Medical Astrology. She also practices Yogas, Tarot card, Tara dasa bala, match making and muhurtha. Her dedication to the profound connection between science and spirituality makes her a sought-after astrologer for those seeking profound insights into their life's journey.","Introducing Dr. Anu,  a clinical medical practitioner who is also a distinguished astrologer with a wealth of knowledge and experience in the mystical realms of Vedic Astrology. With over two decades of expertise in this field, Dr. Anu has become a trusted name among her extensive clientele of 200 consultees from diverse backgrounds. What sets her apart is her exceptional ability to communicate in multiple languages, ensuring that she can connect with clients from around the world. She holds a doctorate in Vedic Astrology and specializes in various astrological systems, including NakshatraNadi, Bhrigunandi Nadi, Parashara, Jaimini, and Numerology. Her expertise extends beyond traditional astrology, encompassing disciplines like Vastu, Cowries Shastra, Pancha Pakshi, Astakavarga, Betel Leaf Shastra, and Medical Astrology. She also practices Yogas, Tarot card, Tara dasa bala, match making and muhurtha. Her dedication to the profound connection between science and spirituality makes her a sought-after astrologer for those seeking profound insights into their life's journey.","Introducing Dr. Anu,  a clinical medical practitioner who is also a distinguished astrologer with a wealth of knowledge and experience in the mystical realms of Vedic Astrology. With over two decades of expertise in this field, Dr. Anu has become a trusted name among her extensive clientele of 200 consultees from diverse backgrounds. What sets her apart is her exceptional ability to communicate in multiple languages, ensuring that she can connect with clients from around the world. She holds a doctorate in Vedic Astrology and specializes in various astrological systems, including NakshatraNadi, Bhrigunandi Nadi, Parashara, Jaimini, and Numerology. Her expertise extends beyond traditional astrology, encompassing disciplines like Vastu, Cowries Shastra, Pancha Pakshi, Astakavarga, Betel Leaf Shastra, and Medical Astrology. She also practices Yogas, Tarot card, Tara dasa bala, match making and muhurtha. Her dedication to the profound connection between science and spirituality makes her a sought-after astrologer for those seeking profound insights into their life's journey.","ವೈದಿಕ ಜ್ಯೋತಿಷ್ಯದ ಅತೀಂದ್ರಿಯ ಕ್ಷೇತ್ರಗಳಲ್ಲಿ ಜ್ಞಾನ ಮತ್ತು ಅನುಭವದ ಸಂಪತ್ತನ್ನು ಹೊಂದಿರುವ ಪ್ರಸಿದ್ಧ ಜ್ಯೋತಿಷಿಯೂ ಆಗಿರುವ ನಿವೃತ್ತ ಕ್ಲಿನಿಕಲ್ ಮೆಡಿಕಲ್ ಪ್ರಾಕ್ಟೀಷನರ್ ಡಾ. ಅನು ಅವರನ್ನು ಪರಿಚಯಿಸಲಾಗುತ್ತಿದೆ. ಈ ಕ್ಷೇತ್ರದಲ್ಲಿ ಎರಡು ದಶಕಗಳ ಪರಿಣತಿಯೊಂದಿಗೆ, ಡಾ. ಅನು ವೈವಿಧ್ಯಮಯ ಹಿನ್ನೆಲೆಯಿಂದ 200 ಸಮಾಲೋಚಕರನ್ನು ಹೊಂದಿರುವ ಅವರ ವ್ಯಾಪಕ ಗ್ರಾಹಕರಲ್ಲಿ ವಿಶ್ವಾಸಾರ್ಹ ಹೆಸರಾಗಿದ್ದಾರೆ. ಪ್ರಪಂಚದಾದ್ಯಂತದ ಗ್ರಾಹಕರೊಂದಿಗೆ ಸಂಪರ್ಕ ಸಾಧಿಸಬಹುದು ಎಂದು ಖಚಿತಪಡಿಸಿಕೊಳ್ಳುವ ಮೂಲಕ ಬಹು ಭಾಷೆಗಳಲ್ಲಿ ಸಂವಹನ ಮಾಡುವ ಅವರ ಅಸಾಧಾರಣ ಸಾಮರ್ಥ್ಯವು ಅವರನ್ನು ಪ್ರತ್ಯೇಕಿಸುತ್ತದೆ. ಅವರು ವೈದಿಕ ಜ್ಯೋತಿಷ್ಯದಲ್ಲಿ ಡಾಕ್ಟರೇಟ್ ಪಡೆದಿದ್ದಾರೆ ಮತ್ತು ನಕ್ಷತ್ರನಾಡಿ, ಭೃಗುನಂದಿ ನಾಡಿ, ಪರಾಶರ, ಜೈಮಿನಿ ಮತ್ತು ಸಂಖ್ಯಾಶಾಸ್ತ್ರ ಸೇರಿದಂತೆ ವಿವಿಧ ಜ್ಯೋತಿಷ್ಯ ವ್ಯವಸ್ಥೆಗಳಲ್ಲಿ ಪರಿಣತಿ ಹೊಂದಿದ್ದಾರೆ. ವಾಸ್ತು, ಕೌರೀ ಶಾಸ್ತ್ರ, ಪಂಚ ಪಕ್ಷಿ, ಅಷ್ಟಕವರ್ಗ, ವೀಳ್ಯದೆಲೆ ಶಾಸ್ತ್ರ, ಮತ್ತು ವೈದ್ಯಕೀಯ ಜ್ಯೋತಿಷ್ಯದಂತಹ ವಿಭಾಗಗಳನ್ನು ಒಳಗೊಂಡಿರುವ ಅವರ ಪರಿಣತಿಯು ಸಾಂಪ್ರದಾಯಿಕ ಜ್ಯೋತಿಷ್ಯವನ್ನು ಮೀರಿ ವಿಸ್ತರಿಸಿದೆ. ಅವರು ಯೋಗಗಳು, ಟ್ಯಾರೋ ಕಾರ್ಡ್, ತಾರಾ ದಶಾ ಬಲ, ಮ್ಯಾಚ್ ಮೇಕಿಂಗ್ ಮತ್ತು ಮುಹೂರ್ತವನ್ನು ಸಹ ಅಭ್ಯಾಸ ಮಾಡುತ್ತಾಳೆ. ವಿಜ್ಞಾನ ಮತ್ತು ಆಧ್ಯಾತ್ಮಿಕತೆಯ ನಡುವಿನ ಆಳವಾದ ಸಂಪರ್ಕಕ್ಕೆ ಅವರ ಸಮರ್ಪಣೆಯು ಅವರ ಜೀವನದ ಪ್ರಯಾಣದ ಆಳವಾದ ಒಳನೋಟಗಳನ್ನು ಬಯಸುವವರಿಗೆ ಅವರನ್ನು ಹುಡುಕುವ ಜ್ಯೋತಿಷಿಯನ್ನಾಗಿ ಮಾಡುತ್ತದೆ.","Introducing Dr. Anu,  a clinical medical practitioner who is also a distinguished astrologer with a wealth of knowledge and experience in the mystical realms of Vedic Astrology. With over two decades of expertise in this field, Dr. Anu has become a trusted name among her extensive clientele of 200 consultees from diverse backgrounds. What sets her apart is her exceptional ability to communicate in multiple languages, ensuring that she can connect with clients from around the world. She holds a doctorate in Vedic Astrology and specializes in various astrological systems, including NakshatraNadi, Bhrigunandi Nadi, Parashara, Jaimini, and Numerology. Her expertise extends beyond traditional astrology, encompassing disciplines like Vastu, Cowries Shastra, Pancha Pakshi, Astakavarga, Betel Leaf Shastra, and Medical Astrology. She also practices Yogas, Tarot card, Tara dasa bala, match making and muhurtha. Her dedication to the profound connection between science and spirituality makes her a sought-after astrologer for those seeking profound insights into their life's journey."
ASHA SURESH HALAGERI,49,22.05.1974,FEMALE,9629487996,8870203914,ashahalageri024@gmail.com,"Anand lake view appartment, 401,4th floor,thally road, hosur,tamilnadu 635109",771811134621,ASMPH2061E,3,1000,"Hindi, Kannada, English,Tamil, Marathi","Vedic, Nakshatranadi, Numerology, Tarot, Crystal, Vastu, Reiki",,SBI098989887,SBI,SBIM67878,XYZZZZ,Dr. AshaS,Dr. AshaS,Dr. AshaS,Dr. AshaS,ಡಾ. ಆಶಾ ಎಸ್  ,Dr. AshaS,"Introducing Astrologer Dr. Asha, a luminary in the realm of astrology and spiritual guidance. With an impressive roster of over 1,000 satisfied consultants, AshaS has established herself as a distinguished astrologer. AshaS is not just a single-language practitioner; she is a multilingual maestro, proficient in conveying her astrological wisdom to a diverse global audience. Dr. Asha's proficiency in NakshatraNadi, coupled with her mastery of advanced Parashara astrology and numerology, sets her apart as a beacon of celestial insight. Her academic journey includes a Post Graduate Diploma in Vedic Astrology and a Master's degree in vastu, demonstrating her dedication to profound knowledge in these fields. Beyond astrology, she delves into the realms of chakra healing, crystal healing, and Reiki, transcending the boundaries of conventional astrological practice.Dr.  AshaS holds a Doctorate in Vedic Astrology, She also practices  Lal Kitab Astroscience, Prashnashastra,Parashara, Yogas, Numerology, Bhrigunandi Nadi, Tara dasa bala, JAimini, Match making,and muhurtha. Her multifaceted expertise ensures that she brings a holistic and illuminating perspective to her consultations.","Introducing Astrologer Dr. Asha, a luminary in the realm of astrology and spiritual guidance. With an impressive roster of over 1,000 satisfied consultants, AshaS has established herself as a distinguished astrologer. AshaS is not just a single-language practitioner; she is a multilingual maestro, proficient in conveying her astrological wisdom to a diverse global audience. Dr. Asha's proficiency in NakshatraNadi, coupled with her mastery of advanced Parashara astrology and numerology, sets her apart as a beacon of celestial insight. Her academic journey includes a Post Graduate Diploma in Vedic Astrology and a Master's degree in vastu, demonstrating her dedication to profound knowledge in these fields. Beyond astrology, she delves into the realms of chakra healing, crystal healing, and Reiki, transcending the boundaries of conventional astrological practice.Dr.  AshaS holds a Doctorate in Vedic Astrology, She also practices  Lal Kitab Astroscience, Prashnashastra,Parashara, Yogas, Numerology, Bhrigunandi Nadi, Tara dasa bala, JAimini, Match making,and muhurtha. Her multifaceted expertise ensures that she brings a holistic and illuminating perspective to her consultations.","Introducing Astrologer Dr. Asha, a luminary in the realm of astrology and spiritual guidance. With an impressive roster of over 1,000 satisfied consultants, AshaS has established herself as a distinguished astrologer. AshaS is not just a single-language practitioner; she is a multilingual maestro, proficient in conveying her astrological wisdom to a diverse global audience. Dr. Asha's proficiency in NakshatraNadi, coupled with her mastery of advanced Parashara astrology and numerology, sets her apart as a beacon of celestial insight. Her academic journey includes a Post Graduate Diploma in Vedic Astrology and a Master's degree in vastu, demonstrating her dedication to profound knowledge in these fields. Beyond astrology, she delves into the realms of chakra healing, crystal healing, and Reiki, transcending the boundaries of conventional astrological practice.Dr.  AshaS holds a Doctorate in Vedic Astrology, She also practices  Lal Kitab Astroscience, Prashnashastra,Parashara, Yogas, Numerology, Bhrigunandi Nadi, Tara dasa bala, JAimini, Match making,and muhurtha. Her multifaceted expertise ensures that she brings a holistic and illuminating perspective to her consultations.","Introducing Astrologer Dr. Asha, a luminary in the realm of astrology and spiritual guidance. With an impressive roster of over 1,000 satisfied consultants, AshaS has established herself as a distinguished astrologer. AshaS is not just a single-language practitioner; she is a multilingual maestro, proficient in conveying her astrological wisdom to a diverse global audience. Dr. Asha's proficiency in NakshatraNadi, coupled with her mastery of advanced Parashara astrology and numerology, sets her apart as a beacon of celestial insight. Her academic journey includes a Post Graduate Diploma in Vedic Astrology and a Master's degree in vastu, demonstrating her dedication to profound knowledge in these fields. Beyond astrology, she delves into the realms of chakra healing, crystal healing, and Reiki, transcending the boundaries of conventional astrological practice.Dr.  AshaS holds a Doctorate in Vedic Astrology, She also practices  Lal Kitab Astroscience, Prashnashastra,Parashara, Yogas, Numerology, Bhrigunandi Nadi, Tara dasa bala, JAimini, Match making,and muhurtha. Her multifaceted expertise ensures that she brings a holistic and illuminating perspective to her consultations.","ಜ್ಯೋತಿಷ್ಯ ಮತ್ತು ಆಧ್ಯಾತ್ಮಿಕ ಮಾರ್ಗದರ್ಶನದಲ್ಲಿ ಜ್ಯೋತಿಷಿ ಡಾ. ಆಶಾ ಅವರನ್ನು ಪರಿಚಯಿಸಲಾಗುತ್ತಿದೆ. 1,000 ಕ್ಕೂ ಹೆಚ್ಚು ಸಂತೃಪ್ತ ಸಲಹೆಗಾರರ ​​ಪ್ರಭಾವಶಾಲಿ ಪಟ್ಟಿಯೊಂದಿಗೆ, ಆಶಾಸ್ ತನ್ನನ್ನು ಒಬ್ಬ ವಿಶಿಷ್ಟ ಜ್ಯೋತಿಷಿಯಾಗಿ ಸ್ಥಾಪಿಸಿಕೊಂಡಿದ್ದಾರೆ. ಆಶಾಸ್ ಕೇವಲ ಏಕ-ಭಾಷೆಯ ಅಭ್ಯಾಸಿಯಲ್ಲ; ಅವರು ಬಹುಭಾಷಾ ಮಾಂತ್ರಿಕ, ವೈವಿಧ್ಯಮಯ ಜಾಗತಿಕ ಪ್ರೇಕ್ಷಕರಿಗೆ ತನ್ನ ಜ್ಯೋತಿಷ್ಯ ಜ್ಞಾನವನ್ನು ತಿಳಿಸುವಲ್ಲಿ ಪ್ರವೀಣಳು. ನಕ್ಷತ್ರನಾಡಿಯಲ್ಲಿ ಡಾ. ಆಶಾ ಅವರ ಪ್ರಾವೀಣ್ಯತೆ, ಸುಧಾರಿತ ಪರಾಶರ ಜ್ಯೋತಿಷ್ಯ ಮತ್ತು ಸಂಖ್ಯಾಶಾಸ್ತ್ರದ ಪಾಂಡಿತ್ಯದೊಂದಿಗೆ ಅವರನ್ನು ಆಕಾಶದ ಒಳನೋಟದ ದಾರಿದೀಪವಾಗಿ ಪ್ರತ್ಯೇಕಿಸುತ್ತದೆ. ಅವರ ಶೈಕ್ಷಣಿಕ ಪ್ರಯಾಣವು ವೈದಿಕ ಜ್ಯೋತಿಷ್ಯದಲ್ಲಿ ಸ್ನಾತಕೋತ್ತರ ಡಿಪ್ಲೊಮಾ ಮತ್ತು ವಾಸ್ತುದಲ್ಲಿ ಸ್ನಾತಕೋತ್ತರ ಪದವಿಯನ್ನು ಒಳಗೊಂಡಿದೆ, ಈ ಕ್ಷೇತ್ರಗಳಲ್ಲಿ ಆಳವಾದ ಜ್ಞಾನಕ್ಕಾಗಿ ಅವರ ಸಮರ್ಪಣೆಯನ್ನು ಪ್ರದರ್ಶಿಸುತ್ತದೆ. ಜ್ಯೋತಿಷ್ಯಶಾಸ್ತ್ರದ ಹೊರತಾಗಿ, ಅವರು ಚಕ್ರ ಚಿಕಿತ್ಸೆ, ಕ್ರಿಸ್ಟಲ್ ಚಿಕಿತ್ಸೆ, ಮತ್ತು ರೇಖಿ ಕ್ಷೇತ್ರಗಳಲ್ಲಿ ಪರಿಶೀಲಿಸುತ್ತಾರೆ, ಸಾಂಪ್ರದಾಯಿಕ ಜ್ಯೋತಿಷ್ಯ ಅಭ್ಯಾಸದ ಗಡಿಗಳನ್ನು ಮೀರಿದ್ದಾರೆ. ಆಶಾಸ್ ವೈದಿಕ ಜ್ಯೋತಿಷ್ಯದಲ್ಲಿ ಡಾಕ್ಟರೇಟ್ ಪಡೆದಿದ್ದಾರೆ, ಅವರು ಲಾಲ್ ಕಿತಾಬ್ ಖಗೋಳವಿಜ್ಞಾನ, ಪ್ರಶ್ನೆಶಾಸ್ತ್ರ, ಪರಾಶರ, ಯೋಗಗಳು, ಸಂಖ್ಯಾಶಾಸ್ತ್ರ, ಭೃಗುನಂದಿ ನಾಡಿ, ತಾರಾ ದಶಾ ಬಲ, ಜೈಮಿನಿ, ಮ್ಯಾಚ್ ಮೇಕಿಂಗ್ ಮತ್ತು ಮುಹೂರ್ತವನ್ನು ಸಹ ಅಭ್ಯಾಸ ಮಾಡುತ್ತಾರೆ. ಅವರ ಬಹುಮುಖಿ ಪರಿಣತಿಯು ಅವರ ಸಮಾಲೋಚನೆಗಳಿಗೆ ಸಮಗ್ರ ಮತ್ತು ಪ್ರಕಾಶಕ ದೃಷ್ಟಿಕೋನವನ್ನು ತರುತ್ತದೆ ಎಂದು ಖಚಿತಪಡಿಸುತ್ತದೆ.","Introducing Astrologer Dr. Asha, a luminary in the realm of astrology and spiritual guidance. With an impressive roster of over 1,000 satisfied consultants, AshaS has established herself as a distinguished astrologer. AshaS is not just a single-language practitioner; she is a multilingual maestro, proficient in conveying her astrological wisdom to a diverse global audience. Dr. Asha's proficiency in NakshatraNadi, coupled with her mastery of advanced Parashara astrology and numerology, sets her apart as a beacon of celestial insight. Her academic journey includes a Post Graduate Diploma in Vedic Astrology and a Master's degree in vastu, demonstrating her dedication to profound knowledge in these fields. Beyond astrology, she delves into the realms of chakra healing, crystal healing, and Reiki, transcending the boundaries of conventional astrological practice.Dr.  AshaS holds a Doctorate in Vedic Astrology, She also practices  Lal Kitab Astroscience, Prashnashastra,Parashara, Yogas, Numerology, Bhrigunandi Nadi, Tara dasa bala, JAimini, Match making,and muhurtha. Her multifaceted expertise ensures that she brings a holistic and illuminating perspective to her consultations."
ASHWINI C SOUNDATTI,36,13.10.1986,FEMALE,7349526459,8147119576,soundattiashwini@gmail.com,"Rani channamma nagar, near lakshmi temple, opp community hall, belgaum",582576064534,CEKPS5327G,2,1500,"Hindi, Kannada, English, Marathi","Vedic, Nakshatranadi, Numerology, Tarot,  Palmistry, Crystal, Vastu, Reiki",,SBI098989887,SBI,SBIM67878,XYZZZZ,Dr. AshwiniC,Dr. AshwiniC,Dr. AshwiniC,Dr. AshwiniC, ಡಾ.  ಅಶ್ವಿನಿಸಿ,Dr. AshwiniC,"Introducing Dr. Ashwini, a distinguished figure in the realm of astrology and holistic healing. With a vast clientele of over 1,500 consultants, AshwiniC stands as a beacon of wisdom and guidance in the world of celestial sciences. What sets AshwiniC apart is not only a deep expertise in traditional astrological systems such as NakshatraNadi, Parashara, Numerology, Bhrigunandi Nadi, and Agnihotra, but also a profound understanding of holistic healing practices including Crystal Healing, Reiki Healing, Color Therapy and Vastu Expertise. Dr. Ashwini's knowledge extends beyond the boundaries of language, as they are multilingual, facilitating connections and insights for people from diverse linguistic backgrounds. Their mastery of Vedic Honorary Doctrates and the intricate art of Mundane Astrology ensures that they provide comprehensive and insightful guidance to those seeking answers in their life's journey. She also practices Yogas, Palmistry, Tara dasa bala, Cowries shastra, Jaimini, Match making, Muhurtha. Furthermore, Dr. Ashwini possesses unique skills in Tayata and Yantra making, enabling the creation of personalized tools for spiritual growth and well-being. With a commitment to promoting balance, harmony, and spiritual enlightenment, Dr. Ashwini is a luminary in the field, illuminating paths to self-discovery and transformation for individuals around the world.","Introducing Dr. Ashwini, a distinguished figure in the realm of astrology and holistic healing. With a vast clientele of over 1,500 consultants, AshwiniC stands as a beacon of wisdom and guidance in the world of celestial sciences. What sets AshwiniC apart is not only a deep expertise in traditional astrological systems such as NakshatraNadi, Parashara, Numerology, Bhrigunandi Nadi, and Agnihotra, but also a profound understanding of holistic healing practices including Crystal Healing, Rekhi Healing, Color Therapy and Vastu Expertise. Dr. Ashwini's knowledge extends beyond the boundaries of language, as they are multilingual, facilitating connections and insights for people from diverse linguistic backgrounds. Their mastery of Vedic Honorary Doctrates and the intricate art of Mundane Astrology ensures that they provide comprehensive and insightful guidance to those seeking answers in their life's journey. She also practices Yogas, Palm History, Tara dasa bala, Cowries shastra, Jaimini, Match making, Muhurtha. Furthermore, Dr. Ashwini possesses unique skills in Tayata and Yantra making, enabling the creation of personalized tools for spiritual growth and well-being. With a commitment to promoting balance, harmony, and spiritual enlightenment, Dr. Ashwini is a luminary in the field, illuminating paths to self-discovery and transformation for individuals around the world.","Introducing Dr. Ashwini, a distinguished figure in the realm of astrology and holistic healing. With a vast clientele of over 1,500 consultants, AshwiniC stands as a beacon of wisdom and guidance in the world of celestial sciences. What sets AshwiniC apart is not only a deep expertise in traditional astrological systems such as NakshatraNadi, Parashara, Numerology, Bhrigunandi Nadi, and Agnihotra, but also a profound understanding of holistic healing practices including Crystal Healing, Rekhi Healing, Color Therapy and Vastu Expertise. Dr. Ashwini's knowledge extends beyond the boundaries of language, as they are multilingual, facilitating connections and insights for people from diverse linguistic backgrounds. Their mastery of Vedic Honorary Doctrates and the intricate art of Mundane Astrology ensures that they provide comprehensive and insightful guidance to those seeking answers in their life's journey. She also practices Yogas, Palm History, Tara dasa bala, Cowries shastra, Jaimini, Match making, Muhurtha. Furthermore, Dr. Ashwini possesses unique skills in Tayata and Yantra making, enabling the creation of personalized tools for spiritual growth and well-being. With a commitment to promoting balance, harmony, and spiritual enlightenment, Dr. Ashwini is a luminary in the field, illuminating paths to self-discovery and transformation for individuals around the world.","Introducing Dr. Ashwini, a distinguished figure in the realm of astrology and holistic healing. With a vast clientele of over 1,500 consultants, AshwiniC stands as a beacon of wisdom and guidance in the world of celestial sciences. What sets AshwiniC apart is not only a deep expertise in traditional astrological systems such as NakshatraNadi, Parashara, Numerology, Bhrigunandi Nadi, and Agnihotra, but also a profound understanding of holistic healing practices including Crystal Healing, Rekhi Healing, Color Therapy and Vastu Expertise. Dr. Ashwini's knowledge extends beyond the boundaries of language, as they are multilingual, facilitating connections and insights for people from diverse linguistic backgrounds. Their mastery of Vedic Honorary Doctrates and the intricate art of Mundane Astrology ensures that they provide comprehensive and insightful guidance to those seeking answers in their life's journey. She also practices Yogas, Palm History, Tara dasa bala, Cowries shastra, Jaimini, Match making, Muhurtha. Furthermore, Dr. Ashwini possesses unique skills in Tayata and Yantra making, enabling the creation of personalized tools for spiritual growth and well-being. With a commitment to promoting balance, harmony, and spiritual enlightenment, Dr. Ashwini is a luminary in the field, illuminating paths to self-discovery and transformation for individuals around the world.","ಜ್ಯೋತಿಷ್ಯ ಮತ್ತು ಸಮಗ್ರ ಚಿಕಿತ್ಸಾ ಕ್ಷೇತ್ರದಲ್ಲಿನ ವಿಶಿಷ್ಟ ವ್ಯಕ್ತಿ ಡಾ. ಅಶ್ವಿನಿ ಅವರನ್ನು ಪರಿಚಯಿಸಲಾಗುತ್ತಿದೆ. 1,500 ಕ್ಕೂ ಹೆಚ್ಚು ಸಲಹೆಗಾರರನ್ನು ಹೊಂದಿರುವ ವಿಶಾಲ ಗ್ರಾಹಕರೊಂದಿಗೆ, ಅಶ್ವಿನಿಸಿ ಆಕಾಶ ವಿಜ್ಞಾನಗಳ ಜಗತ್ತಿನಲ್ಲಿ ಬುದ್ಧಿವಂತಿಕೆ ಮತ್ತು ಮಾರ್ಗದರ್ಶನದ ದಾರಿದೀಪವಾಗಿ ನಿಂತಿದೆ. ನಕ್ಷತ್ರನಾಡಿ, ಪರಾಶರ, ಸಂಖ್ಯಾಶಾಸ್ತ್ರ, ಭೃಗುನಂದಿ ನಾಡಿ ಮತ್ತು ಅಗ್ನಿಹೋತ್ರದಂತಹ ಸಾಂಪ್ರದಾಯಿಕ ಜ್ಯೋತಿಷ್ಯ ವ್ಯವಸ್ಥೆಗಳಲ್ಲಿ ಆಳವಾದ ಪರಿಣತಿ ಮಾತ್ರವಲ್ಲದೆ ಕ್ರಿಸ್ಟಲ್ ಹೀಲಿಂಗ್, ರೇಖಿ ಹೀಲಿಂಗ್, ಬಣ್ಣ ಚಿಕಿತ್ಸೆ ಮತ್ತು ವಾಸ್ತು ಪರಿಣತಿ ಸೇರಿದಂತೆ ಸಮಗ್ರ ಚಿಕಿತ್ಸೆ ಅಭ್ಯಾಸಗಳ ಆಳವಾದ ತಿಳುವಳಿಕೆ ಅಶ್ವಿನಿC ಯನ್ನು ಪ್ರತ್ಯೇಕಿಸುತ್ತದೆ. ಡಾ. ಅಶ್ವಿನಿ ಅವರ ಜ್ಞಾನವು ಭಾಷೆಯ ಗಡಿಗಳನ್ನು ಮೀರಿ ವಿಸ್ತರಿಸಿದೆ, ಏಕೆಂದರೆ ಅವರು ಬಹುಭಾಷಾ, ವೈವಿಧ್ಯಮಯ ಭಾಷಾ ಹಿನ್ನೆಲೆಯ ಜನರಿಗೆ ಸಂಪರ್ಕಗಳನ್ನು ಮತ್ತು ಒಳನೋಟಗಳನ್ನು ಸುಗಮಗೊಳಿಸುತ್ತದೆ. ಅವರ ವೈದಿಕ ಗೌರವ ಡಾಕ್ಟರೇಟ್‌ಗಳ ಪಾಂಡಿತ್ಯ ಮತ್ತು ಪ್ರಾಪಂಚಿಕ ಜ್ಯೋತಿಷ್ಯದ ಸಂಕೀರ್ಣ ಕಲೆಯು ಅವರು ತಮ್ಮ ಜೀವನದ ಪ್ರಯಾಣದಲ್ಲಿ ಉತ್ತರಗಳನ್ನು ಹುಡುಕುವವರಿಗೆ ಸಮಗ್ರ ಮತ್ತು ಒಳನೋಟವುಳ್ಳ ಮಾರ್ಗದರ್ಶನವನ್ನು ಒದಗಿಸುವುದನ್ನು ಖಚಿತಪಡಿಸುತ್ತದೆ. ಅವರು ಯೋಗಗಳು, ತಾಳೆಗರಿ ಇತಿಹಾಸ, ತಾರಾ ದಶಾ ಬಲ, ಕೌರೀ ಶಾಸ್ತ್ರ, ಜೈಮಿನಿ, ಮ್ಯಾಚ್ ಮೇಕಿಂಗ್, ಮುಹೂರ್ತವನ್ನು ಸಹ ಅಭ್ಯಾಸ ಮಾಡುತ್ತಾರೆ. ಇದಲ್ಲದೆ, ಡಾ. ಅಶ್ವಿನಿ ಅವರು ತಾಯತ ಮತ್ತು ಯಂತ್ರ ತಯಾರಿಕೆಯಲ್ಲಿ ಅನನ್ಯ ಕೌಶಲ್ಯಗಳನ್ನು ಹೊಂದಿದ್ದಾರೆ, ಆಧ್ಯಾತ್ಮಿಕ ಬೆಳವಣಿಗೆ ಮತ್ತು ಯೋಗಕ್ಷೇಮಕ್ಕಾಗಿ ವೈಯಕ್ತೀಕರಿಸಿದ ಸಾಧನಗಳ ರಚನೆಯನ್ನು ಸಕ್ರಿಯಗೊಳಿಸುತ್ತಾರೆ. ಸಮತೋಲನ, ಸಾಮರಸ್ಯ ಮತ್ತು ಆಧ್ಯಾತ್ಮಿಕ ಜ್ಞಾನೋದಯವನ್ನು ಉತ್ತೇಜಿಸುವ ಬದ್ಧತೆಯೊಂದಿಗೆ, ಡಾ. ಅಶ್ವಿನಿ ಅವರು ಕ್ಷೇತ್ರದಲ್ಲಿ ಪ್ರಕಾಶಕರಾಗಿದ್ದಾರೆ, ಪ್ರಪಂಚದಾದ್ಯಂತದ ವ್ಯಕ್ತಿಗಳಿಗೆ ಸ್ವಯಂ-ಶೋಧನೆ ಮತ್ತು ರೂಪಾಂತರದ ಮಾರ್ಗಗಳನ್ನು ಬೆಳಗಿಸುತ್ತಾರೆ.","Introducing Dr. Ashwini, a distinguished figure in the realm of astrology and holistic healing. With a vast clientele of over 1,500 consultants, AshwiniC stands as a beacon of wisdom and guidance in the world of celestial sciences. What sets AshwiniC apart is not only a deep expertise in traditional astrological systems such as NakshatraNadi, Parashara, Numerology, Bhrigunandi Nadi, and Agnihotra, but also a profound understanding of holistic healing practices including Crystal Healing, Rekhi Healing, Color Therapy and Vastu Expertise. Dr. Ashwini's knowledge extends beyond the boundaries of language, as they are multilingual, facilitating connections and insights for people from diverse linguistic backgrounds. Their mastery of Vedic Honorary Doctrates and the intricate art of Mundane Astrology ensures that they provide comprehensive and insightful guidance to those seeking answers in their life's journey. She also practices Yogas, Palm History, Tara dasa bala, Cowries shastra, Jaimini, Match making, Muhurtha. Furthermore, Dr. Ashwini possesses unique skills in Tayata and Yantra making, enabling the creation of personalized tools for spiritual growth and well-being. With a commitment to promoting balance, harmony, and spiritual enlightenment, Dr. Ashwini is a luminary in the field, illuminating paths to self-discovery and transformation for individuals around the world."
BALASUBRAMANYA K.S,46,07.03.1977,MALE,7337792737,,jphaladeepika@gmail.com,"50/2, 22nd cross, ittamadu, bangalore-560085",499338493440,ATAPS5965K,15,10000,"Hindi, Kannada, English, Tamil, Telugu","Vedic, Nakshatranadi, Numerology ",,SBI098989887,SBI,SBIM67878,XYZZZZ,Dr. BalaSubramanyaKS,Dr. BalaSubramanyaKS,Dr. BalaSubramanyaKS,Dr. BalaSubramanyaKS, ಡಾ.ಬಾಲಸುಬ್ರಮಣ್ಯ ಕೆ ಎಸ್ ,Dr. BalaSubramanyaKS,"
Introducing the venerable Dr. BalaSubramanya, a luminary in the realm of astrology and spirituality. With a multifaceted career as a temple priest and esteemed astrologer, Dr. BalaSubramanya embodies a profound connection to the celestial forces that shape our lives. His gift transcends borders, as he is fluent in multiple languages, enabling him to connect with a diverse clientele spanning over 10,000 individuals from around the globe. Dr. BalaSubramanya's expertise extends to the esoteric realms of Advanced NakshatraNadi, Numerology, Parihara, and more. His extensive academic background includes a post-graduation and diploma in Vedic Astrology, along with the pinnacle of his scholarly achievements, a PhD in Vedic Astrology. Deeply rooted in the ancient wisdom of the Rig Veda, Dr. BalaSubramanya's insights into the cosmic tapestry are unparalleled. He also practices Prashnashastra, Yogas, Match making and Muhurtha. Dr. BalaSubramanya stands as a beacon of enlightenment and a trusted guide to those seeking clarity in their life.","
Introducing the venerable Dr. BalaSubramanya, a luminary in the realm of astrology and spirituality. With a multifaceted career as a temple priest and esteemed astrologer, Dr. BalaSubramanya embodies a profound connection to the celestial forces that shape our lives. His gift transcends borders, as he is fluent in multiple languages, enabling him to connect with a diverse clientele spanning over 10,000 individuals from around the globe. Dr. BalaSubramanya's expertise extends to the esoteric realms of Advanced NakshatraNadi, Numerology, Parihara, and more. His extensive academic background includes a post-graduation and diploma in Vedic Astrology, along with the pinnacle of his scholarly achievements, a PhD in Vedic Astrology. Deeply rooted in the ancient wisdom of the Rig Veda, Dr. BalaSubramanya's insights into the cosmic tapestry are unparalleled. He also practices Prashnashastra, Yogas, Match making and Muhurtha. Dr. BalaSubramanya stands as a beacon of enlightenment and a trusted guide to those seeking clarity in their life.","
Introducing the venerable Dr. BalaSubramanya, a luminary in the realm of astrology and spirituality. With a multifaceted career as a temple priest and esteemed astrologer, Dr. BalaSubramanya embodies a profound connection to the celestial forces that shape our lives. His gift transcends borders, as he is fluent in multiple languages, enabling him to connect with a diverse clientele spanning over 10,000 individuals from around the globe. Dr. BalaSubramanya's expertise extends to the esoteric realms of Advanced NakshatraNadi, Numerology, Parihara, and more. His extensive academic background includes a post-graduation and diploma in Vedic Astrology, along with the pinnacle of his scholarly achievements, a PhD in Vedic Astrology. Deeply rooted in the ancient wisdom of the Rig Veda, Dr. BalaSubramanya's insights into the cosmic tapestry are unparalleled. He also practices Prashnashastra, Yogas, Match making and Muhurtha. Dr. BalaSubramanya stands as a beacon of enlightenment and a trusted guide to those seeking clarity in their life.","
Introducing the venerable Dr. BalaSubramanya, a luminary in the realm of astrology and spirituality. With a multifaceted career as a temple priest and esteemed astrologer, Dr. BalaSubramanya embodies a profound connection to the celestial forces that shape our lives. His gift transcends borders, as he is fluent in multiple languages, enabling him to connect with a diverse clientele spanning over 10,000 individuals from around the globe. Dr. BalaSubramanya's expertise extends to the esoteric realms of Advanced NakshatraNadi, Numerology, Parihara, and more. His extensive academic background includes a post-graduation and diploma in Vedic Astrology, along with the pinnacle of his scholarly achievements, a PhD in Vedic Astrology. Deeply rooted in the ancient wisdom of the Rig Veda, Dr. BalaSubramanya's insights into the cosmic tapestry are unparalleled. He also practices Prashnashastra, Yogas, Match making and Muhurtha. Dr. BalaSubramanya stands as a beacon of enlightenment and a trusted guide to those seeking clarity in their life.","ಜ್ಯೋತಿಷ್ಯ ಮತ್ತು ಆಧ್ಯಾತ್ಮ ಕ್ಷೇತ್ರದಲ್ಲಿ ಗಣ್ಯರಾದ ಪೂಜ್ಯ ಡಾ.ಬಾಲಸುಬ್ರಮಣ್ಯ ಅವರನ್ನು ಪರಿಚಯಿಸುತ್ತಿದ್ದೇವೆ. ದೇವಾಲಯದ ಅರ್ಚಕ ಮತ್ತು ಗೌರವಾನ್ವಿತ ಜ್ಯೋತಿಷಿಯಾಗಿ ಬಹುಮುಖಿ ವೃತ್ತಿಜೀವನದೊಂದಿಗೆ, ಡಾ. ಬಾಲಸುಬ್ರಮಣ್ಯ ಅವರು ನಮ್ಮ ಜೀವನವನ್ನು ರೂಪಿಸುವ ಆಕಾಶ ಶಕ್ತಿಗಳೊಂದಿಗೆ ಆಳವಾದ ಸಂಪರ್ಕವನ್ನು ಹೊಂದಿದ್ದಾರೆ. ಅವರ ಉಡುಗೊರೆ ಗಡಿಗಳನ್ನು ಮೀರಿದೆ, ಏಕೆಂದರೆ ಅವರು ಬಹು ಭಾಷೆಗಳಲ್ಲಿ ನಿರರ್ಗಳವಾಗಿ ಮಾತನಾಡುತ್ತಾರೆ, ಪ್ರಪಂಚದಾದ್ಯಂತದ 10,000 ಕ್ಕೂ ಹೆಚ್ಚು ವ್ಯಕ್ತಿಗಳನ್ನು ವ್ಯಾಪಿಸಿರುವ ವೈವಿಧ್ಯಮಯ ಗ್ರಾಹಕರೊಂದಿಗೆ ಸಂಪರ್ಕ ಸಾಧಿಸಲು ಅವರಿಗೆ ಅನುವು ಮಾಡಿಕೊಡುತ್ತದೆ. ಡಾ. ಬಾಲಸುಬ್ರಮಣ್ಯ ಅವರ ಪರಿಣತಿಯು ಸುಧಾರಿತ ನಕ್ಷತ್ರನಾಡಿ, ಸಂಖ್ಯಾಶಾಸ್ತ್ರ, ಪರಿಹಾರ ಮತ್ತು ಹೆಚ್ಚಿನ ನಿಗೂಢ ಕ್ಷೇತ್ರಗಳಿಗೆ ವಿಸ್ತರಿಸುತ್ತದೆ. ಅವರ ವ್ಯಾಪಕವಾದ ಶೈಕ್ಷಣಿಕ ಹಿನ್ನೆಲೆಯು ವೈದಿಕ ಜ್ಯೋತಿಷ್ಯದಲ್ಲಿ ಸ್ನಾತಕೋತ್ತರ ಪದವಿ ಮತ್ತು ಡಿಪ್ಲೊಮಾವನ್ನು ಒಳಗೊಂಡಿದೆ, ಜೊತೆಗೆ ಅವರ ಪಾಂಡಿತ್ಯಪೂರ್ಣ ಸಾಧನೆಗಳ ಪರಾಕಾಷ್ಠೆ, ವೈದಿಕ ಜ್ಯೋತಿಷ್ಯದಲ್ಲಿ ಪಿಎಚ್‌ಡಿ. ಋಗ್ವೇದದ ಪ್ರಾಚೀನ ಬುದ್ಧಿವಂತಿಕೆಯಲ್ಲಿ ಆಳವಾಗಿ ಬೇರೂರಿರುವ ಡಾ. ಬಾಲಸುಬ್ರಹ್ಮಣ್ಯ ಅವರ ಕಾಸ್ಮಿಕ್ ವಸ್ತ್ರದ ಒಳನೋಟಗಳು ಸಾಟಿಯಿಲ್ಲದವು. ಅವರು ಪ್ರಶ್ನೆಶಾಸ್ತ್ರ, ಯೋಗಗಳು, ಮ್ಯಾಚ್ ಮೇಕಿಂಗ್ ಮತ್ತು ಮುಹೂರ್ತವನ್ನು ಅಭ್ಯಾಸ ಮಾಡುತ್ತಾರೆ. ಡಾ. ಬಾಲಸುಬ್ರಹ್ಮಣ್ಯ ಅವರು ತಮ್ಮ ಜೀವನದಲ್ಲಿ ಸ್ಪಷ್ಟತೆಯನ್ನು ಬಯಸುವವರಿಗೆ ಜ್ಞಾನದ ದಾರಿದೀಪ ಮತ್ತು ವಿಶ್ವಾಸಾರ್ಹ ಮಾರ್ಗದರ್ಶಕರಾಗಿದ್ದಾರೆ.","
Introducing the venerable Dr. BalaSubramanya, a luminary in the realm of astrology and spirituality. With a multifaceted career as a temple priest and esteemed astrologer, Dr. BalaSubramanya embodies a profound connection to the celestial forces that shape our lives. His gift transcends borders, as he is fluent in multiple languages, enabling him to connect with a diverse clientele spanning over 10,000 individuals from around the globe. Dr. BalaSubramanya's expertise extends to the esoteric realms of Advanced NakshatraNadi, Numerology, Parihara, and more. His extensive academic background includes a post-graduation and diploma in Vedic Astrology, along with the pinnacle of his scholarly achievements, a PhD in Vedic Astrology. Deeply rooted in the ancient wisdom of the Rig Veda, Dr. BalaSubramanya's insights into the cosmic tapestry are unparalleled. He also practices Prashnashastra, Yogas, Match making and Muhurtha. Dr. BalaSubramanya stands as a beacon of enlightenment and a trusted guide to those seeking clarity in their life."
BHARADWAJ MANJUNATHA,42,19.04.1881,MALE,9739566455,8660806890,manjumagadi19@gmail.com,"NO-5, 26th cross,1st main road, bagalakote-560073",373378087315,,3,126," Kannada, English, Telugu","Vedic, Nakshatranadi, Numerology",,SBI098989887,SBI,SBIM67878,XYZZZZ,BharadwajM,BharadwajM,BharadwajM,BharadwajM, ಭಾರದ್ವಾಜ್ ಎಂ ,BharadwajM,"Introducing Astrologer Bharadwaj, a luminary in the realm of astrology. With a dedicated career spanning years, Bharadwaj is a guiding light for over 126 consultees seeking celestial wisdom. While his occupation as a Supervisor in the private sector keeps him grounded, it is his celestial pursuits that truly elevate him. Bharadwaj's mastery extends across various branches of astrology, including Nakshatra Nadi, Bhrigunandi Nadi, Hit Theory, Jaimini, and Varsha Pala, making him a versatile and sought-after practitioner in the field. He stands as an exemplar, having completed advanced and higher classes in Vedic astrology, earning him the prestigious title of Vedic Astro Master. He also practices Prashnashastra, Parashara, Yogas, Numerology, Tara Dasa Bala, Match making, Muhurtha. Astrologer Bharadwaj is not just an astrologer; he is a celestial navigator, steering individuals towards a brighter, more harmonious future through the profound wisdom of the stars.","Introducing Astrologer Bharadwaj, a luminary in the realm of astrology. With a dedicated career spanning years, Bharadwaj is a guiding light for over 126 consultees seeking celestial wisdom. While his occupation as a Supervisor in the private sector keeps him grounded, it is his celestial pursuits that truly elevate him. Bharadwaj's mastery extends across various branches of astrology, including Nakshatra Nadi, Bhrigunandi Nadi, Hit Theory, Jaimini, and Varsha Pala, making him a versatile and sought-after practitioner in the field. He stands as an exemplar, having completed advanced and higher classes in Vedic astrology, earning him the prestigious title of Vedic Astro Master. He also practices Prashnashastra, Parashara, Yogas, Numerology, Tara Dasa Bala, Match making, Muhurtha. Astrologer Bharadwaj is not just an astrologer; he is a celestial navigator, steering individuals towards a brighter, more harmonious future through the profound wisdom of the stars.","Introducing Astrologer Bharadwaj, a luminary in the realm of astrology. With a dedicated career spanning years, Bharadwaj is a guiding light for over 126 consultees seeking celestial wisdom. While his occupation as a Supervisor in the private sector keeps him grounded, it is his celestial pursuits that truly elevate him. Bharadwaj's mastery extends across various branches of astrology, including Nakshatra Nadi, Bhrigunandi Nadi, Hit Theory, Jaimini, and Varsha Pala, making him a versatile and sought-after practitioner in the field. He stands as an exemplar, having completed advanced and higher classes in Vedic astrology, earning him the prestigious title of Vedic Astro Master. He also practices Prashnashastra, Parashara, Yogas, Numerology, Tara Dasa Bala, Match making, Muhurtha. Astrologer Bharadwaj is not just an astrologer; he is a celestial navigator, steering individuals towards a brighter, more harmonious future through the profound wisdom of the stars.","Introducing Astrologer Bharadwaj, a luminary in the realm of astrology. With a dedicated career spanning years, Bharadwaj is a guiding light for over 126 consultees seeking celestial wisdom. While his occupation as a Supervisor in the private sector keeps him grounded, it is his celestial pursuits that truly elevate him. Bharadwaj's mastery extends across various branches of astrology, including Nakshatra Nadi, Bhrigunandi Nadi, Hit Theory, Jaimini, and Varsha Pala, making him a versatile and sought-after practitioner in the field. He stands as an exemplar, having completed advanced and higher classes in Vedic astrology, earning him the prestigious title of Vedic Astro Master. He also practices Prashnashastra, Parashara, Yogas, Numerology, Tara Dasa Bala, Match making, Muhurtha. Astrologer Bharadwaj is not just an astrologer; he is a celestial navigator, steering individuals towards a brighter, more harmonious future through the profound wisdom of the stars.","ಜ್ಯೋತಿಷ್ಯ ಕ್ಷೇತ್ರದಲ್ಲಿ ಪ್ರಜ್ವಲಿಸಿದ ಜ್ಯೋತಿಷಿ ಭಾರದ್ವಾಜ್ ಅವರನ್ನು ಪರಿಚಯಿಸಲಾಗುತ್ತಿದೆ. ವರ್ಷಗಳ ಕಾಲ ಸಮರ್ಪಿತ ವೃತ್ತಿಜೀವನದೊಂದಿಗೆ, ಭಾರದ್ವಾಜ್ ಅವರು ಆಕಾಶದ ಬುದ್ಧಿವಂತಿಕೆಯನ್ನು ಬಯಸುವ 126 ಕ್ಕೂ ಹೆಚ್ಚು ಸಲಹೆಗಾರರಿಗೆ ಮಾರ್ಗದರ್ಶಕರಾಗಿದ್ದಾರೆ. ಖಾಸಗಿ ವಲಯದಲ್ಲಿ ಮೇಲ್ವಿಚಾರಕನಾಗಿ ಅವರ ಉದ್ಯೋಗವು ಅವರನ್ನು ನೆಲಸಮಗೊಳಿಸಿದರೆ, ಅವರ ಸ್ವರ್ಗೀಯ ಅನ್ವೇಷಣೆಗಳು ಅವರನ್ನು ನಿಜವಾಗಿಯೂ ಮೇಲಕ್ಕೆತ್ತುತ್ತವೆ. ಭಾರದ್ವಾಜ್ ಅವರ ಪಾಂಡಿತ್ಯವು ನಕ್ಷತ್ರ ನಾಡಿ, ಭೃಗುನಂದಿ ನಾಡಿ, ಹಿಟ್ ಥಿಯರಿ, ಜೈಮಿನಿ ಮತ್ತು ವರ್ಷ ಪಾಲ ಸೇರಿದಂತೆ ಜ್ಯೋತಿಷ್ಯದ ವಿವಿಧ ಶಾಖೆಗಳಲ್ಲಿ ವ್ಯಾಪಿಸಿದೆ, ಈ ಕ್ಷೇತ್ರದಲ್ಲಿ ಅವರನ್ನು ಬಹುಮುಖ ಮತ್ತು ಬೇಡಿಕೆಯ ಅಭ್ಯಾಸಕಾರರನ್ನಾಗಿ ಮಾಡಿದೆ. ವೈದಿಕ ಜ್ಯೋತಿಷ್ಯದಲ್ಲಿ ಮುಂದುವರಿದ ಮತ್ತು ಉನ್ನತ ತರಗತಿಗಳನ್ನು ಪೂರ್ಣಗೊಳಿಸಿದ ಅವರು ವೈದಿಕ ಆಸ್ಟ್ರೋ ಮಾಸ್ಟರ್ ಎಂಬ ಪ್ರತಿಷ್ಠಿತ ಬಿರುದನ್ನು ಗಳಿಸಿ ಅನುಕರಣೀಯರಾಗಿ ನಿಂತಿದ್ದಾರೆ. ಅವರು ಪ್ರಶ್ನೆಶಾಸ್ತ್ರ, ಪರಾಶರ, ಯೋಗಗಳು, ಸಂಖ್ಯಾಶಾಸ್ತ್ರ, ತಾರಾ ದಶಾ ಬಲ, ಮ್ಯಾಚ್ ಮೇಕಿಂಗ್, ಮುಹೂರ್ತವನ್ನು ಸಹ ಅಭ್ಯಾಸ ಮಾಡುತ್ತಾರೆ. ಜ್ಯೋತಿಷಿ ಭಾರದ್ವಾಜ್ ಕೇವಲ ಜ್ಯೋತಿಷಿಯಲ್ಲ; ಅವರು ಆಕಾಶ ನ್ಯಾವಿಗೇಟರ್ ಆಗಿದ್ದು, ನಕ್ಷತ್ರಗಳ ಆಳವಾದ ಬುದ್ಧಿವಂತಿಕೆಯ ಮೂಲಕ ವ್ಯಕ್ತಿಗಳನ್ನು ಪ್ರಕಾಶಮಾನವಾದ, ಹೆಚ್ಚು ಸಾಮರಸ್ಯದ ಭವಿಷ್ಯದ ಕಡೆಗೆ ನಿರ್ದೇಶಿಸುತ್ತಾನೆ.","Introducing Astrologer Bharadwaj, a luminary in the realm of astrology. With a dedicated career spanning years, Bharadwaj is a guiding light for over 126 consultees seeking celestial wisdom. While his occupation as a Supervisor in the private sector keeps him grounded, it is his celestial pursuits that truly elevate him. Bharadwaj's mastery extends across various branches of astrology, including Nakshatra Nadi, Bhrigunandi Nadi, Hit Theory, Jaimini, and Varsha Pala, making him a versatile and sought-after practitioner in the field. He stands as an exemplar, having completed advanced and higher classes in Vedic astrology, earning him the prestigious title of Vedic Astro Master. He also practices Prashnashastra, Parashara, Yogas, Numerology, Tara Dasa Bala, Match making, Muhurtha. Astrologer Bharadwaj is not just an astrologer; he is a celestial navigator, steering individuals towards a brighter, more harmonious future through the profound wisdom of the stars."
BHARATHI M. ANGADI,44,22.07.1978,FEMALE,8369118293,,angadibharathi@gmail.com,"203,laya appartment,NITK surathkal, mangalore- 575025",981010544029,AYNPA7080M,1,50,"Hindi, Kannada"," Nakshatranadi, Numerology, Vastu",,SBI098989887,SBI,SBIM67878,XYZZZZ,BharatiM,BharatiM,BharatiM,BharatiM,ಭಾರತಿ ಎಂ ,BharatiM,"
Introducing Bharati, a remarkable individual whose multifaceted talents and deep-rooted knowledge in the mystical realms of astrology have made her a renowned figure in the field. Although she primarily identifies as a dedicated homemaker, Bharati's expertise transcends the confines of her home. She possesses an unparalleled mastery of Nakshatra Nadi, Vastu Shastra, and Parashara techniques, demonstrating a profound connection with the celestial and architectural realms. Her skills in Prashna Shastra, the art of answering questions through divination, have astounded many with their accuracy and insight. Bharati's repertoire extends to numerology, where she unveils the hidden significance of numbers and their cosmic influence in people's lives. Her proficiency in Bhrigunandi Nadi is a testament to her commitment to exploring various astrological systems. Moreover, Bharati is celebrated for her match-making abilities and astrological yogas. She is a guiding light in the journey of self-discovery and interpersonal connections, leaving a profound impact on those who seek her wisdom.","
Introducing Bharati, a remarkable individual whose multifaceted talents and deep-rooted knowledge in the mystical realms of astrology have made her a renowned figure in the field. Although she primarily identifies as a dedicated homemaker, Bharati's expertise transcends the confines of her home. She possesses an unparalleled mastery of Nakshatra Nadi, Vastu Shastra, and Parashara techniques, demonstrating a profound connection with the celestial and architectural realms. Her skills in Prashna Shastra, the art of answering questions through divination, have astounded many with their accuracy and insight. Bharati's repertoire extends to numerology, where she unveils the hidden significance of numbers and their cosmic influence in people's lives. Her proficiency in Bhrigunandi Nadi is a testament to her commitment to exploring various astrological systems. Moreover, Bharati is celebrated for her match-making abilities and astrological yogas. She is a guiding light in the journey of self-discovery and interpersonal connections, leaving a profound impact on those who seek her wisdom.","
Introducing Bharati, a remarkable individual whose multifaceted talents and deep-rooted knowledge in the mystical realms of astrology have made her a renowned figure in the field. Although she primarily identifies as a dedicated homemaker, Bharati's expertise transcends the confines of her home. She possesses an unparalleled mastery of Nakshatra Nadi, Vastu Shastra, and Parashara techniques, demonstrating a profound connection with the celestial and architectural realms. Her skills in Prashna Shastra, the art of answering questions through divination, have astounded many with their accuracy and insight. Bharati's repertoire extends to numerology, where she unveils the hidden significance of numbers and their cosmic influence in people's lives. Her proficiency in Bhrigunandi Nadi is a testament to her commitment to exploring various astrological systems. Moreover, Bharati is celebrated for her match-making abilities and astrological yogas. She is a guiding light in the journey of self-discovery and interpersonal connections, leaving a profound impact on those who seek her wisdom.","
Introducing Bharati, a remarkable individual whose multifaceted talents and deep-rooted knowledge in the mystical realms of astrology have made her a renowned figure in the field. Although she primarily identifies as a dedicated homemaker, Bharati's expertise transcends the confines of her home. She possesses an unparalleled mastery of Nakshatra Nadi, Vastu Shastra, and Parashara techniques, demonstrating a profound connection with the celestial and architectural realms. Her skills in Prashna Shastra, the art of answering questions through divination, have astounded many with their accuracy and insight. Bharati's repertoire extends to numerology, where she unveils the hidden significance of numbers and their cosmic influence in people's lives. Her proficiency in Bhrigunandi Nadi is a testament to her commitment to exploring various astrological systems. Moreover, Bharati is celebrated for her match-making abilities and astrological yogas. She is a guiding light in the journey of self-discovery and interpersonal connections, leaving a profound impact on those who seek her wisdom.","ಜ್ಯೋತಿಷ್ಯದ ಅತೀಂದ್ರಿಯ ಕ್ಷೇತ್ರಗಳಲ್ಲಿ ಬಹುಮುಖ ಪ್ರತಿಭೆ ಮತ್ತು ಆಳವಾದ ಬೇರೂರಿರುವ ಜ್ಞಾನದ ಗಮನಾರ್ಹ ವ್ಯಕ್ತಿಯಾಗಿರುವ ಭಾರತಿ ಅವರನ್ನು ಪರಿಚಯಿಸುವುದು ಅವರನ್ನು ಕ್ಷೇತ್ರದಲ್ಲಿ ಹೆಸರಾಂತ ವ್ಯಕ್ತಿಯಾಗಿ ಮಾಡಿದೆ. ಅವರು ಪ್ರಾಥಮಿಕವಾಗಿ ಸಮರ್ಪಿತ ಗೃಹಿಣಿಯಾಗಿ ಗುರುತಿಸಿಕೊಂಡರೂ, ಭಾರತಿಯ ಪರಿಣತಿಯು ಅವರ ಮನೆಯ ಮಿತಿಯನ್ನು ಮೀರಿದೆ. ಅವರು ನಕ್ಷತ್ರ ನಾಡಿ, ವಾಸ್ತು ಶಾಸ್ತ್ರ ಮತ್ತು ಪರಾಶರ ತಂತ್ರಗಳಲ್ಲಿ ಅಪ್ರತಿಮ ಪಾಂಡಿತ್ಯವನ್ನು ಹೊಂದಿದ್ದಾರೆ, ಆಕಾಶ ಮತ್ತು ವಾಸ್ತುಶಿಲ್ಪದ ಕ್ಷೇತ್ರಗಳೊಂದಿಗೆ ಆಳವಾದ ಸಂಪರ್ಕವನ್ನು ಪ್ರದರ್ಶಿಸುತ್ತಾಳೆ. ಪ್ರಶ್ನೆ ಶಾಸ್ತ್ರದಲ್ಲಿ ಅವರ ಕೌಶಲ್ಯ, ಭವಿಷ್ಯಜ್ಞಾನದ ಮೂಲಕ ಪ್ರಶ್ನೆಗಳಿಗೆ ಉತ್ತರಿಸುವ ಕಲೆ, ಅವರ ನಿಖರತೆ ಮತ್ತು ಒಳನೋಟದಿಂದ ಅನೇಕರನ್ನು ಬೆರಗುಗೊಳಿಸಿದೆ. ಭಾರತಿ ಅವರ ಸಂಗ್ರಹವು ಸಂಖ್ಯಾಶಾಸ್ತ್ರಕ್ಕೆ ವಿಸ್ತರಿಸುತ್ತದೆ, ಅಲ್ಲಿ ಅವರು ಸಂಖ್ಯೆಗಳ ಗುಪ್ತ ಪ್ರಾಮುಖ್ಯತೆ ಮತ್ತು ಜನರ ಜೀವನದಲ್ಲಿ ಅವುಗಳ ವಿಶ್ವ ಪ್ರಭಾವವನ್ನು ಅನಾವರಣಗೊಳಿಸುತ್ತಾರೆ. ಭೃಗುನಂದಿ ನಾಡಿನಲ್ಲಿ ಅವರ ಪ್ರಾವೀಣ್ಯತೆಯು ವಿವಿಧ ಜ್ಯೋತಿಷ್ಯ ವ್ಯವಸ್ಥೆಗಳನ್ನು ಅನ್ವೇಷಿಸುವ ಬದ್ಧತೆಗೆ ಸಾಕ್ಷಿಯಾಗಿದೆ. ಇದಲ್ಲದೆ, ಭಾರತಿ ಅವರ ಹೊಂದಾಣಿಕೆಯ ಸಾಮರ್ಥ್ಯಗಳು ಮತ್ತು ಜ್ಯೋತಿಷ್ಯ ಯೋಗಗಳಿಗಾಗಿ ಆಚರಿಸಲಾಗುತ್ತದೆ. ಸ್ವಯಂ ಅನ್ವೇಷಣೆ ಮತ್ತು ಪರಸ್ಪರ ಸಂಪರ್ಕಗಳ ಪ್ರಯಾಣದಲ್ಲಿ ಅವರು ಮಾರ್ಗದರ್ಶಿ ಬೆಳಕಾಗಿದ್ದಾಳೆ, ಅವರ ಬುದ್ಧಿವಂತಿಕೆಯನ್ನು ಹುಡುಕುವವರ ಮೇಲೆ ಆಳವಾದ ಪ್ರಭಾವವನ್ನು ಬೀರುತ್ತಾಳೆ.","
Introducing Bharati, a remarkable individual whose multifaceted talents and deep-rooted knowledge in the mystical realms of astrology have made her a renowned figure in the field. Although she primarily identifies as a dedicated homemaker, Bharati's expertise transcends the confines of her home. She possesses an unparalleled mastery of Nakshatra Nadi, Vastu Shastra, and Parashara techniques, demonstrating a profound connection with the celestial and architectural realms. Her skills in Prashna Shastra, the art of answering questions through divination, have astounded many with their accuracy and insight. Bharati's repertoire extends to numerology, where she unveils the hidden significance of numbers and their cosmic influence in people's lives. Her proficiency in Bhrigunandi Nadi is a testament to her commitment to exploring various astrological systems. Moreover, Bharati is celebrated for her match-making abilities and astrological yogas. She is a guiding light in the journey of self-discovery and interpersonal connections, leaving a profound impact on those who seek her wisdom."
CHALUVA NARAYANA SWAMY,40,26.04.1983,MALE,9380653133,8088614274,cheluvans369@gmail.com,"S/O Nellakantaiah, Doddarayapete(V)(P), Chamarajanagara-571313",628252664209,ARPPC4023M,1,20,"Kannada, English","Vedic, Nakshatranadi, Numerology, Crystal, Vastu",,SBI098989887,SBI,SBIM67878,XYZZZZ,Dr. CheluvanarayanaS,Dr. CheluvanarayanaS,Dr. CheluvanarayanaS,Dr. CheluvanarayanaS, ಡಾ. ಚೆಲುವನಾರಾಯಣ ಎಸ್  ,Dr. CheluvanarayanaS,"
Enter the captivating world of Dr. Cheluvanarayana, a rare luminary who effortlessly straddles the domains of business and mysticism. By day, Cheluvanarayana thrives in the corporate arena, however, his true brilliance unfolds within the tapestry of astrology, where he is revered as a true maestro. Armed with a Doctorate in Vastu, Dr. Cheluvanarayana possesses an intricate understanding of harmonizing living spaces with celestial energies. His celestial journey extends to Nakshatranadi, a specialized branch of astrology, enabling them to navigate the intricate dance of celestial constellations with grace and precision. Cheluvanarayana is a dedicated practitioner of Vedic Astrology, delving deep into the sacred teachings of Parashara and the esoteric realm of Yogas, unraveling the hidden threads that shape destinies. Their expertise extends to the mystical Bhrigunandi Nadi, Tara Dasa Bala, and Muhurtha, offering profound insights into individual life paths and auspicious moments in time. In addition, Dr. Cheluvanarayana is renowned for their adeptness in match-making, Mundane astrology, Prashnashastra, Numerology, Jaimini, crystal healing to foster holistic well-being. CheluvaNarayana's celestial repertoire is as vast as the cosmos itself, illuminating the lives of those who seek their guidance with a radiant and profound light.","
Enter the captivating world of Dr. Cheluvanarayana, a rare luminary who effortlessly straddles the domains of business and mysticism. By day, Cheluvanarayana thrives in the corporate arena, however, his true brilliance unfolds within the tapestry of astrology, where he is revered as a true maestro. Armed with a Doctorate in Vastu, Dr. Cheluvanarayana possesses an intricate understanding of harmonizing living spaces with celestial energies. His celestial journey extends to Nakshatranadi, a specialized branch of astrology, enabling them to navigate the intricate dance of celestial constellations with grace and precision. Cheluvanarayana is a dedicated practitioner of Vedic Astrology, delving deep into the sacred teachings of Parashara and the esoteric realm of Yogas, unraveling the hidden threads that shape destinies. Their expertise extends to the mystical Bhrigunandi Nadi, Tara Dasa Bala, and Muhurtha, offering profound insights into individual life paths and auspicious moments in time. In addition, Dr. Cheluvanarayana is renowned for their adeptness in match-making, Mundane astrology, Prashnashastra, Numerology, Jaimini, crystal healing to foster holistic well-being. CheluvaNarayana's celestial repertoire is as vast as the cosmos itself, illuminating the lives of those who seek their guidance with a radiant and profound light.","
Enter the captivating world of Dr. Cheluvanarayana, a rare luminary who effortlessly straddles the domains of business and mysticism. By day, Cheluvanarayana thrives in the corporate arena, however, his true brilliance unfolds within the tapestry of astrology, where he is revered as a true maestro. Armed with a Doctorate in Vastu, Dr. Cheluvanarayana possesses an intricate understanding of harmonizing living spaces with celestial energies. His celestial journey extends to Nakshatranadi, a specialized branch of astrology, enabling them to navigate the intricate dance of celestial constellations with grace and precision. Cheluvanarayana is a dedicated practitioner of Vedic Astrology, delving deep into the sacred teachings of Parashara and the esoteric realm of Yogas, unraveling the hidden threads that shape destinies. Their expertise extends to the mystical Bhrigunandi Nadi, Tara Dasa Bala, and Muhurtha, offering profound insights into individual life paths and auspicious moments in time. In addition, Dr. Cheluvanarayana is renowned for their adeptness in match-making, Mundane astrology, Prashnashastra, Numerology, Jaimini, crystal healing to foster holistic well-being. CheluvaNarayana's celestial repertoire is as vast as the cosmos itself, illuminating the lives of those who seek their guidance with a radiant and profound light.","
Enter the captivating world of Dr. Cheluvanarayana, a rare luminary who effortlessly straddles the domains of business and mysticism. By day, Cheluvanarayana thrives in the corporate arena, however, his true brilliance unfolds within the tapestry of astrology, where he is revered as a true maestro. Armed with a Doctorate in Vastu, Dr. Cheluvanarayana possesses an intricate understanding of harmonizing living spaces with celestial energies. His celestial journey extends to Nakshatranadi, a specialized branch of astrology, enabling them to navigate the intricate dance of celestial constellations with grace and precision. Cheluvanarayana is a dedicated practitioner of Vedic Astrology, delving deep into the sacred teachings of Parashara and the esoteric realm of Yogas, unraveling the hidden threads that shape destinies. Their expertise extends to the mystical Bhrigunandi Nadi, Tara Dasa Bala, and Muhurtha, offering profound insights into individual life paths and auspicious moments in time. In addition, Dr. Cheluvanarayana is renowned for their adeptness in match-making, Mundane astrology, Prashnashastra, Numerology, Jaimini, crystal healing to foster holistic well-being. CheluvaNarayana's celestial repertoire is as vast as the cosmos itself, illuminating the lives of those who seek their guidance with a radiant and profound light.","ವ್ಯಾಪಾರ ಮತ್ತು ಆಧ್ಯಾತ್ಮದ ಡೊಮೇನ್‌ಗಳನ್ನು ಅನಾಯಾಸವಾಗಿ ವ್ಯಾಪಿಸಿರುವ ಅಪರೂಪದ ಪ್ರಕಾಶಮಾನ ಡಾ. ಚೆಲುವನಾರಾಯಣ ಅವರ ಮೋಹಕ ಜಗತ್ತಿಗೆ ಪ್ರವೇಶಿಸಿ. ಹಗಲಿನಲ್ಲಿ, ಚೆಲುವನಾರಾಯಣ ಕಾರ್ಪೊರೇಟ್ ರಂಗದಲ್ಲಿ ಪ್ರವರ್ಧಮಾನಕ್ಕೆ ಬರುತ್ತಾನೆ, ಆದಾಗ್ಯೂ, ಅವರ ನಿಜವಾದ ತೇಜಸ್ಸು ಜ್ಯೋತಿಷ್ಯದ ವಸ್ತ್ರದೊಳಗೆ ತೆರೆದುಕೊಳ್ಳುತ್ತದೆ, ಅಲ್ಲಿ ಅವರು ನಿಜವಾದ ಮೇಸ್ಟ್ರೋ ಎಂದು ಪೂಜಿಸಲ್ಪಡುತ್ತಾನೆ. ವಾಸ್ತುವಿನಲ್ಲಿ ಡಾಕ್ಟರೇಟ್ ಪಡೆದಿರುವ ಡಾ. ಚೆಲುವನಾರಾಯಣ ಅವರು ಆಕಾಶದ ಶಕ್ತಿಗಳೊಂದಿಗೆ ವಾಸಿಸುವ ಸ್ಥಳಗಳನ್ನು ಸಮನ್ವಯಗೊಳಿಸುವ ಸಂಕೀರ್ಣವಾದ ತಿಳುವಳಿಕೆಯನ್ನು ಹೊಂದಿದ್ದಾರೆ. ಅವರ ಆಕಾಶ ಪಯಣವು ಜ್ಯೋತಿಷ್ಯದ ವಿಶೇಷ ಶಾಖೆಯಾದ ನಕ್ಷತ್ರನಾಡಿಗೆ ವಿಸ್ತರಿಸುತ್ತದೆ, ಇದು ಆಕಾಶ ನಕ್ಷತ್ರಪುಂಜಗಳ ಸಂಕೀರ್ಣವಾದ ನೃತ್ಯವನ್ನು ಅನುಗ್ರಹದಿಂದ ಮತ್ತು ನಿಖರವಾಗಿ ನ್ಯಾವಿಗೇಟ್ ಮಾಡಲು ಅನುವು ಮಾಡಿಕೊಡುತ್ತದೆ. ಚೆಲುವನಾರಾಯಣ ವೈದಿಕ ಜ್ಯೋತಿಷ್ಯದ ಸಮರ್ಪಿತ ಅಭ್ಯಾಸಕಾರರಾಗಿದ್ದು, ಪರಾಶರರ ಪವಿತ್ರ ಬೋಧನೆಗಳು ಮತ್ತು ಯೋಗಗಳ ನಿಗೂಢ ಕ್ಷೇತ್ರವನ್ನು ಆಳವಾಗಿ ಅಧ್ಯಯನ ಮಾಡುತ್ತಾರೆ, ಭವಿಷ್ಯವನ್ನು ರೂಪಿಸುವ ಗುಪ್ತ ಎಳೆಗಳನ್ನು ಬಿಚ್ಚಿಡುತ್ತಾರೆ. ಅವರ ಪರಿಣತಿಯು ಅತೀಂದ್ರಿಯ ಭೃಗುನಂದಿ ನಾಡಿ, ತಾರಾ ದಶಾ ಬಲ ಮತ್ತು ಮುಹೂರ್ತಕ್ಕೆ ವಿಸ್ತರಿಸುತ್ತದೆ, ವೈಯಕ್ತಿಕ ಜೀವನ ಮಾರ್ಗಗಳು ಮತ್ತು ಸಮಯಕ್ಕೆ ಮಂಗಳಕರ ಕ್ಷಣಗಳ ಬಗ್ಗೆ ಆಳವಾದ ಒಳನೋಟಗಳನ್ನು ನೀಡುತ್ತದೆ. ಜೊತೆಗೆ, ಡಾ. ಚೆಲುವನಾರಾಯಣ ಅವರು ಹೊಂದಾಣಿಕೆಯ ತಯಾರಿಕೆ, ಪ್ರಾಪಂಚಿಕ ಜ್ಯೋತಿಷ್ಯ, ಪ್ರಶ್ನೆಶಾಸ್ತ್ರ, ಸಂಖ್ಯಾಶಾಸ್ತ್ರ, ಜೈಮಿನಿ, ಸಮಗ್ರ ಯೋಗಕ್ಷೇಮವನ್ನು ಬೆಳೆಸಲು ಕ್ರಿಸ್ಟಲ್ ಚಿಕಿತ್ಸೆಯಲ್ಲಿ ತಮ್ಮ ನಿಪುಣತೆಗೆ ಹೆಸರುವಾಸಿಯಾಗಿದ್ದಾರೆ. ಚೆಲುವನಾರಾಯಣ ಅವರ ಆಕಾಶದ ಸಂಗ್ರಹವು ಬ್ರಹ್ಮಾಂಡದಂತೆಯೇ ವಿಶಾಲವಾಗಿದೆ, ಅವರ ಮಾರ್ಗದರ್ಶನವನ್ನು ಬಯಸುವವರ ಜೀವನವನ್ನು ಪ್ರಕಾಶಮಾನ ಮತ್ತು ಆಳವಾದ ಬೆಳಕಿನಿಂದ ಬೆಳಗಿಸುತ್ತದೆ.","
Enter the captivating world of Dr. Cheluvanarayana, a rare luminary who effortlessly straddles the domains of business and mysticism. By day, Cheluvanarayana thrives in the corporate arena, however, his true brilliance unfolds within the tapestry of astrology, where he is revered as a true maestro. Armed with a Doctorate in Vastu, Dr. Cheluvanarayana possesses an intricate understanding of harmonizing living spaces with celestial energies. His celestial journey extends to Nakshatranadi, a specialized branch of astrology, enabling them to navigate the intricate dance of celestial constellations with grace and precision. Cheluvanarayana is a dedicated practitioner of Vedic Astrology, delving deep into the sacred teachings of Parashara and the esoteric realm of Yogas, unraveling the hidden threads that shape destinies. Their expertise extends to the mystical Bhrigunandi Nadi, Tara Dasa Bala, and Muhurtha, offering profound insights into individual life paths and auspicious moments in time. In addition, Dr. Cheluvanarayana is renowned for their adeptness in match-making, Mundane astrology, Prashnashastra, Numerology, Jaimini, crystal healing to foster holistic well-being. CheluvaNarayana's celestial repertoire is as vast as the cosmos itself, illuminating the lives of those who seek their guidance with a radiant and profound light."
DEVESH H.M.,19,30.12.2003,MALE,8105542071,8073644837,hmdsgtastrolight@gmail.com,"#01, halol building,opp sri sai govt collge road, nittuvalli,davanagere-577004",325739390000,,4,108,"Hindi, Kannada, English","Vedic, Nakshatranadi, Numerology, Tarot, Palmistry, Crystal, Vastu",,SBI098989887,SBI,SBIM67878,XYZZZZ,DeveshHM,DeveshHM,DeveshHM,DeveshHM,ದೇವೇಶ್ ಹೆಚ್  ಎಂ ,DeveshHM,"Introducing Astrologer Devesh, a remarkable individual with a profound connection to the cosmic realms. While Devesh may be a student by occupation, his knowledge and expertise in the world of astrology are nothing short of extraordinary. With a staggering network of 108 consultants, he has cultivated a reputation as a guiding light for those seeking insight into their destinies. Devesh's astrological journey delves into diverse facets of this ancient art, including NakshatraNadi, Betel Leaf Shastra, Vedic Astrology, Vastu, Numerology, Cowries Shastra, Astakavarga, Watch Technique, Pancha Pakshi, Match Making, Healing. He also Practices Yogas,  Prashnashastra,  Parshara,  Palmistry,  Bhrigunandi Nadi,  Tara Dasa Bala,  Crystal, and  Muhurtha. In the world of astrology, Devesh stands as a testament to the boundless depth of human understanding and our eternal quest to unravel the mysteries of the universe.","Introducing Astrologer Devesh, a remarkable individual with a profound connection to the cosmic realms. While Devesh may be a student by occupation, his knowledge and expertise in the world of astrology are nothing short of extraordinary. With a staggering network of 108 consultants, he has cultivated a reputation as a guiding light for those seeking insight into their destinies. Devesh's astrological journey delves into diverse facets of this ancient art, including NakshatraNadi, Betel Leaf Shastra, Vedic Astrology, Vastu, Numerology, Cowries Shastra, Astakavarga, Watch Technique, Pancha Pakshi, Match Making, Healing. He also Practices Yogas,  Prashnashastra,  Parshara,  Palm History,  Bhrigunandi Nadi,  Tara Dasa Bala,  Crystal, and  Muhurtha. In the world of astrology, Devesh stands as a testament to the boundless depth of human understanding and our eternal quest to unravel the mysteries of the universe.","Introducing Astrologer Devesh, a remarkable individual with a profound connection to the cosmic realms. While Devesh may be a student by occupation, his knowledge and expertise in the world of astrology are nothing short of extraordinary. With a staggering network of 108 consultants, he has cultivated a reputation as a guiding light for those seeking insight into their destinies. Devesh's astrological journey delves into diverse facets of this ancient art, including NakshatraNadi, Betel Leaf Shastra, Vedic Astrology, Vastu, Numerology, Cowries Shastra, Astakavarga, Watch Technique, Pancha Pakshi, Match Making, Healing. He also Practices Yogas,  Prashnashastra,  Parshara,  Palm History,  Bhrigunandi Nadi,  Tara Dasa Bala,  Crystal, and  Muhurtha. In the world of astrology, Devesh stands as a testament to the boundless depth of human understanding and our eternal quest to unravel the mysteries of the universe.","Introducing Astrologer Devesh, a remarkable individual with a profound connection to the cosmic realms. While Devesh may be a student by occupation, his knowledge and expertise in the world of astrology are nothing short of extraordinary. With a staggering network of 108 consultants, he has cultivated a reputation as a guiding light for those seeking insight into their destinies. Devesh's astrological journey delves into diverse facets of this ancient art, including NakshatraNadi, Betel Leaf Shastra, Vedic Astrology, Vastu, Numerology, Cowries Shastra, Astakavarga, Watch Technique, Pancha Pakshi, Match Making, Healing. He also Practices Yogas,  Prashnashastra,  Parshara,  Palm History,  Bhrigunandi Nadi,  Tara Dasa Bala,  Crystal, and  Muhurtha. In the world of astrology, Devesh stands as a testament to the boundless depth of human understanding and our eternal quest to unravel the mysteries of the universe.","ಕಾಸ್ಮಿಕ್ ಕ್ಷೇತ್ರಗಳೊಂದಿಗೆ ಆಳವಾದ ಸಂಪರ್ಕವನ್ನು ಹೊಂದಿರುವ ಗಮನಾರ್ಹ ವ್ಯಕ್ತಿಯಾದ ಜ್ಯೋತಿಷಿ ದೇವೇಶ್ ಅವರನ್ನು ಪರಿಚಯಿಸಲಾಗುತ್ತಿದೆ. ದೇವೇಶ್ ಉದ್ಯೋಗದಲ್ಲಿ ವಿದ್ಯಾರ್ಥಿಯಾಗಿದ್ದರೂ, ಜ್ಯೋತಿಷ್ಯ ಜಗತ್ತಿನಲ್ಲಿ ಅವರ ಜ್ಞಾನ ಮತ್ತು ಪರಿಣತಿಯು ಅಸಾಮಾನ್ಯವಾದುದೇನೂ ಅಲ್ಲ. 108 ಸಲಹೆಗಾರರ ​​ದಿಗ್ಭ್ರಮೆಗೊಳಿಸುವ ನೆಟ್‌ವರ್ಕ್‌ನೊಂದಿಗೆ, ಅವರು ತಮ್ಮ ಹಣೆಬರಹದ ಒಳನೋಟವನ್ನು ಬಯಸುವವರಿಗೆ ಮಾರ್ಗದರ್ಶಿ ದೀಪವಾಗಿ ಖ್ಯಾತಿಯನ್ನು ಬೆಳೆಸಿದ್ದಾರೆ. ದೇವೇಶ್ ಅವರ ಜ್ಯೋತಿಷ್ಯ ಪ್ರಯಾಣವು ನಕ್ಷತ್ರನಾಡಿ, ವೀಳ್ಯದೆಲೆ ಶಾಸ್ತ್ರ, ವೈದಿಕ ಜ್ಯೋತಿಷ್ಯ, ವಾಸ್ತು, ಸಂಖ್ಯಾಶಾಸ್ತ್ರ, ಕೌರೀಸ್ ಶಾಸ್ತ್ರ, ಅಷ್ಟಕವರ್ಗ, ವಾಚ್ ಟೆಕ್ನಿಕ್, ಪಂಚ ಪಕ್ಷಿ, ಮ್ಯಾಚ್ ಮೇಕಿಂಗ್, ಹೀಲಿಂಗ್ ಸೇರಿದಂತೆ ಈ ಪುರಾತನ ಕಲೆಯ ವಿವಿಧ ಅಂಶಗಳನ್ನು ಪರಿಶೀಲಿಸುತ್ತದೆ. ಅವರು ಯೋಗಗಳು, ಪ್ರಶ್ನೆಶಾಸ್ತ್ರ, ಪರ್ಶರ, ಪಾಮ್ ಇತಿಹಾಸ, ಭೃಗುನಂದಿ ನಾಡಿ, ತಾರಾ ದಶಾ ಬಲ, ಕ್ರಿಸ್ಟಲ್ ಮತ್ತು ಮುಹೂರ್ತವನ್ನು ಸಹ ಅಭ್ಯಾಸ ಮಾಡುತ್ತಾರೆ. ಜ್ಯೋತಿಷ್ಯ ಜಗತ್ತಿನಲ್ಲಿ, ದೇವೇಶ್ ಮಾನವನ ತಿಳುವಳಿಕೆಯ ಮಿತಿಯಿಲ್ಲದ ಆಳ ಮತ್ತು ಬ್ರಹ್ಮಾಂಡದ ರಹಸ್ಯಗಳನ್ನು ಬಿಚ್ಚಿಡುವ ನಮ್ಮ ಶಾಶ್ವತ ಅನ್ವೇಷಣೆಗೆ ಸಾಕ್ಷಿಯಾಗಿದೆ.","Introducing Astrologer Devesh, a remarkable individual with a profound connection to the cosmic realms. While Devesh may be a student by occupation, his knowledge and expertise in the world of astrology are nothing short of extraordinary. With a staggering network of 108 consultants, he has cultivated a reputation as a guiding light for those seeking insight into their destinies. Devesh's astrological journey delves into diverse facets of this ancient art, including NakshatraNadi, Betel Leaf Shastra, Vedic Astrology, Vastu, Numerology, Cowries Shastra, Astakavarga, Watch Technique, Pancha Pakshi, Match Making, Healing. He also Practices Yogas,  Prashnashastra,  Parshara,  Palm History,  Bhrigunandi Nadi,  Tara Dasa Bala,  Crystal, and  Muhurtha. In the world of astrology, Devesh stands as a testament to the boundless depth of human understanding and our eternal quest to unravel the mysteries of the universe."
DURGA PRASAD MAJAKAR ,61,02.01.1962,MALE,7019870483,9945530259,dp.majakar@gmail.com,"sri durga, No 979, 9th main, 11th cros,s BEML 3rd stage, RR Nagar, Bangalore-560098",534757856865,AAPPM2404B,0,,"Hindi, Kannada, English,Tulu","Vedic, Nakshatranadi, Numerology, Tarot, Crystal, Vastu",,SBI098989887,SBI,SBIM67878,XYZZZZ,DPMajakar,DPMajakar,DPMajakar,DPMajakar,ಡಿ ಪಿ ಮಜರ್ ,DPMajakar,"Introducing the venerable Astrologer DPMajakar, whose life journey has been a fascinating tapestry of diverse experiences. A retired General Manager from the renowned BHEL, DPMajakar's multifaceted talents extend far beyond his corporate career. He is a true polyglot, effortlessly navigating the linguistic intricacies of the world. With a specialization in NakshatraNadi, he has delved into the intricate knowledge of Parashara, Numerology, and Vastu Shastra. His mastery extends to the mystical realms of Chakra and Crystal energies, while Medhini is a domain where he excels. Currently pursuing a Doctorate, his intellectual curiosity knows no bounds. Practicing Prashnashastra, Yogas, Numerology, Tarot cards, Bhrigunandi Nadi, Tara dasa Bala, Jaimini, Matchmaking, and Muhurtha, DPMajakar is a versatile astrologer who can provide insights into various aspects of life. DPMajakar is not just an astrologer; he is a sage, a scholar, and a guardian of cosmic knowledge.","Introducing the venerable Astrologer DPMajakar, whose life journey has been a fascinating tapestry of diverse experiences. A retired General Manager from the renowned BHEL, DPMajakar's multifaceted talents extend far beyond his corporate career. He is a true polyglot, effortlessly navigating the linguistic intricacies of the world. With a specialization in NakshatraNadi, he has delved into the intricate knowledge of Parashara, Numerology, and Vastu Shastra. His mastery extends to the mystical realms of Chakra and Crystal energies, while Medhini is a domain where he excels. Currently pursuing a Doctorate, his intellectual curiosity knows no bounds. Practicing Prashnashastra, Yogas, Numerology, Tarot cards, Bhrigunandi Nadi, Tara dasa Bala, Jaimini, Matchmaking, and Muhurtha, DPMajakar is a versatile astrologer who can provide insights into various aspects of life. DPMajakar is not just an astrologer; he is a sage, a scholar, and a guardian of cosmic knowledge.","Introducing the venerable Astrologer DPMajakar, whose life journey has been a fascinating tapestry of diverse experiences. A retired General Manager from the renowned BHEL, DPMajakar's multifaceted talents extend far beyond his corporate career. He is a true polyglot, effortlessly navigating the linguistic intricacies of the world. With a specialization in NakshatraNadi, he has delved into the intricate knowledge of Parashara, Numerology, and Vastu Shastra. His mastery extends to the mystical realms of Chakra and Crystal energies, while Medhini is a domain where he excels. Currently pursuing a Doctorate, his intellectual curiosity knows no bounds. Practicing Prashnashastra, Yogas, Numerology, Tarot cards, Bhrigunandi Nadi, Tara dasa Bala, Jaimini, Matchmaking, and Muhurtha, DPMajakar is a versatile astrologer who can provide insights into various aspects of life. DPMajakar is not just an astrologer; he is a sage, a scholar, and a guardian of cosmic knowledge.","Introducing the venerable Astrologer DPMajakar, whose life journey has been a fascinating tapestry of diverse experiences. A retired General Manager from the renowned BHEL, DPMajakar's multifaceted talents extend far beyond his corporate career. He is a true polyglot, effortlessly navigating the linguistic intricacies of the world. With a specialization in NakshatraNadi, he has delved into the intricate knowledge of Parashara, Numerology, and Vastu Shastra. His mastery extends to the mystical realms of Chakra and Crystal energies, while Medhini is a domain where he excels. Currently pursuing a Doctorate, his intellectual curiosity knows no bounds. Practicing Prashnashastra, Yogas, Numerology, Tarot cards, Bhrigunandi Nadi, Tara dasa Bala, Jaimini, Matchmaking, and Muhurtha, DPMajakar is a versatile astrologer who can provide insights into various aspects of life. DPMajakar is not just an astrologer; he is a sage, a scholar, and a guardian of cosmic knowledge.","ಪೂಜ್ಯ ಜ್ಯೋತಿಷಿ ಡಿ ಪಿ ಮಜರ್  ಅವರನ್ನು ಪರಿಚಯಿಸುತ್ತಿದ್ದೇವೆ, ಅವರ ಜೀವನ ಪಯಣವು ವೈವಿಧ್ಯಮಯ ಅನುಭವಗಳ ಆಕರ್ಷಕ ಚಿತ್ರವಾಗಿದೆ. ಹೆಸರಾಂತ ಬಿಎಚ್‌ಇಎಲ್‌ನಿಂದ ನಿವೃತ್ತ ಜನರಲ್ ಮ್ಯಾನೇಜರ್ ಆಗಿರುವ ಡಿ ಪಿ ಮಜರ್  ಅವರ ಬಹುಮುಖ ಪ್ರತಿಭೆಗಳು ಅವರ ಕಾರ್ಪೊರೇಟ್ ವೃತ್ತಿಜೀವನವನ್ನು ಮೀರಿ ವಿಸ್ತರಿಸಿದೆ. ಅವರು ನಿಜವಾದ ಬಹುಭಾಷಾವಾದಿ, ಪ್ರಪಂಚದ ಭಾಷಾ ಜಟಿಲತೆಗಳನ್ನು ಅನಾಯಾಸವಾಗಿ ನ್ಯಾವಿಗೇಟ್ ಮಾಡುತ್ತಾರೆ. ನಕ್ಷತ್ರನಾಡಿಯಲ್ಲಿ ವಿಶೇಷತೆಯೊಂದಿಗೆ, ಅವರು ಪರಾಶರ, ಸಂಖ್ಯಾಶಾಸ್ತ್ರ ಮತ್ತು ವಾಸ್ತು ಶಾಸ್ತ್ರದ ಸಂಕೀರ್ಣ ಜ್ಞಾನವನ್ನು ಪರಿಶೀಲಿಸಿದ್ದಾರೆ. ಅವರ ಪಾಂಡಿತ್ಯವು ಚಕ್ರ ಮತ್ತು ಕ್ರಿಸ್ಟಲ್ ಶಕ್ತಿಗಳ ಅತೀಂದ್ರಿಯ ಕ್ಷೇತ್ರಗಳಿಗೆ ವಿಸ್ತರಿಸುತ್ತದೆ, ಆದರೆ ಮೇಧಿನಿ ಅವರು ಉತ್ತಮವಾದ ಕ್ಷೇತ್ರವಾಗಿದೆ. ಪ್ರಸ್ತುತ ಡಾಕ್ಟರೇಟ್ ಅನ್ನು ಅನುಸರಿಸುತ್ತಿರುವ ಅವರ ಬೌದ್ಧಿಕ ಕುತೂಹಲಕ್ಕೆ ಯಾವುದೇ ಮಿತಿಯಿಲ್ಲ. ಪ್ರಶ್ನಶಾಸ್ತ್ರ, ಯೋಗಗಳು, ಸಂಖ್ಯಾಶಾಸ್ತ್ರ, ಟ್ಯಾರೋ ಕಾರ್ಡ್‌ಗಳು, ಭೃಗುನಂದಿ ನಾಡಿ, ತಾರಾ ದಶಾ ಬಲ, ಜೈಮಿನಿ, ಹೊಂದಾಣಿಕೆ ಮತ್ತು ಮುಹೂರ್ತವನ್ನು ಅಭ್ಯಾಸ ಮಾಡುವ ಡಿ ಪಿ ಮಜರ್  ಬಹುಮುಖ ಜ್ಯೋತಿಷಿಯಾಗಿದ್ದು, ಅವರು ಜೀವನದ ವಿವಿಧ ಅಂಶಗಳ ಒಳನೋಟಗಳನ್ನು ನೀಡಬಲ್ಲರು. ಡಿ ಪಿ ಮಜರ್  ಕೇವಲ ಜ್ಯೋತಿಷಿಯಲ್ಲ; ಅವರು ಋಷಿ, ವಿದ್ವಾಂಸ ಮತ್ತು ವಿಶ್ವ ಜ್ಞಾನದ ರಕ್ಷಕ.","Introducing the venerable Astrologer DPMajakar, whose life journey has been a fascinating tapestry of diverse experiences. A retired General Manager from the renowned BHEL, DPMajakar's multifaceted talents extend far beyond his corporate career. He is a true polyglot, effortlessly navigating the linguistic intricacies of the world. With a specialization in NakshatraNadi, he has delved into the intricate knowledge of Parashara, Numerology, and Vastu Shastra. His mastery extends to the mystical realms of Chakra and Crystal energies, while Medhini is a domain where he excels. Currently pursuing a Doctorate, his intellectual curiosity knows no bounds. Practicing Prashnashastra, Yogas, Numerology, Tarot cards, Bhrigunandi Nadi, Tara dasa Bala, Jaimini, Matchmaking, and Muhurtha, DPMajakar is a versatile astrologer who can provide insights into various aspects of life. DPMajakar is not just an astrologer; he is a sage, a scholar, and a guardian of cosmic knowledge."
GOWRI C.,44,24.03.1979,FEMALE,9880648447,7019055592,cgowrikolar08@gmail.com,"#303, 9th cross,jayanagara, naren residential, kolar- 563101",287221609375,AVHPG0647F,4,5000,"Hindi, Kannada, Telugu","Vedic, Nakshatranadi, Numerology, Palmistry, Crystal, Vastu",,SBI098989887,SBI,SBIM67878,XYZZZZ,GowriC,GowriC,GowriC,GowriC,ಗೌರಿ ಸಿ  ,GowriC,"Allow me to introduce you to the remarkable Astrologer Gowri, a true polymath with a diverse range of skills and an extensive portfolio of talents. With a remarkable track record of 5,000 satisfied consultees, Gowri has carved her name in the realm of astrology.While her primary occupation lies in the world of fashion design, her multilingual abilities enable her to connect globally. Gowri's astrological prowess encompasses a rich tapestry of disciplines, including Vedic Astrology, Nakshatra Nadi, Prashnashastra, Parshara, Yogas, Numerology, Palmistry, Bhrigunandi Nadi, Tara Dasa Bala, Crystal, Cowries Shastra, Jaimini, Matchmaking, Muhurtha, and Vastu. This extensive knowledge allows her to offer holistic insights into the lives of those who seek her guidance, drawing from a vast wellspring of ancient wisdom and esoteric practices. ","Allow me to introduce you to the remarkable Astrologer Gowri, a true polymath with a diverse range of skills and an extensive portfolio of talents. With a remarkable track record of 5,000 satisfied consultees, Gowri has carved her name in the realm of astrology.While her primary occupation lies in the world of fashion design, her multilingual abilities enable her to connect globally. Gowri's astrological prowess encompasses a rich tapestry of disciplines, including Vedic Astrology, Nakshatra Nadi, Prashnashastra, Parshara, Yogas, Numerology, Palmistry, Bhrigunandi Nadi, Tara Dasa Bala, Crystal, Cowries Shastra, Jaimini, Matchmaking, Muhurtha, and Vastu. This extensive knowledge allows her to offer holistic insights into the lives of those who seek her guidance, drawing from a vast wellspring of ancient wisdom and esoteric practices. ","Allow me to introduce you to the remarkable Astrologer Gowri, a true polymath with a diverse range of skills and an extensive portfolio of talents. With a remarkable track record of 5,000 satisfied consultees, Gowri has carved her name in the realm of astrology.While her primary occupation lies in the world of fashion design, her multilingual abilities enable her to connect globally. Gowri's astrological prowess encompasses a rich tapestry of disciplines, including Vedic Astrology, Nakshatra Nadi, Prashnashastra, Parshara, Yogas, Numerology, Palmistry, Bhrigunandi Nadi, Tara Dasa Bala, Crystal, Cowries Shastra, Jaimini, Matchmaking, Muhurtha, and Vastu. This extensive knowledge allows her to offer holistic insights into the lives of those who seek her guidance, drawing from a vast wellspring of ancient wisdom and esoteric practices. ","Allow me to introduce you to the remarkable Astrologer Gowri, a true polymath with a diverse range of skills and an extensive portfolio of talents. With a remarkable track record of 5,000 satisfied consultees, Gowri has carved her name in the realm of astrology.While her primary occupation lies in the world of fashion design, her multilingual abilities enable her to connect globally. Gowri's astrological prowess encompasses a rich tapestry of disciplines, including Vedic Astrology, Nakshatra Nadi, Prashnashastra, Parshara, Yogas, Numerology, Palmistry, Bhrigunandi Nadi, Tara Dasa Bala, Crystal, Cowries Shastra, Jaimini, Matchmaking, Muhurtha, and Vastu. This extensive knowledge allows her to offer holistic insights into the lives of those who seek her guidance, drawing from a vast wellspring of ancient wisdom and esoteric practices. ","ವೈವಿಧ್ಯಮಯ ಕೌಶಲ್ಯಗಳು ಮತ್ತು ವ್ಯಾಪಕವಾದ ಪ್ರತಿಭೆಗಳ ಪೋರ್ಟ್‌ಫೋಲಿಯೊವನ್ನು ಹೊಂದಿರುವ ನಿಜವಾದ ಬಹುಶ್ರುತಿ ಅದ್ಭುತ ಜ್ಯೋತಿಷಿ ಗೌರಿ ಅವರನ್ನು ನಿಮಗೆ ಪರಿಚಯಿಸಲು ನನಗೆ ಅನುಮತಿಸಿ. 5,000 ತೃಪ್ತ ಸಮಾಲೋಚಕರ ಗಮನಾರ್ಹ ದಾಖಲೆಯೊಂದಿಗೆ, ಗೌರಿ ಜ್ಯೋತಿಷ್ಯ ಕ್ಷೇತ್ರದಲ್ಲಿ ತನ್ನ ಹೆಸರನ್ನು ಕೆತ್ತಿದ್ದಾಳೆ. ಅವರ ಪ್ರಾಥಮಿಕ ಉದ್ಯೋಗವು ಫ್ಯಾಷನ್ ವಿನ್ಯಾಸದ ಜಗತ್ತಿನಲ್ಲಿದೆ, ಅವರ ಬಹುಭಾಷಾ ಸಾಮರ್ಥ್ಯಗಳು ಜಾಗತಿಕವಾಗಿ ಸಂಪರ್ಕ ಸಾಧಿಸಲು ಅನುವು ಮಾಡಿಕೊಡುತ್ತದೆ. ಗೌರಿಯ ಜ್ಯೋತಿಷ್ಯ ಪರಾಕ್ರಮವು ವೈದಿಕ ಜ್ಯೋತಿಷ್ಯ, ನಕ್ಷತ್ರ ನಾಡಿ, ಪ್ರಶ್ನೆಶಾಸ್ತ್ರ, ಪಾರ್ಶರ, ಯೋಗಗಳು, ಸಂಖ್ಯಾಶಾಸ್ತ್ರ, ಹಸ್ತಸಾಮುದ್ರಿಕ ಶಾಸ್ತ್ರ, ಭೃಗುನಂದಿ ನಾಡಿ, ತಾರಾ ದಶಾ ಬಲ, ಕ್ರಿಸ್ಟಲ್, ಕೌರೀಸ್ ಶಾಸ್ತ್ರ, ಜೈಮಿನಿ, ಮತ್ಥಮ, ಇತ್ಯಾದಿ ವಿಷಯಗಳ ಸಮೃದ್ಧ ವಸ್ತ್ರವನ್ನು ಒಳಗೊಂಡಿದೆ. ಈ ವ್ಯಾಪಕವಾದ ಜ್ಞಾನವು ತನ್ನ ಮಾರ್ಗದರ್ಶನವನ್ನು ಬಯಸುವವರ ಜೀವನದಲ್ಲಿ ಸಮಗ್ರ ಒಳನೋಟಗಳನ್ನು ನೀಡಲು ಅನುವು ಮಾಡಿಕೊಡುತ್ತದೆ, ಪ್ರಾಚೀನ ಬುದ್ಧಿವಂತಿಕೆ ಮತ್ತು ನಿಗೂಢ ಆಚರಣೆಗಳ ವಿಶಾಲವಾದ ಮೂಲದಿಂದ ಚಿತ್ರಿಸುತ್ತದೆ.","Allow me to introduce you to the remarkable Astrologer Gowri, a true polymath with a diverse range of skills and an extensive portfolio of talents. With a remarkable track record of 5,000 satisfied consultees, Gowri has carved her name in the realm of astrology.While her primary occupation lies in the world of fashion design, her multilingual abilities enable her to connect globally. Gowri's astrological prowess encompasses a rich tapestry of disciplines, including Vedic Astrology, Nakshatra Nadi, Prashnashastra, Parshara, Yogas, Numerology, Palmistry, Bhrigunandi Nadi, Tara Dasa Bala, Crystal, Cowries Shastra, Jaimini, Matchmaking, Muhurtha, and Vastu. This extensive knowledge allows her to offer holistic insights into the lives of those who seek her guidance, drawing from a vast wellspring of ancient wisdom and esoteric practices. "
GIRIDHAR VAMANRAO DESHPANDE,60,12.10.1963,MALE,9689117877,9325644022,giridhardeshpande@gmail.com,"Flat no: 01, F bldg, morya gosavi raj park, phase-1, keshavnagar, chinchwad, Maharastra- 411033",397164469657,AAPPD5241H,4,279,"Hindi, Kannada, English, Marathi","Vedic, Nakshatranadi, Numerology, Crystal, Vastu",,SBI098989887,SBI,SBIM67878,XYZZZZ,Dr. GiridharV,Dr. GiridharV,Dr. GiridharV,Dr. GiridharV,ಡಾ. ಗಿರಿಧರ್ ವಿ    ,Dr. GiridharV,"Introducing the illustrious Astrologer Dr. Giridhar, a luminary in the realm of celestial wisdom and mystic arts. With a clientele of 279 consultants across the globe, GiridharV is a true polyglot, proficient in multiple languages, seamlessly bridging cultures through the cosmic language of astrology. His expertise encompasses NakshatraNadi, Parshara, Prashnshastra, Numerology, and Jaimini. GiridharV's deep-rooted knowledge extends beyond the stars, as he holds a Doctorate in Vastu, furthering his mastery of harmonizing environments with cosmic energies. His skill set is comprehensive, encompassing Parihara, Agnihotra, and Crystal Healing, demonstrating a holistic approach to wellbeing. Dr. Giridhar's dedication to the ancient practice of Vedic Astrology is unwavering, with a focus on matchmaking that has united countless souls under the auspices of celestial compatibility. With an unwavering commitment to his craft, Dr. Giridhar serves as a guiding light, offering insights and remedies to navigate life's twists and turns.","Introducing the illustrious Astrologer Dr. Giridhar, a luminary in the realm of celestial wisdom and mystic arts. With a clientele of 279 consultants across the globe, GiridharV is a true polyglot, proficient in multiple languages, seamlessly bridging cultures through the cosmic language of astrology. His expertise encompasses NakshatraNadi, Parshara, Prashnshastra, Numerology, and Jaimini. GiridharV's deep-rooted knowledge extends beyond the stars, as he holds a Doctorate in Vastu, furthering his mastery of harmonizing environments with cosmic energies. His skill set is comprehensive, encompassing Parihara, Agnihotra, and Crystal Healing, demonstrating a holistic approach to wellbeing. Dr. Giridhar's dedication to the ancient practice of Vedic Astrology is unwavering, with a focus on matchmaking that has united countless souls under the auspices of celestial compatibility. With an unwavering commitment to his craft, Dr. Giridhar serves as a guiding light, offering insights and remedies to navigate life's twists and turns.","Introducing the illustrious Astrologer Dr. Giridhar, a luminary in the realm of celestial wisdom and mystic arts. With a clientele of 279 consultants across the globe, GiridharV is a true polyglot, proficient in multiple languages, seamlessly bridging cultures through the cosmic language of astrology. His expertise encompasses NakshatraNadi, Parshara, Prashnshastra, Numerology, and Jaimini. GiridharV's deep-rooted knowledge extends beyond the stars, as he holds a Doctorate in Vastu, furthering his mastery of harmonizing environments with cosmic energies. His skill set is comprehensive, encompassing Parihara, Agnihotra, and Crystal Healing, demonstrating a holistic approach to wellbeing. Dr. Giridhar's dedication to the ancient practice of Vedic Astrology is unwavering, with a focus on matchmaking that has united countless souls under the auspices of celestial compatibility. With an unwavering commitment to his craft, Dr. Giridhar serves as a guiding light, offering insights and remedies to navigate life's twists and turns.","Introducing the illustrious Astrologer Dr. Giridhar, a luminary in the realm of celestial wisdom and mystic arts. With a clientele of 279 consultants across the globe, GiridharV is a true polyglot, proficient in multiple languages, seamlessly bridging cultures through the cosmic language of astrology. His expertise encompasses NakshatraNadi, Parshara, Prashnshastra, Numerology, and Jaimini. GiridharV's deep-rooted knowledge extends beyond the stars, as he holds a Doctorate in Vastu, furthering his mastery of harmonizing environments with cosmic energies. His skill set is comprehensive, encompassing Parihara, Agnihotra, and Crystal Healing, demonstrating a holistic approach to wellbeing. Dr. Giridhar's dedication to the ancient practice of Vedic Astrology is unwavering, with a focus on matchmaking that has united countless souls under the auspices of celestial compatibility. With an unwavering commitment to his craft, Dr. Giridhar serves as a guiding light, offering insights and remedies to navigate life's twists and turns.","ಆಕಾಶ ಜ್ಞಾನ ಮತ್ತು ಅತೀಂದ್ರಿಯ ಕಲೆಗಳ ಕ್ಷೇತ್ರದಲ್ಲಿ ಪ್ರಖ್ಯಾತರಾದ ಜ್ಯೋತಿಷಿ ಡಾ. ಗಿರಿಧರ್ ಅವರನ್ನು ಪರಿಚಯಿಸಲಾಗುತ್ತಿದೆ. ಜಗತ್ತಿನಾದ್ಯಂತ 279 ಸಲಹೆಗಾರರನ್ನು ಹೊಂದಿರುವ ಗ್ರಾಹಕರೊಂದಿಗೆ, ಗಿರಿಧರ್ ವಿ ನಿಜವಾದ ಬಹುಭಾಷಾ, ಬಹು ಭಾಷೆಗಳಲ್ಲಿ ಪ್ರವೀಣರಾಗಿದ್ದಾರೆ, ಜ್ಯೋತಿಷ್ಯದ ಕಾಸ್ಮಿಕ್ ಭಾಷೆಯ ಮೂಲಕ ಸಂಸ್ಕೃತಿಗಳನ್ನು ಮನಬಂದಂತೆ ಸೇತುವೆ ಮಾಡುತ್ತಿದ್ದಾರೆ. ಅವರ ಪರಿಣತಿಯು ನಕ್ಷತ್ರನಾಡಿ, ಪರ್ಶರ, ಪ್ರಶ್ನೆಶಾಸ್ತ್ರ, ಸಂಖ್ಯಾಶಾಸ್ತ್ರ ಮತ್ತು ಜೈಮಿನಿಗಳನ್ನು ಒಳಗೊಂಡಿದೆ. ಗಿರಿಧರ್ವಿ ಅವರ ಆಳವಾದ ಬೇರೂರಿರುವ ಜ್ಞಾನವು ನಕ್ಷತ್ರಗಳನ್ನು ಮೀರಿ ವಿಸ್ತರಿಸಿದೆ, ಏಕೆಂದರೆ ಅವರು ವಾಸ್ತುದಲ್ಲಿ ಡಾಕ್ಟರೇಟ್ ಅನ್ನು ಹೊಂದಿದ್ದಾರೆ, ಪರಿಸರವನ್ನು ವಿಶ್ವ ಶಕ್ತಿಗಳೊಂದಿಗೆ ಸಮನ್ವಯಗೊಳಿಸುವ ಅವರ ಪಾಂಡಿತ್ಯವನ್ನು ಹೆಚ್ಚಿಸಿದ್ದಾರೆ. ಅವರ ಕೌಶಲ್ಯ ಸೆಟ್ ಸಮಗ್ರವಾಗಿದೆ, ಪರಿಹಾರ, ಅಗ್ನಿಹೋತ್ರ ಮತ್ತು ಕ್ರಿಸ್ಟಲ್ ಹೀಲಿಂಗ್ ಅನ್ನು ಒಳಗೊಳ್ಳುತ್ತದೆ, ಯೋಗಕ್ಷೇಮಕ್ಕೆ ಸಮಗ್ರ ವಿಧಾನವನ್ನು ಪ್ರದರ್ಶಿಸುತ್ತದೆ. ವೈದಿಕ ಜ್ಯೋತಿಷ್ಯದ ಪ್ರಾಚೀನ ಅಭ್ಯಾಸಕ್ಕೆ ಡಾ. ಗಿರಿಧರ್ ಅವರ ಸಮರ್ಪಣೆ ಅಚಲವಾಗಿದೆ, ಇದು ಆಕಾಶ ಹೊಂದಾಣಿಕೆಯ ಆಶ್ರಯದಲ್ಲಿ ಅಸಂಖ್ಯಾತ ಆತ್ಮಗಳನ್ನು ಒಂದುಗೂಡಿಸಿದ ಹೊಂದಾಣಿಕೆಯ ಮೇಲೆ ಕೇಂದ್ರೀಕರಿಸಿದೆ. ತಮ್ಮ ಕರಕುಶಲತೆಗೆ ಅಚಲವಾದ ಬದ್ಧತೆಯೊಂದಿಗೆ, ಡಾ. ಗಿರಿಧರ್ ಅವರು ಮಾರ್ಗದರ್ಶಿ ಬೆಳಕಿನಂತೆ ಕಾರ್ಯನಿರ್ವಹಿಸುತ್ತಾರೆ, ಜೀವನದ ತಿರುವುಗಳು ಮತ್ತು ತಿರುವುಗಳನ್ನು ನ್ಯಾವಿಗೇಟ್ ಮಾಡಲು ಒಳನೋಟಗಳು ಮತ್ತು ಪರಿಹಾರಗಳನ್ನು ನೀಡುತ್ತಾರೆ.","Introducing the illustrious Astrologer Dr. Giridhar, a luminary in the realm of celestial wisdom and mystic arts. With a clientele of 279 consultants across the globe, GiridharV is a true polyglot, proficient in multiple languages, seamlessly bridging cultures through the cosmic language of astrology. His expertise encompasses NakshatraNadi, Parshara, Prashnshastra, Numerology, and Jaimini. GiridharV's deep-rooted knowledge extends beyond the stars, as he holds a Doctorate in Vastu, furthering his mastery of harmonizing environments with cosmic energies. His skill set is comprehensive, encompassing Parihara, Agnihotra, and Crystal Healing, demonstrating a holistic approach to wellbeing. Dr. Giridhar's dedication to the ancient practice of Vedic Astrology is unwavering, with a focus on matchmaking that has united countless souls under the auspices of celestial compatibility. With an unwavering commitment to his craft, Dr. Giridhar serves as a guiding light, offering insights and remedies to navigate life's twists and turns."
HAMSINI J.,41,29.04.1982,FEMALE,7899959555,9840455005,hamkush2829@gmail.com,"4622/B2,8th cross,16th main, vijayanagara,Mysore-570016.",673084973493,ABNPH8414P,5,700,"Hindi, Kannada, English, Tamil, Telugu","Vedic, Nakshatranadi, Numerology, Tarot,  Palmistry, Crystal, Vastu, Reiki",,SBI098989887,SBI,SBIM67878,XYZZZZ,HamsiniJ,HamsiniJ,HamsiniJ,HamsiniJ, ಹಂಸಿನಿ ಜೆ  ,HamsiniJ,"
Introducing Astrologer Hamsini, a renowned luminary in the realm of astrology and mystic sciences. With a clientele of over 700 avid consultants from diverse backgrounds, Hamsini has carved an illustrious path as a multilingual business professional. Her expertise spans a vast spectrum, delving into the intricacies of Feng Shui Vastu, Numerology, Prachina Vastu, Prashnashastra, Ratna Rahasya, Agni Hotra, Palmistry, and Crystal Effects. With a penchant for holistic healing, she is also proficient in Reiki Healing and possesses profound knowledge of Parashara, NakshatraNadi, and Vedic astrology. Hamsini's prowess extends beyond conventional boundaries, as she skillfully practices NakshatraNadi, Parashara, Yogas, Numerology, Tarot Card reading, and Bhrigunandi Nadi. Her mastery over Tara Dasa Bala, Cowries Shastra, Jaimini, Matchmaking, and Muhurtha aligns perfectly with her commitment to guiding individuals towards a harmonious and fulfilling life. Drawing from the profound wisdom of these ancient sciences, she unravels the mysteries of destiny and cosmic influence, providing invaluable insights to her discerning clientele.","
Introducing Astrologer Hamsini, a renowned luminary in the realm of astrology and mystic sciences. With a clientele of over 700 avid consultants from diverse backgrounds, Hamsini has carved an illustrious path as a multilingual business professional. Her expertise spans a vast spectrum, delving into the intricacies of Feng Shui Vastu, Numerology, Prachina Vastu, Prashnashastra, Ratna Rahasya, Agni Hotra, Palm History, and Crystal Effects. With a penchant for holistic healing, she is also proficient in Rekhi Healing and possesses profound knowledge of Parashara, NakshatraNadi, and Vedic astrology. Hamsini's prowess extends beyond conventional boundaries, as she skillfully practices NakshatraNadi, Parashara, Yogas, Numerology, Tarot Card reading, and Bhrigunandi Nadi. Her mastery over Tara Dasa Bala, Cowries Shastra, Jaimini, Matchmaking, and Muhurtha aligns perfectly with her commitment to guiding individuals towards a harmonious and fulfilling life. Drawing from the profound wisdom of these ancient sciences, she unravels the mysteries of destiny and cosmic influence, providing invaluable insights to her discerning clientele.","
Introducing Astrologer Hamsini, a renowned luminary in the realm of astrology and mystic sciences. With a clientele of over 700 avid consultants from diverse backgrounds, Hamsini has carved an illustrious path as a multilingual business professional. Her expertise spans a vast spectrum, delving into the intricacies of Feng Shui Vastu, Numerology, Prachina Vastu, Prashnashastra, Ratna Rahasya, Agni Hotra, Palm History, and Crystal Effects. With a penchant for holistic healing, she is also proficient in Rekhi Healing and possesses profound knowledge of Parashara, NakshatraNadi, and Vedic astrology. Hamsini's prowess extends beyond conventional boundaries, as she skillfully practices NakshatraNadi, Parashara, Yogas, Numerology, Tarot Card reading, and Bhrigunandi Nadi. Her mastery over Tara Dasa Bala, Cowries Shastra, Jaimini, Matchmaking, and Muhurtha aligns perfectly with her commitment to guiding individuals towards a harmonious and fulfilling life. Drawing from the profound wisdom of these ancient sciences, she unravels the mysteries of destiny and cosmic influence, providing invaluable insights to her discerning clientele.","
Introducing Astrologer Hamsini, a renowned luminary in the realm of astrology and mystic sciences. With a clientele of over 700 avid consultants from diverse backgrounds, Hamsini has carved an illustrious path as a multilingual business professional. Her expertise spans a vast spectrum, delving into the intricacies of Feng Shui Vastu, Numerology, Prachina Vastu, Prashnashastra, Ratna Rahasya, Agni Hotra, Palm History, and Crystal Effects. With a penchant for holistic healing, she is also proficient in Rekhi Healing and possesses profound knowledge of Parashara, NakshatraNadi, and Vedic astrology. Hamsini's prowess extends beyond conventional boundaries, as she skillfully practices NakshatraNadi, Parashara, Yogas, Numerology, Tarot Card reading, and Bhrigunandi Nadi. Her mastery over Tara Dasa Bala, Cowries Shastra, Jaimini, Matchmaking, and Muhurtha aligns perfectly with her commitment to guiding individuals towards a harmonious and fulfilling life. Drawing from the profound wisdom of these ancient sciences, she unravels the mysteries of destiny and cosmic influence, providing invaluable insights to her discerning clientele.","ಜ್ಯೋತಿಷ್ಯ ಮತ್ತು ಅತೀಂದ್ರಿಯ ವಿಜ್ಞಾನಗಳ ಕ್ಷೇತ್ರದಲ್ಲಿ ಪ್ರಸಿದ್ಧ ಜ್ಯೋತಿಷಿ ಹಂಸಿನಿ ಅವರನ್ನು ಪರಿಚಯಿಸಲಾಗುತ್ತಿದೆ. ವೈವಿಧ್ಯಮಯ ಹಿನ್ನೆಲೆಯಿಂದ 700 ಕ್ಕೂ ಹೆಚ್ಚು ಅತ್ಯಾಸಕ್ತಿಯ ಸಲಹೆಗಾರರನ್ನು ಹೊಂದಿರುವ ಗ್ರಾಹಕರೊಂದಿಗೆ, ಹಂಸಿನಿ ಬಹುಭಾಷಾ ವ್ಯಾಪಾರ ವೃತ್ತಿಪರರಾಗಿ ಸುಪ್ರಸಿದ್ಧ ಮಾರ್ಗವನ್ನು ಕೆತ್ತಿದ್ದಾರೆ. ಅವರ ಪರಿಣತಿಯು ಫೆಂಗ್ ಶೂಯಿ ವಾಸ್ತು, ಸಂಖ್ಯಾಶಾಸ್ತ್ರ, ಪ್ರಾಚೀನ ವಾಸ್ತು, ಪ್ರಶ್ನೆಶಾಸ್ತ್ರ, ರತ್ನ ರಹಸ್ಯ, ಅಗ್ನಿ ಹೋತ್ರ, ಪಾಮ್ ಇತಿಹಾಸ ಮತ್ತು ಕ್ರಿಸ್ಟಲ್ ಪರಿಣಾಮಗಳ ಜಟಿಲತೆಗಳನ್ನು ಪರಿಶೀಲಿಸುತ್ತದೆ. ಸಮಗ್ರ ಚಿಕಿತ್ಸೆಗಾಗಿ ಒಲವು ಹೊಂದಿರುವ ಅವರು ರೇಖಿ ಹೀಲಿಂಗ್‌ನಲ್ಲಿ ಪ್ರವೀಣರಾಗಿದ್ದಾರೆ ಮತ್ತು ಪರಾಶರ, ನಕ್ಷತ್ರನಾಡಿ ಮತ್ತು ವೈದಿಕ ಜ್ಯೋತಿಷ್ಯದ ಆಳವಾದ ಜ್ಞಾನವನ್ನು ಹೊಂದಿದ್ದಾರೆ. ನಕ್ಷತ್ರನಾಡಿ, ಪರಾಶರ, ಯೋಗಗಳು, ಸಂಖ್ಯಾಶಾಸ್ತ್ರ, ಟ್ಯಾರೋ ಕಾರ್ಡ್ ಓದುವಿಕೆ ಮತ್ತು ಭೃಗುನಂದಿ ನಾಡಿಗಳನ್ನು ಕೌಶಲ್ಯದಿಂದ ಅಭ್ಯಾಸ ಮಾಡುವ ಮೂಲಕ ಹಂಸಿನಿಯ ಪರಾಕ್ರಮವು ಸಾಂಪ್ರದಾಯಿಕ ಗಡಿಗಳನ್ನು ಮೀರಿದೆ. ತಾರಾ ದಾಸ ಬಾಲಾ, ಕೌರೀಸ್ ಶಾಸ್ತ್ರ, ಜೈಮಿನಿ, ಮ್ಯಾಚ್‌ಮೇಕಿಂಗ್ ಮತ್ತು ಮುಹೂರ್ತದ ಮೇಲಿನ ಅವರ ಪಾಂಡಿತ್ಯವು ವ್ಯಕ್ತಿಗಳನ್ನು ಸಾಮರಸ್ಯ ಮತ್ತು ಪೂರೈಸುವ ಜೀವನದ ಕಡೆಗೆ ಮಾರ್ಗದರ್ಶನ ಮಾಡುವ ಬದ್ಧತೆಗೆ ಸಂಪೂರ್ಣವಾಗಿ ಹೊಂದಿಕೊಳ್ಳುತ್ತದೆ. ಈ ಪ್ರಾಚೀನ ವಿಜ್ಞಾನಗಳ ಆಳವಾದ ಬುದ್ಧಿವಂತಿಕೆಯಿಂದ ಚಿತ್ರಿಸುತ್ತಾ, ಅವರು ಡೆಸ್ಟಿನಿ ಮತ್ತು ಕಾಸ್ಮಿಕ್ ಪ್ರಭಾವದ ರಹಸ್ಯಗಳನ್ನು ಬಿಚ್ಚಿಡುತ್ತಾರೆ, ಅವರ ವಿವೇಚನಾಶೀಲ ಗ್ರಾಹಕರಿಗೆ ಅಮೂಲ್ಯವಾದ ಒಳನೋಟಗಳನ್ನು ಒದಗಿಸುತ್ತಾರೆ.","
Introducing Astrologer Hamsini, a renowned luminary in the realm of astrology and mystic sciences. With a clientele of over 700 avid consultants from diverse backgrounds, Hamsini has carved an illustrious path as a multilingual business professional. Her expertise spans a vast spectrum, delving into the intricacies of Feng Shui Vastu, Numerology, Prachina Vastu, Prashnashastra, Ratna Rahasya, Agni Hotra, Palm History, and Crystal Effects. With a penchant for holistic healing, she is also proficient in Rekhi Healing and possesses profound knowledge of Parashara, NakshatraNadi, and Vedic astrology. Hamsini's prowess extends beyond conventional boundaries, as she skillfully practices NakshatraNadi, Parashara, Yogas, Numerology, Tarot Card reading, and Bhrigunandi Nadi. Her mastery over Tara Dasa Bala, Cowries Shastra, Jaimini, Matchmaking, and Muhurtha aligns perfectly with her commitment to guiding individuals towards a harmonious and fulfilling life. Drawing from the profound wisdom of these ancient sciences, she unravels the mysteries of destiny and cosmic influence, providing invaluable insights to her discerning clientele."
INDIRA SHETTY (LEESHA),50,22.07.1972,FEMALE,9987014558,9619713837,indhirashetty1972@gmail.com,"102, shanti Tower, marol, military road, Mumbai- 400059",360294253864,BGJPS9176D,1,200,"Hindi, Tulu","Vedic, Nakshatranadi, Numerology, Tarot, Vastu",,SBI098989887,SBI,SBIM67878,XYZZZZ,Leesha,Leesha,Leesha,Leesha,ಲೀಶ ,Leesha,"Meet the extraordinary Astrologer Leesha, a homemaker with a passion for the cosmic mysteries that shape our destinies. Her profound insights have made her the trusted confidante of over 200 consultants, each seeking guidance on life's intricate questions. What setsLeesha apart is her remarkable multilingual prowess, enabling her to connect deeply with individuals from diverse backgrounds, transcending linguistic and cultural divides.Leesha's expertise spans a wide array of astrological disciplines, encompassing NakshatraNadi, Prashnashastra, Parashara, Tarot card readings,Tara Dasa bala, Jaimini, match-making and yogas, unveiling the cosmic patterns that influence one's life journey.Leesha's numerological acumen and profound knowledge of Vastu bring balance and prosperity to the homes and lives of those she touches. Her expertise also extends to Bhrigunandi Nadi and the profound wisdom of Vedic astrology, enabling her to offer holistic insights into the past, present, and future.Leesha's celestial wisdom is a beacon of hope, illuminating the intricate threads of fate and destiny for all who seek her counsel.","Meet the extraordinary AstrologerLeesha, a homemaker with a passion for the cosmic mysteries that shape our destinies. Her profound insights have made her the trusted confidante of over 200 consultants, each seeking guidance on life's intricate questions. What setsLeesha apart is her remarkable multilingual prowess, enabling her to connect deeply with individuals from diverse backgrounds, transcending linguistic and cultural divides.Leesha's expertise spans a wide array of astrological disciplines, encompassing NakshatraNadi, Prashnashastra, Parashara, Tarot card readings,Tara Dasa bala, Jaimini, match-making and yogas, unveiling the cosmic patterns that influence one's life journey.Leesha's numerological acumen and profound knowledge of Vastu bring balance and prosperity to the homes and lives of those she touches. Her expertise also extends to Bhrigunandi Nadi and the profound wisdom of Vedic astrology, enabling her to offer holistic insights into the past, present, and future.Leesha's celestial wisdom is a beacon of hope, illuminating the intricate threads of fate and destiny for all who seek her counsel.","Meet the extraordinary AstrologerLeesha, a homemaker with a passion for the cosmic mysteries that shape our destinies. Her profound insights have made her the trusted confidante of over 200 consultants, each seeking guidance on life's intricate questions. What setsLeesha apart is her remarkable multilingual prowess, enabling her to connect deeply with individuals from diverse backgrounds, transcending linguistic and cultural divides.Leesha's expertise spans a wide array of astrological disciplines, encompassing NakshatraNadi, Prashnashastra, Parashara, Tarot card readings,Tara Dasa bala, Jaimini, match-making and yogas, unveiling the cosmic patterns that influence one's life journey.Leesha's numerological acumen and profound knowledge of Vastu bring balance and prosperity to the homes and lives of those she touches. Her expertise also extends to Bhrigunandi Nadi and the profound wisdom of Vedic astrology, enabling her to offer holistic insights into the past, present, and future.Leesha's celestial wisdom is a beacon of hope, illuminating the intricate threads of fate and destiny for all who seek her counsel.","Meet the extraordinary AstrologerLeesha, a homemaker with a passion for the cosmic mysteries that shape our destinies. Her profound insights have made her the trusted confidante of over 200 consultants, each seeking guidance on life's intricate questions. What setsLeesha apart is her remarkable multilingual prowess, enabling her to connect deeply with individuals from diverse backgrounds, transcending linguistic and cultural divides.Leesha's expertise spans a wide array of astrological disciplines, encompassing NakshatraNadi, Prashnashastra, Parashara, Tarot card readings,Tara Dasa bala, Jaimini, match-making and yogas, unveiling the cosmic patterns that influence one's life journey.Leesha's numerological acumen and profound knowledge of Vastu bring balance and prosperity to the homes and lives of those she touches. Her expertise also extends to Bhrigunandi Nadi and the profound wisdom of Vedic astrology, enabling her to offer holistic insights into the past, present, and future.Leesha's celestial wisdom is a beacon of hope, illuminating the intricate threads of fate and destiny for all who seek her counsel.","ನಮ್ಮ ಭವಿಷ್ಯವನ್ನು ರೂಪಿಸುವ ಬ್ರಹ್ಮಾಂಡದ ರಹಸ್ಯಗಳ ಬಗ್ಗೆ ಉತ್ಸಾಹವುಳ್ಳ ಗೃಹಿಣಿಯಾದ ಅಸಾಧಾರಣ ಜ್ಯೋತಿಷಿ ಲೀಶ ಅವರನ್ನು ಭೇಟಿ ಮಾಡಿ. ಅವರ ಆಳವಾದ ಒಳನೋಟಗಳು ಅವರನ್ನು 200 ಕ್ಕೂ ಹೆಚ್ಚು ಸಲಹೆಗಾರರ ​​ವಿಶ್ವಾಸಾರ್ಹ ಆಪ್ತರನ್ನಾಗಿ ಮಾಡಿದೆ, ಪ್ರತಿಯೊಬ್ಬರೂ ಜೀವನದ ಸಂಕೀರ್ಣ ಪ್ರಶ್ನೆಗಳಿಗೆ ಮಾರ್ಗದರ್ಶನವನ್ನು ಬಯಸುತ್ತಾರೆ. ಲೀಶಯವರನ್ನು ಪ್ರತ್ಯೇಕಿಸುವುದು ಅವರ ಗಮನಾರ್ಹ ಬಹುಭಾಷಾ ಪರಾಕ್ರಮವಾಗಿದೆ, ಭಾಷಾ ಮತ್ತು ಸಾಂಸ್ಕೃತಿಕ ವಿಭಾಗಗಳನ್ನು ಮೀರಿ ವೈವಿಧ್ಯಮಯ ಹಿನ್ನೆಲೆಯ ವ್ಯಕ್ತಿಗಳೊಂದಿಗೆ ಆಳವಾಗಿ ಸಂಪರ್ಕ ಸಾಧಿಸಲು ಅನುವು ಮಾಡಿಕೊಡುತ್ತದೆ. ಲೀಶಯವರ ಪರಿಣತಿಯು ನಕ್ಷತ್ರನಾಡಿ, ಪ್ರಶ್ನೆಶಾಸ್ತ್ರ, ಪರಾಶರ, ಟ್ಯಾರೋ ಕಾರ್ಡ್ ಓದುವಿಕೆ, ತಾರಾ ದಶಾ ಬಲ, ಜೈಮಿನಿ, ಮ್ಯಾಚ್ ಮೇಕಿಂಗ್ ಮತ್ತು ಯೋಗಗಳನ್ನು ಒಳಗೊಂಡ ಜ್ಯೋತಿಷ್ಯ ವಿಭಾಗಗಳ ವ್ಯಾಪಕ ಶ್ರೇಣಿಯನ್ನು ವ್ಯಾಪಿಸಿದೆ, ಒಬ್ಬರ ಜೀವನ ಪಯಣದ ಮೇಲೆ ಪ್ರಭಾವ ಬೀರುವ ವಿಶ್ವ ಮಾದರಿಗಳನ್ನು ಅನಾವರಣಗೊಳಿಸುತ್ತದೆ. ಲೀಶಯವರ ಸಂಖ್ಯಾಶಾಸ್ತ್ರದ ಕುಶಾಗ್ರಮತಿ ಮತ್ತು ವಾಸ್ತುವಿನ ಆಳವಾದ ಜ್ಞಾನವು ಅವರು ಸ್ಪರ್ಶಿಸುವವರ ಮನೆ ಮತ್ತು ಜೀವನಕ್ಕೆ ಸಮತೋಲನ ಮತ್ತು ಸಮೃದ್ಧಿಯನ್ನು ತರುತ್ತದೆ. ಅವರ ಪರಿಣತಿಯು ಭೃಗುನಂದಿ ನಾಡಿಗೆ ಮತ್ತು ವೈದಿಕ ಜ್ಯೋತಿಷ್ಯದ ಆಳವಾದ ಬುದ್ಧಿವಂತಿಕೆಗೆ ವಿಸ್ತರಿಸುತ್ತದೆ, ಭೂತ, ವರ್ತಮಾನ ಮತ್ತು ಭವಿಷ್ಯದ ಬಗ್ಗೆ ಸಮಗ್ರ ಒಳನೋಟಗಳನ್ನು ನೀಡಲು ಆಕೆಗೆ ಅನುವು ಮಾಡಿಕೊಡುತ್ತದೆ. ಲೀಶ ಅವರ ಆಕಾಶ ಬುದ್ಧಿವಂತಿಕೆಯು ಭರವಸೆಯ ದಾರಿದೀಪವಾಗಿದೆ, ಅವರ ಸಲಹೆಯನ್ನು ಹುಡುಕುವ ಎಲ್ಲರಿಗೂ ವಿಧಿ ಮತ್ತು ಅದೃಷ್ಟದ ಸಂಕೀರ್ಣ ಎಳೆಗಳನ್ನು ಬೆಳಗಿಸುತ್ತದೆ.","Meet the extraordinary AstrologerLeesha, a homemaker with a passion for the cosmic mysteries that shape our destinies. Her profound insights have made her the trusted confidante of over 200 consultants, each seeking guidance on life's intricate questions. What setsLeesha apart is her remarkable multilingual prowess, enabling her to connect deeply with individuals from diverse backgrounds, transcending linguistic and cultural divides.Leesha's expertise spans a wide array of astrological disciplines, encompassing NakshatraNadi, Prashnashastra, Parashara, Tarot card readings,Tara Dasa bala, Jaimini, match-making and yogas, unveiling the cosmic patterns that influence one's life journey.Leesha's numerological acumen and profound knowledge of Vastu bring balance and prosperity to the homes and lives of those she touches. Her expertise also extends to Bhrigunandi Nadi and the profound wisdom of Vedic astrology, enabling her to offer holistic insights into the past, present, and future.Leesha's celestial wisdom is a beacon of hope, illuminating the intricate threads of fate and destiny for all who seek her counsel."
JAYASHREE NARASIMHAN,62,10.08.1960,FEMALE,9886483563,9886483567,jayshree.narasimhan7@gmail.com,"102, JSS villa, 1st floor, M.C. Layout, vijayanagar, Bangalore-560040",626360146113,AJXPK5197J,1,250,"Hindi, Kannada, English, Tamil,"," Nakshatranadi, Numerology, Tarot, Palmistry,Crystal, Vastu",,SBI098989887,SBI,SBIM67878,XYZZZZ,JayashreeN,JayashreeN,JayashreeN,JayashreeN,ಜಯಶ್ರೀ ಎನ್ ,JayashreeN,"Jayashree is a remarkable individual whose career spans the realms of both finance and astrology, making her a truly unique and versatile professional. With a background as a financial accountant, she brings a keen analytical mind to her work as an astrologer. Her expertise in the mystical arts has garnered her with 250 consultants seeking her guidance on various aspects of life. One of Jayashree's standout qualities is her multilingual proficiency, allowing her to connect with clients from diverse cultural backgrounds seamlessly. She is well-versed in NakshatraNadi, Prashnashastra, Parashara, and the intricate science of Yogas. Her mastery extends to Numerology, Tarot card readings, and Palmistry, making her a comprehensive guide in the pursuit of self-discovery. Additionally, Jayashree delves into Bhrigunandi Nadi, Crystal and Agnihotra rituals, Matchmaking, Muhurtha, and Vastu. With an extensive toolkit of mystical and divinatory practices, Jayashree helps individuals navigate life's complexities and find meaning in the cosmic patterns that surround us.","Jayashree is a remarkable individual whose career spans the realms of both finance and astrology, making her a truly unique and versatile professional. With a background as a financial accountant, she brings a keen analytical mind to her work as an astrologer. Her expertise in the mystical arts has garnered her with 250 consultants seeking her guidance on various aspects of life. One of Jayashree's standout qualities is her multilingual proficiency, allowing her to connect with clients from diverse cultural backgrounds seamlessly. She is well-versed in NakshatraNadi, Prashnashastra, Parashara, and the intricate science of Yogas. Her mastery extends to Numerology, Tarot card readings, and Palm History, making her a comprehensive guide in the pursuit of self-discovery. Additionally, Jayashree delves into Bhrigunandi Nadi, Crystal and Agnihotra rituals, Matchmaking, Muhurtha, and Vastu. With an extensive toolkit of mystical and divinatory practices, Jayashree helps individuals navigate life's complexities and find meaning in the cosmic patterns that surround us.","Jayashree is a remarkable individual whose career spans the realms of both finance and astrology, making her a truly unique and versatile professional. With a background as a financial accountant, she brings a keen analytical mind to her work as an astrologer. Her expertise in the mystical arts has garnered her with 250 consultants seeking her guidance on various aspects of life. One of Jayashree's standout qualities is her multilingual proficiency, allowing her to connect with clients from diverse cultural backgrounds seamlessly. She is well-versed in NakshatraNadi, Prashnashastra, Parashara, and the intricate science of Yogas. Her mastery extends to Numerology, Tarot card readings, and Palm History, making her a comprehensive guide in the pursuit of self-discovery. Additionally, Jayashree delves into Bhrigunandi Nadi, Crystal and Agnihotra rituals, Matchmaking, Muhurtha, and Vastu. With an extensive toolkit of mystical and divinatory practices, Jayashree helps individuals navigate life's complexities and find meaning in the cosmic patterns that surround us.","Jayashree is a remarkable individual whose career spans the realms of both finance and astrology, making her a truly unique and versatile professional. With a background as a financial accountant, she brings a keen analytical mind to her work as an astrologer. Her expertise in the mystical arts has garnered her with 250 consultants seeking her guidance on various aspects of life. One of Jayashree's standout qualities is her multilingual proficiency, allowing her to connect with clients from diverse cultural backgrounds seamlessly. She is well-versed in NakshatraNadi, Prashnashastra, Parashara, and the intricate science of Yogas. Her mastery extends to Numerology, Tarot card readings, and Palm History, making her a comprehensive guide in the pursuit of self-discovery. Additionally, Jayashree delves into Bhrigunandi Nadi, Crystal and Agnihotra rituals, Matchmaking, Muhurtha, and Vastu. With an extensive toolkit of mystical and divinatory practices, Jayashree helps individuals navigate life's complexities and find meaning in the cosmic patterns that surround us.","ಜಯಶ್ರೀ ಒಬ್ಬ ಗಮನಾರ್ಹ ವ್ಯಕ್ತಿಯಾಗಿದ್ದು, ಅವರ ವೃತ್ತಿಜೀವನವು ಹಣಕಾಸು ಮತ್ತು ಜ್ಯೋತಿಷ್ಯ ಎರಡೂ ಕ್ಷೇತ್ರಗಳನ್ನು ವ್ಯಾಪಿಸಿದೆ, ಅವರನ್ನು ನಿಜವಾದ ಅನನ್ಯ ಮತ್ತು ಬಹುಮುಖ ವೃತ್ತಿಪರರನ್ನಾಗಿ ಮಾಡುತ್ತದೆ. ಹಣಕಾಸು ಲೆಕ್ಕಪರಿಶೋಧಕಿಯಾಗಿ ಹಿನ್ನೆಲೆ ಹೊಂದಿರುವ ಅವರು ಜ್ಯೋತಿಷಿಯಾಗಿ ತಮ್ಮ ಕೆಲಸಕ್ಕೆ ತೀಕ್ಷ್ಣವಾದ ವಿಶ್ಲೇಷಣಾತ್ಮಕ ಮನಸ್ಸನ್ನು ತರುತ್ತಾರೆ. ಅತೀಂದ್ರಿಯ ಕಲೆಗಳಲ್ಲಿನ ಅವರ ಪರಿಣತಿಯು ಜೀವನದ ವಿವಿಧ ಅಂಶಗಳ ಕುರಿತು ಮಾರ್ಗದರ್ಶನ ಪಡೆಯಲು 250 ಸಲಹೆಗಾರರನ್ನು ಪಡೆದುಕೊಂಡಿದೆ. ಜಯಶ್ರೀ ಅವರ ವಿಶಿಷ್ಟ ಗುಣವೆಂದರೆ ಅವರ ಬಹುಭಾಷಾ ಪ್ರಾವೀಣ್ಯತೆ, ಇದು ವೈವಿಧ್ಯಮಯ ಸಾಂಸ್ಕೃತಿಕ ಹಿನ್ನೆಲೆಯ ಗ್ರಾಹಕರೊಂದಿಗೆ ಮನಬಂದಂತೆ ಸಂಪರ್ಕ ಸಾಧಿಸಲು ಅನುವು ಮಾಡಿಕೊಡುತ್ತದೆ. ಅವರು ನಕ್ಷತ್ರನಾಡಿ, ಪ್ರಶ್ನೆಶಾಸ್ತ್ರ, ಪರಾಶರ ಮತ್ತು ಯೋಗಗಳ ಸಂಕೀರ್ಣ ವಿಜ್ಞಾನಗಳಲ್ಲಿ ಚೆನ್ನಾಗಿ ಪಾರಂಗತಳಾಗಿದ್ದಾಳೆ. ಅವರ ಪಾಂಡಿತ್ಯವು ಸಂಖ್ಯಾಶಾಸ್ತ್ರ, ಟ್ಯಾರೋ ಕಾರ್ಡ್ ವಾಚನಗೋಷ್ಠಿಗಳು ಮತ್ತು ಪಾಮ್ ಇತಿಹಾಸಕ್ಕೆ ವಿಸ್ತರಿಸುತ್ತದೆ, ಇದು ಸ್ವಯಂ-ಶೋಧನೆಯ ಅನ್ವೇಷಣೆಯಲ್ಲಿ ಅವರನ್ನು ಸಮಗ್ರ ಮಾರ್ಗದರ್ಶಿಯನ್ನಾಗಿ ಮಾಡುತ್ತದೆ. ಹೆಚ್ಚುವರಿಯಾಗಿ, ಜಯಶ್ರೀ ಅವರು ಭೃಗುನಂದಿ ನಾಡಿ, ಕ್ರಿಸ್ಟಲ್ ಮತ್ತು ಅಗ್ನಿಹೋತ್ರ ಆಚರಣೆಗಳು, ಹೊಂದಾಣಿಕೆ, ಮುಹೂರ್ತ ಮತ್ತು ವಾಸ್ತುವನ್ನು ಪರಿಶೀಲಿಸುತ್ತಾರೆ. ಅತೀಂದ್ರಿಯ ಮತ್ತು ದೈವಿಕ ಅಭ್ಯಾಸಗಳ ವ್ಯಾಪಕವಾದ ಟೂಲ್ಕಿಟ್ನೊಂದಿಗೆ, ಜಯಶ್ರೀ ವ್ಯಕ್ತಿಗಳು ಜೀವನದ ಸಂಕೀರ್ಣತೆಗಳನ್ನು ನ್ಯಾವಿಗೇಟ್ ಮಾಡಲು ಮತ್ತು ನಮ್ಮನ್ನು ಸುತ್ತುವರೆದಿರುವ ಕಾಸ್ಮಿಕ್ ಮಾದರಿಗಳಲ್ಲಿ ಅರ್ಥವನ್ನು ಕಂಡುಕೊಳ್ಳಲು ಸಹಾಯ ಮಾಡುತ್ತಾರೆ.","Jayashree is a remarkable individual whose career spans the realms of both finance and astrology, making her a truly unique and versatile professional. With a background as a financial accountant, she brings a keen analytical mind to her work as an astrologer. Her expertise in the mystical arts has garnered her with 250 consultants seeking her guidance on various aspects of life. One of Jayashree's standout qualities is her multilingual proficiency, allowing her to connect with clients from diverse cultural backgrounds seamlessly. She is well-versed in NakshatraNadi, Prashnashastra, Parashara, and the intricate science of Yogas. Her mastery extends to Numerology, Tarot card readings, and Palm History, making her a comprehensive guide in the pursuit of self-discovery. Additionally, Jayashree delves into Bhrigunandi Nadi, Crystal and Agnihotra rituals, Matchmaking, Muhurtha, and Vastu. With an extensive toolkit of mystical and divinatory practices, Jayashree helps individuals navigate life's complexities and find meaning in the cosmic patterns that surround us."
KRISHNA PATIL ,33,08.12.1989,MALE,9742655559,9886863748,kpscience89@gmail.com,"Bhageerath colony, sindhanur, 584128",740881789508,DTLPK0261E,0,,"Hindi, Kannada"," Nakshatranadi, Numerology, Tarot, Crystal, Vastu",,SBI098989887,SBI,SBIM67878,XYZZZZ,KrishnaP,KrishnaP,KrishnaP,KrishnaP,ಕೃಷ್ಣ ಪಿ,KrishnaP,"Jayashree is a remarkable individual whose career spans the realms of both finance and astrology, making her a truly unique and versatile professional. With a background as a financial accountant, she brings a keen analytical mind to her work as an astrologer. Her expertise in the mystical arts has garnered her with 250 consultants seeking her guidance on various aspects of life. One of Jayashree's standout qualities is her multilingual proficiency, allowing her to connect with clients from diverse cultural backgrounds seamlessly. She is well-versed in NakshatraNadi, Prashnashastra, Parashara, and the intricate science of Yogas. Her mastery extends to Numerology, Tarot card readings, and Palmistry, making her a comprehensive guide in the pursuit of self-discovery. Additionally, Jayashree delves into Bhrigunandi Nadi, Crystal and Agnihotra rituals, Matchmaking, Muhurtha, and Vastu. With an extensive toolkit of mystical and divinatory practices, Jayashree helps individuals navigate life's complexities and find meaning in the cosmic patterns that surround us.","Jayashree is a remarkable individual whose career spans the realms of both finance and astrology, making her a truly unique and versatile professional. With a background as a financial accountant, she brings a keen analytical mind to her work as an astrologer. Her expertise in the mystical arts has garnered her with 250 consultants seeking her guidance on various aspects of life. One of Jayashree's standout qualities is her multilingual proficiency, allowing her to connect with clients from diverse cultural backgrounds seamlessly. She is well-versed in NakshatraNadi, Prashnashastra, Parashara, and the intricate science of Yogas. Her mastery extends to Numerology, Tarot card readings, and Palm History, making her a comprehensive guide in the pursuit of self-discovery. Additionally, Jayashree delves into Bhrigunandi Nadi, Crystal and Agnihotra rituals, Matchmaking, Muhurtha, and Vastu. With an extensive toolkit of mystical and divinatory practices, Jayashree helps individuals navigate life's complexities and find meaning in the cosmic patterns that surround us.","Jayashree is a remarkable individual whose career spans the realms of both finance and astrology, making her a truly unique and versatile professional. With a background as a financial accountant, she brings a keen analytical mind to her work as an astrologer. Her expertise in the mystical arts has garnered her with 250 consultants seeking her guidance on various aspects of life. One of Jayashree's standout qualities is her multilingual proficiency, allowing her to connect with clients from diverse cultural backgrounds seamlessly. She is well-versed in NakshatraNadi, Prashnashastra, Parashara, and the intricate science of Yogas. Her mastery extends to Numerology, Tarot card readings, and Palm History, making her a comprehensive guide in the pursuit of self-discovery. Additionally, Jayashree delves into Bhrigunandi Nadi, Crystal and Agnihotra rituals, Matchmaking, Muhurtha, and Vastu. With an extensive toolkit of mystical and divinatory practices, Jayashree helps individuals navigate life's complexities and find meaning in the cosmic patterns that surround us.","Jayashree is a remarkable individual whose career spans the realms of both finance and astrology, making her a truly unique and versatile professional. With a background as a financial accountant, she brings a keen analytical mind to her work as an astrologer. Her expertise in the mystical arts has garnered her with 250 consultants seeking her guidance on various aspects of life. One of Jayashree's standout qualities is her multilingual proficiency, allowing her to connect with clients from diverse cultural backgrounds seamlessly. She is well-versed in NakshatraNadi, Prashnashastra, Parashara, and the intricate science of Yogas. Her mastery extends to Numerology, Tarot card readings, and Palm History, making her a comprehensive guide in the pursuit of self-discovery. Additionally, Jayashree delves into Bhrigunandi Nadi, Crystal and Agnihotra rituals, Matchmaking, Muhurtha, and Vastu. With an extensive toolkit of mystical and divinatory practices, Jayashree helps individuals navigate life's complexities and find meaning in the cosmic patterns that surround us.","ನಮ್ಮ ಜ್ಯೋತಿಷಿ ಕೃಷ್ಣ ಜ್ಯೋತಿಷ್ಯದ ಬಗ್ಗೆ ಹೆಚ್ಚು ಒಲವು ಹೊಂದಿದ್ದಾರೆ. ನಕ್ಷತ್ರನಾಡಿ, ಪಾರ್ಶ್ನಶಾಸ್ತ್ರ, ಜೈಮಿನಿ, ಪರಾಶರ, ಯೋಗಗಳು, ತಾರಾ ದಾಸ ಬಲ ಮತ್ತು ಭೃಗುನಂದಿನಾಡಿ ಸೇರಿದಂತೆ ಜ್ಯೋತಿಷ್ಯ ಕಲೆಗಳ ಸಮಗ್ರ ಶ್ರೇಣಿಯ ಬಗ್ಗೆ ಅವರು ಅನಾಯಾಸವಾಗಿ ಜ್ಞಾನವನ್ನು ಗಳಿಸಿದ್ದಾರೆ. ಇದಲ್ಲದೆ, ಕ್ರಿಸ್ಟಲ್ ಹೀಲಿಂಗ್‌ನಲ್ಲಿನ ಅವರ ಪರಿಣತಿಯು ಗ್ರಾಹಕರು ಭಾವನಾತ್ಮಕ, ದೈಹಿಕ ಮತ್ತು ಆಧ್ಯಾತ್ಮಿಕ ಯೋಗಕ್ಷೇಮಕ್ಕಾಗಿ ಈ ನೈಸರ್ಗಿಕ ಅಂಶಗಳ ಶಕ್ತಿಯನ್ನು ಬಳಸಿಕೊಳ್ಳಲು ಅನುವು ಮಾಡಿಕೊಡುತ್ತದೆ. ಕೌರೀಸ್ ಶಾಸ್ತ್ರ, ಪುರಾತನ ಭವಿಷ್ಯಜ್ಞಾನ ವ್ಯವಸ್ಥೆ, ಅವರ ಜ್ಞಾನವು ಅವಳ ಜ್ಯೋತಿಷ್ಯ ಒಳನೋಟಗಳಿಗೆ ಒಂದು ಅನನ್ಯ ಆಯಾಮವನ್ನು ಸೇರಿಸುತ್ತದೆ, ಜೀವನ ಸಮಸ್ಯೆಗಳ ವ್ಯಾಪಕ ಶ್ರೇಣಿಯ ಬಗ್ಗೆ ಗ್ರಾಹಕರಿಗೆ ಮಾರ್ಗದರ್ಶನ ನೀಡುತ್ತದೆ. ಅವರು ಪ್ರವೀಣ ಟ್ಯಾರೋ ರೀಡರ್ ಮತ್ತು ಸಂಖ್ಯಾಶಾಸ್ತ್ರಜ್ಞರಾಗಿದ್ದಾರೆ, ಅವರು ಜೀವನದ ಘಟನೆಗಳನ್ನು ಊಹಿಸಲು ಈ ಪ್ರಾಚೀನ ಕಲೆಗಳನ್ನು ಬಳಸಿಕೊಳ್ಳುತ್ತಾರೆ. ಅವರು ಸಂಖ್ಯಾಶಾಸ್ತ್ರ, ಕೌರೀಸ್ ಶಾಸ್ತ್ರ, ವಾಸ್ತುವನ್ನು ಸಹ ಅಭ್ಯಾಸ ಮಾಡುತ್ತಾರೆ. ಮ್ಯಾಚ್ ಮೇಕಿಂಗ್ ಮತ್ತು ನಿಮ್ಮ ಜೀವನದ ಘಟನೆಗಳಿಗೆ ಉತ್ತಮ ಮುಹೂರ್ತವನ್ನು ಹುಡುಕುವ ಕುರಿತು ಉಲ್ಲಾಸಕರ ಅನುಭವಕ್ಕಾಗಿ ಕೃಷ್ಣ ಅವರನ್ನು ಸಂಪರ್ಕಿಸಿ.","Jayashree is a remarkable individual whose career spans the realms of both finance and astrology, making her a truly unique and versatile professional. With a background as a financial accountant, she brings a keen analytical mind to her work as an astrologer. Her expertise in the mystical arts has garnered her with 250 consultants seeking her guidance on various aspects of life. One of Jayashree's standout qualities is her multilingual proficiency, allowing her to connect with clients from diverse cultural backgrounds seamlessly. She is well-versed in NakshatraNadi, Prashnashastra, Parashara, and the intricate science of Yogas. Her mastery extends to Numerology, Tarot card readings, and Palm History, making her a comprehensive guide in the pursuit of self-discovery. Additionally, Jayashree delves into Bhrigunandi Nadi, Crystal and Agnihotra rituals, Matchmaking, Muhurtha, and Vastu. With an extensive toolkit of mystical and divinatory practices, Jayashree helps individuals navigate life's complexities and find meaning in the cosmic patterns that surround us."
LAKSHMINARAYAN RAMAKRISHNA BHAGWAT,25,13.05.1998,MALE,9480174058,6360511915,lakshminarayanbhagwat@gmail.com,"malalagaon, yallapur, uttarakarnataka, 581359",852090061064,BKSPL2775A,2,600,"Hindi, Kannada, ", Nakshatranadi,,SBI098989887,SBI,SBIM67878,XYZZZZ,LakshminarayanR,LakshminarayanR,LakshminarayanR,LakshminarayanR,ಲಕ್ಷ್ಮೀನಾರಾಯಣಆರ್,LakshminarayanR,"Introducing our young and dynamic Astrologer Lakshminarayan who has already 600+ offline consultations to his credit. He has mastered Nakshatranadi, Prashnashastra, Parashara, Yogas, Bhrigunandinadi, Tara Dasa Bala and Jaimini techniques. He also employs Watch Technique, PanchaPakshi and Tajika System. Furthermore, his expertise in the Tajika System and Tara Dasa Bala helps shape one's destiny and understand their unique strengths and challenges. He also practices Vedic astrology, match making, muhurtha.  He has sworn to bring about positivity and visible changes in the life of everyone who consults him. Consult Lakshminarayan and find a visible difference in your life. ","Introducing our young and dynamic Astrologer Lakshminarayan who has already 600+ offline consultations to his credit. He has mastered Nakshatranadi, Prashnashastra, Parashara, Yogas, Bhrigunandinadi, Tara Dasa Bala and Jaimini techniques. He also employs Watch Technique, PanchaPakshi and Tajika System. Furthermore, his expertise in the Tajika System and Tara Dasa Bala helps shape one's destiny and understand their unique strengths and challenges. He also practices Vedic astrology, match making, muhurtha.  He has sworn to bring about positivity and visible changes in the life of everyone who consults him. Consult Lakshminarayan and find a visible difference in your life. ","Introducing our young and dynamic Astrologer Lakshminarayan who has already 600+ offline consultations to his credit. He has mastered Nakshatranadi, Prashnashastra, Parashara, Yogas, Bhrigunandinadi, Tara Dasa Bala and Jaimini techniques. He also employs Watch Technique, PanchaPakshi and Tajika System. Furthermore, his expertise in the Tajika System and Tara Dasa Bala helps shape one's destiny and understand their unique strengths and challenges. He also practices Vedic astrology, match making, muhurtha.  He has sworn to bring about positivity and visible changes in the life of everyone who consults him. Consult Lakshminarayan and find a visible difference in your life. ","Introducing our young and dynamic Astrologer Lakshminarayan who has already 600+ offline consultations to his credit. He has mastered Nakshatranadi, Prashnashastra, Parashara, Yogas, Bhrigunandinadi, Tara Dasa Bala and Jaimini techniques. He also employs Watch Technique, PanchaPakshi and Tajika System. Furthermore, his expertise in the Tajika System and Tara Dasa Bala helps shape one's destiny and understand their unique strengths and challenges. He also practices Vedic astrology, match making, muhurtha.  He has sworn to bring about positivity and visible changes in the life of everyone who consults him. Consult Lakshminarayan and find a visible difference in your life. ","ಈಗಾಗಲೇ 600+ ಆಫ್‌ಲೈನ್ ಸಮಾಲೋಚನೆಗಳನ್ನು ಹೊಂದಿರುವ ನಮ್ಮ ಯುವ ಮತ್ತು ಕ್ರಿಯಾತ್ಮಕ ಜ್ಯೋತಿಷಿ ಲಕ್ಷ್ಮೀನಾರಾಯಣ ಅವರನ್ನು ಪರಿಚಯಿಸುತ್ತಿದ್ದೇವೆ. ಅವರು ನಕ್ಷತ್ರನಾದಿ, ಪ್ರಶ್ನೆಶಾಸ್ತ್ರ, ಪರಾಶರ, ಯೋಗಗಳು, ಭೃಗುನಂದಿನಾಡಿ, ತಾರಾ ದಾಸ ಬಲ ಮತ್ತು ಜೈಮಿನಿ ತಂತ್ರಗಳನ್ನು ಕರಗತ ಮಾಡಿಕೊಂಡಿದ್ದಾರೆ. ಅವರು ವಾಚ್ ಟೆಕ್ನಿಕ್, ಪಂಚಪಕ್ಷಿ ಮತ್ತು ತಾಜಿಕಾ ಸಿಸ್ಟಮ್ ಅನ್ನು ಸಹ ಬಳಸುತ್ತಾರೆ. ಇದಲ್ಲದೆ, ತಾಜಿಕಾ ವ್ಯವಸ್ಥೆ ಮತ್ತು ತಾರಾ ದಾಸ ಬಾಲದಲ್ಲಿನ ಅವರ ಪರಿಣತಿಯು ಒಬ್ಬರ ಭವಿಷ್ಯವನ್ನು ರೂಪಿಸಲು ಮತ್ತು ಅವರ ವಿಶಿಷ್ಟ ಸಾಮರ್ಥ್ಯ ಮತ್ತು ಸವಾಲುಗಳನ್ನು ಅರ್ಥಮಾಡಿಕೊಳ್ಳಲು ಸಹಾಯ ಮಾಡುತ್ತದೆ. ಅವರು ವೈದಿಕ ಜ್ಯೋತಿಷ್ಯ, ಮ್ಯಾಚ್ ಮೇಕಿಂಗ್, ಮುಹೂರ್ತವನ್ನು ಸಹ ಅಭ್ಯಾಸ ಮಾಡುತ್ತಾರೆ. ಅವರನ್ನು ಸಮಾಲೋಚಿಸುವ ಪ್ರತಿಯೊಬ್ಬರ ಜೀವನದಲ್ಲಿ ಸಕಾರಾತ್ಮಕತೆ ಮತ್ತು ಗೋಚರ ಬದಲಾವಣೆಗಳನ್ನು ತರಲು ಅವರು ಪ್ರತಿಜ್ಞೆ ಮಾಡಿದ್ದಾರೆ. ಲಕ್ಷ್ಮೀನಾರಾಯಣರನ್ನು ಸಂಪರ್ಕಿಸಿ ಮತ್ತು ನಿಮ್ಮ ಜೀವನದಲ್ಲಿ ಗೋಚರ ವ್ಯತ್ಯಾಸವನ್ನು ಕಂಡುಕೊಳ್ಳಿ.","Introducing our young and dynamic Astrologer Lakshminarayan who has already 600+ offline consultations to his credit. He has mastered Nakshatranadi, Prashnashastra, Parashara, Yogas, Bhrigunandinadi, Tara Dasa Bala and Jaimini techniques. He also employs Watch Technique, PanchaPakshi and Tajika System. Furthermore, his expertise in the Tajika System and Tara Dasa Bala helps shape one's destiny and understand their unique strengths and challenges. He also practices Vedic astrology, match making, muhurtha.  He has sworn to bring about positivity and visible changes in the life of everyone who consults him. Consult Lakshminarayan and find a visible difference in your life. "
LAKSHMI V.,40,01.11.1982,FEMALE,9535999001,,lakshmivick@gmail.com,"No,56,3rd cross,Ashwath nagara, Mevathahalli,bangalore-560037",534887746492,ATAPV1194K,0,,"Hindi, Kannada, English, Tamil, Telugu","Nakshatranadi, Numerology, Palmistry,  Crystal, Vastu",,SBI098989887,SBI,SBIM67878,XYZZZZ,LakshmiV,LakshmiV,LakshmiV,LakshmiV,ಲಕ್ಷ್ಮಿ ವಿ,LakshmiV,"Introducing our esteemed Astrologer Lakshmi who is vibrant and multilingual. She is a prolific learner and has already mastered various branched of astrology like Nakshatranadi, Prashnashastra, Parashara, Cowries Shastra and Vastu. She juggles her career in Information Technology with her consultations and this is a testament to her passion for guiding individuals toward clarity, fulfillment, and enlightenment on their unique life journeys. She is also proficient in Agnihotra, Palmistry, Vastu and Crystal Healing. Her practice of Agnihotra, an ancient Vedic fire ritual, channels the transformative energies of fire to promote spiritual growth and healing, offering individuals a path to inner harmony and balance. She also practices Numerology. With her predictions she empowers her clients and promotes physical, emotional, and spiritual wellness. Consult Lakshmi and you will be be spellbound by her predicitions. ","Introducing our esteemed Astrologer Lakshmi who is vibrant and multilingual. She is a prolific learner and has already mastered various branched of astrology like Nakshatranadi, Prashnashastra, Parashara, Cowries Shastra and Vastu. She juggles her career in Information Technology with her consultations and this is a testament to her passion for guiding individuals toward clarity, fulfillment, and enlightenment on their unique life journeys. She is also proficient in Agnihotra, Palmistry, Vastu and Crystal Healing. Her practice of Agnihotra, an ancient Vedic fire ritual, channels the transformative energies of fire to promote spiritual growth and healing, offering individuals a path to inner harmony and balance. She also practices Numerology. With her predictions she empowers her clients and promotes physical, emotional, and spiritual wellness. Consult Lakshmi and you will be be spellbound by her predicitions. ","Introducing our esteemed Astrologer Lakshmi who is vibrant and multilingual. She is a prolific learner and has already mastered various branched of astrology like Nakshatranadi, Prashnashastra, Parashara, Cowries Shastra and Vastu. She juggles her career in Information Technology with her consultations and this is a testament to her passion for guiding individuals toward clarity, fulfillment, and enlightenment on their unique life journeys. She is also proficient in Agnihotra, Palmistry, Vastu and Crystal Healing. Her practice of Agnihotra, an ancient Vedic fire ritual, channels the transformative energies of fire to promote spiritual growth and healing, offering individuals a path to inner harmony and balance. She also practices Numerology. With her predictions she empowers her clients and promotes physical, emotional, and spiritual wellness. Consult Lakshmi and you will be be spellbound by her predicitions. ","Introducing our esteemed Astrologer Lakshmi who is vibrant and multilingual. She is a prolific learner and has already mastered various branched of astrology like Nakshatranadi, Prashnashastra, Parashara, Cowries Shastra and Vastu. She juggles her career in Information Technology with her consultations and this is a testament to her passion for guiding individuals toward clarity, fulfillment, and enlightenment on their unique life journeys. She is also proficient in Agnihotra, Palmistry, Vastu and Crystal Healing. Her practice of Agnihotra, an ancient Vedic fire ritual, channels the transformative energies of fire to promote spiritual growth and healing, offering individuals a path to inner harmony and balance. She also practices Numerology. With her predictions she empowers her clients and promotes physical, emotional, and spiritual wellness. Consult Lakshmi and you will be be spellbound by her predicitions. ","ನಮ್ಮ ಗೌರವಾನ್ವಿತ ಜ್ಯೋತಿಷಿ ಲಕ್ಷ್ಮಿ  ಅವರನ್ನು ಪರಿಚಯಿಸುತ್ತಿದ್ದೇವೆ ಅವರು ರೋಮಾಂಚಕ ಮತ್ತು ಬಹುಭಾಷಾ. ಅವರು ಸಮೃದ್ಧ ಕಲಿಯುವವರಾಗಿದ್ದಾರೆ ಮತ್ತು ಈಗಾಗಲೇ ನಕ್ಷತ್ರನಾಡಿ, ಪ್ರಶ್ನೆಶಾಸ್ತ್ರ, ಪರಾಶರ, ಕೌರೀಸ್ ಶಾಸ್ತ್ರ ಮತ್ತು ವಾಸ್ತುಗಳಂತಹ ಜ್ಯೋತಿಷ್ಯದ ವಿವಿಧ ಶಾಖೆಗಳನ್ನು ಕರಗತ ಮಾಡಿಕೊಂಡಿದ್ದಾರೆ.ಅವರು  ತನ್ನ ಸಮಾಲೋಚನೆಗಳೊಂದಿಗೆ ಮಾಹಿತಿ ತಂತ್ರಜ್ಞಾನದಲ್ಲಿ ತನ್ನ ವೃತ್ತಿಜೀವನವನ್ನು ಕಣ್ಕಟ್ಟು ಮಾಡುತ್ತಾಳೆ ಮತ್ತು ಇದು ವ್ಯಕ್ತಿಗಳಿಗೆ ಅವರ ಅನನ್ಯ ಜೀವನ ಪ್ರಯಾಣದಲ್ಲಿ ಸ್ಪಷ್ಟತೆ, ನೆರವೇರಿಕೆ ಮತ್ತು ಜ್ಞಾನೋದಯದ ಕಡೆಗೆ ಮಾರ್ಗದರ್ಶನ ನೀಡುವ ಅವಳ ಉತ್ಸಾಹಕ್ಕೆ ಸಾಕ್ಷಿಯಾಗಿದೆ.ಅವರು  ಅಗ್ನಿಹೋತ್ರ, ಹಸ್ತಸಾಮುದ್ರಿಕ ಶಾಸ್ತ್ರ, ವಾಸ್ತು ಮತ್ತು ಕ್ರಿಸ್ಟಲ್ ಹೀಲಿಂಗ್‌ನಲ್ಲಿಯೂ ಪ್ರವೀಣಳು. ಪುರಾತನ ವೈದಿಕ ಅಗ್ನಿ ಆಚರಣೆಯಾದ ಅಗ್ನಿಹೋತ್ರದ ಅಭ್ಯಾಸವು ಆಧ್ಯಾತ್ಮಿಕ ಬೆಳವಣಿಗೆ ಮತ್ತು ಗುಣಪಡಿಸುವಿಕೆಯನ್ನು ಉತ್ತೇಜಿಸಲು ಬೆಂಕಿಯ ಪರಿವರ್ತಕ ಶಕ್ತಿಯನ್ನು ಚಾನಲ್ ಮಾಡುತ್ತದೆ, ವ್ಯಕ್ತಿಗಳಿಗೆ ಆಂತರಿಕ ಸಾಮರಸ್ಯ ಮತ್ತು ಸಮತೋಲನದ ಮಾರ್ಗವನ್ನು ನೀಡುತ್ತದೆ. ಸಂಖ್ಯಾಶಾಸ್ತ್ರವನ್ನೂ ಅಭ್ಯಾಸ ಮಾಡುತ್ತಾಳೆ. ಅವಳ ಭವಿಷ್ಯವಾಣಿಯೊಂದಿಗೆಅವರು  ತನ್ನ ಗ್ರಾಹಕರಿಗೆ ಅಧಿಕಾರ ನೀಡುತ್ತಾಳೆ ಮತ್ತು ದೈಹಿಕ, ಭಾವನಾತ್ಮಕ ಮತ್ತು ಆಧ್ಯಾತ್ಮಿಕ ಸ್ವಾಸ್ಥ್ಯವನ್ನು ಉತ್ತೇಜಿಸುತ್ತಾಳೆ. ಲಕ್ಷ್ಮಿ  ಅವರನ್ನು ಸಂಪರ್ಕಿಸಿ ಮತ್ತು ಅವರ ಭವಿಷ್ಯವಾಣಿಗಳಿಂದ ನೀವು ಮಂತ್ರಮುಗ್ಧರಾಗುತ್ತೀರಿ.","Introducing our esteemed Astrologer Lakshmi who is vibrant and multilingual. She is a prolific learner and has already mastered various branched of astrology like Nakshatranadi, Prashnashastra, Parashara, Cowries Shastra and Vastu. She juggles her career in Information Technology with her consultations and this is a testament to her passion for guiding individuals toward clarity, fulfillment, and enlightenment on their unique life journeys. She is also proficient in Agnihotra, Palmistry, Vastu and Crystal Healing. Her practice of Agnihotra, an ancient Vedic fire ritual, channels the transformative energies of fire to promote spiritual growth and healing, offering individuals a path to inner harmony and balance. She also practices Numerology. With her predictions she empowers her clients and promotes physical, emotional, and spiritual wellness. Consult Lakshmi and you will be be spellbound by her predicitions. "
MAHESH M.R.,40,14.10.1982,MALE,9986464158,9886557216,maheshmrxiv@gmail.com,"#611,ganga,8th cross, 3rd main,Shimsha Raste, S.I.T.Extension, TUMAKURA-572103",444335826924,AZKPM8857C,1,46,"Hindi, Kannada, English, Sanskrit","Vedic, Nakshatranadi, Numerology, Tarot,  Palmistry, Crystal, Vastu",,SBI098989887,SBI,SBIM67878,XYZZZZ,MaheshMR,MaheshMR,MaheshMR,MaheshMR,ಮಹೇಶ್‌ಎಂ ಆರ್ ,MaheshMR,"Introducing our vibrant Astrologer Mahesh who is a Senior Research Associate who effortlessly connects with a diverse clientele through his multilingual capabilities. His expertise is a harmonious blend of mystical arts, including Vedic Astrology, Jaimini, Cowries Shastra, Bhrigunandinadi, Nakshatranadi and Yogas. Mahesh's profound knowledge of Vastu, the ancient Indian practice of harmonizing living spaces, ensures that his clients find peace, prosperity, and spiritual well-being in their surroundings. He has Master's in Vastu and title of Vastu Acharya. His Post Graduate Diploma in Vedic Astrology reflects his unwavering commitment to mastering the ancient science of celestial insights, enriching his clients' lives with profound and accurate guidance. he also practices Prashnashastra, Parashara, Bhrigunandi Nadi, tara Dasa Bala, Vastu. His expertise and techniques in Numerology, Tarot, Palmistry, Crystals, Match Making and Muhurat has aded layers of depth and precision to his celestial insights.  Consult Mahesh and navigate life's challenges with confidence.","Introducing our vibrant Astrologer Mahesh who is a Senior Research Associate who effortlessly connects with a diverse clientele through his multilingual capabilities. His expertise is a harmonious blend of mystical arts, including Vedic Astrology, Jaimini, Cowries Shastra, Bhrigunandinadi, Nakshatranadi and Yogas. Mahesh's profound knowledge of Vastu, the ancient Indian practice of harmonizing living spaces, ensures that his clients find peace, prosperity, and spiritual well-being in their surroundings. He has Master's in Vastu and title of Vastu Acharya. His Post Graduate Diploma in Vedic Astrology reflects his unwavering commitment to mastering the ancient science of celestial insights, enriching his clients' lives with profound and accurate guidance. he also practices Prashnashastra, Parashara, Bhrigunandi Nadi, tara Dasa Bala, Vastu. His expertise and techniques in Numerology, Tarot, Palmistry, Crystals, Match Making and Muhurat has aded layers of depth and precision to his celestial insights.  Consult Mahesh and navigate life's challenges with confidence.","Introducing our vibrant Astrologer Mahesh who is a Senior Research Associate who effortlessly connects with a diverse clientele through his multilingual capabilities. His expertise is a harmonious blend of mystical arts, including Vedic Astrology, Jaimini, Cowries Shastra, Bhrigunandinadi, Nakshatranadi and Yogas. Mahesh's profound knowledge of Vastu, the ancient Indian practice of harmonizing living spaces, ensures that his clients find peace, prosperity, and spiritual well-being in their surroundings. He has Master's in Vastu and title of Vastu Acharya. His Post Graduate Diploma in Vedic Astrology reflects his unwavering commitment to mastering the ancient science of celestial insights, enriching his clients' lives with profound and accurate guidance. he also practices Prashnashastra, Parashara, Bhrigunandi Nadi, tara Dasa Bala, Vastu. His expertise and techniques in Numerology, Tarot, Palmistry, Crystals, Match Making and Muhurat has aded layers of depth and precision to his celestial insights.  Consult Mahesh and navigate life's challenges with confidence.","Introducing our vibrant Astrologer Mahesh who is a Senior Research Associate who effortlessly connects with a diverse clientele through his multilingual capabilities. His expertise is a harmonious blend of mystical arts, including Vedic Astrology, Jaimini, Cowries Shastra, Bhrigunandinadi, Nakshatranadi and Yogas. Mahesh's profound knowledge of Vastu, the ancient Indian practice of harmonizing living spaces, ensures that his clients find peace, prosperity, and spiritual well-being in their surroundings. He has Master's in Vastu and title of Vastu Acharya. His Post Graduate Diploma in Vedic Astrology reflects his unwavering commitment to mastering the ancient science of celestial insights, enriching his clients' lives with profound and accurate guidance. he also practices Prashnashastra, Parashara, Bhrigunandi Nadi, tara Dasa Bala, Vastu. His expertise and techniques in Numerology, Tarot, Palmistry, Crystals, Match Making and Muhurat has aded layers of depth and precision to his celestial insights.  Consult Mahesh and navigate life's challenges with confidence.","ತಮ್ಮ ಬಹುಭಾಷಾ ಸಾಮರ್ಥ್ಯಗಳ ಮೂಲಕ ವೈವಿಧ್ಯಮಯ ಗ್ರಾಹಕರೊಂದಿಗೆ ಸಲೀಸಾಗಿ ಸಂಪರ್ಕ ಸಾಧಿಸುವ ಹಿರಿಯ ಸಂಶೋಧನಾ ಸಹವರ್ತಿಯಾಗಿರುವ ನಮ್ಮ ರೋಮಾಂಚಕ ಜ್ಯೋತಿಷಿ ಮಹೇಶ್‌ ಅವರನ್ನು ಪರಿಚಯಿಸುತ್ತಿದ್ದೇವೆ. ಅವರ ಪರಿಣತಿಯು ವೈದಿಕ ಜ್ಯೋತಿಷ್ಯ, ಜೈಮಿನಿ, ಕೌರೀಸ್ ಶಾಸ್ತ್ರ, ಭೃಗುನಂದಿನಾದಿ, ನಕ್ಷತ್ರನಾದಿ ಮತ್ತು ಯೋಗಗಳನ್ನು ಒಳಗೊಂಡಂತೆ ಅತೀಂದ್ರಿಯ ಕಲೆಗಳ ಸಾಮರಸ್ಯದ ಮಿಶ್ರಣವಾಗಿದೆ. ವಾಸಿಸುವ ಸ್ಥಳಗಳನ್ನು ಸಮನ್ವಯಗೊಳಿಸುವ ಪ್ರಾಚೀನ ಭಾರತೀಯ ಅಭ್ಯಾಸವಾದ ವಾಸ್ತು ಕುರಿತು ಮಹೇಶ್‌ ಅವರ ಆಳವಾದ ಜ್ಞಾನವು ಅವರ ಗ್ರಾಹಕರು ತಮ್ಮ ಸುತ್ತಮುತ್ತಲಿನ ಶಾಂತಿ, ಸಮೃದ್ಧಿ ಮತ್ತು ಆಧ್ಯಾತ್ಮಿಕ ಯೋಗಕ್ಷೇಮವನ್ನು ಕಂಡುಕೊಳ್ಳುವುದನ್ನು ಖಚಿತಪಡಿಸುತ್ತದೆ. ಅವರು ವಾಸ್ತುದಲ್ಲಿ ಸ್ನಾತಕೋತ್ತರ ಪದವಿ ಮತ್ತು ವಾಸ್ತು ಆಚಾರ್ಯ ಎಂಬ ಬಿರುದನ್ನು ಹೊಂದಿದ್ದಾರೆ. ವೈದಿಕ ಜ್ಯೋತಿಷ್ಯದಲ್ಲಿ ಅವರ ಸ್ನಾತಕೋತ್ತರ ಡಿಪ್ಲೊಮಾವು ಆಕಾಶದ ಒಳನೋಟಗಳ ಪ್ರಾಚೀನ ವಿಜ್ಞಾನವನ್ನು ಮಾಸ್ಟರಿಂಗ್ ಮಾಡುವ ಅವರ ಅಚಲವಾದ ಬದ್ಧತೆಯನ್ನು ಪ್ರತಿಬಿಂಬಿಸುತ್ತದೆ, ಆಳವಾದ ಮತ್ತು ನಿಖರವಾದ ಮಾರ್ಗದರ್ಶನದೊಂದಿಗೆ ಅವರ ಗ್ರಾಹಕರ ಜೀವನವನ್ನು ಸಮೃದ್ಧಗೊಳಿಸುತ್ತದೆ. ಅವರು ಪ್ರಶ್ನೆಶಾಸ್ತ್ರ, ಪರಾಶರ, ಭೃಗುನಂದಿ ನಾಡಿ, ತಾರಾ ದಾಸ ಬಲ, ವಾಸ್ತುಗಳನ್ನು ಸಹ ಅಭ್ಯಾಸ ಮಾಡುತ್ತಾರೆ. ಸಂಖ್ಯಾಶಾಸ್ತ್ರ, ಟ್ಯಾರೋ, ಹಸ್ತಸಾಮುದ್ರಿಕ ಶಾಸ್ತ್ರ, ಹರಳುಗಳು, ಮ್ಯಾಚ್ ಮೇಕಿಂಗ್ ಮತ್ತು ಮುಹೂರ್ತದಲ್ಲಿ ಅವರ ಪರಿಣತಿ ಮತ್ತು ತಂತ್ರಗಳು ಅವರ ಆಕಾಶದ ಒಳನೋಟಗಳಿಗೆ ಆಳ ಮತ್ತು ನಿಖರತೆಯ ಪದರಗಳನ್ನು ಸೇರಿಸಿದೆ. ಮಹೇಶ್‌ ಅವರನ್ನು ಸಂಪರ್ಕಿಸಿ ಮತ್ತು ಜೀವನದ ಸವಾಲುಗಳನ್ನು ಆತ್ಮವಿಶ್ವಾಸದಿಂದ ನ್ಯಾವಿಗೇಟ್ ಮಾಡಿ.","Introducing our vibrant Astrologer Mahesh who is a Senior Research Associate who effortlessly connects with a diverse clientele through his multilingual capabilities. His expertise is a harmonious blend of mystical arts, including Vedic Astrology, Jaimini, Cowries Shastra, Bhrigunandinadi, Nakshatranadi and Yogas. Mahesh's profound knowledge of Vastu, the ancient Indian practice of harmonizing living spaces, ensures that his clients find peace, prosperity, and spiritual well-being in their surroundings. He has Master's in Vastu and title of Vastu Acharya. His Post Graduate Diploma in Vedic Astrology reflects his unwavering commitment to mastering the ancient science of celestial insights, enriching his clients' lives with profound and accurate guidance. he also practices Prashnashastra, Parashara, Bhrigunandi Nadi, tara Dasa Bala, Vastu. His expertise and techniques in Numerology, Tarot, Palmistry, Crystals, Match Making and Muhurat has aded layers of depth and precision to his celestial insights.  Consult Mahesh and navigate life's challenges with confidence."
MALA SURESH ,36,26.03.1987,FEMALE,9036989286,9886444337,malasuresh560@gmail.com,"#40, BSK 3rd stage,, kathraguppe, Bangalore- 560085",337000179741,FQYPM2938G,2,375,"Kannada,Tamil,Telugu","Nakshatranadi, Numerology",,SBI098989887,SBI,SBIM67878,XYZZZZ,MalaS,MalaS,MalaS,MalaS,ಮಾಲಾ ಎಸ್ ,MalaS,"Introducing our vibrant Astrologer Mala who has 375+ consultations to her credit. Being a Home Maker she was passionate in understanding the secret power of astrology. She juggles her career as home maker along with her studies and interests in astrology. She followed her passion and got trained in various branches of astrology like Advanced Nakshatranadi, Parashara astrology, Numerology, Yogas, Ashtakavargha, Tara Dasa Bala and Bhrigunandinadi. Furthermore, her expertise in Numerology deciphers the hidden codes of numbers, providing individuals with valuable insights into various aspects of their lives. She also practices Prashnashastra.  She is multilingual and converses freely with her clients. Consult Mala for Match Making and Muhurath predictions. ","Introducing our vibrant Astrologer Mala who has 375+ consultations to her credit. Being a Home Maker she was passionate in understanding the secret power of astrology. She juggles her career as home maker along with her studies and interests in astrology. She followed her passion and got trained in various branches of astrology like Advanced Nakshatranadi, Parashara astrology, Numerology, Yogas, Ashtakavargha, Tara Dasa Bala and Bhrigunandinadi. Furthermore, her expertise in Numerology deciphers the hidden codes of numbers, providing individuals with valuable insights into various aspects of their lives. She also practices Prashnashastra.  She is multilingual and converses freely with her clients. Consult Mala for Match Making and Muhurath predictions. ","Introducing our vibrant Astrologer Mala who has 375+ consultations to her credit. Being a Home Maker she was passionate in understanding the secret power of astrology. She juggles her career as home maker along with her studies and interests in astrology. She followed her passion and got trained in various branches of astrology like Advanced Nakshatranadi, Parashara astrology, Numerology, Yogas, Ashtakavargha, Tara Dasa Bala and Bhrigunandinadi. Furthermore, her expertise in Numerology deciphers the hidden codes of numbers, providing individuals with valuable insights into various aspects of their lives. She also practices Prashnashastra.  She is multilingual and converses freely with her clients. Consult Mala for Match Making and Muhurath predictions. ","Introducing our vibrant Astrologer Mala who has 375+ consultations to her credit. Being a Home Maker she was passionate in understanding the secret power of astrology. She juggles her career as home maker along with her studies and interests in astrology. She followed her passion and got trained in various branches of astrology like Advanced Nakshatranadi, Parashara astrology, Numerology, Yogas, Ashtakavargha, Tara Dasa Bala and Bhrigunandinadi. Furthermore, her expertise in Numerology deciphers the hidden codes of numbers, providing individuals with valuable insights into various aspects of their lives. She also practices Prashnashastra.  She is multilingual and converses freely with her clients. Consult Mala for Match Making and Muhurath predictions. ","375+ ಸಮಾಲೋಚನೆಗಳನ್ನು ಹೊಂದಿರುವ ನಮ್ಮ ರೋಮಾಂಚಕ ಜ್ಯೋತಿಷಿ ಮಾಲಾ ಅವರನ್ನು ಪರಿಚಯಿಸುತ್ತಿದ್ದೇವೆ. ಹೋಮ್ ಮೇಕರ್ ಆಗಿರುವ ಆಕೆ ಜ್ಯೋತಿಷ್ಯದ ರಹಸ್ಯ ಶಕ್ತಿಯನ್ನು ಅರ್ಥಮಾಡಿಕೊಳ್ಳಲು ಉತ್ಸುಕರಾಗಿದ್ದರು.ಅವರು  ತನ್ನ ಅಧ್ಯಯನ ಮತ್ತು ಜ್ಯೋತಿಷ್ಯದಲ್ಲಿನ ಆಸಕ್ತಿಗಳ ಜೊತೆಗೆ ಮನೆ ಮೇಕರ್ ಆಗಿ ತನ್ನ ವೃತ್ತಿಯನ್ನು ಕಣ್ಕಟ್ಟು ಮಾಡುತ್ತಾಳೆ.ಅವರು  ತನ್ನ ಉತ್ಸಾಹವನ್ನು ಅನುಸರಿಸಿ ಜ್ಯೋತಿಷ್ಯದ ವಿವಿಧ ಶಾಖೆಗಳಾದ ಸುಧಾರಿತ ನಕ್ಷತ್ರನಾಡಿ, ಪರಾಶರ ಜ್ಯೋತಿಷ್ಯ, ಸಂಖ್ಯಾಶಾಸ್ತ್ರ, ಯೋಗಗಳು, ಅಷ್ಟಕವರ್ಗ, ತಾರಾ ದಾಸ ಬಲ ಮತ್ತು ಭೃಗುನಂದಿನಾಡಿಗಳಲ್ಲಿ ತರಬೇತಿ ಪಡೆದಳು. ಇದಲ್ಲದೆ, ಸಂಖ್ಯಾಶಾಸ್ತ್ರದಲ್ಲಿನ ಅವರ ಪರಿಣತಿಯು ಸಂಖ್ಯೆಗಳ ಗುಪ್ತ ಸಂಕೇತಗಳನ್ನು ಅರ್ಥೈಸುತ್ತದೆ, ವ್ಯಕ್ತಿಗಳಿಗೆ ಅವರ ಜೀವನದ ವಿವಿಧ ಅಂಶಗಳ ಬಗ್ಗೆ ಮೌಲ್ಯಯುತವಾದ ಒಳನೋಟಗಳನ್ನು ಒದಗಿಸುತ್ತದೆ. ಪ್ರಶ್ನಶಾಸ್ತ್ರವನ್ನೂ ಅಭ್ಯಾಸ ಮಾಡುತ್ತಾಳೆ.ಅವರು  ಬಹುಭಾಷಾ ಮತ್ತು ತನ್ನ ಗ್ರಾಹಕರೊಂದಿಗೆ ಮುಕ್ತವಾಗಿ ಮಾತನಾಡುತ್ತಾಳೆ. ಮ್ಯಾಚ್ ಮೇಕಿಂಗ್ ಮತ್ತು ಮುಹೂರ್ತ ಭವಿಷ್ಯಕ್ಕಾಗಿ ಮಾಲಾ ಅನ್ನು ಸಂಪರ್ಕಿಸಿ.","Introducing our vibrant Astrologer Mala who has 375+ consultations to her credit. Being a Home Maker she was passionate in understanding the secret power of astrology. She juggles her career as home maker along with her studies and interests in astrology. She followed her passion and got trained in various branches of astrology like Advanced Nakshatranadi, Parashara astrology, Numerology, Yogas, Ashtakavargha, Tara Dasa Bala and Bhrigunandinadi. Furthermore, her expertise in Numerology deciphers the hidden codes of numbers, providing individuals with valuable insights into various aspects of their lives. She also practices Prashnashastra.  She is multilingual and converses freely with her clients. Consult Mala for Match Making and Muhurath predictions. "
MEGHARAJ RODDA ,59,07.12.1963,MALE,9480503663,9980232112,megharaj.rodda@gmail.com,"#106A/,17th ward, gaveppa compound,opp M.G automobiles,Ballari-583101",351291559978,AFPPM4685R,0,,"Kannada, English,Telugu, Hindi", Nakshatranadi,,SBI098989887,SBI,SBIM67878,XYZZZZ,MegharajR,MegharajR,MegharajR,MegharajR,ಮೇಘರಾಜ್  ಆರ್ ,MegharajR,"Our Astrologer Megharaj is a successful Businessman, who is a multilinguistic and has honed his skills in Nakshatranadi and Prashnashastra. He uses Nakshatranadi astrology, to guide individuals with remarkable accuracy and decode the unique patterns and energies that shape an individual's destiny. Furthermore, his proficiency in Prashnashastra, the art of divination through asking specific questions, enables him to offer timely and insightful solutions to life's challenges. By tapping into the wisdom of the cosmos, MeghaRaj provides individuals with clarity and guidance on pressing matters, offering valuable direction when it is needed most.
His commitment to the well-being and spiritual growth of his clients shines through his profound insights and empathetic approach. ","Our Astrologer Megharaj is a successful Businessman, who is a multilinguistic and has honed his skills in Nakshatranadi and Prashnashastra. He uses Nakshatranadi astrology, to guide individuals with remarkable accuracy and decode the unique patterns and energies that shape an individual's destiny. Furthermore, his proficiency in Prashnashastra, the art of divination through asking specific questions, enables him to offer timely and insightful solutions to life's challenges. By tapping into the wisdom of the cosmos, MeghaRaj provides individuals with clarity and guidance on pressing matters, offering valuable direction when it is needed most.
His commitment to the well-being and spiritual growth of his clients shines through his profound insights and empathetic approach. ","Our Astrologer Megharaj is a successful Businessman, who is a multilinguistic and has honed his skills in Nakshatranadi and Prashnashastra. He uses Nakshatranadi astrology, to guide individuals with remarkable accuracy and decode the unique patterns and energies that shape an individual's destiny. Furthermore, his proficiency in Prashnashastra, the art of divination through asking specific questions, enables him to offer timely and insightful solutions to life's challenges. By tapping into the wisdom of the cosmos, MeghaRaj provides individuals with clarity and guidance on pressing matters, offering valuable direction when it is needed most.
His commitment to the well-being and spiritual growth of his clients shines through his profound insights and empathetic approach. ","Our Astrologer Megharaj is a successful Businessman, who is a multilinguistic and has honed his skills in Nakshatranadi and Prashnashastra. He uses Nakshatranadi astrology, to guide individuals with remarkable accuracy and decode the unique patterns and energies that shape an individual's destiny. Furthermore, his proficiency in Prashnashastra, the art of divination through asking specific questions, enables him to offer timely and insightful solutions to life's challenges. By tapping into the wisdom of the cosmos, MeghaRaj provides individuals with clarity and guidance on pressing matters, offering valuable direction when it is needed most.
His commitment to the well-being and spiritual growth of his clients shines through his profound insights and empathetic approach. ","""ನಮ್ಮ ಜ್ಯೋತಿಷಿ ಮೇಘರಾಜ್ ಯಶಸ್ವಿ ಉದ್ಯಮಿ, ಅವರು ಬಹುಭಾಷಾ ಪಟು ಮತ್ತು ನಕ್ಷತ್ರನಾಡಿ ಮತ್ತು ಪ್ರಶ್ನೆಶಾಸ್ತ್ರದಲ್ಲಿ ತಮ್ಮ ಕೌಶಲ್ಯಗಳನ್ನು ಮೆರೆದಿದ್ದಾರೆ. ಅವರು ನಕ್ಷತ್ರನಾದಿ ಜ್ಯೋತಿಷ್ಯವನ್ನು ಬಳಸುತ್ತಾರೆ, ವ್ಯಕ್ತಿಗಳಿಗೆ ಗಮನಾರ್ಹ ನಿಖರತೆಯೊಂದಿಗೆ ಮಾರ್ಗದರ್ಶನ ನೀಡುತ್ತಾರೆ ಮತ್ತು ವ್ಯಕ್ತಿಯ ಭವಿಷ್ಯವನ್ನು ರೂಪಿಸುವ ಅನನ್ಯ ಮಾದರಿಗಳು ಮತ್ತು ಶಕ್ತಿಗಳನ್ನು ಡಿಕೋಡ್ ಮಾಡುತ್ತಾರೆ. ಪ್ರಶ್ನೆಶಾಸ್ತ್ರದಲ್ಲಿ ಪ್ರಾವೀಣ್ಯತೆ, ನಿರ್ದಿಷ್ಟ ಪ್ರಶ್ನೆಗಳನ್ನು ಕೇಳುವ ಮೂಲಕ ಭವಿಷ್ಯಜ್ಞಾನದ ಕಲೆ, ಜೀವನದ ಸವಾಲುಗಳಿಗೆ ಸಮಯೋಚಿತ ಮತ್ತು ಒಳನೋಟವುಳ್ಳ ಪರಿಹಾರಗಳನ್ನು ನೀಡಲು ಅವನನ್ನು ಶಕ್ತಗೊಳಿಸುತ್ತದೆ.ವಿಶ್ವದ ಬುದ್ಧಿವಂತಿಕೆಯನ್ನು ಸ್ಪರ್ಶಿಸುವ ಮೂಲಕ, ಮೇಘರಾಜ್ ವ್ಯಕ್ತಿಗಳಿಗೆ ಒತ್ತುವ ವಿಷಯಗಳ ಬಗ್ಗೆ ಸ್ಪಷ್ಟತೆ ಮತ್ತು ಮಾರ್ಗದರ್ಶನವನ್ನು ಒದಗಿಸುತ್ತದೆ, ಅದು ಮೌಲ್ಯಯುತವಾದ ನಿರ್ದೇಶನವನ್ನು ನೀಡುತ್ತದೆ. ಹೆಚ್ಚು ಅಗತ್ಯವಿದೆ.
ಅವರ ಗ್ರಾಹಕರ ಯೋಗಕ್ಷೇಮ ಮತ್ತು ಆಧ್ಯಾತ್ಮಿಕ ಬೆಳವಣಿಗೆಗೆ ಅವರ ಬದ್ಧತೆಯು ಅವರ ಆಳವಾದ ಒಳನೋಟಗಳು ಮತ್ತು ಪರಾನುಭೂತಿಯ ವಿಧಾನದ ಮೂಲಕ ಹೊಳೆಯುತ್ತದೆ. ""","Our Astrologer Megharaj is a successful Businessman, who is a multilinguistic and has honed his skills in Nakshatranadi and Prashnashastra. He uses Nakshatranadi astrology, to guide individuals with remarkable accuracy and decode the unique patterns and energies that shape an individual's destiny. Furthermore, his proficiency in Prashnashastra, the art of divination through asking specific questions, enables him to offer timely and insightful solutions to life's challenges. By tapping into the wisdom of the cosmos, MeghaRaj provides individuals with clarity and guidance on pressing matters, offering valuable direction when it is needed most.
His commitment to the well-being and spiritual growth of his clients shines through his profound insights and empathetic approach. "
M. PRADEEP SHETTIGAR [DIVAJ],35,13.05.1988,MALE,8970404959,9483932037,pereulam@gmail.com,"#108, sudarshana, achutha nagar, P.O. herga, parkala, Udupi-576104",996144304091,EZBPS7215K,7,500,"Hindi, Kannada, English, Tamil, Telugu, Malayalam","Vedic, Nakshatranadi, Numerology, Tarot, Palmistry, Crystal, Vastu",,SBI098989887,SBI,SBIM67878,XYZZZZ,PradeepM,PradeepM,PradeepM,PradeepM,ಪ್ರದೀಪ್  ಎಂ ,PradeepM,"Our distingushed Astrologer Pradeep is a Civil Engineer truly interested in Astrology and it's various branches. Serving 500+ clients pan India is no joke. His expertise spans a wide array of mystical arts like Vedic Astrology, Nakshatranadi, Prashnashastra, Parashara, Tara Dasa Bala and Yogas. He employs the art of Face Reading, Tarot Card reading, Palmistry, Hypnosis to unveil the secret of an individual's life history and future. His proficiency in Brighunandi Nadi and Vastu adds layers of depth to his celestial insights, allowing for a more comprehensive understanding of one's life path and the harmonization of living spaces. He also practices Numerology, Crystal, Jaimini, face reading, match making, Muhurtha. His multilingual abilities and comprehensive expertise is a testament to his passion for guiding his clients. Consult Pradeep to know more about your future. ","Our distingushed Astrologer Pradeep is a Civil Engineer truly interested in Astrology and it's various branches. Serving 500+ clients pan India is no joke. His expertise spans a wide array of mystical arts like Vedic Astrology, Nakshatranadi, Prashnashastra, Parashara, Tara Dasa Bala and Yogas. He employs the art of Face Reading, Tarot Card reading, Palmistry, Hypnosis to unveil the secret of an individual's life history and future. His proficiency in Brighunandi Nadi and Vastu adds layers of depth to his celestial insights, allowing for a more comprehensive understanding of one's life path and the harmonization of living spaces. He also practices Numerology, Crystal, Jaimini, face reading, match making, Muhurtha. His multilingual abilities and comprehensive expertise is a testament to his passion for guiding his clients. Consult Pradeep to know more about your future. ","Our distingushed Astrologer Pradeep is a Civil Engineer truly interested in Astrology and it's various branches. Serving 500+ clients pan India is no joke. His expertise spans a wide array of mystical arts like Vedic Astrology, Nakshatranadi, Prashnashastra, Parashara, Tara Dasa Bala and Yogas. He employs the art of Face Reading, Tarot Card reading, Palmistry, Hypnosis to unveil the secret of an individual's life history and future. His proficiency in Brighunandi Nadi and Vastu adds layers of depth to his celestial insights, allowing for a more comprehensive understanding of one's life path and the harmonization of living spaces. He also practices Numerology, Crystal, Jaimini, face reading, match making, Muhurtha. His multilingual abilities and comprehensive expertise is a testament to his passion for guiding his clients. Consult Pradeep to know more about your future. ","Our distingushed Astrologer Pradeep is a Civil Engineer truly interested in Astrology and it's various branches. Serving 500+ clients pan India is no joke. His expertise spans a wide array of mystical arts like Vedic Astrology, Nakshatranadi, Prashnashastra, Parashara, Tara Dasa Bala and Yogas. He employs the art of Face Reading, Tarot Card reading, Palmistry, Hypnosis to unveil the secret of an individual's life history and future. His proficiency in Brighunandi Nadi and Vastu adds layers of depth to his celestial insights, allowing for a more comprehensive understanding of one's life path and the harmonization of living spaces. He also practices Numerology, Crystal, Jaimini, face reading, match making, Muhurtha. His multilingual abilities and comprehensive expertise is a testament to his passion for guiding his clients. Consult Pradeep to know more about your future. ","ನಮ್ಮ ಪ್ರತಿಷ್ಠಿತ ಜ್ಯೋತಿಷಿ ಪ್ರದೀಪ್ ಅವರು ಸಿವಿಲ್ ಇಂಜಿನಿಯರ್ ಅವರು ಜ್ಯೋತಿಷ್ಯದಲ್ಲಿ ನಿಜವಾಗಿಯೂ ಆಸಕ್ತಿ ಹೊಂದಿದ್ದಾರೆ ಮತ್ತು ಇದು ವಿವಿಧ ಶಾಖೆಗಳು. ಭಾರತದಲ್ಲಿ 500+ ಕ್ಲೈಂಟ್‌ಗಳಿಗೆ ಸೇವೆ ಸಲ್ಲಿಸುವುದು ತಮಾಷೆಯಲ್ಲ. ಅವರ ಪರಿಣತಿಯು ವೈದಿಕ ಜ್ಯೋತಿಷ್ಯ, ನಕ್ಷತ್ರನಾದಿ, ಪ್ರಶ್ನೆಶಾಸ್ತ್ರ, ಪರಾಶರ, ತಾರಾ ದಾಸ ಬಲ ಮತ್ತು ಯೋಗಗಳಂತಹ ಅತೀಂದ್ರಿಯ ಕಲೆಗಳ ವ್ಯಾಪಕ ಶ್ರೇಣಿಯನ್ನು ವ್ಯಾಪಿಸಿದೆ. ವ್ಯಕ್ತಿಯ ಜೀವನ ಇತಿಹಾಸ ಮತ್ತು ಭವಿಷ್ಯದ ರಹಸ್ಯವನ್ನು ಅನಾವರಣಗೊಳಿಸಲು ಅವರು ಫೇಸ್ ರೀಡಿಂಗ್, ಟ್ಯಾರೋ ಕಾರ್ಡ್ ರೀಡಿಂಗ್, ಹಸ್ತಸಾಮುದ್ರಿಕ ಶಾಸ್ತ್ರ, ಹಿಪ್ನಾಸಿಸ್ ಕಲೆಯನ್ನು ಬಳಸುತ್ತಾರೆ. ಬೃಘುನಂದಿ ನಾಡಿ ಮತ್ತು ವಾಸ್ತುವಿನಲ್ಲಿ ಅವರ ಪ್ರಾವೀಣ್ಯತೆಯು ಅವರ ಆಕಾಶದ ಒಳನೋಟಗಳಿಗೆ ಆಳದ ಪದರಗಳನ್ನು ಸೇರಿಸುತ್ತದೆ, ಇದು ಒಬ್ಬರ ಜೀವನ ಮಾರ್ಗವನ್ನು ಮತ್ತು ವಾಸಿಸುವ ಸ್ಥಳಗಳ ಸಮನ್ವಯತೆಯನ್ನು ಹೆಚ್ಚು ಸಮಗ್ರವಾಗಿ ಅರ್ಥಮಾಡಿಕೊಳ್ಳಲು ಅನುವು ಮಾಡಿಕೊಡುತ್ತದೆ. ಸಂಖ್ಯಾಶಾಸ್ತ್ರ, ಕ್ರಿಸ್ಟಲ್, ಜೈಮಿನಿ, ಮುಖ ಓದುವಿಕೆ, ಮ್ಯಾಚ್ ಮೇಕಿಂಗ್, ಮುಹೂರ್ತವನ್ನೂ ಅಭ್ಯಾಸ ಮಾಡುತ್ತಾರೆ. ಅವರ ಬಹುಭಾಷಾ ಸಾಮರ್ಥ್ಯಗಳು ಮತ್ತು ಸಮಗ್ರ ಪರಿಣತಿಯು ತನ್ನ ಗ್ರಾಹಕರಿಗೆ ಮಾರ್ಗದರ್ಶನ ನೀಡುವ ಅವರ ಉತ್ಸಾಹಕ್ಕೆ ಸಾಕ್ಷಿಯಾಗಿದೆ. ನಿಮ್ಮ ಭವಿಷ್ಯದ ಬಗ್ಗೆ ಇನ್ನಷ್ಟು ತಿಳಿದುಕೊಳ್ಳಲು ಪ್ರದೀಪ್ ಅವರನ್ನು ಸಂಪರ್ಕಿಸಿ.","Our distingushed Astrologer Pradeep is a Civil Engineer truly interested in Astrology and it's various branches. Serving 500+ clients pan India is no joke. His expertise spans a wide array of mystical arts like Vedic Astrology, Nakshatranadi, Prashnashastra, Parashara, Tara Dasa Bala and Yogas. He employs the art of Face Reading, Tarot Card reading, Palmistry, Hypnosis to unveil the secret of an individual's life history and future. His proficiency in Brighunandi Nadi and Vastu adds layers of depth to his celestial insights, allowing for a more comprehensive understanding of one's life path and the harmonization of living spaces. He also practices Numerology, Crystal, Jaimini, face reading, match making, Muhurtha. His multilingual abilities and comprehensive expertise is a testament to his passion for guiding his clients. Consult Pradeep to know more about your future. "
M. REKHA PRASHANT ,43,02.02.1980,FEMALE,7474456358,9042641847,rekhasuruthy@gmail.com,"972 Zone, 25th street, Doha, Qatar, Qatar state",461602179931,BNVPH1569Q,1,200,"Hindi, Kannada, English, Tamil, Telugu","Vedic, Nakshatranadi, Numerology, Crystal,Reiki",,SBI098989887,SBI,SBIM67878,XYZZZZ,RekhaM,RekhaM,RekhaM,RekhaM,ರೇಖಾ ಎಂ,RekhaM,"Introducing our distingushed Astrologer Rekha who is a Bach Flower Consultant from abroad.  Her multilingual proficiency transcends language barriers and has served as a trusted guide for 200+ individuals seeking profound insights into their lives. Her expertise encompasses a rich tapestry of mystical arts, including the Watch Technique, Match Making, Numerology, Panchangam, Advance Prashanashastra, and Pancha Pakshi. Her match-making skills are renowned for fostering harmonious unions. Furthermore, her expertise in Numerology helps clients to make informed decisions and choose auspicious timings for important life events. Her mastery of Pancha Pakshi, a system that taps into the energy cycles of birds, empowers individuals to synchronize their actions with natural rhythms, enhancing productivity and well-being. She is an exponent of Vedic Astrology, Nakshtranadi, Parashara, Yogas, Bhrigunandinadi and Tara Dasa Bala branches of astrology. She is also into Crystal, Chakra and Reiki Healing. Consult Rekha and bring in clarity and prosperity in your life.","Introducing our distingushed Astrologer Rekha who is a Bach Flower Consultant from abroad.  Her multilingual proficiency transcends language barriers and has served as a trusted guide for 200+ individuals seeking profound insights into their lives. Her expertise encompasses a rich tapestry of mystical arts, including the Watch Technique, Match Making, Numerology, Panchangam, Advance Prashanashastra, and Pancha Pakshi. Her match-making skills are renowned for fostering harmonious unions. Furthermore, her expertise in Numerology helps clients to make informed decisions and choose auspicious timings for important life events. Her mastery of Pancha Pakshi, a system that taps into the energy cycles of birds, empowers individuals to synchronize their actions with natural rhythms, enhancing productivity and well-being. She is an exponent of Vedic Astrology, Nakshtranadi, Parashara, Yogas, Bhrigunandinadi and Tara Dasa Bala branches of astrology. She is also into Crystal, Chakra and Reiki Healing. Consult Rekha and bring in clarity and prosperity in your life.","Introducing our distingushed Astrologer Rekha who is a Bach Flower Consultant from abroad.  Her multilingual proficiency transcends language barriers and has served as a trusted guide for 200+ individuals seeking profound insights into their lives. Her expertise encompasses a rich tapestry of mystical arts, including the Watch Technique, Match Making, Numerology, Panchangam, Advance Prashanashastra, and Pancha Pakshi. Her match-making skills are renowned for fostering harmonious unions. Furthermore, her expertise in Numerology helps clients to make informed decisions and choose auspicious timings for important life events. Her mastery of Pancha Pakshi, a system that taps into the energy cycles of birds, empowers individuals to synchronize their actions with natural rhythms, enhancing productivity and well-being. She is an exponent of Vedic Astrology, Nakshtranadi, Parashara, Yogas, Bhrigunandinadi and Tara Dasa Bala branches of astrology. She is also into Crystal, Chakra and Reiki Healing. Consult Rekha and bring in clarity and prosperity in your life.","Introducing our distingushed Astrologer Rekha who is a Bach Flower Consultant from abroad.  Her multilingual proficiency transcends language barriers and has served as a trusted guide for 200+ individuals seeking profound insights into their lives. Her expertise encompasses a rich tapestry of mystical arts, including the Watch Technique, Match Making, Numerology, Panchangam, Advance Prashanashastra, and Pancha Pakshi. Her match-making skills are renowned for fostering harmonious unions. Furthermore, her expertise in Numerology helps clients to make informed decisions and choose auspicious timings for important life events. Her mastery of Pancha Pakshi, a system that taps into the energy cycles of birds, empowers individuals to synchronize their actions with natural rhythms, enhancing productivity and well-being. She is an exponent of Vedic Astrology, Nakshtranadi, Parashara, Yogas, Bhrigunandinadi and Tara Dasa Bala branches of astrology. She is also into Crystal, Chakra and Reiki Healing. Consult Rekha and bring in clarity and prosperity in your life.","ವಿದೇಶದಿಂದ ಬಾಚ್ ಫ್ಲವರ್ ಕನ್ಸಲ್ಟೆಂಟ್ ಆಗಿರುವ ನಮ್ಮ ಪ್ರತಿಷ್ಠಿತ ಜ್ಯೋತಿಷಿ ರೇಖಾ ಅವರನ್ನು ಪರಿಚಯಿಸುತ್ತಿದ್ದೇವೆ. ಅವರ ಬಹುಭಾಷಾ ಪ್ರಾವೀಣ್ಯತೆಯು ಭಾಷೆಯ ಅಡೆತಡೆಗಳನ್ನು ಮೀರಿದೆ ಮತ್ತು 200+ ವ್ಯಕ್ತಿಗಳಿಗೆ ಅವರ ಜೀವನದ ಆಳವಾದ ಒಳನೋಟಗಳನ್ನು ಹುಡುಕುವ ವಿಶ್ವಾಸಾರ್ಹ ಮಾರ್ಗದರ್ಶಿಯಾಗಿ ಕಾರ್ಯನಿರ್ವಹಿಸಿದೆ. ಆಕೆಯ ಪರಿಣತಿಯು ವಾಚ್ ಟೆಕ್ನಿಕ್, ಮ್ಯಾಚ್ ಮೇಕಿಂಗ್, ಸಂಖ್ಯಾಶಾಸ್ತ್ರ, ಪಂಚಾಂಗ, ಅಡ್ವಾನ್ಸ್ ಪ್ರಶಾನಶಾಸ್ತ್ರ ಮತ್ತು ಪಂಚ ಪಕ್ಷಿ ಸೇರಿದಂತೆ ಅತೀಂದ್ರಿಯ ಕಲೆಗಳ ಶ್ರೀಮಂತ ವಸ್ತ್ರವನ್ನು ಒಳಗೊಂಡಿದೆ. ಅವಳ ಹೊಂದಾಣಿಕೆಯ ಕೌಶಲ್ಯಗಳು ಸಾಮರಸ್ಯದ ಒಕ್ಕೂಟಗಳನ್ನು ಬೆಳೆಸಲು ಹೆಸರುವಾಸಿಯಾಗಿದೆ. ಇದಲ್ಲದೆ, ಸಂಖ್ಯಾಶಾಸ್ತ್ರದಲ್ಲಿನ ಅವರ ಪರಿಣತಿಯು ಗ್ರಾಹಕರಿಗೆ ತಿಳುವಳಿಕೆಯುಳ್ಳ ನಿರ್ಧಾರಗಳನ್ನು ತೆಗೆದುಕೊಳ್ಳಲು ಮತ್ತು ಪ್ರಮುಖ ಜೀವನದ ಘಟನೆಗಳಿಗೆ ಮಂಗಳಕರ ಸಮಯವನ್ನು ಆಯ್ಕೆ ಮಾಡಲು ಸಹಾಯ ಮಾಡುತ್ತದೆ. ಪಕ್ಷಿಗಳ ಶಕ್ತಿಯ ಚಕ್ರಗಳನ್ನು ಸ್ಪರ್ಶಿಸುವ ವ್ಯವಸ್ಥೆಯಾದ ಪಂಚ ಪಕ್ಷಿಯ ಅವರ ಪಾಂಡಿತ್ಯವು ವ್ಯಕ್ತಿಗಳು ತಮ್ಮ ಕ್ರಿಯೆಗಳನ್ನು ನೈಸರ್ಗಿಕ ಲಯಗಳೊಂದಿಗೆ ಸಿಂಕ್ರೊನೈಸ್ ಮಾಡಲು, ಉತ್ಪಾದಕತೆ ಮತ್ತು ಯೋಗಕ್ಷೇಮವನ್ನು ಹೆಚ್ಚಿಸಲು ಅಧಿಕಾರ ನೀಡುತ್ತದೆ. ಅವರು ವೈದಿಕ ಜ್ಯೋತಿಷ್ಯ, ನಕ್ಷತ್ರನಾಡಿ, ಪರಾಶರ, ಯೋಗಗಳು, ಭೃಗುನಂದಿನಾಡಿ ಮತ್ತು ತಾರಾ ದಾಸ ಬಲ ಜ್ಯೋತಿಷ್ಯ ಶಾಖೆಗಳ ಘಾತಕರಾಗಿದ್ದಾರೆ.ಅವರು  ಕ್ರಿಸ್ಟಲ್, ಚಕ್ರ ಮತ್ತು ರೇಖಿ ಹೀಲಿಂಗ್‌ನಲ್ಲಿದ್ದಾಳೆ. ರೇಖಾಮ್ ಅವರನ್ನು ಸಂಪರ್ಕಿಸಿ ಮತ್ತು ನಿಮ್ಮ ಜೀವನದಲ್ಲಿ ಸ್ಪಷ್ಟತೆ ಮತ್ತು ಸಮೃದ್ಧಿಯನ್ನು ತಂದುಕೊಳ್ಳಿ.","Introducing our distingushed Astrologer Rekha who is a Bach Flower Consultant from abroad.  Her multilingual proficiency transcends language barriers and has served as a trusted guide for 200+ individuals seeking profound insights into their lives. Her expertise encompasses a rich tapestry of mystical arts, including the Watch Technique, Match Making, Numerology, Panchangam, Advance Prashanashastra, and Pancha Pakshi. Her match-making skills are renowned for fostering harmonious unions. Furthermore, her expertise in Numerology helps clients to make informed decisions and choose auspicious timings for important life events. Her mastery of Pancha Pakshi, a system that taps into the energy cycles of birds, empowers individuals to synchronize their actions with natural rhythms, enhancing productivity and well-being. She is an exponent of Vedic Astrology, Nakshtranadi, Parashara, Yogas, Bhrigunandinadi and Tara Dasa Bala branches of astrology. She is also into Crystal, Chakra and Reiki Healing. Consult Rekha and bring in clarity and prosperity in your life."
NALINI J. AMIN,53,11.09.1969,FEMALE,9653227850,9765391295,nalinijamin003@gmail.com,"EC 93/B/203,Evershine city, vasai(E),Maharastra -401208",648315694108,AIDPV5851D,0,1,"Hindi, Kannada, English, Marathi, Tulu,", Nakshatranadi,,SBI098989887,SBI,SBIM67878,XYZZZZ,NaliniJ,NaliniJ,NaliniJ,NaliniJ,ನಳಿನಿ ಜೆ,NaliniJ,"Our Astrologer Nalini is a Home Maker with multilingustic proficiency. She is a practioner of the mystical art of Nakshatranadi astrology. Her dedication to this art of astrology reflects her unwavering commitment to the ancient science of celestial insights, enriching her clients' lives with profound and accurate guidance. Her multilingual abilities enable her to bridge the communication gap, ensuring that individuals from diverse backgrounds can access the wisdom and enlightenment she offers. She is committed to enhacing lives of others and bring about enlightenment and positive impact. Consult Nalini and gain guidance for a refreshing life. ","Our Astrologer Nalini is a Home Maker with multilingustic proficiency. She is a practioner of the mystical art of Nakshatranadi astrology. Her dedication to this art of astrology reflects her unwavering commitment to the ancient science of celestial insights, enriching her clients' lives with profound and accurate guidance. Her multilingual abilities enable her to bridge the communication gap, ensuring that individuals from diverse backgrounds can access the wisdom and enlightenment she offers. She is committed to enhacing lives of others and bring about enlightenment and positive impact. Consult Nalini and gain guidance for a refreshing life. ","Our Astrologer Nalini is a Home Maker with multilingustic proficiency. She is a practioner of the mystical art of Nakshatranadi astrology. Her dedication to this art of astrology reflects her unwavering commitment to the ancient science of celestial insights, enriching her clients' lives with profound and accurate guidance. Her multilingual abilities enable her to bridge the communication gap, ensuring that individuals from diverse backgrounds can access the wisdom and enlightenment she offers. She is committed to enhacing lives of others and bring about enlightenment and positive impact. Consult Nalini and gain guidance for a refreshing life. ","Our Astrologer Nalini is a Home Maker with multilingustic proficiency. She is a practioner of the mystical art of Nakshatranadi astrology. Her dedication to this art of astrology reflects her unwavering commitment to the ancient science of celestial insights, enriching her clients' lives with profound and accurate guidance. Her multilingual abilities enable her to bridge the communication gap, ensuring that individuals from diverse backgrounds can access the wisdom and enlightenment she offers. She is committed to enhacing lives of others and bring about enlightenment and positive impact. Consult Nalini and gain guidance for a refreshing life. ","ನಮ್ಮ ಜ್ಯೋತಿಷಿ ನಳಿನಿ ಬಹುಭಾಷಾ ಪ್ರಾವೀಣ್ಯತೆಯನ್ನು ಹೊಂದಿರುವ ಗೃಹಿಣಿ.ಅವರು  ನಕ್ಷತ್ರನಾದಿ ಜ್ಯೋತಿಷ್ಯದ ಅತೀಂದ್ರಿಯ ಕಲೆಯ ಅಭ್ಯಾಸಿ. ಜ್ಯೋತಿಷ್ಯದ ಈ ಕಲೆಗೆ ಅವರ ಸಮರ್ಪಣೆಯು ಆಕಾಶದ ಒಳನೋಟಗಳ ಪ್ರಾಚೀನ ವಿಜ್ಞಾನಕ್ಕೆ ಅವರ ಅಚಲವಾದ ಬದ್ಧತೆಯನ್ನು ಪ್ರತಿಬಿಂಬಿಸುತ್ತದೆ, ಆಳವಾದ ಮತ್ತು ನಿಖರವಾದ ಮಾರ್ಗದರ್ಶನದೊಂದಿಗೆ ತನ್ನ ಗ್ರಾಹಕರ ಜೀವನವನ್ನು ಸಮೃದ್ಧಗೊಳಿಸುತ್ತದೆ. ಅವಳ ಬಹುಭಾಷಾ ಸಾಮರ್ಥ್ಯಗಳು ಸಂವಹನದ ಅಂತರವನ್ನು ನಿವಾರಿಸಲು ಅನುವು ಮಾಡಿಕೊಡುತ್ತದೆ, ವೈವಿಧ್ಯಮಯ ಹಿನ್ನೆಲೆಯ ವ್ಯಕ್ತಿಗಳುಅವರು  ನೀಡುವ ಬುದ್ಧಿವಂತಿಕೆ ಮತ್ತು ಜ್ಞಾನೋದಯವನ್ನು ಪ್ರವೇಶಿಸಬಹುದು ಎಂದು ಖಚಿತಪಡಿಸುತ್ತದೆ. ಇತರರ ಜೀವನವನ್ನು ಸುಧಾರಿಸಲು ಮತ್ತು ಜ್ಞಾನೋದಯ ಮತ್ತು ಸಕಾರಾತ್ಮಕ ಪರಿಣಾಮವನ್ನು ತರಲುಅವರು  ಬದ್ಧಳಾಗಿದ್ದಾಳೆ. ನಳಿನಿ ಅವರನ್ನು ಸಂಪರ್ಕಿಸಿ ಮತ್ತು ಉಲ್ಲಾಸಕರ ಜೀವನಕ್ಕಾಗಿ ಮಾರ್ಗದರ್ಶನ ಪಡೆಯಿರಿ.","Our Astrologer Nalini is a Home Maker with multilingustic proficiency. She is a practioner of the mystical art of Nakshatranadi astrology. Her dedication to this art of astrology reflects her unwavering commitment to the ancient science of celestial insights, enriching her clients' lives with profound and accurate guidance. Her multilingual abilities enable her to bridge the communication gap, ensuring that individuals from diverse backgrounds can access the wisdom and enlightenment she offers. She is committed to enhacing lives of others and bring about enlightenment and positive impact. Consult Nalini and gain guidance for a refreshing life. "
NAMITHA GANESH SUVARNA,54,27.09.1968,FEMALE,8689856939,9867013710,namithaganesh100@gmail.com,"B/301 Samrat Apartment, Yashwant Nagar Lane, Vakola, Santacruz (East), Mumbai 400055.",599518015311,BVBPS4651J,2,50,"Hindi, Kannada, English, Tulu,","Nakshatranadi, Crystal ",,SBI098989887,SBI,SBIM67878,XYZZZZ,NamithaG,NamithaG,NamithaG,NamithaG,ನಮಿತಾ ಜಿ,NamithaG,"Our Astrologer Namitha is a School Admin and juggles her career with her passion in Astrology. Multilingual ability has fetched her clients and they have found the right guide in her. Her expertise is deeply rooted in the mystical art of Nakshatranadi astrology, coupled with the healing power of Crystals. Nakshatranadi astrology is celebrated for its precision and depth, and her mastery of this intricate system empowers her to provide unparalleled insights into the cosmic influences encoded within the lunar constellations. She deciphers the unique patterns and energies that shape an individual's destiny, offering precise guidance and profound revelations. She also practices Prashnashastra. In addition to her astrological prowess, Namitha is also a practitioner of Crystal Healing, harnessing the vibrational energies of crystals to promote physical, emotional, and spiritual well-being. Consult Namitha to start a refreshing journey of life. ","Our Astrologer Namitha is a School Admin and juggles her career with her passion in Astrology. Multilingual ability has fetched her clients and they have found the right guide in her. Her expertise is deeply rooted in the mystical art of Nakshatranadi astrology, coupled with the healing power of Crystals. Nakshatranadi astrology is celebrated for its precision and depth, and her mastery of this intricate system empowers her to provide unparalleled insights into the cosmic influences encoded within the lunar constellations. She deciphers the unique patterns and energies that shape an individual's destiny, offering precise guidance and profound revelations. She also practices Prashnashastra. In addition to her astrological prowess, Namitha is also a practitioner of Crystal Healing, harnessing the vibrational energies of crystals to promote physical, emotional, and spiritual well-being. Consult Namitha to start a refreshing journey of life. ","Our Astrologer Namitha is a School Admin and juggles her career with her passion in Astrology. Multilingual ability has fetched her clients and they have found the right guide in her. Her expertise is deeply rooted in the mystical art of Nakshatranadi astrology, coupled with the healing power of Crystals. Nakshatranadi astrology is celebrated for its precision and depth, and her mastery of this intricate system empowers her to provide unparalleled insights into the cosmic influences encoded within the lunar constellations. She deciphers the unique patterns and energies that shape an individual's destiny, offering precise guidance and profound revelations. She also practices Prashnashastra. In addition to her astrological prowess, Namitha is also a practitioner of Crystal Healing, harnessing the vibrational energies of crystals to promote physical, emotional, and spiritual well-being. Consult Namitha to start a refreshing journey of life. ","Our Astrologer Namitha is a School Admin and juggles her career with her passion in Astrology. Multilingual ability has fetched her clients and they have found the right guide in her. Her expertise is deeply rooted in the mystical art of Nakshatranadi astrology, coupled with the healing power of Crystals. Nakshatranadi astrology is celebrated for its precision and depth, and her mastery of this intricate system empowers her to provide unparalleled insights into the cosmic influences encoded within the lunar constellations. She deciphers the unique patterns and energies that shape an individual's destiny, offering precise guidance and profound revelations. She also practices Prashnashastra. In addition to her astrological prowess, Namitha is also a practitioner of Crystal Healing, harnessing the vibrational energies of crystals to promote physical, emotional, and spiritual well-being. Consult Namitha to start a refreshing journey of life. ","ನಮ್ಮ ಜ್ಯೋತಿಷಿ ನಮಿತಾ ಶಾಲೆಯ ಅಡ್ಮಿನ್ ಆಗಿದ್ದಾರೆ ಮತ್ತು ಜ್ಯೋತಿಷ್ಯದಲ್ಲಿ ಅವರ ಉತ್ಸಾಹದಿಂದ ತಮ್ಮ ವೃತ್ತಿಜೀವನವನ್ನು ಕಣ್ಕಟ್ಟು ಮಾಡುತ್ತಾರೆ. ಬಹುಭಾಷಾ ಸಾಮರ್ಥ್ಯವು ತನ್ನ ಗ್ರಾಹಕರನ್ನು ಸೆಳೆದಿದೆ ಮತ್ತು ಅವರು ಅವಳಲ್ಲಿ ಸರಿಯಾದ ಮಾರ್ಗದರ್ಶಿಯನ್ನು ಕಂಡುಕೊಂಡಿದ್ದಾರೆ. ಅವಳ ಪರಿಣತಿಯು ನಕ್ಷತ್ರನಾಡಿ ಜ್ಯೋತಿಷ್ಯದ ಅತೀಂದ್ರಿಯ ಕಲೆಯಲ್ಲಿ ಆಳವಾಗಿ ಬೇರೂರಿದೆ, ಜೊತೆಗೆ ಹರಳುಗಳ ಗುಣಪಡಿಸುವ ಶಕ್ತಿಯೊಂದಿಗೆ. ನಕ್ಷತ್ರನಾಡಿ ಜ್ಯೋತಿಷ್ಯವನ್ನು ಅದರ ನಿಖರತೆ ಮತ್ತು ಆಳಕ್ಕಾಗಿ ಆಚರಿಸಲಾಗುತ್ತದೆ, ಮತ್ತು ಈ ಸಂಕೀರ್ಣ ವ್ಯವಸ್ಥೆಯ ಪಾಂಡಿತ್ಯವು ಚಂದ್ರನ ನಕ್ಷತ್ರಪುಂಜಗಳೊಳಗೆ ಎನ್ಕೋಡ್ ಮಾಡಲಾದ ಕಾಸ್ಮಿಕ್ ಪ್ರಭಾವಗಳ ಬಗ್ಗೆ ಸಾಟಿಯಿಲ್ಲದ ಒಳನೋಟಗಳನ್ನು ಒದಗಿಸಲು ಆಕೆಗೆ ಅಧಿಕಾರ ನೀಡುತ್ತದೆ. ಒಬ್ಬ ವ್ಯಕ್ತಿಯ ಭವಿಷ್ಯವನ್ನು ರೂಪಿಸುವ ವಿಶಿಷ್ಟ ಮಾದರಿಗಳು ಮತ್ತು ಶಕ್ತಿಗಳನ್ನುಅವರು  ಅರ್ಥೈಸುತ್ತಾಳೆ, ನಿಖರವಾದ ಮಾರ್ಗದರ್ಶನ ಮತ್ತು ಆಳವಾದ ಬಹಿರಂಗಪಡಿಸುವಿಕೆಗಳನ್ನು ನೀಡುತ್ತಾಳೆ. ಪ್ರಶ್ನಶಾಸ್ತ್ರವನ್ನೂ ಅಭ್ಯಾಸ ಮಾಡುತ್ತಾಳೆ. ಅವರ ಜ್ಯೋತಿಷ್ಯ ಪರಾಕ್ರಮದ ಜೊತೆಗೆ, ನಮಿತಾ ಅವರು ಕ್ರಿಸ್ಟಲ್ ಹೀಲಿಂಗ್‌ನ ಅಭ್ಯಾಸಿಯೂ ಆಗಿದ್ದಾರೆ, ದೈಹಿಕ, ಭಾವನಾತ್ಮಕ ಮತ್ತು ಆಧ್ಯಾತ್ಮಿಕ ಯೋಗಕ್ಷೇಮವನ್ನು ಉತ್ತೇಜಿಸಲು ಸ್ಫಟಿಕಗಳ ಕಂಪನ ಶಕ್ತಿಯನ್ನು ಬಳಸಿಕೊಳ್ಳುತ್ತಾರೆ. ಜೀವನದ ಉಲ್ಲಾಸಕರ ಪ್ರಯಾಣವನ್ನು ಪ್ರಾರಂಭಿಸಲು ನಮಿತಾ ಅವರನ್ನು ಸಂಪರ್ಕಿಸಿ.","Our Astrologer Namitha is a School Admin and juggles her career with her passion in Astrology. Multilingual ability has fetched her clients and they have found the right guide in her. Her expertise is deeply rooted in the mystical art of Nakshatranadi astrology, coupled with the healing power of Crystals. Nakshatranadi astrology is celebrated for its precision and depth, and her mastery of this intricate system empowers her to provide unparalleled insights into the cosmic influences encoded within the lunar constellations. She deciphers the unique patterns and energies that shape an individual's destiny, offering precise guidance and profound revelations. She also practices Prashnashastra. In addition to her astrological prowess, Namitha is also a practitioner of Crystal Healing, harnessing the vibrational energies of crystals to promote physical, emotional, and spiritual well-being. Consult Namitha to start a refreshing journey of life. "
NAVYATHA MURTHY,31,27.03.1992,FEMALE,9741026140,,navyatha.murthy@gmail.com,"#4, 618,devagiri emeralds,poornapragna layout, bangalore-560061",774889201535,BSPPM3260A,1,53,"Hindi, Kannada, English,","Vedic, Nakshatranadi, Numerology,  Palmistry, Vastu",,SBI098989887,SBI,SBIM67878,XYZZZZ,NavyathaM,NavyathaM,NavyathaM,NavyathaM,ನವ್ಯತಾ ಎಂ,NavyathaM,"Introducing our eminent Astrologer Navyatha, who seamlessly connects with a diverse clientele transcending all language barriers. Her rich expertise includes Vedic Astrology, Nakshatranadi, Prashnashastra, Parashara, Jaimini, Bhrigunandinadi and Yogas. She is proficient in Numerology and helps individuals decipher the codes and numbers in life and thus decode destiny. She uses Tara Dasa Bala to analyze planetary influences. For compatible unions and auspicious start consult her on Muhurat and Match Making. She also knows Muhurtha, vastu. Navyatha is a highly trained Tarot reader and Palmist, who can help you with quick decision making. ","Introducing our eminent Astrologer Navyatha, who seamlessly connects with a diverse clientele transcending all language barriers. Her rich expertise includes Vedic Astrology, Nakshatranadi, Prashnashastra, Parashara, Jaimini, Bhrigunandinadi and Yogas. She is proficient in Numerology and helps individuals decipher the codes and numbers in life and thus decode destiny. She uses Tara Dasa Bala to analyze planetary influences. For compatible unions and auspicious start consult her on Muhurat and Match Making. She also knows Muhurtha, vastu. Navyatha is a highly trained Tarot reader and Palmist, who can help you with quick decision making. ","Introducing our eminent Astrologer Navyatha, who seamlessly connects with a diverse clientele transcending all language barriers. Her rich expertise includes Vedic Astrology, Nakshatranadi, Prashnashastra, Parashara, Jaimini, Bhrigunandinadi and Yogas. She is proficient in Numerology and helps individuals decipher the codes and numbers in life and thus decode destiny. She uses Tara Dasa Bala to analyze planetary influences. For compatible unions and auspicious start consult her on Muhurat and Match Making. She also knows Muhurtha, vastu. Navyatha is a highly trained Tarot reader and Palmist, who can help you with quick decision making. ","Introducing our eminent Astrologer Navyatha, who seamlessly connects with a diverse clientele transcending all language barriers. Her rich expertise includes Vedic Astrology, Nakshatranadi, Prashnashastra, Parashara, Jaimini, Bhrigunandinadi and Yogas. She is proficient in Numerology and helps individuals decipher the codes and numbers in life and thus decode destiny. She uses Tara Dasa Bala to analyze planetary influences. For compatible unions and auspicious start consult her on Muhurat and Match Making. She also knows Muhurtha, vastu. Navyatha is a highly trained Tarot reader and Palmist, who can help you with quick decision making. ","ಎಲ್ಲಾ ಭಾಷಾ ಅಡೆತಡೆಗಳನ್ನು ಮೀರಿ ವೈವಿಧ್ಯಮಯ ಗ್ರಾಹಕರೊಂದಿಗೆ ಮನಬಂದಂತೆ ಸಂಪರ್ಕ ಸಾಧಿಸುವ ನಮ್ಮ ಪ್ರಖ್ಯಾತ ಜ್ಯೋತಿಷಿ ನವ್ಯತಾ  ಅವರನ್ನು ಪರಿಚಯಿಸುತ್ತಿದ್ದೇವೆ. ಆಕೆಯ ಶ್ರೀಮಂತ ಪರಿಣತಿಯು ವೈದಿಕ ಜ್ಯೋತಿಷ್ಯ, ನಕ್ಷತ್ರನಾಡಿ, ಪ್ರಶ್ನೆಶಾಸ್ತ್ರ, ಪರಾಶರ, ಜೈಮಿನಿ, ಭೃಗುನಂದಿನಾಡಿ ಮತ್ತು ಯೋಗಗಳನ್ನು ಒಳಗೊಂಡಿದೆ.ಅವರು  ಸಂಖ್ಯಾಶಾಸ್ತ್ರದಲ್ಲಿ ಪ್ರವೀಣಳಾಗಿದ್ದಾಳೆ ಮತ್ತು ವ್ಯಕ್ತಿಗಳು ಜೀವನದಲ್ಲಿ ಕೋಡ್‌ಗಳು ಮತ್ತು ಸಂಖ್ಯೆಗಳನ್ನು ಅರ್ಥಮಾಡಿಕೊಳ್ಳಲು ಸಹಾಯ ಮಾಡುತ್ತಾರೆ ಮತ್ತು ಹೀಗೆ ಡೆಸ್ಟಿನಿ ಡಿಕೋಡ್ ಮಾಡುತ್ತಾರೆ. ಗ್ರಹಗಳ ಪ್ರಭಾವವನ್ನು ವಿಶ್ಲೇಷಿಸಲು ಅವರು ತಾರಾ ದಾಸ ಬಲವನ್ನು ಬಳಸುತ್ತಾರೆ. ಹೊಂದಾಣಿಕೆಯ ಒಕ್ಕೂಟಗಳು ಮತ್ತು ಶುಭ ಆರಂಭಕ್ಕಾಗಿ ಮುಹೂರ್ತ ಮತ್ತು ಮ್ಯಾಚ್ ಮೇಕಿಂಗ್ಯಲ್ಲಿ ಅವಳನ್ನು ಸಂಪರ್ಕಿಸಿ. ಅವಳಿಗೆ ಮುಹೂರ್ತ, ವಾಸ್ತು ಕೂಡ ಗೊತ್ತು. ನವ್ಯತಾ  ಅವರು ಹೆಚ್ಚು ತರಬೇತಿ ಪಡೆದ ಟ್ಯಾರೋ ರೀಡರ್ ಮತ್ತು ಪಾಮಿಸ್ಟ್ ಆಗಿದ್ದಾರೆ, ಅವರು ತ್ವರಿತ ನಿರ್ಧಾರ ತೆಗೆದುಕೊಳ್ಳುವಲ್ಲಿ ನಿಮಗೆ ಸಹಾಯ ಮಾಡಬಹುದು.","Introducing our eminent Astrologer Navyatha, who seamlessly connects with a diverse clientele transcending all language barriers. Her rich expertise includes Vedic Astrology, Nakshatranadi, Prashnashastra, Parashara, Jaimini, Bhrigunandinadi and Yogas. She is proficient in Numerology and helps individuals decipher the codes and numbers in life and thus decode destiny. She uses Tara Dasa Bala to analyze planetary influences. For compatible unions and auspicious start consult her on Muhurat and Match Making. She also knows Muhurtha, vastu. Navyatha is a highly trained Tarot reader and Palmist, who can help you with quick decision making. "
N.S. KRISHNA MURTHY,63,03.03.1960,MALE,9840593550,9444308275,murthynsk@yahoo.co.in,"7/5, mariamman koil cross street,west k.k. nagar, Chennai -600078",758899170717,AADPK7697N,2,300,"English,Tamil, Telugu","Nakshatranadi, Numerology, Tarot",,SBI098989887,SBI,SBIM67878,XYZZZZ,NSKMurthy,NSKMurthy,NSKMurthy,NSKMurthy,ಎನ್ ಎಸ್ ಕೆ ಮೂರ್ತಿ,NSKMurthy,"Introducing our vibrant Astrologer NSKMurthy who found his passion for Astrology and took it forward after his retirement from his Banking career. He has 300 consultations to his credit. With his deep rooted knowledge in Bhrigunandinadi, Parashara, Prashnashastra, Yogas and Numerology he has brought about significant positive changes to the life's of his clients. Nakshatranadi astrology is renowned for its precision and depth, and his mastery of this intricate system empowers him to provide unparalleled insights into the cosmic influences encoded within the lunar constellations. He is a Tarot expert and helps his clients with Muhurta and Match Making. His empathetic nature enables him to reach a broader audience, ensuring that individuals from various backgrounds and cultures can access the wisdom and enlightenment he offers. Allow NSKMurthy to be your beacon of wisdom. ","Introducing our vibrant Astrologer NSKMurthy who found his passion for Astrology and took it forward after his retirement from his Banking career. He has 300 consultations to his credit. With his deep rooted knowledge in Bhrigunandinadi, Parashara, Prashnashastra, Yogas and Numerology he has brought about significant positive changes to the life's of his clients. Nakshatranadi astrology is renowned for its precision and depth, and his mastery of this intricate system empowers him to provide unparalleled insights into the cosmic influences encoded within the lunar constellations. He is a Tarot expert and helps his clients with Muhurta and Match Making. His empathetic nature enables him to reach a broader audience, ensuring that individuals from various backgrounds and cultures can access the wisdom and enlightenment he offers. Allow NSKMurthy to be your beacon of wisdom. ","Introducing our vibrant Astrologer NSKMurthy who found his passion for Astrology and took it forward after his retirement from his Banking career. He has 300 consultations to his credit. With his deep rooted knowledge in Bhrigunandinadi, Parashara, Prashnashastra, Yogas and Numerology he has brought about significant positive changes to the life's of his clients. Nakshatranadi astrology is renowned for its precision and depth, and his mastery of this intricate system empowers him to provide unparalleled insights into the cosmic influences encoded within the lunar constellations. He is a Tarot expert and helps his clients with Muhurta and Match Making. His empathetic nature enables him to reach a broader audience, ensuring that individuals from various backgrounds and cultures can access the wisdom and enlightenment he offers. Allow NSKMurthy to be your beacon of wisdom. ","Introducing our vibrant Astrologer NSKMurthy who found his passion for Astrology and took it forward after his retirement from his Banking career. He has 300 consultations to his credit. With his deep rooted knowledge in Bhrigunandinadi, Parashara, Prashnashastra, Yogas and Numerology he has brought about significant positive changes to the life's of his clients. Nakshatranadi astrology is renowned for its precision and depth, and his mastery of this intricate system empowers him to provide unparalleled insights into the cosmic influences encoded within the lunar constellations. He is a Tarot expert and helps his clients with Muhurta and Match Making. His empathetic nature enables him to reach a broader audience, ensuring that individuals from various backgrounds and cultures can access the wisdom and enlightenment he offers. Allow NSKMurthy to be your beacon of wisdom. ","ನಮ್ಮ ರೋಮಾಂಚಕ ಜ್ಯೋತಿಷಿ ಎನ್ ಎಸ್ ಕೆ ಮೂರ್ತಿ ಅವರನ್ನು ಪರಿಚಯಿಸುತ್ತಿದ್ದೇವೆ, ಅವರು ಜ್ಯೋತಿಷ್ಯದ ಬಗ್ಗೆ ಅವರ ಉತ್ಸಾಹವನ್ನು ಕಂಡುಕೊಂಡರು ಮತ್ತು ತಮ್ಮ ಬ್ಯಾಂಕಿಂಗ್ ವೃತ್ತಿಜೀವನದಿಂದ ನಿವೃತ್ತರಾದ ನಂತರ ಅದನ್ನು ಮುಂದಕ್ಕೆ ಕೊಂಡೊಯ್ದರು. ಅವರು 300 ಸಮಾಲೋಚನೆಗಳನ್ನು ಹೊಂದಿದ್ದಾರೆ. ಭೃಗುನಂದಿನಾಡಿ, ಪರಾಶರ, ಪ್ರಶ್ನೆಶಾಸ್ತ್ರ, ಯೋಗಗಳು ಮತ್ತು ಸಂಖ್ಯಾಶಾಸ್ತ್ರದಲ್ಲಿ ಅವರ ಆಳವಾದ ಬೇರೂರಿರುವ ಜ್ಞಾನದಿಂದ ಅವರು ತಮ್ಮ ಗ್ರಾಹಕರ ಜೀವನದಲ್ಲಿ ಗಮನಾರ್ಹ ಧನಾತ್ಮಕ ಬದಲಾವಣೆಗಳನ್ನು ತಂದಿದ್ದಾರೆ. ನಕ್ಷತ್ರನಾಡಿ ಜ್ಯೋತಿಷ್ಯವು ಅದರ ನಿಖರತೆ ಮತ್ತು ಆಳಕ್ಕೆ ಹೆಸರುವಾಸಿಯಾಗಿದೆ, ಮತ್ತು ಈ ಸಂಕೀರ್ಣ ವ್ಯವಸ್ಥೆಯ ಅವನ ಪಾಂಡಿತ್ಯವು ಚಂದ್ರನ ನಕ್ಷತ್ರಪುಂಜಗಳೊಳಗೆ ಎನ್ಕೋಡ್ ಮಾಡಲಾದ ಕಾಸ್ಮಿಕ್ ಪ್ರಭಾವಗಳ ಬಗ್ಗೆ ಸಾಟಿಯಿಲ್ಲದ ಒಳನೋಟಗಳನ್ನು ಒದಗಿಸಲು ಅವರಿಗೆ ಅಧಿಕಾರ ನೀಡುತ್ತದೆ. ಅವರು ಟ್ಯಾರೋ ಪರಿಣಿತರು ಮತ್ತು ತಮ್ಮ ಗ್ರಾಹಕರಿಗೆ ಮುಹೂರ್ತ ಮತ್ತು ಮ್ಯಾಚ್ ಮೇಕಿಂಗ್ಯಲ್ಲಿ ಸಹಾಯ ಮಾಡುತ್ತಾರೆ. ಅವರ ಸಹಾನುಭೂತಿಯ ಸ್ವಭಾವವು ವಿಶಾಲವಾದ ಪ್ರೇಕ್ಷಕರನ್ನು ತಲುಪಲು ಅನುವು ಮಾಡಿಕೊಡುತ್ತದೆ, ವಿವಿಧ ಹಿನ್ನೆಲೆಗಳು ಮತ್ತು ಸಂಸ್ಕೃತಿಗಳ ವ್ಯಕ್ತಿಗಳು ಅವರು ನೀಡುವ ಬುದ್ಧಿವಂತಿಕೆ ಮತ್ತು ಜ್ಞಾನೋದಯವನ್ನು ಪ್ರವೇಶಿಸಬಹುದು ಎಂದು ಖಚಿತಪಡಿಸುತ್ತದೆ. ಎನ್ ಎಸ್ ಕೆ ಮೂರ್ತಿ ನಿಮ್ಮ ಬುದ್ಧಿವಂತಿಕೆಯ ದಾರಿದೀಪವಾಗಲು ಅನುಮತಿಸಿ.","Introducing our vibrant Astrologer NSKMurthy who found his passion for Astrology and took it forward after his retirement from his Banking career. He has 300 consultations to his credit. With his deep rooted knowledge in Bhrigunandinadi, Parashara, Prashnashastra, Yogas and Numerology he has brought about significant positive changes to the life's of his clients. Nakshatranadi astrology is renowned for its precision and depth, and his mastery of this intricate system empowers him to provide unparalleled insights into the cosmic influences encoded within the lunar constellations. He is a Tarot expert and helps his clients with Muhurta and Match Making. His empathetic nature enables him to reach a broader audience, ensuring that individuals from various backgrounds and cultures can access the wisdom and enlightenment he offers. Allow NSKMurthy to be your beacon of wisdom. "
PADMAJA SATHYANARAYANAN,53,10.07.1970,FEMALE,9820050390,9820097464,padmajasathya@hotmail.com,"B-303, Avalon CHSL,hirandani gardens,powai, mumbai, Maharastra-400076",936346534667,ADWPN1199R,0,10,"Hindi, Kannada, English, Tamil","Vedic, Nakshatranadi, Crystal, Vastu",,SBI098989887,SBI,SBIM67878,XYZZZZ,PadmajaS,PadmajaS,PadmajaS,PadmajaS,ಪದ್ಮಜಾ ಎಸ್,PadmajaS,"Our Astrologer Padmaja is a highly passionate about Astrology and with her exceptional multilingual proficiency, she has been a guide for her clients on their life's journey. She juggles her career as  home maker along with her studies and interests in astrology. She is trained in Vedic Astrology, Nakshatranadi, Parashara, Prashnashastra, Yogas and Bhrigunandinadi. Her profound knowledge of Chakra Healing allows her clients to tap into their inner energy centers for balance, healing, and spiritual growth. Furthermore, her expertise in Vastu, helps her guide individuals on the science of harmonious living spaces. Her proficiency in Mundane Astrology, which deals with global events and trends, allows her clients to gain a broader perspective on the world's energies and their impact on personal lives. She is an example of Home Maker turned an accomplished Astrologer. She also practices Muhurtha, Jaimini, crystal. Padmaja is empathetic and a consultation with her will truly turn beneficial for you.","Our Astrologer Padmaja is a highly passionate about Astrology and with her exceptional multilingual proficiency, she has been a guide for her clients on their life's journey. She juggles her career as  home maker along with her studies and interests in astrology. She is trained in Vedic Astrology, Nakshatranadi, Parashara, Prashnashastra, Yogas and Bhrigunandinadi. Her profound knowledge of Chakra Healing allows her clients to tap into their inner energy centers for balance, healing, and spiritual growth. Furthermore, her expertise in Vastu, helps her guide individuals on the science of harmonious living spaces. Her proficiency in Mundane Astrology, which deals with global events and trends, allows her clients to gain a broader perspective on the world's energies and their impact on personal lives. She is an example of Home Maker turned an accomplished Astrologer. She also practices Muhurtha, Jaimini, crystal. Padmaja is empathetic and a consultation with her will truly turn beneficial for you.","Our Astrologer Padmaja is a highly passionate about Astrology and with her exceptional multilingual proficiency, she has been a guide for her clients on their life's journey. She juggles her career as  home maker along with her studies and interests in astrology. She is trained in Vedic Astrology, Nakshatranadi, Parashara, Prashnashastra, Yogas and Bhrigunandinadi. Her profound knowledge of Chakra Healing allows her clients to tap into their inner energy centers for balance, healing, and spiritual growth. Furthermore, her expertise in Vastu, helps her guide individuals on the science of harmonious living spaces. Her proficiency in Mundane Astrology, which deals with global events and trends, allows her clients to gain a broader perspective on the world's energies and their impact on personal lives. She is an example of Home Maker turned an accomplished Astrologer. She also practices Muhurtha, Jaimini, crystal. Padmaja is empathetic and a consultation with her will truly turn beneficial for you.","Our Astrologer Padmaja is a highly passionate about Astrology and with her exceptional multilingual proficiency, she has been a guide for her clients on their life's journey. She juggles her career as  home maker along with her studies and interests in astrology. She is trained in Vedic Astrology, Nakshatranadi, Parashara, Prashnashastra, Yogas and Bhrigunandinadi. Her profound knowledge of Chakra Healing allows her clients to tap into their inner energy centers for balance, healing, and spiritual growth. Furthermore, her expertise in Vastu, helps her guide individuals on the science of harmonious living spaces. Her proficiency in Mundane Astrology, which deals with global events and trends, allows her clients to gain a broader perspective on the world's energies and their impact on personal lives. She is an example of Home Maker turned an accomplished Astrologer. She also practices Muhurtha, Jaimini, crystal. Padmaja is empathetic and a consultation with her will truly turn beneficial for you.","ನಮ್ಮ ಜ್ಯೋತಿಷಿ ಪದ್ಮಜಾ ಅವರು ಜ್ಯೋತಿಷ್ಯದ ಬಗ್ಗೆ ಹೆಚ್ಚು ಒಲವು ಹೊಂದಿದ್ದಾರೆ ಮತ್ತು ಅವರ ಅಸಾಧಾರಣ ಬಹುಭಾಷಾ ಪ್ರಾವೀಣ್ಯತೆಯೊಂದಿಗೆ, ಅವರು ತಮ್ಮ ಗ್ರಾಹಕರ ಜೀವನ ಪಯಣದಲ್ಲಿ ಮಾರ್ಗದರ್ಶಿಯಾಗಿದ್ದಾರೆ.ಅವರು  ತನ್ನ ಅಧ್ಯಯನ ಮತ್ತು ಜ್ಯೋತಿಷ್ಯದಲ್ಲಿನ ಆಸಕ್ತಿಗಳ ಜೊತೆಗೆ ಮನೆ ಮೇಕರ್ ಆಗಿ ತನ್ನ ವೃತ್ತಿಯನ್ನು ಕಣ್ಕಟ್ಟು ಮಾಡುತ್ತಾಳೆ. ಆಕೆ ವೈದಿಕ ಜ್ಯೋತಿಷ್ಯ, ನಕ್ಷತ್ರನಾದಿ, ಪರಾಶರ, ಪ್ರಶ್ನೆಶಾಸ್ತ್ರ, ಯೋಗಗಳು ಮತ್ತು ಭೃಗುನಂದಿನಾಡಿಗಳಲ್ಲಿ ತರಬೇತಿ ಪಡೆದಿದ್ದಾಳೆ. ಚಕ್ರ ಹೀಲಿಂಗ್‌ನ ಅವಳ ಆಳವಾದ ಜ್ಞಾನವು ತನ್ನ ಗ್ರಾಹಕರಿಗೆ ಸಮತೋಲನ, ಚಿಕಿತ್ಸೆ ಮತ್ತು ಆಧ್ಯಾತ್ಮಿಕ ಬೆಳವಣಿಗೆಗಾಗಿ ತಮ್ಮ ಆಂತರಿಕ ಶಕ್ತಿ ಕೇಂದ್ರಗಳನ್ನು ಸ್ಪರ್ಶಿಸಲು ಅನುವು ಮಾಡಿಕೊಡುತ್ತದೆ. ಇದಲ್ಲದೆ, ವಾಸ್ತುದಲ್ಲಿನ ಅವರ ಪರಿಣತಿಯು ಸಾಮರಸ್ಯದ ವಾಸಸ್ಥಳಗಳ ವಿಜ್ಞಾನದ ಕುರಿತು ವ್ಯಕ್ತಿಗಳಿಗೆ ಮಾರ್ಗದರ್ಶನ ನೀಡಲು ಸಹಾಯ ಮಾಡುತ್ತದೆ. ಜಾಗತಿಕ ಘಟನೆಗಳು ಮತ್ತು ಪ್ರವೃತ್ತಿಗಳೊಂದಿಗೆ ವ್ಯವಹರಿಸುವ ಪ್ರಾಪಂಚಿಕ ಜ್ಯೋತಿಷ್ಯದಲ್ಲಿ ಅವರ ಪ್ರಾವೀಣ್ಯತೆಯು ತನ್ನ ಗ್ರಾಹಕರಿಗೆ ಪ್ರಪಂಚದ ಶಕ್ತಿಗಳು ಮತ್ತು ವೈಯಕ್ತಿಕ ಜೀವನದ ಮೇಲೆ ಅವುಗಳ ಪ್ರಭಾವದ ಬಗ್ಗೆ ವಿಶಾಲ ದೃಷ್ಟಿಕೋನವನ್ನು ಪಡೆಯಲು ಅನುಮತಿಸುತ್ತದೆ. ಹೋಮ್ ಮೇಕರ್ ಒಬ್ಬ ನಿಪುಣ ಜ್ಯೋತಿಷಿಯಾಗಿ ಹೊರಹೊಮ್ಮಿದ ಉದಾಹರಣೆಅವರು . ಮುಹೂರ್ತ, ಜೈಮಿನಿ, ಹರಳುಗಳನ್ನೂ ಅಭ್ಯಾಸ ಮಾಡುತ್ತಾಳೆ. ಪದ್ಮಜಾ ಸಹಾನುಭೂತಿ ಹೊಂದಿದ್ದಾರೆ ಮತ್ತು ಅವರೊಂದಿಗಿನ ಸಮಾಲೋಚನೆಯು ನಿಮಗೆ ನಿಜವಾಗಿಯೂ ಪ್ರಯೋಜನಕಾರಿಯಾಗಿದೆ.","Our Astrologer Padmaja is a highly passionate about Astrology and with her exceptional multilingual proficiency, she has been a guide for her clients on their life's journey. She juggles her career as  home maker along with her studies and interests in astrology. She is trained in Vedic Astrology, Nakshatranadi, Parashara, Prashnashastra, Yogas and Bhrigunandinadi. Her profound knowledge of Chakra Healing allows her clients to tap into their inner energy centers for balance, healing, and spiritual growth. Furthermore, her expertise in Vastu, helps her guide individuals on the science of harmonious living spaces. Her proficiency in Mundane Astrology, which deals with global events and trends, allows her clients to gain a broader perspective on the world's energies and their impact on personal lives. She is an example of Home Maker turned an accomplished Astrologer. She also practices Muhurtha, Jaimini, crystal. Padmaja is empathetic and a consultation with her will truly turn beneficial for you."
HARI PRASAD P.,49,28.04.1974,MALE,9742111455,9538983333,hariprasad1359@gmail.com,"Annapurneshwari towers,#15/35, 1st floor, 4th main, brindavana layout, uttarahalli main road, Bangalore-560061",724328557555,ANUPP1119Q,12,750, Kannada,"Vedic, Nakshatranadi, Numerology, Crystal, Vastu",,SBI098989887,SBI,SBIM67878,XYZZZZ,HariP,HariP,HariP,HariP,ಹರಿಪಿ,HariP,"Introducing our highly experienced Astrologer Hari who has a dedicated following of 750+ consultants, and his comprehensive expertise in mystical arts is a testament to his passion for guiding individuals toward clarity, fulfillment, and enlightenment on their unique paths. He effortlessly juggles his career with a Private Company and his passion for astrology. His array of expertise includes Vedic Astrology, Nakshatranadi, Parashara, Prashnashastra, Yogas, Bhrigunandinadi and Tara Dasa Bala techniques. Addittionally he is expert at Vastu, and Numerology. His mastery of Jaimini astrology, a complex and precise branch of Vedic astrology, empowers him to provide clients with profound insights into their destiny. he also practices Crystal, match making, muhurtha. Cosnsult Hari and be assured that you will receive precise and enlightening guidance for your life's journey.","Introducing our highly experienced Astrologer Hari who has a dedicated following of 750+ consultants, and his comprehensive expertise in mystical arts is a testament to his passion for guiding individuals toward clarity, fulfillment, and enlightenment on their unique paths. He effortlessly juggles his career with a Private Company and his passion for astrology. His array of expertise includes Vedic Astrology, Nakshatranadi, Parashara, Prashnashastra, Yogas, Bhrigunandinadi and Tara Dasa Bala techniques. Addittionally he is expert at Vastu, and Numerology. His mastery of Jaimini astrology, a complex and precise branch of Vedic astrology, empowers him to provide clients with profound insights into their destiny. he also practices Crystal, match making, muhurtha. Cosnsult Hari and be assured that you will receive precise and enlightening guidance for your life's journey.","Introducing our highly experienced Astrologer Hari who has a dedicated following of 750+ consultants, and his comprehensive expertise in mystical arts is a testament to his passion for guiding individuals toward clarity, fulfillment, and enlightenment on their unique paths. He effortlessly juggles his career with a Private Company and his passion for astrology. His array of expertise includes Vedic Astrology, Nakshatranadi, Parashara, Prashnashastra, Yogas, Bhrigunandinadi and Tara Dasa Bala techniques. Addittionally he is expert at Vastu, and Numerology. His mastery of Jaimini astrology, a complex and precise branch of Vedic astrology, empowers him to provide clients with profound insights into their destiny. he also practices Crystal, match making, muhurtha. Cosnsult Hari and be assured that you will receive precise and enlightening guidance for your life's journey.","Introducing our highly experienced Astrologer Hari who has a dedicated following of 750+ consultants, and his comprehensive expertise in mystical arts is a testament to his passion for guiding individuals toward clarity, fulfillment, and enlightenment on their unique paths. He effortlessly juggles his career with a Private Company and his passion for astrology. His array of expertise includes Vedic Astrology, Nakshatranadi, Parashara, Prashnashastra, Yogas, Bhrigunandinadi and Tara Dasa Bala techniques. Addittionally he is expert at Vastu, and Numerology. His mastery of Jaimini astrology, a complex and precise branch of Vedic astrology, empowers him to provide clients with profound insights into their destiny. he also practices Crystal, match making, muhurtha. Cosnsult Hari and be assured that you will receive precise and enlightening guidance for your life's journey.","750+ ಸಲಹೆಗಾರರನ್ನು ಹೊಂದಿರುವ ನಮ್ಮ ಅತ್ಯಂತ ಅನುಭವಿ ಜ್ಯೋತಿಷಿ ಹರಿ ಅವರನ್ನು ಪರಿಚಯಿಸುವುದು ಮತ್ತು ಅತೀಂದ್ರಿಯ ಕಲೆಗಳಲ್ಲಿ ಅವರ ಸಮಗ್ರ ಪರಿಣತಿಯು ವ್ಯಕ್ತಿಗಳನ್ನು ಅವರ ವಿಶಿಷ್ಟ ಮಾರ್ಗಗಳಲ್ಲಿ ಸ್ಪಷ್ಟತೆ, ನೆರವೇರಿಕೆ ಮತ್ತು ಜ್ಞಾನೋದಯದ ಕಡೆಗೆ ಮಾರ್ಗದರ್ಶನ ಮಾಡುವ ಅವರ ಉತ್ಸಾಹಕ್ಕೆ ಸಾಕ್ಷಿಯಾಗಿದೆ. ಅವರು ಸಲೀಸಾಗಿ ಖಾಸಗಿ ಕಂಪನಿಯೊಂದಿಗೆ ತಮ್ಮ ವೃತ್ತಿಜೀವನವನ್ನು ಮತ್ತು ಜ್ಯೋತಿಷ್ಯದ ಬಗ್ಗೆ ಅವರ ಉತ್ಸಾಹವನ್ನು ಕಣ್ಕಟ್ಟು ಮಾಡುತ್ತಾರೆ. ವೈದಿಕ ಜ್ಯೋತಿಷ್ಯ, ನಕ್ಷತ್ರನಾದಿ, ಪರಾಶರ, ಪ್ರಶ್ನೆಶಾಸ್ತ್ರ, ಯೋಗಗಳು, ಭೃಗುನಂದಿನಾದಿ ಮತ್ತು ತಾರಾ ದಾಸ ಬಲ ತಂತ್ರಗಳನ್ನು ಅವರ ಪರಿಣತಿಯ ಶ್ರೇಣಿಯು ಒಳಗೊಂಡಿದೆ. ಹೆಚ್ಚುವರಿಯಾಗಿ ಅವರು ವಾಸ್ತು ಮತ್ತು ಸಂಖ್ಯಾಶಾಸ್ತ್ರದಲ್ಲಿ ಪರಿಣಿತರು. ವೈದಿಕ ಜ್ಯೋತಿಷ್ಯದ ಸಂಕೀರ್ಣ ಮತ್ತು ನಿಖರವಾದ ಶಾಖೆಯಾದ ಜೈಮಿನಿ ಜ್ಯೋತಿಷ್ಯದ ಅವರ ಪಾಂಡಿತ್ಯವು ಗ್ರಾಹಕರಿಗೆ ಅವರ ಭವಿಷ್ಯದ ಬಗ್ಗೆ ಆಳವಾದ ಒಳನೋಟಗಳನ್ನು ಒದಗಿಸಲು ಅವರಿಗೆ ಅಧಿಕಾರ ನೀಡುತ್ತದೆ. ಅವರು ಹರಳು, ಮ್ಯಾಚ್ ಮೇಕಿಂಗ್, ಮುಹೂರ್ತವನ್ನು ಸಹ ಅಭ್ಯಾಸ ಮಾಡುತ್ತಾರೆ. ಹರಿ ಅವರನ್ನು ಸಂಪರ್ಕಿಸಿ ಮತ್ತು ನಿಮ್ಮ ಜೀವನದ ಪ್ರಯಾಣಕ್ಕಾಗಿ ನೀವು ನಿಖರವಾದ ಮತ್ತು ಪ್ರಬುದ್ಧ ಮಾರ್ಗದರ್ಶನವನ್ನು ಸ್ವೀಕರಿಸುತ್ತೀರಿ ಎಂದು ಭರವಸೆ ನೀಡಿ.","Introducing our highly experienced Astrologer Hari who has a dedicated following of 750+ consultants, and his comprehensive expertise in mystical arts is a testament to his passion for guiding individuals toward clarity, fulfillment, and enlightenment on their unique paths. He effortlessly juggles his career with a Private Company and his passion for astrology. His array of expertise includes Vedic Astrology, Nakshatranadi, Parashara, Prashnashastra, Yogas, Bhrigunandinadi and Tara Dasa Bala techniques. Addittionally he is expert at Vastu, and Numerology. His mastery of Jaimini astrology, a complex and precise branch of Vedic astrology, empowers him to provide clients with profound insights into their destiny. he also practices Crystal, match making, muhurtha. Cosnsult Hari and be assured that you will receive precise and enlightening guidance for your life's journey."
POOJA G. NAIK,28,05.03.1995,FEMALE,8861875882,,995pooja99@gmail.com,"Near excise Office, kodibag, karwar- 581301",795387997339,BOLPN3488K,0,,"Hindi, Kannada, English, Konkani."," Nakshatranadi, Numerology, Tarot, Palmistry, Crystal",,SBI098989887,SBI,SBIM67878,XYZZZZ,PoojaG,PoojaG,PoojaG,PoojaG,ಪೂಜಾ ಜಿ,PoojaG,"Introducing our young and passionate Astrologer Pooja, whose career as Lecturer and her rich tapestry of mystical arts expertise, speaks volumes about the passion she has for Astrology. She is trained in Nakshatranadi , Parashara and Prashnashastra. Her proficiency in Numerology deciphers the hidden codes of numbers, providing individuals with valuable insights into various aspects of their lives, from personality traits to life events and destiny. Her mastery of Nakshatranadi astrology offers clients a profound understanding of their life's journey by delving into the cosmic influences encoded within the lunar constellations. Furthermore, her expertise in Parashara astrology, a foundational branch of Vedic astrology, provides individuals with comprehensive and accurate readings, helping them navigate life's challenges and make informed decisions. Pooja is committed to enhancing the lives of others through her multilingual abilities and comprehensive expertise in mystical arts.","Introducing our young and passionate Astrologer Pooja, whose career as Lecturer and her rich tapestry of mystical arts expertise, speaks volumes about the passion she has for Astrology. She is trained in Nakshatranadi , Parashara and Prashnashastra. Her proficiency in Numerology deciphers the hidden codes of numbers, providing individuals with valuable insights into various aspects of their lives, from personality traits to life events and destiny. Her mastery of Nakshatranadi astrology offers clients a profound understanding of their life's journey by delving into the cosmic influences encoded within the lunar constellations. Furthermore, her expertise in Parashara astrology, a foundational branch of Vedic astrology, provides individuals with comprehensive and accurate readings, helping them navigate life's challenges and make informed decisions. Pooja is committed to enhancing the lives of others through her multilingual abilities and comprehensive expertise in mystical arts.","Introducing our young and passionate Astrologer Pooja, whose career as Lecturer and her rich tapestry of mystical arts expertise, speaks volumes about the passion she has for Astrology. She is trained in Nakshatranadi , Parashara and Prashnashastra. Her proficiency in Numerology deciphers the hidden codes of numbers, providing individuals with valuable insights into various aspects of their lives, from personality traits to life events and destiny. Her mastery of Nakshatranadi astrology offers clients a profound understanding of their life's journey by delving into the cosmic influences encoded within the lunar constellations. Furthermore, her expertise in Parashara astrology, a foundational branch of Vedic astrology, provides individuals with comprehensive and accurate readings, helping them navigate life's challenges and make informed decisions. Pooja is committed to enhancing the lives of others through her multilingual abilities and comprehensive expertise in mystical arts.","Introducing our young and passionate Astrologer Pooja, whose career as Lecturer and her rich tapestry of mystical arts expertise, speaks volumes about the passion she has for Astrology. She is trained in Nakshatranadi , Parashara and Prashnashastra. Her proficiency in Numerology deciphers the hidden codes of numbers, providing individuals with valuable insights into various aspects of their lives, from personality traits to life events and destiny. Her mastery of Nakshatranadi astrology offers clients a profound understanding of their life's journey by delving into the cosmic influences encoded within the lunar constellations. Furthermore, her expertise in Parashara astrology, a foundational branch of Vedic astrology, provides individuals with comprehensive and accurate readings, helping them navigate life's challenges and make informed decisions. Pooja is committed to enhancing the lives of others through her multilingual abilities and comprehensive expertise in mystical arts.","ನಮ್ಮ ಯುವ ಮತ್ತು ಭಾವೋದ್ರಿಕ್ತ ಜ್ಯೋತಿಷಿ ಪೂಜಾ ಅವರನ್ನು ಪರಿಚಯಿಸುವುದು, ಅವರ ಉಪನ್ಯಾಸಕ ವೃತ್ತಿ ಮತ್ತು ಅತೀಂದ್ರಿಯ ಕಲೆಗಳ ಪರಿಣತಿಯ ಶ್ರೀಮಂತ ವಸ್ತ್ರ, ಅವರು ಜ್ಯೋತಿಷ್ಯದ ಬಗ್ಗೆ ಹೊಂದಿರುವ ಉತ್ಸಾಹವನ್ನು ಹೇಳುತ್ತದೆ.ಅವರು  ನಕ್ಷತ್ರನಾಡಿ, ಪರಾಶರ ಮತ್ತು ಪ್ರಶ್ನೆಶಾಸ್ತ್ರದಲ್ಲಿ ತರಬೇತಿ ಪಡೆದಿದ್ದಾಳೆ. ಸಂಖ್ಯಾಶಾಸ್ತ್ರದಲ್ಲಿನ ಅವರ ಪ್ರಾವೀಣ್ಯತೆಯು ಸಂಖ್ಯೆಗಳ ಗುಪ್ತ ಸಂಕೇತಗಳನ್ನು ಅರ್ಥೈಸುತ್ತದೆ, ವ್ಯಕ್ತಿಗಳಿಗೆ ಅವರ ಜೀವನದ ವಿವಿಧ ಅಂಶಗಳ ಬಗ್ಗೆ ಮೌಲ್ಯಯುತವಾದ ಒಳನೋಟಗಳನ್ನು ಒದಗಿಸುತ್ತದೆ, ವ್ಯಕ್ತಿತ್ವದ ಗುಣಲಕ್ಷಣಗಳಿಂದ ಜೀವನದ ಘಟನೆಗಳು ಮತ್ತು ಅದೃಷ್ಟದವರೆಗೆ. ನಕ್ಷತ್ರನಾಡಿ ಜ್ಯೋತಿಷ್ಯದ ಅವರ ಪಾಂಡಿತ್ಯವು ಚಂದ್ರನ ನಕ್ಷತ್ರಪುಂಜಗಳೊಳಗೆ ಎನ್ಕೋಡ್ ಮಾಡಲಾದ ಕಾಸ್ಮಿಕ್ ಪ್ರಭಾವಗಳನ್ನು ಪರಿಶೀಲಿಸುವ ಮೂಲಕ ಗ್ರಾಹಕರಿಗೆ ಅವರ ಜೀವನದ ಪ್ರಯಾಣದ ಆಳವಾದ ತಿಳುವಳಿಕೆಯನ್ನು ನೀಡುತ್ತದೆ. ಇದಲ್ಲದೆ, ವೈದಿಕ ಜ್ಯೋತಿಷ್ಯದ ಮೂಲ ಶಾಖೆಯಾದ ಪರಾಶರ ಜ್ಯೋತಿಷ್ಯದಲ್ಲಿ ಅವರ ಪರಿಣತಿಯು ವ್ಯಕ್ತಿಗಳಿಗೆ ಸಮಗ್ರ ಮತ್ತು ನಿಖರವಾದ ಓದುವಿಕೆಗಳನ್ನು ಒದಗಿಸುತ್ತದೆ, ಜೀವನದ ಸವಾಲುಗಳನ್ನು ನ್ಯಾವಿಗೇಟ್ ಮಾಡಲು ಮತ್ತು ತಿಳುವಳಿಕೆಯುಳ್ಳ ನಿರ್ಧಾರಗಳನ್ನು ತೆಗೆದುಕೊಳ್ಳಲು ಅವರಿಗೆ ಸಹಾಯ ಮಾಡುತ್ತದೆ. ಪೂಜಾ ಅವರು ತಮ್ಮ ಬಹುಭಾಷಾ ಸಾಮರ್ಥ್ಯಗಳು ಮತ್ತು ಅತೀಂದ್ರಿಯ ಕಲೆಗಳಲ್ಲಿ ಸಮಗ್ರ ಪರಿಣತಿಯ ಮೂಲಕ ಇತರರ ಜೀವನವನ್ನು ಹೆಚ್ಚಿಸಲು ಬದ್ಧರಾಗಿದ್ದಾರೆ.","Introducing our young and passionate Astrologer Pooja, whose career as Lecturer and her rich tapestry of mystical arts expertise, speaks volumes about the passion she has for Astrology. She is trained in Nakshatranadi , Parashara and Prashnashastra. Her proficiency in Numerology deciphers the hidden codes of numbers, providing individuals with valuable insights into various aspects of their lives, from personality traits to life events and destiny. Her mastery of Nakshatranadi astrology offers clients a profound understanding of their life's journey by delving into the cosmic influences encoded within the lunar constellations. Furthermore, her expertise in Parashara astrology, a foundational branch of Vedic astrology, provides individuals with comprehensive and accurate readings, helping them navigate life's challenges and make informed decisions. Pooja is committed to enhancing the lives of others through her multilingual abilities and comprehensive expertise in mystical arts."
PRAKASH AMIN,45,08.08.1978,MALE,7411407571,9743252100,praamika@gmail.com,"Class 3rd, 20-B NITK Campus, Srinivasa nagar, surathkal, Mangalore-575025",254706482957,BIEPA21275G,5,500,"Hindi, Kannada,Tulu","Nakshatranadi, Numerology, Crystal, Vastu",,SBI098989887,SBI,SBIM67878,XYZZZZ,PrakashA,PrakashA,PrakashA,PrakashA, ಪ್ರಕಾಶ್ ಎ,PrakashA,"Our Astrologer Prakash is a distinguished luminary in the field of celestial insights and holistic well-being. With exceptional multilingual proficiency Prakash seamlessly connects with a diverse clientele. A Clerk by profession, he managed job and passion well and has more than 500 consultations to his credit. His empathetic nature has helped him serve as a trusted guide for individuals seeking profound insights into their lives. He is trained in Nakshatranadi, Prashnashastra, Jaimini, Parashara, Yogas, Tara Dasa Bala and Numerology. His expertise spans a wide spectrum of mystical arts, including Hasta Samudrika (palmistry) allows him to uncover the secrets held within the lines and markings of an individual's palms. Furthermore, his knowledge of Cowries Shastra, an ancient divination system, and Vastu, the science of harmonious living spaces, enables individuals to seek guidance on a wide range of life issues, from decision-making to creating harmonious environments. He also practices Match making and muhurtha. He is an expert in cleansing techniques using Crystal Healing. Approach Prakash to gain insights into your wellbeing.","Our Astrologer Prakash is a distinguished luminary in the field of celestial insights and holistic well-being. With exceptional multilingual proficiency Prakash seamlessly connects with a diverse clientele. A Clerk by profession, he managed job and passion well and has more than 500 consultations to his credit. His empathetic nature has helped him serve as a trusted guide for individuals seeking profound insights into their lives. He is trained in Nakshatranadi, Prashnashastra, Jaimini, Parashara, Yogas, Tara Dasa Bala and Numerology. His expertise spans a wide spectrum of mystical arts, including Hasta Samudrika (palmistry) allows him to uncover the secrets held within the lines and markings of an individual's palms. Furthermore, his knowledge of Cowries Shastra, an ancient divination system, and Vastu, the science of harmonious living spaces, enables individuals to seek guidance on a wide range of life issues, from decision-making to creating harmonious environments. He also practices Match making and muhurtha. He is an expert in cleansing techniques using Crystal Healing. Approach Prakash to gain insights into your wellbeing.","Our Astrologer Prakash is a distinguished luminary in the field of celestial insights and holistic well-being. With exceptional multilingual proficiency Prakash seamlessly connects with a diverse clientele. A Clerk by profession, he managed job and passion well and has more than 500 consultations to his credit. His empathetic nature has helped him serve as a trusted guide for individuals seeking profound insights into their lives. He is trained in Nakshatranadi, Prashnashastra, Jaimini, Parashara, Yogas, Tara Dasa Bala and Numerology. His expertise spans a wide spectrum of mystical arts, including Hasta Samudrika (palmistry) allows him to uncover the secrets held within the lines and markings of an individual's palms. Furthermore, his knowledge of Cowries Shastra, an ancient divination system, and Vastu, the science of harmonious living spaces, enables individuals to seek guidance on a wide range of life issues, from decision-making to creating harmonious environments. He also practices Match making and muhurtha. He is an expert in cleansing techniques using Crystal Healing. Approach Prakash to gain insights into your wellbeing.","Our Astrologer Prakash is a distinguished luminary in the field of celestial insights and holistic well-being. With exceptional multilingual proficiency Prakash seamlessly connects with a diverse clientele. A Clerk by profession, he managed job and passion well and has more than 500 consultations to his credit. His empathetic nature has helped him serve as a trusted guide for individuals seeking profound insights into their lives. He is trained in Nakshatranadi, Prashnashastra, Jaimini, Parashara, Yogas, Tara Dasa Bala and Numerology. His expertise spans a wide spectrum of mystical arts, including Hasta Samudrika (palmistry) allows him to uncover the secrets held within the lines and markings of an individual's palms. Furthermore, his knowledge of Cowries Shastra, an ancient divination system, and Vastu, the science of harmonious living spaces, enables individuals to seek guidance on a wide range of life issues, from decision-making to creating harmonious environments. He also practices Match making and muhurtha. He is an expert in cleansing techniques using Crystal Healing. Approach Prakash to gain insights into your wellbeing.","ನಮ್ಮ ಜ್ಯೋತಿಷಿ ಪ್ರಕಾಶ್ ಅವರು ಆಕಾಶದ ಒಳನೋಟಗಳು ಮತ್ತು ಸಮಗ್ರ ಯೋಗಕ್ಷೇಮದ ಕ್ಷೇತ್ರದಲ್ಲಿ ವಿಶಿಷ್ಟವಾದ ಪ್ರಕಾಶಕರಾಗಿದ್ದಾರೆ. ಅಸಾಧಾರಣ ಬಹುಭಾಷಾ ಪ್ರಾವೀಣ್ಯತೆಯೊಂದಿಗೆ ಪ್ರಕಾಶ್ ವೈವಿಧ್ಯಮಯ ಗ್ರಾಹಕರೊಂದಿಗೆ ಮನಬಂದಂತೆ ಸಂಪರ್ಕಿಸುತ್ತಾರೆ. ವೃತ್ತಿಯಲ್ಲಿ ಕ್ಲರ್ಕ್, ಅವರು ಕೆಲಸ ಮತ್ತು ಉತ್ಸಾಹವನ್ನು ಚೆನ್ನಾಗಿ ನಿರ್ವಹಿಸುತ್ತಿದ್ದರು ಮತ್ತು ಅವರ ಕ್ರೆಡಿಟ್‌ಗೆ 500 ಕ್ಕೂ ಹೆಚ್ಚು ಸಮಾಲೋಚನೆಗಳನ್ನು ಹೊಂದಿದ್ದಾರೆ. ಅವರ ಪರಾನುಭೂತಿಯ ಸ್ವಭಾವವು ಅವರ ಜೀವನದಲ್ಲಿ ಆಳವಾದ ಒಳನೋಟಗಳನ್ನು ಬಯಸುವ ವ್ಯಕ್ತಿಗಳಿಗೆ ವಿಶ್ವಾಸಾರ್ಹ ಮಾರ್ಗದರ್ಶಿಯಾಗಿ ಕಾರ್ಯನಿರ್ವಹಿಸಲು ಸಹಾಯ ಮಾಡಿದೆ. ಅವರು ನಕ್ಷತ್ರನಾದಿ, ಪ್ರಶ್ನೆಶಾಸ್ತ್ರ, ಜೈಮಿನಿ, ಪರಾಶರ, ಯೋಗಗಳು, ತಾರಾ ದಾಸ ಬಲ ಮತ್ತು ಸಂಖ್ಯಾಶಾಸ್ತ್ರದಲ್ಲಿ ತರಬೇತಿ ಪಡೆದಿದ್ದಾರೆ. ಅವರ ಪರಿಣತಿಯು ಹಸ್ತ ಸಾಮುದ್ರಿಕಾ (ಹಸ್ತಸಾಮುದ್ರಿಕ ಶಾಸ್ತ್ರ) ಸೇರಿದಂತೆ ಅತೀಂದ್ರಿಯ ಕಲೆಗಳ ವ್ಯಾಪಕ ಶ್ರೇಣಿಯನ್ನು ವ್ಯಾಪಿಸಿದೆ, ಇದು ವ್ಯಕ್ತಿಯ ಅಂಗೈಗಳ ರೇಖೆಗಳು ಮತ್ತು ಗುರುತುಗಳಲ್ಲಿ ಅಡಗಿರುವ ರಹಸ್ಯಗಳನ್ನು ಬಹಿರಂಗಪಡಿಸಲು ಅನುವು ಮಾಡಿಕೊಡುತ್ತದೆ. ಇದಲ್ಲದೆ, ಕೌರೀಸ್ ಶಾಸ್ತ್ರ, ಪುರಾತನ ಭವಿಷ್ಯಜ್ಞಾನ ವ್ಯವಸ್ಥೆ ಮತ್ತು ವಾಸ್ತು, ಸಾಮರಸ್ಯದ ವಾಸಸ್ಥಳಗಳ ವಿಜ್ಞಾನದ ಬಗ್ಗೆ ಅವರ ಜ್ಞಾನವು ವ್ಯಕ್ತಿಗಳು ನಿರ್ಧಾರ ತೆಗೆದುಕೊಳ್ಳುವುದರಿಂದ ಹಿಡಿದು ಸಾಮರಸ್ಯದ ವಾತಾವರಣವನ್ನು ರಚಿಸುವವರೆಗೆ ವ್ಯಾಪಕವಾದ ಜೀವನ ಸಮಸ್ಯೆಗಳ ಬಗ್ಗೆ ಮಾರ್ಗದರ್ಶನ ಪಡೆಯಲು ಅನುವು ಮಾಡಿಕೊಡುತ್ತದೆ. ಅವರು ಮ್ಯಾಚ್ ಮೇಕಿಂಗ್ ಮತ್ತು ಮುಹೂರ್ತವನ್ನು ಸಹ ಅಭ್ಯಾಸ ಮಾಡುತ್ತಾರೆ. ಅವರು ಕ್ರಿಸ್ಟಲ್ ಹೀಲಿಂಗ್ ಅನ್ನು ಬಳಸಿಕೊಂಡು ಶುದ್ಧೀಕರಣ ತಂತ್ರಗಳಲ್ಲಿ ಪರಿಣತರಾಗಿದ್ದಾರೆ. ನಿಮ್ಮ ಯೋಗಕ್ಷೇಮದ ಒಳನೋಟಗಳನ್ನು ಪಡೆಯಲು ಪ್ರಕಾಶ್ ಅವರನ್ನು ಸಂಪರ್ಕಿಸಿ.","Our Astrologer Prakash is a distinguished luminary in the field of celestial insights and holistic well-being. With exceptional multilingual proficiency Prakash seamlessly connects with a diverse clientele. A Clerk by profession, he managed job and passion well and has more than 500 consultations to his credit. His empathetic nature has helped him serve as a trusted guide for individuals seeking profound insights into their lives. He is trained in Nakshatranadi, Prashnashastra, Jaimini, Parashara, Yogas, Tara Dasa Bala and Numerology. His expertise spans a wide spectrum of mystical arts, including Hasta Samudrika (palmistry) allows him to uncover the secrets held within the lines and markings of an individual's palms. Furthermore, his knowledge of Cowries Shastra, an ancient divination system, and Vastu, the science of harmonious living spaces, enables individuals to seek guidance on a wide range of life issues, from decision-making to creating harmonious environments. He also practices Match making and muhurtha. He is an expert in cleansing techniques using Crystal Healing. Approach Prakash to gain insights into your wellbeing."
PRASHANTH BANGERA K.,30,30.05.1993,MALE,9526083622,6282504699,bppacchu@gmail.com,"Nidumadhi House, Uppala(P), kasaragod,kerala -671322",510574600115,DBCPP4332L,4,150,"Hindi, Kannada, English, Tamil, Tulu, Malayalam","Vedic, Nakshatranadi, Numerology, Crystal, Vastu",,SBI098989887,SBI,SBIM67878,XYZZZZ,Dr. PrashanthK,Dr. PrashanthK,Dr. PrashanthK,Dr. PrashanthK,ಡಾ. ಪ್ರಶಾಂತ್ ಕೆ ,Dr. PrashanthK,"Introducing Our eminent Astrologer Dr. Prashanth who has exceptional multilingual proficiency and a wide knowledge in mystical sciences like Vedic Astrology, Nakshatranadi, Bhrigunandinadi, Cowries Shastra, Prashnashastra, Parashara, Jaimini and Yogas. He has already enlightened 150 clients with his extensive knowledge. The title of Jyotishya Ratna (Doctorate) was his dream and he juggled his occupation as Fabricator along with his research and learning, to win the esteemed crown. A simple and powerful example of the power of passion and determination.  He is also well versed in Numerology and Vastu. He employs techniques of Match Making and Muhurat helping his client's make calculated decisions for strong relationship and personal growth. He is also practices Crystal. He is an expert in cleansing techniques using Crystal Healing. Consult Dr. Prashanth for a refreshing experience. ","Introducing Our eminent Astrologer Dr. Prashanth who has exceptional multilingual proficiency and a wide knowledge in mystical sciences like Vedic Astrology, Nakshatranadi, Bhrigunandinadi, Cowries Shastra, Prashnashastra, Parashara, Jaimini and Yogas. He has already enlightened 150 clients with his extensive knowledge. The title of Jyotishya Ratna (Doctorate) was his dream and he juggled his occupation as Fabricator along with his research and learning, to win the esteemed crown. A simple and powerful example of the power of passion and determination.  He is also well versed in Numerology and Vastu. He employs techniques of Match Making and Muhurat helping his client's make calculated decisions for strong relationship and personal growth. He is also practices Crystal. He is an expert in cleansing techniques using Crystal Healing. Consult Dr. Prashanth for a refreshing experience. ","Introducing Our eminent Astrologer Dr. Prashanth who has exceptional multilingual proficiency and a wide knowledge in mystical sciences like Vedic Astrology, Nakshatranadi, Bhrigunandinadi, Cowries Shastra, Prashnashastra, Parashara, Jaimini and Yogas. He has already enlightened 150 clients with his extensive knowledge. The title of Jyotishya Ratna (Doctorate) was his dream and he juggled his occupation as Fabricator along with his research and learning, to win the esteemed crown. A simple and powerful example of the power of passion and determination.  He is also well versed in Numerology and Vastu. He employs techniques of Match Making and Muhurat helping his client's make calculated decisions for strong relationship and personal growth. He is also practices Crystal. He is an expert in cleansing techniques using Crystal Healing. Consult Dr. Prashanth for a refreshing experience. ","Introducing Our eminent Astrologer Dr. Prashanth who has exceptional multilingual proficiency and a wide knowledge in mystical sciences like Vedic Astrology, Nakshatranadi, Bhrigunandinadi, Cowries Shastra, Prashnashastra, Parashara, Jaimini and Yogas. He has already enlightened 150 clients with his extensive knowledge. The title of Jyotishya Ratna (Doctorate) was his dream and he juggled his occupation as Fabricator along with his research and learning, to win the esteemed crown. A simple and powerful example of the power of passion and determination.  He is also well versed in Numerology and Vastu. He employs techniques of Match Making and Muhurat helping his client's make calculated decisions for strong relationship and personal growth. He is also practices Crystal. He is an expert in cleansing techniques using Crystal Healing. Consult Dr. Prashanth for a refreshing experience. ","ವೈದಿಕ ಜ್ಯೋತಿಷ್ಯ, ನಕ್ಷತ್ರನಾದಿ, ಭೃಗುನಂದಿನಾದಿ, ಕೌರೀ ಶಾಸ್ತ್ರ, ಪ್ರಶ್ನೆಶಾಸ್ತ್ರ, ಪರಾಶರ, ಜೈಮಿನಿ ಮತ್ತು ಯೋಗಗಳಂತಹ ಅತೀಂದ್ರಿಯ ವಿಜ್ಞಾನಗಳಲ್ಲಿ ಅಸಾಧಾರಣ ಬಹುಭಾಷಾ ಪ್ರಾವೀಣ್ಯತೆ ಮತ್ತು ವ್ಯಾಪಕ ಜ್ಞಾನವನ್ನು ಹೊಂದಿರುವ ನಮ್ಮ ಖ್ಯಾತ ಜ್ಯೋತಿಷಿ ಡಾ. ಪ್ರಶಾಂತ್ ಕೆ ಅವರನ್ನು ಪರಿಚಯಿಸುತ್ತಿದ್ದೇವೆ. ಅವರು ಈಗಾಗಲೇ ತಮ್ಮ ವ್ಯಾಪಕ ಜ್ಞಾನದಿಂದ 150 ಗ್ರಾಹಕರನ್ನು ಬೆಳಗಿಸಿದ್ದಾರೆ. ಜ್ಯೋತಿಷ್ಯ ರತ್ನ (ಡಾಕ್ಟರೇಟ್) ಬಿರುದು ಅವರ ಕನಸಾಗಿತ್ತು ಮತ್ತು ಅವರು ಗೌರವಾನ್ವಿತ ಕಿರೀಟವನ್ನು ಗೆಲ್ಲಲು ತಮ್ಮ ಸಂಶೋಧನೆ ಮತ್ತು ಕಲಿಕೆಯ ಜೊತೆಗೆ ಫ್ಯಾಬ್ರಿಕೇಟರ್ ಆಗಿ ತಮ್ಮ ಉದ್ಯೋಗವನ್ನು ಕಣ್ಕಟ್ಟು ಮಾಡಿದರು. ಉತ್ಸಾಹ ಮತ್ತು ನಿರ್ಣಯದ ಶಕ್ತಿಯ ಸರಳ ಮತ್ತು ಪ್ರಬಲ ಉದಾಹರಣೆ. ಅವರು ಸಂಖ್ಯಾಶಾಸ್ತ್ರ ಮತ್ತು ವಾಸ್ತುವಿನಲ್ಲೂ ಚೆನ್ನಾಗಿ ಪಾರಂಗತರಾಗಿದ್ದಾರೆ. ಅವರು ಮ್ಯಾಚ್ ಮೇಕಿಂಗ್ ಮತ್ತು ಮುಹೂರ್ತದ ತಂತ್ರಗಳನ್ನು ಬಳಸುತ್ತಾರೆ, ಬಲವಾದ ಸಂಬಂಧ ಮತ್ತು ವೈಯಕ್ತಿಕ ಬೆಳವಣಿಗೆಗಾಗಿ ತಮ್ಮ ಗ್ರಾಹಕರು ಲೆಕ್ಕಾಚಾರದ ನಿರ್ಧಾರಗಳನ್ನು ಮಾಡಲು ಸಹಾಯ ಮಾಡುತ್ತಾರೆ. ಅವರು ಕ್ರಿಸ್ಟಲ್ ಅನ್ನು ಸಹ ಅಭ್ಯಾಸ ಮಾಡುತ್ತಾರೆ. ಅವರು ಕ್ರಿಸ್ಟಲ್ ಹೀಲಿಂಗ್ ಅನ್ನು ಬಳಸಿಕೊಂಡು ಶುದ್ಧೀಕರಣ ತಂತ್ರಗಳಲ್ಲಿ ಪರಿಣತರಾಗಿದ್ದಾರೆ. ರಿಫ್ರೆಶ್ ಅನುಭವಕ್ಕಾಗಿ ಡಾ. ಪ್ರಶಾಂತ್ ಕೆ ಅವರನ್ನು ಸಂಪರ್ಕಿಸಿ.","Introducing Our eminent Astrologer Dr. Prashanth who has exceptional multilingual proficiency and a wide knowledge in mystical sciences like Vedic Astrology, Nakshatranadi, Bhrigunandinadi, Cowries Shastra, Prashnashastra, Parashara, Jaimini and Yogas. He has already enlightened 150 clients with his extensive knowledge. The title of Jyotishya Ratna (Doctorate) was his dream and he juggled his occupation as Fabricator along with his research and learning, to win the esteemed crown. A simple and powerful example of the power of passion and determination.  He is also well versed in Numerology and Vastu. He employs techniques of Match Making and Muhurat helping his client's make calculated decisions for strong relationship and personal growth. He is also practices Crystal. He is an expert in cleansing techniques using Crystal Healing. Consult Dr. Prashanth for a refreshing experience. "
PREMKUMAR,28,23.01.1995,MALE,8073406775,,havanagipremkumar@gmail.com,"N0:02, Nakshatra colony, shantinagar,keshwapura,Hubli-580023.",967792314993,ARPPH6917H,1,500,"Hindi, English","Vedic, Nakshatranadi, Numerology, Tarot,  Palmistry, Crystal, Vastu, Reiki",,SBI098989887,SBI,SBIM67878,XYZZZZ,Dr. PremKumar,Dr. PremKumar,Dr. PremKumar,Dr. PremKumar,ಡಾ. ಪ್ರೇಮಕುಮಾರ್,Dr. PremKumar,"Our well established Astrologer Dr. Premkumar has a wide spectrum of knowledge in mystical arts including Vedic Astrology, Nakshatranadi, Prashnashastra, Parashara, Yogas and Bhrigunandinadi. He is an Officer at a Private Bank but was soon drawn to the quest of astrological research and studies. His mastery of Numerology provides individuals the understanding of hidden codes of numbers which has effect on various aspects of their lives. His proficiency in Crystal Healing and Reiki Healing allows clients to tap into the healing energies of this ancient practice. He helps people create positive environments with his extensive knowledge in Vastu. His Doctorate in Astrology is a testament to his passion for guiding his clients through the journey of enlightenment. He is well versed in Jaimini, Cowries Shastra, Match Making and Muhurat. He has 500 consultations to his credit. He also practices tara Dasa Bala, Crystal, Cowries shastra, Jaimini, Match making, Muhurtha.  Aginhotra is another specialization of him, which is an ancient art of purification of enegries using fire. Consult Premkumar for his proficiency on Tarot and Palmistry.","Our well established Astrologer Dr. Premkumar has a wide spectrum of knowledge in mystical arts including Vedic Astrology, Nakshatranadi, Prashnashastra, Parashara, Yogas and Bhrigunandinadi. He is an Officer at a Private Bank but was soon drawn to the quest of astrological research and studies. His mastery of Numerology provides individuals the understanding of hidden codes of numbers which has effect on various aspects of their lives. His proficiency in Crystal Healing and Reiki Healing allows clients to tap into the healing energies of this ancient practice. He helps people create positive environments with his extensive knowledge in Vastu. His Doctorate in Astrology is a testament to his passion for guiding his clients through the journey of enlightenment. He is well versed in Jaimini, Cowries Shastra, Match Making and Muhurat. He has 500 consultations to his credit. He also practices tara Dasa Bala, Crystal, Cowries shastra, Jaimini, Match making, Muhurtha.  Aginhotra is another specialization of him, which is an ancient art of purification of enegries using fire. Consult Premkumar for his proficiency on Tarot and Palmistry.","Our well established Astrologer Dr. Premkumar has a wide spectrum of knowledge in mystical arts including Vedic Astrology, Nakshatranadi, Prashnashastra, Parashara, Yogas and Bhrigunandinadi. He is an Officer at a Private Bank but was soon drawn to the quest of astrological research and studies. His mastery of Numerology provides individuals the understanding of hidden codes of numbers which has effect on various aspects of their lives. His proficiency in Crystal Healing and Reiki Healing allows clients to tap into the healing energies of this ancient practice. He helps people create positive environments with his extensive knowledge in Vastu. His Doctorate in Astrology is a testament to his passion for guiding his clients through the journey of enlightenment. He is well versed in Jaimini, Cowries Shastra, Match Making and Muhurat. He has 500 consultations to his credit. He also practices tara Dasa Bala, Crystal, Cowries shastra, Jaimini, Match making, Muhurtha.  Aginhotra is another specialization of him, which is an ancient art of purification of enegries using fire. Consult Premkumar for his proficiency on Tarot and Palmistry.","Our well established Astrologer Dr. Premkumar has a wide spectrum of knowledge in mystical arts including Vedic Astrology, Nakshatranadi, Prashnashastra, Parashara, Yogas and Bhrigunandinadi. He is an Officer at a Private Bank but was soon drawn to the quest of astrological research and studies. His mastery of Numerology provides individuals the understanding of hidden codes of numbers which has effect on various aspects of their lives. His proficiency in Crystal Healing and Reiki Healing allows clients to tap into the healing energies of this ancient practice. He helps people create positive environments with his extensive knowledge in Vastu. His Doctorate in Astrology is a testament to his passion for guiding his clients through the journey of enlightenment. He is well versed in Jaimini, Cowries Shastra, Match Making and Muhurat. He has 500 consultations to his credit. He also practices tara Dasa Bala, Crystal, Cowries shastra, Jaimini, Match making, Muhurtha.  Aginhotra is another specialization of him, which is an ancient art of purification of enegries using fire. Consult Premkumar for his proficiency on Tarot and Palmistry.","ನಮ್ಮ ಸುಸ್ಥಾಪಿತ ಜ್ಯೋತಿಷಿ ಡಾ. ಪ್ರೇಮಕುಮಾರ್ ಅವರು ವೈದಿಕ ಜ್ಯೋತಿಷ್ಯ, ನಕ್ಷತ್ರನಾದಿ, ಪ್ರಶ್ನೆಶಾಸ್ತ್ರ, ಪರಾಶರ, ಯೋಗಗಳು ಮತ್ತು ಭೃಗುನಂದಿನಾಡಿ ಸೇರಿದಂತೆ ಅತೀಂದ್ರಿಯ ಕಲೆಗಳಲ್ಲಿ ವ್ಯಾಪಕವಾದ ಜ್ಞಾನವನ್ನು ಹೊಂದಿದ್ದಾರೆ. ಅವರು ಖಾಸಗಿ ಬ್ಯಾಂಕ್‌ನಲ್ಲಿ ಅಧಿಕಾರಿಯಾಗಿದ್ದಾರೆ ಆದರೆ ಶೀಘ್ರದಲ್ಲೇ ಜ್ಯೋತಿಷ್ಯ ಸಂಶೋಧನೆ ಮತ್ತು ಅಧ್ಯಯನಗಳ ಅನ್ವೇಷಣೆಗೆ ಸೆಳೆಯಲ್ಪಟ್ಟರು. ಅವರ ಸಂಖ್ಯಾಶಾಸ್ತ್ರದ ಪಾಂಡಿತ್ಯವು ವ್ಯಕ್ತಿಗಳಿಗೆ ಅವರ ಜೀವನದ ವಿವಿಧ ಅಂಶಗಳ ಮೇಲೆ ಪರಿಣಾಮ ಬೀರುವ ಗುಪ್ತ ಸಂಖ್ಯೆಗಳ ಸಂಕೇತಗಳ ತಿಳುವಳಿಕೆಯನ್ನು ಒದಗಿಸುತ್ತದೆ. ಕ್ರಿಸ್ಟಲ್ ಹೀಲಿಂಗ್ ಮತ್ತು ರೇಖಿ ಹೀಲಿಂಗ್‌ನಲ್ಲಿ ಅವರ ಪ್ರಾವೀಣ್ಯತೆಯು ಗ್ರಾಹಕರಿಗೆ ಈ ಪ್ರಾಚೀನ ಅಭ್ಯಾಸದ ಗುಣಪಡಿಸುವ ಶಕ್ತಿಯನ್ನು ಸ್ಪರ್ಶಿಸಲು ಅನುವು ಮಾಡಿಕೊಡುತ್ತದೆ. ವಾಸ್ತುವಿನಲ್ಲಿ ಅವರ ವ್ಯಾಪಕ ಜ್ಞಾನದಿಂದ ಜನರು ಸಕಾರಾತ್ಮಕ ವಾತಾವರಣವನ್ನು ಸೃಷ್ಟಿಸಲು ಅವರು ಸಹಾಯ ಮಾಡುತ್ತಾರೆ. ಜ್ಯೋತಿಷ್ಯದಲ್ಲಿ ಅವರ ಡಾಕ್ಟರೇಟ್ ಜ್ಞಾನದ ಪ್ರಯಾಣದ ಮೂಲಕ ತನ್ನ ಗ್ರಾಹಕರಿಗೆ ಮಾರ್ಗದರ್ಶನ ನೀಡುವ ಅವರ ಉತ್ಸಾಹಕ್ಕೆ ಸಾಕ್ಷಿಯಾಗಿದೆ. ಅವರು ಜೈಮಿನಿ, ಕೌರೀಸ್ ಶಾಸ್ತ್ರ, ಮ್ಯಾಚ್ ಮೇಕಿಂಗ್ ಮತ್ತು ಮುಹೂರ್ತದಲ್ಲಿ ಪಾರಂಗತರಾಗಿದ್ದಾರೆ. ಅವರು 500 ಸಮಾಲೋಚನೆಗಳನ್ನು ಹೊಂದಿದ್ದಾರೆ. ಅವರು ತಾರಾ ದಾಸ ಬಲ, ಹರಳು, ಕೌರೀಸ್ ಶಾಸ್ತ್ರ, ಜೈಮಿನಿ, ಮ್ಯಾಚ್ ಮೇಕಿಂಗ್, ಮುಹೂರ್ತವನ್ನು ಸಹ ಅಭ್ಯಾಸ ಮಾಡುತ್ತಾರೆ. ಅಗಿನ್ಹೋತ್ರ ಅವರ ಮತ್ತೊಂದು ವಿಶೇಷತೆಯಾಗಿದೆ, ಇದು ಬೆಂಕಿಯನ್ನು ಬಳಸಿಕೊಂಡು ಶಕ್ತಿಗಳನ್ನು ಶುದ್ಧೀಕರಿಸುವ ಪ್ರಾಚೀನ ಕಲೆಯಾಗಿದೆ. ಪ್ರೇಮಕುಮಾರ್ ಅವರ ಟ್ಯಾರೋ ಮತ್ತು ಹಸ್ತಸಾಮುದ್ರಿಕ ಶಾಸ್ತ್ರದ ಪ್ರಾವೀಣ್ಯತೆಗಾಗಿ ಅವರನ್ನು ಸಂಪರ್ಕಿಸಿ.","Our well established Astrologer Dr. Premkumar has a wide spectrum of knowledge in mystical arts including Vedic Astrology, Nakshatranadi, Prashnashastra, Parashara, Yogas and Bhrigunandinadi. He is an Officer at a Private Bank but was soon drawn to the quest of astrological research and studies. His mastery of Numerology provides individuals the understanding of hidden codes of numbers which has effect on various aspects of their lives. His proficiency in Crystal Healing and Reiki Healing allows clients to tap into the healing energies of this ancient practice. He helps people create positive environments with his extensive knowledge in Vastu. His Doctorate in Astrology is a testament to his passion for guiding his clients through the journey of enlightenment. He is well versed in Jaimini, Cowries Shastra, Match Making and Muhurat. He has 500 consultations to his credit. He also practices tara Dasa Bala, Crystal, Cowries shastra, Jaimini, Match making, Muhurtha.  Aginhotra is another specialization of him, which is an ancient art of purification of enegries using fire. Consult Premkumar for his proficiency on Tarot and Palmistry."
P. SURESHA,58,01.06.1965,MALE,9606831634,,patagesuresh@gmail.com,"Sri banashankari nilaya,near gangotri school, kottur - 583134.",203682780786,DGYPP7668L,7,150,"Hindi, Kannada, English, Marathi","Vedic, Nakshatranadi, Numerology, Vastu",,SBI098989887,SBI,SBIM67878,XYZZZZ,SureshaP,SureshaP,SureshaP,SureshaP, ಸುರೇಶ ಪಿ,SureshaP,"Our astrologer Suresha is a esteemed luminary in the world of astrology. He juggles his successful Business along with his consultations and studies on Vedic Astrology and Nakshatranadi. With exceptional multilingual proficiency, he handles mystical arts like Yogas, Parashara, Prashnashastra, Bhrigunandinadi and Jaimini. His mastery of Tara Dasa Bala helps to analyzing the planetary influences at specific times. Furthermore, he has expertise in Match Making for relationship compatibility.  His knowledge of Muhurta, Vastu and Numerology has helped his client's get a deeper understanding of karmic patterns. He has more than 150 consultations to his credit. Consult Suresha to gain cosmic knowledge and understand it's influence. ","Our astrologer Suresha is a esteemed luminary in the world of astrology. He juggles his successful Business along with his consultations and studies on Vedic Astrology and Nakshatranadi. With exceptional multilingual proficiency, he handles mystical arts like Yogas, Parashara, Prashnashastra, Bhrigunandinadi and Jaimini. His mastery of Tara Dasa Bala helps to analyzing the planetary influences at specific times. Furthermore, he has expertise in Match Making for relationship compatibility.  His knowledge of Muhurta, Vastu and Numerology has helped his client's get a deeper understanding of karmic patterns. He has more than 150 consultations to his credit. Consult Suresha to gain cosmic knowledge and understand it's influence. ","Our astrologer Suresha is a esteemed luminary in the world of astrology. He juggles his successful Business along with his consultations and studies on Vedic Astrology and Nakshatranadi. With exceptional multilingual proficiency, he handles mystical arts like Yogas, Parashara, Prashnashastra, Bhrigunandinadi and Jaimini. His mastery of Tara Dasa Bala helps to analyzing the planetary influences at specific times. Furthermore, he has expertise in Match Making for relationship compatibility.  His knowledge of Muhurta, Vastu and Numerology has helped his client's get a deeper understanding of karmic patterns. He has more than 150 consultations to his credit. Consult Suresha to gain cosmic knowledge and understand it's influence. ","Our astrologer Suresha is a esteemed luminary in the world of astrology. He juggles his successful Business along with his consultations and studies on Vedic Astrology and Nakshatranadi. With exceptional multilingual proficiency, he handles mystical arts like Yogas, Parashara, Prashnashastra, Bhrigunandinadi and Jaimini. His mastery of Tara Dasa Bala helps to analyzing the planetary influences at specific times. Furthermore, he has expertise in Match Making for relationship compatibility.  His knowledge of Muhurta, Vastu and Numerology has helped his client's get a deeper understanding of karmic patterns. He has more than 150 consultations to his credit. Consult Suresha to gain cosmic knowledge and understand it's influence. ","ನಮ್ಮ ಜ್ಯೋತಿಷಿ  ಸುರೇಶ ಅವರು ಜ್ಯೋತಿಷ್ಯ ಜಗತ್ತಿನಲ್ಲಿ ಗೌರವಾನ್ವಿತ ಪ್ರಕಾಶಕರು. ಅವರು ತಮ್ಮ ಸಮಾಲೋಚನೆಗಳು ಮತ್ತು ವೈದಿಕ ಜ್ಯೋತಿಷ್ಯ ಮತ್ತು ನಕ್ಷತ್ರನಾಡಿ ಅಧ್ಯಯನಗಳೊಂದಿಗೆ ತಮ್ಮ ಯಶಸ್ವಿ ವ್ಯಾಪಾರವನ್ನು ಕಣ್ಕಟ್ಟು ಮಾಡುತ್ತಾರೆ. ಅಸಾಧಾರಣ ಬಹುಭಾಷಾ ಪ್ರಾವೀಣ್ಯತೆಯೊಂದಿಗೆ, ಅವರು ಯೋಗಗಳು, ಪರಾಶರ, ಪ್ರಶ್ನೆಶಾಸ್ತ್ರ, ಭೃಗುನಂದಿನಾದಿ ಮತ್ತು ಜೈಮಿನಿಯಂತಹ ಅತೀಂದ್ರಿಯ ಕಲೆಗಳನ್ನು ನಿರ್ವಹಿಸುತ್ತಾರೆ. ತಾರಾ ದಾಸ ಬಾಲ ಅವರ ಪಾಂಡಿತ್ಯವು ನಿರ್ದಿಷ್ಟ ಸಮಯಗಳಲ್ಲಿ ಗ್ರಹಗಳ ಪ್ರಭಾವವನ್ನು ವಿಶ್ಲೇಷಿಸಲು ಸಹಾಯ ಮಾಡುತ್ತದೆ. ಇದಲ್ಲದೆ, ಸಂಬಂಧ ಹೊಂದಾಣಿಕೆಗಾಗಿ ಮ್ಯಾಚ್ ಮೇಕಿಂಗ್‌ನಲ್ಲಿ ಅವರು ಪರಿಣತಿಯನ್ನು ಹೊಂದಿದ್ದಾರೆ. ಮುಹೂರ್ತ, ವಾಸ್ತು ಮತ್ತು ಸಂಖ್ಯಾಶಾಸ್ತ್ರದ ಅವರ ಜ್ಞಾನವು ಅವರ ಗ್ರಾಹಕನಿಗೆ ಕರ್ಮದ ಮಾದರಿಗಳ ಆಳವಾದ ತಿಳುವಳಿಕೆಯನ್ನು ಪಡೆಯಲು ಸಹಾಯ ಮಾಡಿದೆ. ಅವರು 150 ಕ್ಕೂ ಹೆಚ್ಚು ಸಮಾಲೋಚನೆಗಳನ್ನು ಹೊಂದಿದ್ದಾರೆ. ಕಾಸ್ಮಿಕ್ ಜ್ಞಾನವನ್ನು ಪಡೆಯಲು ಮತ್ತು ಅದರ ಪ್ರಭಾವವನ್ನು ಅರ್ಥಮಾಡಿಕೊಳ್ಳಲು  ಸುರೇಶ ಅವರನ್ನು ಸಂಪರ್ಕಿಸಿ.","Our astrologer Suresha is a esteemed luminary in the world of astrology. He juggles his successful Business along with his consultations and studies on Vedic Astrology and Nakshatranadi. With exceptional multilingual proficiency, he handles mystical arts like Yogas, Parashara, Prashnashastra, Bhrigunandinadi and Jaimini. His mastery of Tara Dasa Bala helps to analyzing the planetary influences at specific times. Furthermore, he has expertise in Match Making for relationship compatibility.  His knowledge of Muhurta, Vastu and Numerology has helped his client's get a deeper understanding of karmic patterns. He has more than 150 consultations to his credit. Consult Suresha to gain cosmic knowledge and understand it's influence. "
PUSHPAVATHI H.R.,52,09.05.1971,FEMALE,6361864424,,pushpahonappa04@gmail.com,"#47,shivaganga(P), holalkere (tq),Chitradurga- 577526.",464738482092,EDDPP5314A,2,300,Kannada," Nakshatranadi, Numerology, Tarot, Palmistry, Crystal, Reiki",,SBI098989887,SBI,SBIM67878,XYZZZZ,PushpavathiHR,PushpavathiHR,PushpavathiHR,PushpavathiHR, ಪುಷ್ಪಾವತಿ ಹೆಚ್ಆರ್ ,PushpavathiHR,"Our Astrologer Pushpavathi is a Home Maker by occupation but she is passionate about astrology. She has effortlessly gained knowledge on a comprehensive range of astrological arts, including Advanced Astrology in Parashara & Numerology, Nakshatranadi , Parshnashastra, Jaimini etc. Furthermore, her expertise in  Essential Oil therapy and Crystal Healing allows clients to harness the power of these natural elements for emotional, physical, and spiritual well-being. She has 300+ consultations to her credit. Her proficiency in Reiki Healing promotes healing and balance at all levels of the self. Moreover, her knowledge of Cowries Shastra, an ancient divination system, adds a unique dimension to her astrological insights, offering clients guidance on a wide range of life issues. She is proficient Tarot reader and Palmist who employes the ancient art of Hastasamudrika for predicting life events. She also practices Tara Dasa Bala, Crystal, Match making.  Consult Pushpavathi for a refreshing experience.","Our Astrologer Pushpavathi is a Home Maker by occupation but she is passionate about astrology. She has effortlessly gained knowledge on a comprehensive range of astrological arts, including Advanced Astrology in Parashara & Numerology, Nakshatranadi , Parshnashastra, Jaimini etc. Furthermore, her expertise in  Essential Oil therapy and Crystal Healing allows clients to harness the power of these natural elements for emotional, physical, and spiritual well-being. She has 300+ consultations to her credit. Her proficiency in Reiki Healing promotes healing and balance at all levels of the self. Moreover, her knowledge of Cowries Shastra, an ancient divination system, adds a unique dimension to her astrological insights, offering clients guidance on a wide range of life issues. She is proficient Tarot reader and Palmist who employes the ancient art of Hastasamudrika for predicting life events. She also practices Tara Dasa Bala, Crystal, Match making.  Consult Pushpavathi for a refreshing experience.","Our Astrologer Pushpavathi is a Home Maker by occupation but she is passionate about astrology. She has effortlessly gained knowledge on a comprehensive range of astrological arts, including Advanced Astrology in Parashara & Numerology, Nakshatranadi , Parshnashastra, Jaimini etc. Furthermore, her expertise in  Essential Oil therapy and Crystal Healing allows clients to harness the power of these natural elements for emotional, physical, and spiritual well-being. She has 300+ consultations to her credit. Her proficiency in Reiki Healing promotes healing and balance at all levels of the self. Moreover, her knowledge of Cowries Shastra, an ancient divination system, adds a unique dimension to her astrological insights, offering clients guidance on a wide range of life issues. She is proficient Tarot reader and Palmist who employes the ancient art of Hastasamudrika for predicting life events. She also practices Tara Dasa Bala, Crystal, Match making.  Consult Pushpavathi for a refreshing experience.","Our Astrologer Pushpavathi is a Home Maker by occupation but she is passionate about astrology. She has effortlessly gained knowledge on a comprehensive range of astrological arts, including Advanced Astrology in Parashara & Numerology, Nakshatranadi , Parshnashastra, Jaimini etc. Furthermore, her expertise in  Essential Oil therapy and Crystal Healing allows clients to harness the power of these natural elements for emotional, physical, and spiritual well-being. She has 300+ consultations to her credit. Her proficiency in Reiki Healing promotes healing and balance at all levels of the self. Moreover, her knowledge of Cowries Shastra, an ancient divination system, adds a unique dimension to her astrological insights, offering clients guidance on a wide range of life issues. She is proficient Tarot reader and Palmist who employes the ancient art of Hastasamudrika for predicting life events. She also practices Tara Dasa Bala, Crystal, Match making.  Consult Pushpavathi for a refreshing experience.","ನಮ್ಮ ಜ್ಯೋತಿಷಿ  ಪುಷ್ಪಾವತಿ ಉದ್ಯೋಗದಲ್ಲಿ ಮನೆ ಮೇಕರ್ ಆಗಿದ್ದರೂ ಜ್ಯೋತಿಷ್ಯದ ಬಗ್ಗೆ ಒಲವು ಹೊಂದಿದ್ದಾರೆ. ಪರಾಶರ ಮತ್ತು ಸಂಖ್ಯಾಶಾಸ್ತ್ರ, ನಕ್ಷತ್ರನಾದಿ, ಪಾರ್ಶ್ನಶಾಸ್ತ್ರ, ಜೈಮಿನಿ ಇತ್ಯಾದಿಗಳಲ್ಲಿ ಸುಧಾರಿತ ಜ್ಯೋತಿಷ್ಯ ಸೇರಿದಂತೆ ಜ್ಯೋತಿಷ್ಯ ಕಲೆಗಳ ಸಮಗ್ರ ಶ್ರೇಣಿಯ ಬಗ್ಗೆ ಅವರು ಸಲೀಸಾಗಿ ಜ್ಞಾನವನ್ನು ಗಳಿಸಿದ್ದಾರೆ. ಇದಲ್ಲದೆ, ಎಸೆನ್ಷಿಯಲ್ ಆಯಿಲ್ ಥೆರಪಿ ಮತ್ತು ಕ್ರಿಸ್ಟಲ್ ಹೀಲಿಂಗ್‌ನಲ್ಲಿ ಅವರ ಪರಿಣತಿಯು ಗ್ರಾಹಕರಿಗೆ ಈ ನೈಸರ್ಗಿಕ ಅಂಶಗಳ ಶಕ್ತಿಯನ್ನು ಬಳಸಿಕೊಳ್ಳಲು ಅನುವು ಮಾಡಿಕೊಡುತ್ತದೆ. ಭಾವನಾತ್ಮಕ, ದೈಹಿಕ ಮತ್ತು ಆಧ್ಯಾತ್ಮಿಕ ಯೋಗಕ್ಷೇಮ.ಅವರು  ತನ್ನ ಕ್ರೆಡಿಟ್‌ಗೆ 300+ ಸಮಾಲೋಚನೆಗಳನ್ನು ಹೊಂದಿದ್ದಾಳೆ. ರೇಖಿ ಹೀಲಿಂಗ್‌ನಲ್ಲಿ ಅವರ ಪ್ರಾವೀಣ್ಯತೆಯು ಸ್ವಯಂ ಎಲ್ಲಾ ಹಂತಗಳಲ್ಲಿ ಗುಣಪಡಿಸುವಿಕೆ ಮತ್ತು ಸಮತೋಲನವನ್ನು ಉತ್ತೇಜಿಸುತ್ತದೆ. ಇದಲ್ಲದೆ, ಕೌರೀಸ್ ಶಾಸ್ತ್ರ, ಪುರಾತನ ಭವಿಷ್ಯಜ್ಞಾನ ವ್ಯವಸ್ಥೆ, ಅವಳ ಜ್ಞಾನವು ಅವಳ ಜ್ಯೋತಿಷ್ಯ ಒಳನೋಟಗಳಿಗೆ ಒಂದು ಅನನ್ಯ ಆಯಾಮವನ್ನು ಸೇರಿಸುತ್ತದೆ, ಜೀವನ ಸಮಸ್ಯೆಗಳ ವ್ಯಾಪಕ ಶ್ರೇಣಿಯ ಬಗ್ಗೆ ಗ್ರಾಹಕರಿಗೆ ಮಾರ್ಗದರ್ಶನ ನೀಡುತ್ತದೆ.ಅವರು  ಪ್ರವೀಣ ಟ್ಯಾರೋ ರೀಡರ್ ಮತ್ತು ಹಸ್ತಸಾಮುದ್ರಿಕ ಪ್ರಾಚೀನ ಕಲೆಯನ್ನು ಜೀವನದ ಘಟನೆಗಳನ್ನು ಊಹಿಸಲು ಬಳಸಿಕೊಳ್ಳುತ್ತಾಳೆ.ಅವರು  ತಾರಾ ದಾಸ ಬಾಲಾ, ಕ್ರಿಸ್ಟಲ್, ಮ್ಯಾಚ್ ಮೇಕಿಂಗ್ ಅನ್ನು ಸಹ ಅಭ್ಯಾಸ ಮಾಡುತ್ತಾಳೆ. ಉಲ್ಲಾಸಕರ ಅನುಭವಕ್ಕಾಗಿ ಪುಷ್ಪಾವತಿ ಅವರನ್ನು ಸಂಪರ್ಕಿಸಿ.","Our Astrologer Pushpavathi is a Home Maker by occupation but she is passionate about astrology. She has effortlessly gained knowledge on a comprehensive range of astrological arts, including Advanced Astrology in Parashara & Numerology, Nakshatranadi , Parshnashastra, Jaimini etc. Furthermore, her expertise in  Essential Oil therapy and Crystal Healing allows clients to harness the power of these natural elements for emotional, physical, and spiritual well-being. She has 300+ consultations to her credit. Her proficiency in Reiki Healing promotes healing and balance at all levels of the self. Moreover, her knowledge of Cowries Shastra, an ancient divination system, adds a unique dimension to her astrological insights, offering clients guidance on a wide range of life issues. She is proficient Tarot reader and Palmist who employes the ancient art of Hastasamudrika for predicting life events. She also practices Tara Dasa Bala, Crystal, Match making.  Consult Pushpavathi for a refreshing experience."
RAGHUVEER M. GASTI,23,28.12.1999,MALE,7019271740,7795485149,rgastolight@gmail.com,"Shree guru nivas, 15th cross, Gokul nagar, Mutaga, belgavi- 591124.",872354797448,CXOPG4935P,0,45,"Hindi, Kannada, English, Marathi"," Nakshatranadi, Numerology, Crystal",,SBI098989887,SBI,SBIM67878,XYZZZZ,RaghuveerM,RaghuveerM,RaghuveerM,RaghuveerM, ರಘುವೀರ್ ಎಂ,RaghuveerM,"An exemplary example of youthness wanting to explore traditional astrology is our young and dynamic astrologer Raghuveer. A student by occupation and a multilingual who seems to connect with ease to a diverse clientele and guide them on profound insights into their lives. His expertise encompasses a wide array of mystical arts, including Nakshatranadi, Ashtakavargha, Bhrigunandi Nandi, and Parashara. He uses Prashanashastra, Tara Dasa Bala etc. for predictions which allows individuals to gain deep insights into the cosmic influences that will shape their year ahead. Furthermore, his expertise in Numerology deciphers the hidden codes of numbers, offering individuals valuable insights into various aspects of their lives. His knowledge of Panchapakshi, an ancient system of timekeeping, helps individuals align their activities with auspicious periods for maximum success. He also practices Yogas, Match making. He is also into Crystal Healing, a wellness method to channel positive energy. Raghuveer is committed to help his clients attain harmony and happiness in their life's journey. ","An exemplary example of youthness wanting to explore traditional astrology is our young and dynamic astrologer Raghuveer. A student by occupation and a multilingual who seems to connect with ease to a diverse clientele and guide them on profound insights into their lives. His expertise encompasses a wide array of mystical arts, including Nakshatranadi, Ashtakavargha, Bhrigunandi Nandi, and Parashara. He uses Prashanashastra, Tara Dasa Bala etc. for predictions which allows individuals to gain deep insights into the cosmic influences that will shape their year ahead. Furthermore, his expertise in Numerology deciphers the hidden codes of numbers, offering individuals valuable insights into various aspects of their lives. His knowledge of Panchapakshi, an ancient system of timekeeping, helps individuals align their activities with auspicious periods for maximum success. He also practices Yogas, Match making. He is also into Crystal Healing, a wellness method to channel positive energy. Raghuveer is committed to help his clients attain harmony and happiness in their life's journey. ","An exemplary example of youthness wanting to explore traditional astrology is our young and dynamic astrologer Raghuveer. A student by occupation and a multilingual who seems to connect with ease to a diverse clientele and guide them on profound insights into their lives. His expertise encompasses a wide array of mystical arts, including Nakshatranadi, Ashtakavargha, Bhrigunandi Nandi, and Parashara. He uses Prashanashastra, Tara Dasa Bala etc. for predictions which allows individuals to gain deep insights into the cosmic influences that will shape their year ahead. Furthermore, his expertise in Numerology deciphers the hidden codes of numbers, offering individuals valuable insights into various aspects of their lives. His knowledge of Panchapakshi, an ancient system of timekeeping, helps individuals align their activities with auspicious periods for maximum success. He also practices Yogas, Match making. He is also into Crystal Healing, a wellness method to channel positive energy. Raghuveer is committed to help his clients attain harmony and happiness in their life's journey. ","An exemplary example of youthness wanting to explore traditional astrology is our young and dynamic astrologer Raghuveer. A student by occupation and a multilingual who seems to connect with ease to a diverse clientele and guide them on profound insights into their lives. His expertise encompasses a wide array of mystical arts, including Nakshatranadi, Ashtakavargha, Bhrigunandi Nandi, and Parashara. He uses Prashanashastra, Tara Dasa Bala etc. for predictions which allows individuals to gain deep insights into the cosmic influences that will shape their year ahead. Furthermore, his expertise in Numerology deciphers the hidden codes of numbers, offering individuals valuable insights into various aspects of their lives. His knowledge of Panchapakshi, an ancient system of timekeeping, helps individuals align their activities with auspicious periods for maximum success. He also practices Yogas, Match making. He is also into Crystal Healing, a wellness method to channel positive energy. Raghuveer is committed to help his clients attain harmony and happiness in their life's journey. ","ಸಾಂಪ್ರದಾಯಿಕ ಜ್ಯೋತಿಷ್ಯವನ್ನು ಅನ್ವೇಷಿಸಲು ಯುವಕರು ಬಯಸುತ್ತಾರೆ ಎಂಬುದಕ್ಕೆ ಒಂದು ಮಾದರಿ ಉದಾಹರಣೆಯೆಂದರೆ ನಮ್ಮ ಯುವ ಮತ್ತು ಕ್ರಿಯಾತ್ಮಕ ಜ್ಯೋತಿಷಿ  ರಘುವೀರ್. ಉದ್ಯೋಗದ ಮೂಲಕ ವಿದ್ಯಾರ್ಥಿ ಮತ್ತು ಬಹುಭಾಷಾ ವೈವಿಧ್ಯಮಯ ಗ್ರಾಹಕರೊಂದಿಗೆ ಸುಲಭವಾಗಿ ಸಂಪರ್ಕ ಹೊಂದಲು ತೋರುವ ಮತ್ತು ಅವರ ಜೀವನದ ಆಳವಾದ ಒಳನೋಟಗಳ ಕುರಿತು ಅವರಿಗೆ ಮಾರ್ಗದರ್ಶನ ನೀಡುತ್ತದೆ. ಅವರ ಪರಿಣತಿಯು ನಕ್ಷತ್ರನಾದಿ, ಅಷ್ಟಕವರ್ಗ, ಭೃಗುನಂದಿ ನಂದಿ ಮತ್ತು ಪರಾಶರ ಸೇರಿದಂತೆ ಅತೀಂದ್ರಿಯ ಕಲೆಗಳ ವ್ಯಾಪಕ ಶ್ರೇಣಿಯನ್ನು ಒಳಗೊಂಡಿದೆ. ಅವರು ಭವಿಷ್ಯಶಾಸ್ತ್ರ, ತಾರಾ ದಾಸ ಬಲ ಇತ್ಯಾದಿಗಳನ್ನು ಭವಿಷ್ಯಕ್ಕಾಗಿ ಬಳಸುತ್ತಾರೆ, ಇದು ವ್ಯಕ್ತಿಗಳು ತಮ್ಮ ವರ್ಷವನ್ನು ರೂಪಿಸುವ ಕಾಸ್ಮಿಕ್ ಪ್ರಭಾವಗಳ ಬಗ್ಗೆ ಆಳವಾದ ಒಳನೋಟಗಳನ್ನು ಪಡೆಯಲು ಅನುವು ಮಾಡಿಕೊಡುತ್ತದೆ. ಇದಲ್ಲದೆ, ಸಂಖ್ಯಾಶಾಸ್ತ್ರದಲ್ಲಿನ ಅವರ ಪರಿಣತಿಯು ಸಂಖ್ಯೆಗಳ ಗುಪ್ತ ಸಂಕೇತಗಳನ್ನು ಅರ್ಥೈಸುತ್ತದೆ, ವ್ಯಕ್ತಿಗಳಿಗೆ ಅವರ ಜೀವನದ ವಿವಿಧ ಅಂಶಗಳ ಬಗ್ಗೆ ಮೌಲ್ಯಯುತವಾದ ಒಳನೋಟಗಳನ್ನು ನೀಡುತ್ತದೆ. ಪುರಾತನ ಸಮಯ ಪಾಲನೆಯ ವ್ಯವಸ್ಥೆಯಾದ ಪಂಚಪಕ್ಷಿಯ ಅವರ ಜ್ಞಾನವು ವ್ಯಕ್ತಿಗಳು ತಮ್ಮ ಚಟುವಟಿಕೆಗಳನ್ನು ಗರಿಷ್ಠ ಯಶಸ್ಸಿಗೆ ಮಂಗಳಕರ ಅವಧಿಗಳೊಂದಿಗೆ ಜೋಡಿಸಲು ಸಹಾಯ ಮಾಡುತ್ತದೆ. ಅವರು ಯೋಗಗಳನ್ನು ಅಭ್ಯಾಸ ಮಾಡುತ್ತಾರೆ, ಪಂದ್ಯಗಳನ್ನು ತಯಾರಿಸುತ್ತಾರೆ. ಅವರು ಕ್ರಿಸ್ಟಲ್ ಹೀಲಿಂಗ್‌ನಲ್ಲಿ ಸಹ ತೊಡಗಿಸಿಕೊಂಡಿದ್ದಾರೆ, ಇದು ಧನಾತ್ಮಕ ಶಕ್ತಿಯನ್ನು ಪ್ರಸಾರ ಮಾಡುವ ಕ್ಷೇಮ ವಿಧಾನವಾಗಿದೆ.  ರಘುವೀರ್ ಅವರು ತಮ್ಮ ಗ್ರಾಹಕರಿಗೆ ತಮ್ಮ ಜೀವನದ ಪ್ರಯಾಣದಲ್ಲಿ ಸಾಮರಸ್ಯ ಮತ್ತು ಸಂತೋಷವನ್ನು ಪಡೆಯಲು ಸಹಾಯ ಮಾಡಲು ಬದ್ಧರಾಗಿದ್ದಾರೆ.","An exemplary example of youthness wanting to explore traditional astrology is our young and dynamic astrologer Raghuveer. A student by occupation and a multilingual who seems to connect with ease to a diverse clientele and guide them on profound insights into their lives. His expertise encompasses a wide array of mystical arts, including Nakshatranadi, Ashtakavargha, Bhrigunandi Nandi, and Parashara. He uses Prashanashastra, Tara Dasa Bala etc. for predictions which allows individuals to gain deep insights into the cosmic influences that will shape their year ahead. Furthermore, his expertise in Numerology deciphers the hidden codes of numbers, offering individuals valuable insights into various aspects of their lives. His knowledge of Panchapakshi, an ancient system of timekeeping, helps individuals align their activities with auspicious periods for maximum success. He also practices Yogas, Match making. He is also into Crystal Healing, a wellness method to channel positive energy. Raghuveer is committed to help his clients attain harmony and happiness in their life's journey. "
RAMANAA KRISHNEN MUKUNDAN,34,04.04.1988,MALE,9952023811,6381673235,ramanaa003@gmail.com,"NO.10, Venkateshwara colony, 2nd street, MMC, chennai,tamilnadu-600051",506885305143,AOLPR0195L,2,51,"Tamil, English","Vedic, Nakshatranadi, Numerology",,SBI098989887,SBI,SBIM67878,XYZZZZ,RamanaaK,RamanaaK,RamanaaK,RamanaaK,ರಮಣ ಕೆ ,RamanaaK,"Our Astrologer Ramanaa is a accomplished astrologer and effortlessly connects  individuals seeking insights into their lives. He manages his passion for astrology along with his career as  Software Engineer. His expertise centers on the intricate and profound system of Nakshatranadi, Bhrigunandinadi, Vedic Astrology, Parashara etc. He calculates destiny based on the positions of celestial bodies at the time of birth and is an exponent in Tara Dasa Bala calculations. His expertise in Numerology helps individuals based on their numbers to understand their unique path, and navigate life's complexities with confidence. Match Making and techniques of Prashnashastra are employed by him to calculate compatibility between couples and make informed decisions on events with less clarity. Seek Ramanaa's consultation if  you are seeking enlightenment and well-being. ","Our Astrologer Ramanaa is a accomplished astrologer and effortlessly connects  individuals seeking insights into their lives. He manages his passion for astrology along with his career as  Software Engineer. His expertise centers on the intricate and profound system of Nakshatranadi, Bhrigunandinadi, Vedic Astrology, Parashara etc. He calculates destiny based on the positions of celestial bodies at the time of birth and is an exponent in Tara Dasa Bala calculations. His expertise in Numerology helps individuals based on their numbers to understand their unique path, and navigate life's complexities with confidence. Match Making and techniques of Prashnashastra are employed by him to calculate compatibility between couples and make informed decisions on events with less clarity. Seek Ramanaa's consultation if  you are seeking enlightenment and well-being. ","Our Astrologer Ramanaa is a accomplished astrologer and effortlessly connects  individuals seeking insights into their lives. He manages his passion for astrology along with his career as  Software Engineer. His expertise centers on the intricate and profound system of Nakshatranadi, Bhrigunandinadi, Vedic Astrology, Parashara etc. He calculates destiny based on the positions of celestial bodies at the time of birth and is an exponent in Tara Dasa Bala calculations. His expertise in Numerology helps individuals based on their numbers to understand their unique path, and navigate life's complexities with confidence. Match Making and techniques of Prashnashastra are employed by him to calculate compatibility between couples and make informed decisions on events with less clarity. Seek Ramanaa's consultation if  you are seeking enlightenment and well-being. ","Our Astrologer Ramanaa is a accomplished astrologer and effortlessly connects  individuals seeking insights into their lives. He manages his passion for astrology along with his career as  Software Engineer. His expertise centers on the intricate and profound system of Nakshatranadi, Bhrigunandinadi, Vedic Astrology, Parashara etc. He calculates destiny based on the positions of celestial bodies at the time of birth and is an exponent in Tara Dasa Bala calculations. His expertise in Numerology helps individuals based on their numbers to understand their unique path, and navigate life's complexities with confidence. Match Making and techniques of Prashnashastra are employed by him to calculate compatibility between couples and make informed decisions on events with less clarity. Seek Ramanaa's consultation if  you are seeking enlightenment and well-being. ","ನಮ್ಮ ಜ್ಯೋತಿಷಿ ರಾಮಣ ಕೆ ಒಬ್ಬ ನಿಪುಣ ಜ್ಯೋತಿಷಿ ಮತ್ತು ಅವರ ಜೀವನದ ಒಳನೋಟಗಳನ್ನು ಹುಡುಕುವ ವ್ಯಕ್ತಿಗಳನ್ನು ಸಲೀಸಾಗಿ ಸಂಪರ್ಕಿಸುತ್ತಾರೆ. ಅವರು ಸಾಫ್ಟ್‌ವೇರ್ ಇಂಜಿನಿಯರ್ ಆಗಿ ತಮ್ಮ ವೃತ್ತಿಜೀವನದ ಜೊತೆಗೆ ಜ್ಯೋತಿಷ್ಯದ ಬಗ್ಗೆ ತಮ್ಮ ಉತ್ಸಾಹವನ್ನು ನಿರ್ವಹಿಸುತ್ತಾರೆ. ಅವರ ಪರಿಣತಿಯು ನಕ್ಷತ್ರನಾಡಿ, ಭೃಗುನಂದಿನಾಡಿ, ವೈದಿಕ ಜ್ಯೋತಿಷ್ಯ, ಪರಾಶರ ಇತ್ಯಾದಿಗಳ ಸಂಕೀರ್ಣ ಮತ್ತು ಆಳವಾದ ವ್ಯವಸ್ಥೆಯ ಮೇಲೆ ಕೇಂದ್ರೀಕರಿಸುತ್ತದೆ. ಅವರು ಜನನದ ಸಮಯದಲ್ಲಿ ಆಕಾಶಕಾಯಗಳ ಸ್ಥಾನಗಳ ಆಧಾರದ ಮೇಲೆ ಭವಿಷ್ಯವನ್ನು ಲೆಕ್ಕಾಚಾರ ಮಾಡುತ್ತಾರೆ ಮತ್ತು ತಾರಾ ದಾಸ ಬಲ ಲೆಕ್ಕಾಚಾರದಲ್ಲಿ ಘಾತಕರಾಗಿದ್ದಾರೆ. ಸಂಖ್ಯಾಶಾಸ್ತ್ರದಲ್ಲಿನ ಅವರ ಪರಿಣತಿಯು ವ್ಯಕ್ತಿಗಳಿಗೆ ಅವರ ಸಂಖ್ಯೆಗಳ ಆಧಾರದ ಮೇಲೆ ಅವರ ಅನನ್ಯ ಮಾರ್ಗವನ್ನು ಅರ್ಥಮಾಡಿಕೊಳ್ಳಲು ಮತ್ತು ಜೀವನದ ಸಂಕೀರ್ಣತೆಗಳನ್ನು ಆತ್ಮವಿಶ್ವಾಸದಿಂದ ನ್ಯಾವಿಗೇಟ್ ಮಾಡಲು ಸಹಾಯ ಮಾಡುತ್ತದೆ. ಜೋಡಿಗಳ ನಡುವಿನ ಹೊಂದಾಣಿಕೆಯನ್ನು ಲೆಕ್ಕಾಚಾರ ಮಾಡಲು ಮತ್ತು ಕಡಿಮೆ ಸ್ಪಷ್ಟತೆಯೊಂದಿಗೆ ಘಟನೆಗಳ ಬಗ್ಗೆ ತಿಳುವಳಿಕೆಯುಳ್ಳ ನಿರ್ಧಾರಗಳನ್ನು ತೆಗೆದುಕೊಳ್ಳಲು ಪ್ರಶ್ನೆಶಾಸ್ತ್ರದ ಹೊಂದಾಣಿಕೆಯ ತಯಾರಿಕೆ ಮತ್ತು ತಂತ್ರಗಳನ್ನು ಅವರು  ಬಳಸಿಕೊಳ್ಳುತ್ತಾನೆ. ನೀವು ಜ್ಞಾನೋದಯ ಮತ್ತು ಯೋಗಕ್ಷೇಮವನ್ನು ಬಯಸುತ್ತಿದ್ದರೆ ರಮಣ ಕೆ ಅವರ ಸಮಾಲೋಚನೆಯನ್ನು ಪಡೆಯಿರಿ.","Our Astrologer Ramanaa is a accomplished astrologer and effortlessly connects  individuals seeking insights into their lives. He manages his passion for astrology along with his career as  Software Engineer. His expertise centers on the intricate and profound system of Nakshatranadi, Bhrigunandinadi, Vedic Astrology, Parashara etc. He calculates destiny based on the positions of celestial bodies at the time of birth and is an exponent in Tara Dasa Bala calculations. His expertise in Numerology helps individuals based on their numbers to understand their unique path, and navigate life's complexities with confidence. Match Making and techniques of Prashnashastra are employed by him to calculate compatibility between couples and make informed decisions on events with less clarity. Seek Ramanaa's consultation if  you are seeking enlightenment and well-being. "
RAMA UMESHA SALIAN,41,16.12.1982,FEMALE,7045332567,,salian.rama@gmail.com,"Room no- 104, 1st floor, bandar ali road, diva west, maharastra- 400612.",835101480809,CIXCS6302N,3,200,"Hindi, Kannada, Tulu,"," Nakshatranadi, Crystal",,SBI098989887,SBI,SBIM67878,XYZZZZ,RamaS,RamaS,RamaS,RamaS, ರಮಾ  ಎಸ್,RamaS,"An astrology enthusiast, our Astrologer Rama is exceptional at her trade and connects with a diverse clientele. She is Highly skilled and multilingual practioner. Her expertise encompasses the intricate and profound realms of Nakshatranadi, Prashnashastra and Parashara. She has arround 150 consultations to her credit. Rama's proficiency in Prashnashastra, the art of answering specific questions using astrology, provides individuals with precise and insightful answers to their queries, whether about career, relationships, or life decisions. She is also an expert in Match Making and Crystal Healing. Astrologer Rama is a beacon of wisdom and guidance in the realm of astrology and holistic well-being. Consult her for a refreshing experience.","An astrology enthusiast, our Astrologer Rama is exceptional at her trade and connects with a diverse clientele. She is Highly skilled and multilingual practioner. Her expertise encompasses the intricate and profound realms of Nakshatranadi, Prashnashastra and Parashara. She has arround 150 consultations to her credit. Rama's proficiency in Prashnashastra, the art of answering specific questions using astrology, provides individuals with precise and insightful answers to their queries, whether about career, relationships, or life decisions. She is also an expert in Match Making and Crystal Healing. Astrologer Rama is a beacon of wisdom and guidance in the realm of astrology and holistic well-being. Consult her for a refreshing experience.","An astrology enthusiast, our Astrologer Rama is exceptional at her trade and connects with a diverse clientele. She is Highly skilled and multilingual practioner. Her expertise encompasses the intricate and profound realms of Nakshatranadi, Prashnashastra and Parashara. She has arround 150 consultations to her credit. Rama's proficiency in Prashnashastra, the art of answering specific questions using astrology, provides individuals with precise and insightful answers to their queries, whether about career, relationships, or life decisions. She is also an expert in Match Making and Crystal Healing. Astrologer Rama is a beacon of wisdom and guidance in the realm of astrology and holistic well-being. Consult her for a refreshing experience.","An astrology enthusiast, our Astrologer Rama is exceptional at her trade and connects with a diverse clientele. She is Highly skilled and multilingual practioner. Her expertise encompasses the intricate and profound realms of Nakshatranadi, Prashnashastra and Parashara. She has arround 150 consultations to her credit. Rama's proficiency in Prashnashastra, the art of answering specific questions using astrology, provides individuals with precise and insightful answers to their queries, whether about career, relationships, or life decisions. She is also an expert in Match Making and Crystal Healing. Astrologer Rama is a beacon of wisdom and guidance in the realm of astrology and holistic well-being. Consult her for a refreshing experience.","ಜ್ಯೋತಿಷ್ಯ ಶಾಸ್ತ್ರದ ಉತ್ಸಾಹಿ, ನಮ್ಮ ಜ್ಯೋತಿಷಿ  ರಮಾ  ಅವರ ವ್ಯಾಪಾರದಲ್ಲಿ ಅಸಾಧಾರಣವಾಗಿದೆ ಮತ್ತು ವೈವಿಧ್ಯಮಯ ಗ್ರಾಹಕರೊಂದಿಗೆ ಸಂಪರ್ಕ ಹೊಂದಿದೆ.ಅವರು  ಹೆಚ್ಚು ನುರಿತ ಮತ್ತು ಬಹುಭಾಷಾ ಅಭ್ಯಾಸಿ. ಅವಳ ಪರಿಣತಿಯು ನಕ್ಷತ್ರನಾಡಿ, ಪ್ರಶ್ನೆಶಾಸ್ತ್ರ ಮತ್ತು ಪರಾಶರಗಳ ಸಂಕೀರ್ಣ ಮತ್ತು ಆಳವಾದ ಕ್ಷೇತ್ರಗಳನ್ನು ಒಳಗೊಂಡಿದೆ. ಅವರು ಸುಮಾರು 150 ಸಮಾಲೋಚನೆಗಳನ್ನು ಹೊಂದಿದ್ದಾರೆ. ಪ್ರಶ್ನಶಾಸ್ತ್ರದಲ್ಲಿ  ರಮಾ  ಅವರ ಪ್ರಾವೀಣ್ಯತೆ, ಜ್ಯೋತಿಷ್ಯವನ್ನು ಬಳಸಿಕೊಂಡು ನಿರ್ದಿಷ್ಟ ಪ್ರಶ್ನೆಗಳಿಗೆ ಉತ್ತರಿಸುವ ಕಲೆ, ವೃತ್ತಿ, ಸಂಬಂಧಗಳು ಅಥವಾ ಜೀವನದ ನಿರ್ಧಾರಗಳ ಬಗ್ಗೆ ಅವರ ಪ್ರಶ್ನೆಗಳಿಗೆ ನಿಖರವಾದ ಮತ್ತು ಒಳನೋಟವುಳ್ಳ ಉತ್ತರಗಳನ್ನು ಒದಗಿಸುತ್ತದೆ.ಅವರು  ಮ್ಯಾಚ್ ಮೇಕಿಂಗ್ ಮತ್ತು ಕ್ರಿಸ್ಟಲ್ ಹೀಲಿಂಗ್‌ನಲ್ಲಿಯೂ ಪರಿಣಿತಿ. ಜ್ಯೋತಿಷಿ  ರಮಾ  ಅವರು ಜ್ಯೋತಿಷ್ಯ ಮತ್ತು ಸಮಗ್ರ ಯೋಗಕ್ಷೇಮದ ಕ್ಷೇತ್ರದಲ್ಲಿ ಬುದ್ಧಿವಂತಿಕೆ ಮತ್ತು ಮಾರ್ಗದರ್ಶನದ ದಾರಿದೀಪವಾಗಿದ್ದಾರೆ. ಉಲ್ಲಾಸಕರ ಅನುಭವಕ್ಕಾಗಿ ಅವಳನ್ನು ಸಂಪರ್ಕಿಸಿ.","An astrology enthusiast, our Astrologer Rama is exceptional at her trade and connects with a diverse clientele. She is Highly skilled and multilingual practioner. Her expertise encompasses the intricate and profound realms of Nakshatranadi, Prashnashastra and Parashara. She has arround 150 consultations to her credit. Rama's proficiency in Prashnashastra, the art of answering specific questions using astrology, provides individuals with precise and insightful answers to their queries, whether about career, relationships, or life decisions. She is also an expert in Match Making and Crystal Healing. Astrologer Rama is a beacon of wisdom and guidance in the realm of astrology and holistic well-being. Consult her for a refreshing experience."
R. DASHAGUNA,58,10.07.1965,MALE,9008661296,9980033055,rdashaguna.aab@gmail.com,"No:432, 21Main Rd, nandini layout, bangalore-560096",216043477851,BEKPD3589J,4,350," Kannada, English,Tamil,Telugu","Vedic, Nakshatranadi, Palmistry, Vastu",,SBI098989887,SBI,SBIM67878,XYZZZZ,Dr. DashagunaR,Dr. DashagunaR,Dr. DashagunaR,Dr. DashagunaR,ಡಾ. ದಶಗುಣ ಆರ್  ,Dr. DashagunaR,"Introducing Dr. Dashaguna, a multitalented individual who defies the conventional boundaries of an ordinary private sector employee. With a profound passion for astrology, Dr. Dashaguna has seamlessly integrated a diverse set of skills into a thriving astrological practice that caters to a staggering 350 dedicated consultants. He is honored as Jyotishya Praveena, Vastushilpa Praveena.  Armed with a Diploma in Vastu, Vedic Astrology, NakshatraNadi, Prashnashastra, Parashara, Yogas, Palmistry, Bhrigunandi Nadi, Tara Dasa Bala, Cowries shastra, Jaimini, Match making, and Muhurtha, Dr. Dashaguna's expertise transcends traditional boundaries. With a unique talent for weaving together the threads of cosmic insight and human destiny, Dr. Dashaguna excels in providing invaluable guidance and predictions for his diverse clientele. Whether it's deciphering the cosmic codes or determining the perfect moment for significant life events through Muhurtha, Dr. Dashaguna's expertise is bound to leave an indelible mark on the lives of those who seek his astrological counsel.","Introducing Dr. Dashaguna, a multitalented individual who defies the conventional boundaries of an ordinary private sector employee. With a profound passion for astrology, Dr. Dashaguna has seamlessly integrated a diverse set of skills into a thriving astrological practice that caters to a staggering 350 dedicated consultants. He is honored as Jyotishya Praveena, Vastushilpa Praveena.  Armed with a Diploma in Vastu, Vedic Astrology, NakshatraNadi, Prashnashastra, Parashara, Yogas, Palm History, Bhrigunandi Nadi, Tara Dasa Bala, Cowries shastra, Jaimini, Match making, and Muhurtha, Dr. Dashaguna's expertise transcends traditional boundaries. With a unique talent for weaving together the threads of cosmic insight and human destiny, Dr. Dashaguna excels in providing invaluable guidance and predictions for his diverse clientele. Whether it's deciphering the cosmic codes or determining the perfect moment for significant life events through Muhurtha, Dr. Dashaguna's expertise is bound to leave an indelible mark on the lives of those who seek his astrological counsel.","Introducing Dr. Dashaguna, a multitalented individual who defies the conventional boundaries of an ordinary private sector employee. With a profound passion for astrology, Dr. Dashaguna has seamlessly integrated a diverse set of skills into a thriving astrological practice that caters to a staggering 350 dedicated consultants. He is honored as Jyotishya Praveena, Vastushilpa Praveena.  Armed with a Diploma in Vastu, Vedic Astrology, NakshatraNadi, Prashnashastra, Parashara, Yogas, Palm History, Bhrigunandi Nadi, Tara Dasa Bala, Cowries shastra, Jaimini, Match making, and Muhurtha, Dr. Dashaguna's expertise transcends traditional boundaries. With a unique talent for weaving together the threads of cosmic insight and human destiny, Dr. Dashaguna excels in providing invaluable guidance and predictions for his diverse clientele. Whether it's deciphering the cosmic codes or determining the perfect moment for significant life events through Muhurtha, Dr. Dashaguna's expertise is bound to leave an indelible mark on the lives of those who seek his astrological counsel.","Introducing Dr. Dashaguna, a multitalented individual who defies the conventional boundaries of an ordinary private sector employee. With a profound passion for astrology, Dr. Dashaguna has seamlessly integrated a diverse set of skills into a thriving astrological practice that caters to a staggering 350 dedicated consultants. He is honored as Jyotishya Praveena, Vastushilpa Praveena.  Armed with a Diploma in Vastu, Vedic Astrology, NakshatraNadi, Prashnashastra, Parashara, Yogas, Palm History, Bhrigunandi Nadi, Tara Dasa Bala, Cowries shastra, Jaimini, Match making, and Muhurtha, Dr. Dashaguna's expertise transcends traditional boundaries. With a unique talent for weaving together the threads of cosmic insight and human destiny, Dr. Dashaguna excels in providing invaluable guidance and predictions for his diverse clientele. Whether it's deciphering the cosmic codes or determining the perfect moment for significant life events through Muhurtha, Dr. Dashaguna's expertise is bound to leave an indelible mark on the lives of those who seek his astrological counsel.","ಸಾಮಾನ್ಯ ಖಾಸಗಿ ವಲಯದ ಉದ್ಯೋಗಿಯ ಸಾಂಪ್ರದಾಯಿಕ ಗಡಿಗಳನ್ನು ಧಿಕ್ಕರಿಸುವ ಬಹುಮುಖ ಪ್ರತಿಭೆ ಡಾ. ದಶಗುಣ ಅವರನ್ನು ಪರಿಚಯಿಸಲಾಗುತ್ತಿದೆ. ಜ್ಯೋತಿಷ್ಯದ ಬಗ್ಗೆ ಆಳವಾದ ಉತ್ಸಾಹದಿಂದ, ಡಾ. ದಶಗುಣ ಅವರು 350 ಸಮರ್ಪಿತ ಸಲಹೆಗಾರರನ್ನು ಪೂರೈಸುವ ಅಭಿವೃದ್ಧಿ ಹೊಂದುತ್ತಿರುವ ಜ್ಯೋತಿಷ್ಯ ಅಭ್ಯಾಸದಲ್ಲಿ ವೈವಿಧ್ಯಮಯ ಕೌಶಲ್ಯಗಳನ್ನು ಮನಬಂದಂತೆ ಸಂಯೋಜಿಸಿದ್ದಾರೆ. ಅವರನ್ನು ಜ್ಯೋತಿಷ್ಯ ಪ್ರವೀಣ, ವಸ್ತುಶಿಲ್ಪ ಪ್ರವೀಣ ಎಂದು ಗೌರವಿಸಲಾಗಿದೆ. ವಾಸ್ತು, ವೈದಿಕ ಜ್ಯೋತಿಷ್ಯ, ನಕ್ಷತ್ರನಾಡಿ, ಪ್ರಶ್ನೆಶಾಸ್ತ್ರ, ಪರಾಶರ, ಯೋಗಗಳು, ಪಾಮ್ ಇತಿಹಾಸ, ಭೃಗುನಂದಿ ನಾಡಿ, ತಾರಾ ದಶಾ ಬಲ, ಕೌರೀಸ್ ಶಾಸ್ತ್ರ, ಜೈಮಿನಿ, ಮ್ಯಾಚ್ ಮೇಕಿಂಗ್, ಮತ್ತು ಮುಹೂರ್ತದಲ್ಲಿ ಡಿಪ್ಲೊಮಾವನ್ನು ಹೊಂದಿರುವ ಡಾ. ದಶಗುಣ ಅವರ ಪರಿಣತಿಯು ಸಾಂಪ್ರದಾಯಿಕ ಗಡಿಗಳನ್ನು ಮೀರಿದೆ. ಕಾಸ್ಮಿಕ್ ಒಳನೋಟ ಮತ್ತು ಮಾನವ ಹಣೆಬರಹದ ಎಳೆಗಳನ್ನು ಒಟ್ಟಿಗೆ ನೇಯ್ಗೆ ಮಾಡುವ ವಿಶಿಷ್ಟ ಪ್ರತಿಭೆಯೊಂದಿಗೆ, ಡಾ. ದಶಗುಣ ಅವರು ತಮ್ಮ ವೈವಿಧ್ಯಮಯ ಗ್ರಾಹಕರಿಗೆ ಅಮೂಲ್ಯವಾದ ಮಾರ್ಗದರ್ಶನ ಮತ್ತು ಭವಿಷ್ಯವಾಣಿಗಳನ್ನು ಒದಗಿಸುವಲ್ಲಿ ಉತ್ಕೃಷ್ಟರಾಗಿದ್ದಾರೆ. ಅದು ಕಾಸ್ಮಿಕ್ ಕೋಡ್‌ಗಳನ್ನು ಅರ್ಥೈಸಿಕೊಳ್ಳುತ್ತಿರಲಿ ಅಥವಾ ಮುಹೂರ್ತದ ಮೂಲಕ ಮಹತ್ವದ ಜೀವನದ ಘಟನೆಗಳಿಗೆ ಪರಿಪೂರ್ಣ ಕ್ಷಣವನ್ನು ನಿರ್ಧರಿಸುತ್ತಿರಲಿ, ಡಾ. ದಶಗುಣ ಅವರ ಪರಿಣತಿಯು ಅವರ ಜ್ಯೋತಿಷ್ಯ ಸಲಹೆಯನ್ನು ಪಡೆಯುವವರ ಜೀವನದಲ್ಲಿ ಅಳಿಸಲಾಗದ ಗುರುತು ಬಿಡಲು ಬದ್ಧವಾಗಿದೆ.","Introducing Dr. Dashaguna, a multitalented individual who defies the conventional boundaries of an ordinary private sector employee. With a profound passion for astrology, Dr. Dashaguna has seamlessly integrated a diverse set of skills into a thriving astrological practice that caters to a staggering 350 dedicated consultants. He is honored as Jyotishya Praveena, Vastushilpa Praveena.  Armed with a Diploma in Vastu, Vedic Astrology, NakshatraNadi, Prashnashastra, Parashara, Yogas, Palm History, Bhrigunandi Nadi, Tara Dasa Bala, Cowries shastra, Jaimini, Match making, and Muhurtha, Dr. Dashaguna's expertise transcends traditional boundaries. With a unique talent for weaving together the threads of cosmic insight and human destiny, Dr. Dashaguna excels in providing invaluable guidance and predictions for his diverse clientele. Whether it's deciphering the cosmic codes or determining the perfect moment for significant life events through Muhurtha, Dr. Dashaguna's expertise is bound to leave an indelible mark on the lives of those who seek his astrological counsel."
REKHA R.,30,20.12.1992,FEMALE,9980966833,8197998016,rekhasona7@gmail.com,"#203, 13th main, C cross, Mathikere, Bangalore-560054",671370650047,BXDPR5105G,1,50,"Hindi, Kannada, English, Tamil, Telugu, Marathi"," Nakshatranadi, Numerology, Vastu",,SBI098989887,SBI,SBIM67878,XYZZZZ,RekhaR,RekhaR,RekhaR,RekhaR,ರೇಖಾ ಆರ್,RekhaR,"An astrology enthusiast, our Astrologer Rekha juggles her successful career as Quality Assuarance Specialist with an IT company along with her passion for astrology. She has specialized in wide range of mystical arts, including Numerology, Vastu, Astakavarga, and Parashara principles. A highly talkative and energetic multilingustic , her consultation  will instill new energy and vigour in you. She can guide you in  the realm of astrology and holistic well-being with her expertise in Vedic Astrology, Nakshatranadi, Prashnashastra, Prashara principles etc. If you are looking for advice on life events or destiny she is the right choice. Consult Rekha and she will ensure your well-being and prosperity are harmonious aligned with cosmic energies.","An astrology enthusiast, our Astrologer Rekha juggles her successful career as Quality Assuarance Specialist with an IT company along with her passion for astrology. She has specialized in wide range of mystical arts, including Numerology, Vastu, Astakavarga, and Parashara principles. A highly talkative and energetic multilingustic , her consultation  will instill new energy and vigour in you. She can guide you in  the realm of astrology and holistic well-being with her expertise in Vedic Astrology, Nakshatranadi, Prashnashastra, Prashara principles etc. If you are looking for advice on life events or destiny she is the right choice. Consult Rekha and she will ensure your well-being and prosperity are harmonious aligned with cosmic energies.","An astrology enthusiast, our Astrologer Rekha juggles her successful career as Quality Assuarance Specialist with an IT company along with her passion for astrology. She has specialized in wide range of mystical arts, including Numerology, Vastu, Astakavarga, and Parashara principles. A highly talkative and energetic multilingustic , her consultation  will instill new energy and vigour in you. She can guide you in  the realm of astrology and holistic well-being with her expertise in Vedic Astrology, Nakshatranadi, Prashnashastra, Prashara principles etc. If you are looking for advice on life events or destiny she is the right choice. Consult Rekha and she will ensure your well-being and prosperity are harmonious aligned with cosmic energies.","An astrology enthusiast, our Astrologer Rekha juggles her successful career as Quality Assuarance Specialist with an IT company along with her passion for astrology. She has specialized in wide range of mystical arts, including Numerology, Vastu, Astakavarga, and Parashara principles. A highly talkative and energetic multilingustic , her consultation  will instill new energy and vigour in you. She can guide you in  the realm of astrology and holistic well-being with her expertise in Vedic Astrology, Nakshatranadi, Prashnashastra, Prashara principles etc. If you are looking for advice on life events or destiny she is the right choice. Consult Rekha and she will ensure your well-being and prosperity are harmonious aligned with cosmic energies.","ಜ್ಯೋತಿಷ್ಯದ ಉತ್ಸಾಹಿ, ನಮ್ಮ ಜ್ಯೋತಿಷಿ ರೇಖಾ ಅವರು ಜ್ಯೋತಿಷ್ಯದ ಮೇಲಿನ ಉತ್ಸಾಹದ ಜೊತೆಗೆ ಐಟಿ ಕಂಪನಿಯೊಂದಿಗೆ ಗುಣಮಟ್ಟದ ಭರವಸೆ ತಜ್ಞರಾಗಿ ತಮ್ಮ ಯಶಸ್ವಿ ವೃತ್ತಿಜೀವನವನ್ನು ಕಣ್ಕಟ್ಟು ಮಾಡಿದ್ದಾರೆ. ಅವರು ಸಂಖ್ಯಾಶಾಸ್ತ್ರ, ವಾಸ್ತು, ಅಷ್ಟಕವರ್ಗ ಮತ್ತು ಪರಾಶರ ತತ್ವಗಳನ್ನು ಒಳಗೊಂಡಂತೆ ವ್ಯಾಪಕ ಶ್ರೇಣಿಯ ಅತೀಂದ್ರಿಯ ಕಲೆಗಳಲ್ಲಿ ಪರಿಣತಿ ಹೊಂದಿದ್ದಾರೆ. ಹೆಚ್ಚು ಮಾತನಾಡುವ ಮತ್ತು ಶಕ್ತಿಯುತ ಬಹುಭಾಷಾ, ಆಕೆಯ ಸಮಾಲೋಚನೆಯು ನಿಮ್ಮಲ್ಲಿ ಹೊಸ ಶಕ್ತಿ ಮತ್ತು ಚೈತನ್ಯವನ್ನು ತುಂಬುತ್ತದೆ. ವೈದಿಕ ಜ್ಯೋತಿಷ್ಯ, ನಕ್ಷತ್ರನಾದಿ, ಪ್ರಶ್ನೆಶಾಸ್ತ್ರ, ಪ್ರಶಾರ ತತ್ವಗಳು ಇತ್ಯಾದಿಗಳಲ್ಲಿ ತನ್ನ ಪರಿಣತಿಯೊಂದಿಗೆ ಜ್ಯೋತಿಷ್ಯ ಮತ್ತು ಸಮಗ್ರ ಯೋಗಕ್ಷೇಮದ ಕ್ಷೇತ್ರದಲ್ಲಿಅವರು  ನಿಮಗೆ ಮಾರ್ಗದರ್ಶನ ನೀಡಬಹುದು. ನೀವು ಜೀವನದ ಘಟನೆಗಳು ಅಥವಾ ಅದೃಷ್ಟದ ಬಗ್ಗೆ ಸಲಹೆಯನ್ನು ಹುಡುಕುತ್ತಿದ್ದರೆಅವರು  ಸರಿಯಾದ ಆಯ್ಕೆ. ರೇಖಾ ಅವರನ್ನು ಸಂಪರ್ಕಿಸಿ ಮತ್ತು ಅವರು ನಿಮ್ಮ ಯೋಗಕ್ಷೇಮ ಮತ್ತು ಸಮೃದ್ಧಿಯು ಕಾಸ್ಮಿಕ್ ಶಕ್ತಿಗಳೊಂದಿಗೆ ಸಾಮರಸ್ಯವನ್ನು ಹೊಂದಿರುವುದನ್ನು ಖಚಿತಪಡಿಸಿಕೊಳ್ಳುತ್ತಾರೆ.","An astrology enthusiast, our Astrologer Rekha juggles her successful career as Quality Assuarance Specialist with an IT company along with her passion for astrology. She has specialized in wide range of mystical arts, including Numerology, Vastu, Astakavarga, and Parashara principles. A highly talkative and energetic multilingustic , her consultation  will instill new energy and vigour in you. She can guide you in  the realm of astrology and holistic well-being with her expertise in Vedic Astrology, Nakshatranadi, Prashnashastra, Prashara principles etc. If you are looking for advice on life events or destiny she is the right choice. Consult Rekha and she will ensure your well-being and prosperity are harmonious aligned with cosmic energies."
ROOPA KRISHNA MURTHY ,57,30.11.1965,FEMALE,9840933285,8939094905,roopamurthy30@gmail.com,"NO.16,C block, Gound Floor,MSKR Flat, VSV koil St, Mylapur, chennai, Tamilnadu-600004.",994991049193,AFLPR3960C,3,1000," Kannada, English, Tulu, Tamil"," Nakshatranadi, Numerology, Tarot, Palmistry, Crystal, Vastu",,SBI098989887,SBI,SBIM67878,XYZZZZ,Gomathi M,Gomathi M,Gomathi M,Gomathi M,ಗೋಮತಿ ಎಂ ,Gomathi M,"Introducing Our Astrologer Gomathi, practitioner of ancient wisdom and mysticism. With a deep-rooted passion for unraveling the celestial mysteries, Gomathi boasts an impressive multilingual proficiency, ensuring her reach extends far and wide to seekers from diverse backgrounds. He juggles his career as a Business women along with his studies and interests in astrology. Her vast expertise is evident in her extensive clientele, comprising over a 1000+ consultants who have sought her guidance and insight. Roopa's repertoire includes a wide array of mystical arts, making her a true luminary in the field. She specializes in Nakshatranadi, Bhrigunandinadi, Numerology, Chakra Healing, Parashara, Vastu, Agnihotra and Cowries Shastra. You can consult her on Match Making, Muhurat and Vastu. She is also a practitioner of Chakra Healing and Crystal Healing, harmonizing the vital energy centers within the body. She also practices tarot card, Palmistry, Prashnashastra. Astrologer Gomathi shines as a guiding light, offering profound insights and transformative experiences to those who seek her wisdom.","Introducing Our Astrologer Gomathi, practitioner of ancient wisdom and mysticism. With a deep-rooted passion for unraveling the celestial mysteries, Gomathi boasts an impressive multilingual proficiency, ensuring her reach extends far and wide to seekers from diverse backgrounds. He juggles his career as a Business women along with his studies and interests in astrology. Her vast expertise is evident in her extensive clientele, comprising over a 1000+ consultants who have sought her guidance and insight. Roopa's repertoire includes a wide array of mystical arts, making her a true luminary in the field. She specializes in Nakshatranadi, Bhrigunandinadi, Numerology, Chakra Healing, Parashara, Vastu, Agnihotra and Cowries Shastra. You can consult her on Match Making, Muhurat and Vastu. She is also a practitioner of Chakra Healing and Crystal Healing, harmonizing the vital energy centers within the body. She also practices tarot card, Palm history, Prashnashastra. Astrologer Gomathi shines as a guiding light, offering profound insights and transformative experiences to those who seek her wisdom.","Introducing Our Astrologer Gomathi, practitioner of ancient wisdom and mysticism. With a deep-rooted passion for unraveling the celestial mysteries, Gomathi boasts an impressive multilingual proficiency, ensuring her reach extends far and wide to seekers from diverse backgrounds. He juggles his career as a Business women along with his studies and interests in astrology. Her vast expertise is evident in her extensive clientele, comprising over a 1000+ consultants who have sought her guidance and insight. Roopa's repertoire includes a wide array of mystical arts, making her a true luminary in the field. She specializes in Nakshatranadi, Bhrigunandinadi, Numerology, Chakra Healing, Parashara, Vastu, Agnihotra and Cowries Shastra. You can consult her on Match Making, Muhurat and Vastu. She is also a practitioner of Chakra Healing and Crystal Healing, harmonizing the vital energy centers within the body. She also practices tarot card, Palm history, Prashnashastra. Astrologer Gomathi shines as a guiding light, offering profound insights and transformative experiences to those who seek her wisdom.","Introducing Our Astrologer Gomathi, practitioner of ancient wisdom and mysticism. With a deep-rooted passion for unraveling the celestial mysteries, Gomathi boasts an impressive multilingual proficiency, ensuring her reach extends far and wide to seekers from diverse backgrounds. He juggles his career as a Business women along with his studies and interests in astrology. Her vast expertise is evident in her extensive clientele, comprising over a 1000+ consultants who have sought her guidance and insight. Roopa's repertoire includes a wide array of mystical arts, making her a true luminary in the field. She specializes in Nakshatranadi, Bhrigunandinadi, Numerology, Chakra Healing, Parashara, Vastu, Agnihotra and Cowries Shastra. You can consult her on Match Making, Muhurat and Vastu. She is also a practitioner of Chakra Healing and Crystal Healing, harmonizing the vital energy centers within the body. She also practices tarot card, Palm history, Prashnashastra. Astrologer Gomathi shines as a guiding light, offering profound insights and transformative experiences to those who seek her wisdom.","ಪ್ರಾಚೀನ ಬುದ್ಧಿವಂತಿಕೆ ಮತ್ತು ಅತೀಂದ್ರಿಯ ಅಭ್ಯಾಸ ಮಾಡುವ ನಮ್ಮ ಜ್ಯೋತಿಷಿ ಗೋಮತಿ ಅವರನ್ನು ಪರಿಚಯಿಸುತ್ತಿದ್ದೇವೆ. ಆಕಾಶದ ರಹಸ್ಯಗಳನ್ನು ಬಿಚ್ಚಿಡಲು ಆಳವಾದ ಬೇರೂರಿರುವ ಉತ್ಸಾಹದಿಂದ, ಗೋಮತಿ ಪ್ರಭಾವಶಾಲಿ ಬಹುಭಾಷಾ ಪ್ರಾವೀಣ್ಯತೆಯನ್ನು ಹೊಂದಿದೆ, ವೈವಿಧ್ಯಮಯ ಹಿನ್ನೆಲೆಯ ಅನ್ವೇಷಕರಿಗೆ ಅವಳ ವ್ಯಾಪ್ತಿಯು ದೂರದವರೆಗೆ ವಿಸ್ತರಿಸುತ್ತದೆ. ಅವರು ತಮ್ಮ ಅಧ್ಯಯನಗಳು ಮತ್ತು ಜ್ಯೋತಿಷ್ಯದಲ್ಲಿನ ಆಸಕ್ತಿಗಳ ಜೊತೆಗೆ ವ್ಯಾಪಾರ ಮಹಿಳೆಯರಂತೆ ತಮ್ಮ ವೃತ್ತಿಜೀವನವನ್ನು ಕಣ್ಕಟ್ಟು ಮಾಡುತ್ತಾರೆ. ಅವರ ವ್ಯಾಪಕ ಪರಿಣತಿಯು ಅವರ ವ್ಯಾಪಕವಾದ ಗ್ರಾಹಕರಲ್ಲಿ ಸ್ಪಷ್ಟವಾಗಿದೆ, ಅವರ ಮಾರ್ಗದರ್ಶನ ಮತ್ತು ಒಳನೋಟವನ್ನು ಬಯಸಿದ 1000+ ಸಲಹೆಗಾರರನ್ನು ಒಳಗೊಂಡಿದೆ. ರೂಪಾಕ್ ಅವರ ಸಂಗ್ರಹವು ಅತೀಂದ್ರಿಯ ಕಲೆಗಳ ವ್ಯಾಪಕ ಶ್ರೇಣಿಯನ್ನು ಒಳಗೊಂಡಿದೆ, ಈ ಕ್ಷೇತ್ರದಲ್ಲಿ ಅವಳನ್ನು ನಿಜವಾದ ಪ್ರಕಾಶಕರನ್ನಾಗಿ ಮಾಡುತ್ತದೆ. ಅವರು ನಕ್ಷತ್ರನಾಡಿ, ಭೃಗುನಂದಿನಾಡಿ, ಸಂಖ್ಯಾಶಾಸ್ತ್ರ, ಚಕ್ರ ಚಿಕಿತ್ಸೆ, ಪರಾಶರ, ವಾಸ್ತು, ಅಗ್ನಿಹೋತ್ರ ಮತ್ತು ಕೌರೀಸ್ ಶಾಸ್ತ್ರದಲ್ಲಿ ಪರಿಣತಿ ಹೊಂದಿದ್ದಾರೆ. ನೀವು ಮ್ಯಾಚ್ ಮೇಕಿಂಗ್, ಮುಹೂರ್ತ ಮತ್ತು ವಾಸ್ತು ಕುರಿತು ಅವಳನ್ನು ಸಂಪರ್ಕಿಸಬಹುದು.ಅವರು  ಚಕ್ರ ಹೀಲಿಂಗ್ ಮತ್ತು ಕ್ರಿಸ್ಟಲ್ ಹೀಲಿಂಗ್‌ನ ಅಭ್ಯಾಸಿಯೂ ಆಗಿದ್ದಾಳೆ, ದೇಹದೊಳಗಿನ ಪ್ರಮುಖ ಶಕ್ತಿ ಕೇಂದ್ರಗಳನ್ನು ಸಮನ್ವಯಗೊಳಿಸುತ್ತಾಳೆ.ಅವರು  ಟ್ಯಾರೋ ಕಾರ್ಡ್, ಪಾಮ್ ಹಿಸ್ಟರಿ, ಪ್ರಶ್ನೆಶಾಸ್ತ್ರವನ್ನು ಸಹ ಅಭ್ಯಾಸ ಮಾಡುತ್ತಾಳೆ. ಜ್ಯೋತಿಷಿ ಗೋಮತಿ ತನ್ನ ಬುದ್ಧಿವಂತಿಕೆಯನ್ನು ಹುಡುಕುವವರಿಗೆ ಆಳವಾದ ಒಳನೋಟಗಳನ್ನು ಮತ್ತು ಪರಿವರ್ತಕ ಅನುಭವಗಳನ್ನು ನೀಡುವ ಮಾರ್ಗದರ್ಶಿ ಬೆಳಕಿನಂತೆ ಹೊಳೆಯುತ್ತಾಳೆ.","Introducing Our Astrologer Gomathi, practitioner of ancient wisdom and mysticism. With a deep-rooted passion for unraveling the celestial mysteries, Gomathi boasts an impressive multilingual proficiency, ensuring her reach extends far and wide to seekers from diverse backgrounds. He juggles his career as a Business women along with his studies and interests in astrology. Her vast expertise is evident in her extensive clientele, comprising over a 1000+ consultants who have sought her guidance and insight. Roopa's repertoire includes a wide array of mystical arts, making her a true luminary in the field. She specializes in Nakshatranadi, Bhrigunandinadi, Numerology, Chakra Healing, Parashara, Vastu, Agnihotra and Cowries Shastra. You can consult her on Match Making, Muhurat and Vastu. She is also a practitioner of Chakra Healing and Crystal Healing, harmonizing the vital energy centers within the body. She also practices tarot card, Palm history, Prashnashastra. Astrologer Gomathi shines as a guiding light, offering profound insights and transformative experiences to those who seek her wisdom."
SACHIN B.,27,21.03.1996,MALE,8147930751,7337836245,sachinsach07@gmail.com.,"N0:306,3rd floor, A Block, DS MAX Spencer, Tindlu,Bangalore-560097.",791564121445,GDSPS1002P,1,20,"Hindi, Kannada, English, Tamil, Telugu, Marathi"," Nakshatranadi, Numerology, Tarot, Psychic, Crystal, Vastu, Reiki",,SBI098989887,SBI,SBIM67878,XYZZZZ,SachinB,SachinB,SachinB,SachinB,ಸಚಿನ್ ಜಿ ,SachinB,"A truly multilingual and astrology enthusiast Astrologer Sachin effortlessly connects with people from all walks of life. He juggles his career in a MNC Company along with his studies and interests in astrology. His extensive expertise encompasses a wide array of mystical arts and spiritual disciplines. His expertise list includes Vastu, Numerology, Prashnashastra, Parashara, Yogas, Tara Dasa Bala, Bhrigunandinadi, Nakshatranadi and Vedic Astrology. Additionally, his mastery of Crystal and Reiki Healing offers individuals a holistic approach to physical, emotional, and spiritual well-being, promoting balance and harmony. His skills in Match Making can be utilized by people seeking guidance in relationships. Furthermore, his use of Tarot cards and Numerology provides individuals with valuable insights into their life's journey, personality traits, and potential life events. He also practices Muhurtha, Psychic Reading. He is committed to enhance the lives of others through his multilingual abilities and his knowledge. Use Sachin as your beacon and gain clarity and velocity in your life.","A truly multilingual and astrology enthusiast Astrologer Sachin effortlessly connects with people from all walks of life. He juggles his career in a MNC Company along with his studies and interests in astrology. His extensive expertise encompasses a wide array of mystical arts and spiritual disciplines. His expertise list includes Vastu, Numerology, Prashnashastra, Parashara, Yogas, Tara Dasa Bala, Bhrigunandinadi, Nakshatranadi and Vedic Astrology. Additionally, his mastery of Crystal and Reiki Healing offers individuals a holistic approach to physical, emotional, and spiritual well-being, promoting balance and harmony. His skills in Match Making can be utilized by people seeking guidance in relationships. Furthermore, his use of Tarot cards and Numerology provides individuals with valuable insights into their life's journey, personality traits, and potential life events. He also practices Muhurtha, Psychic Reading. He is committed to enhance the lives of others through his multilingual abilities and his knowledge. Use Sachin as your beacon and gain clarity and velocity in your life.","A truly multilingual and astrology enthusiast Astrologer Sachin effortlessly connects with people from all walks of life. He juggles his career in a MNC Company along with his studies and interests in astrology. His extensive expertise encompasses a wide array of mystical arts and spiritual disciplines. His expertise list includes Vastu, Numerology, Prashnashastra, Parashara, Yogas, Tara Dasa Bala, Bhrigunandinadi, Nakshatranadi and Vedic Astrology. Additionally, his mastery of Crystal and Reiki Healing offers individuals a holistic approach to physical, emotional, and spiritual well-being, promoting balance and harmony. His skills in Match Making can be utilized by people seeking guidance in relationships. Furthermore, his use of Tarot cards and Numerology provides individuals with valuable insights into their life's journey, personality traits, and potential life events. He also practices Muhurtha, Psychic Reading. He is committed to enhance the lives of others through his multilingual abilities and his knowledge. Use Sachin as your beacon and gain clarity and velocity in your life.","A truly multilingual and astrology enthusiast Astrologer Sachin effortlessly connects with people from all walks of life. He juggles his career in a MNC Company along with his studies and interests in astrology. His extensive expertise encompasses a wide array of mystical arts and spiritual disciplines. His expertise list includes Vastu, Numerology, Prashnashastra, Parashara, Yogas, Tara Dasa Bala, Bhrigunandinadi, Nakshatranadi and Vedic Astrology. Additionally, his mastery of Crystal and Reiki Healing offers individuals a holistic approach to physical, emotional, and spiritual well-being, promoting balance and harmony. His skills in Match Making can be utilized by people seeking guidance in relationships. Furthermore, his use of Tarot cards and Numerology provides individuals with valuable insights into their life's journey, personality traits, and potential life events. He also practices Muhurtha, Psychic Reading. He is committed to enhance the lives of others through his multilingual abilities and his knowledge. Use Sachin as your beacon and gain clarity and velocity in your life.","ನಿಜವಾದ ಬಹುಭಾಷಾ ಮತ್ತು ಜ್ಯೋತಿಷ್ಯ ಉತ್ಸಾಹಿ ಜ್ಯೋತಿಷಿ ಸಚಿನ್ ಅವರು ಎಲ್ಲಾ ವರ್ಗಗಳ ಜನರೊಂದಿಗೆ ಸಲೀಸಾಗಿ ಸಂಪರ್ಕ ಸಾಧಿಸುತ್ತಾರೆ. ಅವರು ತಮ್ಮ ಅಧ್ಯಯನಗಳು ಮತ್ತು ಜ್ಯೋತಿಷ್ಯದ ಆಸಕ್ತಿಗಳ ಜೊತೆಗೆ MNC ಕಂಪನಿಯಲ್ಲಿ ತಮ್ಮ ವೃತ್ತಿಯನ್ನು ಕಣ್ಕಟ್ಟು ಮಾಡುತ್ತಾರೆ. ಅವರ ವ್ಯಾಪಕವಾದ ಪರಿಣತಿಯು ಅತೀಂದ್ರಿಯ ಕಲೆಗಳು ಮತ್ತು ಆಧ್ಯಾತ್ಮಿಕ ವಿಭಾಗಗಳ ವ್ಯಾಪಕ ಶ್ರೇಣಿಯನ್ನು ಒಳಗೊಂಡಿದೆ. ಅವರ ಪರಿಣತಿ ಪಟ್ಟಿಯಲ್ಲಿ ವಾಸ್ತು, ಸಂಖ್ಯಾಶಾಸ್ತ್ರ, ಪ್ರಶ್ನೆಶಾಸ್ತ್ರ, ಪರಾಶರ, ಯೋಗಗಳು, ತಾರಾ ದಾಸ ಬಲ, ಭೃಗುನಂದಿನಾಡಿ, ನಕ್ಷತ್ರನಾಡಿ ಮತ್ತು ವೈದಿಕ ಜ್ಯೋತಿಷ್ಯ ಸೇರಿವೆ. ಹೆಚ್ಚುವರಿಯಾಗಿ, ಕ್ರಿಸ್ಟಲ್ ಮತ್ತು ರೇಖಿ ಹೀಲಿಂಗ್‌ನ ಅವರ ಪಾಂಡಿತ್ಯವು ವ್ಯಕ್ತಿಗಳಿಗೆ ದೈಹಿಕ, ಭಾವನಾತ್ಮಕ ಮತ್ತು ಆಧ್ಯಾತ್ಮಿಕ ಯೋಗಕ್ಷೇಮಕ್ಕೆ ಸಮಗ್ರ ವಿಧಾನವನ್ನು ನೀಡುತ್ತದೆ, ಸಮತೋಲನ ಮತ್ತು ಸಾಮರಸ್ಯವನ್ನು ಉತ್ತೇಜಿಸುತ್ತದೆ. ಮ್ಯಾಚ್ ಮೇಕಿಂಗ್‌ನಲ್ಲಿ ಅವರ ಕೌಶಲ್ಯಗಳನ್ನು ಸಂಬಂಧಗಳಲ್ಲಿ ಮಾರ್ಗದರ್ಶನ ಪಡೆಯುವ ಜನರು ಬಳಸಿಕೊಳ್ಳಬಹುದು. ಇದಲ್ಲದೆ, ಅವರ ಟ್ಯಾರೋ ಕಾರ್ಡ್‌ಗಳು ಮತ್ತು ಸಂಖ್ಯಾಶಾಸ್ತ್ರದ ಬಳಕೆಯು ವ್ಯಕ್ತಿಗಳಿಗೆ ಅವರ ಜೀವನದ ಪ್ರಯಾಣ, ವ್ಯಕ್ತಿತ್ವದ ಲಕ್ಷಣಗಳು ಮತ್ತು ಸಂಭಾವ್ಯ ಜೀವನದ ಘಟನೆಗಳ ಬಗ್ಗೆ ಮೌಲ್ಯಯುತವಾದ ಒಳನೋಟಗಳನ್ನು ಒದಗಿಸುತ್ತದೆ. ಅವರು ಮುಹೂರ್ತ, ಅತೀಂದ್ರಿಯ ಓದುವಿಕೆಯನ್ನು ಸಹ ಅಭ್ಯಾಸ ಮಾಡುತ್ತಾರೆ. ಅವರು  ತನ್ನ ಬಹುಭಾಷಾ ಸಾಮರ್ಥ್ಯಗಳು ಮತ್ತು ಅವನ ಜ್ಞಾನದ ಮೂಲಕ ಇತರರ ಜೀವನವನ್ನು ಹೆಚ್ಚಿಸಲು ಬದ್ಧನಾಗಿರುತ್ತಾನೆ. ಸಚಿನ್ ಅವರನ್ನು ನಿಮ್ಮ ದಾರಿದೀಪವಾಗಿ ಬಳಸಿ ಮತ್ತು ನಿಮ್ಮ ಜೀವನದಲ್ಲಿ ಸ್ಪಷ್ಟತೆ ಮತ್ತು ವೇಗವನ್ನು ಪಡೆಯಿರಿ.","A truly multilingual and astrology enthusiast Astrologer Sachin effortlessly connects with people from all walks of life. He juggles his career in a MNC Company along with his studies and interests in astrology. His extensive expertise encompasses a wide array of mystical arts and spiritual disciplines. His expertise list includes Vastu, Numerology, Prashnashastra, Parashara, Yogas, Tara Dasa Bala, Bhrigunandinadi, Nakshatranadi and Vedic Astrology. Additionally, his mastery of Crystal and Reiki Healing offers individuals a holistic approach to physical, emotional, and spiritual well-being, promoting balance and harmony. His skills in Match Making can be utilized by people seeking guidance in relationships. Furthermore, his use of Tarot cards and Numerology provides individuals with valuable insights into their life's journey, personality traits, and potential life events. He also practices Muhurtha, Psychic Reading. He is committed to enhance the lives of others through his multilingual abilities and his knowledge. Use Sachin as your beacon and gain clarity and velocity in your life."
SACHIN G. SULIBHAVI,30,15.06.1993,MALE,8618922366,9844325679,sachin1astrolight@gmail.com,"somanath nilaya, 7th cross, vidyagiri, bagalakot-587102",310777044345,EBUPS8046F,3,1500,"Hindi, Kannada, English,Telugu, Marathi","Vedic, Nakshatranadi, Numerology, Palmistry, Crystal, Vastu",,SBI098989887,SBI,SBIM67878,XYZZZZ,SachinG,SachinG,SachinG,SachinG,ಸಚಿನ್ ಜಿ,SachinG,"Our multilingual and dynamic Astrologer Sachin has a dedicated following of 1500 consultations. He is empathetic and will be an excellent guide for individuals seeking profound insights into their lives. An Engineer by profession he has a strong passion for mastering Astrology. His extensive expertise encompasses a diverse range of mystical arts, including Vastu, Match Making, Numerology, Watch Technique, Panchapakshi, Ashtak Varga, and Vedic Astrology. The Watch Technique, an intricate astrological system, helps individuals gain insights into various aspects of their lives through the movement of celestial bodies. he can predict cosmic influences using his expertise in Bhrigunandinadi, Nakshatranadi, Prashnashastra, Parashara, Yogas. He employs Cowries Shashtra, Beetle leaf techniques for instant prediction of present, past and future events. He is an expert in Face Reading and Crystal Healing techniques. He also practices Jaimini, Face Reading, Muhurtha. If you are looking for clarity, Sachin can provide guidance based on your astro elements.","Our multilingual and dynamic Astrologer Sachin has a dedicated following of 1500 consultations. He is empathetic and will be an excellent guide for individuals seeking profound insights into their lives. An Engineer by profession he has a strong passion for mastering Astrology. His extensive expertise encompasses a diverse range of mystical arts, including Vastu, Match Making, Numerology, Watch Technique, Panchapakshi, Ashtak Varga, and Vedic Astrology. The Watch Technique, an intricate astrological system, helps individuals gain insights into various aspects of their lives through the movement of celestial bodies. he can predict cosmic influences using his expertise in Bhrigunandinadi, Nakshatranadi, Prashnashastra, Parashara, Yogas. He employs Cowries Shashtra, Beetle leaf techniques for instant prediction of present, past and future events. He is an expert in Face Reading and Crystal Healing techniques. He also practices Jaimini, Face Reading, Muhurtha. If you are looking for clarity, Sachin can provide guidance based on your astro elements.","Our multilingual and dynamic Astrologer Sachin has a dedicated following of 1500 consultations. He is empathetic and will be an excellent guide for individuals seeking profound insights into their lives. An Engineer by profession he has a strong passion for mastering Astrology. His extensive expertise encompasses a diverse range of mystical arts, including Vastu, Match Making, Numerology, Watch Technique, Panchapakshi, Ashtak Varga, and Vedic Astrology. The Watch Technique, an intricate astrological system, helps individuals gain insights into various aspects of their lives through the movement of celestial bodies. he can predict cosmic influences using his expertise in Bhrigunandinadi, Nakshatranadi, Prashnashastra, Parashara, Yogas. He employs Cowries Shashtra, Beetle leaf techniques for instant prediction of present, past and future events. He is an expert in Face Reading and Crystal Healing techniques. He also practices Jaimini, Face Reading, Muhurtha. If you are looking for clarity, Sachin can provide guidance based on your astro elements.","Our multilingual and dynamic Astrologer Sachin has a dedicated following of 1500 consultations. He is empathetic and will be an excellent guide for individuals seeking profound insights into their lives. An Engineer by profession he has a strong passion for mastering Astrology. His extensive expertise encompasses a diverse range of mystical arts, including Vastu, Match Making, Numerology, Watch Technique, Panchapakshi, Ashtak Varga, and Vedic Astrology. The Watch Technique, an intricate astrological system, helps individuals gain insights into various aspects of their lives through the movement of celestial bodies. he can predict cosmic influences using his expertise in Bhrigunandinadi, Nakshatranadi, Prashnashastra, Parashara, Yogas. He employs Cowries Shashtra, Beetle leaf techniques for instant prediction of present, past and future events. He is an expert in Face Reading and Crystal Healing techniques. He also practices Jaimini, Face Reading, Muhurtha. If you are looking for clarity, Sachin can provide guidance based on your astro elements.","ನಮ್ಮ ಬಹುಭಾಷಾ ಮತ್ತು ಕ್ರಿಯಾತ್ಮಕ ಜ್ಯೋತಿಷಿ ಸಚಿನ್ ಜಿ ಅವರು 1500 ಸಮಾಲೋಚನೆಗಳನ್ನು ಮೀಸಲಿಟ್ಟಿದ್ದಾರೆ. ಅವರು ಪರಾನುಭೂತಿ ಹೊಂದಿದ್ದಾರೆ ಮತ್ತು ಅವರ ಜೀವನದಲ್ಲಿ ಆಳವಾದ ಒಳನೋಟಗಳನ್ನು ಬಯಸುವ ವ್ಯಕ್ತಿಗಳಿಗೆ ಅತ್ಯುತ್ತಮ ಮಾರ್ಗದರ್ಶಿಯಾಗಿರುತ್ತಾರೆ. ವೃತ್ತಿಯಲ್ಲಿ ಇಂಜಿನಿಯರ್ ಆಗಿರುವ ಅವರು ಜ್ಯೋತಿಷ್ಯವನ್ನು ಕರಗತ ಮಾಡಿಕೊಳ್ಳಲು ಬಲವಾದ ಉತ್ಸಾಹವನ್ನು ಹೊಂದಿದ್ದಾರೆ. ಅವರ ವ್ಯಾಪಕ ಪರಿಣತಿಯು ವಾಸ್ತು, ಹೊಂದಾಣಿಕೆ ತಯಾರಿಕೆ, ಸಂಖ್ಯಾಶಾಸ್ತ್ರ, ವಾಚ್ ಟೆಕ್ನಿಕ್, ಪಂಚಪಕ್ಷಿ, ಅಷ್ಟಕ ವರ್ಗ ಮತ್ತು ವೈದಿಕ ಜ್ಯೋತಿಷ್ಯ ಸೇರಿದಂತೆ ವಿವಿಧ ರೀತಿಯ ಅತೀಂದ್ರಿಯ ಕಲೆಗಳನ್ನು ಒಳಗೊಂಡಿದೆ. ವಾಚ್ ಟೆಕ್ನಿಕ್, ಸಂಕೀರ್ಣವಾದ ಜ್ಯೋತಿಷ್ಯ ವ್ಯವಸ್ಥೆ, ಆಕಾಶಕಾಯಗಳ ಚಲನೆಯ ಮೂಲಕ ವ್ಯಕ್ತಿಗಳು ತಮ್ಮ ಜೀವನದ ವಿವಿಧ ಅಂಶಗಳ ಒಳನೋಟಗಳನ್ನು ಪಡೆಯಲು ಸಹಾಯ ಮಾಡುತ್ತದೆ. ಅವರು ಭೃಗುನಂದಿನಾಡಿ, ನಕ್ಷತ್ರನಾಡಿ, ಪ್ರಶ್ನೆಶಾಸ್ತ್ರ, ಪರಾಶರ, ಯೋಗಗಳಲ್ಲಿ ತಮ್ಮ ಪರಿಣತಿಯನ್ನು ಬಳಸಿಕೊಂಡು ಕಾಸ್ಮಿಕ್ ಪ್ರಭಾವಗಳನ್ನು ಊಹಿಸಬಹುದು. ಅವರು ಪ್ರಸ್ತುತ, ಹಿಂದಿನ ಮತ್ತು ಭವಿಷ್ಯದ ಘಟನೆಗಳ ತ್ವರಿತ ಭವಿಷ್ಯಕ್ಕಾಗಿ ಕೌರೀಸ್ ಶಾಸ್ತ್ರ, ಬೀಟಲ್ ಲೀಫ್ ತಂತ್ರಗಳನ್ನು ಬಳಸುತ್ತಾರೆ. ಅವರು ಫೇಸ್ ರೀಡಿಂಗ್ ಮತ್ತು ಕ್ರಿಸ್ಟಲ್ ಹೀಲಿಂಗ್ ತಂತ್ರಗಳಲ್ಲಿ ಪರಿಣತರಾಗಿದ್ದಾರೆ. ಜೈಮಿನಿ, ಮುಖ ವಾಚನ, ಮುಹೂರ್ತವನ್ನೂ ಅಭ್ಯಾಸ ಮಾಡುತ್ತಾರೆ. ನೀವು ಸ್ಪಷ್ಟತೆಗಾಗಿ ಹುಡುಕುತ್ತಿದ್ದರೆ, ನಿಮ್ಮ ಆಸ್ಟ್ರೋ ಅಂಶಗಳ ಆಧಾರದ ಮೇಲೆ ಸಚಿನ್ ಜಿ ಮಾರ್ಗದರ್ಶನವನ್ನು ನೀಡಬಹುದು.","Our multilingual and dynamic Astrologer Sachin has a dedicated following of 1500 consultations. He is empathetic and will be an excellent guide for individuals seeking profound insights into their lives. An Engineer by profession he has a strong passion for mastering Astrology. His extensive expertise encompasses a diverse range of mystical arts, including Vastu, Match Making, Numerology, Watch Technique, Panchapakshi, Ashtak Varga, and Vedic Astrology. The Watch Technique, an intricate astrological system, helps individuals gain insights into various aspects of their lives through the movement of celestial bodies. he can predict cosmic influences using his expertise in Bhrigunandinadi, Nakshatranadi, Prashnashastra, Parashara, Yogas. He employs Cowries Shashtra, Beetle leaf techniques for instant prediction of present, past and future events. He is an expert in Face Reading and Crystal Healing techniques. He also practices Jaimini, Face Reading, Muhurtha. If you are looking for clarity, Sachin can provide guidance based on your astro elements."
SAHANA SHIVABASAPPA YARESHIMI,24,05.11.1998,FEMALE,9110632321,8762194688,sahanasy2016@gmail.com,"D/O  shivabasappa yareshimi, hattirageri oni, haveri-581110,",612426713558,BLSPY0145A,1,50,"Hindi, Kannada, English",Nakshatranadi ,,SBI098989887,SBI,SBIM67878,XYZZZZ,SahanaS,SahanaS,SahanaS,SahanaS,ಸಹನಾ ಎಸ್,SahanaS,"Our dynamic and young Astrologer Sahana is a explempary of youngsters who are taking a liking and respect for sciences like Astrology which has its root in India. She juggles her learning and research in Astrology along with pursuing her M.Tech in Environmental Engineering. She has strong basics in Nakshatranadi and several consultations to her credit. With her remarkable proficiency in Nakshatranadi and her dedication to helping individuals navigate life's challenges and opportunities, Astrologer Sahana is a beacon of wisdom and guidance. She is pursuing her higher degree in Astrology and will proceed for Doctorate in future. Consult Sahana for a refreshing persepctive on life, gaining momentum and achieving every goal in life. ","Our dynamic and young Astrologer Sahana is a explempary of youngsters who are taking a liking and respect for sciences like Astrology which has its root in India. She juggles her learning and research in Astrology along with pursuing her M.Tech in Environmental Engineering. She has strong basics in Nakshatranadi and several consultations to her credit. With her remarkable proficiency in Nakshatranadi and her dedication to helping individuals navigate life's challenges and opportunities, Astrologer Sahana is a beacon of wisdom and guidance. She is pursuing her higher degree in Astrology and will proceed for Doctorate in future. Consult Sahana for a refreshing persepctive on life, gaining momentum and achieving every goal in life. ","Our dynamic and young Astrologer Sahana is a explempary of youngsters who are taking a liking and respect for sciences like Astrology which has its root in India. She juggles her learning and research in Astrology along with pursuing her M.Tech in Environmental Engineering. She has strong basics in Nakshatranadi and several consultations to her credit. With her remarkable proficiency in Nakshatranadi and her dedication to helping individuals navigate life's challenges and opportunities, Astrologer Sahana is a beacon of wisdom and guidance. She is pursuing her higher degree in Astrology and will proceed for Doctorate in future. Consult Sahana for a refreshing persepctive on life, gaining momentum and achieving every goal in life. ","Our dynamic and young Astrologer Sahana is a explempary of youngsters who are taking a liking and respect for sciences like Astrology which has its root in India. She juggles her learning and research in Astrology along with pursuing her M.Tech in Environmental Engineering. She has strong basics in Nakshatranadi and several consultations to her credit. With her remarkable proficiency in Nakshatranadi and her dedication to helping individuals navigate life's challenges and opportunities, Astrologer Sahana is a beacon of wisdom and guidance. She is pursuing her higher degree in Astrology and will proceed for Doctorate in future. Consult Sahana for a refreshing persepctive on life, gaining momentum and achieving every goal in life. ","ನಮ್ಮ ಕ್ರಿಯಾಶೀಲ ಮತ್ತು ಯುವ ಜ್ಯೋತಿಷಿ ಸಹನಾ ಅವರು ಭಾರತದಲ್ಲಿ ತನ್ನ ಮೂಲವನ್ನು ಹೊಂದಿರುವ ಜ್ಯೋತಿಷ್ಯದಂತಹ ವಿಜ್ಞಾನಗಳ ಬಗ್ಗೆ ಒಲವು ಮತ್ತು ಗೌರವವನ್ನು ತೆಗೆದುಕೊಳ್ಳುತ್ತಿರುವ ಯುವಜನರಿಗೆ ಮಾದರಿಯಾಗಿದ್ದಾರೆ.ಅವರು  ತನ್ನ ಎಂ.ಟೆಕ್ ಅನ್ನು ಎನ್ವಿರಾನ್ಮೆಂಟಲ್ ಎಂಜಿನಿಯರಿಂಗ್‌ನಲ್ಲಿ ಮುಂದುವರಿಸುವುದರ ಜೊತೆಗೆ ಜ್ಯೋತಿಷ್ಯದಲ್ಲಿ ತನ್ನ ಕಲಿಕೆ ಮತ್ತು ಸಂಶೋಧನೆಯನ್ನು ಕಣ್ಕಟ್ಟು ಮಾಡುತ್ತಾಳೆ. ಅವರು ನಕ್ಷತ್ರನಾಡಿಯಲ್ಲಿ ಬಲವಾದ ಮೂಲಭೂತ ಅಂಶಗಳನ್ನು ಹೊಂದಿದ್ದಾರೆ ಮತ್ತು ಅವರ ಕ್ರೆಡಿಟ್ಗೆ ಹಲವಾರು ಸಮಾಲೋಚನೆಗಳನ್ನು ಹೊಂದಿದ್ದಾರೆ. ನಕ್ಷತ್ರನಾಡಿಯಲ್ಲಿ ಅವರ ಗಮನಾರ್ಹ ಪ್ರಾವೀಣ್ಯತೆ ಮತ್ತು ಜೀವನದ ಸವಾಲುಗಳು ಮತ್ತು ಅವಕಾಶಗಳನ್ನು ನ್ಯಾವಿಗೇಟ್ ಮಾಡಲು ವ್ಯಕ್ತಿಗಳಿಗೆ ಸಹಾಯ ಮಾಡುವ ಅವರ ಸಮರ್ಪಣೆಯೊಂದಿಗೆ, ಜ್ಯೋತಿಷಿ ಸಹನಾ ಅವರು ಬುದ್ಧಿವಂತಿಕೆ ಮತ್ತು ಮಾರ್ಗದರ್ಶನದ ದಾರಿದೀಪವಾಗಿದ್ದಾರೆ. ಅವರು ಜ್ಯೋತಿಷ್ಯದಲ್ಲಿ ಉನ್ನತ ಪದವಿಯನ್ನು ಪಡೆಯುತ್ತಿದ್ದಾರೆ ಮತ್ತು ಭವಿಷ್ಯದಲ್ಲಿ ಡಾಕ್ಟರೇಟ್‌ಗಾಗಿ ಮುಂದುವರಿಯುತ್ತಾರೆ. ಜೀವನದ ಮೇಲೆ ಉಲ್ಲಾಸಕರ ದೃಷ್ಟಿಕೋನಕ್ಕಾಗಿ ಸಹನಾ ಅವರನ್ನು ಸಂಪರ್ಕಿಸಿ, ವೇಗವನ್ನು ಪಡೆಯುವುದು ಮತ್ತು ಜೀವನದಲ್ಲಿ ಪ್ರತಿಯೊಂದು ಗುರಿಯನ್ನು ಸಾಧಿಸುವುದು.","Our dynamic and young Astrologer Sahana is a explempary of youngsters who are taking a liking and respect for sciences like Astrology which has its root in India. She juggles her learning and research in Astrology along with pursuing her M.Tech in Environmental Engineering. She has strong basics in Nakshatranadi and several consultations to her credit. With her remarkable proficiency in Nakshatranadi and her dedication to helping individuals navigate life's challenges and opportunities, Astrologer Sahana is a beacon of wisdom and guidance. She is pursuing her higher degree in Astrology and will proceed for Doctorate in future. Consult Sahana for a refreshing persepctive on life, gaining momentum and achieving every goal in life. "
SANGEETHA RAMESH KULKARNI,61,26.03.1962,FEMALE,7304234246,9930817045,sangeetha.kulkarni2412@gmail.com,"C-215, blue jewel CHS, pendse nagar, Near andra bank, Thane(D), kalyan(T), dombivli, Maharashtra-421201.",790815437596,BWCPK1371F,4,450,"Hindi, Kannada, English, Marathi","Vedic, Nakshatranadi, Numerology, Tarot, Crystal",,SBI098989887,SBI,SBIM67878,XYZZZZ,Sangeeta R,Sangeeta R,Sangeeta R,Sangeeta R,ಸಂಗೀತಾ ಆರ್,Sangeeta R,"Introducing our remarkable Astrologer Sangeeta, who possesses the unique gift of multilingual fluency, enabling her to bridge the gap between diverse cultures and connect with a global clientele. What truly sets her apart is her extensive network of over 450 consultants.Sangeeta's expertise spans a wide spectrum of astrological traditions, including the profound Vedic Astrology, Nakshatranadi, Brigunandi Nadi, Prashnashastra, Parashara, Tara Dasa Bala, Cowries Shashtra  systems, which offer profound revelations about life paths and destinies. Her mastery of Numerology unveils the intricate numerical codes that shape our existence. She herself is a retierd employee. She delves into the ancient practice of Agnihotra and Mundane Astrology, deciphering the cosmic forces influencing global events. Her proficiency in Jamini astrology provides a unique perspective on individual charts, while her Chakra Healing abilities offer a holistic approach to spiritual and physical well-being. She also uses Tarot Cards and she also practices crystal, Match making, Muhurtha.  to help her clients make quick and right decisions in life. Consult Sangeeta, if you want to embark on a journey of self-discovery and enlightenment.","Introducing our remarkable Astrologer Sangeeta, who possesses the unique gift of multilingual fluency, enabling her to bridge the gap between diverse cultures and connect with a global clientele. What truly sets her apart is her extensive network of over 450 consultants.Sangeeta's expertise spans a wide spectrum of astrological traditions, including the profound Vedic Astrology, Nakshatranadi, Brigunandi Nadi, Prashnashastra, Parashara, Tara Dasa Bala, Cowries Shashtra  systems, which offer profound revelations about life paths and destinies. Her mastery of Numerology unveils the intricate numerical codes that shape our existence. She herself is a retierd employee. She delves into the ancient practice of Agnihotra and Mundane Astrology, deciphering the cosmic forces influencing global events. Her proficiency in Jamini astrology provides a unique perspective on individual charts, while her Chakra Healing abilities offer a holistic approach to spiritual and physical well-being. She also uses Tarot Cards and she also practices crystal, Match making, Muhurtha.  to help her clients make quick and right decisions in life. Consult Sangeeta, if you want to embark on a journey of self-discovery and enlightenment.","Introducing our remarkable Astrologer Sangeeta, who possesses the unique gift of multilingual fluency, enabling her to bridge the gap between diverse cultures and connect with a global clientele. What truly sets her apart is her extensive network of over 450 consultants.Sangeeta's expertise spans a wide spectrum of astrological traditions, including the profound Vedic Astrology, Nakshatranadi, Brigunandi Nadi, Prashnashastra, Parashara, Tara Dasa Bala, Cowries Shashtra  systems, which offer profound revelations about life paths and destinies. Her mastery of Numerology unveils the intricate numerical codes that shape our existence. She herself is a retierd employee. She delves into the ancient practice of Agnihotra and Mundane Astrology, deciphering the cosmic forces influencing global events. Her proficiency in Jamini astrology provides a unique perspective on individual charts, while her Chakra Healing abilities offer a holistic approach to spiritual and physical well-being. She also uses Tarot Cards and she also practices crystal, Match making, Muhurtha.  to help her clients make quick and right decisions in life. Consult Sangeeta, if you want to embark on a journey of self-discovery and enlightenment.","Introducing our remarkable Astrologer Sangeeta, who possesses the unique gift of multilingual fluency, enabling her to bridge the gap between diverse cultures and connect with a global clientele. What truly sets her apart is her extensive network of over 450 consultants.Sangeeta's expertise spans a wide spectrum of astrological traditions, including the profound Vedic Astrology, Nakshatranadi, Brigunandi Nadi, Prashnashastra, Parashara, Tara Dasa Bala, Cowries Shashtra  systems, which offer profound revelations about life paths and destinies. Her mastery of Numerology unveils the intricate numerical codes that shape our existence. She herself is a retierd employee. She delves into the ancient practice of Agnihotra and Mundane Astrology, deciphering the cosmic forces influencing global events. Her proficiency in Jamini astrology provides a unique perspective on individual charts, while her Chakra Healing abilities offer a holistic approach to spiritual and physical well-being. She also uses Tarot Cards and she also practices crystal, Match making, Muhurtha.  to help her clients make quick and right decisions in life. Consult Sangeeta, if you want to embark on a journey of self-discovery and enlightenment.","ಬಹುಭಾಷಾ ನಿರರ್ಗಳತೆಯ ಅನನ್ಯ ಕೊಡುಗೆಯನ್ನು ಹೊಂದಿರುವ ನಮ್ಮ ಗಮನಾರ್ಹ ಜ್ಯೋತಿಷಿ ಸಂಗೀತಾ ಅವರನ್ನು ಪರಿಚಯಿಸುತ್ತಿದ್ದೇವೆ, ಅವರು ವೈವಿಧ್ಯಮಯ ಸಂಸ್ಕೃತಿಗಳ ನಡುವಿನ ಅಂತರವನ್ನು ಕಡಿಮೆ ಮಾಡಲು ಮತ್ತು ಜಾಗತಿಕ ಗ್ರಾಹಕರೊಂದಿಗೆ ಸಂಪರ್ಕ ಸಾಧಿಸಲು ಅನುವು ಮಾಡಿಕೊಡುತ್ತದೆ. 450 ಕ್ಕೂ ಹೆಚ್ಚು ಸಲಹೆಗಾರರ ​​​​ವಿಸ್ತೃತ ನೆಟ್‌ವರ್ಕ್ ಅವಳನ್ನು ನಿಜವಾಗಿಯೂ ಪ್ರತ್ಯೇಕಿಸುತ್ತದೆ. ಸಂಗೀತಾ ಅವರ ಪರಿಣತಿಯು ಆಳವಾದ ವೈದಿಕ ಜ್ಯೋತಿಷ್ಯ, ನಕ್ಷತ್ರನಾಡಿ, ಬೃಗುನಂದಿ ನಾಡಿ, ಪ್ರಶ್ನೆಶಾಸ್ತ್ರ, ಪರಾಶರ, ತಾರಾ ದಾಸ ಬಲ, ಕೌರೀಸ್ ಶಾಸ್ತ್ರದ ವ್ಯವಸ್ಥೆಗಳನ್ನು ಒಳಗೊಂಡಂತೆ ಜ್ಯೋತಿಷ್ಯ ಸಂಪ್ರದಾಯಗಳ ವ್ಯಾಪಕ ಶ್ರೇಣಿಯನ್ನು ವ್ಯಾಪಿಸಿದೆ. ಜೀವನ ಮಾರ್ಗಗಳು ಮತ್ತು ವಿಧಿಗಳ ಬಗ್ಗೆ ಬಹಿರಂಗಪಡಿಸುವಿಕೆ. ಅವಳ ಸಂಖ್ಯಾಶಾಸ್ತ್ರದ ಪಾಂಡಿತ್ಯವು ನಮ್ಮ ಅಸ್ತಿತ್ವವನ್ನು ರೂಪಿಸುವ ಸಂಕೀರ್ಣವಾದ ಸಂಖ್ಯಾತ್ಮಕ ಸಂಕೇತಗಳನ್ನು ಅನಾವರಣಗೊಳಿಸುತ್ತದೆ. ಆಕೆಯೇ ನಿವೃತ್ತ ಉದ್ಯೋಗಿ.ಅವರು  ಅಗ್ನಿಹೋತ್ರ ಮತ್ತು ಪ್ರಾಪಂಚಿಕ ಜ್ಯೋತಿಷ್ಯದ ಪ್ರಾಚೀನ ಅಭ್ಯಾಸವನ್ನು ಪರಿಶೀಲಿಸುತ್ತಾಳೆ, ಜಾಗತಿಕ ಘಟನೆಗಳ ಮೇಲೆ ಪ್ರಭಾವ ಬೀರುವ ಕಾಸ್ಮಿಕ್ ಶಕ್ತಿಗಳನ್ನು ಅರ್ಥೈಸುತ್ತಾಳೆ. ಜಾಮಿನಿ ಜ್ಯೋತಿಷ್ಯದಲ್ಲಿ ಅವರ ಪ್ರಾವೀಣ್ಯತೆಯು ವೈಯಕ್ತಿಕ ಚಾರ್ಟ್‌ಗಳಲ್ಲಿ ವಿಶಿಷ್ಟವಾದ ದೃಷ್ಟಿಕೋನವನ್ನು ಒದಗಿಸುತ್ತದೆ, ಆದರೆ ಅವರ ಚಕ್ರ ಹೀಲಿಂಗ್ ಸಾಮರ್ಥ್ಯಗಳು ಆಧ್ಯಾತ್ಮಿಕ ಮತ್ತು ದೈಹಿಕ ಯೋಗಕ್ಷೇಮಕ್ಕೆ ಸಮಗ್ರ ವಿಧಾನವನ್ನು ನೀಡುತ್ತವೆ.ಅವರು  ಟ್ಯಾರೋ ಕಾರ್ಡ್‌ಗಳನ್ನು ಸಹ ಬಳಸುತ್ತಾಳೆ ಮತ್ತುಅವರು  ಸ್ಫಟಿಕ, ಮ್ಯಾಚ್ ಮೇಕಿಂಗ್, ಮುಹೂರ್ತವನ್ನು ಸಹ ಅಭ್ಯಾಸ ಮಾಡುತ್ತಾಳೆ. ತನ್ನ ಗ್ರಾಹಕರಿಗೆ ಜೀವನದಲ್ಲಿ ತ್ವರಿತ ಮತ್ತು ಸರಿಯಾದ ನಿರ್ಧಾರಗಳನ್ನು ಮಾಡಲು ಸಹಾಯ ಮಾಡಲು. ನೀವು ಸ್ವಯಂ ಅನ್ವೇಷಣೆ ಮತ್ತು ಜ್ಞಾನೋದಯದ ಪ್ರಯಾಣವನ್ನು ಪ್ರಾರಂಭಿಸಲು ಬಯಸಿದರೆ, ಸಂಗೀತಾ ಅನ್ನು ಸಂಪರ್ಕಿಸಿ.","Introducing our remarkable Astrologer Sangeeta, who possesses the unique gift of multilingual fluency, enabling her to bridge the gap between diverse cultures and connect with a global clientele. What truly sets her apart is her extensive network of over 450 consultants.Sangeeta's expertise spans a wide spectrum of astrological traditions, including the profound Vedic Astrology, Nakshatranadi, Brigunandi Nadi, Prashnashastra, Parashara, Tara Dasa Bala, Cowries Shashtra  systems, which offer profound revelations about life paths and destinies. Her mastery of Numerology unveils the intricate numerical codes that shape our existence. She herself is a retierd employee. She delves into the ancient practice of Agnihotra and Mundane Astrology, deciphering the cosmic forces influencing global events. Her proficiency in Jamini astrology provides a unique perspective on individual charts, while her Chakra Healing abilities offer a holistic approach to spiritual and physical well-being. She also uses Tarot Cards and she also practices crystal, Match making, Muhurtha.  to help her clients make quick and right decisions in life. Consult Sangeeta, if you want to embark on a journey of self-discovery and enlightenment."
SANJAY N.,27,05.08.1996,MALE,7406282438,,sanjaynsanju1996@gmail.com,"#3614/1, 15th cross, nageshwara layout, nanjanagud,mysore- 571301",363785508854,BAQPN6072E,2,500,"Hindi, Kannada, English, Tamil, Telugu","Vedic, Nakshatranadi",,SBI098989887,SBI,SBIM67878,XYZZZZ,SanjayN,SanjayN,SanjayN,SanjayN,ಸಂಜಯ್‌ ಎನ್,SanjayN,"Our young and dynamic Astrologer Sanjay is an exceptional multilinguist and has 500+ consultations to his credit. He is engineer by profession. His adherence to Parashara principles, a foundational pillar of Vedic Astrology, ensures that his guidance is rooted in the wisdom of ancient astrological traditions. His proficiency in Nakshatranadi, Tara Dasa Bala, Prashnashastra, Yogas etc. helps his clients ensure success and harmony in life. Match Making and Muhurat are other areas of his specialization, he guides clients using these on matters of relationship and take informed decisions on life. You will be fulfilled, enlighted after a consultation with him. Sanjay is dedicated to helping others prosper in life. ","Our young and dynamic Astrologer Sanjay is an exceptional multilinguist and has 500+ consultations to his credit. He is engineer by profession. His adherence to Parashara principles, a foundational pillar of Vedic Astrology, ensures that his guidance is rooted in the wisdom of ancient astrological traditions. His proficiency in Nakshatranadi, Tara Dasa Bala, Prashnashastra, Yogas etc. helps his clients ensure success and harmony in life. Match Making and Muhurat are other areas of his specialization, he guides clients using these on matters of relationship and take informed decisions on life. You will be fulfilled, enlighted after a consultation with him. Sanjay is dedicated to helping others prosper in life. ","Our young and dynamic Astrologer Sanjay is an exceptional multilinguist and has 500+ consultations to his credit. He is engineer by profession. His adherence to Parashara principles, a foundational pillar of Vedic Astrology, ensures that his guidance is rooted in the wisdom of ancient astrological traditions. His proficiency in Nakshatranadi, Tara Dasa Bala, Prashnashastra, Yogas etc. helps his clients ensure success and harmony in life. Match Making and Muhurat are other areas of his specialization, he guides clients using these on matters of relationship and take informed decisions on life. You will be fulfilled, enlighted after a consultation with him. Sanjay is dedicated to helping others prosper in life. ","Our young and dynamic Astrologer Sanjay is an exceptional multilinguist and has 500+ consultations to his credit. He is engineer by profession. His adherence to Parashara principles, a foundational pillar of Vedic Astrology, ensures that his guidance is rooted in the wisdom of ancient astrological traditions. His proficiency in Nakshatranadi, Tara Dasa Bala, Prashnashastra, Yogas etc. helps his clients ensure success and harmony in life. Match Making and Muhurat are other areas of his specialization, he guides clients using these on matters of relationship and take informed decisions on life. You will be fulfilled, enlighted after a consultation with him. Sanjay is dedicated to helping others prosper in life. ","ನಮ್ಮ ಯುವ ಮತ್ತು ಕ್ರಿಯಾಶೀಲ ಜ್ಯೋತಿಷಿ ಸಂಜಯ್‌ ಅಸಾಧಾರಣ ಬಹುಭಾಷಾ ತಜ್ಞ ಮತ್ತು 500+ ಸಮಾಲೋಚನೆಗಳನ್ನು ಹೊಂದಿದ್ದಾರೆ. ಅವರು ವೃತ್ತಿಯಲ್ಲಿ ಇಂಜಿನಿಯರ್. ವೈದಿಕ ಜ್ಯೋತಿಷ್ಯದ ಆಧಾರ ಸ್ತಂಭವಾದ ಪರಾಶರ ತತ್ವಗಳಿಗೆ ಅವರ ಅನುಸರಣೆ, ಅವರ ಮಾರ್ಗದರ್ಶನವು ಪ್ರಾಚೀನ ಜ್ಯೋತಿಷ್ಯ ಸಂಪ್ರದಾಯಗಳ ಬುದ್ಧಿವಂತಿಕೆಯಲ್ಲಿ ಬೇರೂರಿದೆ ಎಂದು ಖಚಿತಪಡಿಸುತ್ತದೆ. ನಕ್ಷತ್ರನಾಡಿ, ತಾರಾ ದಾಸ ಬಲ, ಪ್ರಶ್ನೆಶಾಸ್ತ್ರ, ಯೋಗಗಳು ಇತ್ಯಾದಿಗಳಲ್ಲಿ ಅವರ ಪ್ರಾವೀಣ್ಯತೆಯು ಅವರ ಗ್ರಾಹಕರಿಗೆ ಜೀವನದಲ್ಲಿ ಯಶಸ್ಸು ಮತ್ತು ಸಾಮರಸ್ಯವನ್ನು ಖಚಿತಪಡಿಸಿಕೊಳ್ಳಲು ಸಹಾಯ ಮಾಡುತ್ತದೆ. ಮ್ಯಾಚ್ ಮೇಕಿಂಗ್ ಮತ್ತು ಮುಹೂರ್ತವು ಅವರ ವಿಶೇಷತೆಯ ಇತರ ಕ್ಷೇತ್ರಗಳಾಗಿವೆ, ಅವರು ಸಂಬಂಧದ ವಿಷಯಗಳಲ್ಲಿ ಗ್ರಾಹಕರಿಗೆ ಇವುಗಳನ್ನು ಬಳಸಿಕೊಂಡು ಮಾರ್ಗದರ್ಶನ ನೀಡುತ್ತಾರೆ ಮತ್ತು ಜೀವನದ ಬಗ್ಗೆ ತಿಳುವಳಿಕೆಯುಳ್ಳ ನಿರ್ಧಾರಗಳನ್ನು ತೆಗೆದುಕೊಳ್ಳುತ್ತಾರೆ. ಅವನೊಂದಿಗೆ ಸಮಾಲೋಚಿಸಿದ ನಂತರ ನೀವು ಪೂರ್ಣಗೊಳ್ಳುವಿರಿ, ಪ್ರಬುದ್ಧರಾಗುತ್ತೀರಿ. ಸಂಜಯ್‌ ಇತರರ ಜೀವನದಲ್ಲಿ ಏಳಿಗೆಗೆ ಸಹಾಯ ಮಾಡಲು ಸಮರ್ಪಿತರಾಗಿದ್ದಾರೆ.","Our young and dynamic Astrologer Sanjay is an exceptional multilinguist and has 500+ consultations to his credit. He is engineer by profession. His adherence to Parashara principles, a foundational pillar of Vedic Astrology, ensures that his guidance is rooted in the wisdom of ancient astrological traditions. His proficiency in Nakshatranadi, Tara Dasa Bala, Prashnashastra, Yogas etc. helps his clients ensure success and harmony in life. Match Making and Muhurat are other areas of his specialization, he guides clients using these on matters of relationship and take informed decisions on life. You will be fulfilled, enlighted after a consultation with him. Sanjay is dedicated to helping others prosper in life. "
